# WaveFront *.obj file (generated by Cinema 4D)

mtllib ./entityCreatorOne_0072.mtl

v -0.535367 -0.055590 -0.209325
v -0.529296 -0.041731 -0.209607
v -0.528102 -0.058707 -0.201222
v -0.499497 -0.028234 -0.162748
v -0.517797 -0.015809 -0.155764
v -0.515395 -0.015464 -0.156218
v -0.500063 -0.025494 -0.161393
v -0.527327 -0.052107 -0.213890
v -0.535417 -0.053402 -0.205115
v -0.533685 -0.056341 -0.203919
v -0.533700 -0.057455 -0.208740
v -0.534864 -0.053617 -0.211177
v -0.535472 -0.050271 -0.207272
v -0.532855 -0.056205 -0.212311
v -0.531668 -0.043760 -0.210052
v -0.530803 -0.047192 -0.213125
v -0.527769 -0.043948 -0.211327
v -0.527439 -0.038256 -0.205081
v -0.530609 -0.039083 -0.203847
v -0.524394 -0.039653 -0.205782
v -0.530813 -0.058167 -0.202337
v -0.529054 -0.055375 -0.195878
v -0.525640 -0.056329 -0.195795
v -0.526954 -0.058411 -0.203698
v -0.530674 -0.058826 -0.207226
v -0.522864 -0.055973 -0.197905
v -0.501160 -0.031163 -0.167868
v -0.502058 -0.032962 -0.166145
v -0.499797 -0.029081 -0.161279
v -0.499336 -0.026280 -0.159158
v -0.502191 -0.027823 -0.168268
v -0.519388 -0.018014 -0.158488
v -0.518817 -0.016330 -0.159316
v -0.517471 -0.015344 -0.156426
v -0.515938 -0.017085 -0.155426
v -0.517874 -0.019911 -0.157488
v -0.516265 -0.016331 -0.160290
v -0.512288 -0.017122 -0.160848
v -0.511636 -0.017210 -0.156617
v -0.512453 -0.018845 -0.155178
v -0.503334 -0.022154 -0.161543
v -0.505136 -0.024484 -0.168840
v -0.500482 -0.023763 -0.157860
v -0.503001 -0.021926 -0.157458
v -0.500560 -0.025504 -0.157451
v -0.529014 -0.050288 -0.214563
v -0.531227 -0.053381 -0.214150
v -0.528332 -0.054768 -0.213246
v -0.524284 -0.050228 -0.211190
v -0.525738 -0.046881 -0.211652
v -0.524382 -0.053566 -0.209348
v -0.519541 -0.050577 -0.203197
v -0.519832 -0.046555 -0.204917
v -0.529608 -0.057316 -0.210603
v -0.525479 -0.056657 -0.206957
v -0.520685 -0.053828 -0.200408
v -0.515480 -0.049488 -0.192236
v -0.514284 -0.045992 -0.194558
v -0.518159 -0.051445 -0.189585
v -0.513206 -0.045822 -0.180610
v -0.510330 -0.043924 -0.182743
v -0.521784 -0.051872 -0.187961
v -0.517282 -0.045782 -0.178734
v -0.512723 -0.039342 -0.170160
v -0.508578 -0.039498 -0.171635
v -0.525826 -0.050382 -0.187234
v -0.521743 -0.044277 -0.178153
v -0.517418 -0.037356 -0.169212
v -0.513369 -0.031016 -0.162150
v -0.508733 -0.032851 -0.162826
v -0.525742 -0.041101 -0.178323
v -0.521639 -0.034497 -0.169512
v -0.517751 -0.027920 -0.161988
v -0.514528 -0.022820 -0.157225
v -0.510164 -0.025288 -0.157253
v -0.524577 -0.030654 -0.170370
v -0.520870 -0.024897 -0.162865
v -0.525575 -0.027278 -0.172170
v -0.522141 -0.021691 -0.163972
v -0.524467 -0.024233 -0.173900
v -0.521242 -0.019754 -0.165624
v -0.521447 -0.022956 -0.175860
v -0.518431 -0.018609 -0.166856
v -0.517194 -0.022936 -0.177063
v -0.514189 -0.019436 -0.168119
v -0.512467 -0.024988 -0.177973
v -0.509488 -0.021240 -0.168604
v -0.507601 -0.019496 -0.161500
v -0.507197 -0.019229 -0.156862
v -0.503757 -0.023612 -0.156173
v -0.508004 -0.021511 -0.155611
v -0.505607 -0.027647 -0.158180
v -0.501983 -0.028721 -0.159408
v -0.504654 -0.033751 -0.164450
v -0.505646 -0.038306 -0.173836
v -0.504600 -0.035470 -0.175650
v -0.509090 -0.040839 -0.185194
v -0.505459 -0.031946 -0.177172
v -0.509858 -0.036721 -0.186811
v -0.514791 -0.041982 -0.196700
v -0.512394 -0.032843 -0.187994
v -0.517033 -0.037837 -0.197591
v -0.521617 -0.042840 -0.206091
v -0.520433 -0.034814 -0.197863
v -0.516322 -0.029495 -0.187906
v -0.520741 -0.027967 -0.187297
v -0.524384 -0.033121 -0.196846
v -0.524906 -0.027971 -0.185612
v -0.528151 -0.033811 -0.195616
v -0.527918 -0.030134 -0.183806
v -0.531037 -0.036004 -0.193462
v -0.533230 -0.041895 -0.202420
v -0.532373 -0.039747 -0.191444
v -0.534581 -0.045405 -0.200148
v -0.534034 -0.046684 -0.208863
v -0.533273 -0.050651 -0.213071
v -0.531808 -0.043678 -0.189224
v -0.534265 -0.049400 -0.198308
v -0.529453 -0.047637 -0.187961
v -0.532220 -0.052778 -0.196585
v -0.528411 -0.037401 -0.179747
v -0.529189 -0.033258 -0.181476
v -0.508330 -0.027981 -0.177787
v -0.266658 -0.223894 -0.102571
v -0.270233 -0.225369 -0.080988
v -0.244806 -0.238111 -0.091891
v -0.209320 -0.245696 -0.114642
v -0.138357 -0.174960 -0.209124
v -0.190313 -0.255574 -0.103858
v -0.177894 -0.252542 -0.120593
v -0.348895 0.106704 -0.083570
v -0.297410 0.165417 -0.055491
v -0.339495 0.084455 -0.024821
v -0.023255 0.156313 -0.239950
v -0.315661 0.051231 -0.113972
v -0.257066 0.061095 -0.173918
v -0.204043 0.105358 -0.202617
v -0.226310 0.246653 -0.031943
v -0.116077 0.043625 -0.244251
v -0.149794 0.229581 -0.129066
v -0.073153 0.215233 -0.183055
v -0.080411 0.249037 -0.149368
v -0.071267 0.302043 -0.087086
v -0.080936 0.288320 -0.099987
v -0.075175 0.306895 -0.077817
v -0.363984 -0.013699 0.235458
v -0.342560 -0.099109 0.070347
v -0.326043 -0.150447 0.076099
v -0.364190 -0.023742 0.196256
v -0.306804 -0.185230 0.069269
v -0.291804 -0.207474 0.056813
v -0.285800 -0.198330 0.097363
v -0.324569 -0.044386 0.253542
v -0.162015 -0.322719 0.256651
v -0.096494 -0.334589 0.046685
v -0.139650 -0.324280 0.246314
v -0.010752 -0.359830 0.044306
v -0.029836 -0.323182 0.167205
v -0.205849 -0.278330 0.254203
v -0.219347 -0.273226 0.133093
v -0.122798 -0.065237 0.293999
v -0.051615 -0.293810 0.222790
v -0.040692 -0.163663 0.292176
v -0.371013 0.000653 0.179025
v -0.299898 0.199979 0.053000
v -0.345769 0.028646 0.267623
v -0.261604 0.187801 0.174657
v -0.286191 0.066620 0.254054
v -0.200948 0.269179 0.263264
v -0.191928 0.062786 0.277592
v -0.203006 0.324308 0.229743
v -0.142160 0.330642 0.110283
v -0.036956 0.346859 0.025861
v -0.059974 0.164850 0.293679
v -0.157401 0.333242 0.263381
v 0.030998 -0.170983 -0.228389
v 0.020769 -0.310145 -0.090668
v 0.074374 -0.208956 -0.190342
v 0.099039 -0.255064 -0.143453
v 0.124488 -0.054904 -0.235137
v 0.149115 -0.223396 -0.140073
v 0.205552 -0.093612 -0.199608
v 0.212313 -0.250849 -0.045970
v 0.313835 -0.056760 -0.120274
v 0.281846 -0.161661 -0.082018
v 0.329247 -0.110346 -0.024629
v 0.345076 -0.106538 -0.092587
v 0.160750 0.249875 -0.133539
v 0.143615 0.166497 -0.210822
v 0.178284 0.254795 -0.115442
v 0.205079 0.246184 -0.116324
v 0.246589 0.239010 -0.077031
v 0.244730 0.221521 -0.164912
v 0.246392 0.219811 -0.165133
v 0.028944 -0.351008 0.038452
v 0.155461 -0.323630 0.130881
v 0.189153 -0.326960 0.232975
v 0.196929 -0.060597 0.281357
v 0.208972 -0.256933 0.245403
v 0.261274 -0.180498 0.178947
v 0.307575 -0.065595 0.247552
v 0.155165 -0.321533 0.266715
v 0.059098 -0.171388 0.290475
v 0.369165 -0.010721 0.165094
v 0.340462 -0.025408 0.272743
v 0.065526 0.298870 0.229214
v 0.041942 0.156971 0.295729
v 0.128234 0.065401 0.293236
v 0.224186 0.268672 0.141174
v 0.278208 0.152131 0.172429
v 0.208440 0.268452 0.245562
v 0.023039 0.326520 0.164440
v 0.027615 0.355281 0.053706
v 0.128418 0.324877 0.240826
v 0.078400 0.340137 0.046764
v 0.152403 0.324094 0.251446
v 0.305266 0.176253 0.086396
v 0.317161 0.061666 0.246805
v 0.318956 0.160366 0.090985
v 0.350201 0.090251 0.071903
v 0.337562 0.135305 0.085322
v 0.366255 0.024388 0.180826
v 0.359753 0.021528 0.247150
v -0.191796 -0.199303 0.255371
v 0.182666 0.196461 0.264020
v -0.347147 0.104112 -0.085995
v -0.348523 0.106472 -0.080475
v 0.343869 -0.103968 -0.091374
v 0.343580 -0.105468 -0.095462
v -0.290105 -0.183944 -0.081947
v -0.167440 -0.259497 -0.112535
v -0.345831 0.109135 -0.084435
v -0.344085 0.098943 -0.081951
v -0.338877 0.111622 -0.085391
v -0.015768 0.300751 -0.090981
v -0.295714 -0.197487 0.074129
v -0.297431 -0.134916 0.156251
v -0.354857 0.049701 0.127820
v -0.242836 0.258840 0.064396
v -0.016559 0.352398 0.033344
v 0.041835 -0.302119 -0.103442
v 0.240473 -0.046329 -0.185722
v 0.334580 -0.112573 -0.089927
v 0.341862 -0.109294 -0.091317
v 0.339567 -0.099787 -0.090239
v 0.282420 0.201405 -0.067760
v -0.004184 -0.357667 0.014462
v 0.252815 -0.243314 0.090962
v 0.288727 -0.201744 0.068991
v 0.346751 -0.063956 0.138122
v -0.237224 -0.217226 -0.173916
v -0.241464 -0.216034 -0.171664
v -0.240860 -0.219682 -0.169425
v -0.236580 -0.220046 -0.170700
v -0.272330 -0.217270 -0.099592
v -0.272022 -0.221611 -0.089007
v -0.264446 -0.227542 -0.095297
v -0.262121 -0.224365 -0.111978
v -0.268290 -0.215725 -0.113292
v -0.254833 -0.231018 -0.105639
v -0.274998 -0.221448 -0.070081
v -0.265620 -0.230147 -0.066290
v -0.261615 -0.231007 -0.083916
v -0.279525 -0.212976 -0.079125
v -0.221871 -0.248613 -0.087364
v -0.232276 -0.237792 -0.116860
v -0.246710 -0.231135 -0.121981
v -0.250441 -0.239516 -0.065128
v -0.231544 -0.250067 -0.060531
v -0.208212 -0.238147 -0.137607
v -0.227363 -0.234003 -0.136916
v -0.191544 -0.246715 -0.126011
v -0.187342 -0.240917 -0.140755
v -0.201218 -0.258884 -0.080493
v -0.173037 -0.193459 -0.194833
v -0.163984 -0.212750 -0.181608
v -0.131950 -0.206913 -0.189879
v -0.170292 -0.156729 -0.211273
v -0.190346 -0.179004 -0.199497
v -0.095133 -0.207737 -0.195808
v -0.093839 -0.178016 -0.215057
v -0.122397 -0.136693 -0.227747
v -0.155144 -0.125772 -0.224357
v -0.180333 -0.268803 -0.074974
v -0.172853 -0.263989 -0.097305
v -0.348044 0.104305 -0.082879
v -0.346702 0.106531 -0.085920
v -0.347791 0.108485 -0.081539
v -0.309640 0.140947 -0.077588
v -0.293040 0.140105 -0.100656
v -0.279105 0.162913 -0.088825
v -0.300196 0.180105 -0.019136
v -0.316070 0.161241 -0.012150
v -0.318184 0.148341 -0.040344
v -0.324452 0.133594 -0.062015
v -0.335837 0.061547 -0.049851
v -0.335911 0.073391 -0.066535
v -0.339906 0.090403 -0.052962
v -0.339242 0.108054 -0.049371
v -0.336920 0.111837 -0.025428
v -0.334804 0.121726 0.003710
v -0.339810 0.097996 0.011717
v -0.341899 0.058961 -0.007347
v -0.336726 0.041892 -0.035410
v -0.343967 0.073677 0.024878
v -0.037563 0.140881 -0.243194
v -0.015482 0.128463 -0.248996
v -0.004340 0.152904 -0.241384
v -0.000502 0.176087 -0.229354
v -0.026986 0.172788 -0.229668
v -0.051769 0.159675 -0.231579
v -0.321872 0.058794 -0.105016
v -0.321459 0.048148 -0.098527
v -0.313373 0.040938 -0.113226
v -0.304731 0.039044 -0.127136
v -0.311128 0.053895 -0.122334
v -0.319269 0.065812 -0.112787
v -0.249739 0.024655 -0.183560
v -0.223832 0.025372 -0.203132
v -0.226606 0.058483 -0.198014
v -0.224331 0.087273 -0.194297
v -0.247424 0.092537 -0.174164
v -0.278987 0.047691 -0.156787
v -0.270718 0.020897 -0.164858
v -0.279649 0.082313 -0.150870
v -0.292806 0.068011 -0.142804
v -0.218158 0.110436 -0.190448
v -0.202271 0.087666 -0.208652
v -0.189439 0.117815 -0.204008
v -0.204368 0.131047 -0.187339
v -0.179102 0.097359 -0.216177
v -0.238553 0.234129 -0.037050
v -0.226484 0.231539 -0.058602
v -0.213851 0.249078 -0.043893
v -0.224709 0.255068 -0.012868
v -0.243157 0.240898 -0.011460
v -0.205837 0.263997 -0.021966
v -0.161296 0.032917 -0.232662
v -0.162330 -0.008362 -0.234503
v -0.125061 -0.009233 -0.244972
v -0.086258 -0.019450 -0.253259
v -0.072267 0.024684 -0.254711
v -0.136586 0.084922 -0.232825
v -0.169529 0.068999 -0.225899
v -0.051406 0.064618 -0.255440
v -0.083350 0.084409 -0.246792
v -0.105954 0.111680 -0.235033
v -0.179717 0.194868 -0.147311
v -0.159457 0.179633 -0.174984
v -0.130159 0.207528 -0.165193
v -0.099205 0.231480 -0.158285
v -0.110874 0.251086 -0.130295
v -0.183572 0.229945 -0.103046
v -0.203832 0.202072 -0.120975
v -0.111082 0.274394 -0.100128
v -0.141814 0.261690 -0.093582
v -0.170527 0.255807 -0.077565
v -0.063006 0.184013 -0.212170
v -0.030711 0.195767 -0.211899
v -0.032348 0.222387 -0.187415
v -0.110226 0.187066 -0.192365
v -0.094288 0.162331 -0.216186
v -0.058971 0.247168 -0.157065
v -0.026512 0.249524 -0.160509
v -0.053795 0.271172 -0.130398
v -0.081995 0.265836 -0.128633
v -0.087086 0.301466 -0.077517
v -0.052153 0.293061 -0.101467
v -0.056502 0.307524 -0.080870
v -0.066729 0.314079 -0.066276
v -0.108969 0.293072 -0.072648
v -0.081805 0.313341 -0.056264
v -0.364790 -0.017219 0.221855
v -0.368466 -0.003404 0.223879
v -0.365217 -0.004891 0.239726
v -0.358023 -0.009360 0.250822
v -0.357872 -0.019293 0.242401
v -0.356597 -0.027861 0.229175
v -0.337170 -0.111282 0.029857
v -0.341369 -0.083365 0.020644
v -0.348809 -0.068533 0.054575
v -0.356388 -0.049663 0.086418
v -0.351143 -0.071311 0.103291
v -0.342708 -0.086053 0.126679
v -0.335105 -0.110926 0.102718
v -0.333753 -0.132009 0.061689
v -0.331270 -0.138412 0.032468
v -0.329815 -0.135036 0.086283
v -0.326921 -0.153885 0.058917
v -0.318620 -0.144893 0.104766
v -0.318058 -0.161067 0.084082
v -0.317830 -0.170265 0.062840
v -0.353251 -0.038807 0.210836
v -0.346484 -0.055152 0.191334
v -0.357698 -0.043865 0.173051
v -0.369861 -0.002975 0.202388
v -0.364434 -0.032267 0.153486
v -0.368961 -0.016448 0.171297
v -0.304029 -0.194329 0.047425
v -0.315229 -0.178866 0.040465
v -0.303978 -0.176486 0.092679
v -0.277356 -0.218074 0.071923
v -0.301544 -0.159556 0.121313
v -0.281717 -0.180008 0.131707
v -0.262950 -0.199334 0.145618
v -0.264323 -0.216859 0.116662
v -0.259184 -0.233698 0.088896
v -0.334031 -0.041400 0.247705
v -0.334859 -0.032151 0.257453
v -0.321466 -0.038445 0.261265
v -0.316398 -0.052222 0.249026
v -0.328047 -0.052104 0.237526
v -0.307375 -0.047044 0.260026
v -0.160358 -0.326164 0.249070
v -0.169721 -0.323928 0.246583
v -0.168339 -0.319254 0.257561
v -0.161820 -0.312969 0.264833
v -0.155556 -0.319277 0.260250
v -0.151397 -0.324310 0.252390
v -0.131933 -0.318876 0.036659
v -0.148195 -0.318305 0.074087
v -0.121520 -0.330842 0.087280
v -0.060955 -0.345610 0.030574
v -0.060046 -0.338432 -0.001268
v -0.090326 -0.327986 0.002514
v -0.121315 -0.315045 -0.001071
v -0.076401 -0.343672 0.077173
v -0.051528 -0.351026 0.056159
v -0.099467 -0.338191 0.106964
v -0.146495 -0.327465 0.242294
v -0.141426 -0.319951 0.254116
v -0.130117 -0.322414 0.239930
v -0.137325 -0.327944 0.230159
v -0.128358 -0.314521 0.250997
v -0.014536 -0.359506 0.032071
v -0.030713 -0.356787 0.041557
v -0.021048 -0.357584 0.056771
v -0.004870 -0.355537 0.065595
v 0.003344 -0.357622 0.043716
v 0.000347 -0.358635 0.026283
v -0.012025 -0.337447 0.130606
v -0.036425 -0.343173 0.116297
v -0.056809 -0.334552 0.145769
v -0.081566 -0.328953 0.172738
v -0.063898 -0.316156 0.194444
v -0.020942 -0.303035 0.198967
v 0.005008 -0.321822 0.165503
v 0.014973 -0.333875 0.138101
v 0.004916 -0.307189 0.189122
v -0.209701 -0.277190 0.244772
v -0.207759 -0.264894 0.250137
v -0.201994 -0.270126 0.259817
v -0.202001 -0.285643 0.255502
v -0.206634 -0.288582 0.242528
v -0.195684 -0.277546 0.264843
v -0.231609 -0.250788 0.158334
v -0.223462 -0.261716 0.185095
v -0.214766 -0.280764 0.172893
v -0.239767 -0.251566 0.107872
v -0.246578 -0.234508 0.135960
v -0.209449 -0.281402 0.089972
v -0.231172 -0.262835 0.074616
v -0.200238 -0.299498 0.171127
v -0.196160 -0.297816 0.136825
v -0.186488 -0.300567 0.099828
v -0.156645 -0.085096 0.284288
v -0.181197 -0.062846 0.284031
v -0.162334 -0.041123 0.291299
v -0.151876 -0.011119 0.294232
v -0.111529 -0.023575 0.298165
v -0.073170 -0.070127 0.299757
v -0.074722 -0.110007 0.296912
v -0.113217 -0.106945 0.292076
v -0.144090 -0.113377 0.283691
v -0.067788 -0.030789 0.302313
v -0.085900 -0.300948 0.234398
v -0.089243 -0.283958 0.254167
v -0.062224 -0.272156 0.250269
v -0.036308 -0.258459 0.252925
v -0.024784 -0.275943 0.233467
v -0.092254 -0.316516 0.213860
v -0.007406 -0.287278 0.216191
v -0.072920 -0.192658 0.289204
v -0.097322 -0.177143 0.291455
v -0.081219 -0.147361 0.293685
v -0.026995 -0.200755 0.282761
v -0.057165 -0.215921 0.281386
v 0.009740 -0.162819 0.291972
v 0.008591 -0.197873 0.283084
v -0.032886 -0.116935 0.298353
v 0.012019 -0.120377 0.298262
v -0.370313 -0.010736 0.155630
v -0.370456 0.002551 0.156453
v -0.369355 0.017968 0.185048
v -0.369598 0.013994 0.208472
v -0.367215 0.021081 0.158817
v -0.305261 0.189646 0.061554
v -0.311028 0.181224 0.040418
v -0.300966 0.196801 0.035683
v -0.287212 0.213302 0.039415
v -0.290068 0.211147 0.062065
v -0.294568 0.201088 0.079925
v -0.349848 0.022235 0.266220
v -0.355261 0.027659 0.255844
v -0.347349 0.034177 0.260742
v -0.336503 0.027717 0.272587
v -0.339165 0.018210 0.273722
v -0.335554 0.036683 0.266238
v -0.264595 0.213927 0.146598
v -0.248250 0.235180 0.168791
v -0.243078 0.217003 0.192718
v -0.239837 0.177189 0.210029
v -0.249242 0.149396 0.211242
v -0.271398 0.154015 0.183162
v -0.292438 0.150058 0.154604
v -0.286000 0.175544 0.140629
v -0.229323 0.204038 0.218176
v -0.283218 0.198109 0.120849
v -0.298069 0.067776 0.247829
v -0.291023 0.077187 0.239167
v -0.276528 0.072302 0.251002
v -0.265410 0.062656 0.262474
v -0.283055 0.058941 0.262078
v -0.299980 0.058345 0.257740
v -0.204968 0.277625 0.257339
v -0.197554 0.285327 0.265285
v -0.194046 0.271661 0.269763
v -0.202295 0.257609 0.259813
v -0.209920 0.265190 0.249087
v -0.191810 0.255314 0.269543
v -0.228831 0.052760 0.274721
v -0.245038 0.070372 0.261430
v -0.223301 0.084147 0.259984
v -0.187129 0.028084 0.287149
v -0.222279 0.029656 0.283849
v -0.208673 0.107270 0.257102
v -0.177045 0.095598 0.273768
v -0.144519 0.054731 0.289280
v -0.146844 0.020944 0.293137
v -0.138709 0.088287 0.286201
v -0.020459 0.278072 0.219882
v -0.024635 0.280484 0.217984
v -0.021372 0.282518 0.214813
v -0.016574 0.280700 0.217062
v -0.206677 0.320135 0.218448
v -0.199067 0.328006 0.214091
v -0.197027 0.329891 0.230519
v -0.203791 0.319073 0.237865
v -0.210001 0.311150 0.226991
v -0.196000 0.325863 0.243685
v -0.173792 0.320807 0.116996
v -0.181434 0.307625 0.077935
v -0.154524 0.317287 0.065122
v -0.128086 0.323951 0.045968
v -0.114336 0.334426 0.080631
v -0.117122 0.338520 0.134399
v -0.129650 0.339824 0.165631
v -0.150438 0.336563 0.154612
v -0.097040 0.340419 0.108234
v -0.172758 0.330221 0.154277
v -0.064418 0.342781 0.041262
v -0.078819 0.333821 0.010992
v -0.055516 0.336282 -0.004912
v -0.029495 0.351296 0.057666
v -0.052366 0.347482 0.070472
v -0.009643 0.354850 0.051609
v -0.018560 0.344637 0.003428
v -0.003233 0.351651 0.023279
v -0.035584 0.334811 -0.022433
v -0.009581 0.156118 0.295828
v -0.011388 0.115774 0.299851
v -0.056545 0.119585 0.297539
v -0.102271 0.155893 0.290687
v -0.114892 0.188042 0.289449
v -0.088039 0.198232 0.291046
v -0.098104 0.119498 0.292608
v -0.043717 0.197103 0.288941
v -0.008635 0.189019 0.290046
v -0.070417 0.216304 0.287221
v -0.164654 0.332091 0.263832
v -0.164931 0.338166 0.252047
v -0.154675 0.336863 0.254502
v -0.151874 0.326480 0.268132
v -0.160693 0.322690 0.271967
v -0.145067 0.330581 0.258717
v 0.011526 -0.166181 -0.231880
v 0.007563 -0.190710 -0.218419
v 0.034568 -0.189335 -0.216429
v 0.061239 -0.177301 -0.216091
v 0.045815 -0.155239 -0.231600
v 0.022981 -0.140994 -0.240185
v -0.011420 -0.306636 -0.093787
v -0.019943 -0.323172 -0.062447
v 0.006416 -0.327947 -0.057426
v 0.022302 -0.289604 -0.122525
v -0.006473 -0.287567 -0.124153
v 0.028417 -0.332155 -0.046514
v 0.042560 -0.317667 -0.073441
v 0.046419 -0.288483 -0.122679
v 0.057144 -0.304490 -0.094952
v 0.037112 -0.215413 -0.196510
v 0.032304 -0.243241 -0.173817
v 0.061616 -0.243572 -0.167293
v 0.084860 -0.249607 -0.154875
v 0.101843 -0.226246 -0.166725
v 0.129541 -0.200487 -0.172492
v 0.107855 -0.178659 -0.197699
v 0.075146 -0.270309 -0.137133
v 0.094235 -0.270040 -0.128244
v 0.114832 -0.263748 -0.121048
v 0.116643 -0.242780 -0.144033
v 0.079516 -0.035110 -0.249104
v 0.058988 -0.075570 -0.248574
v 0.092021 -0.096237 -0.236760
v 0.132521 -0.001667 -0.238242
v 0.093161 0.009299 -0.249181
v 0.170160 -0.045255 -0.222118
v 0.170707 -0.003840 -0.225556
v 0.116436 -0.124124 -0.221472
v 0.146342 -0.095999 -0.220428
v 0.178214 -0.080045 -0.214009
v 0.139825 -0.255032 -0.110963
v 0.164502 -0.252374 -0.093443
v 0.179186 -0.226659 -0.113896
v 0.177809 -0.189084 -0.153421
v 0.157337 -0.171533 -0.179667
v 0.200352 -0.199033 -0.127209
v 0.188718 -0.105152 -0.202828
v 0.204337 -0.122190 -0.186730
v 0.220558 -0.101988 -0.187392
v 0.230276 -0.078295 -0.188080
v 0.205471 -0.073612 -0.203838
v 0.208473 -0.260183 -0.029967
v 0.225748 -0.248936 -0.024632
v 0.224876 -0.239681 -0.047542
v 0.201918 -0.251182 -0.058311
v 0.191647 -0.266152 -0.040910
v 0.216084 -0.234128 -0.068689
v 0.310772 -0.047462 -0.120144
v 0.302716 -0.046240 -0.132685
v 0.309733 -0.059315 -0.127366
v 0.319613 -0.063397 -0.111849
v 0.318602 -0.053950 -0.106833
v 0.318087 -0.069834 -0.118414
v 0.261460 -0.156000 -0.115288
v 0.240593 -0.181562 -0.108812
v 0.255856 -0.190194 -0.079275
v 0.262814 -0.202223 -0.048251
v 0.284297 -0.179803 -0.045648
v 0.306607 -0.145342 -0.065813
v 0.314039 -0.129789 -0.085944
v 0.296166 -0.135603 -0.101743
v 0.303740 -0.159548 -0.037160
v 0.277415 -0.132317 -0.124495
v 0.332780 -0.084643 -0.045884
v 0.333380 -0.092299 -0.064674
v 0.330835 -0.110416 -0.055203
v 0.321827 -0.128824 -0.056930
v 0.318585 -0.138115 -0.029443
v 0.325026 -0.128625 0.011363
v 0.332425 -0.106077 0.026418
v 0.335032 -0.088324 -0.003665
v 0.334757 -0.068561 -0.029146
v 0.342944 -0.107461 -0.093916
v 0.343484 -0.106901 -0.090207
v 0.344152 -0.104302 -0.093854
v 0.162727 0.259365 -0.114733
v 0.140772 0.265357 -0.113189
v 0.136161 0.253774 -0.136065
v 0.182429 0.247514 -0.128687
v 0.127929 0.127614 -0.227820
v 0.160882 0.116263 -0.221675
v 0.175294 0.148067 -0.209265
v 0.136902 0.198393 -0.195045
v 0.101560 0.197630 -0.202466
v 0.099758 0.168357 -0.219345
v 0.195062 0.171400 -0.197243
v 0.176966 0.186627 -0.195605
v 0.167543 0.205996 -0.185636
v 0.188776 0.257008 -0.101967
v 0.170494 0.265497 -0.094382
v 0.184538 0.237321 -0.146918
v 0.206209 0.236847 -0.140328
v 0.225303 0.233944 -0.137941
v 0.227661 0.238932 -0.118697
v 0.218045 0.249558 -0.090353
v 0.200250 0.259696 -0.079685
v 0.235588 0.240719 -0.097686
v 0.247536 0.234253 -0.103569
v 0.252035 0.234273 -0.089912
v 0.257976 0.231604 -0.076802
v 0.229779 0.249585 -0.065918
v 0.248868 0.219342 -0.160949
v 0.245475 0.222696 -0.160149
v 0.240170 0.220146 -0.166905
v 0.243692 0.216704 -0.167763
v 0.259797 0.228523 -0.088345
v 0.016530 -0.353195 0.014505
v 0.017290 -0.350720 0.071938
v 0.041854 -0.345522 0.082897
v 0.056356 -0.344233 0.053227
v 0.050940 -0.342205 0.008729
v 0.032914 -0.344627 -0.007811
v 0.073569 -0.337502 0.023911
v 0.129356 -0.332026 0.152447
v 0.140838 -0.333585 0.179990
v 0.161720 -0.329106 0.170608
v 0.182870 -0.320773 0.171344
v 0.185713 -0.311506 0.137929
v 0.129095 -0.328636 0.103943
v 0.110163 -0.333756 0.129281
v 0.195290 -0.298922 0.101907
v 0.169929 -0.311110 0.089570
v 0.144776 -0.319351 0.071820
v 0.191909 -0.324493 0.221232
v 0.181742 -0.330923 0.219984
v 0.182021 -0.330748 0.235603
v 0.183131 -0.325391 0.246974
v 0.191753 -0.320976 0.239591
v 0.198271 -0.315523 0.227123
v 0.033919 -0.281677 0.219619
v 0.038250 -0.284702 0.217806
v 0.034938 -0.286154 0.214450
v 0.030150 -0.283517 0.216515
v 0.179083 -0.094900 0.277622
v 0.140100 -0.089182 0.288743
v 0.147715 -0.054361 0.291730
v 0.228182 -0.080614 0.265046
v 0.211014 -0.104983 0.262096
v 0.151647 -0.019940 0.294899
v 0.193773 -0.025520 0.289653
v 0.237072 -0.048557 0.278952
v 0.253066 -0.065747 0.266443
v 0.231362 -0.025576 0.286840
v 0.211262 -0.266965 0.239001
v 0.202462 -0.274268 0.250593
v 0.201197 -0.258531 0.254543
v 0.212682 -0.244328 0.240157
v 0.219048 -0.253972 0.226965
v 0.202040 -0.240370 0.253074
v 0.263482 -0.206668 0.149511
v 0.245814 -0.229680 0.173110
v 0.241329 -0.211845 0.197182
v 0.227632 -0.200733 0.222451
v 0.239298 -0.172694 0.214906
v 0.272737 -0.145497 0.188272
v 0.294527 -0.138018 0.158843
v 0.286708 -0.164626 0.143695
v 0.250105 -0.143724 0.216789
v 0.283093 -0.188013 0.122868
v 0.318545 -0.063277 0.241854
v 0.313154 -0.071886 0.231278
v 0.299183 -0.071934 0.243068
v 0.287666 -0.066725 0.255195
v 0.303324 -0.060149 0.256328
v 0.318806 -0.055842 0.253098
v 0.151801 -0.325816 0.259881
v 0.141931 -0.317473 0.264190
v 0.149911 -0.313166 0.270903
v 0.162945 -0.321250 0.265656
v 0.162039 -0.328746 0.256344
v 0.159613 -0.309850 0.272321
v 0.042858 -0.205389 0.282366
v 0.056475 -0.123992 0.296534
v 0.086141 -0.205770 0.286798
v 0.068771 -0.224526 0.280489
v 0.100963 -0.161184 0.289895
v 0.112751 -0.194754 0.287513
v 0.097830 -0.123095 0.293114
v 0.369803 -0.009810 0.144960
v 0.367295 -0.021021 0.138935
v 0.367450 -0.023109 0.154863
v 0.364158 -0.029234 0.180525
v 0.365084 -0.022479 0.203281
v 0.368584 -0.002788 0.192030
v 0.362065 -0.036648 0.160663
v 0.343683 -0.030270 0.266102
v 0.331125 -0.034597 0.270223
v 0.330116 -0.026076 0.276591
v 0.331455 -0.015951 0.278445
v 0.344274 -0.018437 0.271922
v 0.351512 -0.022251 0.262535
v 0.039191 0.304687 0.207135
v 0.052630 0.320885 0.186706
v 0.077803 0.317858 0.207455
v 0.100786 0.319975 0.222921
v 0.095541 0.307317 0.239308
v 0.039920 0.281280 0.236954
v 0.023580 0.289487 0.220129
v 0.075064 0.282250 0.252953
v 0.051219 0.268320 0.254714
v 0.099170 0.294157 0.255778
v 0.027595 0.191093 0.290280
v 0.034522 0.112737 0.299863
v 0.074267 0.184373 0.293577
v 0.099659 0.171140 0.292963
v 0.083850 0.142824 0.294868
v 0.057826 0.205029 0.289353
v 0.077774 0.107161 0.297237
v 0.169707 0.042934 0.290727
v 0.157974 0.012586 0.294899
v 0.115933 0.023642 0.298518
v 0.164048 0.086570 0.282009
v 0.189919 0.065402 0.281982
v 0.076435 0.068526 0.299858
v 0.117915 0.105765 0.291168
v 0.070676 0.029686 0.302556
v 0.150443 0.113884 0.281201
v 0.217141 0.277752 0.097631
v 0.235985 0.258821 0.079597
v 0.242706 0.247262 0.114125
v 0.218272 0.275179 0.181484
v 0.206797 0.293899 0.180117
v 0.205185 0.293470 0.145933
v 0.232670 0.246201 0.166651
v 0.224017 0.256472 0.193523
v 0.247090 0.230051 0.143369
v 0.198049 0.296910 0.109289
v 0.282683 0.176526 0.137190
v 0.304463 0.161944 0.119215
v 0.305290 0.142849 0.146243
v 0.312269 0.120589 0.166698
v 0.291022 0.123693 0.189351
v 0.255133 0.140079 0.207396
v 0.238661 0.160835 0.210153
v 0.254500 0.175952 0.182444
v 0.270099 0.118078 0.214261
v 0.262366 0.194692 0.153036
v 0.212798 0.266986 0.234546
v 0.210084 0.254266 0.241891
v 0.204313 0.260349 0.252526
v 0.197985 0.268170 0.258397
v 0.204863 0.276427 0.246835
v 0.209929 0.279155 0.231380
v 0.015487 0.308977 0.191693
v -0.006634 0.309437 0.187545
v -0.007435 0.323319 0.167301
v 0.007230 0.339306 0.133344
v 0.029083 0.345089 0.117575
v 0.047647 0.337639 0.143280
v -0.016670 0.334966 0.143916
v 0.070244 0.332490 0.167197
v 0.023992 0.353299 0.037157
v 0.045809 0.348310 0.038347
v 0.041991 0.352452 0.062248
v 0.016349 0.356079 0.062198
v 0.006979 0.355302 0.043372
v 0.030024 0.353252 0.079485
v 0.118080 0.322979 0.234309
v 0.125766 0.329372 0.224009
v 0.135703 0.328646 0.236512
v 0.141054 0.325252 0.247090
v 0.130417 0.320345 0.249153
v 0.116048 0.314465 0.246119
v 0.110024 0.327409 0.031450
v 0.128705 0.328123 0.066388
v 0.104992 0.337918 0.082672
v 0.086024 0.343150 0.103899
v 0.063823 0.347221 0.078005
v 0.038068 0.342108 0.008140
v 0.066146 0.333407 0.004301
v 0.095041 0.322438 -0.004991
v 0.150489 0.327779 0.243387
v 0.160244 0.326271 0.240348
v 0.159150 0.320983 0.252338
v 0.145676 0.320196 0.255530
v 0.152400 0.314181 0.260427
v 0.283632 0.194661 0.105036
v 0.278646 0.211398 0.074115
v 0.296107 0.194504 0.055842
v 0.320635 0.150397 0.107943
v 0.313503 0.055374 0.255308
v 0.299048 0.064406 0.253101
v 0.309274 0.070011 0.241438
v 0.321871 0.070132 0.230342
v 0.327361 0.058762 0.241590
v 0.327656 0.048946 0.252686
v 0.318934 0.165425 0.062638
v 0.327249 0.152983 0.079397
v 0.331657 0.141790 0.095432
v 0.352875 0.063328 0.053023
v 0.360535 0.041463 0.082717
v 0.359063 0.060695 0.102081
v 0.341631 0.106153 0.033051
v 0.344172 0.080883 0.020785
v 0.342145 0.121395 0.068011
v 0.336176 0.130764 0.039939
v 0.355611 0.073614 0.126107
v 0.348594 0.098422 0.103810
v 0.342426 0.120833 0.091608
v 0.335280 0.140581 0.070063
v 0.335919 0.126575 0.110009
v 0.368762 0.013121 0.151362
v 0.361515 0.049696 0.151298
v 0.365198 0.036071 0.128558
v 0.358630 0.045029 0.194007
v 0.353935 0.063741 0.169879
v 0.367874 -0.001340 0.217929
v 0.366584 0.017441 0.213456
v 0.360923 0.033369 0.217854
v 0.360901 0.012797 0.249982
v 0.352247 0.015740 0.259761
v 0.352899 0.026005 0.252560
v 0.353064 0.034926 0.241170
v 0.361231 0.025871 0.236088
v 0.365054 0.013713 0.235350
v -0.184344 -0.200250 0.262942
v -0.191832 -0.214069 0.258932
v -0.198628 -0.208305 0.249457
v -0.203419 -0.198951 0.241236
v -0.192488 -0.189866 0.252365
v -0.180543 -0.185880 0.263005
v 0.174421 0.197857 0.270879
v 0.183439 0.211735 0.266440
v 0.190628 0.205199 0.258114
v 0.195459 0.195326 0.250619
v 0.182834 0.186466 0.261533
v 0.169343 0.183154 0.271324
v -0.342715 0.100732 -0.088717
v -0.341255 0.105205 -0.090078
v -0.344184 0.110611 -0.078173
v -0.345696 0.105823 -0.076647
v 0.340409 -0.100813 -0.096625
v 0.339389 -0.107330 -0.086192
v 0.339071 -0.103726 -0.098732
v 0.337423 -0.108107 -0.096890
v -0.288532 -0.200993 -0.064011
v -0.279538 -0.205069 -0.093438
v -0.274458 -0.202682 -0.111962
v -0.279854 -0.184455 -0.110610
v -0.282889 -0.161551 -0.114732
v -0.294792 -0.155921 -0.088844
v -0.307696 -0.145600 -0.060970
v -0.303817 -0.170115 -0.052416
v -0.299453 -0.189700 -0.041014
v -0.151911 -0.261146 -0.117688
v -0.161085 -0.247326 -0.138245
v -0.152492 -0.270841 -0.096317
v -0.341491 0.094528 -0.070357
v -0.336669 0.081562 -0.080210
v -0.336668 0.088035 -0.090207
v -0.335055 0.093789 -0.096966
v -0.342532 0.106249 -0.066374
v -0.331623 0.100989 -0.099382
v -0.326814 0.110647 -0.097429
v -0.319023 0.123692 -0.090494
v -0.331615 0.121343 -0.076855
v -0.339103 0.115453 -0.068523
v -0.020946 0.274655 -0.129633
v 0.013876 0.272953 -0.132683
v 0.022662 0.294149 -0.099084
v -0.035257 0.316552 -0.065229
v -0.321211 -0.122365 0.128515
v -0.329132 -0.097078 0.150420
v -0.311028 -0.104307 0.175440
v -0.291980 -0.102426 0.202118
v -0.276642 -0.125465 0.193021
v -0.274032 -0.161495 0.163595
v -0.258855 -0.147513 0.193518
v -0.345649 0.076027 0.105066
v -0.336663 0.090184 0.133270
v -0.344302 0.070762 0.154268
v -0.363828 0.020441 0.128440
v -0.360723 0.011446 0.095185
v -0.355304 0.037350 0.086481
v -0.348893 0.062841 0.071663
v -0.360289 0.041382 0.164917
v -0.350380 0.058223 0.179726
v -0.255690 0.247383 0.096951
v -0.274441 0.227570 0.076780
v -0.268483 0.232933 0.048939
v -0.265905 0.229227 0.016373
v -0.243994 0.249499 0.020965
v -0.221314 0.266323 0.016342
v -0.215597 0.279231 0.052468
v -0.205729 0.295465 0.089836
v -0.226504 0.280774 0.104016
v -0.239962 0.267223 0.125017
v 0.066660 -0.288734 -0.116345
v 0.265642 -0.034264 -0.168065
v 0.258058 -0.005413 -0.173418
v 0.233970 -0.007138 -0.192005
v 0.205519 -0.042491 -0.207082
v 0.204178 -0.005269 -0.210256
v 0.252199 -0.091428 -0.169688
v 0.264480 -0.070017 -0.166430
v 0.279711 -0.056565 -0.156849
v 0.327522 -0.120336 -0.076922
v 0.334306 -0.108831 -0.074452
v 0.321955 -0.117129 -0.098502
v 0.327226 -0.107497 -0.104775
v 0.336094 -0.096530 -0.079614
v 0.332598 -0.084124 -0.089008
v 0.334044 -0.089718 -0.097776
v 0.333295 -0.094324 -0.103628
v 0.134093 0.239060 -0.157547
v 0.160756 0.237892 -0.152998
v 0.296807 0.187824 -0.034951
v 0.287890 0.204867 -0.018378
v 0.276120 0.215862 -0.045055
v 0.291409 0.178192 -0.076400
v 0.303884 0.167578 -0.047125
v 0.275148 0.202673 -0.099482
v 0.280676 0.184883 -0.103948
v 0.269334 0.218729 -0.080880
v 0.266615 0.217027 -0.102008
v 0.265218 0.226199 -0.064275
v 0.003848 -0.353081 0.001082
v -0.012825 -0.350770 -0.004066
v -0.016723 -0.356841 0.015902
v 0.234603 -0.265202 0.128906
v 0.243568 -0.247720 0.150409
v 0.260696 -0.226682 0.122984
v 0.229169 -0.267957 0.078143
v 0.217226 -0.283512 0.114031
v 0.279338 -0.206175 0.100925
v 0.275970 -0.217156 0.077066
v 0.258999 -0.235610 0.048382
v 0.237401 -0.255967 0.041765
v 0.278657 -0.214223 0.047811
v 0.293698 -0.190309 0.081193
v 0.303050 -0.178129 0.057882
v 0.293253 -0.195693 0.049168
v 0.335014 -0.089715 0.118141
v 0.321139 -0.103758 0.146517
v 0.330329 -0.083058 0.164493
v 0.351664 -0.052493 0.100948
v 0.342765 -0.076056 0.086843
v 0.360277 -0.038254 0.136714
v 0.360556 -0.030063 0.109509
v 0.337291 -0.069040 0.185897
v 0.351353 -0.054220 0.169347
v 0.342600 -0.058450 0.205430
v 0.355000 -0.045466 0.192590
v 0.345868 -0.049898 0.223676
v 0.357224 -0.038001 0.213429
v 0.347058 -0.042769 0.240276
v 0.357538 -0.031964 0.232731
v 0.364776 -0.018085 0.224957
v 0.355882 -0.026888 0.249267
v 0.362256 -0.014711 0.243711
v 0.365485 -0.000680 0.238509
v 0.357038 -0.011466 0.258410
v 0.359999 0.000888 0.254078
v 0.347814 -0.007897 0.269368
v 0.350743 0.003955 0.265190
v 0.336795 0.008270 0.273159
v 0.339267 0.020509 0.266938
v 0.334168 -0.004298 0.277064
v 0.315514 -0.000065 0.282361
v 0.318839 0.013461 0.278473
v 0.313379 -0.013557 0.283084
v 0.290233 -0.010534 0.286258
v 0.292867 0.004820 0.285633
v 0.312610 -0.026010 0.280345
v 0.290241 -0.025719 0.283115
v 0.263108 -0.025338 0.285070
v 0.263093 -0.007094 0.288287
v 0.314143 -0.037389 0.273819
v 0.292795 -0.039531 0.276392
v 0.267644 -0.042772 0.277811
v 0.297874 -0.051352 0.266860
v 0.276653 -0.056732 0.267320
v 0.270151 -0.076818 0.251968
v 0.287215 -0.082744 0.236399
v 0.273955 -0.098038 0.229124
v 0.252542 -0.092150 0.247812
v 0.261455 -0.118555 0.222123
v 0.237726 -0.113308 0.243584
v 0.226151 -0.138604 0.240546
v 0.199690 -0.132343 0.260009
v 0.169667 -0.126623 0.275257
v 0.217028 -0.166136 0.240274
v 0.192687 -0.160877 0.259563
v 0.165501 -0.157623 0.274259
v 0.135172 -0.157384 0.284338
v 0.135349 -0.123540 0.286269
v 0.188802 -0.189042 0.261161
v 0.165358 -0.187460 0.274334
v 0.139747 -0.189141 0.283289
v 0.167648 -0.215502 0.274983
v 0.146415 -0.218286 0.282547
v 0.124769 -0.224210 0.285835
v 0.104583 -0.233486 0.284377
v 0.153556 -0.244833 0.281532
v 0.135755 -0.250491 0.283945
v 0.119116 -0.258135 0.282042
v 0.104942 -0.267144 0.275800
v 0.088701 -0.245924 0.278392
v 0.145392 -0.273861 0.281334
v 0.131347 -0.280086 0.279066
v 0.118846 -0.286966 0.272573
v 0.107927 -0.293634 0.262330
v 0.093309 -0.276222 0.266027
v 0.141625 -0.298823 0.275314
v 0.131109 -0.304115 0.268604
v 0.121400 -0.309197 0.257859
v 0.112106 -0.313356 0.244012
v 0.098120 -0.299477 0.249384
v 0.134192 -0.321502 0.252869
v 0.125985 -0.324599 0.237966
v 0.117015 -0.326435 0.220645
v 0.102593 -0.316429 0.228297
v 0.146529 -0.329700 0.247828
v 0.140152 -0.332072 0.231760
v 0.132306 -0.332965 0.212539
v 0.122612 -0.332783 0.191257
v 0.106535 -0.327371 0.202205
v 0.154509 -0.335427 0.226069
v 0.148758 -0.335192 0.204919
v 0.168878 -0.334790 0.221795
v 0.165741 -0.333108 0.199412
v 0.182094 -0.327329 0.198662
v 0.195306 -0.318690 0.202122
v 0.200020 -0.309766 0.177220
v 0.212094 -0.296648 0.186863
v 0.221647 -0.282566 0.160036
v 0.206778 -0.297981 0.147424
v 0.204806 -0.307547 0.209332
v 0.210247 -0.294467 0.219005
v 0.219183 -0.282146 0.199253
v 0.202039 -0.303590 0.235189
v 0.203123 -0.289547 0.243618
v 0.212246 -0.280344 0.229402
v 0.193277 -0.310357 0.247669
v 0.193283 -0.296289 0.255285
v 0.182281 -0.301699 0.264144
v 0.179452 -0.284447 0.269918
v 0.191654 -0.279710 0.261364
v 0.183622 -0.315479 0.256396
v 0.173031 -0.319199 0.262269
v 0.170843 -0.306116 0.269873
v 0.172960 -0.328228 0.252235
v 0.171163 -0.333425 0.239085
v 0.159046 -0.333388 0.243229
v 0.153558 -0.293833 0.277476
v 0.166383 -0.289126 0.275542
v 0.160468 -0.268517 0.279316
v 0.175469 -0.264247 0.273584
v 0.171339 -0.241163 0.274991
v 0.187826 -0.239650 0.265223
v 0.189497 -0.260895 0.264786
v 0.187430 -0.215529 0.263463
v 0.204758 -0.218541 0.248881
v 0.209739 -0.193400 0.243784
v 0.218805 -0.224873 0.231732
v 0.228362 -0.235623 0.213103
v 0.232058 -0.250345 0.194245
v 0.221292 -0.267413 0.213098
v 0.229844 -0.266534 0.176310
v 0.093907 -0.327845 0.184206
v 0.080416 -0.319531 0.196785
v 0.092247 -0.318343 0.212074
v 0.109852 -0.332581 0.169558
v 0.093090 -0.333494 0.150302
v 0.078479 -0.328570 0.168306
v 0.060258 -0.329710 0.155418
v 0.049890 -0.320776 0.173923
v 0.066415 -0.320231 0.183754
v 0.073440 -0.335408 0.134388
v 0.051599 -0.338241 0.121536
v 0.039201 -0.331414 0.145589
v 0.088688 -0.336853 0.110794
v 0.065805 -0.340756 0.095692
v 0.027941 -0.341858 0.110775
v 0.104951 -0.333503 0.084209
v 0.081092 -0.338693 0.067921
v 0.120638 -0.326025 0.054746
v 0.096916 -0.331869 0.038923
v 0.135132 -0.315224 0.024751
v 0.112151 -0.321561 0.009840
v 0.089626 -0.326835 -0.004795
v 0.126237 -0.308150 -0.018546
v 0.104303 -0.313447 -0.032681
v 0.083000 -0.317354 -0.046427
v 0.068132 -0.331133 -0.019217
v 0.062715 -0.319382 -0.059788
v 0.048211 -0.332974 -0.033572
v 0.015280 -0.344130 -0.020622
v -0.004579 -0.341312 -0.028773
v -0.028191 -0.336176 -0.032390
v -0.034042 -0.346070 -0.004284
v -0.054727 -0.328887 -0.033205
v -0.035676 -0.352774 0.020912
v -0.047991 -0.316455 -0.064697
v -0.076737 -0.308098 -0.065905
v -0.083570 -0.319322 -0.033363
v -0.105492 -0.298503 -0.067233
v -0.112558 -0.308107 -0.035593
v -0.132748 -0.288439 -0.069055
v -0.140342 -0.296227 -0.039071
v -0.149646 -0.301375 -0.006713
v -0.165846 -0.284206 -0.043501
v -0.175675 -0.287699 -0.013074
v -0.186542 -0.288433 0.019233
v -0.160952 -0.303787 0.027902
v -0.198370 -0.286423 0.053381
v -0.173916 -0.303044 0.063533
v -0.163265 -0.316311 0.109674
v -0.175578 -0.314629 0.143501
v -0.155701 -0.325820 0.153039
v -0.140647 -0.327927 0.121695
v -0.137073 -0.331762 0.165193
v -0.119754 -0.334228 0.137076
v -0.119794 -0.332189 0.179486
v -0.100294 -0.334715 0.154060
v -0.078729 -0.339399 0.126524
v -0.057442 -0.345886 0.098854
v -0.037330 -0.352630 0.075421
v -0.018915 -0.350562 0.089550
v 0.003513 -0.346247 0.100774
v -0.104462 -0.327111 0.195540
v -0.135932 -0.331142 0.201862
v -0.123254 -0.327312 0.214688
v -0.114162 -0.319331 0.228807
v -0.110300 -0.307985 0.244148
v -0.112208 -0.294797 0.258856
v -0.130739 -0.304596 0.262080
v -0.136359 -0.293486 0.271337
v -0.118078 -0.280952 0.271035
v -0.145049 -0.312912 0.262583
v -0.151000 -0.304308 0.269452
v -0.158937 -0.294644 0.274017
v -0.144391 -0.281894 0.277928
v -0.169928 -0.305042 0.267473
v -0.178967 -0.295961 0.268323
v -0.168040 -0.284528 0.276140
v -0.177052 -0.312846 0.257806
v -0.186398 -0.304449 0.257491
v -0.195169 -0.294978 0.256629
v -0.187808 -0.286509 0.267518
v -0.179995 -0.318292 0.244573
v -0.190433 -0.309973 0.242967
v -0.199686 -0.299764 0.242177
v -0.201905 -0.301601 0.223340
v -0.209863 -0.288369 0.224805
v -0.191165 -0.312980 0.224442
v -0.189005 -0.314147 0.201613
v -0.201912 -0.301206 0.199846
v -0.179246 -0.321715 0.227341
v -0.174879 -0.323568 0.206256
v -0.167118 -0.324663 0.181331
v -0.183814 -0.314275 0.174579
v -0.167183 -0.327140 0.231637
v -0.160931 -0.329066 0.212876
v -0.150829 -0.330285 0.190681
v -0.148038 -0.330412 0.221058
v -0.156072 -0.328989 0.236756
v -0.212383 -0.285730 0.201942
v -0.218102 -0.269178 0.209131
v -0.213942 -0.274226 0.229229
v -0.218702 -0.252633 0.219044
v -0.213105 -0.259432 0.236252
v -0.214474 -0.236452 0.229947
v -0.208271 -0.244150 0.244392
v -0.201645 -0.250785 0.256834
v -0.200480 -0.228802 0.252384
v -0.192918 -0.235377 0.263300
v -0.184201 -0.242264 0.272256
v -0.194487 -0.257497 0.266289
v -0.174618 -0.250282 0.278408
v -0.186399 -0.265417 0.272445
v -0.164324 -0.259751 0.281516
v -0.177481 -0.274557 0.275623
v -0.154004 -0.270420 0.281344
v -0.149046 -0.242552 0.285488
v -0.137262 -0.254123 0.284535
v -0.126685 -0.267139 0.279683
v -0.118295 -0.235855 0.286328
v -0.106165 -0.250880 0.280191
v -0.096380 -0.267137 0.269479
v -0.083046 -0.233497 0.280449
v -0.071913 -0.252613 0.268304
v -0.046025 -0.238269 0.269174
v -0.019065 -0.227549 0.270743
v -0.012123 -0.248496 0.256226
v -0.004144 -0.264940 0.240482
v 0.008906 -0.224415 0.271767
v 0.010706 -0.244712 0.258528
v 0.014322 -0.260128 0.244665
v 0.019247 -0.271292 0.232011
v 0.006311 -0.276634 0.226285
v 0.032086 -0.247576 0.259423
v 0.031144 -0.261257 0.246469
v 0.031851 -0.271221 0.234539
v 0.032862 -0.277904 0.225115
v 0.024981 -0.278878 0.222331
v 0.046868 -0.267664 0.246214
v 0.043730 -0.275911 0.234289
v 0.041249 -0.281511 0.224501
v 0.055524 -0.284410 0.231744
v 0.049631 -0.288622 0.221199
v 0.043417 -0.290900 0.213621
v 0.035904 -0.291168 0.209754
v 0.058814 -0.298322 0.215434
v 0.049306 -0.299738 0.206548
v 0.038440 -0.299707 0.201417
v 0.025312 -0.297887 0.200845
v 0.027265 -0.288968 0.210597
v 0.056904 -0.310088 0.196575
v 0.042700 -0.310126 0.189430
v 0.025807 -0.309271 0.186634
v 0.010090 -0.294060 0.205493
v 0.029926 -0.321234 0.167789
v 0.017057 -0.284313 0.216079
v 0.068816 -0.309107 0.207240
v 0.067127 -0.295298 0.227061
v 0.079297 -0.307185 0.220456
v 0.075234 -0.290662 0.240297
v 0.088784 -0.303977 0.234953
v 0.083634 -0.284215 0.253734
v 0.061330 -0.277970 0.244081
v 0.068223 -0.269287 0.256933
v 0.076919 -0.258381 0.268802
v 0.051136 -0.256399 0.258835
v 0.057966 -0.241978 0.270747
v 0.035329 -0.229451 0.271782
v -0.097193 -0.215674 0.287601
v -0.114874 -0.201779 0.289801
v -0.132317 -0.223320 0.288064
v -0.146921 -0.213671 0.285737
v -0.133260 -0.192376 0.287603
v -0.161064 -0.232949 0.282817
v -0.172590 -0.225281 0.276916
v -0.160929 -0.206933 0.280064
v -0.173668 -0.202629 0.271956
v -0.166569 -0.184981 0.273186
v -0.150747 -0.186982 0.281726
v -0.182946 -0.219258 0.268606
v -0.162681 -0.165662 0.273075
v -0.143310 -0.164999 0.282537
v -0.121461 -0.168317 0.288932
v -0.140372 -0.140475 0.283040
v -0.113538 -0.140407 0.290343
v -0.163047 -0.144543 0.272607
v -0.168986 -0.122067 0.272310
v -0.181427 -0.099533 0.272562
v -0.182875 -0.151211 0.259488
v -0.190373 -0.131701 0.258159
v -0.202709 -0.112000 0.257893
v -0.219383 -0.093281 0.259076
v -0.200466 -0.079542 0.273208
v -0.209742 -0.142298 0.241190
v -0.222449 -0.123688 0.240133
v -0.238228 -0.105222 0.241412
v -0.255680 -0.087627 0.245241
v -0.238753 -0.076371 0.261583
v -0.241301 -0.135376 0.218861
v -0.257198 -0.115766 0.219891
v -0.273501 -0.096493 0.225456
v -0.289327 -0.078996 0.233376
v -0.273710 -0.071850 0.250481
v -0.305946 -0.082470 0.213861
v -0.318179 -0.065665 0.226062
v -0.304048 -0.064141 0.241710
v -0.322633 -0.081299 0.192617
v -0.332884 -0.062785 0.209042
v -0.340836 -0.047619 0.224647
v -0.338221 -0.074629 0.171314
v -0.350356 -0.063738 0.150373
v -0.358511 -0.050077 0.130467
v -0.362648 -0.032606 0.114773
v -0.367642 -0.019238 0.138953
v -0.367532 -0.001726 0.131861
v -0.363434 -0.012071 0.103745
v -0.357765 -0.026025 0.073467
v -0.356355 -0.001361 0.062540
v -0.352711 0.024029 0.051525
v -0.350923 -0.041636 0.041984
v -0.350069 -0.015708 0.030526
v -0.347753 0.009744 0.019132
v -0.344682 0.034564 0.006694
v -0.348377 0.049118 0.038563
v -0.342239 -0.030122 -0.000581
v -0.340452 -0.004802 -0.011453
v -0.338489 0.019417 -0.022913
v -0.331372 -0.018614 -0.040361
v -0.329981 0.005153 -0.050395
v -0.329182 0.026920 -0.060774
v -0.328959 0.045387 -0.071522
v -0.319852 -0.007250 -0.076231
v -0.319720 0.014501 -0.084200
v -0.320448 0.033374 -0.091746
v -0.329406 0.059273 -0.082697
v -0.308973 0.005042 -0.106383
v -0.310753 0.024867 -0.110567
v -0.296765 -0.001682 -0.127479
v -0.299937 0.020339 -0.128797
v -0.282728 -0.005581 -0.147983
v -0.286951 0.019039 -0.146701
v -0.293831 0.041229 -0.141718
v -0.303381 0.059062 -0.132564
v -0.306807 0.082812 -0.127366
v -0.314275 0.073182 -0.120887
v -0.320075 0.093614 -0.112504
v -0.325046 0.084545 -0.108206
v -0.328324 0.077119 -0.101390
v -0.329454 0.069315 -0.092539
v -0.312997 0.105498 -0.112937
v -0.297567 0.096259 -0.131080
v -0.287276 0.114085 -0.130019
v -0.304165 0.120989 -0.109129
v -0.268554 0.103985 -0.152011
v -0.256511 0.126890 -0.148740
v -0.275405 0.134818 -0.124905
v -0.236939 0.117918 -0.171235
v -0.222396 0.141679 -0.166337
v -0.241799 0.150591 -0.142458
v -0.223918 0.175583 -0.133543
v -0.243635 0.182087 -0.107327
v -0.260875 0.157778 -0.116752
v -0.203366 0.166692 -0.158760
v -0.184349 0.153833 -0.182606
v -0.167477 0.136975 -0.202911
v -0.140864 0.160782 -0.199082
v -0.152377 0.114497 -0.219602
v -0.124006 0.137743 -0.219083
v -0.078047 0.138063 -0.233820
v -0.058038 0.116189 -0.246190
v -0.031844 0.099206 -0.253324
v -0.017193 0.048924 -0.259424
v -0.001048 0.085349 -0.256713
v 0.012744 0.118175 -0.250594
v 0.023188 0.147586 -0.241466
v 0.032606 0.073209 -0.256118
v 0.045192 0.108661 -0.249532
v 0.055429 0.141417 -0.238936
v 0.062807 0.171727 -0.224941
v 0.029446 0.174860 -0.227837
v 0.080043 0.099506 -0.245357
v 0.090889 0.134879 -0.234514
v 0.115764 0.090325 -0.239198
v 0.068198 0.061881 -0.252691
v 0.104583 0.051267 -0.245916
v 0.140622 0.041957 -0.236682
v 0.149742 0.080835 -0.230875
v 0.174604 0.035931 -0.224704
v 0.180909 0.072648 -0.220270
v 0.189522 0.106030 -0.212511
v 0.200655 0.135435 -0.202791
v 0.208743 0.065702 -0.206549
v 0.214757 0.097198 -0.200132
v 0.222719 0.125338 -0.191604
v 0.231870 0.149556 -0.182451
v 0.213826 0.159480 -0.192326
v 0.237093 0.089191 -0.184249
v 0.242589 0.116321 -0.176601
v 0.248875 0.140512 -0.167919
v 0.254785 0.161685 -0.159391
v 0.240628 0.169881 -0.173380
v 0.260704 0.107478 -0.158030
v 0.264958 0.131584 -0.149675
v 0.268748 0.153407 -0.141099
v 0.270942 0.172996 -0.133302
v 0.259246 0.179876 -0.151524
v 0.280314 0.122112 -0.128092
v 0.282464 0.144602 -0.119365
v 0.282982 0.165426 -0.110983
v 0.270843 0.190237 -0.126812
v 0.296142 0.134638 -0.094635
v 0.295249 0.156736 -0.085419
v 0.309427 0.123330 -0.067940
v 0.308139 0.145820 -0.057666
v 0.322251 0.110487 -0.039660
v 0.320412 0.133667 -0.028942
v 0.316171 0.155426 -0.017870
v 0.308905 0.175505 -0.005485
v 0.331867 0.120228 0.001025
v 0.326978 0.143077 0.011046
v 0.319759 0.162748 0.022598
v 0.309470 0.179733 0.037343
v 0.299335 0.192685 0.009757
v 0.328601 0.150773 0.048429
v 0.286502 0.208750 0.026548
v 0.276288 0.219917 -0.001842
v 0.271133 0.224598 0.043818
v 0.261527 0.235104 0.014236
v 0.251169 0.242547 -0.013928
v 0.265289 0.229257 -0.028778
v 0.240300 0.247630 -0.040532
v 0.255134 0.235865 -0.052894
v 0.234310 0.256756 0.000318
v 0.223219 0.260064 -0.027945
v 0.211716 0.261103 -0.054809
v 0.204053 0.273501 -0.015829
v 0.192253 0.272892 -0.044111
v 0.180723 0.270288 -0.070628
v 0.170783 0.285398 -0.034225
v 0.159035 0.280969 -0.062533
v 0.148665 0.274434 -0.089055
v 0.134960 0.292189 -0.055105
v 0.123943 0.283619 -0.083929
v 0.115004 0.272542 -0.111318
v 0.096801 0.293178 -0.078707
v 0.086588 0.279961 -0.108421
v 0.078887 0.263945 -0.136775
v 0.108693 0.258512 -0.136891
v 0.073434 0.245093 -0.162820
v 0.104705 0.241776 -0.161041
v 0.069704 0.223633 -0.186627
v 0.102566 0.221647 -0.182809
v 0.134238 0.221208 -0.177603
v 0.162731 0.223164 -0.170672
v 0.192226 0.213248 -0.176768
v 0.187322 0.225964 -0.163819
v 0.212026 0.218912 -0.169792
v 0.208210 0.227896 -0.157398
v 0.227368 0.222319 -0.164554
v 0.225378 0.228366 -0.153583
v 0.238511 0.223662 -0.161572
v 0.238329 0.227038 -0.151399
v 0.239708 0.230269 -0.137540
v 0.247242 0.223958 -0.150964
v 0.250066 0.225017 -0.137597
v 0.253704 0.226059 -0.121560
v 0.242808 0.232749 -0.120684
v 0.257652 0.226884 -0.104180
v 0.261970 0.217050 -0.121627
v 0.256925 0.217809 -0.138603
v 0.260705 0.207900 -0.140799
v 0.267761 0.205191 -0.122761
v 0.261383 0.195299 -0.145269
v 0.254140 0.210784 -0.154538
v 0.252476 0.200188 -0.159000
v 0.247813 0.186665 -0.165518
v 0.244301 0.205231 -0.168153
v 0.236797 0.193675 -0.174511
v 0.226430 0.178650 -0.182839
v 0.226714 0.201340 -0.178536
v 0.212565 0.188565 -0.186768
v 0.218113 0.209775 -0.176791
v 0.200451 0.200222 -0.185070
v 0.237061 0.210545 -0.172026
v 0.231327 0.216338 -0.170986
v 0.248358 0.213667 -0.163457
v 0.252445 0.218571 -0.151786
v 0.066709 0.199188 -0.207210
v 0.036415 0.225368 -0.188442
v 0.033189 0.200819 -0.210306
v 0.002819 0.225465 -0.188941
v 0.000845 0.200402 -0.211457
v 0.007427 0.249983 -0.162471
v 0.040936 0.248262 -0.163452
v 0.047192 0.268986 -0.135192
v 0.055950 0.287341 -0.104634
v 0.067779 0.302445 -0.072520
v 0.037576 0.311241 -0.065153
v 0.052418 0.324131 -0.031237
v 0.024930 0.332794 -0.022907
v 0.007629 0.319761 -0.055108
v 0.081101 0.314115 -0.039564
v 0.108873 0.303301 -0.047440
v 0.122232 0.310490 -0.014949
v 0.136690 0.314607 0.018859
v 0.147500 0.297947 -0.024536
v 0.160883 0.301162 0.007239
v 0.174617 0.301667 0.040152
v 0.152166 0.315797 0.052672
v 0.183360 0.287191 -0.004059
v 0.195810 0.286655 0.027544
v 0.207493 0.283439 0.061107
v 0.187345 0.300112 0.074008
v 0.215877 0.271358 0.014278
v 0.226659 0.266730 0.046007
v 0.244938 0.250420 0.030246
v 0.253876 0.241365 0.061376
v 0.260771 0.228656 0.093037
v 0.264065 0.212689 0.123390
v 0.245471 0.212111 0.169737
v 0.232573 0.227236 0.188344
v 0.238156 0.194567 0.194478
v 0.225984 0.210030 0.208445
v 0.217207 0.222566 0.223408
v 0.223157 0.238880 0.208287
v 0.225006 0.179122 0.217352
v 0.214967 0.194814 0.226960
v 0.207248 0.207676 0.237853
v 0.200858 0.217994 0.248825
v 0.209955 0.232370 0.237972
v 0.200774 0.181877 0.243542
v 0.208737 0.165803 0.237371
v 0.190068 0.154600 0.254575
v 0.184989 0.172049 0.257852
v 0.169401 0.145874 0.268985
v 0.167275 0.165671 0.270344
v 0.145573 0.139792 0.280849
v 0.147391 0.162996 0.280649
v 0.153516 0.183206 0.280323
v 0.162712 0.201303 0.278531
v 0.124694 0.164292 0.288562
v 0.135817 0.186959 0.287194
v 0.148814 0.206766 0.285142
v 0.133970 0.215100 0.289023
v 0.150530 0.233619 0.285543
v 0.162735 0.224970 0.281232
v 0.173839 0.217694 0.274706
v 0.116809 0.194464 0.291420
v 0.098365 0.206341 0.291801
v 0.119213 0.225917 0.289875
v 0.105930 0.239078 0.286750
v 0.126290 0.255894 0.284450
v 0.138144 0.244184 0.286575
v 0.083322 0.221725 0.288376
v 0.071287 0.238010 0.280800
v 0.094358 0.253127 0.279938
v 0.046502 0.224670 0.281652
v 0.037544 0.242043 0.270557
v 0.061022 0.253677 0.269632
v 0.019747 0.215551 0.282011
v 0.013885 0.234632 0.271294
v -0.008660 0.213934 0.281910
v -0.009574 0.233156 0.271258
v -0.011373 0.248205 0.259067
v 0.008374 0.249928 0.258538
v 0.029106 0.256934 0.257043
v 0.002343 0.261960 0.245181
v 0.019958 0.269158 0.242099
v -0.004190 0.270910 0.232762
v 0.009002 0.277940 0.228207
v -0.002161 0.283774 0.217509
v 0.006689 0.294580 0.207773
v -0.010840 0.276995 0.223026
v -0.012726 0.286885 0.211479
v -0.016534 0.268576 0.234623
v -0.018889 0.274636 0.225335
v -0.027983 0.270991 0.234063
v -0.026888 0.276750 0.224456
v -0.039026 0.277481 0.231437
v -0.034484 0.282817 0.221112
v -0.028936 0.286203 0.213771
v -0.042358 0.291945 0.215367
v -0.033375 0.295193 0.206751
v -0.022490 0.296850 0.201957
v -0.021596 0.287819 0.210248
v -0.008967 0.296818 0.202007
v -0.024479 0.308389 0.189819
v -0.038988 0.306202 0.196723
v -0.046132 0.317916 0.183823
v -0.029218 0.320587 0.173812
v -0.055823 0.328489 0.168416
v -0.037711 0.331538 0.155031
v -0.067502 0.336602 0.150924
v -0.048893 0.339560 0.134537
v -0.028146 0.343245 0.120559
v -0.061460 0.343879 0.112220
v -0.040334 0.347456 0.096532
v -0.019010 0.351379 0.083544
v -0.006684 0.347239 0.107812
v 0.000316 0.354589 0.072774
v 0.013288 0.351273 0.094304
v 0.047842 0.348350 0.099667
v 0.067670 0.342990 0.123922
v 0.088207 0.338776 0.148925
v 0.106307 0.339772 0.131251
v 0.124050 0.337137 0.157819
v 0.107395 0.335928 0.173010
v 0.125218 0.335688 0.114235
v 0.141691 0.333484 0.143739
v 0.154718 0.331336 0.171354
v 0.138769 0.335050 0.182667
v 0.145811 0.327080 0.099415
v 0.160212 0.325271 0.131123
v 0.171316 0.323234 0.161360
v 0.178784 0.321075 0.189260
v 0.164107 0.328998 0.196651
v 0.179053 0.312980 0.119860
v 0.188158 0.310775 0.152794
v 0.193212 0.309305 0.183480
v 0.195011 0.307282 0.210144
v 0.182554 0.318100 0.213974
v 0.205937 0.293794 0.208403
v 0.203152 0.291737 0.230939
v 0.193603 0.303427 0.232427
v 0.214226 0.278659 0.209977
v 0.217799 0.263017 0.216711
v 0.216235 0.247689 0.226671
v 0.203337 0.240536 0.250725
v 0.196194 0.247868 0.260919
v 0.193717 0.225922 0.259448
v 0.185637 0.233498 0.268525
v 0.176250 0.241394 0.275613
v 0.188393 0.256252 0.267827
v 0.179371 0.265414 0.272315
v 0.190194 0.277760 0.261885
v 0.165967 0.250653 0.279946
v 0.155060 0.260736 0.281717
v 0.169528 0.275561 0.274217
v 0.159325 0.285738 0.273953
v 0.170977 0.297642 0.264423
v 0.180930 0.287714 0.264003
v 0.144258 0.271751 0.280277
v 0.134185 0.282864 0.275985
v 0.149554 0.295794 0.271038
v 0.115558 0.268476 0.278500
v 0.106341 0.281220 0.269079
v 0.125527 0.293941 0.268436
v 0.084261 0.267544 0.268792
v 0.119125 0.304539 0.258300
v 0.134482 0.313346 0.258277
v 0.141036 0.305036 0.265889
v 0.161148 0.306540 0.263408
v 0.168456 0.315055 0.252288
v 0.178790 0.306835 0.251609
v 0.171179 0.321352 0.237576
v 0.182619 0.313609 0.234743
v 0.188997 0.297157 0.250146
v 0.197971 0.286513 0.248542
v 0.169646 0.325886 0.218839
v 0.157116 0.330218 0.224489
v 0.149889 0.332964 0.205030
v 0.145614 0.331017 0.230424
v 0.136857 0.332990 0.214276
v 0.123929 0.334281 0.194965
v 0.110914 0.329175 0.208343
v 0.091828 0.329633 0.189291
v 0.166764 0.314929 0.086361
v -0.075171 0.343593 0.087267
v -0.089290 0.338662 0.058926
v -0.081368 0.340858 0.131122
v -0.098643 0.338972 0.153511
v -0.083737 0.334212 0.169930
v -0.096925 0.332368 0.190878
v -0.112178 0.338272 0.178433
v -0.070885 0.325783 0.184360
v -0.083639 0.322998 0.202202
v -0.094310 0.319839 0.220819
v -0.107971 0.330383 0.212096
v -0.060059 0.314900 0.196843
v -0.071463 0.311448 0.212133
v -0.081483 0.307160 0.228543
v -0.090588 0.301850 0.244854
v -0.104001 0.315880 0.238830
v -0.060374 0.299015 0.220393
v -0.068784 0.293703 0.235027
v -0.076942 0.286975 0.249889
v -0.085461 0.278796 0.263711
v -0.099864 0.295406 0.259775
v -0.056115 0.280869 0.240099
v -0.062436 0.272686 0.253829
v -0.069701 0.262602 0.266793
v -0.078768 0.250739 0.277719
v -0.095396 0.269407 0.275327
v -0.046888 0.260511 0.256681
v -0.051930 0.248376 0.269024
v -0.059250 0.233601 0.279607
v -0.090894 0.237798 0.285633
v -0.031886 0.237970 0.270562
v -0.035875 0.220175 0.280983
v -0.029816 0.251939 0.258399
v -0.042810 0.270148 0.243701
v -0.028833 0.262795 0.245819
v -0.013739 0.259892 0.246334
v -0.049588 0.287259 0.226864
v -0.050575 0.303157 0.207262
v -0.107085 0.225302 0.289556
v -0.122026 0.249752 0.288208
v -0.107396 0.259322 0.283705
v -0.134474 0.272068 0.286146
v -0.121343 0.279961 0.281152
v -0.109862 0.287931 0.272174
v -0.133310 0.298642 0.277661
v -0.122829 0.305111 0.268217
v -0.113191 0.310931 0.255012
v -0.134457 0.319642 0.263599
v -0.125975 0.324185 0.249627
v -0.117286 0.327753 0.232127
v -0.138260 0.334043 0.244144
v -0.131041 0.336466 0.225197
v -0.122494 0.337730 0.202940
v -0.145174 0.341329 0.218910
v -0.138579 0.341159 0.194197
v -0.160049 0.342313 0.214173
v -0.155821 0.340534 0.187654
v -0.174647 0.339882 0.211964
v -0.173649 0.336627 0.185803
v -0.188209 0.334898 0.211952
v -0.189518 0.330115 0.187808
v -0.192315 0.321795 0.158893
v -0.202630 0.321704 0.192796
v -0.207631 0.311497 0.167112
v -0.215382 0.297937 0.137428
v -0.197138 0.310110 0.125778
v -0.218544 0.299903 0.178423
v -0.227594 0.284849 0.152849
v -0.224377 0.286985 0.192200
v -0.234351 0.270704 0.170270
v -0.246921 0.252165 0.146587
v -0.235423 0.255397 0.189026
v -0.262563 0.232995 0.122401
v -0.279585 0.215539 0.099816
v -0.299145 0.185017 0.096634
v -0.303822 0.164945 0.112812
v -0.316912 0.154451 0.086761
v -0.311152 0.173850 0.073514
v -0.325897 0.143877 0.060408
v -0.319144 0.163606 0.049290
v -0.331595 0.132833 0.032647
v -0.324131 0.153303 0.023289
v -0.314261 0.172025 0.015400
v -0.301220 0.190195 0.010751
v -0.327399 0.142425 -0.004099
v -0.330172 0.131672 -0.030699
v -0.334407 0.122506 -0.052822
v -0.285022 0.209205 0.011712
v -0.281625 0.201715 -0.018357
v -0.262412 0.222367 -0.014748
v -0.274863 0.192901 -0.049825
v -0.255504 0.215494 -0.043530
v -0.260997 0.187458 -0.079724
v -0.242862 0.210638 -0.070133
v -0.225311 0.206655 -0.095612
v -0.208110 0.230468 -0.080232
v -0.194651 0.252083 -0.060070
v -0.160270 0.277217 -0.049876
v -0.184313 0.270864 -0.035178
v -0.150535 0.295220 -0.020121
v -0.174990 0.287630 -0.005873
v -0.198578 0.278456 0.006759
v -0.165265 0.303016 0.027515
v -0.190644 0.292960 0.040751
v -0.140007 0.310674 0.011888
v -0.125878 0.302146 -0.034021
v -0.115359 0.317071 -0.003745
v -0.103006 0.329346 0.027631
v -0.091872 0.322147 -0.018334
v -0.102397 0.308687 -0.046021
v -0.070548 0.325096 -0.032258
v -0.052111 0.323772 -0.047199
v -0.015483 0.329045 -0.039148
v 0.001437 0.340125 -0.011544
v 0.015170 0.348141 0.013961
v -0.134569 0.284321 -0.063368
v -0.332108 0.122289 0.073005
v -0.337474 0.110545 0.043537
v -0.338401 0.099703 0.087655
v -0.343063 0.087107 0.056852
v -0.322910 0.133205 0.100728
v -0.329482 0.111372 0.115880
v -0.309717 0.142599 0.127467
v -0.316501 0.120743 0.142127
v -0.323906 0.100542 0.158041
v -0.299953 0.126717 0.167407
v -0.307996 0.106602 0.180856
v -0.316048 0.089741 0.195602
v -0.331352 0.083173 0.175958
v -0.323254 0.076218 0.211345
v -0.337951 0.069604 0.195829
v -0.328912 0.064982 0.227328
v -0.343007 0.058895 0.215279
v -0.354833 0.048721 0.203330
v -0.363699 0.034789 0.192532
v -0.346295 0.049688 0.233312
v -0.357247 0.040909 0.224056
v -0.365229 0.028686 0.215636
v -0.357570 0.033870 0.241811
v -0.364426 0.023282 0.235006
v -0.368269 0.010395 0.228907
v -0.360945 0.017934 0.250717
v -0.364223 0.006622 0.245114
v -0.353789 0.012699 0.262618
v -0.356738 0.001622 0.257473
v -0.342418 0.007337 0.271581
v -0.345213 -0.004070 0.266717
v -0.347116 -0.015359 0.259717
v -0.330182 -0.010548 0.273326
v -0.333092 -0.021898 0.266258
v -0.347433 -0.025785 0.250557
v -0.345788 -0.035945 0.238798
v -0.312124 -0.017799 0.277230
v -0.317010 -0.029241 0.269894
v -0.291760 -0.026332 0.278596
v -0.299163 -0.038015 0.270275
v -0.269574 -0.036378 0.278065
v -0.279730 -0.048744 0.268221
v -0.291237 -0.058196 0.255934
v -0.259276 -0.061474 0.264996
v -0.246275 -0.048351 0.276411
v -0.222807 -0.062562 0.274622
v -0.235134 -0.032522 0.284443
v -0.208151 -0.045857 0.284019
v -0.226627 -0.014054 0.288535
v -0.195946 -0.025383 0.289597
v -0.222055 0.006957 0.288428
v -0.188792 -0.000444 0.290723
v -0.251676 0.012690 0.286700
v -0.252024 0.031063 0.281763
v -0.254922 -0.005173 0.287691
v -0.280740 0.002169 0.286301
v -0.278057 0.017670 0.284706
v -0.261112 -0.021731 0.284696
v -0.285458 -0.012684 0.284159
v -0.307565 -0.005039 0.282086
v -0.303797 0.008456 0.283714
v -0.323563 0.013718 0.279608
v -0.321057 0.025471 0.277608
v -0.301298 0.021970 0.281805
v -0.326755 0.001590 0.277945
v -0.319648 0.036625 0.271754
v -0.300183 0.035145 0.276231
v -0.277685 0.032986 0.279556
v -0.300068 0.047391 0.267851
v -0.279585 0.047227 0.271462
v -0.256490 0.048498 0.273352
v -0.318535 0.047396 0.262397
v -0.316826 0.057608 0.250935
v -0.332574 0.055140 0.242422
v -0.313374 0.067706 0.238374
v -0.334609 0.045741 0.255885
v -0.347638 0.041551 0.248714
v -0.307189 0.078509 0.225968
v -0.298907 0.091623 0.213814
v -0.280828 0.089054 0.230863
v -0.289653 0.108023 0.202529
v -0.269553 0.104794 0.223009
v -0.247783 0.097015 0.242109
v -0.262691 0.082220 0.246630
v -0.258876 0.124952 0.216165
v -0.235324 0.117519 0.237868
v -0.225548 0.141752 0.235211
v -0.199374 0.133388 0.255361
v -0.217875 0.168113 0.235580
v -0.193731 0.160501 0.255636
v -0.166797 0.155267 0.271525
v -0.169544 0.125793 0.271752
v -0.136533 0.153379 0.283172
v -0.135556 0.121175 0.284219
v -0.098690 0.083610 0.294875
v -0.057002 0.080291 0.300161
v -0.059506 0.043156 0.302145
v -0.101776 0.048260 0.297040
v -0.063103 0.006566 0.303005
v -0.105455 0.012869 0.298734
v -0.016815 0.038673 0.304651
v -0.020506 0.001437 0.305394
v -0.024619 -0.036212 0.304579
v 0.022250 -0.003089 0.305529
v 0.018287 -0.040719 0.304741
v 0.014742 -0.079520 0.302346
v -0.028805 -0.075420 0.302215
v 0.061043 -0.044873 0.302706
v 0.057763 -0.083111 0.300354
v 0.103925 -0.049190 0.298464
v 0.099541 -0.085666 0.296093
v 0.065389 -0.007735 0.303571
v 0.108759 -0.013090 0.299755
v 0.026523 0.034369 0.304811
v -0.013665 0.076505 0.302804
v 0.030710 0.072771 0.302681
v -0.167520 0.183553 0.272752
v -0.142031 0.183611 0.283288
v -0.170427 0.210181 0.274978
v -0.149254 0.211381 0.283955
v -0.127562 0.216420 0.289000
v -0.156889 0.236848 0.284580
v -0.138953 0.241973 0.288418
v -0.164202 0.259766 0.284130
v -0.149088 0.265205 0.287062
v -0.171024 0.280170 0.281860
v -0.157867 0.285789 0.284192
v -0.145107 0.292128 0.282934
v -0.165296 0.303590 0.279363
v -0.153891 0.309153 0.278267
v -0.143609 0.314552 0.273200
v -0.170897 0.317999 0.272340
v -0.181698 0.312474 0.269822
v -0.184799 0.323903 0.259950
v -0.174528 0.328915 0.262716
v -0.176916 0.297709 0.277153
v -0.188054 0.291781 0.272188
v -0.191865 0.305901 0.264858
v -0.183410 0.275314 0.276668
v -0.178869 0.256393 0.278011
v -0.174366 0.234528 0.277056
v -0.190437 0.235499 0.266622
v -0.204064 0.239913 0.253877
v -0.189871 0.212507 0.262403
v -0.207023 0.218475 0.246864
v -0.221014 0.227797 0.228699
v -0.214953 0.248430 0.239398
v -0.190826 0.187293 0.258357
v -0.211481 0.194151 0.240125
v -0.222320 0.259921 0.223585
v -0.215374 0.276166 0.236796
v -0.231120 0.240385 0.208798
v -0.225711 0.273398 0.207513
v -0.216704 0.300635 0.211384
v -0.217676 0.288389 0.223857
v -0.210627 0.300511 0.237440
v -0.208575 0.288757 0.248129
v -0.203082 0.309846 0.247950
v -0.201013 0.298322 0.257534
v -0.194643 0.317591 0.255131
v -0.186568 0.331816 0.247270
v -0.187248 0.335546 0.231611
v -0.175668 0.339823 0.233116
v -0.175753 0.336104 0.249921
v -0.163018 0.341525 0.235591
v -0.150590 0.339901 0.239190
v -0.211631 0.311730 0.200727
v -0.280424 0.128569 0.192295
v 0.117546 0.137869 0.289580
v 0.176686 0.124148 0.268390
v 0.199387 0.135440 0.252488
v 0.212891 0.115666 0.252475
v 0.190361 0.102221 0.268697
v 0.230186 0.096958 0.254607
v 0.210315 0.082737 0.269905
v 0.249543 0.080375 0.258148
v 0.233316 0.066483 0.271763
v 0.218076 0.049380 0.282332
v 0.257174 0.053139 0.273742
v 0.245975 0.037182 0.282808
v 0.237127 0.018427 0.288400
v 0.204936 0.028558 0.289271
v 0.231829 -0.002690 0.289897
v 0.196769 0.003246 0.291884
v 0.266443 0.010914 0.287443
v 0.272645 0.027520 0.282800
v 0.297076 0.019854 0.281572
v 0.280496 0.042390 0.274958
v 0.302515 0.033612 0.274553
v 0.322264 0.026529 0.271922
v 0.308159 0.045720 0.265384
v 0.325572 0.038343 0.263116
v 0.340810 0.031911 0.258503
v 0.341453 0.042404 0.247361
v 0.339936 0.053294 0.233884
v 0.351771 0.045043 0.225392
v 0.348252 0.057893 0.206490
v 0.335522 0.066054 0.218607
v 0.328719 0.081615 0.202111
v 0.342703 0.074670 0.186295
v 0.313115 0.084514 0.217719
v 0.302613 0.102080 0.204032
v 0.320511 0.100031 0.184801
v 0.297635 0.082728 0.233151
v 0.284213 0.098866 0.223619
v 0.283194 0.076412 0.248103
v 0.266530 0.091299 0.241918
v 0.249866 0.108786 0.236134
v 0.234143 0.128114 0.232521
v 0.219790 0.147581 0.233335
v 0.269687 0.066356 0.261901
v 0.289508 0.054835 0.264707
v 0.329293 0.114366 0.146621
v 0.336105 0.093806 0.166254
v 0.341655 0.106420 0.126792
v 0.347886 0.084913 0.147126
v 0.323873 0.133970 0.127519
v 0.333796 0.096510 -0.010266
v 0.321784 0.086926 -0.050443
v 0.333647 0.072430 -0.021680
v 0.343823 0.056681 0.007815
v 0.331750 0.048730 -0.033064
v 0.341833 0.032996 -0.004427
v 0.349806 0.016349 0.024364
v 0.352506 0.039326 0.037957
v 0.355794 -0.000753 0.053270
v 0.359174 0.020874 0.066712
v 0.359246 -0.016717 0.081447
v 0.363900 0.003226 0.093944
v 0.365863 0.020973 0.108879
v 0.366362 -0.011404 0.118209
v 0.369077 0.002966 0.131072
v 0.350814 -0.022855 0.040287
v 0.352897 -0.038619 0.069852
v 0.345494 -0.045085 0.027063
v 0.345865 -0.061182 0.056247
v 0.340093 -0.066899 0.012569
v 0.339186 -0.083741 0.041779
v 0.334624 -0.099248 0.071552
v 0.327173 -0.122031 0.056530
v 0.318222 -0.136619 0.085646
v 0.326023 -0.113548 0.101465
v 0.305063 -0.150589 0.114225
v 0.312448 -0.126850 0.130184
v 0.303562 -0.114020 0.172759
v 0.283326 -0.119302 0.198206
v 0.294049 -0.098847 0.208888
v 0.312929 -0.093935 0.187529
v 0.304349 -0.083267 0.220250
v 0.321371 -0.078789 0.203218
v 0.328109 -0.067255 0.218710
v 0.332490 -0.058306 0.233336
v 0.333662 -0.050413 0.247410
v 0.316541 -0.047228 0.264327
v 0.332961 -0.042765 0.260032
v 0.346021 -0.036215 0.254854
v 0.311038 -0.158430 0.070746
v 0.299169 -0.172371 0.097160
v 0.319268 -0.144185 0.042299
v 0.309913 -0.165612 0.030939
v 0.314739 -0.151903 0.001374
v 0.301335 -0.173331 -0.006891
v 0.297760 -0.185667 0.022486
v 0.284190 -0.193812 -0.013466
v 0.282101 -0.205569 0.017443
v 0.264769 -0.214359 -0.017620
v 0.263144 -0.225696 0.013953
v 0.244804 -0.233230 -0.020949
v 0.242720 -0.244519 0.008839
v 0.222120 -0.260298 0.002280
v 0.215334 -0.272549 0.032844
v 0.201843 -0.272311 -0.006292
v 0.193106 -0.285322 0.022260
v 0.182362 -0.298306 0.054267
v 0.206195 -0.285374 0.066559
v 0.170789 -0.294772 0.009637
v 0.158608 -0.307861 0.039847
v 0.148534 -0.302174 -0.004196
v 0.181713 -0.280803 -0.017643
v 0.160870 -0.287042 -0.031157
v 0.139380 -0.292417 -0.045450
v 0.172835 -0.270296 -0.055049
v 0.151806 -0.273913 -0.070563
v 0.129362 -0.278286 -0.085282
v 0.117500 -0.297200 -0.059547
v 0.106971 -0.283647 -0.097308
v 0.096135 -0.301710 -0.072400
v 0.086332 -0.287781 -0.107268
v 0.075879 -0.304296 -0.084215
v 0.185423 -0.251456 -0.075181
v 0.200704 -0.230131 -0.090571
v 0.219718 -0.206481 -0.101397
v 0.234332 -0.213784 -0.075145
v 0.242544 -0.222729 -0.048618
v 0.222020 -0.172500 -0.136093
v 0.241993 -0.147413 -0.142308
v 0.222674 -0.136190 -0.166225
v 0.201992 -0.160921 -0.161339
v 0.182633 -0.144976 -0.184561
v 0.164263 -0.124253 -0.204206
v 0.137003 -0.150016 -0.202418
v 0.088501 -0.152847 -0.219263
v 0.066795 -0.129283 -0.235095
v 0.039391 -0.110857 -0.245513
v 0.023983 -0.059073 -0.255549
v 0.007971 -0.095976 -0.251651
v -0.005947 -0.129299 -0.244526
v -0.026207 -0.083087 -0.253738
v -0.038711 -0.118845 -0.245863
v -0.049066 -0.151921 -0.234023
v -0.016305 -0.159407 -0.234150
v -0.056159 -0.182798 -0.218429
v -0.022675 -0.187547 -0.219302
v -0.059854 -0.210950 -0.199137
v -0.026299 -0.214536 -0.200423
v 0.005390 -0.216569 -0.199495
v -0.029481 -0.239767 -0.177971
v 0.001969 -0.242408 -0.177057
v -0.032637 -0.262799 -0.152824
v -0.002197 -0.266139 -0.151857
v 0.026846 -0.268009 -0.149381
v 0.052954 -0.268543 -0.145178
v -0.036515 -0.283220 -0.125221
v -0.064165 -0.258249 -0.152108
v -0.066817 -0.277594 -0.125254
v -0.071055 -0.294156 -0.096421
v -0.041331 -0.301229 -0.095640
v -0.097132 -0.271371 -0.124004
v -0.100077 -0.286274 -0.096666
v -0.126011 -0.265586 -0.121642
v -0.127849 -0.278300 -0.096411
v -0.157999 -0.278533 -0.071341
v -0.189409 -0.272544 -0.048606
v -0.210946 -0.261095 -0.054674
v -0.221100 -0.261427 -0.027230
v -0.199236 -0.274221 -0.020106
v -0.231268 -0.259204 0.000998
v -0.210060 -0.273520 0.010227
v -0.241687 -0.254276 0.030203
v -0.220795 -0.269772 0.041739
v -0.251023 -0.245912 0.059579
v -0.260251 -0.239807 0.019129
v -0.269480 -0.230948 0.046041
v -0.276770 -0.226254 0.009374
v -0.284909 -0.217591 0.033839
v -0.290283 -0.212272 0.000441
v -0.298410 -0.203622 0.024556
v -0.309245 -0.187810 0.016437
v -0.301424 -0.196940 -0.007661
v -0.309437 -0.179276 -0.016172
v -0.318148 -0.169470 0.009695
v -0.281543 -0.219924 -0.023197
v -0.291985 -0.205884 -0.031474
v -0.282887 -0.214273 -0.052868
v -0.272628 -0.226103 -0.045982
v -0.267426 -0.232915 -0.015796
v -0.258557 -0.237498 -0.040367
v -0.250724 -0.245836 -0.007609
v -0.240800 -0.249160 -0.034326
v -0.324527 -0.147830 0.003403
v -0.323968 -0.160681 0.035054
v -0.315401 -0.158446 -0.024499
v -0.319291 -0.134438 -0.032653
v -0.329476 -0.122901 -0.002770
v -0.332196 -0.096544 -0.011298
v -0.321616 -0.108686 -0.041027
v -0.322068 -0.082537 -0.049976
v -0.333219 -0.069951 -0.020669
v -0.309444 -0.119972 -0.069373
v -0.309850 -0.093755 -0.077690
v -0.309186 -0.067746 -0.085978
v -0.321596 -0.056442 -0.058918
v -0.296628 -0.129664 -0.096186
v -0.296518 -0.103663 -0.103992
v -0.295824 -0.077296 -0.111534
v -0.295102 -0.051276 -0.118366
v -0.308497 -0.042075 -0.093731
v -0.282675 -0.111685 -0.128396
v -0.281316 -0.085451 -0.135499
v -0.280478 -0.058512 -0.141610
v -0.280690 -0.031817 -0.146005
v -0.295291 -0.025715 -0.123884
v -0.265775 -0.092039 -0.157476
v -0.264149 -0.064474 -0.163266
v -0.264076 -0.035968 -0.167019
v -0.266010 -0.007446 -0.167851
v -0.245907 -0.069211 -0.182988
v -0.244750 -0.039166 -0.186652
v -0.245923 -0.007829 -0.187179
v -0.222452 -0.041793 -0.204421
v -0.221964 -0.008572 -0.205509
v -0.196631 -0.044502 -0.219747
v -0.194465 -0.008688 -0.221351
v -0.195082 0.027394 -0.219633
v -0.198995 0.060625 -0.214631
v -0.167189 -0.047540 -0.232069
v -0.201400 -0.078259 -0.214897
v -0.174175 -0.083805 -0.226401
v -0.143649 -0.090819 -0.234630
v -0.133757 -0.052493 -0.241765
v -0.109680 -0.099860 -0.240433
v -0.098247 -0.061050 -0.248524
v -0.073999 -0.109060 -0.244174
v -0.061836 -0.071542 -0.252779
v -0.048692 -0.031691 -0.257609
v -0.033838 0.009336 -0.259856
v -0.011888 -0.044843 -0.258627
v 0.003242 -0.004837 -0.260343
v 0.018449 0.035059 -0.259849
v 0.040604 -0.019262 -0.257131
v 0.055152 0.021992 -0.256198
v -0.084792 -0.144492 -0.231860
v -0.183607 -0.116539 -0.217783
v -0.207991 -0.109481 -0.207763
v -0.216520 -0.137060 -0.199019
v -0.194995 -0.145379 -0.207649
v -0.225542 -0.160761 -0.190175
v -0.208708 -0.168412 -0.197371
v -0.234347 -0.179993 -0.181828
v -0.221059 -0.186552 -0.188497
v -0.208468 -0.194708 -0.189749
v -0.231451 -0.199990 -0.181009
v -0.222206 -0.206047 -0.182462
v -0.215159 -0.213277 -0.178364
v -0.196930 -0.205472 -0.185429
v -0.210073 -0.221814 -0.169347
v -0.190103 -0.217943 -0.174590
v -0.208228 -0.230185 -0.155365
v -0.186665 -0.230356 -0.159243
v -0.160577 -0.230556 -0.162739
v -0.128121 -0.249656 -0.145385
v -0.128919 -0.230431 -0.169039
v -0.095941 -0.253578 -0.149815
v -0.095545 -0.232521 -0.173875
v -0.061922 -0.236137 -0.176983
v -0.225742 -0.223514 -0.165552
v -0.225132 -0.229134 -0.153363
v -0.236286 -0.223374 -0.163903
v -0.238022 -0.226432 -0.152779
v -0.241023 -0.229391 -0.138645
v -0.250707 -0.223246 -0.140719
v -0.255919 -0.224262 -0.126168
v -0.246132 -0.222112 -0.153900
v -0.250993 -0.215017 -0.156004
v -0.256462 -0.215099 -0.143292
v -0.243218 -0.220624 -0.163661
v -0.245620 -0.215508 -0.165907
v -0.245085 -0.207057 -0.169495
v -0.252094 -0.205228 -0.159634
v -0.237998 -0.209897 -0.175601
v -0.240805 -0.195542 -0.174997
v -0.232329 -0.213281 -0.176968
v -0.227834 -0.218233 -0.173741
v -0.246801 -0.174984 -0.170856
v -0.250852 -0.191729 -0.164398
v -0.259227 -0.170357 -0.155700
v -0.260423 -0.188875 -0.150200
v -0.259861 -0.203602 -0.146088
v -0.270328 -0.186215 -0.132270
v -0.267228 -0.202796 -0.130090
v -0.262737 -0.215097 -0.128354
v -0.270958 -0.166220 -0.137089
v -0.270097 -0.143325 -0.143428
v -0.283371 -0.137297 -0.121233
v -0.256059 -0.148990 -0.162651
v -0.252389 -0.124565 -0.170022
v -0.267920 -0.118632 -0.150608
v -0.241530 -0.154389 -0.178284
v -0.235226 -0.130626 -0.186402
v -0.229630 -0.103418 -0.194027
v -0.248573 -0.097988 -0.177178
v -0.225027 -0.073753 -0.200407
v -0.308216 -0.017685 -0.100621
v -0.320556 -0.031242 -0.067748
v -0.332590 -0.043889 -0.030489
v -0.342703 -0.056353 0.010033
v 0.239237 -0.113541 -0.168956
v 0.258526 -0.124387 -0.147582
v 0.271760 -0.103685 -0.150149
v 0.289930 -0.112832 -0.130580
v 0.299711 -0.097127 -0.132276
v 0.283334 -0.086034 -0.149085
v 0.306586 -0.117551 -0.112346
v 0.314648 -0.104254 -0.117044
v 0.320318 -0.094049 -0.117032
v 0.307919 -0.085297 -0.130096
v 0.331273 -0.100138 -0.106221
v 0.324478 -0.086326 -0.113664
v 0.326360 -0.079761 -0.107790
v 0.313918 -0.076501 -0.124969
v 0.303158 -0.064523 -0.135982
v 0.294055 -0.073067 -0.143736
v 0.292461 -0.049096 -0.145116
v 0.296400 -0.029215 -0.135399
v 0.283138 -0.029403 -0.151764
v 0.276834 -0.005577 -0.154654
v 0.292021 -0.008650 -0.135438
v 0.289646 0.014293 -0.132860
v 0.273743 0.020249 -0.153984
v 0.307343 -0.033008 -0.118733
v 0.304555 -0.014821 -0.115657
v 0.303373 0.006047 -0.110802
v 0.303564 0.028648 -0.104360
v 0.289404 0.038558 -0.127932
v 0.315389 -0.024071 -0.095196
v 0.315080 -0.004622 -0.087983
v 0.316135 0.016851 -0.079723
v 0.317924 0.039632 -0.070676
v 0.305083 0.052230 -0.096463
v 0.325103 -0.017575 -0.064329
v 0.326788 0.003225 -0.054351
v 0.329321 0.025492 -0.043846
v 0.320178 0.063117 -0.060763
v 0.335597 -0.011988 -0.028066
v 0.338699 0.010064 -0.016442
v 0.341842 -0.028327 -0.001115
v 0.346088 -0.006319 0.011773
v 0.332799 -0.032600 -0.039970
v 0.338062 -0.049316 -0.014419
v 0.331097 -0.051065 -0.052147
v 0.324253 -0.036210 -0.074084
v 0.324685 -0.051895 -0.083458
v 0.330343 -0.066261 -0.064987
v 0.325639 -0.063989 -0.092388
v 0.331269 -0.076864 -0.077864
v 0.326784 -0.072958 -0.100487
v 0.316623 -0.040736 -0.101464
v 0.308883 0.099949 -0.077898
v 0.307028 0.076176 -0.087590
v 0.294889 0.111704 -0.104023
v 0.292811 0.087788 -0.112975
v 0.290613 0.063265 -0.121172
v 0.277329 0.098138 -0.136689
v 0.274706 0.072848 -0.144292
v 0.273194 0.046674 -0.150328
v 0.256938 0.081300 -0.165530
v 0.254701 0.053413 -0.171139
v 0.254753 0.024276 -0.174097
v 0.233310 0.059434 -0.190083
v 0.232020 0.027387 -0.192957
v 0.205146 0.031335 -0.210192
v -0.227466 -0.153969 0.221435
v -0.243296 -0.167176 0.198716
v -0.216734 -0.171161 0.226582
v -0.230553 -0.184359 0.206850
v -0.241198 -0.199695 0.185046
v -0.255670 -0.182109 0.173086
v -0.246747 -0.216627 0.161378
v -0.229759 -0.214563 0.199044
v -0.234130 -0.231824 0.179592
v -0.221344 -0.226818 0.214452
v -0.225108 -0.243601 0.199660
v -0.220905 -0.199307 0.217061
v -0.213424 -0.211618 0.228534
v -0.207209 -0.221374 0.240452
v -0.208883 -0.186289 0.233462
v -0.200638 -0.160038 0.244134
v -0.195155 -0.176243 0.248149
v -0.179812 -0.169455 0.261434
v -0.319946 -0.319944 -0.079995
v -0.319946 -0.319944 -0.079995
v -0.319946 -0.319944 -0.079995
v -0.319953 -0.319942 -0.079995
v -0.319953 -0.319942 -0.079995
v -0.319946 -0.319944 -0.079995
v -0.319953 -0.319942 -0.079995
v -0.319953 -0.319942 -0.079995
v -0.319953 -0.319942 -0.079995
v -0.319946 -0.319944 -0.079995
v -0.319953 -0.319942 -0.079995
v -0.319953 -0.319942 -0.079995
v -0.319946 -0.319944 -0.079995
v -0.319946 -0.319944 -0.079995
v -0.319953 -0.319942 -0.079995
v -0.319953 -0.319942 -0.079995
v -0.319946 -0.319944 -0.079995
v -0.319953 -0.319942 -0.079995
v -0.319946 -0.319944 -0.079995
v -0.319946 -0.319944 -0.079995
v -0.319953 -0.319942 -0.079995
v -0.319946 -0.319944 -0.079995
v -0.237497 -0.451676 -0.165125
v -0.236802 -0.450735 -0.162890
v -0.215819 -0.493752 -0.210671
v -0.216102 -0.474756 -0.176503
v -0.228226 -0.452761 -0.165315
v -0.209590 -0.480447 -0.215187
v -0.208082 -0.493280 -0.209524
v -0.217332 -0.481013 -0.216444
v -0.236825 -0.454311 -0.168931
v -0.235385 -0.452238 -0.169309
v -0.236796 -0.450644 -0.164586
v -0.237164 -0.452917 -0.164010
v -0.236226 -0.456542 -0.168132
v -0.234268 -0.450299 -0.164494
v -0.234997 -0.451594 -0.162517
v -0.234732 -0.454524 -0.163591
v -0.216433 -0.491850 -0.212840
v -0.219881 -0.489240 -0.208071
v -0.217739 -0.492074 -0.206153
v -0.214556 -0.493440 -0.205346
v -0.213146 -0.494585 -0.210864
v -0.212999 -0.492943 -0.214599
v -0.219254 -0.473915 -0.174628
v -0.220407 -0.468194 -0.171094
v -0.216330 -0.471227 -0.175310
v -0.212806 -0.475261 -0.181942
v -0.214044 -0.478718 -0.181528
v -0.217194 -0.479479 -0.180859
v -0.231203 -0.451435 -0.164609
v -0.229072 -0.452221 -0.169250
v -0.225903 -0.454454 -0.169025
v -0.223444 -0.457719 -0.168780
v -0.227645 -0.455302 -0.164707
v -0.231406 -0.452955 -0.163050
v -0.211768 -0.480534 -0.216671
v -0.210527 -0.484840 -0.217606
v -0.208410 -0.483487 -0.215046
v -0.208026 -0.480389 -0.209767
v -0.210283 -0.477198 -0.211134
v -0.213319 -0.476060 -0.212256
v -0.207514 -0.491256 -0.211605
v -0.209660 -0.492698 -0.214052
v -0.210140 -0.494392 -0.210490
v -0.208377 -0.491686 -0.204991
v -0.206951 -0.488688 -0.206266
v -0.211045 -0.493313 -0.204838
v -0.219605 -0.477847 -0.212455
v -0.220945 -0.481092 -0.211713
v -0.217315 -0.484190 -0.216338
v -0.214754 -0.480818 -0.217071
v -0.216835 -0.476238 -0.212856
v -0.213874 -0.485093 -0.218184
v -0.217112 -0.488228 -0.215074
v -0.213227 -0.489431 -0.217047
v -0.209890 -0.489157 -0.216596
v -0.207517 -0.487567 -0.213591
v -0.206899 -0.484582 -0.208153
v -0.207777 -0.480421 -0.200349
v -0.209274 -0.475921 -0.202184
v -0.207877 -0.484820 -0.198805
v -0.209949 -0.480152 -0.190118
v -0.210007 -0.475488 -0.191485
v -0.209579 -0.488241 -0.197606
v -0.211589 -0.483571 -0.189321
v -0.212730 -0.489994 -0.197344
v -0.214918 -0.485175 -0.188791
v -0.216670 -0.489987 -0.197673
v -0.219164 -0.484727 -0.189047
v -0.221669 -0.478568 -0.180488
v -0.223681 -0.471871 -0.173465
v -0.223459 -0.482660 -0.189908
v -0.226154 -0.475978 -0.181031
v -0.228475 -0.469202 -0.173140
v -0.229976 -0.462483 -0.167381
v -0.225343 -0.465573 -0.168417
v -0.229880 -0.472530 -0.182127
v -0.232228 -0.465613 -0.173827
v -0.234010 -0.459623 -0.167346
v -0.231141 -0.457092 -0.163889
v -0.234578 -0.462131 -0.174857
v -0.231877 -0.468282 -0.183702
v -0.232000 -0.464466 -0.185024
v -0.234759 -0.458587 -0.176035
v -0.230066 -0.461194 -0.185989
v -0.233216 -0.456203 -0.176632
v -0.226727 -0.459709 -0.186137
v -0.229961 -0.454797 -0.176861
v -0.232748 -0.451736 -0.169281
v -0.226148 -0.455431 -0.176489
v -0.222498 -0.459776 -0.185764
v -0.218497 -0.462053 -0.184735
v -0.222229 -0.457470 -0.175943
v -0.215201 -0.465737 -0.183632
v -0.219334 -0.461394 -0.175163
v -0.213318 -0.470627 -0.182513
v -0.217225 -0.466131 -0.174936
v -0.221847 -0.462731 -0.169181
v -0.226441 -0.459600 -0.165663
v -0.211785 -0.470897 -0.192944
v -0.214907 -0.467136 -0.194528
v -0.212070 -0.472532 -0.203680
v -0.218962 -0.465271 -0.195612
v -0.215797 -0.470771 -0.204990
v -0.223117 -0.465159 -0.196222
v -0.219687 -0.471010 -0.205467
v -0.226562 -0.467180 -0.195893
v -0.222938 -0.472840 -0.205266
v -0.228505 -0.470485 -0.194946
v -0.224706 -0.476413 -0.204176
v -0.228608 -0.474877 -0.193276
v -0.224875 -0.480648 -0.202566
v -0.220931 -0.485330 -0.210062
v -0.223369 -0.484941 -0.200525
v -0.226797 -0.479059 -0.191531
v -0.220513 -0.488152 -0.198823
v -0.312788 0.423721 -0.201456
v -0.302624 0.421928 -0.223222
v -0.300507 0.417809 -0.218483
v -0.285703 0.419894 -0.140850
v -0.290393 0.427399 -0.147834
v -0.274639 0.416617 -0.144043
v -0.273691 0.419669 -0.144640
v -0.305637 0.429517 -0.216371
v -0.311486 0.423468 -0.194533
v -0.310099 0.420228 -0.195636
v -0.311755 0.421491 -0.204194
v -0.311764 0.423899 -0.209864
v -0.312368 0.425868 -0.204130
v -0.311015 0.426891 -0.195637
v -0.303032 0.420127 -0.222088
v -0.300095 0.419537 -0.220256
v -0.300359 0.422380 -0.220967
v -0.304431 0.423898 -0.222555
v -0.305834 0.421588 -0.221306
v -0.301789 0.425177 -0.220431
v -0.302906 0.417833 -0.218567
v -0.301431 0.416176 -0.211903
v -0.298333 0.416795 -0.213215
v -0.296955 0.419324 -0.214432
v -0.288359 0.419364 -0.144324
v -0.289868 0.422283 -0.144600
v -0.285747 0.421992 -0.140925
v -0.282837 0.418668 -0.140556
v -0.285656 0.417180 -0.144672
v -0.282065 0.421065 -0.139853
v -0.293079 0.428455 -0.153418
v -0.289992 0.429477 -0.154168
v -0.287303 0.427422 -0.147019
v -0.290238 0.425278 -0.145852
v -0.294530 0.425908 -0.152222
v -0.286376 0.424838 -0.142919
v -0.275653 0.415889 -0.148283
v -0.278446 0.415254 -0.147001
v -0.276217 0.416677 -0.142517
v -0.273599 0.417972 -0.143917
v -0.274396 0.417857 -0.148891
v -0.275263 0.418717 -0.141564
v -0.274987 0.420859 -0.143362
v -0.274251 0.420271 -0.149132
v -0.276097 0.422787 -0.148522
v -0.307969 0.428616 -0.215980
v -0.306544 0.426246 -0.220148
v -0.303971 0.427978 -0.218675
v -0.300997 0.429174 -0.213048
v -0.304120 0.430871 -0.211127
v -0.307431 0.430381 -0.209363
v -0.305300 0.431746 -0.199917
v -0.308783 0.429801 -0.197693
v -0.310439 0.428573 -0.206983
v -0.310317 0.426409 -0.213812
v -0.301214 0.431836 -0.201973
v -0.297495 0.432336 -0.190398
v -0.301881 0.432227 -0.188388
v -0.297417 0.430163 -0.203817
v -0.293167 0.430391 -0.192135
v -0.288917 0.430074 -0.179388
v -0.293227 0.431927 -0.177783
v -0.294327 0.426801 -0.205104
v -0.289978 0.427059 -0.193348
v -0.285427 0.426615 -0.180492
v -0.281498 0.425803 -0.167939
v -0.284764 0.428923 -0.166918
v -0.288229 0.422733 -0.193778
v -0.283837 0.422519 -0.180910
v -0.279631 0.421865 -0.168342
v -0.276509 0.421168 -0.157382
v -0.278113 0.424407 -0.156923
v -0.284033 0.418300 -0.180522
v -0.279992 0.418139 -0.168010
v -0.276456 0.417863 -0.157119
v -0.281978 0.415069 -0.166992
v -0.278431 0.415428 -0.156253
v -0.285700 0.413613 -0.165446
v -0.281488 0.414137 -0.154873
v -0.289943 0.413709 -0.163729
v -0.285634 0.414482 -0.153348
v -0.281838 0.415659 -0.145640
v -0.279507 0.417482 -0.141229
v -0.289476 0.416116 -0.152078
v -0.294310 0.415633 -0.162192
v -0.297500 0.418738 -0.161205
v -0.292713 0.418973 -0.151388
v -0.299294 0.422681 -0.161003
v -0.294252 0.422421 -0.151394
v -0.299076 0.426503 -0.161610
v -0.304132 0.422917 -0.172363
v -0.303855 0.427010 -0.172963
v -0.301549 0.430211 -0.174295
v -0.297208 0.429542 -0.162821
v -0.297841 0.432035 -0.176020
v -0.293561 0.431022 -0.164142
v -0.289232 0.430846 -0.165593
v -0.285657 0.428999 -0.155008
v -0.283376 0.426667 -0.147049
v -0.281566 0.427249 -0.156044
v -0.279149 0.424996 -0.147649
v -0.278226 0.422487 -0.142356
v -0.282045 0.423878 -0.141993
v -0.278123 0.419799 -0.140207
v -0.305679 0.430408 -0.186411
v -0.307988 0.427116 -0.184808
v -0.308450 0.423279 -0.184095
v -0.302528 0.418918 -0.172757
v -0.306852 0.419301 -0.184737
v -0.299094 0.415520 -0.174025
v -0.303586 0.416119 -0.186303
v -0.306977 0.417132 -0.197783
v -0.299141 0.414028 -0.188373
v -0.302855 0.415242 -0.200101
v -0.305247 0.416852 -0.209952
v -0.309033 0.418998 -0.207224
v -0.306279 0.419223 -0.217046
v -0.309493 0.421291 -0.214150
v -0.308560 0.424043 -0.218462
v -0.298484 0.414664 -0.202252
v -0.294668 0.413881 -0.190406
v -0.290798 0.415372 -0.192170
v -0.295046 0.416090 -0.203894
v -0.288651 0.418689 -0.193342
v -0.292954 0.418877 -0.205119
v -0.292832 0.422886 -0.205553
v -0.296870 0.422589 -0.214965
v -0.298452 0.426285 -0.214458
v -0.286424 0.415175 -0.179379
v -0.290107 0.413391 -0.177723
v -0.294770 0.413658 -0.175792
v 0.273472 -0.422064 -0.150400
v 0.274665 -0.419639 -0.144329
v 0.303156 -0.423789 -0.220229
v 0.302211 -0.415380 -0.212626
v 0.287608 -0.425652 -0.145422
v 0.287858 -0.418706 -0.144812
v 0.312373 -0.422286 -0.208810
v 0.304918 -0.431508 -0.212797
v 0.274849 -0.422572 -0.155939
v 0.274887 -0.419771 -0.155270
v 0.273695 -0.420303 -0.148872
v 0.274038 -0.421275 -0.145401
v 0.274629 -0.423396 -0.148689
v 0.276168 -0.425062 -0.155095
v 0.276632 -0.419579 -0.142879
v 0.276518 -0.422094 -0.143395
v 0.274923 -0.418433 -0.147445
v 0.277782 -0.417507 -0.146017
v 0.300354 -0.423979 -0.217451
v 0.301552 -0.427274 -0.216745
v 0.304886 -0.425866 -0.220013
v 0.304125 -0.421374 -0.219964
v 0.300417 -0.420504 -0.216668
v 0.306932 -0.423345 -0.219748
v 0.301392 -0.417274 -0.215124
v 0.304932 -0.418447 -0.217378
v 0.305105 -0.415965 -0.213227
v 0.303294 -0.414345 -0.205845
v 0.299901 -0.414355 -0.207138
v 0.297458 -0.416493 -0.208652
v 0.284642 -0.425814 -0.145026
v 0.284078 -0.423188 -0.142224
v 0.287689 -0.423499 -0.144092
v 0.291649 -0.424242 -0.149409
v 0.290067 -0.426774 -0.150231
v 0.287160 -0.428129 -0.151087
v 0.290697 -0.418193 -0.149576
v 0.291681 -0.420991 -0.149098
v 0.288001 -0.420831 -0.143906
v 0.284103 -0.420276 -0.141934
v 0.285258 -0.417909 -0.144367
v 0.287678 -0.416268 -0.150035
v 0.312002 -0.424757 -0.210963
v 0.311197 -0.425704 -0.203438
v 0.311610 -0.422117 -0.202821
v 0.311225 -0.420181 -0.210925
v 0.310791 -0.422722 -0.215011
v 0.310027 -0.418766 -0.203386
v 0.303563 -0.430049 -0.215245
v 0.299927 -0.431087 -0.208773
v 0.303009 -0.432503 -0.207257
v 0.307548 -0.430352 -0.213359
v 0.306586 -0.428333 -0.217498
v 0.306219 -0.431656 -0.205985
v 0.303489 -0.432379 -0.196033
v 0.306730 -0.429812 -0.194402
v 0.309362 -0.429208 -0.204906
v 0.310098 -0.427804 -0.212431
v 0.299428 -0.432984 -0.197493
v 0.295291 -0.432883 -0.185815
v 0.299402 -0.432239 -0.183963
v 0.295817 -0.431607 -0.199263
v 0.291033 -0.431389 -0.187369
v 0.286556 -0.430586 -0.175032
v 0.290631 -0.431906 -0.173304
v 0.292736 -0.428406 -0.200348
v 0.287940 -0.428271 -0.188691
v 0.283131 -0.427590 -0.176181
v 0.279261 -0.426539 -0.164642
v 0.282314 -0.429051 -0.163321
v 0.286115 -0.424025 -0.189033
v 0.281539 -0.423676 -0.176754
v 0.277491 -0.423134 -0.165151
v 0.281604 -0.419505 -0.176257
v 0.277795 -0.419560 -0.164781
v 0.283752 -0.415935 -0.175178
v 0.279657 -0.416449 -0.163542
v 0.276776 -0.417309 -0.154072
v 0.283187 -0.414486 -0.162026
v 0.279811 -0.415757 -0.152506
v 0.287293 -0.414039 -0.160309
v 0.283897 -0.415434 -0.151122
v 0.281350 -0.417336 -0.144805
v 0.280290 -0.419861 -0.141901
v 0.279946 -0.422671 -0.142202
v 0.280984 -0.425605 -0.145663
v 0.277145 -0.424671 -0.146961
v 0.283039 -0.428130 -0.152242
v 0.279283 -0.427108 -0.153744
v 0.286581 -0.430367 -0.161796
v 0.290616 -0.429978 -0.160194
v 0.295095 -0.431499 -0.171670
v 0.294139 -0.428171 -0.158976
v 0.298497 -0.429176 -0.170088
v 0.303088 -0.429856 -0.182516
v 0.300710 -0.425652 -0.169138
v 0.305079 -0.426004 -0.181277
v 0.308907 -0.426116 -0.193373
v 0.305433 -0.421683 -0.180987
v 0.309064 -0.421882 -0.192711
v 0.303605 -0.417548 -0.181279
v 0.307497 -0.417954 -0.193353
v 0.300347 -0.414453 -0.182539
v 0.304177 -0.414901 -0.194340
v 0.307096 -0.415949 -0.204823
v 0.300175 -0.413314 -0.195984
v 0.308416 -0.417767 -0.212325
v 0.308330 -0.420358 -0.217435
v 0.309239 -0.425731 -0.217491
v 0.295990 -0.412977 -0.183975
v 0.291786 -0.413409 -0.185867
v 0.296107 -0.413680 -0.197416
v 0.288254 -0.415790 -0.187397
v 0.293086 -0.415943 -0.199226
v 0.286371 -0.419566 -0.188721
v 0.291244 -0.419746 -0.200316
v 0.296169 -0.420004 -0.210210
v 0.291245 -0.424186 -0.200932
v 0.296022 -0.424157 -0.210558
v 0.297556 -0.428096 -0.210264
v 0.287188 -0.413704 -0.173434
v 0.291628 -0.413213 -0.171785
v 0.295807 -0.414568 -0.170139
v 0.291532 -0.415199 -0.159018
v 0.299232 -0.417505 -0.169185
v 0.294562 -0.417698 -0.158042
v 0.300805 -0.421409 -0.168677
v 0.296219 -0.421235 -0.157739
v 0.295875 -0.424935 -0.157976
v 0.509001 0.013446 -0.147923
v 0.511100 0.013559 -0.147626
v 0.510201 0.014118 -0.151592
v 0.493687 0.022328 -0.155662
v 0.493907 0.024654 -0.155998
v 0.516540 0.048838 -0.213580
v 0.527875 0.060859 -0.211090
v 0.524872 0.062057 -0.205006
v 0.523822 0.045357 -0.212953
v 0.494921 0.018935 -0.152239
v 0.495004 0.019812 -0.155649
v 0.494719 0.021019 -0.152234
v 0.509348 0.015038 -0.146983
v 0.511058 0.014205 -0.147238
v 0.505603 0.014378 -0.148661
v 0.505738 0.016300 -0.147522
v 0.506345 0.014253 -0.152885
v 0.512234 0.014718 -0.150609
v 0.512599 0.016381 -0.149612
v 0.512171 0.016493 -0.158239
v 0.508399 0.016321 -0.159767
v 0.514680 0.018091 -0.156537
v 0.496080 0.022153 -0.162008
v 0.494665 0.025235 -0.161487
v 0.494879 0.027773 -0.160404
v 0.495276 0.024336 -0.153863
v 0.497047 0.028967 -0.158507
v 0.513853 0.046025 -0.209300
v 0.516048 0.043506 -0.210008
v 0.518924 0.047772 -0.214531
v 0.517497 0.052027 -0.213435
v 0.513432 0.049775 -0.208208
v 0.520856 0.052011 -0.215783
v 0.526228 0.061947 -0.210097
v 0.524722 0.059969 -0.212871
v 0.527391 0.058610 -0.212955
v 0.528656 0.056050 -0.209657
v 0.528565 0.059314 -0.207702
v 0.526858 0.061465 -0.206347
v 0.523319 0.061834 -0.207265
v 0.522993 0.059856 -0.199926
v 0.520065 0.059515 -0.201455
v 0.525964 0.058520 -0.200068
v 0.521660 0.046427 -0.214363
v 0.519460 0.041903 -0.209671
v 0.522652 0.041752 -0.208601
v 0.525693 0.043903 -0.207168
v 0.525671 0.048062 -0.212878
v 0.523950 0.050532 -0.215523
v 0.525838 0.054851 -0.214805
v 0.522950 0.056273 -0.214878
v 0.527678 0.051958 -0.211516
v 0.527744 0.047580 -0.205336
v 0.528724 0.051817 -0.203124
v 0.527975 0.055708 -0.201299
v 0.526562 0.041913 -0.196482
v 0.527231 0.046149 -0.194275
v 0.526289 0.050306 -0.192375
v 0.523569 0.053537 -0.191465
v 0.524814 0.039556 -0.183819
v 0.523383 0.043652 -0.182169
v 0.520418 0.047062 -0.181330
v 0.516169 0.049038 -0.181737
v 0.520016 0.055257 -0.191611
v 0.520053 0.036495 -0.171602
v 0.516616 0.039761 -0.171067
v 0.512260 0.041913 -0.171527
v 0.507485 0.042414 -0.173052
v 0.511813 0.049250 -0.183212
v 0.513018 0.032484 -0.161655
v 0.508369 0.034570 -0.162311
v 0.503765 0.035430 -0.163808
v 0.499751 0.034755 -0.165873
v 0.503564 0.041228 -0.175243
v 0.505261 0.027845 -0.154983
v 0.500614 0.028923 -0.156508
v 0.502804 0.022106 -0.150304
v 0.498620 0.023596 -0.151861
v 0.501596 0.018060 -0.148540
v 0.497435 0.019590 -0.150090
v 0.501205 0.015685 -0.149812
v 0.497401 0.017472 -0.151054
v 0.502047 0.015563 -0.154055
v 0.497799 0.017415 -0.155051
v 0.503647 0.017222 -0.161116
v 0.499398 0.019388 -0.161883
v 0.506380 0.020747 -0.170331
v 0.501767 0.022855 -0.170997
v 0.498535 0.026051 -0.170773
v 0.505151 0.027624 -0.181495
v 0.501755 0.030957 -0.181053
v 0.500391 0.034873 -0.179680
v 0.496883 0.029556 -0.169717
v 0.500918 0.038546 -0.177615
v 0.497441 0.032719 -0.168044
v 0.504465 0.040489 -0.190232
v 0.505333 0.044497 -0.188004
v 0.507839 0.047647 -0.185495
v 0.509953 0.049861 -0.197956
v 0.512563 0.053239 -0.195409
v 0.516024 0.055195 -0.193122
v 0.517026 0.057435 -0.203846
v 0.514760 0.053864 -0.206250
v 0.519038 0.056123 -0.212073
v 0.521263 0.059652 -0.209772
v 0.509090 0.045668 -0.200124
v 0.509882 0.041648 -0.201626
v 0.505816 0.036385 -0.191740
v 0.508781 0.033002 -0.192362
v 0.512702 0.038481 -0.202226
v 0.516421 0.036635 -0.201922
v 0.513143 0.030977 -0.191880
v 0.517555 0.030660 -0.190572
v 0.520609 0.036540 -0.200598
v 0.509505 0.025431 -0.181005
v 0.514371 0.024968 -0.179541
v 0.518313 0.026135 -0.177590
v 0.521592 0.032313 -0.188460
v 0.511012 0.019907 -0.169005
v 0.515189 0.020785 -0.167067
v 0.517565 0.022850 -0.165125
v 0.521017 0.028948 -0.175226
v 0.521475 0.032554 -0.173195
v 0.524025 0.035440 -0.186170
v 0.518162 0.026043 -0.163227
v 0.516365 0.029354 -0.162072
v 0.514881 0.020328 -0.155224
v 0.513258 0.023168 -0.154282
v 0.509640 0.025706 -0.154248
v 0.510639 0.018123 -0.149209
v 0.507297 0.020295 -0.149353
v 0.524047 0.038421 -0.198815
v 0.209009 0.478297 -0.214877
v 0.208051 0.490845 -0.208640
v 0.227008 0.447891 -0.160737
v 0.215996 0.491764 -0.210049
v 0.238080 0.452294 -0.160439
v 0.236290 0.447333 -0.157024
v 0.220914 0.463932 -0.163446
v 0.216959 0.479228 -0.216332
v 0.209727 0.474818 -0.210625
v 0.212697 0.473915 -0.211965
v 0.211255 0.478517 -0.216448
v 0.207958 0.481256 -0.214606
v 0.207503 0.477844 -0.209081
v 0.210055 0.482867 -0.217371
v 0.207381 0.488857 -0.210822
v 0.209485 0.490571 -0.213517
v 0.210216 0.492104 -0.209670
v 0.208580 0.488948 -0.203671
v 0.206854 0.485918 -0.205116
v 0.211332 0.490779 -0.203640
v 0.229817 0.447015 -0.160224
v 0.228014 0.448234 -0.165812
v 0.224570 0.449743 -0.165287
v 0.222529 0.452289 -0.163924
v 0.226320 0.449819 -0.159263
v 0.230320 0.448032 -0.157158
v 0.213228 0.492497 -0.210210
v 0.212931 0.490966 -0.214142
v 0.216432 0.489996 -0.212436
v 0.220150 0.487362 -0.207452
v 0.218085 0.490030 -0.205347
v 0.214984 0.491148 -0.204263
v 0.237827 0.449701 -0.159965
v 0.236853 0.449549 -0.157114
v 0.236886 0.452970 -0.158695
v 0.237501 0.455225 -0.164718
v 0.237075 0.452438 -0.165592
v 0.235912 0.457901 -0.163318
v 0.236189 0.447761 -0.160077
v 0.233405 0.446656 -0.159959
v 0.233909 0.447420 -0.156717
v 0.234181 0.449996 -0.155935
v 0.224094 0.463162 -0.161987
v 0.224975 0.458133 -0.159252
v 0.220869 0.460497 -0.162637
v 0.218622 0.467887 -0.168292
v 0.221930 0.468998 -0.167830
v 0.217035 0.464738 -0.168847
v 0.217000 0.482459 -0.216218
v 0.213506 0.483248 -0.218016
v 0.214256 0.478980 -0.216968
v 0.216356 0.474270 -0.212637
v 0.219210 0.476048 -0.212308
v 0.220795 0.479337 -0.211459
v 0.224639 0.474636 -0.203749
v 0.225197 0.478864 -0.201876
v 0.220941 0.483581 -0.209710
v 0.216993 0.486434 -0.214798
v 0.222666 0.470919 -0.204857
v 0.226249 0.465132 -0.195175
v 0.228699 0.468650 -0.194040
v 0.219118 0.468879 -0.205080
v 0.222616 0.462777 -0.195383
v 0.226026 0.457043 -0.184800
v 0.229908 0.459005 -0.184595
v 0.215196 0.468338 -0.204395
v 0.218179 0.462482 -0.194651
v 0.221733 0.456587 -0.184101
v 0.225050 0.451805 -0.174128
v 0.229322 0.451855 -0.174612
v 0.214248 0.463915 -0.193137
v 0.217568 0.458278 -0.182716
v 0.221295 0.453196 -0.172965
v 0.214663 0.461410 -0.180828
v 0.218455 0.456378 -0.171428
v 0.213120 0.465761 -0.178935
v 0.217106 0.460395 -0.169851
v 0.221234 0.456310 -0.162929
v 0.225706 0.453305 -0.158420
v 0.229608 0.456100 -0.157631
v 0.230110 0.451457 -0.156387
v 0.233767 0.454552 -0.157696
v 0.228378 0.461996 -0.161528
v 0.232750 0.460031 -0.161957
v 0.226429 0.468387 -0.167927
v 0.230711 0.466685 -0.169001
v 0.234093 0.463764 -0.170551
v 0.228036 0.473537 -0.177919
v 0.231209 0.470570 -0.179888
v 0.232811 0.466536 -0.181883
v 0.235574 0.460489 -0.172370
v 0.232215 0.462594 -0.183612
v 0.235222 0.456737 -0.173671
v 0.232864 0.453842 -0.174527
v 0.235140 0.449715 -0.165985
v 0.231770 0.448441 -0.166129
v 0.229126 0.473087 -0.192207
v 0.227823 0.477106 -0.189957
v 0.223894 0.483031 -0.199609
v 0.224662 0.480325 -0.187899
v 0.221316 0.485968 -0.197466
v 0.220592 0.481857 -0.186365
v 0.217446 0.487439 -0.196030
v 0.216124 0.481673 -0.185736
v 0.213496 0.487050 -0.195342
v 0.212563 0.479568 -0.185992
v 0.210009 0.484987 -0.195589
v 0.210257 0.475995 -0.187177
v 0.208046 0.481467 -0.196883
v 0.209915 0.471507 -0.189002
v 0.207500 0.477163 -0.198826
v 0.206633 0.481875 -0.207175
v 0.208823 0.472886 -0.200984
v 0.207155 0.485270 -0.213022
v 0.209592 0.487099 -0.216205
v 0.212953 0.487576 -0.216796
v 0.211193 0.467247 -0.191128
v 0.211385 0.469795 -0.202881
v 0.213509 0.470081 -0.177346
v 0.215487 0.473604 -0.176425
v 0.219210 0.475310 -0.176062
v 0.223611 0.475336 -0.176626
v 0.319953 0.319942 -0.079995
v 0.319953 0.319942 -0.079995
v 0.319953 0.319942 -0.079995
v 0.319946 0.319944 -0.079995
v 0.319946 0.319944 -0.079995
v 0.319953 0.319942 -0.079995
v 0.319946 0.319944 -0.079995
v 0.319946 0.319944 -0.079995
v 0.319946 0.319944 -0.079995
v 0.319953 0.319942 -0.079995
v 0.319946 0.319944 -0.079995
v 0.319946 0.319944 -0.079995
v 0.319953 0.319942 -0.079995
v 0.319953 0.319942 -0.079995
v 0.319946 0.319944 -0.079995
v 0.319946 0.319944 -0.079995
v 0.319953 0.319942 -0.079995
v 0.319946 0.319944 -0.079995
v 0.319953 0.319942 -0.079995
v 0.319953 0.319942 -0.079995
v 0.319946 0.319944 -0.079995
v 0.319953 0.319942 -0.079995
# 3064 vertices

vn -0.915141 -0.375297 -0.147206
vn -0.963771 -0.222535 0.147047
vn -0.736974 -0.610703 0.289674
vn -0.612848 -0.774890 -0.154802
vn -0.876856 -0.115142 -0.466761
vn -0.982354 0.149861 -0.111903
vn -0.399457 -0.623349 -0.672213
vn -0.168836 0.721868 -0.671119
vn -0.572766 0.602056 -0.556298
vn -0.282301 0.420553 -0.862230
vn 0.192305 0.567739 -0.800432
vn -0.098687 0.822671 -0.559887
vn -0.595305 0.719862 -0.356946
vn 0.382509 0.648715 -0.657917
vn 0.008463 -0.970780 0.239823
vn -0.397211 -0.871279 0.288263
vn -0.443609 -0.733443 0.515046
vn 0.041680 -0.913360 0.405015
vn 0.349700 -0.935431 -0.051756
vn -0.094001 -0.986100 -0.137003
vn 0.503611 -0.857849 0.102334
vn 0.982268 -0.041059 -0.182929
vn 0.955205 -0.131450 -0.265150
vn 0.727340 -0.663479 0.175422
vn 0.808359 -0.510946 0.292387
vn 0.958820 -0.047955 0.279938
vn 0.868692 0.451324 -0.204160
vn 0.812658 0.390649 -0.432413
vn -0.579027 0.376075 0.723392
vn -0.875840 0.134495 0.463483
vn -0.574546 0.814349 -0.082059
vn -0.322298 0.906172 0.273819
vn -0.178917 0.132590 0.974889
vn -0.561712 -0.329282 0.758982
vn 0.178289 0.914003 0.364434
vn 0.027465 0.961615 -0.273023
vn 0.298073 0.927287 -0.226477
vn 0.370520 0.820081 0.436099
vn 0.019214 0.063729 0.997782
vn 0.600389 0.754013 -0.266454
vn 0.622720 0.657022 -0.424902
vn 0.764372 0.576719 0.288322
vn 0.587501 0.694264 0.415740
vn 0.514284 -0.165781 -0.841445
vn 0.167086 0.132137 -0.977048
vn -0.212874 -0.248990 -0.944822
vn 0.404993 -0.529047 -0.745715
vn 0.744367 -0.062905 -0.664801
vn 0.528227 0.317906 -0.787345
vn 0.744015 -0.462410 -0.482305
vn 0.846028 -0.354916 -0.397834
vn 0.824920 0.017363 -0.564982
vn 0.230148 -0.829524 -0.508844
vn 0.606564 -0.732229 -0.309710
vn 0.736481 -0.652110 -0.179856
vn 0.766499 -0.636461 -0.086004
vn 0.888843 -0.295163 -0.350480
vn 0.474870 -0.848753 0.232630
vn 0.425095 -0.841958 0.332266
vn 0.766287 -0.642452 -0.007778
vn 0.038902 -0.865993 0.498541
vn 0.019746 -0.825831 0.563571
vn -0.004959 -0.778595 0.627507
vn 0.362964 -0.827403 0.428557
vn -0.386548 -0.705363 0.594175
vn -0.343109 -0.682795 0.645033
vn -0.304252 -0.652548 0.693983
vn -0.256080 -0.601030 0.757091
vn -0.024772 -0.707883 0.705895
vn -0.638497 -0.474325 0.606083
vn -0.567197 -0.485720 0.665105
vn -0.474225 -0.484562 0.735058
vn -0.329582 -0.418400 0.846355
vn -0.166860 -0.475669 0.863653
vn -0.811149 -0.230583 0.537465
vn -0.723725 -0.288945 0.626684
vn -0.943870 0.185618 0.273231
vn -0.926183 0.154233 0.344089
vn -0.757553 0.648059 -0.078313
vn -0.698260 0.710527 -0.087085
vn -0.319220 0.888363 -0.330014
vn -0.180993 0.925904 -0.331577
vn 0.092875 0.894827 -0.436644
vn 0.181388 0.906634 -0.380937
vn 0.401852 0.779529 -0.480468
vn 0.423011 0.813431 -0.399240
vn 0.461208 0.860659 -0.215761
vn 0.469016 0.763833 0.443376
vn 0.236401 -0.057649 0.969944
vn 0.124961 0.032375 0.991633
vn -0.004741 -0.565119 0.824996
vn 0.611861 -0.117501 0.782189
vn 0.278672 -0.666189 0.691762
vn 0.292996 -0.787502 0.542211
vn 0.750658 -0.656626 0.073169
vn 0.933654 -0.201783 -0.295929
vn 0.913996 -0.249995 -0.319552
vn 0.839236 0.269202 -0.472455
vn 0.851926 0.173027 -0.494251
vn 0.849284 0.092365 -0.519793
vn 0.663744 0.509100 -0.547961
vn 0.675741 0.439457 -0.591821
vn 0.657344 0.372162 -0.655282
vn 0.390180 0.709712 -0.586573
vn 0.392044 0.748475 -0.534870
vn 0.022565 0.882670 -0.469452
vn -0.037444 0.863904 -0.502264
vn -0.420145 0.847350 -0.324771
vn -0.508867 0.796745 -0.325963
vn -0.801281 0.593260 -0.077404
vn -0.837498 0.538142 -0.094870
vn -0.866768 0.473437 -0.156747
vn -0.968118 0.192967 0.159719
vn -0.981247 0.179815 0.069437
vn -0.856396 0.385103 -0.343922
vn -0.686925 0.176438 -0.704985
vn -0.906202 -0.162847 0.390228
vn -0.939958 -0.163006 0.299845
vn -0.698194 -0.466913 0.542694
vn -0.745317 -0.486101 0.456298
vn -0.865757 -0.187346 0.464076
vn -0.955810 0.195197 0.219830
vn 0.642567 0.580566 -0.500051
vn -0.691224 -0.680116 -0.244237
vn -0.820179 -0.514296 -0.250610
vn -0.769441 -0.617485 -0.163317
vn -0.597857 -0.782202 -0.175290
vn -0.651170 -0.706368 -0.277526
vn -0.817684 -0.480806 -0.316574
vn -0.473184 -0.857755 -0.200879
vn -0.691512 -0.714385 -0.107075
vn -0.747721 -0.657057 -0.095864
vn -0.589104 -0.804565 -0.075044
vn -0.544719 -0.831257 -0.110874
vn -0.859644 -0.481315 -0.171313
vn -0.407292 -0.898877 -0.161657
vn -0.371790 -0.903301 -0.214053
vn -0.287088 -0.911073 -0.295850
vn -0.318219 -0.920155 -0.228149
vn -0.426233 -0.875656 -0.227051
vn -0.482989 -0.868294 -0.113080
vn -0.440409 -0.883217 -0.161144
vn -0.197097 -0.910176 -0.364324
vn -0.240226 -0.928211 -0.284104
vn -0.234797 -0.895658 -0.377713
vn -0.172080 -0.879100 -0.444490
vn -0.363074 -0.896681 -0.253259
vn -0.306437 -0.896805 -0.319118
vn -0.138910 -0.446359 -0.884007
vn -0.093423 -0.509846 -0.855178
vn -0.070353 -0.662970 -0.745333
vn -0.114561 -0.614254 -0.780748
vn -0.209130 -0.312764 -0.926522
vn -0.193829 -0.347081 -0.917586
vn -0.139758 -0.598090 -0.789149
vn -0.145953 -0.471811 -0.869535
vn -0.175227 -0.311698 -0.933884
vn -0.232271 -0.249394 -0.940134
vn -0.348435 -0.894101 -0.281385
vn -0.298560 -0.890425 -0.343517
vn -0.260587 -0.876902 -0.403902
vn -0.246012 -0.884157 -0.397170
vn -0.929430 0.210608 -0.302992
vn -0.936877 -0.343597 -0.064832
vn -0.784224 -0.261058 -0.562887
vn -0.667976 0.312012 -0.675616
vn -0.488872 0.750680 -0.444391
vn -0.798392 0.601525 0.027169
vn -0.922507 -0.005312 0.385944
vn -0.689402 0.637390 -0.344178
vn -0.636733 0.660703 -0.397547
vn -0.600797 0.609916 -0.516764
vn -0.619942 0.628689 -0.469491
vn -0.749425 0.610919 -0.255226
vn -0.827654 0.533413 -0.174526
vn -0.784381 0.586214 -0.202730
vn -0.725761 0.650796 -0.223015
vn -0.998751 0.022370 -0.044670
vn -0.981212 -0.126968 -0.145267
vn -0.967055 -0.230042 -0.109018
vn -0.994256 -0.103577 0.026964
vn -0.980320 0.176489 0.088454
vn -0.976732 0.214210 0.010379
vn -0.966653 0.255432 -0.018319
vn -0.986608 0.160606 -0.028459
vn -0.990994 0.030573 -0.130372
vn -0.978096 -0.058134 -0.199874
vn -0.989020 0.129570 -0.071066
vn -0.093600 0.410959 -0.906836
vn -0.156074 0.325751 -0.932484
vn -0.036065 0.241203 -0.969804
vn 0.011899 0.378351 -0.925585
vn 0.006124 0.527520 -0.849520
vn -0.129180 0.525559 -0.840892
vn -0.234531 0.458468 -0.857206
vn -0.864023 -0.210195 -0.457473
vn -0.889209 -0.228155 -0.396551
vn -0.910341 -0.237902 -0.338647
vn -0.872386 -0.219832 -0.436596
vn -0.818569 -0.164730 -0.550280
vn -0.819182 -0.144930 -0.554920
vn -0.841790 -0.150402 -0.518429
vn -0.626301 0.127783 -0.769038
vn -0.636900 0.033160 -0.770233
vn -0.556815 0.053035 -0.828942
vn -0.567012 0.115088 -0.815629
vn -0.576691 0.215637 -0.787990
vn -0.608573 0.267834 -0.746930
vn -0.681589 0.030938 -0.731081
vn -0.704445 -0.021513 -0.709433
vn -0.625935 0.219657 -0.748302
vn -0.673304 0.093272 -0.733459
vn -0.471856 0.333968 -0.815977
vn -0.544035 0.370457 -0.752853
vn -0.463568 0.213913 -0.859852
vn -0.398851 0.411169 -0.819669
vn -0.471906 0.497182 -0.728090
vn -0.346200 0.272382 -0.897749
vn -0.558190 0.754626 -0.344912
vn -0.600112 0.715973 -0.356719
vn -0.545960 0.712498 -0.440766
vn -0.508245 0.764541 -0.396439
vn -0.564010 0.777698 -0.277632
vn -0.625916 0.734700 -0.261619
vn -0.494534 0.806888 -0.323060
vn -0.237703 0.096088 -0.966574
vn -0.320708 0.078743 -0.943899
vn -0.324569 0.015927 -0.945728
vn -0.238856 0.008508 -0.971018
vn -0.169409 -0.018606 -0.985370
vn -0.158920 0.045012 -0.986265
vn -0.272586 0.208599 -0.939246
vn -0.329143 0.155666 -0.931361
vn -0.134582 0.098513 -0.985993
vn -0.215251 0.166085 -0.962332
vn -0.265326 0.279195 -0.922850
vn -0.413605 0.693837 -0.589509
vn -0.432844 0.652264 -0.622252
vn -0.385687 0.609965 -0.692234
vn -0.360885 0.642095 -0.676370
vn -0.319289 0.668960 -0.671228
vn -0.372409 0.711763 -0.595572
vn -0.452387 0.710736 -0.538702
vn -0.476857 0.669390 -0.569671
vn -0.392717 0.748345 -0.534559
vn -0.426944 0.747021 -0.509586
vn -0.443823 0.756600 -0.480185
vn -0.239658 0.641829 -0.728437
vn -0.246637 0.570092 -0.783687
vn -0.146910 0.620299 -0.770485
vn -0.132648 0.682237 -0.718997
vn -0.312278 0.583749 -0.749480
vn -0.289066 0.496163 -0.818696
vn -0.166241 0.718266 -0.675617
vn -0.250603 0.709567 -0.658569
vn -0.089267 0.742310 -0.664083
vn -0.118872 0.781062 -0.613035
vn -0.258833 0.749987 -0.608708
vn -0.189153 0.809363 -0.556015
vn -0.266933 0.842118 -0.468598
vn -0.368407 0.810312 -0.455710
vn -0.274202 0.769654 -0.576581
vn -0.077628 0.805294 -0.587772
vn -0.063643 0.850244 -0.522527
vn -0.180131 0.897519 -0.402508
vn -0.406601 0.799411 -0.442287
vn -0.322786 0.882471 -0.342132
vn -0.884357 -0.379770 0.271455
vn -0.906871 -0.396934 0.141521
vn -0.982191 -0.143162 0.121676
vn -0.924530 -0.203997 0.321916
vn -0.783256 -0.323975 0.530613
vn -0.777370 -0.490561 0.393759
vn -0.779639 -0.575766 0.246285
vn -0.961995 -0.273066 0.000929
vn -0.969792 -0.214030 -0.117025
vn -0.971615 -0.165034 -0.169494
vn -0.975683 -0.185359 -0.116979
vn -0.975537 -0.196773 -0.098019
vn -0.944608 -0.327890 0.014264
vn -0.878788 -0.450347 0.157859
vn -0.901519 -0.390136 0.187233
vn -0.958008 -0.283965 0.039814
vn -0.959120 -0.270768 -0.082305
vn -0.911302 -0.355160 0.208305
vn -0.895278 -0.400220 0.195706
vn -0.919582 -0.385603 0.075369
vn -0.821773 -0.452946 0.345729
vn -0.831571 -0.482420 0.275247
vn -0.851214 -0.503590 0.147760
vn -0.918846 -0.381844 0.099588
vn -0.789664 -0.578235 0.205124
vn -0.781677 -0.579575 0.230379
vn -0.879997 -0.457447 0.127856
vn -0.991922 -0.114954 0.053633
vn -0.942968 -0.331957 0.024809
vn -0.971543 -0.234270 0.034961
vn -0.999528 -0.025966 0.016407
vn -0.794083 -0.568969 0.213793
vn -0.793944 -0.600348 0.096101
vn -0.861467 -0.506787 0.032257
vn -0.776958 -0.537330 0.328043
vn -0.750436 -0.584990 0.307624
vn -0.745543 -0.620250 0.243835
vn -0.728635 -0.666705 0.156827
vn -0.708956 -0.680520 0.185131
vn -0.760457 -0.508592 0.403781
vn -0.759811 -0.500996 0.414355
vn -0.799065 -0.449350 0.399474
vn -0.784527 -0.553237 0.280082
vn -0.732154 -0.662234 0.159364
vn -0.449972 -0.686851 0.570754
vn -0.558889 -0.672975 0.484508
vn -0.534819 -0.570413 0.623376
vn -0.396713 -0.607333 0.688306
vn -0.410553 -0.728766 0.548038
vn -0.540325 -0.729103 0.420069
vn -0.309590 -0.655866 0.688471
vn -0.151049 -0.813049 0.562260
vn -0.124109 -0.935078 0.332002
vn -0.403098 -0.875186 0.267510
vn -0.354171 -0.725491 0.590106
vn -0.120257 -0.553024 0.824441
vn 0.069658 -0.707990 0.702778
vn 0.151840 -0.866121 0.476213
vn -0.340230 -0.930612 -0.134925
vn -0.389661 -0.904745 -0.172048
vn -0.420145 -0.896596 -0.139974
vn -0.325401 -0.940414 -0.098664
vn -0.333942 -0.930263 -0.151967
vn -0.319943 -0.907859 -0.270977
vn -0.343875 -0.907630 -0.240742
vn -0.364212 -0.902392 -0.230301
vn -0.252161 -0.967669 0.005543
vn -0.270562 -0.962703 -0.000336
vn -0.206320 -0.978468 0.005743
vn 0.335538 -0.852404 0.401026
vn 0.175606 -0.943827 0.279917
vn 0.336483 -0.749025 0.570737
vn 0.396714 -0.839803 0.370606
vn 0.231319 -0.953595 0.192736
vn 0.443413 -0.694416 0.566720
vn 0.011365 -0.997592 0.068413
vn -0.081953 -0.995098 -0.055350
vn -0.231782 -0.972369 -0.027850
vn -0.075243 -0.989244 0.125442
vn 0.104301 -0.976338 0.189437
vn 0.174555 -0.982089 0.070937
vn 0.137374 -0.987025 -0.083131
vn 0.099403 -0.895047 0.434752
vn 0.045963 -0.939805 0.338605
vn 0.001847 -0.960095 0.279666
vn 0.054938 -0.953322 0.296915
vn 0.140958 -0.948940 0.282211
vn 0.234095 -0.870651 0.432627
vn 0.270464 -0.753915 0.598716
vn 0.139546 -0.807844 0.572639
vn 0.012341 -0.885731 0.464035
vn 0.018280 -0.937978 0.346213
vn 0.031737 -0.816958 0.575823
vn -0.841089 -0.177896 0.510806
vn -0.929002 -0.170334 0.328543
vn -0.889594 0.047933 0.454229
vn -0.767151 -0.023513 0.641036
vn -0.757239 -0.353797 0.549014
vn -0.863399 -0.423040 0.274919
vn -0.614879 -0.184298 0.766785
vn -0.771094 -0.636650 0.009579
vn -0.881065 -0.443496 0.164427
vn -0.932157 -0.340984 0.121713
vn -0.848392 -0.529261 -0.010664
vn -0.748959 -0.653762 0.107959
vn -0.823107 -0.517148 0.234633
vn -0.640177 -0.766505 -0.051416
vn -0.657448 -0.753423 0.010748
vn -0.720294 -0.687581 -0.091696
vn -0.658052 -0.746297 -0.100042
vn -0.578030 -0.808831 -0.108044
vn -0.150034 -0.095802 0.984028
vn -0.253539 -0.189371 0.948608
vn -0.196975 -0.251300 0.947655
vn -0.127500 -0.120368 0.984508
vn -0.103808 0.002306 0.994595
vn -0.108047 -0.024794 0.993837
vn -0.088833 -0.065857 0.993867
vn -0.082683 -0.077793 0.993535
vn -0.183377 -0.072383 0.980374
vn -0.306922 -0.107890 0.945600
vn -0.081774 -0.032695 0.996114
vn 0.391900 -0.726812 0.564056
vn 0.388009 -0.593479 0.705147
vn 0.302533 -0.616000 0.727337
vn 0.193399 -0.620598 0.759904
vn 0.179408 -0.714125 0.676637
vn 0.334216 -0.851558 0.403918
vn 0.131862 -0.758128 0.638634
vn 0.018057 -0.163599 0.986362
vn 0.073643 -0.168343 0.982974
vn -0.042635 -0.052980 0.997685
vn -0.061625 -0.069664 0.995665
vn 0.064172 -0.318971 0.945589
vn 0.149780 -0.319919 0.935531
vn 0.001171 -0.187993 0.982170
vn -0.015920 -0.317233 0.948214
vn -0.022884 -0.104090 0.994305
vn 0.010336 -0.116933 0.993086
vn -0.978714 0.205162 -0.005228
vn -0.988208 0.142305 0.056520
vn -0.995618 0.055799 -0.075044
vn -0.967662 0.241298 -0.073526
vn -0.811337 0.583877 0.028624
vn -0.860128 0.497952 0.110563
vn -0.876851 0.480651 -0.010281
vn -0.800993 0.593165 -0.081032
vn -0.725845 0.681241 -0.095182
vn -0.768345 0.637843 0.052932
vn -0.820334 0.539332 0.190192
vn -0.552457 0.416560 0.721990
vn -0.680118 0.192635 0.707341
vn -0.802808 0.386378 0.454104
vn -0.586561 0.595994 0.548396
vn -0.358514 0.394238 0.846194
vn -0.443927 0.085394 0.891985
vn -0.345257 0.646101 0.680699
vn -0.815265 0.318249 0.483799
vn -0.855417 0.396076 0.333745
vn -0.897210 0.317288 0.307151
vn -0.871072 0.192976 0.451656
vn -0.751807 0.201013 0.627997
vn -0.670584 0.331433 0.663678
vn -0.731479 0.405307 0.548329
vn -0.781135 0.448272 0.434604
vn -0.816419 0.416529 0.399955
vn -0.808083 0.082124 0.583315
vn -0.829735 0.454263 0.324323
vn -0.215901 0.708663 0.671702
vn -0.286169 0.744794 0.602817
vn -0.322653 0.743549 0.585688
vn -0.229638 0.692779 0.683611
vn -0.158013 0.605844 0.779734
vn -0.172578 0.644869 0.744554
vn -0.243479 0.694999 0.676531
vn -0.755213 -0.030776 0.654756
vn -0.826311 0.062758 0.559707
vn -0.712129 0.129307 0.690037
vn -0.638067 -0.010466 0.769910
vn -0.765442 -0.101528 0.635445
vn -0.868835 -0.008424 0.495031
vn -0.613908 -0.126775 0.779131
vn -0.212638 0.280076 0.936132
vn -0.134341 0.414673 0.899999
vn -0.212685 0.540115 0.814273
vn -0.314463 0.420568 0.851020
vn -0.109386 0.183220 0.976967
vn -0.070091 0.267235 0.961079
vn -0.423926 0.284828 0.859744
vn -0.326911 0.190997 0.925554
vn -0.180469 0.139519 0.973635
vn -0.128224 0.099276 0.986764
vn -0.234919 0.115016 0.965186
vn -0.780913 0.606952 0.147596
vn -0.822651 0.567536 0.033874
vn -0.639968 0.765745 -0.063834
vn -0.631159 0.764819 0.129190
vn -0.827313 0.471129 0.305927
vn -0.908431 0.371552 0.191578
vn -0.669991 0.640202 0.375837
vn -0.270717 0.949595 -0.158058
vn -0.404767 0.890634 -0.207207
vn -0.458685 0.863839 -0.208301
vn -0.383049 0.901386 -0.201932
vn -0.348618 0.917773 -0.190153
vn -0.266931 0.956223 -0.119938
vn -0.096492 0.994239 -0.046664
vn -0.007624 0.998719 -0.050013
vn -0.179922 0.971615 -0.153600
vn -0.149507 0.988572 -0.019316
vn -0.349368 0.914938 -0.202064
vn -0.196113 0.966766 -0.164020
vn -0.230748 0.965401 -0.121479
vn -0.278594 0.939372 -0.199913
vn -0.212474 0.947421 -0.239267
vn -0.177566 0.984098 -0.004601
vn -0.169611 0.985478 -0.008120
vn -0.150418 0.977663 -0.146797
vn -0.123346 0.991984 -0.027466
vn -0.087775 0.953250 -0.289153
vn -0.042509 0.972421 -0.229324
vn -0.105353 0.941648 -0.319687
vn -0.031523 0.092199 0.995241
vn -0.011124 0.127031 0.991836
vn -0.018628 0.082799 0.996392
vn -0.075523 0.072237 0.994524
vn -0.149973 0.014370 0.988586
vn -0.135248 -0.024250 0.990515
vn 0.008129 0.075701 0.997097
vn -0.161046 0.055854 0.985365
vn 0.055967 0.227190 0.972241
vn 0.001247 0.237025 0.971503
vn 0.126650 0.223411 0.966461
vn 0.114270 0.797533 0.592354
vn -0.147574 0.762087 0.630432
vn -0.115002 0.937304 0.328992
vn 0.192531 0.906525 0.375691
vn 0.248661 0.646635 0.721132
vn -0.050032 0.528375 0.847535
vn 0.410918 0.767008 0.492792
vn 0.143293 -0.438716 -0.887127
vn 0.037690 -0.411439 -0.910658
vn 0.024449 -0.540224 -0.841166
vn 0.162963 -0.534540 -0.829283
vn 0.270393 -0.476507 -0.836558
vn 0.206669 -0.364711 -0.907896
vn 0.093215 -0.289007 -0.952778
vn 0.008341 -0.866388 -0.499302
vn -0.087479 -0.855761 -0.509921
vn -0.128532 -0.881607 -0.454146
vn -0.018570 -0.894654 -0.446374
vn 0.002919 -0.807017 -0.590521
vn -0.058475 -0.814578 -0.577099
vn 0.117143 -0.912903 -0.391006
vn 0.138801 -0.895562 -0.422733
vn 0.081780 -0.850395 -0.519750
vn 0.098671 -0.800140 -0.591642
vn 0.187467 -0.861579 -0.471739
vn 0.270998 -0.562699 -0.780980
vn 0.154256 -0.606776 -0.779762
vn 0.109667 -0.671467 -0.732874
vn 0.197416 -0.649796 -0.734024
vn 0.279784 -0.652421 -0.704321
vn 0.348614 -0.584183 -0.732939
vn 0.382424 -0.561076 -0.734129
vn 0.330346 -0.494195 -0.804141
vn 0.363747 -0.673049 -0.643966
vn 0.235278 -0.738098 -0.632342
vn 0.352780 -0.739992 -0.572676
vn 0.439657 -0.720716 -0.535977
vn 0.425165 -0.641559 -0.638464
vn 0.273556 -0.142211 -0.951285
vn 0.206711 -0.094715 -0.973807
vn 0.184381 -0.151554 -0.971100
vn 0.256347 -0.217661 -0.941759
vn 0.282791 -0.050667 -0.957842
vn 0.218815 -0.028638 -0.975346
vn 0.344667 -0.110634 -0.932183
vn 0.361844 -0.049965 -0.930899
vn 0.300452 -0.322321 -0.897685
vn 0.298737 -0.258511 -0.918656
vn 0.337233 -0.199892 -0.919955
vn 0.443960 -0.635802 -0.631392
vn 0.454328 -0.715431 -0.530797
vn 0.456016 -0.728956 -0.510561
vn 0.471757 -0.671280 -0.571689
vn 0.444058 -0.595768 -0.669233
vn 0.391401 -0.533686 -0.749657
vn 0.492718 -0.629269 -0.601041
vn 0.441078 -0.274035 -0.854608
vn 0.372636 -0.336413 -0.864851
vn 0.439024 -0.441969 -0.782254
vn 0.498502 -0.331776 -0.800887
vn 0.533252 -0.186421 -0.825160
vn 0.447159 -0.160011 -0.880026
vn 0.550756 -0.748735 -0.368868
vn 0.541615 -0.783969 -0.303392
vn 0.614965 -0.739462 -0.273888
vn 0.603032 -0.707208 -0.369065
vn 0.506410 -0.749984 -0.425527
vn 0.476916 -0.804387 -0.354276
vn 0.557216 -0.691129 -0.460272
vn 0.851207 0.249599 -0.461679
vn 0.856567 0.261978 -0.444591
vn 0.790505 0.196016 -0.580242
vn 0.800932 0.173235 -0.573146
vn 0.884690 0.267490 -0.381803
vn 0.903734 0.279431 -0.324320
vn 0.837225 0.184389 -0.514835
vn 0.641833 -0.646488 -0.412437
vn 0.574006 -0.608401 -0.548056
vn 0.574495 -0.617885 -0.536818
vn 0.633759 -0.633540 -0.443821
vn 0.681022 -0.645937 -0.344927
vn 0.716404 -0.628543 -0.302819
vn 0.717252 -0.649238 -0.253061
vn 0.623680 -0.711289 -0.324177
vn 0.572724 -0.659237 -0.487231
vn 0.783619 -0.584541 -0.210366
vn 0.553990 -0.579919 -0.597318
vn 0.967519 -0.252286 -0.016093
vn 0.999155 -0.022836 -0.034184
vn 0.996667 0.050185 0.064312
vn 0.960934 -0.263427 0.084926
vn 0.838846 -0.541224 -0.058439
vn 0.881016 -0.465563 -0.084037
vn 0.942169 -0.333653 -0.031531
vn 0.961573 -0.273277 -0.026391
vn 0.981353 -0.178603 -0.071047
vn 0.991308 -0.054964 -0.119527
vn 0.952737 -0.295326 -0.071244
vn 0.597193 -0.660513 -0.455063
vn 0.525762 -0.848895 0.054326
vn 0.817887 -0.271983 0.507037
vn 0.803709 0.464881 0.371398
vn 0.915918 0.310331 -0.254535
vn 0.701245 -0.183448 -0.688914
vn 0.184477 0.854252 -0.486026
vn 0.227136 0.881205 -0.414592
vn 0.212163 0.872142 -0.440857
vn 0.170984 0.837363 -0.519218
vn 0.217570 0.877004 -0.428402
vn 0.247237 0.885130 -0.394233
vn 0.194192 0.380253 -0.904266
vn 0.232812 0.256752 -0.938018
vn 0.298847 0.196328 -0.933887
vn 0.286456 0.247111 -0.925677
vn 0.140095 0.555701 -0.819494
vn 0.152667 0.557236 -0.816199
vn 0.181346 0.422580 -0.887998
vn 0.286779 0.263937 -0.920920
vn 0.164820 0.424222 -0.890433
vn 0.108886 0.593368 -0.797532
vn 0.272565 0.906226 -0.323208
vn 0.298432 0.895107 -0.331243
vn 0.281590 0.896038 -0.343253
vn 0.156161 0.855168 -0.494269
vn 0.169304 0.900747 -0.399989
vn 0.209068 0.928966 -0.305470
vn 0.301262 0.921357 -0.245646
vn 0.367046 0.901975 -0.227418
vn 0.364020 0.894123 -0.260830
vn 0.379015 0.906157 -0.187687
vn 0.507278 0.853749 -0.117394
vn 0.482694 0.857401 -0.178521
vn 0.530819 0.836332 -0.137043
vn 0.454542 0.875666 -0.163098
vn 0.365349 0.736422 -0.569388
vn 0.620811 0.441414 -0.647878
vn 0.796072 0.449695 -0.405024
vn 0.434012 0.849065 -0.301202
vn 0.150680 0.666823 -0.729824
vn 0.492685 0.248221 -0.834055
vn 0.252570 -0.967578 -0.000851
vn 0.244785 -0.959288 -0.140881
vn 0.162737 -0.974031 0.157420
vn 0.145266 -0.982730 0.114628
vn 0.228718 -0.973429 -0.011139
vn 0.289062 -0.946132 -0.145868
vn 0.244457 -0.942928 -0.226116
vn 0.292708 -0.948394 -0.121949
vn 0.314861 -0.938608 -0.140984
vn 0.100838 -0.993515 -0.052540
vn 0.042497 -0.996202 -0.075995
vn 0.255132 -0.952008 -0.169078
vn 0.473584 -0.860425 -0.188114
vn 0.503639 -0.847763 -0.166269
vn 0.267556 -0.959923 -0.083441
vn 0.127037 -0.991897 0.001665
vn 0.544406 -0.827362 -0.138180
vn 0.431856 -0.889944 -0.146628
vn 0.364798 -0.921098 -0.136016
vn 0.651239 -0.744206 0.148475
vn 0.678697 -0.734297 -0.013349
vn 0.410885 -0.909086 -0.068825
vn 0.444836 -0.879114 0.171109
vn 0.557640 -0.696352 0.451809
vn 0.753862 -0.570606 0.325730
vn 0.842226 -0.518445 0.147886
vn 0.195580 -0.267687 0.943447
vn 0.299537 -0.202033 0.932449
vn 0.204219 -0.124542 0.970971
vn 0.158109 -0.130597 0.978747
vn 0.304538 -0.428690 0.850577
vn 0.405922 -0.304873 0.861557
vn 0.114240 -0.074925 0.990624
vn 0.099534 -0.146504 0.984190
vn 0.131593 -0.388155 0.912151
vn 0.215572 -0.537997 0.814916
vn 0.069538 -0.215101 0.974113
vn 0.820930 -0.060134 0.567854
vn 0.868109 -0.157956 0.470570
vn 0.787173 -0.157867 0.596185
vn 0.733236 -0.038782 0.678867
vn 0.829527 -0.025181 0.557898
vn 0.899471 -0.139972 0.413956
vn 0.714613 0.037507 0.698514
vn 0.818316 -0.343452 0.460868
vn 0.856801 -0.408591 0.314555
vn 0.892432 -0.339962 0.296634
vn 0.866235 -0.222060 0.447578
vn 0.796562 -0.117375 0.593054
vn 0.747092 -0.236586 0.621192
vn 0.739973 -0.435925 0.512259
vn 0.794588 -0.471400 0.382639
vn 0.829621 -0.428322 0.358147
vn 0.670944 -0.367516 0.644024
vn 0.842927 -0.448982 0.296460
vn 0.345685 -0.773210 0.531646
vn 0.444304 -0.776389 0.447005
vn 0.466615 -0.785810 0.405923
vn 0.348155 -0.770329 0.534211
vn 0.253367 -0.702350 0.665215
vn 0.285269 -0.722516 0.629755
vn 0.392502 -0.735975 0.551618
vn -0.076465 -0.661847 0.745729
vn -0.212986 -0.813653 0.540931
vn -0.381641 -0.651144 0.656019
vn -0.160190 -0.491688 0.855910
vn 0.195952 -0.624046 0.756419
vn 0.085625 -0.872387 0.481258
vn 0.162123 -0.358443 0.919366
vn -0.005328 -0.150538 0.988590
vn -0.094534 -0.298567 0.949695
vn 0.050001 -0.106259 0.993080
vn -0.063958 -0.143872 0.987527
vn -0.179314 -0.289273 0.940302
vn 0.103182 -0.063869 0.992610
vn 0.079614 -0.041073 0.995979
vn 0.123956 -0.086060 0.988549
vn 0.993856 -0.103704 0.038683
vn 0.935527 -0.346118 0.070644
vn 0.952280 -0.297841 0.066739
vn 0.998230 -0.049459 0.033021
vn 0.960517 -0.277845 0.014477
vn 0.912666 -0.407802 0.027177
vn 0.501372 -0.378382 0.778109
vn 0.585537 -0.549016 0.596429
vn 0.350913 -0.621924 0.700051
vn 0.307856 -0.379558 0.872445
vn 0.340230 -0.084100 0.936574
vn 0.593824 -0.157410 0.789047
vn 0.779023 -0.326471 0.535294
vn -0.337592 0.745454 0.574743
vn -0.251720 0.794601 0.552491
vn -0.211921 0.872355 0.440553
vn -0.303465 0.852444 0.425732
vn -0.371843 0.837710 0.399969
vn -0.414553 0.723117 0.552492
vn -0.280075 0.712761 0.643062
vn -0.250944 0.747795 0.614679
vn -0.346988 0.630299 0.694494
vn -0.280495 0.638945 0.716291
vn -0.389301 0.609511 0.690610
vn 0.007970 0.103062 0.994643
vn -0.045054 0.231304 0.971838
vn 0.033397 0.075652 0.996575
vn -0.008318 0.093695 0.995566
vn 0.105687 0.003113 0.994394
vn 0.102711 0.034674 0.994107
vn -0.090577 0.227523 0.969551
vn 0.105260 0.063805 0.992396
vn 0.157304 0.117091 0.980584
vn 0.127489 0.160552 0.978759
vn 0.098039 0.031824 0.994674
vn 0.103869 0.044561 0.993592
vn 0.258636 0.221214 0.940304
vn 0.194640 0.292706 0.936183
vn 0.096623 0.066877 0.993072
vn 0.207051 0.076992 0.975296
vn 0.079345 0.039705 0.996056
vn 0.323988 0.126326 0.937589
vn 0.824174 0.563660 0.054995
vn 0.706174 0.707435 -0.029221
vn 0.715447 0.698304 0.022524
vn 0.793006 0.596065 0.125891
vn 0.889885 0.451055 0.068226
vn 0.795989 0.605308 -0.001905
vn 0.739711 0.671259 -0.047333
vn 0.902020 0.377497 0.209417
vn 0.944723 0.268621 0.187991
vn 0.844334 0.470386 0.256586
vn 0.655029 0.750786 -0.085188
vn 0.661736 0.540996 0.519065
vn 0.732971 0.553697 0.395188
vn 0.696611 0.614923 0.369598
vn 0.678313 0.594270 0.432127
vn 0.656177 0.613905 0.438808
vn 0.574891 0.623647 0.529684
vn 0.584365 0.491449 0.645752
vn 0.674617 0.342006 0.654159
vn 0.742859 0.396448 0.539434
vn 0.495794 0.602200 0.625735
vn 0.788905 0.460339 0.407082
vn 0.866247 0.171092 0.469407
vn 0.934416 0.160155 0.318146
vn 0.897085 -0.037681 0.440248
vn 0.804098 0.031558 0.593658
vn 0.684325 0.187108 0.704762
vn 0.799251 0.336938 0.497665
vn 0.882413 0.390882 0.261836
vn -0.093618 0.891368 0.443508
vn -0.149599 0.806169 0.572461
vn -0.025172 0.791502 0.610648
vn 0.007195 0.865222 0.501338
vn -0.025884 0.936940 0.348529
vn -0.000790 0.961367 0.275270
vn -0.058236 0.950882 0.304027
vn 0.016219 0.923899 0.382293
vn -0.138617 0.942505 0.304087
vn 0.145112 0.987686 -0.058473
vn 0.139905 0.972997 -0.183584
vn 0.253946 0.948278 -0.190475
vn 0.211865 0.976960 -0.025721
vn 0.036240 0.998796 0.033064
vn -0.004912 0.994100 -0.108357
vn 0.094922 0.987472 0.126054
vn -0.336833 0.844435 0.416501
vn -0.385491 0.834950 0.392752
vn -0.248657 0.938207 0.240701
vn -0.201766 0.928458 0.311858
vn -0.176141 0.860518 0.477999
vn -0.334422 0.756046 0.562633
vn -0.422185 0.710792 0.562614
vn 0.270920 0.948274 -0.165463
vn 0.307701 0.927516 -0.212215
vn 0.336531 0.927212 -0.164391
vn 0.255861 0.961066 -0.104340
vn 0.155617 0.987733 0.012930
vn 0.204908 0.978764 -0.005764
vn 0.210395 0.929609 -0.302589
vn 0.250120 0.924999 -0.286037
vn 0.273875 0.919545 -0.281832
vn 0.111801 0.825432 0.553319
vn 0.074907 0.933866 0.349691
vn 0.346861 0.892598 0.288023
vn 0.317086 0.752261 0.577546
vn -0.088414 0.727183 0.680726
vn 0.105548 0.594567 0.797088
vn 0.735795 0.643397 0.211295
vn 0.759136 0.593689 0.266918
vn 0.756141 0.637546 0.147601
vn 0.762334 0.638837 0.103604
vn 0.734696 0.640855 0.222549
vn 0.736181 0.598084 0.316754
vn 0.410467 0.697097 0.587853
vn 0.356655 0.642448 0.678275
vn 0.299479 0.665831 0.683361
vn 0.389947 0.719852 0.574242
vn 0.509254 0.720884 0.470092
vn 0.507541 0.689013 0.517362
vn 0.466258 0.626691 0.624389
vn 0.798248 0.600103 0.051737
vn 0.804174 0.583877 0.111315
vn 0.827453 0.518745 0.214998
vn 0.970723 0.225926 -0.081573
vn 0.976495 0.140657 -0.163320
vn 0.984287 0.115840 -0.133270
vn 0.975655 0.213372 -0.050681
vn 0.960948 0.221518 -0.165861
vn 0.965934 0.151885 -0.209531
vn 0.953090 0.296570 -0.060541
vn 0.938952 0.318696 -0.129626
vn 0.945626 0.319330 0.061807
vn 0.943816 0.322660 0.071425
vn 0.933549 0.347019 0.089805
vn 0.898491 0.427967 0.097772
vn 0.895531 0.444981 -0.004016
vn 0.849498 0.461522 0.255640
vn 0.979241 0.197684 0.044804
vn 0.994039 0.108800 0.007003
vn 0.956745 0.284423 0.061177
vn 0.983751 0.177852 -0.024564
vn 0.897956 0.418039 0.137544
vn 0.886716 0.431101 0.166996
vn 0.996605 -0.038880 0.072571
vn 0.978662 0.193090 0.070264
vn 0.894431 0.420987 0.150873
vn 0.824536 0.381734 0.417636
vn 0.867990 0.207320 0.451233
vn 0.660565 0.314104 0.681903
vn 0.672087 0.486538 0.558194
vn 0.714206 0.581614 0.389403
vn 0.875274 0.412799 0.251976
vn 0.965993 0.171823 0.193222
vn -0.725311 0.164981 0.668360
vn -0.665693 0.171750 0.726192
vn -0.721018 0.164436 0.673123
vn -0.773721 0.146481 0.616359
vn -0.785027 0.093851 0.612311
vn -0.720182 0.124970 0.682438
vn -0.638517 0.139449 0.756869
vn 0.656641 -0.168149 0.735220
vn 0.579468 -0.159094 0.799316
vn 0.645467 -0.145755 0.749752
vn 0.716374 -0.151360 0.681101
vn 0.737156 -0.111527 0.666456
vn 0.653801 -0.139797 0.743641
vn 0.547931 -0.143724 0.824084
vn -0.769737 -0.256952 -0.584363
vn -0.559650 0.318145 -0.765229
vn -0.881456 -0.471706 -0.023016
vn -0.706883 0.694227 0.135519
vn -0.919775 0.008512 0.392354
vn 0.873324 0.443676 0.201137
vn 0.794316 0.446393 -0.412063
vn 0.802285 -0.272164 0.531287
vn 0.634836 -0.163872 -0.755069
vn 0.423722 -0.672751 -0.606520
vn -0.912596 -0.286906 -0.291296
vn -0.879463 -0.433887 -0.195672
vn -0.894668 -0.364548 -0.258212
vn -0.891300 -0.313309 -0.327753
vn -0.907360 -0.219068 -0.358757
vn -0.898427 -0.161260 -0.408440
vn -0.912314 -0.195322 -0.359905
vn -0.922692 -0.210769 -0.322825
vn -0.915349 -0.296685 -0.272240
vn -0.885437 -0.418840 -0.201433
vn -0.231798 -0.864412 -0.446164
vn -0.177192 -0.845618 -0.503521
vn -0.275418 -0.885636 -0.373891
vn -0.501492 0.736899 -0.453306
vn -0.964857 -0.256467 0.057242
vn -0.935081 -0.319863 -0.152680
vn -0.886771 -0.334726 -0.318742
vn -0.798833 -0.121848 -0.589084
vn -0.975182 0.103331 0.195814
vn -0.642540 0.273249 -0.715876
vn -0.557253 0.549537 -0.622478
vn -0.584431 0.645952 -0.491107
vn -0.633469 0.716796 -0.291411
vn -0.820476 0.571189 0.023702
vn 0.018841 0.848767 -0.528432
vn -0.036864 0.801810 -0.596440
vn 0.022146 0.815587 -0.578211
vn 0.066741 0.856343 -0.512076
vn -0.011373 0.886506 -0.462577
vn -0.713087 -0.530721 0.458085
vn -0.807431 -0.486141 0.334249
vn -0.783137 -0.547179 0.295453
vn -0.672231 -0.610517 0.418777
vn -0.563190 -0.638000 0.525140
vn -0.612393 -0.549891 0.567974
vn -0.728505 -0.460976 0.506736
vn -0.666893 -0.441593 0.600208
vn -0.939389 0.341128 -0.034334
vn -0.942917 0.330864 0.037915
vn -0.877214 0.455145 0.152771
vn -0.853405 0.511787 0.098866
vn -0.971119 0.206682 -0.119209
vn -0.982430 0.119907 -0.143014
vn -0.976132 0.192654 -0.100259
vn -0.975723 0.213211 -0.050058
vn -0.911633 0.410218 -0.025424
vn -0.820367 0.566601 0.077205
vn -0.676750 0.728312 -0.107569
vn -0.773469 0.632734 0.037337
vn -0.751600 0.656995 0.058781
vn -0.694330 0.714842 -0.083110
vn -0.669619 0.718776 -0.187008
vn -0.634535 0.750312 -0.185463
vn -0.574454 0.789845 -0.214818
vn -0.583021 0.791274 -0.184317
vn -0.574871 0.797105 -0.184786
vn -0.697876 0.707158 -0.113566
vn -0.807297 0.590069 0.009465
vn 0.224754 -0.802828 -0.552225
vn 0.553290 -0.073456 -0.829744
vn 0.634981 0.014090 -0.772399
vn 0.658828 0.043617 -0.751028
vn 0.567532 -0.009164 -0.823300
vn 0.456000 -0.082710 -0.886128
vn 0.469266 -0.036103 -0.882319
vn 0.553199 -0.274335 -0.786582
vn 0.574780 -0.151356 -0.804189
vn 0.628683 -0.034463 -0.776898
vn 0.563764 -0.819872 -0.099902
vn 0.752873 -0.656185 -0.051016
vn 0.935902 -0.284097 0.208272
vn 0.522696 -0.715002 -0.464286
vn 0.512701 -0.562226 -0.648876
vn 0.972098 0.174601 0.156649
vn 0.941738 0.328196 -0.073600
vn 0.892871 0.398598 -0.209524
vn 0.819413 0.234153 -0.523196
vn 0.140860 0.780521 -0.609053
vn 0.143192 0.810826 -0.567500
vn 0.855249 0.490936 -0.165922
vn 0.855773 0.491938 -0.160155
vn 0.793124 0.603313 -0.083466
vn 0.770807 0.630680 -0.089995
vn 0.902198 0.343570 -0.260767
vn 0.899046 0.367199 -0.238497
vn 0.882627 0.414414 -0.221880
vn 0.908436 0.288432 -0.302573
vn 0.787811 0.602008 -0.130156
vn 0.805316 0.564333 -0.181643
vn 0.711578 0.697707 -0.082830
vn 0.039221 -0.976760 -0.210719
vn 0.089472 -0.954607 -0.284112
vn -0.116977 -0.931930 -0.343254
vn -0.142781 -0.965422 -0.218116
vn 0.766045 -0.642190 0.027695
vn 0.795923 -0.605212 0.014998
vn 0.870804 -0.467051 0.153504
vn 0.836795 -0.515663 0.184028
vn 0.678092 -0.730718 -0.079015
vn 0.678879 -0.728985 -0.087778
vn 0.823223 -0.530027 0.203410
vn 0.783760 -0.616638 0.074009
vn 0.721669 -0.688562 -0.071248
vn 0.669404 -0.734382 -0.112165
vn 0.762093 -0.645439 -0.051208
vn 0.823323 -0.562292 0.077243
vn 0.857308 -0.490407 0.156601
vn 0.886215 -0.459127 0.061848
vn 0.829713 -0.558083 -0.010948
vn 0.872608 -0.486565 0.042543
vn 0.890773 -0.440424 0.112023
vn 0.821003 -0.517036 0.242131
vn 0.780187 -0.593638 0.197237
vn 0.936275 -0.346290 -0.058932
vn 0.939846 -0.341599 0.000267
vn 0.914329 -0.400069 -0.062830
vn 0.947469 -0.295212 -0.123097
vn 0.737316 -0.653841 0.169874
vn 0.833675 -0.548005 0.068378
vn 0.718703 -0.671186 0.181590
vn 0.837625 -0.537125 0.099405
vn 0.709529 -0.669285 0.220514
vn 0.847342 -0.515506 0.127539
vn 0.688212 -0.660344 0.300517
vn 0.846370 -0.495759 0.194630
vn 0.954114 -0.273858 0.121115
vn 0.830807 -0.450153 0.327294
vn 0.935107 -0.230279 0.269346
vn 0.974471 -0.027064 0.222876
vn 0.850100 -0.119058 0.512986
vn 0.874047 0.044321 0.483816
vn 0.643250 0.025821 0.765221
vn 0.662167 0.166396 0.730648
vn 0.441561 0.253610 0.860643
vn 0.474315 0.396980 0.785769
vn 0.399986 0.104925 0.910496
vn 0.232151 0.119451 0.965317
vn 0.282870 0.287292 0.915122
vn 0.184548 -0.093163 0.978398
vn 0.098239 -0.087048 0.991349
vn 0.133756 0.124707 0.983137
vn 0.169605 -0.351163 0.920825
vn 0.095448 -0.312745 0.945029
vn 0.064386 -0.269954 0.960718
vn 0.057287 -0.066351 0.996150
vn 0.212915 -0.565872 0.796528
vn 0.135529 -0.506293 0.851645
vn 0.110962 -0.453888 0.884123
vn 0.206510 -0.638848 0.741098
vn 0.179202 -0.598503 0.780821
vn 0.305862 -0.643900 0.701314
vn 0.404275 -0.712623 0.573350
vn 0.492579 -0.610118 0.620582
vn 0.399398 -0.536036 0.743738
vn 0.586263 -0.486275 0.647945
vn 0.501109 -0.406285 0.764083
vn 0.586476 -0.281624 0.759429
vn 0.481076 -0.197277 0.854194
vn 0.357020 -0.127215 0.925394
vn 0.654183 -0.152902 0.740720
vn 0.534250 -0.085971 0.840944
vn 0.391890 -0.042889 0.919012
vn 0.241141 -0.032742 0.969938
vn 0.232202 -0.086867 0.968781
vn 0.564079 0.006401 0.825696
vn 0.409277 0.026390 0.912028
vn 0.241193 0.013245 0.970387
vn 0.416864 0.057325 0.907160
vn 0.239854 0.025831 0.970465
vn 0.059267 -0.045776 0.997192
vn -0.108412 -0.161972 0.980822
vn 0.244986 0.001669 0.969525
vn 0.045852 -0.078700 0.995843
vn -0.147789 -0.202860 0.967991
vn -0.304660 -0.353772 0.884323
vn -0.246344 -0.310614 0.918060
vn 0.049354 -0.138379 0.989149
vn -0.177357 -0.267912 0.946978
vn -0.353129 -0.420146 0.835929
vn -0.447844 -0.556706 0.699653
vn -0.404491 -0.496145 0.768262
vn -0.188815 -0.358983 0.914046
vn -0.385833 -0.516994 0.764101
vn -0.463050 -0.647353 0.605408
vn -0.470112 -0.740327 0.480531
vn -0.478727 -0.658658 0.580509
vn -0.424267 -0.767942 0.479857
vn -0.405244 -0.844207 0.350843
vn -0.358863 -0.894933 0.265165
vn -0.442347 -0.803782 0.397825
vn -0.275779 -0.897423 0.344352
vn -0.262404 -0.942884 0.205216
vn -0.212555 -0.970683 0.112227
vn -0.147548 -0.986717 0.067964
vn -0.298470 -0.927828 0.223721
vn -0.055899 -0.995681 0.074127
vn -0.015425 -0.999431 -0.030004
vn 0.171342 -0.985020 -0.019409
vn 0.207116 -0.969766 -0.129061
vn 0.445976 -0.880239 -0.162129
vn 0.680891 -0.725437 -0.100643
vn 0.675556 -0.726299 -0.126943
vn 0.825532 -0.564356 -0.000795
vn 0.811200 -0.584768 -0.001166
vn 0.674179 -0.729921 -0.112686
vn 0.839728 -0.541409 0.041633
vn 0.899742 -0.386652 0.202395
vn 0.901592 -0.406809 0.147101
vn 0.871659 -0.371137 0.320107
vn 0.844856 -0.258310 0.468502
vn 0.900015 -0.265916 0.345342
vn 0.781576 -0.390104 0.486784
vn 0.743341 -0.249555 0.620618
vn 0.593908 -0.264956 0.759652
vn 0.521401 -0.126035 0.843953
vn 0.672204 -0.130883 0.728705
vn 0.624079 -0.458051 0.633020
vn 0.434101 -0.545188 0.717165
vn 0.405956 -0.302083 0.862523
vn 0.339974 -0.810613 0.476785
vn 0.209152 -0.958228 0.195077
vn -0.034891 -0.969217 0.243723
vn 0.083553 -0.224426 0.970903
vn 0.328378 -0.153230 0.932035
vn 0.270797 -0.058158 0.960878
vn 0.458852 -0.023205 0.888210
vn 0.427177 0.041152 0.903231
vn 0.582813 0.050523 0.811034
vn 0.609868 -0.021205 0.792219
vn 0.575879 0.056011 0.815614
vn 0.712048 0.023702 0.701730
vn 0.695145 -0.042280 0.717626
vn 0.820858 -0.048286 0.569087
vn 0.890773 -0.160427 0.425190
vn 0.914336 -0.291023 0.281593
vn 0.920031 -0.268256 0.285625
vn 0.890993 -0.432169 0.139146
vn -0.230989 -0.946299 0.226190
vn -0.334747 -0.870256 0.361385
vn -0.395954 -0.845273 0.358796
vn -0.080369 -0.993671 0.078484
vn -0.029836 -0.992204 0.120998
vn -0.163802 -0.951842 0.259165
vn -0.098810 -0.949163 0.298875
vn -0.166060 -0.886220 0.432479
vn -0.257492 -0.882761 0.392976
vn 0.004202 -0.986232 0.165316
vn 0.037108 -0.978070 0.204945
vn -0.035329 -0.943063 0.330734
vn 0.126714 -0.990908 0.045228
vn 0.134216 -0.987469 0.083014
vn 0.065086 -0.969777 0.235154
vn 0.240531 -0.969274 -0.051496
vn 0.229740 -0.972876 -0.027038
vn 0.326184 -0.936993 -0.125090
vn 0.304760 -0.945005 -0.118691
vn 0.382232 -0.904856 -0.187439
vn 0.357420 -0.913112 -0.196156
vn 0.337384 -0.917685 -0.209824
vn 0.394028 -0.878757 -0.269310
vn 0.373351 -0.882102 -0.287238
vn 0.336068 -0.887613 -0.314962
vn 0.308917 -0.920076 -0.240896
vn 0.259583 -0.894929 -0.362930
vn 0.240992 -0.920996 -0.306089
vn 0.108171 -0.934305 -0.339667
vn -0.059823 -0.914501 -0.400136
vn -0.187245 -0.899485 -0.394799
vn -0.250972 -0.915270 -0.315109
vn -0.266071 -0.893730 -0.361182
vn -0.280762 -0.940786 -0.189983
vn -0.208278 -0.876840 -0.433327
vn -0.257229 -0.877773 -0.404164
vn -0.306111 -0.893883 -0.327519
vn -0.287011 -0.881357 -0.375278
vn -0.330598 -0.893675 -0.303398
vn -0.308835 -0.886304 -0.345090
vn -0.356358 -0.890761 -0.282052
vn -0.398976 -0.889826 -0.221423
vn -0.379503 -0.889004 -0.256223
vn -0.429224 -0.880387 -0.201707
vn -0.483495 -0.862481 -0.149529
vn -0.442756 -0.880208 -0.170883
vn -0.551049 -0.828435 -0.100198
vn -0.499177 -0.856090 -0.133912
vn -0.466471 -0.875266 -0.127724
vn -0.519888 -0.844408 -0.129194
vn -0.353731 -0.929951 -0.100322
vn -0.331448 -0.938943 -0.092350
vn -0.162459 -0.986520 -0.019638
vn -0.172680 -0.984978 0.000149
vn 0.038109 -0.994054 0.101999
vn -0.001765 -0.990937 0.134318
vn -0.064101 -0.986230 0.152449
vn -0.120597 -0.980250 0.156739
vn -0.129626 -0.979930 0.151440
vn 0.016691 -0.969905 0.242911
vn 0.076342 -0.963390 0.257004
vn 0.212943 -0.945134 0.247746
vn 0.042733 -0.996496 0.071899
vn 0.246323 -0.946094 0.210312
vn 0.389003 -0.840576 0.376973
vn 0.443805 -0.706144 0.551723
vn 0.415854 -0.572707 0.706450
vn 0.383274 -0.563574 0.731769
vn 0.261230 -0.439948 0.859188
vn 0.328202 -0.444628 0.833420
vn 0.266487 -0.603429 0.751570
vn 0.114332 -0.468673 0.875942
vn -0.057186 -0.367864 0.928119
vn 0.105274 -0.324375 0.940052
vn -0.284174 -0.472733 0.834127
vn -0.404979 -0.402289 0.821070
vn -0.211870 -0.276834 0.937269
vn -0.494524 -0.638399 0.589824
vn -0.586464 -0.564795 0.580574
vn -0.666990 -0.481294 0.568754
vn -0.507243 -0.313766 0.802655
vn -0.561997 -0.779329 0.277138
vn -0.670909 -0.685539 0.282697
vn -0.766412 -0.578384 0.279437
vn -0.788544 -0.610931 0.070440
vn -0.897052 -0.428686 0.107360
vn -0.663963 -0.745473 0.058503
vn -0.621389 -0.780699 -0.066214
vn -0.766148 -0.641185 -0.043581
vn -0.514923 -0.855369 0.056548
vn -0.446579 -0.892973 -0.056276
vn -0.391140 -0.915043 -0.098521
vn -0.571099 -0.812077 -0.119905
vn -0.317679 -0.945332 0.073669
vn -0.234659 -0.971981 -0.013688
vn -0.181490 -0.982829 -0.033281
vn 0.004249 -0.997525 0.070190
vn -0.065382 -0.986931 0.147284
vn -0.885462 -0.464174 0.022359
vn -0.956234 -0.257373 0.139197
vn -0.959963 -0.196451 0.199696
vn -0.956119 -0.072855 0.283777
vn -0.941119 0.002938 0.338063
vn -0.905979 0.050057 0.420353
vn -0.872333 0.109943 0.476390
vn -0.798916 0.130147 0.587193
vn -0.793778 0.151606 0.589009
vn -0.707608 0.158620 0.688571
vn -0.573439 0.113346 0.811370
vn -0.669153 0.073702 0.739460
vn -0.405288 0.017739 0.914017
vn -0.506984 -0.048432 0.860594
vn -0.231223 -0.097352 0.968018
vn -0.355907 -0.173313 0.918310
vn -0.060874 -0.211594 0.975460
vn -0.134616 -0.063889 0.988836
vn 0.039723 -0.186268 0.981696
vn 0.197973 -0.314607 0.928348
vn 0.091771 -0.178169 0.979711
vn 0.229182 -0.319213 0.919553
vn 0.331653 -0.461014 0.823087
vn 0.207754 -0.324052 0.922946
vn 0.277206 -0.477834 0.833566
vn 0.187452 -0.481354 0.856248
vn 0.079062 -0.478724 0.874398
vn 0.083042 -0.616432 0.783017
vn 0.083496 -0.710404 0.698824
vn -0.035115 -0.475075 0.879244
vn -0.046455 -0.617662 0.785070
vn -0.046982 -0.721122 0.691213
vn -0.039024 -0.779774 0.624844
vn 0.074213 -0.755703 0.650696
vn -0.186059 -0.609474 0.770664
vn -0.201770 -0.717418 0.666784
vn -0.205079 -0.784348 0.585441
vn -0.204761 -0.811741 0.546946
vn -0.031997 -0.794460 0.606473
vn -0.337494 -0.691752 0.638417
vn -0.354137 -0.748948 0.560057
vn -0.365507 -0.765746 0.529185
vn -0.320252 -0.747639 0.581786
vn -0.207580 -0.797419 0.566599
vn -0.432841 -0.717045 0.546346
vn -0.425154 -0.727387 0.538658
vn -0.365048 -0.714275 0.597119
vn -0.212557 -0.708285 0.673166
vn -0.212469 -0.720812 0.659762
vn -0.422797 -0.741063 0.521601
vn -0.345906 -0.743251 0.572649
vn -0.211533 -0.745076 0.632546
vn -0.061053 -0.754828 0.653075
vn -0.043906 -0.729985 0.682051
vn -0.313539 -0.806069 0.501943
vn -0.200240 -0.811711 0.548661
vn -0.075420 -0.815302 0.574103
vn 0.050535 -0.765144 0.641873
vn -0.070825 -0.885650 0.458921
vn 0.043408 -0.757518 0.651369
vn -0.093498 -0.763446 0.639068
vn -0.393671 -0.794538 0.462312
vn -0.455166 -0.724115 0.518152
vn -0.443747 -0.770543 0.457551
vn -0.464583 -0.682004 0.564830
vn -0.472350 -0.727474 0.497662
vn -0.452417 -0.607077 0.653281
vn -0.423657 -0.671662 0.607771
vn -0.397657 -0.586864 0.705308
vn -0.342163 -0.462095 0.818164
vn -0.309831 -0.593046 0.743169
vn -0.259716 -0.452212 0.853260
vn -0.150818 -0.462092 0.873913
vn 0.099810 -0.173790 0.979712
vn -0.042342 -0.047442 0.997976
vn -0.070853 -0.050582 0.996203
vn -0.248708 0.053900 0.967078
vn -0.209327 0.046920 0.976719
vn -0.316053 0.045405 0.947655
vn -0.487116 0.126412 0.864140
vn -0.420758 0.126571 0.898300
vn -0.562872 0.163383 0.810235
vn -0.528828 0.135397 0.837859
vn -0.381387 0.107561 0.918136
vn -0.625471 0.164913 0.762621
vn -0.507412 0.061455 0.859509
vn -0.360172 0.056256 0.931188
vn -0.193567 0.020121 0.980881
vn -0.340288 -0.023887 0.940018
vn -0.190347 -0.027305 0.981337
vn -0.475938 -0.047599 0.878190
vn -0.425528 -0.165947 0.889599
vn -0.356635 -0.278271 0.891839
vn -0.579402 -0.083004 0.810805
vn -0.520255 -0.221107 0.824892
vn -0.446487 -0.349772 0.823595
vn -0.370236 -0.454518 0.810148
vn -0.285047 -0.366983 0.885478
vn -0.594188 -0.262566 0.760263
vn -0.522398 -0.397242 0.754519
vn -0.448922 -0.511409 0.732755
vn -0.383595 -0.596075 0.705372
vn -0.303879 -0.525970 0.794363
vn -0.593987 -0.425181 0.682935
vn -0.527807 -0.541809 0.654112
vn -0.468668 -0.632829 0.616342
vn -0.427981 -0.692362 0.580919
vn -0.334784 -0.648714 0.683440
vn -0.536199 -0.693990 0.480488
vn -0.528001 -0.726267 0.440172
vn -0.406331 -0.726682 0.553920
vn -0.655952 -0.654649 0.375716
vn -0.657139 -0.674834 0.335810
vn -0.666305 -0.674983 0.316915
vn -0.773014 -0.577717 0.262091
vn -0.870265 -0.471768 0.141685
vn -0.939108 -0.343196 0.017080
vn -0.978123 -0.187211 -0.090705
vn -0.983615 -0.160373 -0.082360
vn -0.989430 0.043202 -0.138427
vn -0.991605 -0.119678 -0.048953
vn -0.988887 -0.019886 -0.147335
vn -0.984832 -0.070692 -0.158457
vn -0.984679 0.032909 -0.171246
vn -0.984412 0.091588 -0.150146
vn -0.978997 -0.095705 -0.180014
vn -0.978613 -0.023415 -0.204371
vn -0.980016 0.017484 -0.198148
vn -0.984605 0.030647 -0.172088
vn -0.986882 0.114782 -0.113527
vn -0.967204 -0.057480 -0.247411
vn -0.967881 -0.034831 -0.248982
vn -0.972029 -0.036525 -0.232005
vn -0.950473 -0.069872 -0.302852
vn -0.952576 -0.082404 -0.292932
vn -0.955196 -0.116114 -0.272246
vn -0.953108 -0.177418 -0.245169
vn -0.928667 -0.108953 -0.354552
vn -0.927489 -0.144232 -0.344908
vn -0.921968 -0.194255 -0.335023
vn -0.939348 -0.245237 -0.239759
vn -0.894696 -0.150158 -0.420679
vn -0.885007 -0.189721 -0.425169
vn -0.852923 -0.136459 -0.503886
vn -0.836497 -0.157092 -0.524972
vn -0.798557 -0.103464 -0.592960
vn -0.775483 -0.095904 -0.624042
vn -0.752820 -0.073867 -0.654068
vn -0.747266 -0.036472 -0.663523
vn -0.676194 0.156700 -0.719865
vn -0.762774 -0.015795 -0.646473
vn -0.671511 0.212843 -0.709768
vn -0.783752 -0.039757 -0.619800
vn -0.869065 -0.218946 -0.443608
vn -0.913845 -0.274143 -0.299553
vn -0.598595 0.421997 -0.680884
vn -0.618044 0.318094 -0.718914
vn -0.596595 0.444815 -0.667993
vn -0.585680 0.546661 -0.598449
vn -0.604756 0.346730 -0.716972
vn -0.581766 0.469866 -0.663909
vn -0.589403 0.537831 -0.602779
vn -0.575455 0.413262 -0.705738
vn -0.520120 0.529543 -0.670119
vn -0.550042 0.560759 -0.618872
vn -0.513212 0.622230 -0.591137
vn -0.560876 0.635510 -0.530608
vn -0.581376 0.595557 -0.554358
vn -0.469992 0.601703 -0.645803
vn -0.418453 0.561453 -0.713910
vn -0.355960 0.476065 -0.804148
vn -0.336398 0.532021 -0.777040
vn -0.305054 0.344840 -0.887709
vn -0.298876 0.416882 -0.858419
vn -0.260907 0.368356 -0.892323
vn -0.194017 0.242046 -0.950669
vn -0.093393 0.161061 -0.982516
vn -0.036917 0.059028 -0.997573
vn 0.006840 0.125043 -0.992128
vn 0.057663 0.217209 -0.974420
vn 0.093301 0.348175 -0.932775
vn 0.091705 0.104721 -0.990264
vn 0.127965 0.201242 -0.971147
vn 0.150286 0.322580 -0.934535
vn 0.145266 0.455020 -0.878552
vn 0.090542 0.490109 -0.866946
vn 0.185819 0.181125 -0.965746
vn 0.194732 0.295091 -0.935415
vn 0.237991 0.152082 -0.959287
vn 0.164297 0.082840 -0.982926
vn 0.229475 0.055805 -0.971713
vn 0.295513 0.030339 -0.954857
vn 0.303383 0.114359 -0.945982
vn 0.381436 0.016074 -0.924256
vn 0.397967 0.079546 -0.913944
vn 0.409217 0.130992 -0.902986
vn 0.421142 0.153624 -0.893890
vn 0.511009 0.060583 -0.857438
vn 0.534960 0.089855 -0.840085
vn 0.563113 0.096947 -0.820674
vn 0.603020 0.085695 -0.793110
vn 0.447975 0.147957 -0.881718
vn 0.650171 0.074981 -0.756079
vn 0.682105 0.075236 -0.727373
vn 0.720666 0.067822 -0.689957
vn 0.768137 0.064477 -0.637031
vn 0.657109 0.064643 -0.751018
vn 0.769258 0.076024 -0.634399
vn 0.800282 0.077238 -0.594629
vn 0.836610 0.091666 -0.540075
vn 0.874351 0.133216 -0.466651
vn 0.822596 0.077569 -0.563310
vn 0.851200 0.095725 -0.516039
vn 0.876603 0.127025 -0.464145
vn 0.900102 0.189170 -0.392468
vn 0.901722 0.216035 -0.374467
vn 0.899915 0.156264 -0.407106
vn 0.910003 0.233787 -0.342400
vn 0.916833 0.171027 -0.360787
vn 0.917203 0.254914 -0.306199
vn 0.933303 0.171292 -0.315602
vn 0.929497 0.253913 -0.267514
vn 0.908280 0.363739 -0.206691
vn 0.864186 0.486349 -0.129021
vn 0.945024 0.239916 -0.222192
vn 0.922343 0.347004 -0.169916
vn 0.872852 0.479487 -0.090674
vn 0.807369 0.589877 0.014161
vn 0.805797 0.590608 -0.043291
vn 0.882025 0.467288 -0.060616
vn 0.756077 0.654044 0.023971
vn 0.730400 0.682300 -0.031328
vn 0.729565 0.681734 0.054533
vn 0.684870 0.728520 -0.014518
vn 0.623923 0.778820 -0.064493
vn 0.684726 0.726361 -0.059582
vn 0.544891 0.831404 -0.108906
vn 0.608874 0.789352 -0.078715
vn 0.633705 0.768897 -0.084936
vn 0.586287 0.805359 -0.087540
vn 0.510117 0.848118 -0.143097
vn 0.433687 0.878601 -0.199940
vn 0.482677 0.858336 -0.174021
vn 0.411549 0.882183 -0.228869
vn 0.344742 0.894717 -0.283961
vn 0.386357 0.886282 -0.255408
vn 0.323793 0.893664 -0.310682
vn 0.264262 0.890229 -0.371023
vn 0.297927 0.894366 -0.333689
vn 0.242668 0.885404 -0.396449
vn 0.193484 0.863837 -0.465135
vn 0.211873 0.884212 -0.416268
vn 0.163182 0.859600 -0.484211
vn 0.126187 0.820897 -0.556960
vn 0.155722 0.825879 -0.541917
vn 0.105587 0.763565 -0.637040
vn 0.133494 0.766212 -0.628569
vn 0.104488 0.683869 -0.722084
vn 0.131800 0.677245 -0.723856
vn 0.127880 0.688919 -0.713469
vn 0.110214 0.727415 -0.677289
vn 0.085365 0.658576 -0.747657
vn 0.098799 0.787479 -0.608371
vn 0.056201 0.734495 -0.676283
vn 0.089501 0.853518 -0.513320
vn 0.041294 0.818905 -0.572442
vn 0.112077 0.909136 -0.401137
vn 0.106524 0.901316 -0.419860
vn 0.230187 0.931661 -0.281107
vn 0.339221 0.912417 -0.228963
vn 0.513179 0.830359 -0.217141
vn 0.574256 0.794215 -0.198628
vn 0.620106 0.760940 -0.190888
vn 0.421426 0.883624 -0.203980
vn 0.659946 0.729636 -0.179172
vn 0.802305 0.557071 -0.214426
vn 0.664200 0.736097 -0.130383
vn 0.801777 0.545222 -0.244717
vn 0.891791 0.287189 -0.349616
vn 0.891530 0.355569 -0.280617
vn 0.874658 0.136425 -0.465146
vn 0.874031 0.189485 -0.447398
vn 0.805644 0.067835 -0.588504
vn 0.725862 0.047157 -0.686222
vn 0.656637 0.055738 -0.752145
vn 0.563062 0.093287 -0.821133
vn 0.495580 0.125730 -0.859414
vn 0.337873 0.264054 -0.903392
vn 0.305608 0.270164 -0.913025
vn 0.132352 0.519545 -0.844130
vn 0.150546 0.469991 -0.869738
vn 0.391666 0.240923 -0.888006
vn 0.117440 0.583996 -0.803217
vn 0.783720 0.091174 -0.614386
vn 0.811093 0.507403 -0.290981
vn 0.122235 0.579589 -0.805689
vn 0.049680 0.695551 -0.716757
vn 0.065025 0.606720 -0.792252
vn -0.032518 0.700091 -0.713312
vn -0.025567 0.628532 -0.777363
vn -0.012534 0.761368 -0.648199
vn 0.056069 0.765066 -0.641506
vn 0.080739 0.819352 -0.567576
vn 0.120035 0.858257 -0.498985
vn 0.171458 0.885416 -0.432020
vn 0.124792 0.886291 -0.446000
vn 0.190904 0.908168 -0.372540
vn 0.142519 0.913175 -0.381837
vn 0.082963 0.889463 -0.449414
vn 0.226720 0.905042 -0.359856
vn 0.264651 0.898791 -0.349478
vn 0.315131 0.905488 -0.284225
vn 0.362573 0.903714 -0.227686
vn 0.354384 0.893693 -0.275182
vn 0.413248 0.883110 -0.222132
vn 0.480126 0.859612 -0.174774
vn 0.414127 0.891468 -0.183802
vn 0.452675 0.868512 -0.201922
vn 0.526348 0.837212 -0.148440
vn 0.610666 0.786558 -0.091727
vn 0.560431 0.817928 -0.130043
vn 0.557865 0.821696 -0.116626
vn 0.635933 0.769961 -0.052439
vn 0.656917 0.753546 -0.025064
vn 0.719925 0.692126 0.051666
vn 0.771530 0.617799 0.151873
vn 0.799023 0.534307 0.275822
vn 0.848626 0.353425 0.393605
vn 0.904832 0.229058 0.358904
vn 0.808900 0.258797 0.527926
vn 0.859924 0.116574 0.496932
vn 0.880085 -0.005286 0.474787
vn 0.935264 0.106159 0.337657
vn 0.743795 0.190110 0.640803
vn 0.791986 0.043145 0.609013
vn 0.809492 -0.070265 0.582911
vn 0.789671 -0.129655 0.599674
vn 0.866143 -0.084995 0.492516
vn 0.717107 -0.003792 0.696953
vn 0.670743 0.143324 0.727710
vn 0.590014 0.102607 0.800847
vn 0.633836 -0.037900 0.772538
vn 0.492024 0.061439 0.868411
vn 0.529419 -0.061192 0.846151
vn 0.369206 0.027573 0.928938
vn 0.397147 -0.066761 0.915323
vn 0.419539 -0.122310 0.899459
vn 0.460421 -0.129836 0.878154
vn 0.247542 -0.047299 0.967722
vn 0.272797 -0.077486 0.958946
vn 0.318835 -0.075365 0.944809
vn 0.169545 0.006850 0.985499
vn 0.242585 0.034223 0.969526
vn 0.392887 -0.054323 0.917981
vn 0.532852 -0.116693 0.838124
vn 0.126144 -0.004465 0.992002
vn -0.003440 0.099718 0.995010
vn 0.026867 0.115179 0.992981
vn -0.103593 0.244969 0.963981
vn -0.054886 0.258593 0.964426
vn 0.091726 0.140762 0.985785
vn -0.111157 0.235156 0.965581
vn -0.195850 0.385942 0.901494
vn -0.216634 0.384363 0.897404
vn -0.147550 0.385982 0.910630
vn -0.185889 0.533826 0.824909
vn -0.253805 0.526325 0.811520
vn -0.072219 0.393215 0.916606
vn -0.090290 0.549656 0.830498
vn 0.016863 0.400976 0.915933
vn 0.030076 0.563400 0.825637
vn 0.037420 0.690225 0.722627
vn -0.104406 0.669297 0.735623
vn -0.208664 0.645661 0.734562
vn -0.118072 0.746724 0.654570
vn -0.219081 0.716238 0.662575
vn -0.131002 0.785293 0.605106
vn -0.216714 0.746892 0.628639
vn -0.192692 0.739284 0.645236
vn -0.182174 0.750509 0.635254
vn -0.139238 0.785163 0.603433
vn -0.073274 0.746572 0.661258
vn -0.107907 0.702368 0.703587
vn 0.040997 0.822943 0.566643
vn 0.052788 0.838789 0.541892
vn 0.063115 0.812503 0.579530
vn 0.243294 0.801423 0.546379
vn 0.277317 0.800104 0.531910
vn 0.222471 0.756301 0.615236
vn 0.379465 0.743341 0.550863
vn 0.378952 0.727853 0.571511
vn 0.293996 0.692230 0.659078
vn 0.393420 0.708161 0.586283
vn 0.280360 0.701352 0.655365
vn 0.101886 0.707415 0.699416
vn 0.087339 0.676741 0.731022
vn 0.072931 0.701140 0.709284
vn -0.067073 0.729427 0.680762
vn 0.113443 0.769953 0.627936
vn 0.263478 0.752663 0.603388
vn 0.238152 0.824993 0.512514
vn 0.116024 0.845293 0.521553
vn 0.191477 0.899316 0.393151
vn 0.094767 0.913184 0.396377
vn 0.107546 0.960873 0.255259
vn 0.035379 0.964130 0.263063
vn -0.015744 0.964739 0.262738
vn -0.059926 0.990558 0.123301
vn -0.089147 0.987625 0.129036
vn -0.101241 0.986290 0.130316
vn -0.038354 0.967277 0.250805
vn -0.062051 0.992444 0.105856
vn -0.005326 0.977625 0.210286
vn 0.092802 0.983882 0.152852
vn 0.036034 0.985761 0.164247
vn -0.025488 0.986052 0.164474
vn 0.117856 0.992607 0.028989
vn 0.102671 0.994291 0.029046
vn -0.069060 0.986175 0.150630
vn 0.254624 0.964064 -0.075809
vn 0.272383 0.960189 -0.062011
vn 0.311602 0.949054 -0.046903
vn 0.117576 0.992721 0.026078
vn 0.373323 0.918004 -0.133785
vn 0.422968 0.899299 -0.111172
vn 0.481732 0.872190 -0.084968
vn 0.544170 0.838440 -0.029943
vn 0.373713 0.927525 -0.006010
vn 0.551443 0.825937 -0.117213
vn 0.624522 0.776262 -0.085969
vn 0.683359 0.729409 -0.031352
vn 0.721268 0.687718 0.082567
vn 0.602673 0.793421 0.085254
vn 0.821205 0.563182 0.091913
vn 0.802421 0.534208 0.265975
vn 0.721240 0.634798 0.277206
vn 0.907381 0.399189 0.131562
vn 0.955547 0.191440 0.224233
vn 0.933269 0.012770 0.358951
vn 0.814962 -0.111840 0.568621
vn 0.715928 -0.060301 0.695565
vn 0.728236 -0.138786 0.671127
vn 0.623347 -0.099778 0.775553
vn 0.486997 -0.017686 0.873224
vn 0.586940 0.053938 0.807832
vn 0.462212 0.171364 0.870055
vn 0.594817 0.311056 0.741240
vn 0.342360 0.083091 0.935888
vn 0.196921 0.185801 0.962653
vn 0.340292 0.268209 0.901258
vn 0.207185 0.351404 0.913011
vn 0.405758 0.463747 0.787591
vn 0.506819 0.396789 0.765306
vn 0.047189 0.287531 0.956608
vn -0.107748 0.389412 0.914740
vn 0.053228 0.428814 0.901823
vn -0.193704 0.381506 0.903843
vn -0.311235 0.500155 0.808070
vn -0.254835 0.493795 0.831400
vn -0.301617 0.516427 0.801455
vn -0.367368 0.600398 0.710326
vn -0.265548 0.634665 0.725731
vn -0.117170 0.518644 0.846924
vn 0.277609 0.523619 0.805454
vn 0.470257 0.672438 0.571564
vn 0.571253 0.605214 0.554424
vn 0.515261 0.806858 0.288941
vn 0.630419 0.721680 0.285919
vn 0.651331 0.537706 0.535388
vn 0.723265 0.457712 0.517095
vn 0.452558 0.886776 0.093910
vn 0.253972 0.959726 0.120097
vn 0.169343 0.984543 0.044702
vn 0.013577 0.981018 0.193443
vn -0.051147 0.990276 0.129372
vn -0.081920 0.988104 0.130152
vn -0.255046 0.932170 0.256925
vn -0.211255 0.934456 0.286641
vn 0.477112 0.866173 -0.148694
vn -0.164500 0.986348 -0.007526
vn -0.252468 0.961118 -0.111855
vn -0.014339 0.993782 0.110415
vn 0.061065 0.993715 0.093813
vn 0.197815 0.949108 0.245077
vn 0.294726 0.922151 0.250547
vn 0.159064 0.982370 0.098225
vn 0.293146 0.877129 0.380407
vn 0.382610 0.843061 0.377964
vn 0.451335 0.796656 0.402040
vn 0.380334 0.880186 0.283934
vn 0.349517 0.800472 0.486910
vn 0.430312 0.769420 0.472042
vn 0.478803 0.729926 0.487807
vn 0.499801 0.673671 0.544396
vn 0.494027 0.736614 0.461884
vn 0.447431 0.720792 0.529401
vn 0.475653 0.691989 0.543052
vn 0.475129 0.640346 0.603498
vn 0.444262 0.555525 0.702868
vn 0.485524 0.592599 0.642723
vn 0.440582 0.690371 0.573825
vn 0.421862 0.637786 0.644408
vn 0.378542 0.542783 0.749729
vn 0.302280 0.404545 0.863116
vn 0.369845 0.430903 0.823126
vn 0.329816 0.659309 0.675672
vn 0.285050 0.549132 0.785621
vn 0.217870 0.394788 0.892567
vn 0.189048 0.241796 0.951733
vn 0.162574 0.561887 0.811081
vn 0.116251 0.397922 0.910024
vn 0.194526 0.685270 0.701829
vn 0.359438 0.722123 0.591052
vn 0.218871 0.763637 0.607416
vn 0.039948 0.774685 0.631085
vn 0.435935 0.710219 0.552766
vn 0.379987 0.738136 0.557464
vn 0.044966 0.088135 0.995093
vn 0.080730 0.124872 0.988883
vn 0.244707 0.278094 0.928861
vn 0.105549 0.185889 0.976885
vn 0.288979 0.335215 0.896729
vn 0.419628 0.478408 0.771387
vn 0.314744 0.412196 0.855003
vn 0.450512 0.548749 0.704211
vn 0.500789 0.656807 0.563751
vn 0.457709 0.642662 0.614401
vn 0.481286 0.746777 0.459009
vn 0.445604 0.823508 0.351100
vn 0.397938 0.856625 0.328388
vn 0.336846 0.916163 0.217212
vn 0.254352 0.956782 0.140974
vn 0.158424 0.983827 0.083584
vn 0.082120 0.996622 0.000119
vn -0.055788 0.998315 -0.015997
vn -0.108078 0.988563 -0.105173
vn -0.260978 0.963084 -0.066026
vn -0.297081 0.941290 -0.160361
vn -0.450678 0.889091 -0.080034
vn -0.486718 0.857202 -0.168257
vn -0.522349 0.829375 -0.198213
vn -0.676756 0.725349 -0.125972
vn -0.695322 0.705284 -0.138209
vn -0.701163 0.701293 -0.128680
vn -0.551538 0.810921 -0.195482
vn -0.837515 0.545845 -0.024949
vn -0.827348 0.561582 -0.010976
vn -0.918292 0.377920 0.117965
vn -0.903793 0.406621 0.133481
vn -0.877782 0.451487 0.160179
vn -0.924777 0.259855 0.277963
vn -0.837976 0.510984 0.191549
vn -0.808955 0.550264 0.206883
vn -0.847054 0.458261 0.269251
vn -0.847458 0.428520 0.313345
vn -0.893004 0.397411 0.211206
vn -0.885984 0.428348 0.177626
vn -0.930620 0.350359 0.105807
vn -0.913383 0.401716 0.066003
vn -0.952493 0.303719 0.022607
vn -0.918250 0.395267 -0.024088
vn -0.859107 0.500530 -0.106794
vn -0.780766 0.599198 -0.177107
vn -0.912208 0.403171 -0.073009
vn -0.898699 0.434284 -0.061133
vn -0.871572 0.490013 -0.015813
vn -0.712525 0.673346 -0.197264
vn -0.697787 0.658747 -0.281330
vn -0.659628 0.699656 -0.274540
vn -0.665547 0.648994 -0.368584
vn -0.633524 0.681400 -0.366527
vn -0.614898 0.643252 -0.456209
vn -0.583565 0.675106 -0.451314
vn -0.527525 0.674590 -0.516377
vn -0.494535 0.715803 -0.493012
vn -0.469653 0.764710 -0.441185
vn -0.439791 0.804855 -0.398486
vn -0.458397 0.809735 -0.366336
vn -0.427279 0.846395 -0.317881
vn -0.452519 0.841406 -0.295401
vn -0.500680 0.825566 -0.260308
vn -0.432349 0.868796 -0.241388
vn -0.493820 0.840373 -0.223418
vn -0.398651 0.882634 -0.249067
vn -0.410119 0.849953 -0.330729
vn -0.371013 0.892974 -0.254848
vn -0.318863 0.928896 -0.188359
vn -0.330199 0.906584 -0.262821
vn -0.382513 0.860168 -0.337336
vn -0.253675 0.923251 -0.288543
vn -0.126772 0.924007 -0.360750
vn 0.013139 0.912674 -0.408477
vn 0.047068 0.932860 -0.357152
vn 0.100778 0.951574 -0.290431
vn -0.428882 0.799184 -0.421147
vn -0.938955 0.326949 0.107084
vn -0.968483 0.248098 0.022106
vn -0.941978 0.325740 0.081065
vn -0.974092 0.226017 -0.007866
vn -0.891866 0.398424 0.214087
vn -0.886031 0.421800 0.192445
vn -0.833335 0.446119 0.326390
vn -0.810925 0.493425 0.314535
vn -0.782338 0.555415 0.281888
vn -0.731904 0.521278 0.438845
vn -0.676348 0.607582 0.416410
vn -0.615200 0.691425 0.378761
vn -0.741910 0.626938 0.237738
vn -0.558580 0.749940 0.354371
vn -0.696211 0.685005 0.214612
vn -0.512953 0.773915 0.371396
vn -0.661390 0.712351 0.234773
vn -0.803856 0.584594 0.109843
vn -0.912041 0.409372 0.024400
vn -0.633603 0.715604 0.294036
vn -0.800756 0.573028 0.174442
vn -0.922558 0.373872 0.095428
vn -0.806007 0.520413 0.281997
vn -0.927999 0.304662 0.214474
vn -0.982633 0.085051 0.164922
vn -0.893770 0.169222 0.415377
vn -0.927209 -0.016732 0.374172
vn -0.750945 -0.003810 0.660353
vn -0.780137 -0.161633 0.604368
vn -0.530049 -0.112764 0.840436
vn -0.586356 -0.267922 0.764464
vn -0.626163 -0.414227 0.660557
vn -0.409344 -0.317766 0.855256
vn -0.473141 -0.455068 0.754354
vn -0.656644 -0.551093 0.514893
vn -0.669574 -0.642515 0.372619
vn -0.273107 -0.354084 0.894448
vn -0.333876 -0.493645 0.803020
vn -0.191409 -0.394792 0.898611
vn -0.248147 -0.540418 0.803972
vn -0.165026 -0.427484 0.888833
vn -0.230566 -0.568480 0.789727
vn -0.306283 -0.670690 0.675548
vn -0.254497 -0.563780 0.785737
vn -0.180630 -0.437623 0.880828
vn -0.224680 -0.418519 0.879978
vn -0.112969 -0.272484 0.955505
vn -0.148950 -0.275083 0.949812
vn -0.062881 -0.082537 0.994602
vn -0.092507 -0.109755 0.989645
vn -0.044318 0.106193 0.993357
vn -0.075441 0.051050 0.995843
vn -0.037564 0.161044 0.986232
vn -0.053591 0.340068 0.938873
vn -0.058178 -0.044378 0.997319
vn -0.085910 -0.000448 0.996303
vn -0.061755 0.218597 0.973859
vn -0.104775 -0.249109 0.962791
vn -0.134374 -0.213283 0.967706
vn -0.210788 -0.177557 0.961271
vn -0.152335 0.041102 0.987474
vn -0.265280 0.069928 0.961632
vn -0.208907 0.342360 0.916050
vn -0.117852 0.280359 0.952633
vn -0.341115 -0.150239 0.927938
vn -0.211993 0.571005 0.793103
vn -0.127578 0.483359 0.866076
vn -0.074437 0.406948 0.910414
vn -0.179031 0.615732 0.767348
vn -0.118024 0.545427 0.829807
vn -0.100596 0.488099 0.866971
vn -0.268260 0.694234 0.667889
vn -0.334864 0.751997 0.567773
vn -0.464999 0.771363 0.434483
vn -0.386002 0.776052 0.498745
vn -0.405219 0.739479 0.537558
vn -0.608232 0.688533 0.394938
vn -0.431674 0.763116 0.480949
vn -0.495126 0.704527 0.508421
vn -0.389694 0.679438 0.621694
vn -0.575238 0.609715 0.545297
vn -0.483440 0.573723 0.661156
vn -0.399180 0.509471 0.762295
vn -0.296874 0.624531 0.722376
vn -0.581346 0.449856 0.677987
vn -0.506571 0.374680 0.776531
vn -0.596961 0.245596 0.763754
vn -0.504524 0.166209 0.847249
vn -0.670487 0.113243 0.733228
vn -0.564000 0.044480 0.824576
vn -0.433009 0.000092 0.901390
vn -0.391292 0.100058 0.914811
vn -0.288554 -0.012289 0.957385
vn -0.271328 0.059891 0.960622
vn -0.156571 0.075689 0.984762
vn -0.084804 0.064810 0.994288
vn -0.082135 0.048470 0.995442
vn -0.135702 0.075614 0.987860
vn -0.077950 0.014176 0.996856
vn -0.113242 0.040428 0.992745
vn -0.026460 0.038380 0.998913
vn -0.029305 0.003138 0.999565
vn -0.032864 -0.037335 0.998762
vn 0.021656 -0.002810 0.999761
vn 0.017408 -0.043189 0.998915
vn 0.014306 -0.079594 0.996725
vn -0.033671 -0.072185 0.996823
vn 0.066778 -0.051263 0.996450
vn 0.064849 -0.081222 0.994584
vn 0.114737 -0.073004 0.990710
vn 0.128170 -0.088278 0.987815
vn 0.068093 -0.008905 0.997639
vn 0.100048 -0.026531 0.994629
vn 0.028634 0.035627 0.998955
vn -0.023288 0.062818 0.997753
vn 0.035197 0.060691 0.997536
vn -0.455989 -0.085899 0.885830
vn -0.294465 -0.075962 0.952639
vn -0.464134 -0.135242 0.875379
vn -0.292966 -0.102822 0.950578
vn -0.119251 -0.029166 0.992436
vn -0.286253 -0.088726 0.954037
vn -0.102056 -0.001423 0.994778
vn -0.286988 -0.029915 0.957467
vn -0.095811 0.060221 0.993576
vn -0.318985 0.073542 0.944902
vn -0.119309 0.153924 0.980853
vn 0.105267 0.269632 0.957192
vn -0.188745 0.280022 0.941256
vn 0.060483 0.378085 0.923793
vn 0.312204 0.510529 0.801179
vn -0.295258 0.453324 0.841023
vn -0.485239 0.379635 0.787668
vn -0.535222 0.583027 0.611242
vn -0.366726 0.682515 0.632207
vn -0.393884 0.211360 0.894529
vn -0.564531 0.164056 0.808944
vn -0.649041 0.303812 0.697456
vn -0.487642 0.022252 0.872760
vn -0.457730 -0.091309 0.884390
vn -0.460934 -0.140807 0.876192
vn -0.622149 -0.153810 0.767641
vn -0.762061 -0.113857 0.637417
vn -0.619121 -0.127103 0.774942
vn -0.747026 -0.077161 0.660302
vn -0.840684 0.010624 0.541421
vn -0.861256 -0.022812 0.507659
vn -0.601110 -0.059672 0.796936
vn -0.719338 -0.001724 0.694658
vn -0.917505 0.095465 0.386096
vn -0.916735 0.104506 0.385584
vn -0.900966 0.127007 0.414885
vn -0.938812 0.227578 0.258534
vn -0.921819 0.365192 0.129939
vn -0.937174 0.223232 0.268090
vn -0.909163 0.251903 0.331613
vn -0.879738 0.156951 0.448807
vn -0.828620 0.335267 0.448313
vn -0.787428 0.229729 0.571997
vn -0.691864 0.461238 0.555503
vn -0.507178 0.778539 0.369660
vn -0.453903 0.884381 0.108825
vn -0.270776 0.957431 0.100028
vn -0.334872 0.875690 0.347891
vn -0.049673 0.991478 0.120436
vn 0.205029 0.958172 0.199676
vn -0.837796 0.545686 -0.017999
vn -0.656131 0.502699 0.562837
vn 0.230031 0.014445 0.973076
vn 0.432136 0.192242 0.881080
vn 0.522736 0.251887 0.814432
vn 0.437568 0.389437 0.810477
vn 0.353081 0.313864 0.881376
vn 0.352304 0.493545 0.795170
vn 0.274802 0.405710 0.871713
vn 0.285445 0.555546 0.780955
vn 0.216021 0.454931 0.863929
vn 0.148826 0.322255 0.934881
vn 0.182159 0.471709 0.862733
vn 0.123260 0.327210 0.936878
vn 0.074939 0.152557 0.985449
vn 0.095163 0.163527 0.981938
vn 0.051498 -0.036483 0.998006
vn 0.073651 -0.000673 0.997284
vn 0.084941 0.136963 0.986928
vn 0.131485 0.317455 0.939113
vn 0.182496 0.302949 0.935370
vn 0.185038 0.464822 0.865853
vn 0.236041 0.447179 0.862737
vn 0.334319 0.428730 0.839298
vn 0.294168 0.559120 0.775145
vn 0.396350 0.545208 0.738684
vn 0.520404 0.534693 0.665795
vn 0.581222 0.623526 0.522873
vn 0.624525 0.661567 0.415087
vn 0.757828 0.586190 0.286493
vn 0.772575 0.578797 0.261002
vn 0.635696 0.674539 0.375350
vn 0.634985 0.666722 0.390225
vn 0.767601 0.574468 0.284209
vn 0.511113 0.708827 0.486135
vn 0.532641 0.673734 0.512226
vn 0.639555 0.644669 0.418773
vn 0.401172 0.706378 0.583174
vn 0.437628 0.665541 0.604596
vn 0.313096 0.661607 0.681357
vn 0.357062 0.625311 0.693897
vn 0.424379 0.557521 0.713493
vn 0.512728 0.446295 0.733437
vn 0.600949 0.299461 0.741069
vn 0.244103 0.582349 0.775425
vn 0.240173 0.578955 0.779184
vn 0.752533 0.558489 0.348976
vn 0.757813 0.570035 0.317457
vn 0.863737 0.449688 0.227463
vn 0.871538 0.450005 0.194723
vn 0.746310 0.559377 0.360720
vn 0.950229 0.162555 -0.265782
vn 0.928736 0.114878 -0.352494
vn 0.947240 0.103202 -0.303455
vn 0.963344 0.085122 -0.254408
vn 0.942973 0.065005 -0.326461
vn 0.959604 0.036079 -0.279032
vn 0.971508 -0.007329 -0.236895
vn 0.975039 0.058356 -0.214229
vn 0.976980 -0.072766 -0.200539
vn 0.982506 0.012847 -0.185790
vn 0.971908 -0.168078 -0.164757
vn 0.984934 -0.058278 -0.162814
vn 0.991747 0.070904 -0.106817
vn 0.977165 -0.156688 -0.143518
vn 0.997169 0.007630 -0.074808
vn 0.966059 -0.245412 -0.080641
vn 0.996264 -0.077661 -0.037772
vn 0.975141 -0.123409 -0.184040
vn 0.965943 -0.224606 -0.128478
vn 0.977778 -0.144558 -0.151830
vn 0.966826 -0.241182 -0.084138
vn 0.981148 -0.156146 -0.113872
vn 0.966670 -0.251226 -0.049351
vn 0.940815 -0.337156 0.034547
vn 0.938183 -0.343113 0.045677
vn 0.906266 -0.396467 0.146619
vn 0.900108 -0.411884 0.141975
vn 0.865199 -0.430831 0.256547
vn 0.846652 -0.463190 0.261985
vn 0.745979 -0.550429 0.374891
vn 0.668150 -0.537459 0.514503
vn 0.588568 -0.648185 0.483160
vn 0.686281 -0.643475 0.339053
vn 0.513418 -0.738308 0.437383
vn 0.627517 -0.717966 0.301242
vn 0.592057 -0.751513 0.291027
vn 0.570443 -0.750370 0.333976
vn 0.526444 -0.733810 0.429395
vn 0.300182 -0.681355 0.667568
vn 0.445511 -0.706368 0.550058
vn 0.645966 -0.636293 0.421734
vn 0.904882 -0.408052 0.121167
vn 0.871640 -0.437037 0.221908
vn 0.926079 -0.376317 0.027627
vn 0.893154 -0.449076 -0.024640
vn 0.894170 -0.440176 -0.081886
vn 0.819799 -0.550082 -0.159182
vn 0.830438 -0.549263 -0.093178
vn 0.751700 -0.621491 -0.220672
vn 0.761564 -0.632849 -0.139725
vn 0.705395 -0.662679 -0.251544
vn 0.712970 -0.682309 -0.161643
vn 0.664736 -0.698229 -0.265712
vn 0.665683 -0.723457 -0.182964
vn 0.602843 -0.770142 -0.208474
vn 0.591950 -0.790141 -0.158974
vn 0.530180 -0.812415 -0.242674
vn 0.514416 -0.834906 -0.195725
vn 0.486533 -0.858284 -0.163201
vn 0.577427 -0.805215 -0.134933
vn 0.454259 -0.861695 -0.226122
vn 0.422528 -0.888787 -0.177558
vn 0.416618 -0.873885 -0.250508
vn 0.469669 -0.835852 -0.284187
vn 0.436572 -0.840996 -0.319580
vn 0.419916 -0.839355 -0.345187
vn 0.450695 -0.799608 -0.396863
vn 0.439539 -0.790225 -0.427025
vn 0.434381 -0.783780 -0.443850
vn 0.405442 -0.838819 -0.363317
vn 0.409006 -0.789334 -0.457893
vn 0.371449 -0.845074 -0.384547
vn 0.332571 -0.802300 -0.495693
vn 0.297606 -0.856179 -0.422359
vn 0.474303 -0.742990 -0.472231
vn 0.509199 -0.685899 -0.519864
vn 0.545010 -0.645653 -0.534879
vn 0.600728 -0.655334 -0.457890
vn 0.645977 -0.671645 -0.362778
vn 0.517572 -0.593606 -0.616240
vn 0.533436 -0.556492 -0.636995
vn 0.492397 -0.501339 -0.711480
vn 0.463914 -0.554935 -0.690529
vn 0.405518 -0.492078 -0.770334
vn 0.342372 -0.388515 -0.855475
vn 0.340331 -0.439527 -0.831259
vn 0.298242 -0.400605 -0.866353
vn 0.240497 -0.290840 -0.926053
vn 0.147692 -0.214402 -0.965515
vn 0.090382 -0.111101 -0.989691
vn 0.048361 -0.177212 -0.982984
vn -0.003520 -0.265662 -0.964060
vn -0.038072 -0.155446 -0.987110
vn -0.076570 -0.250455 -0.965096
vn -0.106026 -0.366980 -0.924167
vn -0.047628 -0.386661 -0.920991
vn -0.116047 -0.490375 -0.863751
vn -0.062359 -0.513145 -0.856034
vn -0.115998 -0.602518 -0.789630
vn -0.061434 -0.613819 -0.787053
vn 0.029933 -0.622283 -0.782220
vn -0.071491 -0.694323 -0.716104
vn 0.008976 -0.690118 -0.723641
vn -0.094758 -0.761708 -0.640954
vn -0.026278 -0.756675 -0.653263
vn 0.052414 -0.744016 -0.666102
vn 0.139073 -0.732133 -0.666813
vn -0.124409 -0.815026 -0.565910
vn -0.142971 -0.766481 -0.626152
vn -0.172722 -0.818524 -0.547892
vn -0.210922 -0.854371 -0.474934
vn -0.160476 -0.852510 -0.497467
vn -0.201189 -0.827985 -0.523415
vn -0.241633 -0.861374 -0.446821
vn -0.214654 -0.844450 -0.490742
vn -0.259897 -0.873001 -0.412703
vn -0.328263 -0.891558 -0.312037
vn -0.399702 -0.887922 -0.227668
vn -0.418045 -0.886657 -0.197680
vn -0.474741 -0.868265 -0.144002
vn -0.452826 -0.874393 -0.174315
vn -0.533973 -0.840909 -0.088003
vn -0.510774 -0.851468 -0.118793
vn -0.596070 -0.802609 -0.022796
vn -0.577570 -0.814281 -0.057961
vn -0.663035 -0.746389 0.057344
vn -0.620788 -0.783973 -0.002914
vn -0.669664 -0.738554 0.078032
vn -0.670433 -0.741935 -0.007157
vn -0.705753 -0.705881 0.060369
vn -0.749999 -0.660164 -0.041059
vn -0.776097 -0.630483 0.012858
vn -0.852554 -0.520305 -0.049334
vn -0.835414 -0.540358 -0.100485
vn -0.898026 -0.405581 -0.170450
vn -0.913074 -0.391097 -0.115491
vn -0.715341 -0.695395 -0.068656
vn -0.815837 -0.565028 -0.123097
vn -0.790660 -0.601463 -0.114453
vn -0.664497 -0.743708 -0.073092
vn -0.624122 -0.779563 -0.052476
vn -0.561952 -0.823088 -0.082069
vn -0.566384 -0.821699 -0.063407
vn -0.505483 -0.855442 -0.112718
vn -0.945904 -0.278282 -0.166808
vn -0.923791 -0.381166 -0.036373
vn -0.929029 -0.290204 -0.229538
vn -0.939153 -0.209492 -0.272222
vn -0.957044 -0.205561 -0.204480
vn -0.957708 -0.154196 -0.242939
vn -0.939306 -0.153680 -0.306735
vn -0.935321 -0.114525 -0.334750
vn -0.954249 -0.109162 -0.278375
vn -0.920555 -0.153108 -0.359356
vn -0.914692 -0.116850 -0.386892
vn -0.908733 -0.100355 -0.405133
vn -0.931279 -0.093243 -0.352172
vn -0.903026 -0.142663 -0.405206
vn -0.891975 -0.112195 -0.437942
vn -0.881975 -0.100152 -0.460531
vn -0.873260 -0.102801 -0.476287
vn -0.904138 -0.102010 -0.414884
vn -0.862537 -0.100078 -0.495998
vn -0.846696 -0.093300 -0.523834
vn -0.832162 -0.095095 -0.546318
vn -0.816866 -0.100738 -0.567963
vn -0.864293 -0.116565 -0.489296
vn -0.795907 -0.083156 -0.599681
vn -0.775198 -0.082082 -0.626363
vn -0.753859 -0.076132 -0.652610
vn -0.730723 -0.058788 -0.680138
vn -0.696381 -0.070210 -0.714230
vn -0.673125 -0.052359 -0.737673
vn -0.652625 -0.019302 -0.757435
vn -0.571713 -0.038945 -0.819529
vn -0.557958 0.002912 -0.829864
vn -0.452760 -0.039217 -0.890769
vn -0.441337 0.012084 -0.897260
vn -0.440322 0.062067 -0.895692
vn -0.450451 0.118389 -0.884917
vn -0.335732 -0.051252 -0.940562
vn -0.468057 -0.084018 -0.879695
vn -0.344129 -0.116736 -0.931637
vn -0.245719 -0.160920 -0.955891
vn -0.244745 -0.073618 -0.966789
vn -0.182611 -0.202498 -0.962106
vn -0.177085 -0.103686 -0.978719
vn -0.133956 -0.231530 -0.963561
vn -0.111619 -0.132624 -0.984861
vn -0.089532 -0.053248 -0.994560
vn -0.067517 0.005863 -0.997701
vn -0.002858 -0.082398 -0.996595
vn 0.026626 -0.025392 -0.999323
vn 0.056416 0.031530 -0.997909
vn 0.119651 -0.056520 -0.991206
vn 0.141761 0.003588 -0.989895
vn -0.147366 -0.345394 -0.926815
vn -0.345428 -0.172938 -0.922373
vn -0.484422 -0.115121 -0.867227
vn -0.505218 -0.124724 -0.853932
vn -0.345162 -0.202754 -0.916381
vn -0.539248 -0.114554 -0.834320
vn -0.358189 -0.206081 -0.910621
vn -0.591489 -0.094028 -0.800811
vn -0.392321 -0.193907 -0.899158
vn -0.188241 -0.374168 -0.908055
vn -0.450173 -0.176488 -0.875327
vn -0.196288 -0.400222 -0.895150
vn -0.041589 -0.643689 -0.764156
vn -0.063469 -0.571937 -0.817838
vn -0.032588 -0.802985 -0.595108
vn -0.042149 -0.730426 -0.681690
vn -0.099518 -0.882902 -0.458891
vn -0.087812 -0.829808 -0.551098
vn -0.104322 -0.775951 -0.622107
vn -0.174013 -0.800389 -0.573670
vn -0.136328 -0.729409 -0.670356
vn -0.168367 -0.777634 -0.605754
vn -0.146150 -0.702985 -0.696026
vn -0.123156 -0.695150 -0.708237
vn -0.062183 -0.873526 -0.482790
vn -0.151233 -0.920094 -0.361324
vn -0.206423 -0.909815 -0.360036
vn -0.309482 -0.904976 -0.291958
vn -0.377360 -0.890899 -0.252782
vn -0.611470 -0.738491 -0.284138
vn -0.628068 -0.726216 -0.279539
vn -0.598425 -0.741843 -0.302582
vn -0.810287 -0.429780 -0.398402
vn -0.804772 -0.475679 -0.355066
vn -0.564740 -0.742569 -0.360084
vn -0.796971 -0.345003 -0.495792
vn -0.757239 -0.117493 -0.642483
vn -0.838040 -0.184205 -0.513573
vn -0.487738 -0.715669 -0.499930
vn -0.614014 -0.382562 -0.690386
vn -0.549566 -0.169746 -0.818024
vn -0.664886 -0.080675 -0.742575
vn -0.281413 -0.548369 -0.787463
vn -0.214434 -0.452271 -0.865719
vn -0.168625 -0.806934 -0.566060
vn -0.022231 -0.738603 -0.673774
vn -0.733379 -0.072077 -0.675988
vn -0.790453 -0.087050 -0.606305
vn -0.819667 -0.087372 -0.566139
vn -0.854229 -0.130614 -0.503222
vn -0.867121 -0.247630 -0.432181
vn -0.887844 -0.174711 -0.425687
vn -0.880357 -0.286948 -0.377668
vn -0.805798 -0.488829 -0.334271
vn -0.869406 -0.120893 -0.479079
vn -0.843448 -0.095235 -0.528702
vn -0.880512 -0.120926 -0.458340
vn -0.782609 -0.075893 -0.617870
vn -0.749520 -0.076506 -0.657546
vn -0.818227 -0.085595 -0.568488
vn -0.684854 -0.077024 -0.724598
vn -0.646236 -0.085044 -0.758384
vn -0.616475 -0.084289 -0.782850
vn -0.721307 -0.076905 -0.688333
vn -0.592130 -0.068627 -0.802915
vn -0.900177 -0.119632 -0.418771
vn -0.929191 -0.091444 -0.358109
vn -0.950997 -0.079227 -0.298878
vn -0.969564 -0.104047 -0.221629
vn 0.527648 -0.405821 -0.746255
vn 0.542972 -0.490926 -0.681302
vn 0.555399 -0.382658 -0.738313
vn 0.549420 -0.491079 -0.676002
vn 0.574851 -0.349881 -0.739682
vn 0.579557 -0.251378 -0.775192
vn 0.534494 -0.600019 -0.595225
vn 0.556716 -0.447569 -0.699821
vn 0.656419 -0.194313 -0.728942
vn 0.647163 -0.162913 -0.744741
vn 0.653283 -0.194869 -0.731607
vn 0.786173 0.092805 -0.610998
vn 0.872861 0.269749 -0.406632
vn 0.749956 0.035847 -0.660515
vn 0.720361 0.047004 -0.692005
vn 0.636408 -0.103869 -0.764327
vn 0.710808 0.088664 -0.697775
vn 0.805199 0.186579 -0.562887
vn 0.724414 0.109535 -0.680607
vn 0.748727 0.108412 -0.653953
vn 0.822824 0.156787 -0.546240
vn 0.837044 0.127485 -0.532076
vn 0.771961 0.102574 -0.627339
vn 0.868678 0.227391 -0.440104
vn 0.878933 0.177270 -0.442777
vn 0.884944 0.134063 -0.445983
vn 0.888754 0.102977 -0.446668
vn 0.847888 0.104268 -0.519822
vn 0.920739 0.170413 -0.350997
vn 0.921053 0.120981 -0.370169
vn 0.919709 0.088284 -0.382547
vn 0.919764 0.074983 -0.385241
vn 0.892872 0.088128 -0.441602
vn 0.949710 0.087036 -0.300790
vn 0.944495 0.058213 -0.323327
vn 0.941724 0.050121 -0.332632
vn 0.922946 0.083287 -0.375812
vn 0.963840 0.009812 -0.266300
vn 0.959390 0.011103 -0.281864
vn 0.975944 -0.058773 -0.209952
vn 0.971406 -0.045643 -0.232996
vn 0.971522 0.027627 -0.235332
vn 0.983236 -0.057777 -0.172943
vn 0.980187 0.061173 -0.188389
vn 0.954174 0.134647 -0.267248
vn 0.952653 0.201679 -0.227546
vn 0.984486 0.125860 -0.122252
vn 0.939705 0.271657 -0.207742
vn 0.972986 0.220985 -0.066817
vn 0.915929 0.308295 -0.256959
vn 0.915186 0.230706 -0.330470
vn 0.908407 0.118135 -0.401051
vn 0.899362 0.092039 -0.427407
vn 0.884363 0.111230 -0.453353
vn 0.869809 0.091777 -0.484777
vn 0.857999 0.091167 -0.505496
vn 0.828950 0.084608 -0.552886
vn 0.809892 0.086070 -0.580231
vn 0.791694 0.093768 -0.603679
vn 0.742099 0.077568 -0.665787
vn 0.716071 0.075962 -0.693882
vn 0.688442 0.065987 -0.722284
vn 0.621181 0.061066 -0.781284
vn 0.592888 0.032550 -0.804627
vn 0.488099 0.015828 -0.872645
vn -0.659365 -0.293660 0.692099
vn -0.721363 -0.326237 0.610904
vn -0.719612 -0.151199 0.677715
vn -0.779774 -0.195980 0.594597
vn -0.829528 -0.268876 0.489478
vn -0.773671 -0.374536 0.511034
vn -0.850303 -0.378654 0.365523
vn -0.880672 -0.149295 0.449585
vn -0.907531 -0.279103 0.313828
vn -0.908798 -0.036734 0.415615
vn -0.946548 -0.167184 0.275857
vn -0.825656 -0.064463 0.560480
vn -0.847386 0.044930 0.529073
vn -0.838449 0.114384 0.532840
vn -0.763580 -0.013685 0.645568
vn -0.655383 -0.117823 0.746050
vn -0.698251 0.019715 0.715581
vn -0.618385 0.045683 0.784547
vn 0.000000 0.000000 0.000000
vn -0.970750 0.220132 -0.095843
vn -0.949045 0.145477 -0.279555
vn -0.506330 0.728864 -0.460854
vn -0.537227 0.839582 -0.080554
vn -0.859387 -0.256369 0.442413
vn -0.902897 -0.398810 0.160400
vn -0.610722 0.425264 0.667959
vn 0.129747 0.981297 0.142206
vn -0.015717 0.333967 0.942454
vn -0.385928 -0.464408 0.797110
vn -0.541376 -0.822925 -0.172355
vn -0.657933 -0.608027 -0.444328
vn -0.835852 -0.513981 -0.192810
vn -0.618580 -0.783014 0.065171
vn -0.211114 -0.942531 0.258973
vn -0.164131 -0.976580 -0.139110
vn -0.168055 -0.753703 -0.635366
vn 0.567680 -0.421666 0.707063
vn 0.181016 -0.610432 0.771107
vn 0.456032 -0.304373 0.836297
vn 0.781187 -0.091771 0.617515
vn 0.906626 -0.049982 0.418965
vn 0.622538 -0.499955 0.602073
vn 0.096508 -0.765677 0.635944
vn 0.637230 0.649432 0.414940
vn 0.429498 0.833326 0.347993
vn 0.361372 0.920170 -0.150654
vn 0.676560 0.726975 0.117360
vn 0.806166 0.385074 0.449238
vn 0.607308 0.237937 0.757999
vn 0.300779 0.211140 0.930028
vn 0.670883 0.500360 -0.547317
vn 0.321829 0.522940 -0.789278
vn 0.455390 0.078043 -0.886865
vn 0.853005 0.217108 -0.474603
vn 0.919519 0.358633 -0.160836
vn 0.674362 0.646277 -0.357158
vn 0.254341 0.778945 -0.573197
vn 0.745960 -0.665654 0.021193
vn 0.910609 -0.352530 -0.215669
vn 0.484280 -0.670803 -0.561691
vn 0.343437 -0.936687 -0.068327
vn 0.741135 -0.602426 0.296313
vn 0.980243 -0.167397 0.105365
vn 0.236116 -0.910084 0.340582
vn -0.530197 0.267500 -0.804571
vn -0.627098 0.406450 -0.664489
vn -0.853560 -0.007463 -0.520941
vn -0.655480 -0.084685 -0.750449
vn -0.138542 0.435627 -0.889401
vn -0.172661 0.708374 -0.684394
vn -0.157499 -0.041755 -0.986636
vn -0.693031 -0.364938 -0.621715
vn -0.186252 -0.426371 -0.885166
vn 0.527396 -0.303350 -0.793619
vn 0.929718 -0.055267 -0.364103
vn 0.993098 0.107243 -0.047491
vn 0.979497 0.182514 0.085286
vn 0.888502 0.454260 -0.064905
vn 0.957515 -0.141671 0.251186
vn 0.935869 -0.104851 0.336386
vn 0.958090 0.233559 0.165872
vn 0.707383 -0.561330 0.429556
vn 0.667673 -0.538984 0.513526
vn 0.209392 -0.851625 0.480510
vn 0.156673 -0.814560 0.558520
vn -0.267765 -0.882643 0.386320
vn -0.294318 -0.835426 0.464155
vn -0.293573 -0.780811 0.551497
vn -0.204741 -0.691273 0.692981
vn -0.623165 -0.726567 0.289423
vn -0.588494 -0.707350 0.391575
vn -0.502997 -0.678865 0.534917
vn -0.326209 -0.605444 0.725965
vn 0.035726 -0.516356 0.855629
vn -0.816145 -0.552491 0.169294
vn -0.756011 -0.578390 0.306451
vn -0.629387 -0.588747 0.507198
vn -0.039938 -0.388498 0.920584
vn -0.942922 -0.333014 0.000622
vn -0.953710 -0.282732 -0.102469
vn -0.918172 0.125862 -0.375659
vn -0.932606 0.126688 -0.337930
vn -0.622190 0.570872 -0.535710
vn -0.582782 0.627255 -0.516640
vn -0.150807 0.848408 -0.507407
vn -0.092919 0.885639 -0.454984
vn -0.005759 0.941911 -0.335813
vn 0.332872 0.901210 -0.277519
vn 0.304253 0.887627 -0.345757
vn 0.646893 0.751153 -0.131522
vn 0.661595 0.748732 -0.041140
vn 0.848596 0.523069 0.079269
vn 0.840439 0.498703 0.212033
vn 0.929300 0.264678 0.257578
vn 0.871706 0.222906 0.436395
vn 0.705628 0.040556 0.707421
vn 0.360394 -0.213815 0.907965
vn 0.863761 0.503901 -0.000452
vn 0.646382 0.737542 -0.195508
vn 0.657569 0.708379 -0.256520
vn 0.283145 0.871579 -0.400222
vn 0.269346 0.844707 -0.462518
vn -0.186683 0.815831 -0.547330
vn -0.201460 0.777565 -0.595656
vn -0.642014 0.527475 -0.556407
vn -0.650176 0.478988 -0.589780
vn -0.906513 0.110662 -0.407417
vn -0.890633 0.074105 -0.448643
vn -0.949047 -0.258607 -0.180091
vn -0.930830 -0.256743 -0.260073
vn -0.879641 -0.285237 -0.380620
vn -0.852786 -0.520571 -0.041984
vn -0.844012 -0.532638 0.062768
vn -0.634409 -0.747611 0.196478
vn -0.991549 -0.118677 0.052411
vn -0.971173 -0.118621 0.206765
vn -0.787273 -0.603151 0.128098
vn -0.872237 -0.487147 -0.043474
vn -0.968360 -0.118311 -0.219729
vn -0.955866 0.292757 -0.024787
vn -0.880670 0.442957 0.167959
vn 0.233975 -0.053952 -0.970744
vn -0.082676 -0.627986 -0.773821
vn 0.620433 -0.488077 -0.613876
vn 0.728081 0.142764 -0.670459
vn -0.186050 0.301225 -0.935226
vn -0.656543 -0.385057 -0.648600
vn 0.494276 0.608193 -0.621122
vn 0.318935 -0.837670 -0.443384
vn -0.182343 -0.900545 -0.394677
vn -0.078580 -0.979860 -0.183574
vn 0.453140 -0.837425 -0.305587
vn 0.838214 -0.350273 -0.417979
vn -0.502920 -0.357080 0.787125
vn -0.654618 -0.519237 0.549425
vn -0.759807 -0.027371 0.649573
vn -0.437871 0.176738 0.881494
vn -0.241932 -0.560061 0.792339
vn -0.383437 -0.822843 0.419410
vn -0.002912 0.206515 0.978439
vn -0.410309 0.766288 0.494419
vn -0.489851 0.789116 0.370597
vn -0.040526 0.973644 0.224442
vn -0.044731 0.905537 0.421902
vn -0.638673 0.434349 0.635168
vn -0.810244 0.331186 0.483551
vn -0.222095 0.665572 0.712522
vn 0.596217 -0.765562 0.241744
vn 0.556767 -0.829409 -0.045738
vn 0.115680 -0.978950 0.168152
vn 0.270817 -0.799813 0.535684
vn 0.934509 -0.253366 0.249996
vn 0.923221 -0.335769 -0.186875
vn 0.625440 -0.061459 0.777848
vn 0.934950 0.323644 0.145340
vn 0.700356 0.600530 0.385830
vn 0.948215 0.289321 -0.131079
vn 0.708400 0.704695 0.039680
vn -0.096806 0.912519 -0.397414
vn -0.552236 0.737766 -0.388248
vn -0.468699 0.528117 -0.708105
vn 0.185247 0.808366 -0.558774
vn 0.464728 0.820069 -0.333937
vn 0.052797 0.974616 -0.217570
vn -0.422118 0.898080 -0.123570
vn -0.281316 0.959508 -0.014356
vn -0.626873 0.775476 0.075280
vn -0.748854 0.657555 -0.082697
vn -0.884072 0.344727 -0.315562
vn 0.131986 0.983591 -0.123002
vn 0.174985 0.982424 -0.064989
vn -0.211825 0.975859 0.053187
vn 0.501563 0.831548 -0.238669
vn 0.518055 0.836187 -0.180029
vn 0.528098 0.839476 -0.128034
vn 0.207561 0.978133 -0.013168
vn 0.763258 0.556420 -0.328381
vn 0.781886 0.558080 -0.277850
vn 0.786702 0.570975 -0.234708
vn 0.780243 0.597810 -0.183970
vn 0.530997 0.844722 -0.066983
vn 0.930560 0.141365 -0.337749
vn 0.938856 0.150223 -0.309809
vn 0.943206 0.179206 -0.279726
vn 0.945516 0.227511 -0.232892
vn 0.757064 0.644611 -0.106443
vn 0.875707 -0.372926 -0.306699
vn 0.885026 -0.364944 -0.289043
vn 0.898589 -0.353141 -0.260441
vn 0.566021 -0.803622 -0.183882
vn 0.559896 -0.816019 -0.143631
vn 0.163488 -0.986119 -0.028997
vn 0.147843 -0.988458 0.033065
vn -0.186091 -0.976011 0.113014
vn -0.173834 -0.967711 0.182531
vn -0.146274 -0.935862 0.320572
vn -0.005422 -0.712401 0.701751
vn -0.451371 -0.839567 0.302311
vn -0.484390 -0.842511 0.235673
vn -0.742748 -0.573068 0.346292
vn -0.710455 -0.566879 0.417016
vn -0.896567 -0.148871 0.417139
vn -0.856881 -0.144960 0.494713
vn -0.841381 0.362369 0.400957
vn -0.923102 -0.134416 0.360299
vn -0.855537 0.391194 0.339152
vn -0.557844 0.796090 0.234628
vn -0.531463 0.794847 0.292857
vn -0.165358 0.980398 0.107129
vn -0.113143 0.981014 0.157513
vn 0.240306 0.969701 0.043960
vn 0.272019 0.953525 0.129594
vn 0.269632 0.913160 0.305677
vn 0.521615 0.852849 0.023772
vn 0.491719 0.849953 0.189191
vn 0.443423 0.724955 0.527084
vn 0.183225 0.757412 0.626702
vn 0.296842 0.083165 0.951298
vn -0.581483 0.795888 0.168643
vn -0.866661 0.418913 0.270945
vn -0.945808 -0.125059 0.299678
vn -0.764825 -0.575952 0.288655
vn -0.777886 -0.587245 0.223687
vn -0.505884 -0.843641 0.179862
vn -0.526309 -0.842027 0.118274
vn -0.563102 -0.825700 0.033704
vn -0.237601 -0.971213 0.017066
vn -0.302061 -0.952399 -0.041172
vn -0.422078 -0.896284 -0.136106
vn -0.660647 -0.743605 -0.102941
vn -0.581874 -0.745770 -0.324422
vn -0.813288 -0.501664 -0.294781
vn -0.851880 -0.047799 -0.521552
vn 0.052171 -0.990480 -0.127388
vn 0.123057 -0.987806 -0.095372
vn 0.546121 -0.806853 -0.225257
vn 0.514040 -0.820604 -0.249742
vn 0.867984 -0.376024 -0.324360
vn 0.859898 -0.368597 -0.353146
vn 0.914358 0.150124 -0.376047
vn 0.875571 0.173536 -0.450844
vn 0.710073 0.569981 -0.413422
vn 0.562699 -0.800276 -0.207190
vn 0.155639 -0.985594 -0.066193
vn -0.203996 -0.976903 0.063613
vn -0.969907 -0.238172 -0.050540
vn -0.953202 -0.219296 -0.208121
vn -0.899072 0.386618 -0.205420
vn -0.969807 0.243826 -0.004729
vn -0.884476 -0.220351 0.411276
vn -0.763637 -0.629148 0.145024
vn -0.711514 -0.700214 -0.058722
vn -0.761085 0.411938 0.501055
vn -0.443867 0.411863 0.795834
vn -0.504211 -0.487881 0.712561
vn -0.666322 0.734793 0.126861
vn -0.280531 0.907136 0.313697
vn -0.412556 -0.059653 -0.908977
vn -0.747822 -0.118645 -0.653212
vn -0.565578 -0.560244 -0.605185
vn -0.063836 -0.421279 -0.904682
vn -0.156744 0.387667 -0.908376
vn -0.670212 0.365317 -0.646033
vn 0.467054 0.081576 -0.880458
vn -0.143320 0.911772 -0.384879
vn -0.426442 0.704227 -0.567637
vn 0.116844 0.729887 -0.673508
vn 0.268639 0.905151 -0.329445
vn 0.236655 0.967411 -0.090054
vn -0.238567 0.941462 -0.238190
vn -0.643450 0.654802 -0.396492
vn 0.404663 -0.703318 0.584458
vn 0.061136 -0.836157 0.545072
vn 0.154722 -0.427854 0.890507
vn 0.582657 -0.345253 0.735738
vn 0.799310 -0.312677 0.513164
vn 0.515419 -0.742565 0.427716
vn 0.106943 -0.945148 0.308641
vn 0.554287 0.583804 0.593244
vn 0.662023 0.618198 0.423742
vn 0.848589 0.137284 0.510930
vn 0.646421 0.164901 0.744948
vn 0.244787 0.280522 0.928109
vn 0.248923 0.784951 0.567353
vn 0.304740 0.902077 0.305598
vn 0.986253 0.162827 -0.028133
vn 0.969779 -0.209405 -0.125208
vn 0.932709 -0.335440 0.132416
vn 0.974247 0.159648 0.159233
vn 0.851808 0.501209 -0.152357
vn 0.893997 0.150998 -0.421864
vn 0.792250 0.604075 0.086214
vn 0.066116 -0.946740 -0.315139
vn -0.258824 -0.819586 -0.511165
vn -0.474832 -0.821047 -0.316887
vn -0.024808 -0.989171 -0.144658
vn 0.488011 -0.828247 -0.275411
vn 0.293661 -0.693847 -0.657526
vn 0.459038 -0.888406 -0.004211
vn 0.368920 -0.925507 0.085647
vn 0.704384 -0.686843 0.179138
vn 0.753225 -0.654760 0.062776
vn 0.806314 -0.556105 -0.201505
vn -0.073335 -0.995796 -0.054878
vn -0.101246 -0.994860 0.001872
vn 0.309485 -0.940640 0.139338
vn -0.485864 -0.846636 -0.217126
vn -0.481551 -0.863419 -0.150388
vn -0.473568 -0.876313 -0.088368
vn -0.125266 -0.990589 0.055161
vn -0.761172 -0.549497 -0.344485
vn -0.767204 -0.575123 -0.283957
vn -0.761438 -0.606437 -0.229010
vn -0.744046 -0.647745 -0.163776
vn -0.461046 -0.887274 -0.013469
vn -0.917476 -0.163388 -0.362688
vn -0.929920 -0.176281 -0.322759
vn -0.939615 -0.196178 -0.280426
vn -0.892413 0.321356 -0.316749
vn -0.895258 0.350128 -0.275540
vn -0.653233 0.726259 -0.214092
vn -0.636662 0.754442 -0.159624
vn -0.621244 0.780294 -0.072092
vn -0.298463 0.954355 -0.011229
vn -0.287775 0.953670 0.087744
vn 0.041907 0.991869 0.120165
vn 0.005104 0.976899 0.213639
vn -0.034056 0.886111 0.462221
vn -0.118121 0.378361 0.918091
vn -0.210225 -0.481128 0.851071
vn -0.226181 -0.867396 0.443245
vn -0.458442 -0.828795 0.320828
vn -0.191887 -0.956512 0.219693
vn -0.445821 -0.889294 0.101978
vn -0.153452 -0.981014 0.118589
vn 0.196026 -0.952358 0.233641
vn 0.257823 -0.948320 0.184978
vn 0.578740 -0.739196 0.344456
vn 0.625561 -0.722629 0.294077
vn 0.664651 -0.705987 0.244585
vn 0.874907 -0.321847 0.361873
vn 0.895959 -0.317281 0.310790
vn 0.914756 -0.320945 0.245388
vn 0.934913 0.161795 0.315847
vn 0.952734 0.160013 0.258253
vn 0.766411 0.590703 0.252358
vn 0.782619 0.591686 0.193431
vn 0.470425 0.869352 0.151415
vn 0.506557 0.856777 0.096608
vn 0.551459 0.834171 -0.007177
vn 0.155028 0.987819 -0.013441
vn 0.610345 0.753935 -0.243027
vn 0.619830 0.521564 -0.586329
vn 0.751234 -0.308282 -0.583618
vn 0.107258 0.993744 0.031113
vn -0.297012 0.948126 -0.113315
vn -0.280397 0.946389 -0.160393
vn -0.662034 0.703212 -0.259237
vn -0.663493 0.680415 -0.311146
vn -0.885514 0.300011 -0.354766
vn -0.869948 0.284564 -0.402758
vn -0.827267 0.287606 -0.482610
vn -0.898055 -0.152920 -0.412448
vn -0.859136 -0.141076 -0.491918
vn -0.725893 -0.534539 -0.432837
vn -0.301651 0.950914 -0.069057
vn 0.074018 0.994775 0.070315
vn 0.432897 0.880961 0.191067
vn 0.383188 0.893893 0.232642
vn 0.743087 0.600373 0.295590
vn 0.712199 0.613302 0.341517
vn 0.917315 0.164039 0.362802
vn 0.894858 0.161574 0.416081
vn 0.848018 -0.326249 0.417644
vn -0.094928 -0.896613 0.432519
vn -0.312142 -0.833194 0.456458
vn -0.156016 -0.002575 0.987751
vn 0.055825 -0.018931 0.998261
vn 0.180007 -0.961974 -0.205437
vn -0.113385 -0.977802 -0.176203
vn 0.458507 -0.773648 0.437309
vn 0.740068 -0.671827 0.030807
vn 0.532808 -0.137846 0.834934
vn 0.834526 0.077960 0.545425
vn 0.393304 -0.884459 -0.251084
vn 0.037168 -0.946286 -0.321188
vn 0.825265 -0.564663 0.009635
vn -0.995467 -0.092494 0.022142
vn -0.776084 -0.597536 -0.201603
vn -0.747829 -0.540890 -0.384955
vn -0.959151 -0.105727 -0.262396
vn -0.887062 0.452595 0.090983
vn -0.888862 0.372343 0.266994
vn -0.564409 0.554832 0.611231
vn -0.797238 0.062855 0.600384
vn -0.499231 0.732758 0.462422
vn -0.672581 -0.069688 -0.736735
vn -0.781921 -0.182199 -0.596157
vn -0.459634 -0.574065 -0.677633
vn -0.362231 -0.330444 -0.871548
vn -0.692188 0.286275 -0.662512
vn -0.865459 0.255709 -0.430806
vn -0.256929 0.099565 -0.961288
vn 0.734279 0.584470 -0.345297
vn 0.179510 0.938550 -0.294789
vn -0.144443 0.693377 -0.705949
vn 0.660895 0.320909 -0.678407
vn 0.981491 -0.018817 -0.190583
vn 0.932907 0.354597 0.062820
vn 0.565917 0.791577 0.230530
vn 0.091637 0.963746 0.250592
vn -0.319764 0.945835 -0.056097
vn 0.069459 0.898971 0.432465
vn -0.443987 0.880212 0.167636
vn 0.625501 0.630269 0.459901
vn 0.456508 -0.619776 -0.638340
vn 0.075950 -0.545678 -0.834546
vn -0.073251 -0.762839 -0.642426
vn 0.415859 -0.765818 -0.490494
vn 0.787201 -0.544794 -0.288989
vn 0.736460 -0.406620 -0.540636
vn 0.347739 -0.195706 -0.916939
vn 0.543966 0.072151 -0.836000
vn -0.200477 0.431444 -0.879582
vn 0.901140 -0.203344 -0.382881
vn 0.943398 -0.303403 -0.133964
vn 0.997243 -0.051903 0.053032
vn 0.920118 0.273718 0.280110
vn 0.931326 -0.361689 -0.042565
vn 0.983986 -0.049952 0.171101
vn 0.872445 0.294084 0.390327
vn 0.559510 0.628131 0.540741
vn 0.968930 -0.040976 0.243915
vn 0.823340 0.326147 0.464478
vn 0.504623 0.630554 0.589709
vn 0.086649 0.818662 0.567701
vn 0.075507 0.853077 0.516292
vn 0.770081 0.360597 0.526256
vn 0.452095 0.629741 0.631694
vn 0.090573 0.785191 0.612594
vn -0.273717 0.834669 0.477919
vn -0.326357 0.855865 0.401230
vn 0.388822 0.624181 0.677654
vn 0.083191 0.744405 0.662526
vn -0.225399 0.800108 0.555898
vn -0.564660 0.752753 0.338411
vn -0.617229 0.748602 0.242121
vn 0.052534 0.681554 0.729880
vn -0.192141 0.735317 0.649916
vn -0.037010 0.539906 0.840911
vn -0.232105 0.577795 0.782483
vn -0.280658 0.018051 0.959638
vn -0.436862 0.090769 0.894937
vn -0.432167 -0.775186 0.460779
vn -0.590246 -0.690629 0.417900
vn -0.814983 -0.515088 0.265494
vn -0.301476 -0.938306 -0.169395
vn -0.472602 -0.853978 -0.217644
vn -0.229492 -0.907476 -0.351882
vn -0.474823 -0.790917 -0.385996
vn -0.187402 -0.885515 -0.425141
vn -0.487538 -0.743017 -0.458511
vn -0.769103 -0.462538 -0.441067
vn -0.501154 -0.704363 -0.502710
vn -0.791660 -0.392016 -0.468612
vn -0.946122 0.042972 -0.320947
vn -0.953210 -0.020341 -0.301625
vn -0.878530 0.474440 -0.055607
vn -0.881542 0.472087 0.004333
vn -0.934984 0.100284 -0.340216
vn -0.869518 0.481305 -0.110830
vn -0.654701 0.740240 0.153006
vn -0.848582 0.498979 -0.175866
vn -0.679688 0.731657 0.051989
vn -0.385459 0.869793 0.308029
vn -0.678798 0.728624 -0.091324
vn -0.799656 0.530028 -0.282172
vn -0.654962 0.550758 -0.517389
vn -0.575209 0.744664 -0.338541
vn -0.914252 0.166347 -0.369420
vn -0.810542 -0.260418 -0.524599
vn -0.807129 -0.326858 -0.491637
vn -0.509335 -0.669324 -0.540910
vn -0.504953 -0.631122 -0.588819
vn -0.096702 -0.829048 -0.550752
vn -0.124507 -0.854737 -0.503907
vn 0.295601 -0.869226 -0.396316
vn 0.359423 -0.832303 -0.422004
vn -0.154346 -0.870223 -0.467856
vn 0.225153 -0.896375 -0.381862
vn 0.607119 -0.761431 -0.227222
vn 0.672529 -0.705298 -0.224187
vn 0.142407 -0.920388 -0.364153
vn 0.522573 -0.818586 -0.238400
vn 0.868149 -0.495876 0.020607
vn 0.893444 -0.448928 0.014881
vn 0.953443 -0.026565 0.300401
vn 0.913641 -0.406515 -0.002553
vn 0.934941 -0.003248 0.354788
vn 0.703304 0.399512 0.588008
vn 0.906358 0.032046 0.421293
vn 0.599301 0.445590 0.665048
vn 0.298788 0.604207 0.738688
vn 0.416241 0.464609 0.781589
vn 0.151106 0.516690 0.842733
vn 0.731086 -0.639858 -0.236845
vn -0.678512 -0.484849 -0.551854
vn -0.670962 -0.639442 -0.375399
vn -0.233058 -0.773938 -0.588816
vn -0.324913 -0.512568 -0.794799
vn -0.869062 -0.188544 -0.457364
vn -0.929138 -0.334023 -0.158526
vn -0.483642 -0.053691 -0.873617
vn -0.743573 0.664089 0.078005
vn -0.912854 0.377723 -0.154992
vn -0.523387 0.694264 -0.494028
vn -0.376749 0.926261 -0.010023
vn -0.728725 0.600853 0.328534
vn -0.968454 0.203223 0.144212
vn -0.266470 0.891956 0.365251
vn -0.552806 -0.809489 0.197822
vn -0.262051 -0.959883 0.099766
vn -0.200583 -0.946946 -0.251115
vn -0.594399 -0.803864 -0.022195
vn -0.817655 -0.504732 0.276924
vn -0.667976 -0.514741 0.537448
vn -0.364077 -0.613575 0.700696
vn 0.509634 0.844863 -0.162725
vn 0.114363 0.988156 -0.102319
vn 0.123024 0.786006 -0.605855
vn 0.637694 0.626941 -0.447540
vn 0.829317 0.516797 -0.212494
vn 0.595658 0.800825 0.062214
vn 0.165559 0.946712 0.276273
vn 0.971859 0.159674 0.173188
vn 0.960547 -0.278051 -0.006016
vn 0.735954 -0.052275 0.675010
vn 0.730887 0.403867 0.550179
vn 0.980112 0.196981 -0.024080
vn 0.897467 -0.306567 -0.317127
vn 0.765293 0.547857 0.337905
vn 0.561996 -0.685111 0.463447
vn 0.597237 -0.788110 -0.148964
vn 0.090740 -0.993701 -0.065766
vn 0.032380 -0.724386 0.688634
vn 0.157691 0.067458 0.985182
vn -0.509473 0.416969 0.752711
vn -0.147140 0.574658 0.805058
vn -0.379828 0.249824 0.890684
vn -0.723514 0.095218 0.683711
vn -0.573919 0.497594 0.650398
vn -0.096770 0.736289 0.669712
vn -0.865666 0.085933 0.493191
vn 0.522794 -0.274494 -0.807057
vn 0.644023 0.078426 -0.760976
vn 0.136047 0.054172 -0.989220
vn 0.136869 -0.431467 -0.891686
vn 0.186581 -0.702818 -0.686465
vn 0.620161 -0.416307 -0.664898
vn 0.843846 -0.015997 -0.536347
vn 0.877333 -0.110510 -0.466985
vn 0.928562 0.226522 -0.294041
vn 0.874230 0.270849 -0.402943
vn 0.679506 0.369992 -0.633543
vn 0.642527 -0.491199 -0.588118
vn 0.636894 -0.541452 -0.548813
vn 0.887828 -0.164794 -0.429656
vn 0.226050 -0.768605 -0.598454
vn 0.227630 -0.803980 -0.549364
vn 0.217665 -0.832541 -0.509409
vn 0.623012 -0.585466 -0.518734
vn -0.233629 -0.841790 -0.486629
vn -0.229068 -0.871787 -0.433031
vn -0.224528 -0.892899 -0.390280
vn -0.217927 -0.914464 -0.340974
vn 0.202645 -0.864316 -0.460318
vn -0.624526 -0.744087 -0.237281
vn -0.609458 -0.768915 -0.193214
vn -0.602276 -0.786962 -0.133995
vn -0.854861 -0.518020 0.029464
vn -0.840743 -0.529788 0.111694
vn -0.948607 -0.214259 0.232889
vn -0.915417 -0.241626 0.321914
vn -0.830644 -0.222430 0.510446
vn -0.604148 -0.120907 0.787646
vn 0.010335 0.414253 0.910103
vn -0.246636 -0.004710 0.969097
vn 0.351680 0.485287 0.800510
vn 0.203338 0.649855 0.732354
vn 0.487919 0.650593 0.581949
vn 0.267290 0.763098 0.588419
vn 0.564196 0.705095 0.429563
vn 0.820922 0.539489 0.187188
vn 0.597669 0.729377 0.332868
vn 0.845328 0.526488 0.090724
vn 0.963261 0.201180 -0.177916
vn 0.972189 0.201602 -0.119188
vn 0.892580 -0.204839 -0.401675
vn 0.894519 -0.246374 -0.373008
vn 0.603414 -0.634881 -0.482511
vn 0.581925 -0.702693 -0.409373
vn 0.178579 -0.913335 -0.365964
vn 0.950741 0.207571 -0.230229
vn 0.854409 0.519445 0.012767
vn 0.853330 0.516003 -0.074624
vn 0.612202 0.747265 0.258465
vn 0.615835 0.766738 0.181275
vn 0.245189 0.857515 0.452272
vn 0.220099 0.894616 0.388869
vn -0.208537 0.807589 0.551645
vn -0.245472 0.837629 0.487977
vn -0.655543 0.551682 0.515664
vn -0.692348 0.566413 0.447025
vn -0.917008 0.173095 0.359352
vn -0.940575 0.189409 0.281856
vn -0.968864 -0.178262 0.171828
vn -0.985381 -0.136286 0.102226
vn -0.997392 -0.068817 -0.021752
vn -0.898415 -0.432820 -0.074275
vn -0.942583 0.089547 -0.321743
vn -0.564964 0.337203 -0.753067
vn 0.152185 0.453783 -0.878021
vn -0.873599 -0.486075 -0.023557
vn -0.645885 -0.707917 -0.285809
vn -0.896313 0.141309 0.420304
vn -0.618377 0.535066 0.575600
vn -0.158231 0.781030 0.604115
vn 0.263583 0.819016 0.509645
# 3021 normals

vt 0.209626 0.986505 0.000000
vt 0.214649 0.978991 0.000000
vt 0.203539 0.975514 0.000000
vt 0.200533 0.987282 0.000000
vt 0.458174 0.229587 0.000000
vt 0.451135 0.225807 0.000000
vt 0.447448 0.239441 0.000000
vt 0.459138 0.239441 0.000000
vt 0.143607 0.243301 0.000000
vt 0.143912 0.242887 0.000000
vt 0.143897 0.242853 0.000000
vt 0.143403 0.243318 0.000000
vt 0.140271 0.242780 0.000000
vt 0.140856 0.243082 0.000000
vt 0.142010 0.242801 0.000000
vt 0.140701 0.242408 0.000000
vt 0.138351 0.242469 0.000000
vt 0.138662 0.243006 0.000000
vt 0.138351 0.241706 0.000000
vt 0.128934 0.237221 0.000000
vt 0.133066 0.238683 0.000000
vt 0.134260 0.231217 0.000000
vt 0.128811 0.231003 0.000000
vt 0.180789 0.976532 0.000000
vt 0.175764 0.984279 0.000000
vt 0.187919 0.987282 0.000000
vt 0.190495 0.975514 0.000000
vt 0.045896 0.200676 0.000000
vt 0.053090 0.200676 0.000000
vt 0.053476 0.200243 0.000000
vt 0.044023 0.200085 0.000000
vt 0.106475 0.198530 0.000000
vt 0.101337 0.197885 0.000000
vt 0.101764 0.199832 0.000000
vt 0.107526 0.200028 0.000000
vt 0.110149 0.199255 0.000000
vt 0.109002 0.196701 0.000000
vt 0.101968 0.195276 0.000000
vt 0.033653 0.106529 0.000000
vt 0.035943 0.106529 0.000000
vt 0.036320 0.106120 0.000000
vt 0.033853 0.106359 0.000000
vt 0.149739 0.174619 0.000000
vt 0.146931 0.174619 0.000000
vt 0.146495 0.178006 0.000000
vt 0.149739 0.177251 0.000000
vt 0.033218 0.104821 0.000000
vt 0.036387 0.104382 0.000000
vt 0.035448 0.100848 0.000000
vt 0.031951 0.101179 0.000000
vt 0.736968 0.393880 0.000000
vt 0.744212 0.393880 0.000000
vt 0.743505 0.385657 0.000000
vt 0.736968 0.385657 0.000000
vt 0.110097 0.191898 0.000000
vt 0.103353 0.191898 0.000000
vt 0.112481 0.196112 0.000000
vt 0.113356 0.192949 0.000000
vt 0.143011 0.241942 0.000000
vt 0.142774 0.242328 0.000000
vt 0.143482 0.242664 0.000000
vt 0.143467 0.242001 0.000000
vt 0.141856 0.241249 0.000000
vt 0.141280 0.241763 0.000000
vt 0.142390 0.240931 0.000000
vt 0.140208 0.239789 0.000000
vt 0.139409 0.240165 0.000000
vt 0.143857 0.242035 0.000000
vt 0.142962 0.240920 0.000000
vt 0.140989 0.239789 0.000000
vt 0.054000 0.198678 0.000000
vt 0.068104 0.199240 0.000000
vt 0.069495 0.196997 0.000000
vt 0.054474 0.196512 0.000000
vt 0.042943 0.198359 0.000000
vt 0.066972 0.200676 0.000000
vt 0.081573 0.200676 0.000000
vt 0.082256 0.199431 0.000000
vt 0.125879 0.215866 0.000000
vt 0.125879 0.228660 0.000000
vt 0.129596 0.218426 0.000000
vt 0.130046 0.204300 0.000000
vt 0.125879 0.201910 0.000000
vt 0.131351 0.191141 0.000000
vt 0.127592 0.189672 0.000000
vt 0.135299 0.218758 0.000000
vt 0.135617 0.204740 0.000000
vt 0.136511 0.191474 0.000000
vt 0.136560 0.181776 0.000000
vt 0.131211 0.181431 0.000000
vt 0.141640 0.204575 0.000000
vt 0.142041 0.192041 0.000000
vt 0.141904 0.183090 0.000000
vt 0.141433 0.176659 0.000000
vt 0.135758 0.174619 0.000000
vt 0.146703 0.191768 0.000000
vt 0.146584 0.183662 0.000000
vt 0.149739 0.189527 0.000000
vt 0.149739 0.182290 0.000000
vt 0.040642 0.106529 0.000000
vt 0.047685 0.106529 0.000000
vt 0.048205 0.105852 0.000000
vt 0.041460 0.105976 0.000000
vt 0.048549 0.103711 0.000000
vt 0.041632 0.103958 0.000000
vt 0.048436 0.100291 0.000000
vt 0.041177 0.100525 0.000000
vt 0.047629 0.096269 0.000000
vt 0.040030 0.096408 0.000000
vt 0.033822 0.096537 0.000000
vt 0.030343 0.096711 0.000000
vt 0.038748 0.092895 0.000000
vt 0.032203 0.092895 0.000000
vt 0.029018 0.092895 0.000000
vt 0.751214 0.393880 0.000000
vt 0.756885 0.393880 0.000000
vt 0.755290 0.385657 0.000000
vt 0.749692 0.385657 0.000000
vt 0.008549 0.076330 0.000000
vt 0.008549 0.070720 0.000000
vt 0.000167 0.071061 0.000000
vt 0.000167 0.077915 0.000000
vt 0.000167 0.084614 0.000000
vt 0.008549 0.082535 0.000000
vt 0.008549 0.065032 0.000000
vt 0.000167 0.064225 0.000000
vt 0.130292 0.174619 0.000000
vt 0.125879 0.174619 0.000000
vt 0.126872 0.180807 0.000000
vt 0.102783 0.200676 0.000000
vt 0.108758 0.200676 0.000000
vt 0.125879 0.179357 0.000000
vt 0.125879 0.187220 0.000000
vt 0.093471 0.199618 0.000000
vt 0.093643 0.197493 0.000000
vt 0.083094 0.197239 0.000000
vt 0.093830 0.200676 0.000000
vt 0.094183 0.194826 0.000000
vt 0.084029 0.194578 0.000000
vt 0.070710 0.194369 0.000000
vt 0.085552 0.191898 0.000000
vt 0.072115 0.191898 0.000000
vt 0.057106 0.191898 0.000000
vt 0.055474 0.194068 0.000000
vt 0.082555 0.092895 0.000000
vt 0.068432 0.092895 0.000000
vt 0.069371 0.096013 0.000000
vt 0.083173 0.096085 0.000000
vt 0.138749 0.240829 0.000000
vt 0.056762 0.096135 0.000000
vt 0.057246 0.100061 0.000000
vt 0.070271 0.099768 0.000000
vt 0.083828 0.099475 0.000000
vt 0.055707 0.092895 0.000000
vt 0.057425 0.103485 0.000000
vt 0.070717 0.103121 0.000000
vt 0.084171 0.102573 0.000000
vt 0.057531 0.105685 0.000000
vt 0.070885 0.105439 0.000000
vt 0.084717 0.105143 0.000000
vt 0.071445 0.106529 0.000000
vt 0.085146 0.106529 0.000000
vt 0.095899 0.106529 0.000000
vt 0.095766 0.104574 0.000000
vt 0.139312 0.243318 0.000000
vt 0.141517 0.243318 0.000000
vt 0.142204 0.243318 0.000000
vt 0.142838 0.243116 0.000000
vt 0.149739 0.226207 0.000000
vt 0.149739 0.212996 0.000000
vt 0.146782 0.216738 0.000000
vt 0.146733 0.229290 0.000000
vt 0.447448 0.251352 0.000000
vt 0.459138 0.251352 0.000000
vt 0.141475 0.218337 0.000000
vt 0.141052 0.230308 0.000000
vt 0.140315 0.238683 0.000000
vt 0.145786 0.238683 0.000000
vt 0.146637 0.203022 0.000000
vt 0.149739 0.199402 0.000000
vt 0.057570 0.106529 0.000000
vt 0.046361 0.092895 0.000000
vt 0.095381 0.191898 0.000000
vt 0.111910 0.199079 0.000000
vt 0.760808 0.393880 0.000000
vt 0.760808 0.387142 0.000000
vt 0.001008 0.091560 0.000000
vt 0.008549 0.089204 0.000000
vt 0.143912 0.242010 0.000000
vt 0.143331 0.241097 0.000000
vt 0.032650 0.105035 0.000000
vt 0.047563 0.331326 0.000000
vt 0.035507 0.336480 0.000000
vt 0.048539 0.337079 0.000000
vt 0.053202 0.332968 0.000000
vt 0.038652 0.320623 0.000000
vt 0.023202 0.328377 0.000000
vt 0.050675 0.318684 0.000000
vt 0.052621 0.337289 0.000000
vt 0.049349 0.346239 0.000000
vt 0.059015 0.341404 0.000000
vt 0.055417 0.333746 0.000000
vt 0.038436 0.349613 0.000000
vt 0.064773 0.317568 0.000000
vt 0.090013 0.300778 0.000000
vt 0.093021 0.274315 0.000000
vt 0.061793 0.292788 0.000000
vt 0.044672 0.300243 0.000000
vt 0.070127 0.332784 0.000000
vt 0.090122 0.321444 0.000000
vt 0.066748 0.263248 0.000000
vt 0.051881 0.276109 0.000000
vt 0.099857 0.253403 0.000000
vt 0.077621 0.246583 0.000000
vt 0.117612 0.289915 0.000000
vt 0.123100 0.261357 0.000000
vt 0.235199 0.133884 0.000000
vt 0.217118 0.120023 0.000000
vt 0.213205 0.128550 0.000000
vt 0.224058 0.139529 0.000000
vt 0.233257 0.121707 0.000000
vt 0.217015 0.115654 0.000000
vt 0.231125 0.159079 0.000000
vt 0.243718 0.156267 0.000000
vt 0.257003 0.140744 0.000000
vt 0.252210 0.128210 0.000000
vt 0.142221 0.284891 0.000000
vt 0.139181 0.260103 0.000000
vt 0.125282 0.240723 0.000000
vt 0.117771 0.243195 0.000000
vt 0.016042 0.775082 0.000000
vt 0.007516 0.782724 0.000000
vt 0.012688 0.785928 0.000000
vt 0.017937 0.781980 0.000000
vt 0.022156 0.778209 0.000000
vt 0.023161 0.769702 0.000000
vt 0.102572 0.105627 0.000000
vt 0.100555 0.101882 0.000000
vt 0.096899 0.102558 0.000000
vt 0.096918 0.105627 0.000000
vt 0.086503 0.771236 0.000000
vt 0.063837 0.778518 0.000000
vt 0.059659 0.804278 0.000000
vt 0.075951 0.803395 0.000000
vt 0.117655 0.752744 0.000000
vt 0.110221 0.739092 0.000000
vt 0.082454 0.751487 0.000000
vt 0.065009 0.760936 0.000000
vt 0.059393 0.702734 0.000000
vt 0.027981 0.696993 0.000000
vt 0.026677 0.711640 0.000000
vt 0.046730 0.719710 0.000000
vt 0.060365 0.731043 0.000000
vt 0.074587 0.720069 0.000000
vt 0.097272 0.709088 0.000000
vt 0.089829 0.691528 0.000000
vt 0.057193 0.675882 0.000000
vt 0.027534 0.677059 0.000000
vt 0.086535 0.670126 0.000000
vt 0.391685 0.115133 0.000000
vt 0.382028 0.112831 0.000000
vt 0.380014 0.125972 0.000000
vt 0.393648 0.123869 0.000000
vt 0.405482 0.117938 0.000000
vt 0.398687 0.108280 0.000000
vt 0.388008 0.101315 0.000000
vt 0.274985 0.023556 0.000000
vt 0.275262 0.013490 0.000000
vt 0.268471 0.014919 0.000000
vt 0.269690 0.027805 0.000000
vt 0.274781 0.037939 0.000000
vt 0.280479 0.025928 0.000000
vt 0.281387 0.012111 0.000000
vt 0.295715 0.048874 0.000000
vt 0.282745 0.064123 0.000000
vt 0.291214 0.072619 0.000000
vt 0.303428 0.063767 0.000000
vt 0.314524 0.057062 0.000000
vt 0.309427 0.041185 0.000000
vt 0.287769 0.045594 0.000000
vt 0.276618 0.058537 0.000000
vt 0.298438 0.022985 0.000000
vt 0.293651 0.024535 0.000000
vt 0.020053 0.976835 0.000000
vt 0.021399 0.954426 0.000000
vt 0.000167 0.962546 0.000000
vt 0.006393 0.989292 0.000000
vt 0.035512 0.976378 0.000000
vt 0.042048 0.946622 0.000000
vt 0.022429 0.999833 0.000000
vt 0.170859 0.810599 0.000000
vt 0.154309 0.806219 0.000000
vt 0.150467 0.829257 0.000000
vt 0.175973 0.824528 0.000000
vt 0.179798 0.797139 0.000000
vt 0.164990 0.785952 0.000000
vt 0.192081 0.809779 0.000000
vt 0.325886 0.105384 0.000000
vt 0.311413 0.092702 0.000000
vt 0.294443 0.102966 0.000000
vt 0.303303 0.115153 0.000000
vt 0.308890 0.130176 0.000000
vt 0.327842 0.124915 0.000000
vt 0.336028 0.089609 0.000000
vt 0.322348 0.083447 0.000000
vt 0.346433 0.123516 0.000000
vt 0.349037 0.107225 0.000000
vt 0.354101 0.093301 0.000000
vt 0.158580 0.905241 0.000000
vt 0.106837 0.911927 0.000000
vt 0.099809 0.941651 0.000000
vt 0.139420 0.941107 0.000000
vt 0.171388 0.940801 0.000000
vt 0.195981 0.907800 0.000000
vt 0.150807 0.878333 0.000000
vt 0.109437 0.883213 0.000000
vt 0.224230 0.872486 0.000000
vt 0.200735 0.871160 0.000000
vt 0.188363 0.860548 0.000000
vt 0.410501 0.075141 0.000000
vt 0.396430 0.089388 0.000000
vt 0.409220 0.098648 0.000000
vt 0.420956 0.089904 0.000000
vt 0.168967 0.968201 0.000000
vt 0.127380 0.969998 0.000000
vt 0.113161 0.996838 0.000000
vt 0.146441 0.999833 0.000000
vt 0.202542 0.945865 0.000000
vt 0.191295 0.934933 0.000000
vt 0.435850 0.079616 0.000000
vt 0.429631 0.070178 0.000000
vt 0.237491 0.907686 0.000000
vt 0.219261 0.907112 0.000000
vt 0.258719 0.854422 0.000000
vt 0.262646 0.847207 0.000000
vt 0.255432 0.846305 0.000000
vt 0.248763 0.869192 0.000000
vt 0.264542 0.871529 0.000000
vt 0.273561 0.848559 0.000000
vt 0.272632 0.837045 0.000000
vt 0.241953 0.846882 0.000000
vt 0.265311 0.830620 0.000000
vt 0.168805 0.579153 0.000000
vt 0.162278 0.578731 0.000000
vt 0.163797 0.585032 0.000000
vt 0.170288 0.582688 0.000000
vt 0.174398 0.580591 0.000000
vt 0.171590 0.576824 0.000000
vt 0.164745 0.571916 0.000000
vt 0.071705 0.528950 0.000000
vt 0.042070 0.517168 0.000000
vt 0.031839 0.546414 0.000000
vt 0.061884 0.554548 0.000000
vt 0.086786 0.569111 0.000000
vt 0.094340 0.553391 0.000000
vt 0.106525 0.541383 0.000000
vt 0.094906 0.521590 0.000000
vt 0.071820 0.498581 0.000000
vt 0.050842 0.487203 0.000000
vt 0.089358 0.500491 0.000000
vt 0.088132 0.484570 0.000000
vt 0.079485 0.480111 0.000000
vt 0.104894 0.497890 0.000000
vt 0.095560 0.482471 0.000000
vt 0.087883 0.473981 0.000000
vt 0.148230 0.578595 0.000000
vt 0.154101 0.565952 0.000000
vt 0.144097 0.558074 0.000000
vt 0.135380 0.570426 0.000000
vt 0.155736 0.589505 0.000000
vt 0.130442 0.580993 0.000000
vt 0.140990 0.588668 0.000000
vt 0.149773 0.598240 0.000000
vt 0.096928 0.471535 0.000000
vt 0.086416 0.458566 0.000000
vt 0.075277 0.461932 0.000000
vt 0.105017 0.478371 0.000000
vt 0.117702 0.465718 0.000000
vt 0.104495 0.465316 0.000000
vt 0.099587 0.458056 0.000000
vt 0.111475 0.448376 0.000000
vt 0.119042 0.491289 0.000000
vt 0.133782 0.481455 0.000000
vt 0.151496 0.472490 0.000000
vt 0.139256 0.457068 0.000000
vt 0.131171 0.439630 0.000000
vt 0.182293 0.562208 0.000000
vt 0.176551 0.563838 0.000000
vt 0.179978 0.570716 0.000000
vt 0.185705 0.567327 0.000000
vt 0.186679 0.556011 0.000000
vt 0.175081 0.553894 0.000000
vt 0.193590 0.561575 0.000000
vt 0.249142 0.448260 0.000000
vt 0.249349 0.445451 0.000000
vt 0.244780 0.445354 0.000000
vt 0.246496 0.449368 0.000000
vt 0.249328 0.453031 0.000000
vt 0.252051 0.450260 0.000000
vt 0.254235 0.446970 0.000000
vt 0.254662 0.351946 0.000000
vt 0.224533 0.348234 0.000000
vt 0.213573 0.373000 0.000000
vt 0.234340 0.376241 0.000000
vt 0.284888 0.343300 0.000000
vt 0.288013 0.320281 0.000000
vt 0.260803 0.320920 0.000000
vt 0.230164 0.319557 0.000000
vt 0.265714 0.368458 0.000000
vt 0.285278 0.358472 0.000000
vt 0.252120 0.383175 0.000000
vt 0.260806 0.446036 0.000000
vt 0.256401 0.443083 0.000000
vt 0.259423 0.449503 0.000000
vt 0.266268 0.444633 0.000000
vt 0.260629 0.437939 0.000000
vt 0.266453 0.451236 0.000000
vt 0.316403 0.355930 0.000000
vt 0.317356 0.349295 0.000000
vt 0.303331 0.352297 0.000000
vt 0.307140 0.361831 0.000000
vt 0.318211 0.368479 0.000000
vt 0.328167 0.356274 0.000000
vt 0.332100 0.348519 0.000000
vt 0.307541 0.417356 0.000000
vt 0.315694 0.399565 0.000000
vt 0.298194 0.392379 0.000000
vt 0.290046 0.405076 0.000000
vt 0.281299 0.416073 0.000000
vt 0.294377 0.429474 0.000000
vt 0.299190 0.447172 0.000000
vt 0.311490 0.433821 0.000000
vt 0.322867 0.417265 0.000000
vt 0.329852 0.404319 0.000000
vt 0.321315 0.428141 0.000000
vt 0.230900 0.458758 0.000000
vt 0.227530 0.457514 0.000000
vt 0.227450 0.462295 0.000000
vt 0.232360 0.461871 0.000000
vt 0.233373 0.456940 0.000000
vt 0.229578 0.453927 0.000000
vt 0.236329 0.460587 0.000000
vt 0.180371 0.427322 0.000000
vt 0.180817 0.447554 0.000000
vt 0.198683 0.449101 0.000000
vt 0.203580 0.438222 0.000000
vt 0.154035 0.432517 0.000000
vt 0.160570 0.450482 0.000000
vt 0.170939 0.404215 0.000000
vt 0.147322 0.410559 0.000000
vt 0.211564 0.430274 0.000000
vt 0.198705 0.416176 0.000000
vt 0.192262 0.398023 0.000000
vt 0.269610 0.546264 0.000000
vt 0.258991 0.540318 0.000000
vt 0.250317 0.548864 0.000000
vt 0.254704 0.556674 0.000000
vt 0.257348 0.567870 0.000000
vt 0.274177 0.561584 0.000000
vt 0.289050 0.543424 0.000000
vt 0.287862 0.528094 0.000000
vt 0.275357 0.530643 0.000000
vt 0.264766 0.530299 0.000000
vt 0.291992 0.558168 0.000000
vt 0.287148 0.451084 0.000000
vt 0.284204 0.464208 0.000000
vt 0.294816 0.466168 0.000000
vt 0.304343 0.468393 0.000000
vt 0.307768 0.453386 0.000000
vt 0.284425 0.437020 0.000000
vt 0.315196 0.441984 0.000000
vt 0.299054 0.509284 0.000000
vt 0.288169 0.498854 0.000000
vt 0.281064 0.503111 0.000000
vt 0.285943 0.514286 0.000000
vt 0.305530 0.496374 0.000000
vt 0.294742 0.492382 0.000000
vt 0.317989 0.510471 0.000000
vt 0.318258 0.497226 0.000000
vt 0.301528 0.526011 0.000000
vt 0.318962 0.525422 0.000000
vt 0.153272 0.601561 0.000000
vt 0.160048 0.594311 0.000000
vt 0.140643 0.602043 0.000000
vt 0.144887 0.608882 0.000000
vt 0.165994 0.721591 0.000000
vt 0.163279 0.713629 0.000000
vt 0.151634 0.718981 0.000000
vt 0.158906 0.727745 0.000000
vt 0.167820 0.734565 0.000000
vt 0.175184 0.723312 0.000000
vt 0.175586 0.711431 0.000000
vt 0.180831 0.591734 0.000000
vt 0.179614 0.589828 0.000000
vt 0.176340 0.592708 0.000000
vt 0.179365 0.594547 0.000000
vt 0.183889 0.591555 0.000000
vt 0.183338 0.588392 0.000000
vt 0.183608 0.595647 0.000000
vt 0.199470 0.669984 0.000000
vt 0.199533 0.692586 0.000000
vt 0.212623 0.692247 0.000000
vt 0.213691 0.673366 0.000000
vt 0.212503 0.652217 0.000000
vt 0.207809 0.646249 0.000000
vt 0.194395 0.657931 0.000000
vt 0.180627 0.664735 0.000000
vt 0.183400 0.678150 0.000000
vt 0.220566 0.656806 0.000000
vt 0.186872 0.695907 0.000000
vt 0.202214 0.610884 0.000000
vt 0.195829 0.612787 0.000000
vt 0.196964 0.620187 0.000000
vt 0.206283 0.614835 0.000000
vt 0.213504 0.605970 0.000000
vt 0.204583 0.604714 0.000000
vt 0.195585 0.605896 0.000000
vt 0.251644 0.673840 0.000000
vt 0.250737 0.677341 0.000000
vt 0.255118 0.678044 0.000000
vt 0.255200 0.673670 0.000000
vt 0.249031 0.668919 0.000000
vt 0.244518 0.673881 0.000000
vt 0.254460 0.666934 0.000000
vt 0.239016 0.597130 0.000000
vt 0.227066 0.596290 0.000000
vt 0.220407 0.608664 0.000000
vt 0.226355 0.612456 0.000000
vt 0.240222 0.583368 0.000000
vt 0.228577 0.586547 0.000000
vt 0.231274 0.618379 0.000000
vt 0.245148 0.606974 0.000000
vt 0.257649 0.589371 0.000000
vt 0.257547 0.578292 0.000000
vt 0.260977 0.599777 0.000000
vt 0.258191 0.691549 0.000000
vt 0.255571 0.694733 0.000000
vt 0.258851 0.696260 0.000000
vt 0.259829 0.691881 0.000000
vt 0.256722 0.689440 0.000000
vt 0.252443 0.691605 0.000000
vt 0.259535 0.688735 0.000000
vt 0.264715 0.733993 0.000000
vt 0.254792 0.730443 0.000000
vt 0.238970 0.748278 0.000000
vt 0.247215 0.756565 0.000000
vt 0.256771 0.767192 0.000000
vt 0.271400 0.750060 0.000000
vt 0.275334 0.726533 0.000000
vt 0.270848 0.715097 0.000000
vt 0.266158 0.716740 0.000000
vt 0.282127 0.739547 0.000000
vt 0.261440 0.716568 0.000000
vt 0.304920 0.773900 0.000000
vt 0.290305 0.768813 0.000000
vt 0.279074 0.785698 0.000000
vt 0.289786 0.793439 0.000000
vt 0.310204 0.756755 0.000000
vt 0.299532 0.754027 0.000000
vt 0.321334 0.764821 0.000000
vt 0.324351 0.756216 0.000000
vt 0.316535 0.783567 0.000000
vt 0.328622 0.767116 0.000000
vt 0.301935 0.802628 0.000000
vt 0.302775 0.627231 0.000000
vt 0.319574 0.625037 0.000000
vt 0.318574 0.611337 0.000000
vt 0.302140 0.610781 0.000000
vt 0.285211 0.622633 0.000000
vt 0.282509 0.635703 0.000000
vt 0.291914 0.640387 0.000000
vt 0.283666 0.609645 0.000000
vt 0.308698 0.638960 0.000000
vt 0.319659 0.634907 0.000000
vt 0.297433 0.646160 0.000000
vt 0.267852 0.685928 0.000000
vt 0.266305 0.685705 0.000000
vt 0.266398 0.688369 0.000000
vt 0.268497 0.687805 0.000000
vt 0.269085 0.684378 0.000000
vt 0.267111 0.683155 0.000000
vt 0.270819 0.686508 0.000000
vt 0.270694 0.207190 0.000000
vt 0.269717 0.199636 0.000000
vt 0.256595 0.203732 0.000000
vt 0.261926 0.213076 0.000000
vt 0.269757 0.222558 0.000000
vt 0.279138 0.210694 0.000000
vt 0.282132 0.199190 0.000000
vt 0.180399 0.239560 0.000000
vt 0.179484 0.228290 0.000000
vt 0.166229 0.224509 0.000000
vt 0.165605 0.233406 0.000000
vt 0.195662 0.238539 0.000000
vt 0.194409 0.229048 0.000000
vt 0.163933 0.240401 0.000000
vt 0.175526 0.246385 0.000000
vt 0.187480 0.246578 0.000000
vt 0.197987 0.244538 0.000000
vt 0.186751 0.251352 0.000000
vt 0.254954 0.234155 0.000000
vt 0.248084 0.220520 0.000000
vt 0.234748 0.225689 0.000000
vt 0.237496 0.234524 0.000000
vt 0.607822 0.219918 0.000000
vt 0.564141 0.220946 0.000000
vt 0.571225 0.234179 0.000000
vt 0.603146 0.240576 0.000000
vt 0.631558 0.260975 0.000000
vt 0.649498 0.242300 0.000000
vt 0.568277 0.248704 0.000000
vt 0.523740 0.246986 0.000000
vt 0.530846 0.258858 0.000000
vt 0.541517 0.272520 0.000000
vt 0.582893 0.258577 0.000000
vt 0.327415 0.225997 0.000000
vt 0.329437 0.206333 0.000000
vt 0.312141 0.205214 0.000000
vt 0.307440 0.220845 0.000000
vt 0.348818 0.218793 0.000000
vt 0.346841 0.202373 0.000000
vt 0.337443 0.242239 0.000000
vt 0.353194 0.233700 0.000000
vt 0.299902 0.236019 0.000000
vt 0.314693 0.242748 0.000000
vt 0.325340 0.251352 0.000000
vt 0.601421 0.287315 0.000000
vt 0.553371 0.290546 0.000000
vt 0.557793 0.310573 0.000000
vt 0.595919 0.317719 0.000000
vt 0.647270 0.311977 0.000000
vt 0.665263 0.285676 0.000000
vt 0.638680 0.337527 0.000000
vt 0.750622 0.300074 0.000000
vt 0.737745 0.289799 0.000000
vt 0.722065 0.313729 0.000000
vt 0.744207 0.319868 0.000000
vt 0.767585 0.327262 0.000000
vt 0.769764 0.298926 0.000000
vt 0.763254 0.277959 0.000000
vt 0.539412 0.368088 0.000000
vt 0.522460 0.372699 0.000000
vt 0.530464 0.389543 0.000000
vt 0.550451 0.379061 0.000000
vt 0.547182 0.353009 0.000000
vt 0.523176 0.353058 0.000000
vt 0.569987 0.362664 0.000000
vt 0.681294 0.568332 0.000000
vt 0.676740 0.580222 0.000000
vt 0.695763 0.586898 0.000000
vt 0.694392 0.566400 0.000000
vt 0.672921 0.553699 0.000000
vt 0.663119 0.563203 0.000000
vt 0.682875 0.546315 0.000000
vt 0.630006 0.422660 0.000000
vt 0.657771 0.395763 0.000000
vt 0.637648 0.381109 0.000000
vt 0.610564 0.400671 0.000000
vt 0.579083 0.414260 0.000000
vt 0.589281 0.433775 0.000000
vt 0.624394 0.448013 0.000000
vt 0.643925 0.445908 0.000000
vt 0.652572 0.426606 0.000000
vt 0.592580 0.452546 0.000000
vt 0.670897 0.403618 0.000000
vt 0.594905 0.497796 0.000000
vt 0.613115 0.518577 0.000000
vt 0.625881 0.510322 0.000000
vt 0.616438 0.492183 0.000000
vt 0.617578 0.468605 0.000000
vt 0.593025 0.472044 0.000000
vt 0.556798 0.487354 0.000000
vt 0.550476 0.503685 0.000000
vt 0.578768 0.514319 0.000000
vt 0.600048 0.527989 0.000000
vt 0.674066 0.468719 0.000000
vt 0.675664 0.462201 0.000000
vt 0.670162 0.465343 0.000000
vt 0.666513 0.473137 0.000000
vt 0.674244 0.471040 0.000000
vt 0.665490 0.480128 0.000000
vt 0.672594 0.480282 0.000000
vt 0.683476 0.473683 0.000000
vt 0.678650 0.483258 0.000000
vt 0.685941 0.478805 0.000000
vt 0.475991 0.177403 0.000000
vt 0.485007 0.170801 0.000000
vt 0.485007 0.156293 0.000000
vt 0.473441 0.162285 0.000000
vt 0.489763 0.806789 0.000000
vt 0.498852 0.785261 0.000000
vt 0.484558 0.788539 0.000000
vt 0.472162 0.800748 0.000000
vt 0.423887 0.191490 0.000000
vt 0.399906 0.188791 0.000000
vt 0.401205 0.202890 0.000000
vt 0.421117 0.204851 0.000000
vt 0.435284 0.186952 0.000000
vt 0.429652 0.166492 0.000000
vt 0.417393 0.169760 0.000000
vt 0.435068 0.210006 0.000000
vt 0.438565 0.203150 0.000000
vt 0.443468 0.198269 0.000000
vt 0.505508 0.764874 0.000000
vt 0.483066 0.777021 0.000000
vt 0.464331 0.786426 0.000000
vt 0.524266 0.777819 0.000000
vt 0.527858 0.762047 0.000000
vt 0.534245 0.749269 0.000000
vt 0.522063 0.745975 0.000000
vt 0.499754 0.749837 0.000000
vt 0.481123 0.761703 0.000000
vt 0.514721 0.738077 0.000000
vt 0.509227 0.728309 0.000000
vt 0.522790 0.730047 0.000000
vt 0.517896 0.725157 0.000000
vt 0.494396 0.737035 0.000000
vt 0.561507 0.738432 0.000000
vt 0.561843 0.738634 0.000000
vt 0.561301 0.736535 0.000000
vt 0.558405 0.737834 0.000000
vt 0.560686 0.742000 0.000000
vt 0.563540 0.740528 0.000000
vt 0.354225 0.353920 0.000000
vt 0.353096 0.340666 0.000000
vt 0.333632 0.373475 0.000000
vt 0.349695 0.380673 0.000000
vt 0.369433 0.364693 0.000000
vt 0.384173 0.337559 0.000000
vt 0.375005 0.326210 0.000000
vt 0.393177 0.350011 0.000000
vt 0.409094 0.415303 0.000000
vt 0.393280 0.417138 0.000000
vt 0.394538 0.429548 0.000000
vt 0.402062 0.430519 0.000000
vt 0.408656 0.433813 0.000000
vt 0.421267 0.424558 0.000000
vt 0.401497 0.400471 0.000000
vt 0.386308 0.406041 0.000000
vt 0.440815 0.417475 0.000000
vt 0.431067 0.406401 0.000000
vt 0.421092 0.393272 0.000000
vt 0.399023 0.454031 0.000000
vt 0.401488 0.451734 0.000000
vt 0.398019 0.449450 0.000000
vt 0.396277 0.453342 0.000000
vt 0.395451 0.456495 0.000000
vt 0.399072 0.456539 0.000000
vt 0.403568 0.455347 0.000000
vt 0.397902 0.549748 0.000000
vt 0.392191 0.539864 0.000000
vt 0.376122 0.543228 0.000000
vt 0.378744 0.553483 0.000000
vt 0.410087 0.540380 0.000000
vt 0.405541 0.533469 0.000000
vt 0.377994 0.563622 0.000000
vt 0.395867 0.561184 0.000000
vt 0.410893 0.552896 0.000000
vt 0.415985 0.545215 0.000000
vt 0.409015 0.559722 0.000000
vt 0.403892 0.475223 0.000000
vt 0.406611 0.471040 0.000000
vt 0.400604 0.469201 0.000000
vt 0.399070 0.474521 0.000000
vt 0.407891 0.483365 0.000000
vt 0.415703 0.477024 0.000000
vt 0.399771 0.485411 0.000000
vt 0.452443 0.494592 0.000000
vt 0.462147 0.476276 0.000000
vt 0.446148 0.472956 0.000000
vt 0.437425 0.488699 0.000000
vt 0.424176 0.500845 0.000000
vt 0.431452 0.506969 0.000000
vt 0.453292 0.506913 0.000000
vt 0.471467 0.505847 0.000000
vt 0.474082 0.493319 0.000000
vt 0.434656 0.513566 0.000000
vt 0.479393 0.478682 0.000000
vt 0.438824 0.542198 0.000000
vt 0.446479 0.543343 0.000000
vt 0.448473 0.537368 0.000000
vt 0.437141 0.537614 0.000000
vt 0.429036 0.542649 0.000000
vt 0.435380 0.546333 0.000000
vt 0.444283 0.548241 0.000000
vt 0.386389 0.457626 0.000000
vt 0.386072 0.455497 0.000000
vt 0.382386 0.456682 0.000000
vt 0.384235 0.459373 0.000000
vt 0.388442 0.458224 0.000000
vt 0.389111 0.455442 0.000000
vt 0.386791 0.461173 0.000000
vt 0.336472 0.509352 0.000000
vt 0.331154 0.494675 0.000000
vt 0.335871 0.527124 0.000000
vt 0.349984 0.496276 0.000000
vt 0.344208 0.488374 0.000000
vt 0.353838 0.516069 0.000000
vt 0.359078 0.502076 0.000000
vt 0.354360 0.530192 0.000000
vt 0.476116 0.561125 0.000000
vt 0.473989 0.556353 0.000000
vt 0.467880 0.559128 0.000000
vt 0.470218 0.564872 0.000000
vt 0.480431 0.557507 0.000000
vt 0.479982 0.553561 0.000000
vt 0.448394 0.560567 0.000000
vt 0.450364 0.558975 0.000000
vt 0.446758 0.557146 0.000000
vt 0.445445 0.559925 0.000000
vt 0.444981 0.562565 0.000000
vt 0.448884 0.562270 0.000000
vt 0.452132 0.561083 0.000000
vt 0.339922 0.677981 0.000000
vt 0.331915 0.688636 0.000000
vt 0.338305 0.696419 0.000000
vt 0.345108 0.688098 0.000000
vt 0.352975 0.681936 0.000000
vt 0.351268 0.673665 0.000000
vt 0.332144 0.675532 0.000000
vt 0.327311 0.684561 0.000000
vt 0.343978 0.664881 0.000000
vt 0.336001 0.664170 0.000000
vt 0.353901 0.665292 0.000000
vt 0.336887 0.624233 0.000000
vt 0.331219 0.634504 0.000000
vt 0.334489 0.609808 0.000000
vt 0.346466 0.632139 0.000000
vt 0.353115 0.628281 0.000000
vt 0.349179 0.619132 0.000000
vt 0.340942 0.637107 0.000000
vt 0.347131 0.607197 0.000000
vt 0.364174 0.591399 0.000000
vt 0.379062 0.582926 0.000000
vt 0.377282 0.573077 0.000000
vt 0.360514 0.577610 0.000000
vt 0.374231 0.597422 0.000000
vt 0.382780 0.590051 0.000000
vt 0.345880 0.593658 0.000000
vt 0.358688 0.604778 0.000000
vt 0.343412 0.580042 0.000000
vt 0.368787 0.605338 0.000000
vt 0.419384 0.678328 0.000000
vt 0.426376 0.692699 0.000000
vt 0.441774 0.687703 0.000000
vt 0.437547 0.674927 0.000000
vt 0.402748 0.671621 0.000000
vt 0.397404 0.677005 0.000000
vt 0.407526 0.686059 0.000000
vt 0.419328 0.664676 0.000000
vt 0.405680 0.664107 0.000000
vt 0.433370 0.662594 0.000000
vt 0.414012 0.697481 0.000000
vt 0.439682 0.630585 0.000000
vt 0.452941 0.643732 0.000000
vt 0.467078 0.641148 0.000000
vt 0.459560 0.629396 0.000000
vt 0.456361 0.619120 0.000000
vt 0.439670 0.619221 0.000000
vt 0.421194 0.622360 0.000000
vt 0.417117 0.626976 0.000000
vt 0.429787 0.635902 0.000000
vt 0.423642 0.615679 0.000000
vt 0.440056 0.647547 0.000000
vt 0.388305 0.661896 0.000000
vt 0.391183 0.662431 0.000000
vt 0.391617 0.658308 0.000000
vt 0.387544 0.659305 0.000000
vt 0.384711 0.660532 0.000000
vt 0.386606 0.663421 0.000000
vt 0.389656 0.665487 0.000000
vt 0.331616 0.706154 0.000000
vt 0.325931 0.695415 0.000000
vt 0.319723 0.698973 0.000000
vt 0.320977 0.707512 0.000000
vt 0.328843 0.721169 0.000000
vt 0.340138 0.724203 0.000000
vt 0.344064 0.712632 0.000000
vt 0.318764 0.719325 0.000000
vt 0.348630 0.703668 0.000000
vt 0.342938 0.750066 0.000000
vt 0.341394 0.756753 0.000000
vt 0.352452 0.754269 0.000000
vt 0.350260 0.744265 0.000000
vt 0.337207 0.748353 0.000000
vt 0.333614 0.756633 0.000000
vt 0.343553 0.738633 0.000000
vt 0.364838 0.675575 0.000000
vt 0.360197 0.677678 0.000000
vt 0.364049 0.682598 0.000000
vt 0.367858 0.677574 0.000000
vt 0.369796 0.674006 0.000000
vt 0.366097 0.672567 0.000000
vt 0.359994 0.672211 0.000000
vt 0.370177 0.746388 0.000000
vt 0.385629 0.747950 0.000000
vt 0.390524 0.732056 0.000000
vt 0.380144 0.730009 0.000000
vt 0.368818 0.724606 0.000000
vt 0.361767 0.734952 0.000000
vt 0.349090 0.769724 0.000000
vt 0.363945 0.768730 0.000000
vt 0.379347 0.768854 0.000000
vt 0.373625 0.672462 0.000000
vt 0.373266 0.674901 0.000000
vt 0.376396 0.674737 0.000000
vt 0.375442 0.671458 0.000000
vt 0.371498 0.671144 0.000000
vt 0.373264 0.668896 0.000000
vt 0.473350 0.651151 0.000000
vt 0.462137 0.654094 0.000000
vt 0.469069 0.664618 0.000000
vt 0.481341 0.660150 0.000000
vt 0.478681 0.644499 0.000000
vt 0.475687 0.638497 0.000000
vt 0.438868 0.584960 0.000000
vt 0.437226 0.580984 0.000000
vt 0.426885 0.586723 0.000000
vt 0.432962 0.591392 0.000000
vt 0.442232 0.593142 0.000000
vt 0.444263 0.584281 0.000000
vt 0.443624 0.578963 0.000000
vt 0.486797 0.648141 0.000000
vt 0.484206 0.643276 0.000000
vt 0.482038 0.637576 0.000000
vt 0.505413 0.612479 0.000000
vt 0.518438 0.602056 0.000000
vt 0.509321 0.588540 0.000000
vt 0.499612 0.595419 0.000000
vt 0.515638 0.622807 0.000000
vt 0.528463 0.613001 0.000000
vt 0.497660 0.628692 0.000000
vt 0.504342 0.634327 0.000000
vt 0.490483 0.599594 0.000000
vt 0.492844 0.613741 0.000000
vt 0.490059 0.626940 0.000000
vt 0.486569 0.636589 0.000000
vt 0.490003 0.639302 0.000000
vt 0.481826 0.626715 0.000000
vt 0.474020 0.574385 0.000000
vt 0.483070 0.570476 0.000000
vt 0.483705 0.586510 0.000000
vt 0.491960 0.581965 0.000000
vt 0.468152 0.582108 0.000000
vt 0.475477 0.591855 0.000000
vt 0.463272 0.565645 0.000000
vt 0.463621 0.571405 0.000000
vt 0.461558 0.576619 0.000000
vt 0.453709 0.571842 0.000000
vt 0.453807 0.569497 0.000000
vt 0.450027 0.569916 0.000000
vt 0.451036 0.572721 0.000000
vt 0.453014 0.576111 0.000000
vt 0.456356 0.573470 0.000000
vt 0.458039 0.569894 0.000000
vt 0.237357 0.495159 0.000000
vt 0.243891 0.494919 0.000000
vt 0.234839 0.485730 0.000000
vt 0.228475 0.488664 0.000000
vt 0.222738 0.493416 0.000000
vt 0.236310 0.500436 0.000000
vt 0.247213 0.502602 0.000000
vt 0.383760 0.633568 0.000000
vt 0.378677 0.634400 0.000000
vt 0.384057 0.640777 0.000000
vt 0.388618 0.637723 0.000000
vt 0.393003 0.633346 0.000000
vt 0.384195 0.629016 0.000000
vt 0.375877 0.628351 0.000000
vt 0.013213 0.794580 0.000000
vt 0.021112 0.789893 0.000000
vt 0.000167 0.796033 0.000000
vt 0.020873 0.762052 0.000000
vt 0.036638 0.762269 0.000000
vt 0.032698 0.753404 0.000000
vt 0.022661 0.746545 0.000000
vt 0.014204 0.759668 0.000000
vt 0.659664 0.492373 0.000000
vt 0.672861 0.492856 0.000000
vt 0.652824 0.476834 0.000000
vt 0.680899 0.491927 0.000000
vt 0.689968 0.488642 0.000000
vt 0.000167 0.374533 0.000000
vt 0.025327 0.368373 0.000000
vt 0.020237 0.351146 0.000000
vt 0.164376 0.067184 0.000000
vt 0.156664 0.076912 0.000000
vt 0.163570 0.079222 0.000000
vt 0.169985 0.074808 0.000000
vt 0.180128 0.070885 0.000000
vt 0.177611 0.059987 0.000000
vt 0.176531 0.045251 0.000000
vt 0.164619 0.052088 0.000000
vt 0.006852 0.408377 0.000000
vt 0.024006 0.396407 0.000000
vt 0.181568 0.142096 0.000000
vt 0.180753 0.145313 0.000000
vt 0.184307 0.150762 0.000000
vt 0.192983 0.142523 0.000000
vt 0.094502 0.226386 0.000000
vt 0.171540 0.148546 0.000000
vt 0.173851 0.157160 0.000000
vt 0.033995 0.778275 0.000000
vt 0.036420 0.732656 0.000000
vt 0.023659 0.725249 0.000000
vt 0.014410 0.736557 0.000000
vt 0.000167 0.810968 0.000000
vt 0.011983 0.808594 0.000000
vt 0.046483 0.742134 0.000000
vt 0.023182 0.803489 0.000000
vt 0.035128 0.795621 0.000000
vt 0.049342 0.786243 0.000000
vt 0.050719 0.769281 0.000000
vt 0.050919 0.754689 0.000000
vt 0.485007 0.059961 0.000000
vt 0.459299 0.066819 0.000000
vt 0.464213 0.079777 0.000000
vt 0.485007 0.077001 0.000000
vt 0.476961 0.049344 0.000000
vt 0.454408 0.059741 0.000000
vt 0.295047 0.859568 0.000000
vt 0.293080 0.834817 0.000000
vt 0.140922 0.506496 0.000000
vt 0.114733 0.513638 0.000000
vt 0.124103 0.531067 0.000000
vt 0.147256 0.524656 0.000000
vt 0.174844 0.524472 0.000000
vt 0.175262 0.513953 0.000000
vt 0.155285 0.495098 0.000000
vt 0.180495 0.505570 0.000000
vt 0.139002 0.628230 0.000000
vt 0.136409 0.646200 0.000000
vt 0.152587 0.645030 0.000000
vt 0.154916 0.631613 0.000000
vt 0.131670 0.613130 0.000000
vt 0.109548 0.612262 0.000000
vt 0.112045 0.628683 0.000000
vt 0.111986 0.647104 0.000000
vt 0.151600 0.615055 0.000000
vt 0.159416 0.619807 0.000000
vt 0.201163 0.741354 0.000000
vt 0.204341 0.725730 0.000000
vt 0.188941 0.725606 0.000000
vt 0.182084 0.739100 0.000000
vt 0.166884 0.756394 0.000000
vt 0.181294 0.764437 0.000000
vt 0.193722 0.777164 0.000000
vt 0.211321 0.756800 0.000000
vt 0.231602 0.740543 0.000000
vt 0.225277 0.730670 0.000000
vt 0.220564 0.720679 0.000000
vt 0.199851 0.248506 0.000000
vt 0.750793 0.613291 0.000000
vt 0.726467 0.611532 0.000000
vt 0.706671 0.638923 0.000000
vt 0.725310 0.646327 0.000000
vt 0.798324 0.336716 0.000000
vt 0.798324 0.302910 0.000000
vt 0.745602 0.660918 0.000000
vt 0.776268 0.635707 0.000000
vt 0.746722 0.354184 0.000000
vt 0.759413 0.362175 0.000000
vt 0.744985 0.579782 0.000000
vt 0.730421 0.584595 0.000000
vt 0.656804 0.461079 0.000000
vt 0.636775 0.464838 0.000000
vt 0.634125 0.484013 0.000000
vt 0.658710 0.443013 0.000000
vt 0.671397 0.453400 0.000000
vt 0.671797 0.441206 0.000000
vt 0.640717 0.501508 0.000000
vt 0.649086 0.516290 0.000000
vt 0.663346 0.510516 0.000000
vt 0.675672 0.507866 0.000000
vt 0.459853 0.171474 0.000000
vt 0.461954 0.185499 0.000000
vt 0.521481 0.798419 0.000000
vt 0.524831 0.694267 0.000000
vt 0.516124 0.675136 0.000000
vt 0.503423 0.680816 0.000000
vt 0.508701 0.696032 0.000000
vt 0.535612 0.685826 0.000000
vt 0.527212 0.668110 0.000000
vt 0.537384 0.705874 0.000000
vt 0.544497 0.700548 0.000000
vt 0.522370 0.708042 0.000000
vt 0.532596 0.712981 0.000000
vt 0.510625 0.708032 0.000000
vt 0.333886 0.341929 0.000000
vt 0.344793 0.331453 0.000000
vt 0.329466 0.324643 0.000000
vt 0.321803 0.339960 0.000000
vt 0.478958 0.440985 0.000000
vt 0.451991 0.441422 0.000000
vt 0.450544 0.456959 0.000000
vt 0.469442 0.459158 0.000000
vt 0.472680 0.424312 0.000000
vt 0.447512 0.428723 0.000000
vt 0.484726 0.464547 0.000000
vt 0.494988 0.452683 0.000000
vt 0.501588 0.432991 0.000000
vt 0.495387 0.419209 0.000000
vt 0.510383 0.445925 0.000000
vt 0.502811 0.459526 0.000000
vt 0.499983 0.467969 0.000000
vt 0.515554 0.469180 0.000000
vt 0.515210 0.457987 0.000000
vt 0.490092 0.539050 0.000000
vt 0.497651 0.524112 0.000000
vt 0.483523 0.519589 0.000000
vt 0.477692 0.530626 0.000000
vt 0.505287 0.542896 0.000000
vt 0.512911 0.529089 0.000000
vt 0.488866 0.551595 0.000000
vt 0.499973 0.553727 0.000000
vt 0.471558 0.538879 0.000000
vt 0.477787 0.546326 0.000000
vt 0.465967 0.544949 0.000000
vt 0.471098 0.550786 0.000000
vt 0.461020 0.549679 0.000000
vt 0.465320 0.554218 0.000000
vt 0.456487 0.553415 0.000000
vt 0.459847 0.556968 0.000000
vt 0.462016 0.560913 0.000000
vt 0.455594 0.559223 0.000000
vt 0.457181 0.562387 0.000000
vt 0.458156 0.565924 0.000000
vt 0.453247 0.563551 0.000000
vt 0.453728 0.566422 0.000000
vt 0.449249 0.564497 0.000000
vt 0.449590 0.567047 0.000000
vt 0.445360 0.567773 0.000000
vt 0.446051 0.570629 0.000000
vt 0.444970 0.565057 0.000000
vt 0.439858 0.565408 0.000000
vt 0.440230 0.568489 0.000000
vt 0.439930 0.562342 0.000000
vt 0.432410 0.562366 0.000000
vt 0.432528 0.566124 0.000000
vt 0.440468 0.559188 0.000000
vt 0.432413 0.558498 0.000000
vt 0.421558 0.558731 0.000000
vt 0.421560 0.563599 0.000000
vt 0.441330 0.555789 0.000000
vt 0.432790 0.554649 0.000000
vt 0.421977 0.553873 0.000000
vt 0.433686 0.550808 0.000000
vt 0.423910 0.548489 0.000000
vt 0.424590 0.537708 0.000000
vt 0.436619 0.532225 0.000000
vt 0.436268 0.526436 0.000000
vt 0.422204 0.532393 0.000000
vt 0.435883 0.520158 0.000000
vt 0.420175 0.526404 0.000000
vt 0.417742 0.520521 0.000000
vt 0.401466 0.526404 0.000000
vt 0.386943 0.530459 0.000000
vt 0.414170 0.514311 0.000000
vt 0.397735 0.518489 0.000000
vt 0.383327 0.520351 0.000000
vt 0.369425 0.519548 0.000000
vt 0.371332 0.532018 0.000000
vt 0.394228 0.509191 0.000000
vt 0.380853 0.508627 0.000000
vt 0.369160 0.506314 0.000000
vt 0.382119 0.495717 0.000000
vt 0.374365 0.492453 0.000000
vt 0.367478 0.488562 0.000000
vt 0.361598 0.484278 0.000000
vt 0.380618 0.480398 0.000000
vt 0.375349 0.477516 0.000000
vt 0.370141 0.474103 0.000000
vt 0.365516 0.469679 0.000000
vt 0.356079 0.479051 0.000000
vt 0.380723 0.469634 0.000000
vt 0.376471 0.466873 0.000000
vt 0.372517 0.463298 0.000000
vt 0.369578 0.458659 0.000000
vt 0.361396 0.464204 0.000000
vt 0.380960 0.462282 0.000000
vt 0.378300 0.459145 0.000000
vt 0.375977 0.454877 0.000000
vt 0.374727 0.449607 0.000000
vt 0.367018 0.452871 0.000000
vt 0.381156 0.453084 0.000000
vt 0.380417 0.447969 0.000000
vt 0.380119 0.440344 0.000000
vt 0.372679 0.442283 0.000000
vt 0.385423 0.452272 0.000000
vt 0.385341 0.447557 0.000000
vt 0.386704 0.440066 0.000000
vt 0.387197 0.430613 0.000000
vt 0.378246 0.432053 0.000000
vt 0.389720 0.447770 0.000000
vt 0.392028 0.440900 0.000000
vt 0.394012 0.448346 0.000000
vt 0.396999 0.441926 0.000000
vt 0.401369 0.443641 0.000000
vt 0.406086 0.446706 0.000000
vt 0.414570 0.439635 0.000000
vt 0.419195 0.447993 0.000000
vt 0.432928 0.444255 0.000000
vt 0.428335 0.433508 0.000000
vt 0.410385 0.452346 0.000000
vt 0.411448 0.459062 0.000000
vt 0.421739 0.457545 0.000000
vt 0.404000 0.460103 0.000000
vt 0.402632 0.464769 0.000000
vt 0.410165 0.465671 0.000000
vt 0.398727 0.460242 0.000000
vt 0.397604 0.464186 0.000000
vt 0.393467 0.463395 0.000000
vt 0.391900 0.467577 0.000000
vt 0.396006 0.468442 0.000000
vt 0.394620 0.459822 0.000000
vt 0.391389 0.459117 0.000000
vt 0.389982 0.462499 0.000000
vt 0.392250 0.455989 0.000000
vt 0.392877 0.452578 0.000000
vt 0.389293 0.452164 0.000000
vt 0.384246 0.464654 0.000000
vt 0.387962 0.466391 0.000000
vt 0.385054 0.471736 0.000000
vt 0.389565 0.473430 0.000000
vt 0.386256 0.482746 0.000000
vt 0.392407 0.484730 0.000000
vt 0.394383 0.474379 0.000000
vt 0.391479 0.497871 0.000000
vt 0.403582 0.497561 0.000000
vt 0.409079 0.507095 0.000000
vt 0.415400 0.493209 0.000000
vt 0.425688 0.483319 0.000000
vt 0.432207 0.469930 0.000000
vt 0.420976 0.467508 0.000000
vt 0.434824 0.456604 0.000000
vt 0.372741 0.424361 0.000000
vt 0.363048 0.429155 0.000000
vt 0.368769 0.435223 0.000000
vt 0.382771 0.419871 0.000000
vt 0.374468 0.411780 0.000000
vt 0.364619 0.417349 0.000000
vt 0.354379 0.412179 0.000000
vt 0.346310 0.420500 0.000000
vt 0.355652 0.424492 0.000000
vt 0.363630 0.404124 0.000000
vt 0.351533 0.398288 0.000000
vt 0.342152 0.408051 0.000000
vt 0.375614 0.396489 0.000000
vt 0.363606 0.388047 0.000000
vt 0.338642 0.392603 0.000000
vt 0.391821 0.387733 0.000000
vt 0.380261 0.375878 0.000000
vt 0.411609 0.379017 0.000000
vt 0.402846 0.364004 0.000000
vt 0.437116 0.367251 0.000000
vt 0.428069 0.351558 0.000000
vt 0.419867 0.336026 0.000000
vt 0.458132 0.336829 0.000000
vt 0.445927 0.321853 0.000000
vt 0.436629 0.311205 0.000000
vt 0.410121 0.323765 0.000000
vt 0.427953 0.300859 0.000000
vt 0.400450 0.312073 0.000000
vt 0.424181 0.289468 0.000000
vt 0.393316 0.298522 0.000000
vt 0.363141 0.313142 0.000000
vt 0.150822 0.237459 0.000000
vt 0.150822 0.229259 0.000000
vt 0.344790 0.302296 0.000000
vt 0.150822 0.220738 0.000000
vt 0.324356 0.295782 0.000000
vt 0.310303 0.320971 0.000000
vt 0.298663 0.289713 0.000000
vt 0.305154 0.339622 0.000000
vt 0.150822 0.210600 0.000000
vt 0.166422 0.212754 0.000000
vt 0.166786 0.199097 0.000000
vt 0.150822 0.198344 0.000000
vt 0.266644 0.287293 0.000000
vt 0.165996 0.184583 0.000000
vt 0.150822 0.184747 0.000000
vt 0.230374 0.288359 0.000000
vt 0.164417 0.171678 0.000000
vt 0.150822 0.172399 0.000000
vt 0.197348 0.293069 0.000000
vt 0.198953 0.320622 0.000000
vt 0.164978 0.299832 0.000000
vt 0.167289 0.324307 0.000000
vt 0.166118 0.350969 0.000000
vt 0.195784 0.347670 0.000000
vt 0.164149 0.378458 0.000000
vt 0.188799 0.374017 0.000000
vt 0.212209 0.394563 0.000000
vt 0.214529 0.411870 0.000000
vt 0.227932 0.411147 0.000000
vt 0.229259 0.395168 0.000000
vt 0.242057 0.412418 0.000000
vt 0.245577 0.398839 0.000000
vt 0.257766 0.416366 0.000000
vt 0.263336 0.405657 0.000000
vt 0.270913 0.393531 0.000000
vt 0.279831 0.381968 0.000000
vt 0.292185 0.371268 0.000000
vt 0.306743 0.380245 0.000000
vt 0.322888 0.385863 0.000000
vt 0.273521 0.424601 0.000000
vt 0.254098 0.425825 0.000000
vt 0.266472 0.431818 0.000000
vt 0.274864 0.441358 0.000000
vt 0.276435 0.452073 0.000000
vt 0.272690 0.460673 0.000000
vt 0.263462 0.456873 0.000000
vt 0.259484 0.460979 0.000000
vt 0.267594 0.466182 0.000000
vt 0.256904 0.453395 0.000000
vt 0.253715 0.456694 0.000000
vt 0.250344 0.459327 0.000000
vt 0.255568 0.464265 0.000000
vt 0.246361 0.455222 0.000000
vt 0.243135 0.457184 0.000000
vt 0.246672 0.461487 0.000000
vt 0.243069 0.451114 0.000000
vt 0.239661 0.452987 0.000000
vt 0.236488 0.454923 0.000000
vt 0.239821 0.459029 0.000000
vt 0.240402 0.446687 0.000000
vt 0.236488 0.448665 0.000000
vt 0.232790 0.450978 0.000000
vt 0.228227 0.446697 0.000000
vt 0.224126 0.450354 0.000000
vt 0.232773 0.443668 0.000000
vt 0.227721 0.437184 0.000000
vt 0.221562 0.440153 0.000000
vt 0.237861 0.441505 0.000000
vt 0.234351 0.434447 0.000000
vt 0.229717 0.424622 0.000000
vt 0.220210 0.426232 0.000000
vt 0.243504 0.439875 0.000000
vt 0.242287 0.432915 0.000000
vt 0.241153 0.423607 0.000000
vt 0.251691 0.433381 0.000000
vt 0.250106 0.440454 0.000000
vt 0.215804 0.445106 0.000000
vt 0.212057 0.452238 0.000000
vt 0.221160 0.455437 0.000000
vt 0.211619 0.461159 0.000000
vt 0.220866 0.461894 0.000000
vt 0.214017 0.470582 0.000000
vt 0.223227 0.468803 0.000000
vt 0.229550 0.467975 0.000000
vt 0.227378 0.476642 0.000000
vt 0.233488 0.474534 0.000000
vt 0.238525 0.472913 0.000000
vt 0.234864 0.466706 0.000000
vt 0.243191 0.471081 0.000000
vt 0.239405 0.465155 0.000000
vt 0.247462 0.469179 0.000000
vt 0.243255 0.463439 0.000000
vt 0.251589 0.467011 0.000000
vt 0.253355 0.476411 0.000000
vt 0.257842 0.473533 0.000000
vt 0.262728 0.470355 0.000000
vt 0.267175 0.481039 0.000000
vt 0.272188 0.477255 0.000000
vt 0.278075 0.472368 0.000000
vt 0.283452 0.484905 0.000000
vt 0.289106 0.477897 0.000000
vt 0.300325 0.481871 0.000000
vt 0.309763 0.483382 0.000000
vt 0.312529 0.470084 0.000000
vt 0.315059 0.457187 0.000000
vt 0.319454 0.483875 0.000000
vt 0.320931 0.470819 0.000000
vt 0.322620 0.459801 0.000000
vt 0.325123 0.451607 0.000000
vt 0.320003 0.447812 0.000000
vt 0.329980 0.470297 0.000000
vt 0.330624 0.460649 0.000000
vt 0.331062 0.453298 0.000000
vt 0.331687 0.449217 0.000000
vt 0.327887 0.447453 0.000000
vt 0.338409 0.459445 0.000000
vt 0.337368 0.452774 0.000000
vt 0.336344 0.448642 0.000000
vt 0.334754 0.445626 0.000000
vt 0.332580 0.447436 0.000000
vt 0.344084 0.450298 0.000000
vt 0.341636 0.445844 0.000000
vt 0.338707 0.442437 0.000000
vt 0.334326 0.440859 0.000000
vt 0.332866 0.443741 0.000000
vt 0.347818 0.441283 0.000000
vt 0.342988 0.437694 0.000000
vt 0.336711 0.435087 0.000000
vt 0.329756 0.434694 0.000000
vt 0.329428 0.440801 0.000000
vt 0.348551 0.431365 0.000000
vt 0.340644 0.428124 0.000000
vt 0.331312 0.426661 0.000000
vt 0.322290 0.436509 0.000000
vt 0.335012 0.417896 0.000000
vt 0.324762 0.443062 0.000000
vt 0.329999 0.445195 0.000000
vt 0.354725 0.435511 0.000000
vt 0.351676 0.445841 0.000000
vt 0.359614 0.440176 0.000000
vt 0.354911 0.451395 0.000000
vt 0.363948 0.446054 0.000000
vt 0.357654 0.457624 0.000000
vt 0.346187 0.456272 0.000000
vt 0.348371 0.463517 0.000000
vt 0.351220 0.471592 0.000000
vt 0.339261 0.467889 0.000000
vt 0.341106 0.478033 0.000000
vt 0.329898 0.482101 0.000000
vt 0.278066 0.489440 0.000000
vt 0.272950 0.492973 0.000000
vt 0.262484 0.484418 0.000000
vt 0.258121 0.487571 0.000000
vt 0.268845 0.496133 0.000000
vt 0.248960 0.479214 0.000000
vt 0.244779 0.481493 0.000000
vt 0.254058 0.490627 0.000000
vt 0.249299 0.493024 0.000000
vt 0.255410 0.502154 0.000000
vt 0.263187 0.500265 0.000000
vt 0.240113 0.483788 0.000000
vt 0.257641 0.510029 0.000000
vt 0.266431 0.508363 0.000000
vt 0.274241 0.505961 0.000000
vt 0.267173 0.518971 0.000000
vt 0.277138 0.517449 0.000000
vt 0.257224 0.518567 0.000000
vt 0.254420 0.527188 0.000000
vt 0.249681 0.534650 0.000000
vt 0.245197 0.515852 0.000000
vt 0.242532 0.522144 0.000000
vt 0.239003 0.528385 0.000000
vt 0.234233 0.535180 0.000000
vt 0.243287 0.542061 0.000000
vt 0.226354 0.515514 0.000000
vt 0.223254 0.520805 0.000000
vt 0.220641 0.526806 0.000000
vt 0.216963 0.534422 0.000000
vt 0.228299 0.542571 0.000000
vt 0.202916 0.512951 0.000000
vt 0.200151 0.519395 0.000000
vt 0.198822 0.527169 0.000000
vt 0.197426 0.536195 0.000000
vt 0.212277 0.542890 0.000000
vt 0.175437 0.533922 0.000000
vt 0.175750 0.544137 0.000000
vt 0.193002 0.546333 0.000000
vt 0.152537 0.537183 0.000000
vt 0.157809 0.548054 0.000000
vt 0.163738 0.558152 0.000000
vt 0.133617 0.546020 0.000000
vt 0.121488 0.558225 0.000000
vt 0.114473 0.570496 0.000000
vt 0.110455 0.582885 0.000000
vt 0.127580 0.591151 0.000000
vt 0.127803 0.601673 0.000000
vt 0.137404 0.594577 0.000000
vt 0.108390 0.596749 0.000000
vt 0.083438 0.586579 0.000000
vt 0.082113 0.606289 0.000000
vt 0.083222 0.626597 0.000000
vt 0.057010 0.579852 0.000000
vt 0.055231 0.605443 0.000000
vt 0.055130 0.630715 0.000000
vt 0.056949 0.654023 0.000000
vt 0.084866 0.648320 0.000000
vt 0.027932 0.607409 0.000000
vt 0.027586 0.635085 0.000000
vt 0.027899 0.657164 0.000000
vt 0.000167 0.638381 0.000000
vt 0.000167 0.659171 0.000000
vt 0.000167 0.675912 0.000000
vt 0.000167 0.691198 0.000000
vt 0.254507 0.001846 0.000000
vt 0.245855 0.001570 0.000000
vt 0.247261 0.015712 0.000000
vt 0.255037 0.016284 0.000000
vt 0.262195 0.016095 0.000000
vt 0.262225 0.001738 0.000000
vt 0.268936 0.000956 0.000000
vt 0.255930 0.031645 0.000000
vt 0.263415 0.030308 0.000000
vt 0.256931 0.045031 0.000000
vt 0.266953 0.043054 0.000000
vt 0.259736 0.055938 0.000000
vt 0.270988 0.051558 0.000000
vt 0.281079 0.042582 0.000000
vt 0.287063 0.025435 0.000000
vt 0.293503 0.007661 0.000000
vt 0.287347 0.010184 0.000000
vt 0.010445 0.850409 0.000000
vt 0.021206 0.846746 0.000000
vt 0.022675 0.822521 0.000000
vt 0.011341 0.827232 0.000000
vt 0.000167 0.829960 0.000000
vt 0.000167 0.853798 0.000000
vt 0.000167 0.728069 0.000000
vt 0.001550 0.717240 0.000000
vt 0.281265 0.000500 0.000000
vt 0.275384 0.000500 0.000000
vt 0.001512 0.704702 0.000000
vt 0.035122 0.815738 0.000000
vt 0.031990 0.842677 0.000000
vt 0.042816 0.839704 0.000000
vt 0.046936 0.808831 0.000000
vt 0.299429 0.004238 0.000000
vt 0.306416 0.019278 0.000000
vt 0.305077 0.000500 0.000000
vt 0.024323 0.879489 0.000000
vt 0.037853 0.877506 0.000000
vt 0.054473 0.837626 0.000000
vt 0.003827 0.927217 0.000000
vt 0.023689 0.921949 0.000000
vt 0.043410 0.915153 0.000000
vt 0.054492 0.877168 0.000000
vt 0.078280 0.876754 0.000000
vt 0.089947 0.843248 0.000000
vt 0.069081 0.838614 0.000000
vt 0.070620 0.910477 0.000000
vt 0.068330 0.940836 0.000000
vt 0.059968 0.971673 0.000000
vt 0.089392 0.971988 0.000000
vt 0.046896 0.999833 0.000000
vt 0.077594 0.999833 0.000000
vt 0.359912 0.079703 0.000000
vt 0.343572 0.077190 0.000000
vt 0.372144 0.096517 0.000000
vt 0.378365 0.083227 0.000000
vt 0.366987 0.110302 0.000000
vt 0.363779 0.124964 0.000000
vt 0.345402 0.142642 0.000000
vt 0.362020 0.141679 0.000000
vt 0.379599 0.140594 0.000000
vt 0.395859 0.136924 0.000000
vt 0.361743 0.159758 0.000000
vt 0.380038 0.156711 0.000000
vt 0.397671 0.153245 0.000000
vt 0.413759 0.149024 0.000000
vt 0.410648 0.130918 0.000000
vt 0.379781 0.173838 0.000000
vt 0.398235 0.171377 0.000000
vt 0.379954 0.190677 0.000000
vt 0.362160 0.178546 0.000000
vt 0.363471 0.196496 0.000000
vt 0.366027 0.211926 0.000000
vt 0.382372 0.205594 0.000000
vt 0.369412 0.226295 0.000000
vt 0.385678 0.218975 0.000000
vt 0.402249 0.214821 0.000000
vt 0.419988 0.215748 0.000000
vt 0.665202 0.748969 0.000000
vt 0.700743 0.728805 0.000000
vt 0.684483 0.714197 0.000000
vt 0.655492 0.730170 0.000000
vt 0.623429 0.737465 0.000000
vt 0.625914 0.754023 0.000000
vt 0.599741 0.734339 0.000000
vt 0.598445 0.750213 0.000000
vt 0.643564 0.713622 0.000000
vt 0.617539 0.718395 0.000000
vt 0.595668 0.718748 0.000000
vt 0.582290 0.718984 0.000000
vt 0.586074 0.731787 0.000000
vt 0.609447 0.700481 0.000000
vt 0.589523 0.703475 0.000000
vt 0.575011 0.705896 0.000000
vt 0.562870 0.709556 0.000000
vt 0.571102 0.719721 0.000000
vt 0.583332 0.686672 0.000000
vt 0.567289 0.691122 0.000000
vt 0.554140 0.695864 0.000000
vt 0.554338 0.712394 0.000000
vt 0.560822 0.672608 0.000000
vt 0.546455 0.679324 0.000000
vt 0.553870 0.652416 0.000000
vt 0.539244 0.660588 0.000000
vt 0.545842 0.636068 0.000000
vt 0.530985 0.644682 0.000000
vt 0.519147 0.652712 0.000000
vt 0.508747 0.660000 0.000000
vt 0.523270 0.632625 0.000000
vt 0.510798 0.641647 0.000000
vt 0.501291 0.650110 0.000000
vt 0.492206 0.656019 0.000000
vt 0.497731 0.666934 0.000000
vt 0.495683 0.643737 0.000000
vt 0.486430 0.671263 0.000000
vt 0.491084 0.685630 0.000000
vt 0.473768 0.676135 0.000000
vt 0.477636 0.690931 0.000000
vt 0.482715 0.707078 0.000000
vt 0.495879 0.701063 0.000000
vt 0.488185 0.722061 0.000000
vt 0.500315 0.714569 0.000000
vt 0.513506 0.716279 0.000000
vt 0.468614 0.713359 0.000000
vt 0.474250 0.730066 0.000000
vt 0.477405 0.746233 0.000000
vt 0.456684 0.737394 0.000000
vt 0.459029 0.754303 0.000000
vt 0.461628 0.770875 0.000000
vt 0.438383 0.761433 0.000000
vt 0.439458 0.779310 0.000000
vt 0.442078 0.797206 0.000000
vt 0.416308 0.786020 0.000000
vt 0.417969 0.807507 0.000000
vt 0.423479 0.829426 0.000000
vt 0.449280 0.814870 0.000000
vt 0.392440 0.815900 0.000000
vt 0.393085 0.842071 0.000000
vt 0.484306 0.140496 0.000000
vt 0.485007 0.122213 0.000000
vt 0.469609 0.126284 0.000000
vt 0.471051 0.147290 0.000000
vt 0.455872 0.132502 0.000000
vt 0.457725 0.155253 0.000000
vt 0.441847 0.139197 0.000000
vt 0.443723 0.162059 0.000000
vt 0.446685 0.179893 0.000000
vt 0.451047 0.192962 0.000000
vt 0.547782 0.790303 0.000000
vt 0.566750 0.783548 0.000000
vt 0.556681 0.767480 0.000000
vt 0.544344 0.771103 0.000000
vt 0.554775 0.757775 0.000000
vt 0.543756 0.760136 0.000000
vt 0.554619 0.749557 0.000000
vt 0.545804 0.750187 0.000000
vt 0.555637 0.742733 0.000000
vt 0.549364 0.742323 0.000000
vt 0.540315 0.739954 0.000000
vt 0.553563 0.735905 0.000000
vt 0.546443 0.732360 0.000000
vt 0.537490 0.727253 0.000000
vt 0.530927 0.735630 0.000000
vt 0.528083 0.721907 0.000000
vt 0.542563 0.720838 0.000000
vt 0.520054 0.717118 0.000000
vt 0.551489 0.728218 0.000000
vt 0.557152 0.724135 0.000000
vt 0.547871 0.716210 0.000000
vt 0.563181 0.721399 0.000000
vt 0.562834 0.730567 0.000000
vt 0.568255 0.729708 0.000000
vt 0.576391 0.729733 0.000000
vt 0.569144 0.736913 0.000000
vt 0.575521 0.739377 0.000000
vt 0.584537 0.744899 0.000000
vt 0.570671 0.748897 0.000000
vt 0.575882 0.761853 0.000000
vt 0.590134 0.766565 0.000000
vt 0.563530 0.754311 0.000000
vt 0.567705 0.764547 0.000000
vt 0.579513 0.776963 0.000000
vt 0.566372 0.743391 0.000000
vt 0.561149 0.747551 0.000000
vt 0.565610 0.735793 0.000000
vt 0.557670 0.732537 0.000000
vt 0.427490 0.144466 0.000000
vt 0.437939 0.116956 0.000000
vt 0.424406 0.124503 0.000000
vt 0.429928 0.100923 0.000000
vt 0.417843 0.109787 0.000000
vt 0.444547 0.089877 0.000000
vt 0.452029 0.107539 0.000000
vt 0.467912 0.101098 0.000000
vt 0.485007 0.099112 0.000000
vt 0.356374 0.853230 0.000000
vt 0.364784 0.820445 0.000000
vt 0.341618 0.821244 0.000000
vt 0.321410 0.856980 0.000000
vt 0.354256 0.791835 0.000000
vt 0.339567 0.791007 0.000000
vt 0.322440 0.820088 0.000000
vt 0.372479 0.792534 0.000000
vt 0.393677 0.790317 0.000000
vt 0.396758 0.768368 0.000000
vt 0.399823 0.748570 0.000000
vt 0.416392 0.766287 0.000000
vt 0.417462 0.747415 0.000000
vt 0.418852 0.729416 0.000000
vt 0.403090 0.731806 0.000000
vt 0.437529 0.743108 0.000000
vt 0.435592 0.725236 0.000000
vt 0.431033 0.707718 0.000000
vt 0.417083 0.712300 0.000000
vt 0.452170 0.719606 0.000000
vt 0.446798 0.702680 0.000000
vt 0.463120 0.696713 0.000000
vt 0.458093 0.682064 0.000000
vt 0.453428 0.669706 0.000000
vt 0.447680 0.658557 0.000000
vt 0.428106 0.651414 0.000000
vt 0.416839 0.654389 0.000000
vt 0.421048 0.640627 0.000000
vt 0.412461 0.644832 0.000000
vt 0.404366 0.648256 0.000000
vt 0.406358 0.656064 0.000000
vt 0.411728 0.631732 0.000000
vt 0.405943 0.636175 0.000000
vt 0.400211 0.640517 0.000000
vt 0.393881 0.644668 0.000000
vt 0.396495 0.651452 0.000000
vt 0.396560 0.628812 0.000000
vt 0.400131 0.624534 0.000000
vt 0.387387 0.619002 0.000000
vt 0.385387 0.624050 0.000000
vt 0.376071 0.615707 0.000000
vt 0.375051 0.622196 0.000000
vt 0.366614 0.614800 0.000000
vt 0.366713 0.623266 0.000000
vt 0.368873 0.629738 0.000000
vt 0.373763 0.636528 0.000000
vt 0.359474 0.625472 0.000000
vt 0.363545 0.632777 0.000000
vt 0.370038 0.638929 0.000000
vt 0.366356 0.641922 0.000000
vt 0.373104 0.647548 0.000000
vt 0.376536 0.645158 0.000000
vt 0.380076 0.642905 0.000000
vt 0.358717 0.636202 0.000000
vt 0.354426 0.639197 0.000000
vt 0.362647 0.644758 0.000000
vt 0.358702 0.647900 0.000000
vt 0.366098 0.652970 0.000000
vt 0.369640 0.650222 0.000000
vt 0.349912 0.642533 0.000000
vt 0.345269 0.647439 0.000000
vt 0.354352 0.651514 0.000000
vt 0.335844 0.644819 0.000000
vt 0.332051 0.654194 0.000000
vt 0.340505 0.654522 0.000000
vt 0.327543 0.644334 0.000000
vt 0.324901 0.654579 0.000000
vt 0.318932 0.645223 0.000000
vt 0.317985 0.655637 0.000000
vt 0.316421 0.665138 0.000000
vt 0.322858 0.664473 0.000000
vt 0.328954 0.664049 0.000000
vt 0.320781 0.673201 0.000000
vt 0.326306 0.674095 0.000000
vt 0.318258 0.679755 0.000000
vt 0.322472 0.681580 0.000000
vt 0.319087 0.685882 0.000000
vt 0.322410 0.689881 0.000000
vt 0.316184 0.683264 0.000000
vt 0.314377 0.685414 0.000000
vt 0.315826 0.688038 0.000000
vt 0.313872 0.679130 0.000000
vt 0.312937 0.682258 0.000000
vt 0.312549 0.684006 0.000000
vt 0.309949 0.679995 0.000000
vt 0.310255 0.683290 0.000000
vt 0.310993 0.685465 0.000000
vt 0.306018 0.682082 0.000000
vt 0.307409 0.685722 0.000000
vt 0.309072 0.688042 0.000000
vt 0.304205 0.689650 0.000000
vt 0.307430 0.692375 0.000000
vt 0.312296 0.693676 0.000000
vt 0.312157 0.688996 0.000000
vt 0.312407 0.686741 0.000000
vt 0.317601 0.692805 0.000000
vt 0.312412 0.700179 0.000000
vt 0.305817 0.698454 0.000000
vt 0.303725 0.705751 0.000000
vt 0.311684 0.707953 0.000000
vt 0.300338 0.714210 0.000000
vt 0.309268 0.717211 0.000000
vt 0.296100 0.722186 0.000000
vt 0.305658 0.726745 0.000000
vt 0.314519 0.730188 0.000000
vt 0.298851 0.736649 0.000000
vt 0.307787 0.741004 0.000000
vt 0.317604 0.744253 0.000000
vt 0.324660 0.733271 0.000000
vt 0.328227 0.746290 0.000000
vt 0.334423 0.735702 0.000000
vt 0.352016 0.727852 0.000000
vt 0.356474 0.718654 0.000000
vt 0.360876 0.709293 0.000000
vt 0.372927 0.713419 0.000000
vt 0.375310 0.702919 0.000000
vt 0.364644 0.700471 0.000000
vt 0.383556 0.715878 0.000000
vt 0.384952 0.703768 0.000000
vt 0.384730 0.692931 0.000000
vt 0.376570 0.693509 0.000000
vt 0.393267 0.716569 0.000000
vt 0.393328 0.703303 0.000000
vt 0.391757 0.692064 0.000000
vt 0.388003 0.682183 0.000000
vt 0.383052 0.684209 0.000000
vt 0.402554 0.701578 0.000000
vt 0.399112 0.689977 0.000000
vt 0.392533 0.680043 0.000000
vt 0.388044 0.673948 0.000000
vt 0.384488 0.676172 0.000000
vt 0.391454 0.671422 0.000000
vt 0.387454 0.668014 0.000000
vt 0.384910 0.670100 0.000000
vt 0.394654 0.667862 0.000000
vt 0.397103 0.663095 0.000000
vt 0.397644 0.657483 0.000000
vt 0.390695 0.653481 0.000000
vt 0.386305 0.655226 0.000000
vt 0.388444 0.647659 0.000000
vt 0.384153 0.649720 0.000000
vt 0.380495 0.651710 0.000000
vt 0.382881 0.656684 0.000000
vt 0.380010 0.658342 0.000000
vt 0.382284 0.661968 0.000000
vt 0.377297 0.653540 0.000000
vt 0.374278 0.655551 0.000000
vt 0.377370 0.659912 0.000000
vt 0.374906 0.661465 0.000000
vt 0.377677 0.665079 0.000000
vt 0.379947 0.663481 0.000000
vt 0.371163 0.657692 0.000000
vt 0.368184 0.660298 0.000000
vt 0.372366 0.663851 0.000000
vt 0.362212 0.655983 0.000000
vt 0.358219 0.660000 0.000000
vt 0.365130 0.663273 0.000000
vt 0.349311 0.656514 0.000000
vt 0.362095 0.667326 0.000000
vt 0.367697 0.669235 0.000000
vt 0.369987 0.666324 0.000000
vt 0.375351 0.666888 0.000000
vt 0.377663 0.670005 0.000000
vt 0.380034 0.668457 0.000000
vt 0.379435 0.673488 0.000000
vt 0.382226 0.671972 0.000000
vt 0.382421 0.666715 0.000000
vt 0.384495 0.665089 0.000000
vt 0.380875 0.678172 0.000000
vt 0.376686 0.679302 0.000000
vt 0.377013 0.685944 0.000000
vt 0.372188 0.679267 0.000000
vt 0.370261 0.685459 0.000000
vt 0.367566 0.692593 0.000000
vt 0.359091 0.688529 0.000000
vt 0.353571 0.695703 0.000000
vt 0.403724 0.715440 0.000000
vt 0.290153 0.748060 0.000000
vt 0.279681 0.761535 0.000000
vt 0.290519 0.730400 0.000000
vt 0.281756 0.721495 0.000000
vt 0.287532 0.715877 0.000000
vt 0.282025 0.708240 0.000000
vt 0.276070 0.712043 0.000000
vt 0.292855 0.709430 0.000000
vt 0.287559 0.703670 0.000000
vt 0.283536 0.697393 0.000000
vt 0.278818 0.700789 0.000000
vt 0.297371 0.702044 0.000000
vt 0.292802 0.697713 0.000000
vt 0.288961 0.692616 0.000000
vt 0.285846 0.686258 0.000000
vt 0.280720 0.690513 0.000000
vt 0.297099 0.691201 0.000000
vt 0.294386 0.686422 0.000000
vt 0.292163 0.680758 0.000000
vt 0.289254 0.674816 0.000000
vt 0.283406 0.680739 0.000000
vt 0.299830 0.680939 0.000000
vt 0.298158 0.674708 0.000000
vt 0.296215 0.667789 0.000000
vt 0.292721 0.661078 0.000000
vt 0.285890 0.669748 0.000000
vt 0.304251 0.670124 0.000000
vt 0.303133 0.662002 0.000000
vt 0.301009 0.653485 0.000000
vt 0.288462 0.655924 0.000000
vt 0.310576 0.658056 0.000000
vt 0.310381 0.648245 0.000000
vt 0.310096 0.667118 0.000000
vt 0.304900 0.676908 0.000000
vt 0.309828 0.674412 0.000000
vt 0.314865 0.673116 0.000000
vt 0.301716 0.685887 0.000000
vt 0.300905 0.695197 0.000000
vt 0.283313 0.652156 0.000000
vt 0.277266 0.662660 0.000000
vt 0.281824 0.665628 0.000000
vt 0.273048 0.670754 0.000000
vt 0.276960 0.673099 0.000000
vt 0.280665 0.676319 0.000000
vt 0.273612 0.678395 0.000000
vt 0.276412 0.681286 0.000000
vt 0.278937 0.685175 0.000000
vt 0.273414 0.684518 0.000000
vt 0.275123 0.688009 0.000000
vt 0.276909 0.693459 0.000000
vt 0.272113 0.689862 0.000000
vt 0.273420 0.695014 0.000000
vt 0.274311 0.703158 0.000000
vt 0.270365 0.695799 0.000000
vt 0.269875 0.703908 0.000000
vt 0.267391 0.696297 0.000000
vt 0.266737 0.704155 0.000000
vt 0.264579 0.696644 0.000000
vt 0.263413 0.704109 0.000000
vt 0.261753 0.696708 0.000000
vt 0.260197 0.703821 0.000000
vt 0.256270 0.715265 0.000000
vt 0.256270 0.702882 0.000000
vt 0.251130 0.711752 0.000000
vt 0.240835 0.721111 0.000000
vt 0.247949 0.726711 0.000000
vt 0.245027 0.706659 0.000000
vt 0.234429 0.713653 0.000000
vt 0.239217 0.699536 0.000000
vt 0.228741 0.703798 0.000000
vt 0.215909 0.707773 0.000000
vt 0.224573 0.691523 0.000000
vt 0.202516 0.710575 0.000000
vt 0.188995 0.711661 0.000000
vt 0.172692 0.698810 0.000000
vt 0.169552 0.684433 0.000000
vt 0.155207 0.689322 0.000000
vt 0.159472 0.702907 0.000000
vt 0.140232 0.694836 0.000000
vt 0.145692 0.708365 0.000000
vt 0.121717 0.702138 0.000000
vt 0.128766 0.716550 0.000000
vt 0.135754 0.728771 0.000000
vt 0.142360 0.739307 0.000000
vt 0.105602 0.725500 0.000000
vt 0.082156 0.735584 0.000000
vt 0.065029 0.745201 0.000000
vt 0.152988 0.748270 0.000000
vt 0.132430 0.765494 0.000000
vt 0.149219 0.775577 0.000000
vt 0.110626 0.785932 0.000000
vt 0.131874 0.797540 0.000000
vt 0.098093 0.811947 0.000000
vt 0.123141 0.823450 0.000000
vt 0.117209 0.852792 0.000000
vt 0.150021 0.853501 0.000000
vt 0.181908 0.843179 0.000000
vt 0.214493 0.835384 0.000000
vt 0.202882 0.823023 0.000000
vt 0.229056 0.811879 0.000000
vt 0.216909 0.801389 0.000000
vt 0.205203 0.789708 0.000000
vt 0.230701 0.779770 0.000000
vt 0.219938 0.769155 0.000000
vt 0.242119 0.789035 0.000000
vt 0.241860 0.820473 0.000000
vt 0.254265 0.798355 0.000000
vt 0.268013 0.777128 0.000000
vt 0.266923 0.806538 0.000000
vt 0.254889 0.826401 0.000000
vt 0.277232 0.811918 0.000000
vt 0.287276 0.821084 0.000000
vt 0.312476 0.811856 0.000000
vt 0.328244 0.788060 0.000000
vt 0.337613 0.769163 0.000000
vt 0.226632 0.843145 0.000000
vt 0.136320 0.679278 0.000000
vt 0.115752 0.685378 0.000000
vt 0.135049 0.662735 0.000000
vt 0.112945 0.666775 0.000000
vt 0.152460 0.674357 0.000000
vt 0.151676 0.659509 0.000000
vt 0.166870 0.669903 0.000000
vt 0.165732 0.656890 0.000000
vt 0.165099 0.644466 0.000000
vt 0.178670 0.653315 0.000000
vt 0.177241 0.642572 0.000000
vt 0.176935 0.632755 0.000000
vt 0.166031 0.633000 0.000000
vt 0.177579 0.623306 0.000000
vt 0.168289 0.622433 0.000000
vt 0.179214 0.614067 0.000000
vt 0.171530 0.612565 0.000000
vt 0.164209 0.609843 0.000000
vt 0.158122 0.605890 0.000000
vt 0.174489 0.604921 0.000000
vt 0.168855 0.602301 0.000000
vt 0.164137 0.598776 0.000000
vt 0.173138 0.596781 0.000000
vt 0.169725 0.593718 0.000000
vt 0.166489 0.589867 0.000000
vt 0.173869 0.590010 0.000000
vt 0.171914 0.586607 0.000000
vt 0.178037 0.587303 0.000000
vt 0.176447 0.584231 0.000000
vt 0.182118 0.585345 0.000000
vt 0.180584 0.582069 0.000000
vt 0.178476 0.578254 0.000000
vt 0.185265 0.579860 0.000000
vt 0.183092 0.575701 0.000000
vt 0.175165 0.573718 0.000000
vt 0.169978 0.567169 0.000000
vt 0.191502 0.576998 0.000000
vt 0.189073 0.572433 0.000000
vt 0.199879 0.572616 0.000000
vt 0.197259 0.567221 0.000000
vt 0.211007 0.566248 0.000000
vt 0.208258 0.559935 0.000000
vt 0.203731 0.552858 0.000000
vt 0.220435 0.551029 0.000000
vt 0.224007 0.557951 0.000000
vt 0.234701 0.549828 0.000000
vt 0.225872 0.564988 0.000000
vt 0.238698 0.557595 0.000000
vt 0.226945 0.572000 0.000000
vt 0.240480 0.565551 0.000000
vt 0.228003 0.579258 0.000000
vt 0.240996 0.574225 0.000000
vt 0.215897 0.584007 0.000000
vt 0.216760 0.590012 0.000000
vt 0.214796 0.578107 0.000000
vt 0.203400 0.582882 0.000000
vt 0.204759 0.588108 0.000000
vt 0.213006 0.572045 0.000000
vt 0.202017 0.577834 0.000000
vt 0.193158 0.581465 0.000000
vt 0.194674 0.585921 0.000000
vt 0.188059 0.587449 0.000000
vt 0.188716 0.591412 0.000000
vt 0.195500 0.590432 0.000000
vt 0.186714 0.583590 0.000000
vt 0.188909 0.595725 0.000000
vt 0.195878 0.595086 0.000000
vt 0.205842 0.593448 0.000000
vt 0.196002 0.600008 0.000000
vt 0.205877 0.598699 0.000000
vt 0.217002 0.597199 0.000000
vt 0.188517 0.600707 0.000000
vt 0.188111 0.606790 0.000000
vt 0.180971 0.606275 0.000000
vt 0.187291 0.614303 0.000000
vt 0.182603 0.600468 0.000000
vt 0.177317 0.599057 0.000000
vt 0.187219 0.622594 0.000000
vt 0.187962 0.630656 0.000000
vt 0.199145 0.626853 0.000000
vt 0.188986 0.639082 0.000000
vt 0.201600 0.633252 0.000000
vt 0.214188 0.624414 0.000000
vt 0.210639 0.619310 0.000000
vt 0.204194 0.639452 0.000000
vt 0.217535 0.629482 0.000000
vt 0.221238 0.634742 0.000000
vt 0.235620 0.624305 0.000000
vt 0.225736 0.639701 0.000000
vt 0.240260 0.630478 0.000000
vt 0.255344 0.624248 0.000000
vt 0.250985 0.615476 0.000000
vt 0.269969 0.621696 0.000000
vt 0.266960 0.610466 0.000000
vt 0.279908 0.596857 0.000000
vt 0.298945 0.596307 0.000000
vt 0.296312 0.583549 0.000000
vt 0.277101 0.585385 0.000000
vt 0.294147 0.571075 0.000000
vt 0.276138 0.573967 0.000000
vt 0.312779 0.582495 0.000000
vt 0.310305 0.569587 0.000000
vt 0.307797 0.556489 0.000000
vt 0.325780 0.568690 0.000000
vt 0.323557 0.555757 0.000000
vt 0.320849 0.541286 0.000000
vt 0.304422 0.541692 0.000000
vt 0.339985 0.555442 0.000000
vt 0.337928 0.542406 0.000000
vt 0.359106 0.555114 0.000000
vt 0.357137 0.543530 0.000000
vt 0.341652 0.567669 0.000000
vt 0.359361 0.566080 0.000000
vt 0.328085 0.581494 0.000000
vt 0.315825 0.596364 0.000000
vt 0.331345 0.595439 0.000000
vt 0.259134 0.634038 0.000000
vt 0.271297 0.633774 0.000000
vt 0.261022 0.645073 0.000000
vt 0.269913 0.646250 0.000000
vt 0.277469 0.648641 0.000000
vt 0.267017 0.658230 0.000000
vt 0.272379 0.660170 0.000000
vt 0.264666 0.667707 0.000000
vt 0.268952 0.668968 0.000000
vt 0.263224 0.674062 0.000000
vt 0.266810 0.674971 0.000000
vt 0.270372 0.676330 0.000000
vt 0.265615 0.679182 0.000000
vt 0.268494 0.680169 0.000000
vt 0.271165 0.681863 0.000000
vt 0.264759 0.682448 0.000000
vt 0.262017 0.682106 0.000000
vt 0.261862 0.685388 0.000000
vt 0.264242 0.685551 0.000000
vt 0.262433 0.678468 0.000000
vt 0.259070 0.678165 0.000000
vt 0.258952 0.681920 0.000000
vt 0.259357 0.673504 0.000000
vt 0.259923 0.666837 0.000000
vt 0.260758 0.657081 0.000000
vt 0.253099 0.656996 0.000000
vt 0.244666 0.660216 0.000000
vt 0.250338 0.646204 0.000000
vt 0.238355 0.651407 0.000000
vt 0.229821 0.661349 0.000000
vt 0.237703 0.667955 0.000000
vt 0.245549 0.637525 0.000000
vt 0.231744 0.645049 0.000000
vt 0.234221 0.678945 0.000000
vt 0.242363 0.681311 0.000000
vt 0.224164 0.676373 0.000000
vt 0.234594 0.690716 0.000000
vt 0.246746 0.695398 0.000000
vt 0.243544 0.688831 0.000000
vt 0.250548 0.687003 0.000000
vt 0.249868 0.682136 0.000000
vt 0.255525 0.685903 0.000000
vt 0.255030 0.682071 0.000000
vt 0.259042 0.685501 0.000000
vt 0.261955 0.688570 0.000000
vt 0.262084 0.692043 0.000000
vt 0.264507 0.691979 0.000000
vt 0.264289 0.688508 0.000000
vt 0.266957 0.691675 0.000000
vt 0.269454 0.690952 0.000000
vt 0.251465 0.700175 0.000000
vt 0.191029 0.648162 0.000000
vt 0.357953 0.615972 0.000000
vt 0.378791 0.608987 0.000000
vt 0.390095 0.614288 0.000000
vt 0.393169 0.609047 0.000000
vt 0.383087 0.602880 0.000000
vt 0.397051 0.602995 0.000000
vt 0.388845 0.596700 0.000000
vt 0.402743 0.596393 0.000000
vt 0.397470 0.589790 0.000000
vt 0.394495 0.582998 0.000000
vt 0.409451 0.582717 0.000000
vt 0.408586 0.577088 0.000000
vt 0.408359 0.571716 0.000000
vt 0.393511 0.576173 0.000000
vt 0.408585 0.565875 0.000000
vt 0.394202 0.568944 0.000000
vt 0.421755 0.568073 0.000000
vt 0.422386 0.572521 0.000000
vt 0.432903 0.569785 0.000000
vt 0.423068 0.576924 0.000000
vt 0.433887 0.573358 0.000000
vt 0.440972 0.571769 0.000000
vt 0.435265 0.577142 0.000000
vt 0.442178 0.575138 0.000000
vt 0.447089 0.573961 0.000000
vt 0.448574 0.577825 0.000000
vt 0.450373 0.583571 0.000000
vt 0.456731 0.581276 0.000000
vt 0.460746 0.587812 0.000000
vt 0.451957 0.591873 0.000000
vt 0.453268 0.600440 0.000000
vt 0.464969 0.596963 0.000000
vt 0.440756 0.601754 0.000000
vt 0.440131 0.610221 0.000000
vt 0.454613 0.609686 0.000000
vt 0.427320 0.599894 0.000000
vt 0.424929 0.608215 0.000000
vt 0.417255 0.595223 0.000000
vt 0.412128 0.603451 0.000000
vt 0.409010 0.610385 0.000000
vt 0.406237 0.615829 0.000000
vt 0.403491 0.620220 0.000000
vt 0.411481 0.588701 0.000000
vt 0.424274 0.581630 0.000000
vt 0.469772 0.617211 0.000000
vt 0.467806 0.606964 0.000000
vt 0.481669 0.615136 0.000000
vt 0.479687 0.603376 0.000000
vt 0.471979 0.627769 0.000000
vt 0.537292 0.623660 0.000000
vt 0.563267 0.626061 0.000000
vt 0.553363 0.613250 0.000000
vt 0.543078 0.602217 0.000000
vt 0.572098 0.601700 0.000000
vt 0.558884 0.590518 0.000000
vt 0.544800 0.580164 0.000000
vt 0.531082 0.591988 0.000000
vt 0.529549 0.569951 0.000000
vt 0.519047 0.580407 0.000000
vt 0.513816 0.559881 0.000000
vt 0.506223 0.569295 0.000000
vt 0.499325 0.576443 0.000000
vt 0.495405 0.562032 0.000000
vt 0.489383 0.567757 0.000000
vt 0.486442 0.558664 0.000000
vt 0.483428 0.563144 0.000000
vt 0.540119 0.557355 0.000000
vt 0.520875 0.548944 0.000000
vt 0.551713 0.542374 0.000000
vt 0.530730 0.535396 0.000000
vt 0.564462 0.527563 0.000000
vt 0.541301 0.519567 0.000000
vt 0.520512 0.514240 0.000000
vt 0.527134 0.498711 0.000000
vt 0.509080 0.496033 0.000000
vt 0.503808 0.510368 0.000000
vt 0.492050 0.494064 0.000000
vt 0.487941 0.507400 0.000000
vt 0.469060 0.516532 0.000000
vt 0.452596 0.516445 0.000000
vt 0.451420 0.524219 0.000000
vt 0.465678 0.525950 0.000000
vt 0.450102 0.531073 0.000000
vt 0.462179 0.533653 0.000000
vt 0.458331 0.540118 0.000000
vt 0.454441 0.545958 0.000000
vt 0.451207 0.550412 0.000000
vt 0.442506 0.552253 0.000000
vt 0.448640 0.554129 0.000000
vt 0.452923 0.556341 0.000000
vt 0.513367 0.481867 0.000000
vt 0.496341 0.480486 0.000000
vt 0.531789 0.483012 0.000000
vt 0.534742 0.468752 0.000000
vt 0.559726 0.469370 0.000000
vt 0.560190 0.453585 0.000000
vt 0.534581 0.455193 0.000000
vt 0.556629 0.438133 0.000000
vt 0.530506 0.441644 0.000000
vt 0.548786 0.421852 0.000000
vt 0.523318 0.427720 0.000000
vt 0.539901 0.406100 0.000000
vt 0.516156 0.413374 0.000000
vt 0.509174 0.397925 0.000000
vt 0.488338 0.404707 0.000000
vt 0.502148 0.379776 0.000000
vt 0.480868 0.388533 0.000000
vt 0.457696 0.397165 0.000000
vt 0.465934 0.411175 0.000000
vt 0.472031 0.370559 0.000000
vt 0.447275 0.382679 0.000000
vt 0.465296 0.353124 0.000000
vt 0.497285 0.360201 0.000000
vt 0.493606 0.341787 0.000000
vt 0.485588 0.324824 0.000000
vt 0.523714 0.332438 0.000000
vt 0.518677 0.315067 0.000000
vt 0.511061 0.299760 0.000000
vt 0.475084 0.310201 0.000000
vt 0.500748 0.286733 0.000000
vt 0.465057 0.297772 0.000000
vt 0.491142 0.274561 0.000000
vt 0.458289 0.288067 0.000000
vt 0.482899 0.265216 0.000000
vt 0.451734 0.278010 0.000000
vt 0.557530 0.331326 0.000000
vt 0.588242 0.341933 0.000000
vt 0.615766 0.360234 0.000000
vt 0.591235 0.380253 0.000000
vt 0.565735 0.395510 0.000000
vt 0.665276 0.357681 0.000000
vt 0.686202 0.369952 0.000000
vt 0.712751 0.342237 0.000000
vt 0.685961 0.331166 0.000000
vt 0.693603 0.303413 0.000000
vt 0.715775 0.278718 0.000000
vt 0.686327 0.263283 0.000000
vt 0.742532 0.259200 0.000000
vt 0.709105 0.242906 0.000000
vt 0.676284 0.223898 0.000000
vt 0.284573 0.229888 0.000000
vt 0.292047 0.215833 0.000000
vt 0.645576 0.201676 0.000000
vt 0.296833 0.202033 0.000000
vt 0.314245 0.187218 0.000000
vt 0.298364 0.186786 0.000000
vt 0.281850 0.186484 0.000000
vt 0.297842 0.170290 0.000000
vt 0.280048 0.172657 0.000000
vt 0.263220 0.174068 0.000000
vt 0.266624 0.188371 0.000000
vt 0.248407 0.176459 0.000000
vt 0.252331 0.192040 0.000000
vt 0.235161 0.179624 0.000000
vt 0.239142 0.196724 0.000000
vt 0.243273 0.209401 0.000000
vt 0.225830 0.204364 0.000000
vt 0.230726 0.216429 0.000000
vt 0.211199 0.212219 0.000000
vt 0.213593 0.225694 0.000000
vt 0.215065 0.233442 0.000000
vt 0.216436 0.239385 0.000000
vt 0.516109 0.238598 0.000000
vt 0.476458 0.258471 0.000000
vt 0.195875 0.215294 0.000000
vt 0.209157 0.192037 0.000000
vt 0.196259 0.196634 0.000000
vt 0.181880 0.198597 0.000000
vt 0.181423 0.215310 0.000000
vt 0.192758 0.177463 0.000000
vt 0.179873 0.181748 0.000000
vt 0.188736 0.163004 0.000000
vt 0.176938 0.168573 0.000000
vt 0.162650 0.160120 0.000000
vt 0.159658 0.150049 0.000000
vt 0.150822 0.149997 0.000000
vt 0.150822 0.160169 0.000000
vt 0.138616 0.306841 0.000000
vt 0.114617 0.312671 0.000000
vt 0.113904 0.335250 0.000000
vt 0.138649 0.329510 0.000000
vt 0.111139 0.362092 0.000000
vt 0.137304 0.356177 0.000000
vt 0.114891 0.391167 0.000000
vt 0.139457 0.384481 0.000000
vt 0.123174 0.417139 0.000000
vt 0.094556 0.397558 0.000000
vt 0.102456 0.425098 0.000000
vt 0.077219 0.404112 0.000000
vt 0.088419 0.432746 0.000000
vt 0.062828 0.409272 0.000000
vt 0.073069 0.436582 0.000000
vt 0.060843 0.442733 0.000000
vt 0.047912 0.416682 0.000000
vt 0.032742 0.427281 0.000000
vt 0.048258 0.451863 0.000000
vt 0.054630 0.380766 0.000000
vt 0.040238 0.387920 0.000000
vt 0.042393 0.363886 0.000000
vt 0.057639 0.357663 0.000000
vt 0.068425 0.374073 0.000000
vt 0.071647 0.350232 0.000000
vt 0.087709 0.367904 0.000000
vt 0.090784 0.342394 0.000000
vt 0.033215 0.467131 0.000000
vt 0.063971 0.469031 0.000000
vt 0.016543 0.440188 0.000000
vt 0.161475 0.038341 0.000000
vt 0.173526 0.031577 0.000000
vt 0.169909 0.019257 0.000000
vt 0.155978 0.027086 0.000000
vt 0.185771 0.012792 0.000000
vt 0.182245 0.000500 0.000000
vt 0.165844 0.007898 0.000000
vt 0.150822 0.017944 0.000000
vt 0.188233 0.025539 0.000000
vt 0.205364 0.020285 0.000000
vt 0.202987 0.007522 0.000000
vt 0.190095 0.039358 0.000000
vt 0.206078 0.034218 0.000000
vt 0.222132 0.029672 0.000000
vt 0.222249 0.016324 0.000000
vt 0.191248 0.054625 0.000000
vt 0.205484 0.050372 0.000000
vt 0.220861 0.045884 0.000000
vt 0.234067 0.043957 0.000000
vt 0.235787 0.028296 0.000000
vt 0.205531 0.065339 0.000000
vt 0.220416 0.061163 0.000000
vt 0.234319 0.058884 0.000000
vt 0.247087 0.057934 0.000000
vt 0.245534 0.044758 0.000000
vt 0.222472 0.074193 0.000000
vt 0.235813 0.073042 0.000000
vt 0.250001 0.070201 0.000000
vt 0.263904 0.065986 0.000000
vt 0.240358 0.086242 0.000000
vt 0.254464 0.081811 0.000000
vt 0.269372 0.075351 0.000000
vt 0.261856 0.092124 0.000000
vt 0.276427 0.083197 0.000000
vt 0.270251 0.102459 0.000000
vt 0.285521 0.092393 0.000000
vt 0.300012 0.082770 0.000000
vt 0.312444 0.075187 0.000000
vt 0.321651 0.069383 0.000000
vt 0.330953 0.074863 0.000000
vt 0.278336 0.112055 0.000000
vt 0.256095 0.107930 0.000000
vt 0.263328 0.118328 0.000000
vt 0.270541 0.129514 0.000000
vt 0.286184 0.123518 0.000000
vt 0.275671 0.142571 0.000000
vt 0.292253 0.136987 0.000000
vt 0.278327 0.157400 0.000000
vt 0.296205 0.153283 0.000000
vt 0.312098 0.148799 0.000000
vt 0.328761 0.145111 0.000000
vt 0.313907 0.168088 0.000000
vt 0.329691 0.165447 0.000000
vt 0.345500 0.162613 0.000000
vt 0.329815 0.185913 0.000000
vt 0.345637 0.183109 0.000000
vt 0.260684 0.157557 0.000000
vt 0.248122 0.118804 0.000000
vt 0.242212 0.108893 0.000000
vt 0.225157 0.105404 0.000000
vt 0.229985 0.113740 0.000000
vt 0.211531 0.103057 0.000000
vt 0.214976 0.109651 0.000000
vt 0.202491 0.102375 0.000000
vt 0.205609 0.108193 0.000000
vt 0.207238 0.113493 0.000000
vt 0.197594 0.106827 0.000000
vt 0.199272 0.111824 0.000000
vt 0.005442 0.226134 0.000000
vt 0.006337 0.242411 0.000000
vt 0.016969 0.241509 0.000000
vt 0.016390 0.220768 0.000000
vt 0.009349 0.201676 0.000000
vt 0.000167 0.206264 0.000000
vt 0.029643 0.245730 0.000000
vt 0.032403 0.229505 0.000000
vt 0.032399 0.201676 0.000000
vt 0.045038 0.251770 0.000000
vt 0.050215 0.237012 0.000000
vt 0.057952 0.214192 0.000000
vt 0.204813 0.134732 0.000000
vt 0.200126 0.154999 0.000000
vt 0.211753 0.147111 0.000000
vt 0.204710 0.171026 0.000000
vt 0.217286 0.164281 0.000000
vt 0.221762 0.185379 0.000000
vt 0.024849 0.258712 0.000000
vt 0.038143 0.265440 0.000000
vt 0.018851 0.268872 0.000000
vt 0.027583 0.275817 0.000000
vt 0.036405 0.286330 0.000000
vt 0.022143 0.294805 0.000000
vt 0.030037 0.307551 0.000000
vt 0.015461 0.284083 0.000000
vt 0.005824 0.288634 0.000000
vt 0.011369 0.299719 0.000000
vt 0.010626 0.275445 0.000000
vt 0.001560 0.279261 0.000000
vt 0.184051 0.102451 0.000000
vt 0.188679 0.101790 0.000000
vt 0.184431 0.096823 0.000000
vt 0.179697 0.098235 0.000000
vt 0.008772 0.270572 0.000000
vt 0.000167 0.270469 0.000000
vt 0.187004 0.106258 0.000000
vt 0.191555 0.106389 0.000000
vt 0.194364 0.101780 0.000000
vt 0.189469 0.110006 0.000000
vt 0.192915 0.110500 0.000000
vt 0.004965 0.254759 0.000000
vt 0.002816 0.261367 0.000000
vt 0.010729 0.264561 0.000000
vt 0.014727 0.254884 0.000000
vt 0.197500 0.096030 0.000000
vt 0.189971 0.095986 0.000000
vt 0.190865 0.088469 0.000000
vt 0.183817 0.089423 0.000000
vt 0.178464 0.091032 0.000000
vt 0.176108 0.082406 0.000000
vt 0.170708 0.084840 0.000000
vt 0.166894 0.087928 0.000000
vt 0.174296 0.093325 0.000000
vt 0.158932 0.084191 0.000000
vt 0.016550 0.314657 0.000000
vt 0.184430 0.080450 0.000000
vt 0.195399 0.078723 0.000000
vt 0.192289 0.067861 0.000000
vt 0.200679 0.088216 0.000000
vt 0.212783 0.087783 0.000000
vt 0.207400 0.077402 0.000000
vt 0.206636 0.096273 0.000000
vt 0.219461 0.097503 0.000000
vt 0.235561 0.099303 0.000000
vt 0.227489 0.087540 0.000000
vt 0.248249 0.097552 0.000000
vt 0.246740 0.031048 0.000000
vt 0.236172 0.014505 0.000000
vt 0.235087 0.000500 0.000000
vt 0.220303 0.003742 0.000000
vt 0.000167 0.611007 0.000000
vt 0.028777 0.577904 0.000000
vt 0.000167 0.578823 0.000000
vt 0.000167 0.546311 0.000000
vt 0.730944 0.347964 0.000000
vt 0.700936 0.378235 0.000000
vt 0.711997 0.383580 0.000000
vt 0.681994 0.407600 0.000000
vt 0.693279 0.411417 0.000000
vt 0.722020 0.389021 0.000000
vt 0.664991 0.427339 0.000000
vt 0.677990 0.428343 0.000000
vt 0.703876 0.509389 0.000000
vt 0.693432 0.516710 0.000000
vt 0.703057 0.532751 0.000000
vt 0.713184 0.525983 0.000000
vt 0.696433 0.498698 0.000000
vt 0.686177 0.503629 0.000000
vt 0.681464 0.523254 0.000000
vt 0.670671 0.528527 0.000000
vt 0.692518 0.539997 0.000000
vt 0.706730 0.561653 0.000000
vt 0.718036 0.555761 0.000000
vt 0.714434 0.587184 0.000000
vt 0.728809 0.549839 0.000000
vt 0.688391 0.602961 0.000000
vt 0.706408 0.609340 0.000000
vt 0.688942 0.629260 0.000000
vt 0.674513 0.617606 0.000000
vt 0.655372 0.629127 0.000000
vt 0.667638 0.645555 0.000000
vt 0.670096 0.590395 0.000000
vt 0.659815 0.600110 0.000000
vt 0.646235 0.608772 0.000000
vt 0.628938 0.615861 0.000000
vt 0.635844 0.638671 0.000000
vt 0.644813 0.579582 0.000000
vt 0.634104 0.586880 0.000000
vt 0.619792 0.595031 0.000000
vt 0.602577 0.604176 0.000000
vt 0.610662 0.623413 0.000000
vt 0.618559 0.569101 0.000000
vt 0.605698 0.578897 0.000000
vt 0.590623 0.589278 0.000000
vt 0.583873 0.614673 0.000000
vt 0.590431 0.564270 0.000000
vt 0.576198 0.576695 0.000000
vt 0.573293 0.551927 0.000000
vt 0.559261 0.566356 0.000000
vt 0.603252 0.553294 0.000000
vt 0.586080 0.539534 0.000000
vt 0.615592 0.542650 0.000000
vt 0.630035 0.560389 0.000000
vt 0.640630 0.551291 0.000000
vt 0.626541 0.533514 0.000000
vt 0.650670 0.542818 0.000000
vt 0.637407 0.524759 0.000000
vt 0.661013 0.534683 0.000000
vt 0.654279 0.571643 0.000000
vt 0.571806 0.642965 0.000000
vt 0.591623 0.632926 0.000000
vt 0.578274 0.665379 0.000000
vt 0.596958 0.656915 0.000000
vt 0.617308 0.647403 0.000000
vt 0.602656 0.680426 0.000000
vt 0.623791 0.671153 0.000000
vt 0.645138 0.659797 0.000000
vt 0.633584 0.693343 0.000000
vt 0.656284 0.679899 0.000000
vt 0.681647 0.662140 0.000000
vt 0.669523 0.699307 0.000000
vt 0.696910 0.675467 0.000000
vt 0.713548 0.688288 0.000000
vt 0.730442 0.702437 0.000000
vt 0.763606 0.677447 0.000000
vt 0.432619 0.220248 0.000000
vt 0.207093 0.507539 0.000000
vt 0.187770 0.497748 0.000000
vt 0.212134 0.502536 0.000000
vt 0.195766 0.492022 0.000000
vt 0.181150 0.479515 0.000000
vt 0.168346 0.486231 0.000000
vt 0.169326 0.465581 0.000000
vt 0.193016 0.475231 0.000000
vt 0.185128 0.462054 0.000000
vt 0.203807 0.472485 0.000000
vt 0.199138 0.461049 0.000000
vt 0.203839 0.487286 0.000000
vt 0.211681 0.483357 0.000000
vt 0.219409 0.479906 0.000000
vt 0.217366 0.497977 0.000000
vt 0.229676 0.510575 0.000000
vt 0.233136 0.505756 0.000000
vt 0.246989 0.509353 0.000000
vt 0.798324 0.652628 0.000000
vt 0.798324 0.275342 0.000000
vt 0.150822 0.083038 0.000000
vt 0.724586 0.393594 0.000000
vt 0.724497 0.393472 0.000000
vt 0.724497 0.393720 0.000000
vt 0.724625 0.393716 0.000000
vt 0.724699 0.393595 0.000000
vt 0.724780 0.393317 0.000000
vt 0.724739 0.393690 0.000000
vt 0.372854 0.299004 0.000000
vt 0.372791 0.298951 0.000000
vt 0.372778 0.299107 0.000000
vt 0.372869 0.299107 0.000000
vt 0.372921 0.298998 0.000000
vt 0.372907 0.298881 0.000000
vt 0.372982 0.299107 0.000000
vt 0.724773 0.393615 0.000000
vt 0.724798 0.393669 0.000000
vt 0.724830 0.393581 0.000000
vt 0.724868 0.393633 0.000000
vt 0.725060 0.393455 0.000000
vt 0.373022 0.298881 0.000000
vt 0.372989 0.298995 0.000000
vt 0.724559 0.393880 0.000000
vt 0.724730 0.393842 0.000000
vt 0.373076 0.299052 0.000000
vt 0.373155 0.298926 0.000000
vt 0.724803 0.393743 0.000000
vt 0.724963 0.393864 0.000000
vt 0.724848 0.393729 0.000000
vt 0.724886 0.393697 0.000000
vt 0.725060 0.393698 0.000000
vt 0.746380 0.480342 0.000000
vt 0.749277 0.474870 0.000000
vt 0.739010 0.475135 0.000000
vt 0.739597 0.482279 0.000000
vt 0.749554 0.484086 0.000000
vt 0.757871 0.479174 0.000000
vt 0.741325 0.486247 0.000000
vt 0.730452 0.486743 0.000000
vt 0.737984 0.492066 0.000000
vt 0.751894 0.491423 0.000000
vt 0.515780 0.175014 0.000000
vt 0.504360 0.178031 0.000000
vt 0.512170 0.201464 0.000000
vt 0.525469 0.182883 0.000000
vt 0.530018 0.170416 0.000000
vt 0.518348 0.165713 0.000000
vt 0.507608 0.161124 0.000000
vt 0.562651 0.155701 0.000000
vt 0.568716 0.159969 0.000000
vt 0.572926 0.149715 0.000000
vt 0.564024 0.147032 0.000000
vt 0.555730 0.145611 0.000000
vt 0.556560 0.155659 0.000000
vt 0.559826 0.164374 0.000000
vt 0.578188 0.127894 0.000000
vt 0.588726 0.124145 0.000000
vt 0.583022 0.114697 0.000000
vt 0.574397 0.123093 0.000000
vt 0.573340 0.130998 0.000000
vt 0.581784 0.133570 0.000000
vt 0.592821 0.133592 0.000000
vt 0.519210 0.118128 0.000000
vt 0.509608 0.113112 0.000000
vt 0.507039 0.127486 0.000000
vt 0.520052 0.126095 0.000000
vt 0.530434 0.124159 0.000000
vt 0.527485 0.114447 0.000000
vt 0.520260 0.100560 0.000000
vt 0.525757 0.151459 0.000000
vt 0.523567 0.144797 0.000000
vt 0.515707 0.150299 0.000000
vt 0.522799 0.156909 0.000000
vt 0.532287 0.151930 0.000000
vt 0.531864 0.142671 0.000000
vt 0.531633 0.160858 0.000000
vt 0.743288 0.414361 0.000000
vt 0.741438 0.423210 0.000000
vt 0.753676 0.424180 0.000000
vt 0.751347 0.411738 0.000000
vt 0.736150 0.408171 0.000000
vt 0.728344 0.420327 0.000000
vt 0.745548 0.400369 0.000000
vt 0.486008 0.128566 0.000000
vt 0.491500 0.104273 0.000000
vt 0.762329 0.407401 0.000000
vt 0.755292 0.394881 0.000000
vt 0.492758 0.151897 0.000000
vt 0.508844 0.140673 0.000000
vt 0.521557 0.135693 0.000000
vt 0.531262 0.133749 0.000000
vt 0.539915 0.133564 0.000000
vt 0.539662 0.123341 0.000000
vt 0.539752 0.142773 0.000000
vt 0.547635 0.144184 0.000000
vt 0.547750 0.134804 0.000000
vt 0.540318 0.152423 0.000000
vt 0.548500 0.154102 0.000000
vt 0.541107 0.162560 0.000000
vt 0.550734 0.164091 0.000000
vt 0.541725 0.173455 0.000000
vt 0.554571 0.174821 0.000000
vt 0.565784 0.173267 0.000000
vt 0.576716 0.165191 0.000000
vt 0.559422 0.189966 0.000000
vt 0.574597 0.184900 0.000000
vt 0.586926 0.173911 0.000000
vt 0.592783 0.159433 0.000000
vt 0.582232 0.153791 0.000000
vt 0.588321 0.202030 0.000000
vt 0.599602 0.185536 0.000000
vt 0.606534 0.167269 0.000000
vt 0.606534 0.150472 0.000000
vt 0.593947 0.145613 0.000000
vt 0.764976 0.486896 0.000000
vt 0.774280 0.477617 0.000000
vt 0.763131 0.471480 0.000000
vt 0.778715 0.465649 0.000000
vt 0.765226 0.461127 0.000000
vt 0.752478 0.458378 0.000000
vt 0.751258 0.467323 0.000000
vt 0.739433 0.457965 0.000000
vt 0.739187 0.467051 0.000000
vt 0.724497 0.460427 0.000000
vt 0.726012 0.469641 0.000000
vt 0.727892 0.478502 0.000000
vt 0.596706 0.105771 0.000000
vt 0.585339 0.092327 0.000000
vt 0.573873 0.105933 0.000000
vt 0.602448 0.120418 0.000000
vt 0.572161 0.080155 0.000000
vt 0.563230 0.099567 0.000000
vt 0.558475 0.114325 0.000000
vt 0.567119 0.118296 0.000000
vt 0.556471 0.126151 0.000000
vt 0.564832 0.128696 0.000000
vt 0.555888 0.136235 0.000000
vt 0.564487 0.137906 0.000000
vt 0.574035 0.139848 0.000000
vt 0.583423 0.142389 0.000000
vt 0.548327 0.124163 0.000000
vt 0.549341 0.111706 0.000000
vt 0.538159 0.111190 0.000000
vt 0.550532 0.095466 0.000000
vt 0.534478 0.094931 0.000000
vt 0.552577 0.069729 0.000000
vt 0.527434 0.069729 0.000000
vt 0.503854 0.079539 0.000000
vt 0.724497 0.434771 0.000000
vt 0.724497 0.449065 0.000000
vt 0.739546 0.447784 0.000000
vt 0.739584 0.435837 0.000000
vt 0.753031 0.448150 0.000000
vt 0.753201 0.436274 0.000000
vt 0.766315 0.449698 0.000000
vt 0.766292 0.437047 0.000000
vt 0.767240 0.422300 0.000000
vt 0.781015 0.438637 0.000000
vt 0.781015 0.422963 0.000000
vt 0.486008 0.213345 0.000000
vt 0.486008 0.180966 0.000000
vt 0.538369 0.213345 0.000000
vt 0.567966 0.213345 0.000000
vt 0.541782 0.188422 0.000000
vt 0.781015 0.452826 0.000000
vt 0.606534 0.134016 0.000000
vt 0.110898 0.138938 0.000000
vt 0.111210 0.125958 0.000000
vt 0.097065 0.126764 0.000000
vt 0.101198 0.141857 0.000000
vt 0.021057 0.100089 0.000000
vt 0.011858 0.096232 0.000000
vt 0.011760 0.109459 0.000000
vt 0.025088 0.109744 0.000000
vt 0.010016 0.481816 0.000000
vt 0.019335 0.485651 0.000000
vt 0.023925 0.470753 0.000000
vt 0.010087 0.468833 0.000000
vt 0.148347 0.248308 0.000000
vt 0.148140 0.248598 0.000000
vt 0.148505 0.249212 0.000000
vt 0.148715 0.248686 0.000000
vt 0.148356 0.247911 0.000000
vt 0.147977 0.248057 0.000000
vt 0.148911 0.248130 0.000000
vt 0.148345 0.249540 0.000000
vt 0.148042 0.249164 0.000000
vt 0.148288 0.249957 0.000000
vt 0.148737 0.250195 0.000000
vt 0.149207 0.250050 0.000000
vt 0.009892 0.448230 0.000000
vt 0.009760 0.448807 0.000000
vt 0.010236 0.449141 0.000000
vt 0.010300 0.448247 0.000000
vt 0.009723 0.447823 0.000000
vt 0.009390 0.448357 0.000000
vt 0.021094 0.872141 0.000000
vt 0.019647 0.866776 0.000000
vt 0.015747 0.867026 0.000000
vt 0.016195 0.872141 0.000000
vt 0.011008 0.449440 0.000000
vt 0.011013 0.450536 0.000000
vt 0.011315 0.450125 0.000000
vt 0.011162 0.448997 0.000000
vt 0.010696 0.449319 0.000000
vt 0.010574 0.450662 0.000000
vt 0.010745 0.448444 0.000000
vt 0.009125 0.446492 0.000000
vt 0.008931 0.446743 0.000000
vt 0.008825 0.447179 0.000000
vt 0.009205 0.446791 0.000000
vt 0.712449 0.517405 0.000000
vt 0.713263 0.517405 0.000000
vt 0.713379 0.514268 0.000000
vt 0.712331 0.514823 0.000000
vt 0.000575 0.872141 0.000000
vt 0.006110 0.872141 0.000000
vt 0.005797 0.867124 0.000000
vt 0.000167 0.867166 0.000000
vt 0.000558 0.862556 0.000000
vt 0.004696 0.861877 0.000000
vt 0.714304 0.517405 0.000000
vt 0.714882 0.514745 0.000000
vt 0.035981 0.514075 0.000000
vt 0.035981 0.509796 0.000000
vt 0.029443 0.512449 0.000000
vt 0.032827 0.517405 0.000000
vt 0.149010 0.247156 0.000000
vt 0.148591 0.247016 0.000000
vt 0.148414 0.247365 0.000000
vt 0.149000 0.247495 0.000000
vt 0.149692 0.247976 0.000000
vt 0.149452 0.247379 0.000000
vt 0.128723 0.171952 0.000000
vt 0.137793 0.173619 0.000000
vt 0.137793 0.159596 0.000000
vt 0.124697 0.162587 0.000000
vt 0.027186 0.136171 0.000000
vt 0.041943 0.137468 0.000000
vt 0.041943 0.122039 0.000000
vt 0.027186 0.122039 0.000000
vt 0.013500 0.122039 0.000000
vt 0.014671 0.136171 0.000000
vt 0.149808 0.173619 0.000000
vt 0.149808 0.159596 0.000000
vt 0.011498 0.455093 0.000000
vt 0.011498 0.453713 0.000000
vt 0.011437 0.454443 0.000000
vt 0.011402 0.455750 0.000000
vt 0.720230 0.461966 0.000000
vt 0.720230 0.451497 0.000000
vt 0.719380 0.451256 0.000000
vt 0.719379 0.461174 0.000000
vt 0.719342 0.473800 0.000000
vt 0.720230 0.474472 0.000000
vt 0.719292 0.486758 0.000000
vt 0.720230 0.487737 0.000000
vt 0.717685 0.461481 0.000000
vt 0.717753 0.474137 0.000000
vt 0.717769 0.486770 0.000000
vt 0.717692 0.499172 0.000000
vt 0.719209 0.499244 0.000000
vt 0.715757 0.475001 0.000000
vt 0.715817 0.487536 0.000000
vt 0.715787 0.499441 0.000000
vt 0.715544 0.509251 0.000000
vt 0.717438 0.509318 0.000000
vt 0.713937 0.488746 0.000000
vt 0.713901 0.500021 0.000000
vt 0.713718 0.509157 0.000000
vt 0.712569 0.500704 0.000000
vt 0.712490 0.509613 0.000000
vt 0.712026 0.501604 0.000000
vt 0.712026 0.510176 0.000000
vt 0.712026 0.515994 0.000000
vt 0.008636 0.447937 0.000000
vt 0.008636 0.449030 0.000000
vt 0.008693 0.449797 0.000000
vt 0.008812 0.448654 0.000000
vt 0.009049 0.447746 0.000000
vt 0.009449 0.447295 0.000000
vt 0.009138 0.449358 0.000000
vt 0.008977 0.450597 0.000000
vt 0.009410 0.451316 0.000000
vt 0.009565 0.450002 0.000000
vt 0.009950 0.451831 0.000000
vt 0.010067 0.450463 0.000000
vt 0.010525 0.452061 0.000000
vt 0.009866 0.453352 0.000000
vt 0.010491 0.453548 0.000000
vt 0.011047 0.453388 0.000000
vt 0.011029 0.451914 0.000000
vt 0.011397 0.452914 0.000000
vt 0.011358 0.451436 0.000000
vt 0.011498 0.452162 0.000000
vt 0.011498 0.450678 0.000000
vt 0.011498 0.449435 0.000000
vt 0.011259 0.448458 0.000000
vt 0.720230 0.509629 0.000000
vt 0.720230 0.499807 0.000000
vt 0.719070 0.509464 0.000000
vt 0.011498 0.448614 0.000000
vt 0.011229 0.447766 0.000000
vt 0.028224 0.506606 0.000000
vt 0.035981 0.504547 0.000000
vt 0.035981 0.499807 0.000000
vt 0.028224 0.500925 0.000000
vt 0.718172 0.516421 0.000000
vt 0.716540 0.515531 0.000000
vt 0.014609 0.861877 0.000000
vt 0.018438 0.861877 0.000000
vt 0.035981 0.496013 0.000000
vt 0.028224 0.496388 0.000000
vt 0.009856 0.861877 0.000000
vt 0.010876 0.867008 0.000000
vt 0.011293 0.872141 0.000000
vt 0.011069 0.454935 0.000000
vt 0.010468 0.455110 0.000000
vt 0.010371 0.456429 0.000000
vt 0.010976 0.456232 0.000000
vt 0.009805 0.454948 0.000000
vt 0.009767 0.456331 0.000000
vt 0.009315 0.452823 0.000000
vt 0.009216 0.454448 0.000000
vt 0.009231 0.455862 0.000000
vt 0.008875 0.452056 0.000000
vt 0.008803 0.453683 0.000000
vt 0.008831 0.455155 0.000000
vt 0.008636 0.452767 0.000000
vt 0.008636 0.454272 0.000000
vt 0.460301 0.234044 0.000000
vt 0.460301 0.251352 0.000000
vt 0.474827 0.248986 0.000000
vt 0.474827 0.234044 0.000000
vt 0.478215 0.222477 0.000000
vt 0.462859 0.222477 0.000000
vt 0.147622 0.248551 0.000000
vt 0.147877 0.249354 0.000000
vt 0.147762 0.248538 0.000000
vt 0.147622 0.247852 0.000000
vt 0.000348 0.092560 0.000000
vt 0.000167 0.107153 0.000000
vt 0.147912 0.247481 0.000000
vt 0.148009 0.247067 0.000000
vt 0.147622 0.247346 0.000000
vt 0.148446 0.250486 0.000000
vt 0.149014 0.251094 0.000000
vt 0.712026 0.464617 0.000000
vt 0.712026 0.478115 0.000000
vt 0.712561 0.477185 0.000000
vt 0.712413 0.463290 0.000000
vt 0.149692 0.251352 0.000000
vt 0.096065 0.141857 0.000000
vt 0.096065 0.126047 0.000000
vt 0.083590 0.128133 0.000000
vt 0.083590 0.141857 0.000000
vt 0.713884 0.476127 0.000000
vt 0.713685 0.462629 0.000000
vt 0.713256 0.451569 0.000000
vt 0.712026 0.452086 0.000000
vt 0.715580 0.461980 0.000000
vt 0.715265 0.451256 0.000000
vt 0.717531 0.451256 0.000000
vt 0.149569 0.249537 0.000000
vt 0.149692 0.248765 0.000000
vt 0.712594 0.489921 0.000000
vt 0.712026 0.490777 0.000000
vt 0.073136 0.141857 0.000000
vt 0.073136 0.130220 0.000000
vt 0.008636 0.450373 0.000000
vt 0.008636 0.451198 0.000000
vt 0.040439 0.108419 0.000000
vt 0.361307 0.265331 0.000000
vt 0.365778 0.261731 0.000000
vt 0.358970 0.258613 0.000000
vt 0.356834 0.263326 0.000000
vt 0.356375 0.268810 0.000000
vt 0.361978 0.269775 0.000000
vt 0.370123 0.266669 0.000000
vt 0.691784 0.463300 0.000000
vt 0.692272 0.457375 0.000000
vt 0.687083 0.455700 0.000000
vt 0.687083 0.460991 0.000000
vt 0.351596 0.266748 0.000000
vt 0.350361 0.262414 0.000000
vt 0.695005 0.466728 0.000000
vt 0.697451 0.459682 0.000000
vt 0.010152 0.439650 0.000000
vt 0.010182 0.440375 0.000000
vt 0.010704 0.440077 0.000000
vt 0.010433 0.439349 0.000000
vt 0.009839 0.439655 0.000000
vt 0.009634 0.440619 0.000000
vt 0.010099 0.439080 0.000000
vt 0.008848 0.440880 0.000000
vt 0.009129 0.440778 0.000000
vt 0.009386 0.439844 0.000000
vt 0.008966 0.440289 0.000000
vt 0.008636 0.441123 0.000000
vt 0.008636 0.441706 0.000000
vt 0.008933 0.441988 0.000000
vt 0.362929 0.288191 0.000000
vt 0.362641 0.283728 0.000000
vt 0.357342 0.284123 0.000000
vt 0.358688 0.289104 0.000000
vt 0.364751 0.296490 0.000000
vt 0.369728 0.291370 0.000000
vt 0.371777 0.285117 0.000000
vt 0.350361 0.294719 0.000000
vt 0.353200 0.302029 0.000000
vt 0.358693 0.299626 0.000000
vt 0.354194 0.291651 0.000000
vt 0.697451 0.444527 0.000000
vt 0.692511 0.442634 0.000000
vt 0.691975 0.447421 0.000000
vt 0.697451 0.448881 0.000000
vt 0.007635 0.455032 0.000000
vt 0.007635 0.450824 0.000000
vt 0.000167 0.450454 0.000000
vt 0.000167 0.456429 0.000000
vt 0.118593 0.115277 0.000000
vt 0.116695 0.116062 0.000000
vt 0.124888 0.115563 0.000000
vt 0.125419 0.115277 0.000000
vt 0.138758 0.052709 0.000000
vt 0.139933 0.053936 0.000000
vt 0.144093 0.055012 0.000000
vt 0.140539 0.053221 0.000000
vt 0.132558 0.052709 0.000000
vt 0.131859 0.053813 0.000000
vt 0.011370 0.439498 0.000000
vt 0.011164 0.439685 0.000000
vt 0.011388 0.440747 0.000000
vt 0.011551 0.440160 0.000000
vt 0.011170 0.439081 0.000000
vt 0.010839 0.439061 0.000000
vt 0.116633 0.124925 0.000000
vt 0.122754 0.122559 0.000000
vt 0.123335 0.119767 0.000000
vt 0.115490 0.122955 0.000000
vt 0.135697 0.118646 0.000000
vt 0.136461 0.116713 0.000000
vt 0.124149 0.117186 0.000000
vt 0.115490 0.118906 0.000000
vt 0.135051 0.121067 0.000000
vt 0.149088 0.120483 0.000000
vt 0.149945 0.118294 0.000000
vt 0.123128 0.124925 0.000000
vt 0.135158 0.123245 0.000000
vt 0.149020 0.122573 0.000000
vt 0.163089 0.122448 0.000000
vt 0.163379 0.120368 0.000000
vt 0.135850 0.124925 0.000000
vt 0.149735 0.124136 0.000000
vt 0.163599 0.124020 0.000000
vt 0.176291 0.123971 0.000000
vt 0.175954 0.122374 0.000000
vt 0.151142 0.124925 0.000000
vt 0.164722 0.124925 0.000000
vt 0.176659 0.124925 0.000000
vt 0.185558 0.124925 0.000000
vt 0.185558 0.123955 0.000000
vt 0.085433 0.062212 0.000000
vt 0.096526 0.062212 0.000000
vt 0.095306 0.062198 0.000000
vt 0.084795 0.062203 0.000000
vt 0.077121 0.062156 0.000000
vt 0.077163 0.062212 0.000000
vt 0.094618 0.061161 0.000000
vt 0.084516 0.061092 0.000000
vt 0.076716 0.061056 0.000000
vt 0.350361 0.258444 0.000000
vt 0.084925 0.059133 0.000000
vt 0.076883 0.058830 0.000000
vt 0.002666 0.430986 0.000000
vt 0.000167 0.437899 0.000000
vt 0.007635 0.440256 0.000000
vt 0.007635 0.432940 0.000000
vt 0.085260 0.056935 0.000000
vt 0.077217 0.056550 0.000000
vt 0.000167 0.444362 0.000000
vt 0.007635 0.446047 0.000000
vt 0.697451 0.453845 0.000000
vt 0.692131 0.451838 0.000000
vt 0.687083 0.446168 0.000000
vt 0.687083 0.450790 0.000000
vt 0.356936 0.279293 0.000000
vt 0.363107 0.279648 0.000000
vt 0.362908 0.274673 0.000000
vt 0.356569 0.274205 0.000000
vt 0.371777 0.279083 0.000000
vt 0.371777 0.272507 0.000000
vt 0.185558 0.122283 0.000000
vt 0.185558 0.120158 0.000000
vt 0.175770 0.120247 0.000000
vt 0.185558 0.118337 0.000000
vt 0.175779 0.118218 0.000000
vt 0.164037 0.118268 0.000000
vt 0.175926 0.116536 0.000000
vt 0.164836 0.116547 0.000000
vt 0.150820 0.116552 0.000000
vt 0.165325 0.115438 0.000000
vt 0.151483 0.115421 0.000000
vt 0.137261 0.115443 0.000000
vt 0.152215 0.115277 0.000000
vt 0.137779 0.115277 0.000000
vt 0.121331 0.052709 0.000000
vt 0.108218 0.052709 0.000000
vt 0.107527 0.053582 0.000000
vt 0.120928 0.053669 0.000000
vt 0.107248 0.055347 0.000000
vt 0.120492 0.055553 0.000000
vt 0.131727 0.056021 0.000000
vt 0.120380 0.057807 0.000000
vt 0.132040 0.058676 0.000000
vt 0.139941 0.059709 0.000000
vt 0.140350 0.056642 0.000000
vt 0.009297 0.439465 0.000000
vt 0.009700 0.439094 0.000000
vt 0.010030 0.438577 0.000000
vt 0.009694 0.438806 0.000000
vt 0.010441 0.438682 0.000000
vt 0.010737 0.438661 0.000000
vt 0.010288 0.438478 0.000000
vt 0.106969 0.057493 0.000000
vt 0.106917 0.059558 0.000000
vt 0.120233 0.059860 0.000000
vt 0.132456 0.060873 0.000000
vt 0.106774 0.061250 0.000000
vt 0.120351 0.061385 0.000000
vt 0.132844 0.062212 0.000000
vt 0.107600 0.062189 0.000000
vt 0.121034 0.062212 0.000000
vt 0.008636 0.443652 0.000000
vt 0.009411 0.443765 0.000000
vt 0.009492 0.442039 0.000000
vt 0.010375 0.443484 0.000000
vt 0.010240 0.441820 0.000000
vt 0.011140 0.442937 0.000000
vt 0.010912 0.441342 0.000000
vt 0.011551 0.442226 0.000000
vt 0.010622 0.445194 0.000000
vt 0.011551 0.444601 0.000000
vt 0.009310 0.445491 0.000000
vt 0.109146 0.062212 0.000000
vt 0.094558 0.059341 0.000000
vt 0.094991 0.057235 0.000000
vt 0.095394 0.055166 0.000000
vt 0.085553 0.054944 0.000000
vt 0.077587 0.054610 0.000000
vt 0.095745 0.053517 0.000000
vt 0.085828 0.053424 0.000000
vt 0.077798 0.053280 0.000000
vt 0.095979 0.052709 0.000000
vt 0.086169 0.052709 0.000000
vt 0.077960 0.052709 0.000000
vt 0.176489 0.115277 0.000000
vt 0.165690 0.115277 0.000000
vt 0.176117 0.115452 0.000000
vt 0.185402 0.115902 0.000000
vt 0.185558 0.115724 0.000000
vt 0.185558 0.116815 0.000000
vt 0.687083 0.441011 0.000000
vt 0.130535 0.158595 0.000000
vt 0.130535 0.150924 0.000000
vt 0.124697 0.149014 0.000000
vt 0.124697 0.154737 0.000000
vt 0.156288 0.056973 0.000000
vt 0.153227 0.062212 0.000000
vt 0.162560 0.058064 0.000000
vt 0.162560 0.052199 0.000000
vt 0.153113 0.058173 0.000000
vt 0.149870 0.060739 0.000000
vt 0.151587 0.055161 0.000000
vt 0.146896 0.056626 0.000000
vt 0.194848 0.123810 0.000000
vt 0.200220 0.124925 0.000000
vt 0.200220 0.114384 0.000000
vt 0.194848 0.114384 0.000000
vt 0.001808 0.542743 0.000000
vt 0.002110 0.542743 0.000000
vt 0.002388 0.537237 0.000000
vt 0.001522 0.537360 0.000000
vt 0.117645 0.217752 0.000000
vt 0.119033 0.218818 0.000000
vt 0.119795 0.213083 0.000000
vt 0.118319 0.211792 0.000000
vt 0.116896 0.211661 0.000000
vt 0.116718 0.216247 0.000000
vt 0.116275 0.217663 0.000000
vt 0.117465 0.220356 0.000000
vt 0.115904 0.212598 0.000000
vt 0.121622 0.149554 0.000000
vt 0.121501 0.157657 0.000000
vt 0.122892 0.158913 0.000000
vt 0.122662 0.148932 0.000000
vt 0.119523 0.147818 0.000000
vt 0.119296 0.156995 0.000000
vt 0.120285 0.144990 0.000000
vt 0.245608 0.989571 0.000000
vt 0.244066 0.991326 0.000000
vt 0.245646 0.993725 0.000000
vt 0.246504 0.990463 0.000000
vt 0.008685 0.457430 0.000000
vt 0.007424 0.457430 0.000000
vt 0.006964 0.463852 0.000000
vt 0.008991 0.462566 0.000000
vt 0.240515 0.988283 0.000000
vt 0.238872 0.989922 0.000000
vt 0.236902 0.991689 0.000000
vt 0.238872 0.993688 0.000000
vt 0.230165 0.992508 0.000000
vt 0.229737 0.995558 0.000000
vt 0.230145 0.990071 0.000000
vt 0.126020 0.130271 0.000000
vt 0.116807 0.126109 0.000000
vt 0.112211 0.140227 0.000000
vt 0.126332 0.141857 0.000000
vt 0.001560 0.469040 0.000000
vt 0.000888 0.477788 0.000000
vt 0.001974 0.478000 0.000000
vt 0.002569 0.467304 0.000000
vt 0.003343 0.462053 0.000000
vt 0.001865 0.466687 0.000000
vt 0.062023 0.126946 0.000000
vt 0.051016 0.126946 0.000000
vt 0.051016 0.140163 0.000000
vt 0.059809 0.140163 0.000000
vt 0.069921 0.141857 0.000000
vt 0.072135 0.128640 0.000000
vt 0.004662 0.465532 0.000000
vt 0.005453 0.458969 0.000000
vt 0.004106 0.477049 0.000000
vt 0.006644 0.475307 0.000000
vt 0.009016 0.473100 0.000000
vt 0.003634 0.491990 0.000000
vt 0.006212 0.489501 0.000000
vt 0.008775 0.486523 0.000000
vt 0.216693 0.988283 0.000000
vt 0.216856 0.990246 0.000000
vt 0.230077 0.988283 0.000000
vt 0.005662 0.505360 0.000000
vt 0.008123 0.501941 0.000000
vt 0.201442 0.988283 0.000000
vt 0.202021 0.990403 0.000000
vt 0.201896 0.993391 0.000000
vt 0.216804 0.993187 0.000000
vt 0.187345 0.988283 0.000000
vt 0.187276 0.990945 0.000000
vt 0.187033 0.994459 0.000000
vt 0.186714 0.998278 0.000000
vt 0.201019 0.996722 0.000000
vt 0.176108 0.989595 0.000000
vt 0.175763 0.994587 0.000000
vt 0.175515 0.999833 0.000000
vt 0.115490 0.206969 0.000000
vt 0.116038 0.205865 0.000000
vt 0.116197 0.195405 0.000000
vt 0.115490 0.195866 0.000000
vt 0.168257 0.994005 0.000000
vt 0.168363 0.999833 0.000000
vt 0.115490 0.214318 0.000000
vt 0.163293 0.993695 0.000000
vt 0.163445 0.999833 0.000000
vt 0.116227 0.219653 0.000000
vt 0.150822 0.002701 0.000000
vt 0.153009 0.008060 0.000000
vt 0.159776 0.005105 0.000000
vt 0.157475 0.000500 0.000000
vt 0.139964 0.251352 0.000000
vt 0.146622 0.249176 0.000000
vt 0.145141 0.244318 0.000000
vt 0.138351 0.245836 0.000000
vt 0.047833 0.107968 0.000000
vt 0.042943 0.107968 0.000000
vt 0.042943 0.114318 0.000000
vt 0.048864 0.114318 0.000000
vt 0.052737 0.114318 0.000000
vt 0.052737 0.109647 0.000000
vt 0.119282 0.222244 0.000000
vt 0.120667 0.223957 0.000000
vt 0.121938 0.221598 0.000000
vt 0.120302 0.219867 0.000000
vt 0.118601 0.221134 0.000000
vt 0.122712 0.216359 0.000000
vt 0.121279 0.214441 0.000000
vt 0.123176 0.208992 0.000000
vt 0.121988 0.207015 0.000000
vt 0.120489 0.205544 0.000000
vt 0.122438 0.198210 0.000000
vt 0.120975 0.196535 0.000000
vt 0.119275 0.195640 0.000000
vt 0.118851 0.204810 0.000000
vt 0.117554 0.195437 0.000000
vt 0.117233 0.205206 0.000000
vt 0.119240 0.184445 0.000000
vt 0.117214 0.183421 0.000000
vt 0.115490 0.182511 0.000000
vt 0.117392 0.169144 0.000000
vt 0.115490 0.168332 0.000000
vt 0.199898 0.999833 0.000000
vt 0.215260 0.999833 0.000000
vt 0.216182 0.996553 0.000000
vt 0.186293 0.999833 0.000000
vt 0.229404 0.998990 0.000000
vt 0.229324 0.999833 0.000000
vt 0.240582 0.999833 0.000000
vt 0.240148 0.996930 0.000000
vt 0.115490 0.155661 0.000000
vt 0.116470 0.156295 0.000000
vt 0.245748 0.996558 0.000000
vt 0.115490 0.146716 0.000000
vt 0.115490 0.142857 0.000000
vt 0.119523 0.170256 0.000000
vt 0.121436 0.171359 0.000000
vt 0.121161 0.185496 0.000000
vt 0.122742 0.186841 0.000000
vt 0.122867 0.172945 0.000000
vt 0.123696 0.174444 0.000000
vt 0.123696 0.160359 0.000000
vt 0.123696 0.188909 0.000000
vt 0.784330 0.395149 0.000000
vt 0.768761 0.395149 0.000000
vt 0.767886 0.407764 0.000000
vt 0.784330 0.407764 0.000000
vt 0.123458 0.200339 0.000000
vt 0.123696 0.202752 0.000000
vt 0.123696 0.191140 0.000000
vt 0.000303 0.519766 0.000000
vt 0.001166 0.521055 0.000000
vt 0.001246 0.509174 0.000000
vt 0.000167 0.508133 0.000000
vt 0.123696 0.211169 0.000000
vt 0.000674 0.528132 0.000000
vt 0.001275 0.529843 0.000000
vt 0.002628 0.529829 0.000000
vt 0.002874 0.520634 0.000000
vt 0.001300 0.535691 0.000000
vt 0.005043 0.518684 0.000000
vt 0.003191 0.507960 0.000000
vt 0.004393 0.528819 0.000000
vt 0.006196 0.527336 0.000000
vt 0.007181 0.516340 0.000000
vt 0.003688 0.536653 0.000000
vt 0.005129 0.535403 0.000000
vt 0.006541 0.533555 0.000000
vt 0.007805 0.525405 0.000000
vt 0.002950 0.542321 0.000000
vt 0.003981 0.541177 0.000000
vt 0.005138 0.539414 0.000000
vt 0.006157 0.537285 0.000000
vt 0.007618 0.531466 0.000000
vt 0.680448 0.454059 0.000000
vt 0.685844 0.454059 0.000000
vt 0.685844 0.446917 0.000000
vt 0.680142 0.446917 0.000000
vt 0.674612 0.446917 0.000000
vt 0.674612 0.454059 0.000000
vt 0.145094 0.051814 0.000000
vt 0.152191 0.051671 0.000000
vt 0.168573 0.988283 0.000000
vt 0.009016 0.513794 0.000000
vt 0.001526 0.493043 0.000000
vt 0.000360 0.492541 0.000000
vt 0.123696 0.218848 0.000000
vt 0.000834 0.477045 0.000000
vt 0.000312 0.491322 0.000000
vt 0.123696 0.224464 0.000000
vt 0.122466 0.226014 0.000000
vt 0.130535 0.144091 0.000000
vt 0.124697 0.143450 0.000000
vt 0.042943 0.129451 0.000000
vt 0.042943 0.141594 0.000000
vt 0.123696 0.150293 0.000000
vt 0.007150 0.894375 0.000000
vt 0.004015 0.890565 0.000000
vt 0.000167 0.893496 0.000000
vt 0.002238 0.897479 0.000000
vt 0.170774 0.106627 0.000000
vt 0.164271 0.106627 0.000000
vt 0.163360 0.109198 0.000000
vt 0.171580 0.108721 0.000000
vt 0.107127 0.124384 0.000000
vt 0.108723 0.122345 0.000000
vt 0.100633 0.122466 0.000000
vt 0.100314 0.124925 0.000000
vt 0.108400 0.124925 0.000000
vt 0.112209 0.122235 0.000000
vt 0.700770 0.486220 0.000000
vt 0.700576 0.487816 0.000000
vt 0.702879 0.490488 0.000000
vt 0.702374 0.487041 0.000000
vt 0.700408 0.480173 0.000000
vt 0.699555 0.480581 0.000000
vt 0.702260 0.479447 0.000000
vt 0.103195 0.106627 0.000000
vt 0.101080 0.108900 0.000000
vt 0.106082 0.109169 0.000000
vt 0.107446 0.106627 0.000000
vt 0.188689 0.117770 0.000000
vt 0.186559 0.124388 0.000000
vt 0.193847 0.124925 0.000000
vt 0.193847 0.116765 0.000000
vt 0.774795 0.367979 0.000000
vt 0.769080 0.367979 0.000000
vt 0.768570 0.377190 0.000000
vt 0.774795 0.376922 0.000000
vt 0.706869 0.485628 0.000000
vt 0.705084 0.486861 0.000000
vt 0.705873 0.490174 0.000000
vt 0.708035 0.486920 0.000000
vt 0.708997 0.478424 0.000000
vt 0.707015 0.478833 0.000000
vt 0.704668 0.478928 0.000000
vt 0.072055 0.058957 0.000000
vt 0.073204 0.060709 0.000000
vt 0.075149 0.059498 0.000000
vt 0.072672 0.057020 0.000000
vt 0.067777 0.058337 0.000000
vt 0.068311 0.060655 0.000000
vt 0.066965 0.055661 0.000000
vt 0.096899 0.113696 0.000000
vt 0.098767 0.114277 0.000000
vt 0.099468 0.111843 0.000000
vt 0.097439 0.111526 0.000000
vt 0.075715 0.061380 0.000000
vt 0.073752 0.062212 0.000000
vt 0.768135 0.393880 0.000000
vt 0.768230 0.385558 0.000000
vt 0.761911 0.386276 0.000000
vt 0.761911 0.393880 0.000000
vt 0.010016 0.486651 0.000000
vt 0.010016 0.493052 0.000000
vt 0.019165 0.495136 0.000000
vt 0.018105 0.486651 0.000000
vt 0.699555 0.424541 0.000000
vt 0.699555 0.430020 0.000000
vt 0.701996 0.429272 0.000000
vt 0.701612 0.422278 0.000000
vt 0.048468 0.115318 0.000000
vt 0.046280 0.116921 0.000000
vt 0.053354 0.117110 0.000000
vt 0.054107 0.115318 0.000000
vt 0.169872 0.114277 0.000000
vt 0.171449 0.114277 0.000000
vt 0.174894 0.111189 0.000000
vt 0.171240 0.112028 0.000000
vt 0.163047 0.112096 0.000000
vt 0.163488 0.114277 0.000000
vt 0.003548 0.062212 0.000000
vt 0.009779 0.062212 0.000000
vt 0.009304 0.060024 0.000000
vt 0.001751 0.060467 0.000000
vt 0.021697 0.059986 0.000000
vt 0.020620 0.056873 0.000000
vt 0.008262 0.056733 0.000000
vt 0.000167 0.056975 0.000000
vt 0.022713 0.062212 0.000000
vt 0.037201 0.062212 0.000000
vt 0.036156 0.060405 0.000000
vt 0.150326 0.114277 0.000000
vt 0.150517 0.112058 0.000000
vt 0.135801 0.112045 0.000000
vt 0.135630 0.114277 0.000000
vt 0.123279 0.112052 0.000000
vt 0.122868 0.114277 0.000000
vt 0.151131 0.109269 0.000000
vt 0.136374 0.109257 0.000000
vt 0.124294 0.109264 0.000000
vt 0.114354 0.109248 0.000000
vt 0.113190 0.112094 0.000000
vt 0.137644 0.106627 0.000000
vt 0.125735 0.106627 0.000000
vt 0.115422 0.106627 0.000000
vt 0.050782 0.124925 0.000000
vt 0.061055 0.124925 0.000000
vt 0.062126 0.122462 0.000000
vt 0.051454 0.122435 0.000000
vt 0.043332 0.122680 0.000000
vt 0.042943 0.124925 0.000000
vt 0.063331 0.119694 0.000000
vt 0.052372 0.119698 0.000000
vt 0.044288 0.119814 0.000000
vt 0.695511 0.430776 0.000000
vt 0.687083 0.433693 0.000000
vt 0.690469 0.440011 0.000000
vt 0.698554 0.437930 0.000000
vt 0.027223 0.486651 0.000000
vt 0.027223 0.495440 0.000000
vt 0.019315 0.503080 0.000000
vt 0.027223 0.504185 0.000000
vt 0.761911 0.367979 0.000000
vt 0.761911 0.377574 0.000000
vt 0.019029 0.510707 0.000000
vt 0.026855 0.512074 0.000000
vt 0.010016 0.500921 0.000000
vt 0.010016 0.509093 0.000000
vt 0.010016 0.517405 0.000000
vt 0.019125 0.517405 0.000000
vt 0.034617 0.486242 0.000000
vt 0.028224 0.487987 0.000000
vt 0.028814 0.495013 0.000000
vt 0.035549 0.494094 0.000000
vt 0.710398 0.418506 0.000000
vt 0.705692 0.419991 0.000000
vt 0.705953 0.428056 0.000000
vt 0.710398 0.426932 0.000000
vt 0.066388 0.053436 0.000000
vt 0.057248 0.053436 0.000000
vt 0.058370 0.055538 0.000000
vt 0.045360 0.053436 0.000000
vt 0.046762 0.055517 0.000000
vt 0.048184 0.058035 0.000000
vt 0.059380 0.058126 0.000000
vt 0.049105 0.060446 0.000000
vt 0.060023 0.060531 0.000000
vt 0.049820 0.062212 0.000000
vt 0.060247 0.062212 0.000000
vt 0.068533 0.062212 0.000000
vt 0.104007 0.114277 0.000000
vt 0.112351 0.114277 0.000000
vt 0.104806 0.112056 0.000000
vt 0.034694 0.058004 0.000000
vt 0.033047 0.055507 0.000000
vt 0.019340 0.053436 0.000000
vt 0.710398 0.465472 0.000000
vt 0.710398 0.451310 0.000000
vt 0.707738 0.451898 0.000000
vt 0.707959 0.466143 0.000000
vt 0.007127 0.053436 0.000000
vt 0.704662 0.452904 0.000000
vt 0.705145 0.467030 0.000000
vt 0.701726 0.454020 0.000000
vt 0.702536 0.467895 0.000000
vt 0.699555 0.454769 0.000000
vt 0.700558 0.468709 0.000000
vt 0.092963 0.115318 0.000000
vt 0.079025 0.115318 0.000000
vt 0.077711 0.117254 0.000000
vt 0.091542 0.116292 0.000000
vt 0.699555 0.469143 0.000000
vt 0.076145 0.119764 0.000000
vt 0.089640 0.119375 0.000000
vt 0.101941 0.118893 0.000000
vt 0.103140 0.115318 0.000000
vt 0.088256 0.122494 0.000000
vt 0.110087 0.118451 0.000000
vt 0.110765 0.115318 0.000000
vt 0.114064 0.118203 0.000000
vt 0.701020 0.488835 0.000000
vt 0.703802 0.492066 0.000000
vt 0.112599 0.122369 0.000000
vt 0.114490 0.118305 0.000000
vt 0.707065 0.491661 0.000000
vt 0.708134 0.491253 0.000000
vt 0.710398 0.487643 0.000000
vt 0.709495 0.487600 0.000000
vt 0.074635 0.122534 0.000000
vt 0.073064 0.124925 0.000000
vt 0.087628 0.124925 0.000000
vt 0.151946 0.106627 0.000000
vt 0.064391 0.117171 0.000000
vt 0.065240 0.115318 0.000000
vt 0.699555 0.441055 0.000000
vt 0.702173 0.440418 0.000000
vt 0.706005 0.439574 0.000000
vt 0.710398 0.438427 0.000000
vt 0.031883 0.053436 0.000000
vt 0.710398 0.478664 0.000000
vt 0.175191 0.108084 0.000000
vt 0.774795 0.384722 0.000000
vt 0.372905 0.301842 0.000000
vt 0.372940 0.301874 0.000000
vt 0.372968 0.301800 0.000000
vt 0.372917 0.301753 0.000000
vt 0.372778 0.301833 0.000000
vt 0.372887 0.302029 0.000000
vt 0.372801 0.301651 0.000000
vt 0.372985 0.301892 0.000000
vt 0.373059 0.302029 0.000000
vt 0.373033 0.301850 0.000000
vt 0.373240 0.301930 0.000000
vt 0.372878 0.300305 0.000000
vt 0.372778 0.300344 0.000000
vt 0.372929 0.300416 0.000000
vt 0.372960 0.300329 0.000000
vt 0.372885 0.300229 0.000000
vt 0.372778 0.300184 0.000000
vt 0.372948 0.300224 0.000000
vt 0.372872 0.300108 0.000000
vt 0.373010 0.301752 0.000000
vt 0.373066 0.301796 0.000000
vt 0.372998 0.301658 0.000000
vt 0.373243 0.301683 0.000000
vt 0.372915 0.301437 0.000000
vt 0.373128 0.301417 0.000000
vt 0.373088 0.300416 0.000000
vt 0.373088 0.300293 0.000000
vt 0.373015 0.300223 0.000000
vt 0.373088 0.300133 0.000000
vt 0.372990 0.300108 0.000000
# 3577 texture coordinates

o Volume_Mesher_remesh_72
usemtl default
f 11/4/4 10/3/3 9/2/2 1/1/1
f 9/8/2 13/7/6 12/6/5 1/5/1
f 12/12/5 14/11/7 11/10/4 1/9/1
f 17/16/11 16/15/10 15/14/9 2/13/8
f 15/14/9 19/18/13 18/17/12 2/13/8
f 18/17/12 20/19/14 17/16/11 2/13/8
f 23/23/18 22/22/17 21/21/16 3/20/15
f 21/27/16 25/26/20 24/25/19 3/24/15
f 24/31/19 26/30/21 23/29/18 3/28/15
f 29/35/25 28/34/24 27/33/23 4/32/22
f 7/37/27 30/36/26 29/35/25 4/32/22
f 27/33/23 31/38/28 7/37/27 4/32/22
f 34/42/32 33/41/31 32/40/30 5/39/29
f 32/46/30 36/45/34 35/44/33 5/43/29
f 39/50/38 38/49/37 37/48/36 6/47/35
f 37/48/36 33/41/31 34/42/32 6/47/35
f 35/54/33 40/53/39 39/52/38 6/51/35
f 31/38/28 42/56/41 41/55/40 7/37/27
f 41/55/40 44/58/43 43/57/42 7/37/27
f 48/62/47 47/61/46 46/60/45 8/59/44
f 46/60/45 50/64/49 49/63/48 8/59/44
f 49/63/48 51/65/50 48/62/47 8/59/44
f 49/63/48 53/67/52 52/66/51 51/65/50
f 55/69/54 54/68/53 48/62/47 51/65/50
f 52/66/51 56/70/55 55/69/54 51/65/50
f 52/74/51 58/73/57 57/72/56 56/71/55
f 26/30/21 24/31/19 55/75/54 56/71/55
f 57/72/56 59/76/58 26/30/21 56/71/55
f 57/72/56 61/78/60 60/77/59 59/76/58
f 62/81/61 23/23/18 26/80/21 59/79/58
f 60/83/59 63/82/62 62/81/61 59/79/58
f 60/83/59 65/85/64 64/84/63 63/82/62
f 67/87/66 66/86/65 62/81/61 63/82/62
f 64/84/63 68/88/67 67/87/66 63/82/62
f 64/84/63 70/90/69 69/89/68 68/88/67
f 72/92/71 71/91/70 67/87/66 68/88/67
f 69/89/68 73/93/72 72/92/71 68/88/67
f 69/89/68 75/95/74 74/94/73 73/93/72
f 77/97/76 76/96/75 72/92/71 73/93/72
f 74/94/73 36/45/34 77/97/76 73/93/72
f 79/99/78 78/98/77 76/96/75 77/97/76
f 36/45/34 32/46/30 79/99/78 77/97/76
f 81/103/80 80/102/79 78/101/77 79/100/78
f 32/40/30 33/41/31 81/103/80 79/100/78
f 83/105/82 82/104/81 80/102/79 81/103/80
f 33/41/31 37/48/36 83/105/82 81/103/80
f 85/107/84 84/106/83 82/104/81 83/105/82
f 37/48/36 38/49/37 85/107/84 83/105/82
f 87/109/86 86/108/85 84/106/83 85/107/84
f 38/49/37 88/110/87 87/109/86 85/107/84
f 38/49/37 39/50/38 89/111/88 88/110/87
f 41/113/40 42/112/41 87/109/86 88/110/87
f 89/111/88 44/114/43 41/113/40 88/110/87
f 91/118/90 90/117/89 44/116/43 89/115/88
f 39/52/38 40/53/39 91/118/90 89/115/88
f 75/122/74 92/121/91 90/120/89 91/119/90
f 40/124/39 74/123/73 75/122/74 91/119/90
f 93/126/93 45/125/92 90/120/89 92/121/91
f 70/90/69 94/129/94 93/128/93 92/127/91
f 75/95/74 69/89/68 70/90/69 92/127/91
f 28/34/24 29/35/25 93/131/93 94/130/94
f 65/85/64 95/133/95 28/132/24 94/129/94
f 70/90/69 64/84/63 65/85/64 94/129/94
f 96/135/96 27/33/23 28/34/24 95/134/95
f 61/78/60 97/136/97 96/135/96 95/134/95
f 65/137/64 60/77/59 61/78/60 95/134/95
f 99/139/99 98/138/98 96/135/96 97/136/97
f 58/73/57 100/140/100 99/139/99 97/136/97
f 61/78/60 57/72/56 58/73/57 97/136/97
f 102/142/102 101/141/101 99/139/99 100/140/100
f 53/144/52 103/143/103 102/142/102 100/140/100
f 58/73/57 52/74/51 53/144/52 100/140/100
f 20/148/14 104/147/104 102/146/102 103/145/103
f 50/64/49 17/16/11 20/19/14 103/149/103
f 53/67/52 49/63/48 50/64/49 103/149/103
f 107/152/107 106/151/106 105/150/105 104/147/104
f 20/148/14 18/153/12 107/152/107 104/147/104
f 105/150/105 101/154/101 102/146/102 104/147/104
f 109/156/109 108/155/108 106/151/106 107/152/107
f 18/153/12 19/157/13 109/156/109 107/152/107
f 111/159/111 110/158/110 108/155/108 109/156/109
f 19/157/13 112/160/112 111/159/111 109/156/109
f 114/162/114 113/161/113 111/159/111 112/160/112
f 115/164/115 13/163/6 114/162/114 112/160/112
f 19/18/13 15/14/9 115/166/115 112/165/112
f 116/168/116 12/12/5 13/167/6 115/166/115
f 15/14/9 16/15/10 116/168/116 115/166/115
f 16/15/10 46/60/45 47/61/46 116/168/116
f 47/61/46 14/11/7 12/12/5 116/168/116
f 118/172/118 117/171/117 113/170/113 114/169/114
f 13/7/6 9/8/2 118/174/118 114/173/114
f 120/176/120 119/175/119 117/171/117 118/172/118
f 9/178/2 10/177/3 120/176/120 118/172/118
f 22/22/17 66/86/65 119/175/119 120/176/120
f 10/177/3 21/21/16 22/22/17 120/176/120
f 66/86/65 67/87/66 71/91/70 119/175/119
f 71/91/70 121/179/121 117/171/117 119/175/119
f 71/91/70 72/92/71 76/96/75 121/179/121
f 122/180/122 113/170/113 117/171/117 121/179/121
f 76/96/75 78/98/77 122/180/122 121/179/121
f 110/158/110 111/159/111 113/161/113 122/181/122
f 78/101/77 80/102/79 110/158/110 122/181/122
f 80/102/79 82/104/81 108/155/108 110/158/110
f 82/104/81 84/106/83 106/151/106 108/155/108
f 84/106/83 86/108/85 105/150/105 106/151/106
f 86/108/85 123/182/123 101/154/101 105/150/105
f 86/108/85 87/109/86 42/112/41 123/182/123
f 98/138/98 99/139/99 101/141/101 123/183/123
f 42/56/41 31/38/28 98/138/98 123/183/123
f 31/38/28 27/33/23 96/135/96 98/138/98
f 29/35/25 30/36/26 45/184/92 93/131/93
f 45/186/92 43/185/42 44/116/43 90/117/89
f 40/124/39 35/188/33 36/187/34 74/123/73
f 22/22/17 23/23/18 62/81/61 66/86/65
f 24/190/19 25/189/20 54/68/53 55/69/54
f 14/11/7 47/61/46 48/62/47 54/68/53
f 25/189/20 11/10/4 14/11/7 54/68/53
f 46/60/45 16/15/10 17/16/11 50/64/49
f 21/27/16 10/3/3 11/4/4 25/26/20
f 43/57/42 45/184/92 30/36/26 7/37/27
f 35/191/33 6/47/35 34/42/32 5/39/29
f 257/195/127 256/194/126 255/193/125 124/192/124
f 255/193/125 259/197/129 258/196/128 124/192/124
f 258/196/128 260/198/130 257/195/127 124/192/124
f 263/202/134 262/201/133 261/200/132 125/199/131
f 256/194/126 257/195/127 263/202/134 125/199/131
f 261/200/132 264/203/135 256/194/126 125/199/131
f 263/202/134 257/195/127 260/198/130 126/204/136
f 266/207/139 127/206/138 265/205/137 126/204/136
f 260/198/130 267/208/140 266/207/139 126/204/136
f 265/205/137 269/210/142 268/209/141 126/204/136
f 268/209/141 262/201/133 263/202/134 126/204/136
f 266/207/139 271/212/144 270/211/143 127/206/138
f 270/211/143 273/214/146 272/213/145 127/206/138
f 129/216/148 274/215/147 265/205/137 127/206/138
f 277/220/152 276/219/151 275/218/150 128/217/149
f 275/218/150 279/222/154 278/221/153 128/217/149
f 281/224/156 280/223/155 277/220/152 128/217/149
f 278/221/153 283/226/158 282/225/157 128/217/149
f 285/228/160 284/227/159 274/215/147 129/216/148
f 130/230/162 231/229/161 285/228/160 129/216/148
f 287/234/166 226/233/165 286/232/164 131/231/163
f 288/236/168 232/235/167 287/234/166 131/231/163
f 286/240/164 227/239/169 288/238/168 131/237/163
f 291/244/173 290/243/172 289/242/171 132/241/170
f 294/247/176 293/246/175 292/245/174 132/241/170
f 289/242/171 295/248/177 294/247/176 132/241/170
f 298/252/181 297/251/180 296/250/179 133/249/178
f 300/254/183 299/253/182 298/252/181 133/249/178
f 302/256/185 301/255/184 300/254/183 133/249/178
f 296/250/179 304/258/187 303/257/186 133/249/178
f 303/257/186 305/259/188 302/256/185 133/249/178
f 308/263/192 307/262/191 306/261/190 134/260/189
f 310/265/194 309/264/193 308/263/192 134/260/189
f 306/261/190 311/266/195 310/265/194 134/260/189
f 314/270/199 313/269/198 312/268/197 135/267/196
f 316/272/201 315/271/200 314/270/199 135/267/196
f 312/268/197 317/273/202 316/272/201 135/267/196
f 320/277/206 319/276/205 318/275/204 136/274/203
f 322/279/208 321/278/207 320/277/206 136/274/203
f 318/275/204 324/281/210 323/280/209 136/274/203
f 323/280/209 326/283/212 325/282/211 136/274/203
f 328/287/215 321/286/207 327/285/214 137/284/213
f 327/285/214 330/289/217 329/288/216 137/284/213
f 329/288/216 331/290/218 328/287/215 137/284/213
f 334/294/222 333/293/221 332/292/220 138/291/219
f 332/292/220 336/296/224 335/295/223 138/291/219
f 335/295/223 337/297/225 334/294/222 138/291/219
f 340/301/229 339/300/228 338/299/227 139/298/226
f 342/303/231 341/302/230 340/301/229 139/298/226
f 338/299/227 344/305/233 343/304/232 139/298/226
f 346/307/235 345/306/234 342/303/231 139/298/226
f 343/304/232 347/308/236 346/307/235 139/298/226
f 350/312/240 349/311/239 348/310/238 140/309/237
f 352/314/242 351/313/241 350/312/240 140/309/237
f 348/310/238 354/316/244 353/315/243 140/309/237
f 356/318/246 355/317/245 352/314/242 140/309/237
f 353/315/243 357/319/247 356/318/246 140/309/237
f 360/323/251 359/322/250 358/321/249 141/320/248
f 358/327/249 362/326/253 361/325/252 141/324/248
f 351/313/241 142/329/255 363/328/254 141/324/248
f 363/331/254 364/330/256 360/323/251 141/320/248
f 366/333/258 365/332/257 363/328/254 142/329/255
f 351/313/241 352/314/242 366/333/258 142/329/255
f 144/337/262 367/336/261 145/335/260 143/334/259
f 369/339/264 368/338/263 144/337/262 143/334/259
f 145/335/260 370/340/265 369/339/264 143/334/259
f 368/338/263 365/332/257 366/333/258 144/337/262
f 366/333/258 352/314/242 355/317/245 144/337/262
f 355/317/245 371/341/266 367/336/261 144/337/262
f 367/336/261 372/342/267 370/340/265 145/335/260
f 375/346/271 374/345/270 373/344/269 146/343/268
f 377/348/273 376/347/272 375/346/271 146/343/268
f 373/344/269 378/349/274 377/348/273 146/343/268
f 381/353/278 380/352/277 379/351/276 147/350/275
f 383/355/280 382/354/279 381/353/278 147/350/275
f 385/357/282 384/356/281 383/355/280 147/350/275
f 379/351/276 387/359/284 386/358/283 147/350/275
f 386/358/283 388/360/285 385/357/282 147/350/275
f 388/360/285 386/358/283 389/362/287 148/361/286
f 391/364/289 390/363/288 388/360/285 148/361/286
f 389/362/287 392/365/290 391/364/289 148/361/286
f 395/369/294 394/368/293 393/367/292 149/366/291
f 393/367/292 378/349/274 373/344/269 149/366/291
f 373/344/269 374/345/270 396/370/295 149/366/291
f 398/372/297 397/371/296 395/369/294 149/366/291
f 396/370/295 164/373/298 398/372/297 149/366/291
f 392/365/290 400/376/301 399/375/300 150/374/299
f 401/377/302 391/364/289 392/365/290 150/374/299
f 236/379/304 152/378/303 401/377/302 150/374/299
f 402/381/306 152/378/303 236/379/304 151/380/305
f 404/383/308 403/382/307 401/377/302 152/378/303
f 406/385/310 405/384/309 404/383/308 152/378/303
f 402/381/306 407/386/311 406/385/310 152/378/303
f 410/390/315 409/389/314 408/388/313 153/387/312
f 408/388/313 412/392/317 411/391/316 153/387/312
f 411/391/316 413/393/318 410/390/315 153/387/312
f 416/397/322 415/396/321 414/395/320 154/394/319
f 418/399/324 417/398/323 416/397/322 154/394/319
f 414/395/320 419/400/325 418/399/324 154/394/319
f 422/404/329 421/403/328 420/402/327 155/401/326
f 425/407/332 424/406/331 423/405/330 155/401/326
f 420/402/327 426/408/333 425/407/332 155/401/326
f 423/405/330 428/410/335 427/409/334 155/401/326
f 427/409/334 429/411/336 422/404/329 155/401/326
f 431/414/339 419/400/325 430/413/338 156/412/337
f 430/413/338 433/416/341 432/415/340 156/412/337
f 432/415/340 434/417/342 431/414/339 156/412/337
f 437/421/346 436/420/345 435/419/344 157/418/343
f 439/423/348 438/422/347 437/421/346 157/418/343
f 435/419/344 440/424/349 439/423/348 157/418/343
f 443/428/353 442/427/352 441/426/351 158/425/350
f 445/430/355 444/429/354 443/428/353 158/425/350
f 446/432/357 162/431/356 445/430/355 158/425/350
f 441/426/351 448/434/359 447/433/358 158/425/350
f 447/433/358 449/435/360 446/432/357 158/425/350
f 452/439/364 451/438/363 450/437/362 159/436/361
f 450/437/362 454/441/366 453/440/365 159/436/361
f 453/440/365 455/442/367 452/439/364 159/436/361
f 458/446/371 457/445/370 456/444/369 160/443/368
f 456/444/369 460/448/373 459/447/372 160/443/368
f 459/447/372 462/450/375 461/449/374 160/443/368
f 464/452/377 463/451/376 458/446/371 160/443/368
f 461/449/374 465/453/378 464/452/377 160/443/368
f 468/457/382 467/456/381 466/455/380 161/454/379
f 470/459/384 469/458/383 468/457/382 161/454/379
f 473/462/387 472/461/386 471/460/385 161/454/379
f 466/455/380 474/463/388 473/462/387 161/454/379
f 471/460/385 475/464/389 470/459/384 161/454/379
f 478/467/392 477/466/391 476/465/390 162/431/356
f 480/469/394 479/468/393 478/467/392 162/431/356
f 476/465/390 481/470/395 445/430/355 162/431/356
f 446/432/357 482/471/396 480/469/394 162/431/356
f 485/475/400 484/474/399 483/473/398 163/472/397
f 483/473/398 487/477/402 486/476/401 163/472/397
f 486/476/401 489/479/404 488/478/403 163/472/397
f 488/478/403 491/481/406 490/480/405 163/472/397
f 490/480/405 472/461/386 485/475/400 163/472/397
f 396/370/295 495/483/408 494/482/407 164/373/298
f 494/482/407 496/485/410 493/484/409 164/373/298
f 499/489/414 498/488/413 497/487/412 165/486/411
f 501/491/416 500/490/415 499/489/414 165/486/411
f 497/487/412 502/492/417 501/491/416 165/486/411
f 505/496/421 504/495/420 503/494/419 166/493/418
f 503/494/419 507/498/423 506/497/422 166/493/418
f 506/497/422 508/499/424 505/496/421 166/493/418
f 511/503/428 510/502/427 509/501/426 167/500/425
f 514/506/431 513/505/430 512/504/429 167/500/425
f 516/508/433 515/507/432 514/506/431 167/500/425
f 512/504/429 517/509/434 511/503/428 167/500/425
f 509/501/426 518/510/435 516/508/433 167/500/425
f 521/514/439 520/513/438 519/512/437 168/511/436
f 523/516/441 522/515/440 521/514/439 168/511/436
f 519/512/437 524/517/442 523/516/441 168/511/436
f 527/521/446 526/520/445 525/519/444 169/518/443
f 525/519/444 529/523/448 528/522/447 169/518/443
f 528/522/447 530/524/449 527/521/446 169/518/443
f 533/528/453 532/527/452 531/526/451 170/525/450
f 531/526/451 535/530/455 534/529/454 170/525/450
f 537/532/457 536/531/456 533/528/453 170/525/450
f 534/529/454 539/534/459 538/533/458 170/525/450
f 538/533/458 540/535/460 537/532/457 170/525/450
f 547/539/464 546/538/463 545/537/462 171/536/461
f 545/537/462 549/541/466 548/540/465 171/536/461
f 548/540/465 550/542/467 547/539/464 171/536/461
f 553/546/471 552/545/470 551/544/469 172/543/468
f 555/548/473 554/547/472 553/546/471 172/543/468
f 558/551/476 557/550/475 556/549/474 172/543/468
f 556/549/474 559/552/477 555/548/473 172/543/468
f 551/544/469 560/553/478 558/551/476 172/543/468
f 563/557/482 562/556/481 561/555/480 173/554/479
f 561/555/480 565/559/484 564/558/483 173/554/479
f 564/558/483 566/561/486 240/560/485 173/554/479
f 240/560/485 568/563/488 567/562/487 173/554/479
f 567/562/487 569/564/489 563/557/482 173/554/479
f 572/568/493 571/567/492 570/566/491 174/565/490
f 575/571/496 574/570/495 573/569/494 174/565/490
f 573/569/494 576/572/497 572/568/493 174/565/490
f 570/566/491 578/574/499 577/573/498 174/565/490
f 577/573/498 579/575/500 575/571/496 174/565/490
f 582/579/504 581/578/503 580/577/502 175/576/501
f 580/577/502 584/581/506 583/580/505 175/576/501
f 583/580/505 585/582/507 582/579/504 175/576/501
f 588/586/511 587/585/510 586/584/509 176/583/508
f 590/588/513 589/587/512 588/586/511 176/583/508
f 586/584/509 591/589/514 590/588/513 176/583/508
f 594/593/518 593/592/517 592/591/516 177/590/515
f 592/591/516 596/595/520 595/594/519 177/590/515
f 598/597/522 597/596/521 594/593/518 177/590/515
f 595/594/519 599/599/524 241/598/523 177/590/515
f 241/598/523 600/600/525 598/597/522 177/590/515
f 603/604/529 602/603/528 601/602/527 178/601/526
f 605/608/531 604/607/530 603/606/529 178/605/526
f 601/602/527 588/586/511 589/587/512 178/601/526
f 607/610/533 606/609/532 605/608/531 178/605/526
f 609/613/536 608/612/535 604/607/530 179/611/534
f 611/615/538 610/614/537 609/613/536 179/611/534
f 604/607/530 605/608/531 611/615/538 179/611/534
f 614/619/542 613/618/541 612/617/540 180/616/539
f 612/617/540 616/621/544 615/620/543 180/616/539
f 615/620/543 618/623/546 617/622/545 180/616/539
f 620/625/548 619/624/547 614/619/542 180/616/539
f 617/622/545 621/626/549 620/625/548 180/616/539
f 622/628/551 610/614/537 611/615/538 181/627/550
f 624/630/553 623/629/552 622/628/551 181/627/550
f 606/609/532 626/632/555 625/631/554 181/627/550
f 611/615/538 605/608/531 606/609/532 181/627/550
f 625/631/554 627/633/556 624/630/553 181/627/550
f 630/637/560 629/636/559 628/635/558 182/634/557
f 632/639/562 631/638/561 630/637/560 182/634/557
f 628/635/558 621/640/549 632/639/562 182/634/557
f 635/644/566 634/643/565 633/642/564 183/641/563
f 633/642/564 637/646/568 636/645/567 183/641/563
f 636/645/567 638/647/569 635/644/566 183/641/563
f 641/651/573 640/650/572 639/649/571 184/648/570
f 639/649/571 643/653/575 642/652/574 184/648/570
f 642/652/574 644/654/576 641/651/573 184/648/570
f 647/658/580 646/657/579 645/656/578 185/655/577
f 649/660/582 648/659/581 647/658/580 185/655/577
f 652/663/585 651/662/584 650/661/583 185/655/577
f 650/661/583 653/664/586 649/660/582 185/655/577
f 645/656/578 654/665/587 652/663/585 185/655/577
f 657/669/591 656/668/590 655/667/589 186/666/588
f 659/671/593 658/670/592 657/669/591 186/666/588
f 662/674/596 661/673/595 660/672/594 186/666/588
f 655/667/589 663/675/597 662/674/596 186/666/588
f 665/679/601 244/678/600 664/677/599 187/676/598
f 666/682/603 228/681/602 665/679/601 187/680/598
f 664/685/599 229/684/604 666/682/603 187/683/598
f 669/689/608 668/688/607 667/687/606 188/686/605
f 667/693/606 190/692/610 670/691/609 188/690/605
f 673/697/614 672/696/613 671/695/612 189/694/611
f 676/700/617 675/699/616 674/698/615 189/694/611
f 678/702/619 677/701/618 673/697/614 189/694/611
f 674/698/615 679/703/620 678/702/619 189/694/611
f 680/705/622 191/704/621 670/691/609 190/692/610
f 667/693/606 681/706/623 680/705/622 190/692/610
f 683/708/625 682/707/624 670/691/609 191/704/621
f 685/710/627 684/709/626 683/708/625 191/704/621
f 680/705/622 687/712/629 686/711/628 191/704/621
f 686/711/628 688/713/630 685/710/627 191/704/621
f 690/716/633 689/715/632 688/713/630 192/714/631
f 688/713/630 686/711/628 692/717/634 192/714/631
f 694/721/638 693/720/637 194/719/636 193/718/635
f 696/723/640 695/722/639 193/718/635 194/719/636
f 439/423/348 440/424/349 698/725/642 195/724/641
f 699/726/643 438/422/347 439/423/348 195/724/641
f 701/728/645 700/727/644 699/726/643 195/724/641
f 698/725/642 703/730/647 702/729/646 195/724/641
f 702/729/646 704/731/648 701/728/645 195/724/641
f 707/735/652 706/734/651 705/733/650 196/732/649
f 709/737/654 708/736/653 707/735/652 196/732/649
f 705/733/650 711/739/656 710/738/655 196/732/649
f 713/741/658 712/740/657 709/737/654 196/732/649
f 710/738/655 714/742/659 713/741/658 196/732/649
f 717/746/663 716/745/662 715/744/661 197/743/660
f 719/748/665 718/747/664 717/746/663 197/743/660
f 715/744/661 720/749/666 719/748/665 197/743/660
f 727/753/670 726/752/669 725/751/668 198/750/667
f 725/751/668 729/755/672 728/754/671 198/750/667
f 731/757/674 730/756/673 727/753/670 198/750/667
f 728/754/671 733/759/676 732/758/675 198/750/667
f 732/758/675 734/760/677 731/757/674 198/750/667
f 737/764/681 736/763/680 735/762/679 199/761/678
f 735/762/679 739/766/683 738/765/682 199/761/678
f 738/765/682 740/767/684 737/764/681 199/761/678
f 743/771/688 742/770/687 741/769/686 200/768/685
f 745/773/690 744/772/689 743/771/688 200/768/685
f 748/776/693 747/775/692 746/774/691 200/768/685
f 746/774/691 749/777/694 745/773/690 200/768/685
f 741/769/686 750/778/695 748/776/693 200/768/685
f 753/782/699 752/781/698 751/780/697 201/779/696
f 755/784/701 754/783/700 753/782/699 201/779/696
f 751/780/697 756/785/702 755/784/701 201/779/696
f 759/789/706 758/788/705 757/787/704 202/786/703
f 757/787/704 761/791/708 760/790/707 202/786/703
f 760/790/707 762/792/709 759/789/706 202/786/703
f 488/478/403 489/479/404 763/794/711 203/793/710
f 764/795/712 491/481/406 488/478/403 203/793/710
f 763/794/711 766/797/714 765/796/713 203/793/710
f 765/796/713 768/799/716 767/798/715 203/793/710
f 767/798/715 769/800/717 764/795/712 203/793/710
f 775/804/721 774/803/720 773/802/719 204/801/718
f 773/802/719 776/806/723 772/805/722 204/801/718
f 779/810/727 778/809/726 777/808/725 205/807/724
f 781/812/729 780/811/728 779/810/727 205/807/724
f 777/808/725 782/813/730 781/812/729 205/807/724
f 785/817/734 784/816/733 783/815/732 206/814/731
f 787/819/736 786/818/735 785/817/734 206/814/731
f 783/815/732 789/821/738 788/820/737 206/814/731
f 788/820/737 791/823/740 790/822/739 206/814/731
f 790/822/739 792/824/741 787/819/736 206/814/731
f 793/826/743 578/574/499 570/566/491 207/825/742
f 570/566/491 571/567/492 794/827/744 207/825/742
f 797/830/747 796/829/746 795/828/745 207/825/742
f 795/828/745 798/831/748 793/826/743 207/825/742
f 794/827/744 799/832/749 797/830/747 207/825/742
f 802/836/753 801/835/752 800/834/751 208/833/750
f 800/834/751 804/838/755 803/837/754 208/833/750
f 806/840/757 799/832/749 805/839/756 208/833/750
f 805/839/756 807/841/758 802/836/753 208/833/750
f 803/837/754 808/842/759 806/840/757 208/833/750
f 811/846/763 810/845/762 809/844/761 209/843/760
f 814/849/766 813/848/765 812/847/764 209/843/760
f 812/847/764 816/851/768 815/850/767 209/843/760
f 815/850/767 817/852/769 811/846/763 209/843/760
f 809/844/761 818/853/770 814/849/766 209/843/760
f 821/857/774 820/856/773 819/855/772 210/854/771
f 823/859/776 822/858/775 821/857/774 210/854/771
f 826/862/779 825/861/778 824/860/777 210/854/771
f 824/860/777 827/863/780 823/859/776 210/854/771
f 819/855/772 828/864/781 826/862/779 210/854/771
f 831/868/785 830/867/784 829/866/783 211/865/782
f 833/870/787 832/869/786 831/868/785 211/865/782
f 829/866/783 834/871/788 833/870/787 211/865/782
f 837/875/792 836/874/791 835/873/790 212/872/789
f 840/878/795 839/877/794 838/876/793 212/872/789
f 838/876/793 841/879/796 837/875/792 212/872/789
f 835/873/790 783/815/732 784/816/733 212/872/789
f 784/816/733 842/880/797 840/878/795 212/872/789
f 845/884/801 844/883/800 843/882/799 213/881/798
f 843/882/799 847/886/803 846/885/802 213/881/798
f 846/885/802 848/887/804 845/884/801 213/881/798
f 851/891/808 850/890/807 849/889/806 214/888/805
f 853/893/810 852/892/809 851/891/808 214/888/805
f 849/889/806 854/894/811 853/893/810 214/888/805
f 857/898/815 856/897/814 855/896/813 215/895/812
f 859/900/817 858/899/816 857/898/815 215/895/812
f 844/883/800 845/884/801 859/900/817 215/895/812
f 861/902/819 860/901/818 844/883/800 215/895/812
f 855/896/813 862/903/820 861/902/819 215/895/812
f 865/907/824 864/906/823 863/905/822 216/904/821
f 863/905/822 852/892/809 866/908/825 216/904/821
f 866/908/825 867/909/826 865/907/824 216/904/821
f 870/913/830 869/912/829 868/911/828 217/910/827
f 868/911/828 819/855/772 820/856/773 217/910/827
f 820/856/773 871/915/832 219/914/831 217/910/827
f 874/919/836 873/918/835 872/917/834 218/916/833
f 876/921/838 875/920/837 874/919/836 218/916/833
f 872/917/834 877/922/839 876/921/838 218/916/833
f 879/924/841 878/923/840 217/910/827 219/914/831
f 871/915/832 880/925/842 879/924/841 219/914/831
f 883/929/846 882/928/845 881/927/844 220/926/843
f 881/927/844 885/931/848 884/930/847 220/926/843
f 884/930/847 887/933/850 886/932/849 220/926/843
f 889/935/852 888/934/851 883/929/846 220/926/843
f 886/932/849 890/936/853 889/935/852 220/926/843
f 890/936/853 886/932/849 891/938/855 221/937/854
f 880/925/842 892/939/856 890/936/853 221/937/854
f 891/938/855 879/924/841 880/925/842 221/937/854
f 775/804/721 204/801/718 893/941/858 222/940/857
f 893/941/858 895/943/860 894/942/859 222/940/857
f 894/942/859 897/945/862 896/944/861 222/940/857
f 899/947/864 898/946/863 775/804/721 222/940/857
f 896/944/861 900/948/865 899/947/864 222/940/857
f 903/952/869 902/951/868 901/950/867 223/949/866
f 905/954/871 904/953/870 903/952/869 223/949/866
f 901/950/867 906/955/872 905/954/871 223/949/866
f 909/959/876 908/958/875 907/957/874 224/956/873
f 911/961/878 910/960/877 909/959/876 224/956/873
f 907/957/874 912/962/879 911/961/878 224/956/873
f 915/966/883 914/965/882 913/964/881 225/963/880
f 917/968/885 916/967/884 915/966/883 225/963/880
f 913/964/881 918/969/886 917/968/885 225/963/880
f 287/234/166 920/971/888 919/970/887 226/233/165
f 919/970/887 233/972/889 286/232/164 226/233/165
f 922/975/891 921/974/890 288/236/168 227/973/169
f 286/977/164 233/976/889 922/975/891 227/973/169
f 666/682/603 923/979/893 245/978/892 228/681/602
f 245/978/892 924/980/894 665/679/601 228/681/602
f 664/685/599 926/982/896 925/981/895 229/684/604
f 925/981/895 923/979/893 666/682/603 229/684/604
f 928/985/899 264/203/135 927/984/898 230/983/897
f 930/989/901 929/988/900 928/987/899 230/986/897
f 932/991/903 931/990/902 930/989/901 230/986/897
f 934/993/905 933/992/904 932/991/903 230/986/897
f 927/984/898 935/995/906 934/994/905 230/983/897
f 937/999/908 936/998/907 231/997/161 130/996/162
f 272/213/145 273/214/146 937/1000/908 130/230/162
f 936/998/907 938/1002/909 285/1001/160 231/997/161
f 234/1003/910 920/971/888 287/234/166 232/235/167
f 288/236/168 921/974/890 234/1003/910 232/235/167
f 941/1006/913 940/1005/912 939/1004/911 233/976/889
f 919/970/887 942/1008/914 941/1007/913 233/972/889
f 939/1004/911 943/1009/915 922/975/891 233/976/889
f 945/1011/917 944/1010/916 920/971/888 234/1003/910
f 947/1013/919 946/1012/918 945/1011/917 234/1003/910
f 921/974/890 948/1014/920 947/1013/919 234/1003/910
f 951/1018/924 950/1017/923 949/1016/922 235/1015/921
f 949/1016/922 365/1020/257 368/1019/263 235/1015/921
f 368/338/263 369/339/264 952/1022/925 235/1021/921
f 953/1024/927 390/363/288 403/382/307 237/1023/926
f 955/1026/929 954/1025/928 953/1024/927 237/1023/926
f 957/1028/931 956/1027/930 955/1026/929 237/1023/926
f 403/382/307 404/383/308 958/1029/932 237/1023/926
f 958/1029/932 959/1030/933 957/1028/931 237/1023/926
f 962/1034/937 961/1033/936 960/1032/935 238/1031/934
f 965/1037/940 964/1036/939 963/1035/938 238/1031/934
f 960/1032/935 966/1038/941 965/1037/940 238/1031/934
f 963/1035/938 496/485/410 967/1039/942 238/1031/934
f 967/1039/942 968/1040/943 962/1034/937 238/1031/934
f 971/1044/947 970/1043/946 969/1042/945 239/1041/944
f 973/1046/949 972/1045/948 971/1044/947 239/1041/944
f 975/1048/951 974/1047/950 973/1046/949 239/1041/944
f 977/1050/953 976/1049/952 975/1048/951 239/1041/944
f 969/1042/945 978/1051/954 977/1050/953 239/1041/944
f 566/561/486 847/886/803 568/563/488 240/560/485
f 599/599/524 979/1052/955 600/600/525 241/598/523
f 982/1056/959 981/1055/958 980/1054/957 242/1053/956
f 631/638/561 632/639/562 983/1058/960 242/1057/956
f 983/1060/960 984/1059/961 982/1056/959 242/1053/956
f 986/1062/963 985/1061/962 631/638/561 242/1057/956
f 980/1054/957 987/1064/964 986/1063/963 242/1053/956
f 924/980/894 989/1067/967 988/1066/966 243/1065/965
f 244/678/600 665/679/601 924/980/894 243/1065/965
f 988/1066/966 651/662/584 990/1068/968 243/1065/965
f 990/1068/968 991/1070/969 926/1069/896 243/1065/965
f 926/1069/896 664/677/599 244/678/600 243/1065/965
f 994/1073/972 993/1072/971 992/1071/970 245/978/892
f 923/979/893 995/1074/973 994/1073/972 245/978/892
f 992/1071/970 989/1067/967 924/980/894 245/978/892
f 997/1076/975 996/1075/974 669/689/608 188/686/605
f 670/691/609 682/707/624 997/1077/975 188/690/605
f 1000/1081/979 999/1080/978 998/1079/977 246/1078/976
f 998/1079/977 1002/1083/981 1001/1082/980 246/1078/976
f 1001/1082/980 1004/1085/983 1003/1084/982 246/1078/976
f 1003/1084/982 1006/1087/985 1005/1086/984 246/1078/976
f 1005/1086/984 1007/1088/986 1000/1081/979 246/1078/976
f 1010/1092/990 1009/1091/989 1008/1090/988 247/1089/987
f 440/424/349 435/419/344 1010/1092/990 247/1089/987
f 1008/1090/988 698/725/642 440/424/349 247/1089/987
f 1013/1096/994 1012/1095/993 1011/1094/992 248/1093/991
f 1011/1094/992 1015/1098/996 1014/1097/995 248/1093/991
f 1017/1100/998 1016/1099/997 1013/1096/994 248/1093/991
f 1014/1097/995 1019/1102/1000 1018/1101/999 248/1093/991
f 1018/1101/999 1020/1103/1001 1017/1100/998 248/1093/991
f 1023/1107/1005 1022/1106/1004 1021/1105/1003 249/1104/1002
f 1017/1100/998 1020/1103/1001 1023/1107/1005 249/1104/1002
f 1021/1105/1003 1016/1099/997 1017/1100/998 249/1104/1002
f 1026/1111/1009 1025/1110/1008 1024/1109/1007 250/1108/1006
f 1024/1109/1007 1028/1113/1011 1027/1112/1010 250/1108/1006
f 1027/1112/1010 1030/1115/1013 1029/1114/1012 250/1108/1006
f 1032/1117/1015 1031/1116/1014 1026/1111/1009 250/1108/1006
f 1029/1114/1012 776/806/723 1032/1117/1015 250/1108/1006
f 1034/1119/1017 1033/1118/1016 1031/1116/1014 1032/1117/1015
f 776/806/723 773/802/719 1034/1119/1017 1032/1117/1015
f 1036/1121/1019 1035/1120/1018 1033/1118/1016 1034/1119/1017
f 773/802/719 774/803/720 1036/1121/1019 1034/1119/1017
f 1038/1123/1021 1037/1122/1020 1035/1120/1018 1036/1121/1019
f 774/803/720 1039/1124/1022 1038/1123/1021 1036/1121/1019
f 1041/1126/1024 1040/1125/1023 1038/1123/1021 1039/1124/1022
f 898/946/863 1042/1127/1025 1041/1126/1024 1039/1124/1022
f 774/803/720 775/804/721 898/946/863 1039/1124/1022
f 1044/1129/1027 1043/1128/1026 1041/1126/1024 1042/1127/1025
f 906/955/872 901/950/867 1044/1129/1027 1042/1127/1025
f 898/946/863 899/947/864 906/955/872 1042/1127/1025
f 1046/1131/1029 1045/1130/1028 1043/1128/1026 1044/1129/1027
f 901/950/867 902/951/868 1046/1131/1029 1044/1129/1027
f 902/951/868 1048/1133/1031 1047/1132/1030 1046/1131/1029
f 1047/1132/1030 1049/1134/1032 1045/1130/1028 1046/1131/1029
f 1047/1132/1030 1051/1136/1034 1050/1135/1033 1049/1134/1032
f 780/811/728 781/812/729 1045/1130/1028 1049/1134/1032
f 1050/1135/1033 1052/1137/1035 780/811/728 1049/1134/1032
f 1050/1135/1033 1054/1139/1037 1053/1138/1036 1052/1137/1035
f 1055/1140/1038 779/810/727 780/811/728 1052/1137/1035
f 1053/1138/1036 1056/1141/1039 1055/1140/1038 1052/1137/1035
f 1053/1138/1036 1058/1143/1041 1057/1142/1040 1056/1141/1039
f 1060/1145/1043 1059/1144/1042 1055/1140/1038 1056/1141/1039
f 1057/1142/1040 1061/1146/1044 1060/1145/1043 1056/1141/1039
f 1057/1142/1040 734/760/677 732/758/675 1061/1146/1044
f 1063/1148/1046 1062/1147/1045 1060/1145/1043 1061/1146/1044
f 732/758/675 733/759/676 1063/1148/1046 1061/1146/1044
f 754/783/700 755/784/701 1062/1147/1045 1063/1148/1046
f 733/759/676 1064/1149/1047 754/783/700 1063/1148/1046
f 1065/1150/1048 753/782/699 754/783/700 1064/1149/1047
f 1067/1152/1050 1066/1151/1049 1065/1150/1048 1064/1149/1047
f 733/759/676 728/754/671 1067/1152/1050 1064/1149/1047
f 1069/1154/1052 1068/1153/1051 1066/1151/1049 1067/1152/1050
f 728/754/671 729/755/672 1069/1154/1052 1067/1152/1050
f 1070/1155/1053 749/777/694 1068/1153/1051 1069/1154/1052
f 729/755/672 1071/1156/1054 1070/1155/1053 1069/1154/1052
f 729/755/672 725/751/668 1072/1157/1055 1071/1156/1054
f 1074/1159/1057 1073/1158/1056 1070/1155/1053 1071/1156/1054
f 1072/1157/1055 1075/1160/1058 1074/1159/1057 1071/1156/1054
f 1072/1157/1055 1077/1162/1060 1076/1161/1059 1075/1160/1058
f 1079/1164/1062 1078/1163/1061 1074/1159/1057 1075/1160/1058
f 1076/1161/1059 1080/1165/1063 1079/1164/1062 1075/1160/1058
f 1076/1161/1059 767/798/715 768/799/716 1080/1165/1063
f 1082/1167/1065 1081/1166/1064 1079/1164/1062 1080/1165/1063
f 768/799/716 1083/1168/1066 1082/1167/1065 1080/1165/1063
f 768/799/716 765/796/713 1084/1169/1067 1083/1168/1066
f 1086/1171/1069 1085/1170/1068 1082/1167/1065 1083/1168/1066
f 1084/1169/1067 1087/1172/1070 1086/1171/1069 1083/1168/1066
f 1084/1169/1067 1089/1174/1072 1088/1173/1071 1087/1172/1070
f 1091/1176/1074 1090/1175/1073 1086/1171/1069 1087/1172/1070
f 1088/1173/1071 1092/1177/1075 1091/1176/1074 1087/1172/1070
f 1088/1173/1071 1094/1179/1077 1093/1178/1076 1092/1177/1075
f 1096/1181/1079 1095/1180/1078 1091/1176/1074 1092/1177/1075
f 1093/1178/1076 1097/1182/1080 1096/1181/1079 1092/1177/1075
f 1093/1178/1076 1099/1184/1082 1098/1183/1081 1097/1182/1080
f 1100/1185/1083 758/788/705 1096/1181/1079 1097/1182/1080
f 1098/1183/1081 1101/1186/1084 1100/1185/1083 1097/1182/1080
f 1098/1183/1081 1103/1188/1086 1102/1187/1085 1101/1186/1084
f 1105/1190/1088 1104/1189/1087 1100/1185/1083 1101/1186/1084
f 1102/1187/1085 1106/1191/1089 1105/1190/1088 1101/1186/1084
f 1102/1187/1085 1108/1193/1091 1107/1192/1090 1106/1191/1089
f 1110/1195/1093 1109/1194/1092 1105/1190/1088 1106/1191/1089
f 1107/1192/1090 706/734/651 1110/1195/1093 1106/1191/1089
f 1112/1197/1095 1111/1196/1094 1109/1194/1092 1110/1195/1093
f 706/734/651 707/735/652 1112/1197/1095 1110/1195/1093
f 1113/1198/1096 716/745/662 1111/1196/1094 1112/1197/1095
f 707/735/652 708/736/653 1113/1198/1096 1112/1197/1095
f 708/736/653 1115/1200/1098 1114/1199/1097 1113/1198/1096
f 1114/1199/1097 715/744/661 716/745/662 1113/1198/1096
f 1118/1203/1101 1117/1202/1100 1116/1201/1099 1115/1200/1098
f 708/736/653 709/737/654 1118/1203/1101 1115/1200/1098
f 1116/1201/1099 1119/1204/1102 1114/1199/1097 1115/1200/1098
f 1116/1201/1099 1121/1206/1104 1120/1205/1103 1119/1204/1102
f 720/749/666 715/744/661 1114/1199/1097 1119/1204/1102
f 1120/1205/1103 1122/1207/1105 720/749/666 1119/1204/1102
f 1120/1205/1103 1124/1209/1107 1123/1208/1106 1122/1207/1105
f 1125/1210/1108 719/748/665 720/749/666 1122/1207/1105
f 1123/1208/1106 1126/1211/1109 1125/1210/1108 1122/1207/1105
f 1129/1214/1112 1128/1213/1111 1127/1212/1110 1126/1211/1109
f 1123/1208/1106 736/763/680 1129/1214/1112 1126/1211/1109
f 1127/1212/1110 1130/1215/1113 1125/1210/1108 1126/1211/1109
f 1127/1212/1110 1132/1217/1115 1131/1216/1114 1130/1215/1113
f 718/747/664 719/748/665 1125/1210/1108 1130/1215/1113
f 1131/1216/1114 1133/1218/1116 718/747/664 1130/1215/1113
f 1131/1216/1114 760/790/707 761/791/708 1133/1218/1116
f 1134/1219/1117 717/746/663 718/747/664 1133/1218/1116
f 761/791/708 1135/1220/1118 1134/1219/1117 1133/1218/1116
f 1104/1189/1087 1105/1190/1088 1109/1194/1092 1135/1220/1118
f 761/791/708 757/787/704 1104/1189/1087 1135/1220/1118
f 1109/1194/1092 1111/1196/1094 1134/1219/1117 1135/1220/1118
f 1111/1196/1094 716/745/662 717/746/663 1134/1219/1117
f 1137/1222/1120 1136/1221/1119 762/792/709 1132/1217/1115
f 1127/1212/1110 1128/1213/1111 1137/1222/1120 1132/1217/1115
f 762/792/709 760/790/707 1131/1216/1114 1132/1217/1115
f 1138/1223/1121 1090/1175/1073 1136/1221/1119 1137/1222/1120
f 1128/1213/1111 1139/1224/1122 1138/1223/1121 1137/1222/1120
f 1140/1225/1123 1085/1170/1068 1138/1223/1121 1139/1224/1122
f 1142/1227/1125 1141/1226/1124 1140/1225/1123 1139/1224/1122
f 1128/1213/1111 1129/1214/1112 1142/1227/1125 1139/1224/1122
f 737/764/681 740/767/684 1141/1226/1124 1142/1227/1125
f 1129/1214/1112 736/763/680 737/764/681 1142/1227/1125
f 1143/1228/1126 1081/1166/1064 1140/1225/1123 1141/1226/1124
f 740/767/684 1144/1229/1127 1143/1228/1126 1141/1226/1124
f 1145/1230/1128 1078/1163/1061 1143/1228/1126 1144/1229/1127
f 1146/1231/1129 744/772/689 1145/1230/1128 1144/1229/1127
f 740/767/684 738/765/682 1146/1231/1129 1144/1229/1127
f 1147/1232/1130 743/771/688 744/772/689 1146/1231/1129
f 738/765/682 739/766/683 1147/1232/1130 1146/1231/1129
f 1148/1233/1131 742/770/687 743/771/688 1147/1232/1130
f 739/766/683 1149/1234/1132 1148/1233/1131 1147/1232/1130
f 1121/1206/1104 1150/1235/1133 1148/1233/1131 1149/1234/1132
f 1124/1209/1107 1120/1205/1103 1121/1206/1104 1149/1234/1132
f 739/766/683 735/762/679 1124/1209/1107 1149/1234/1132
f 1012/1095/993 742/770/687 1148/1233/1131 1150/1235/1133
f 1117/1202/1100 1011/1094/992 1012/1095/993 1150/1235/1133
f 1121/1206/1104 1116/1201/1099 1117/1202/1100 1150/1235/1133
f 1073/1158/1056 1074/1159/1057 1078/1163/1061 1145/1230/1128
f 744/772/689 745/773/690 1073/1158/1056 1145/1230/1128
f 1078/1163/1061 1079/1164/1062 1081/1166/1064 1143/1228/1126
f 1081/1166/1064 1082/1167/1065 1085/1170/1068 1140/1225/1123
f 1085/1170/1068 1086/1171/1069 1090/1175/1073 1138/1223/1121
f 1090/1175/1073 1091/1176/1074 1095/1180/1078 1136/1221/1119
f 1095/1180/1078 759/789/706 762/792/709 1136/1221/1119
f 735/762/679 736/763/680 1123/1208/1106 1124/1209/1107
f 1015/1098/996 1011/1094/992 1117/1202/1100 1118/1203/1101
f 709/737/654 712/740/657 1015/1098/996 1118/1203/1101
f 1153/1238/1136 1152/1237/1135 1151/1236/1134 1108/1193/1091
f 1102/1187/1085 1103/1188/1086 1153/1238/1136 1108/1193/1091
f 1151/1236/1134 1154/1239/1137 1107/1192/1090 1108/1193/1091
f 1151/1236/1134 1156/1241/1139 1155/1240/1138 1154/1239/1137
f 705/733/650 706/734/651 1107/1192/1090 1154/1239/1137
f 1155/1240/1138 711/739/656 705/733/650 1154/1239/1137
f 1159/1244/1142 1158/1243/1141 1157/1242/1140 1156/1241/1139
f 1151/1236/1134 1152/1237/1135 1159/1244/1142 1156/1241/1139
f 1157/1242/1140 1160/1245/1143 1155/1240/1138 1156/1241/1139
f 1157/1242/1140 1162/1247/1145 1161/1246/1144 1160/1245/1143
f 1163/1248/1146 711/739/656 1155/1240/1138 1160/1245/1143
f 1161/1246/1144 1164/1249/1147 1163/1248/1146 1160/1245/1143
f 1161/1246/1144 1165/1250/1148 700/727/644 1164/1249/1147
f 1167/1252/1150 1166/1251/1149 1163/1248/1146 1164/1249/1147
f 700/727/644 701/728/645 1167/1252/1150 1164/1249/1147
f 1169/1254/1152 1168/1253/1151 1166/1251/1149 1167/1252/1150
f 701/728/645 704/731/648 1169/1254/1152 1167/1252/1150
f 1171/1256/1154 1170/1255/1153 1168/1253/1151 1169/1254/1152
f 704/731/648 1172/1257/1155 1171/1256/1154 1169/1254/1152
f 1174/1259/1157 1173/1258/1156 1171/1256/1154 1172/1257/1155
f 1176/1261/1159 1175/1260/1158 1174/1259/1157 1172/1257/1155
f 704/731/648 702/729/646 1176/1261/1159 1172/1257/1155
f 1178/1263/1161 1177/1262/1160 1175/1260/1158 1176/1261/1159
f 702/729/646 703/730/647 1178/1263/1161 1176/1261/1159
f 597/1265/521 598/1264/522 1177/1262/1160 1178/1263/1161
f 703/730/647 1179/1266/1162 597/1265/521 1178/1263/1161
f 1180/1268/1163 594/593/518 597/596/521 1179/1267/1162
f 1008/1090/988 1009/1091/989 1180/1269/1163 1179/1266/1162
f 703/730/647 698/725/642 1008/1090/988 1179/1266/1162
f 1181/1270/1164 593/592/517 594/593/518 1180/1268/1163
f 1009/1091/989 1182/1272/1165 1181/1271/1164 1180/1269/1163
f 424/406/331 1183/1273/1166 1181/1271/1164 1182/1272/1165
f 1184/1274/1167 423/405/330 424/406/331 1182/1272/1165
f 1009/1091/989 1010/1092/990 1184/1274/1167 1182/1272/1165
f 436/420/345 428/410/335 423/405/330 1184/1274/1167
f 1010/1092/990 435/419/344 436/420/345 1184/1274/1167
f 1187/1278/1170 1186/1277/1169 1185/1276/1168 1183/1275/1166
f 424/406/331 425/407/332 1187/1279/1170 1183/1273/1166
f 1185/1276/1168 593/592/517 1181/1270/1164 1183/1275/1166
f 1189/1281/1172 1188/1280/1171 1186/1277/1169 1187/1278/1170
f 425/407/332 426/408/333 1189/1282/1172 1187/1279/1170
f 1191/1284/1174 1190/1283/1173 1188/1280/1171 1189/1281/1172
f 426/408/333 1192/1286/1175 1191/1285/1174 1189/1282/1172
f 1194/1288/1177 1193/1287/1176 1191/1285/1174 1192/1286/1175
f 1196/1290/1179 1195/1289/1178 1194/1288/1177 1192/1286/1175
f 426/408/333 420/402/327 1196/1290/1179 1192/1286/1175
f 1198/1292/1181 1197/1291/1180 1195/1289/1178 1196/1290/1179
f 420/402/327 421/403/328 1198/1292/1181 1196/1290/1179
f 465/453/378 461/449/374 1197/1291/1180 1198/1292/1181
f 421/403/328 1199/1293/1182 465/453/378 1198/1292/1181
f 1200/1294/1183 464/452/377 465/453/378 1199/1293/1182
f 1202/1296/1185 1201/1295/1184 1200/1294/1183 1199/1293/1182
f 421/403/328 422/404/329 1202/1296/1185 1199/1293/1182
f 1204/1298/1187 1203/1297/1186 1201/1295/1184 1202/1296/1185
f 422/404/329 429/411/336 1204/1298/1187 1202/1296/1185
f 1206/1300/1189 1205/1299/1188 1203/1297/1186 1204/1298/1187
f 429/411/336 1207/1301/1190 1206/1300/1189 1204/1298/1187
f 429/411/336 427/409/334 1208/1302/1191 1207/1301/1190
f 443/428/353 444/429/354 1206/1300/1189 1207/1301/1190
f 1208/1302/1191 442/427/352 443/428/353 1207/1301/1190
f 427/409/334 428/410/335 1209/1303/1192 1208/1302/1191
f 1209/1303/1192 1210/1304/1193 442/427/352 1208/1302/1191
f 1209/1303/1192 437/421/346 438/422/347 1210/1304/1193
f 1211/1305/1194 441/426/351 442/427/352 1210/1304/1193
f 438/422/347 699/726/643 1211/1305/1194 1210/1304/1193
f 1165/1250/1148 448/434/359 441/426/351 1211/1305/1194
f 699/726/643 700/727/644 1165/1250/1148 1211/1305/1194
f 428/410/335 436/420/345 437/421/346 1209/1303/1192
f 444/429/354 1212/1306/1195 1205/1299/1188 1206/1300/1189
f 1214/1308/1197 1213/1307/1196 1205/1299/1188 1212/1306/1195
f 481/470/395 1215/1309/1198 1214/1308/1197 1212/1306/1195
f 444/429/354 445/430/355 481/470/395 1212/1306/1195
f 432/415/340 433/416/341 1214/1308/1197 1215/1309/1198
f 1216/1310/1199 434/417/342 432/415/340 1215/1309/1198
f 481/470/395 476/465/390 1216/1310/1199 1215/1309/1198
f 476/465/390 477/466/391 1217/1311/1200 1216/1310/1199
f 1217/1311/1200 1218/1312/1201 434/417/342 1216/1310/1199
f 1217/1311/1200 1220/1314/1203 1219/1313/1202 1218/1312/1201
f 1221/1315/1204 431/414/339 434/417/342 1218/1312/1201
f 1219/1313/1202 1222/1316/1205 1221/1315/1204 1218/1312/1201
f 1219/1313/1202 1224/1318/1207 1223/1317/1206 1222/1316/1205
f 417/398/323 418/399/324 1221/1315/1204 1222/1316/1205
f 1223/1317/1206 1225/1319/1208 417/398/323 1222/1316/1205
f 1223/1317/1206 1227/1321/1210 1226/1320/1209 1225/1319/1208
f 1228/1322/1211 416/397/322 417/398/323 1225/1319/1208
f 1226/1320/1209 1229/1323/1212 1228/1322/1211 1225/1319/1208
f 1226/1320/1209 1231/1325/1214 1230/1324/1213 1229/1323/1212
f 1233/1327/1216 1232/1326/1215 1228/1322/1211 1229/1323/1212
f 1230/1324/1213 1234/1328/1217 1233/1327/1216 1229/1323/1212
f 454/441/366 1236/1330/1219 1235/1329/1218 1234/1328/1217
f 1230/1324/1213 453/440/365 454/441/366 1234/1328/1217
f 1235/1329/1218 1237/1331/1220 1233/1327/1216 1234/1328/1217
f 1235/1329/1218 1239/1333/1222 1238/1332/1221 1237/1331/1220
f 1240/1334/1223 1232/1326/1215 1233/1327/1216 1237/1331/1220
f 1238/1332/1221 1241/1335/1224 1240/1334/1223 1237/1331/1220
f 1238/1332/1221 1243/1337/1226 1242/1336/1225 1241/1335/1224
f 1245/1339/1228 1244/1338/1227 1240/1334/1223 1241/1335/1224
f 1242/1336/1225 1246/1340/1229 1245/1339/1228 1241/1335/1224
f 1242/1336/1225 1201/1295/1184 1203/1297/1186 1246/1340/1229
f 1213/1307/1196 1247/1341/1230 1245/1339/1228 1246/1340/1229
f 1203/1297/1186 1205/1299/1188 1213/1307/1196 1246/1340/1229
f 1248/1342/1231 1244/1338/1227 1245/1339/1228 1247/1341/1230
f 433/416/341 430/413/338 1248/1342/1231 1247/1341/1230
f 1213/1307/1196 1214/1308/1197 433/416/341 1247/1341/1230
f 414/395/320 415/396/321 1244/1338/1227 1248/1342/1231
f 430/413/338 419/400/325 414/395/320 1248/1342/1231
f 415/396/321 1232/1326/1215 1240/1334/1223 1244/1338/1227
f 463/451/376 464/452/377 1200/1294/1183 1243/1337/1226
f 1238/1332/1221 1239/1333/1222 463/451/376 1243/1337/1226
f 1200/1294/1183 1201/1295/1184 1242/1336/1225 1243/1337/1226
f 1249/1343/1232 458/446/371 463/451/376 1239/1333/1222
f 1235/1329/1218 1236/1330/1219 1249/1343/1232 1239/1333/1222
f 1250/1344/1233 457/445/370 458/446/371 1249/1343/1232
f 1236/1330/1219 1251/1345/1234 1250/1344/1233 1249/1343/1232
f 1253/1347/1236 1252/1346/1235 1250/1344/1233 1251/1345/1234
f 450/437/362 451/438/363 1253/1347/1236 1251/1345/1234
f 1236/1330/1219 454/441/366 450/437/362 1251/1345/1234
f 1255/1349/1238 1254/1348/1237 1252/1346/1235 1253/1347/1236
f 451/438/363 1256/1350/1239 1255/1349/1238 1253/1347/1236
f 1258/1352/1241 1257/1351/1240 1255/1349/1238 1256/1350/1239
f 1260/1354/1243 1259/1353/1242 1258/1352/1241 1256/1350/1239
f 451/438/363 452/439/364 1260/1354/1243 1256/1350/1239
f 1262/1356/1245 1261/1355/1244 1259/1353/1242 1260/1354/1243
f 452/439/364 455/442/367 1262/1356/1245 1260/1354/1243
f 1264/1358/1247 1263/1357/1246 1261/1355/1244 1262/1356/1245
f 455/442/367 1231/1325/1214 1264/1358/1247 1262/1356/1245
f 1227/1321/1210 1265/1359/1248 1263/1357/1246 1264/1358/1247
f 1231/1325/1214 1226/1320/1209 1227/1321/1210 1264/1358/1247
f 1267/1361/1250 1266/1360/1249 1263/1357/1246 1265/1359/1248
f 1224/1318/1207 1268/1362/1251 1267/1361/1250 1265/1359/1248
f 1227/1321/1210 1223/1317/1206 1224/1318/1207 1265/1359/1248
f 1270/1364/1253 1269/1363/1252 1267/1361/1250 1268/1362/1251
f 1220/1314/1203 1271/1365/1254 1270/1364/1253 1268/1362/1251
f 1224/1318/1207 1219/1313/1202 1220/1314/1203 1268/1362/1251
f 1273/1367/1256 1272/1366/1255 1270/1364/1253 1271/1365/1254
f 477/466/391 478/467/392 1273/1367/1256 1271/1365/1254
f 1220/1314/1203 1217/1311/1200 477/466/391 1271/1365/1254
f 1274/1368/1257 487/477/402 1272/1366/1255 1273/1367/1256
f 478/467/392 479/468/393 1274/1368/1257 1273/1367/1256
f 1275/1369/1258 486/476/401 487/477/402 1274/1368/1257
f 479/468/393 1276/1370/1259 1275/1369/1258 1274/1368/1257
f 479/468/393 480/469/394 1277/1371/1260 1276/1370/1259
f 1279/1373/1262 1278/1372/1261 1275/1369/1258 1276/1370/1259
f 1277/1371/1260 1280/1374/1263 1279/1373/1262 1276/1370/1259
f 1277/1371/1260 1282/1376/1265 1281/1375/1264 1280/1374/1263
f 1284/1378/1267 1283/1377/1266 1279/1373/1262 1280/1374/1263
f 1281/1375/1264 1285/1379/1268 1284/1378/1267 1280/1374/1263
f 1281/1375/1264 1287/1381/1270 1286/1380/1269 1285/1379/1268
f 1289/1383/1272 1288/1382/1271 1284/1378/1267 1285/1379/1268
f 1286/1380/1269 1290/1384/1273 1289/1383/1272 1285/1379/1268
f 1286/1380/1269 721/1386/1275 722/1385/1274 1290/1384/1273
f 1292/1388/1277 1291/1387/1276 1289/1383/1272 1290/1384/1273
f 722/1385/1274 1293/1389/1278 1292/1388/1277 1290/1384/1273
f 722/1385/1274 723/1391/1280 1294/1390/1279 1293/1389/1278
f 1296/1393/1282 1295/1392/1281 1292/1388/1277 1293/1389/1278
f 1294/1390/1279 1297/1394/1283 1296/1393/1282 1293/1389/1278
f 1294/1390/1279 1299/1396/1285 1298/1395/1284 1297/1394/1283
f 1301/1398/1287 1300/1397/1286 1296/1393/1282 1297/1394/1283
f 1298/1395/1284 1302/1399/1288 1301/1398/1287 1297/1394/1283
f 1298/1395/1284 1303/1400/1289 449/435/360 1302/1399/1288
f 1304/1401/1290 1158/1243/1141 1301/1398/1287 1302/1399/1288
f 449/435/360 447/433/358 1304/1401/1290 1302/1399/1288
f 1162/1247/1145 1157/1242/1140 1158/1243/1141 1304/1401/1290
f 447/433/358 448/434/359 1162/1247/1145 1304/1401/1290
f 1305/1402/1291 1282/1376/1265 482/471/396 1303/1400/1289
f 1298/1395/1284 1299/1396/1285 1305/1402/1291 1303/1400/1289
f 482/471/396 446/432/357 449/435/360 1303/1400/1289
f 1287/1381/1270 1281/1375/1264 1282/1376/1265 1305/1402/1291
f 1299/1396/1285 724/1403/1292 1287/1381/1270 1305/1402/1291
f 1158/1243/1141 1159/1244/1142 1300/1397/1286 1301/1398/1287
f 1306/1404/1293 1295/1392/1281 1296/1393/1282 1300/1397/1286
f 1159/1244/1142 1152/1237/1135 1306/1404/1293 1300/1397/1286
f 1308/1406/1295 1307/1405/1294 1295/1392/1281 1306/1404/1293
f 1152/1237/1135 1153/1238/1136 1308/1406/1295 1306/1404/1293
f 1310/1408/1297 1309/1407/1296 1307/1405/1294 1308/1406/1295
f 1153/1238/1136 1103/1188/1086 1310/1408/1297 1308/1406/1295
f 1099/1184/1082 1311/1409/1298 1309/1407/1296 1310/1408/1297
f 1103/1188/1086 1098/1183/1081 1099/1184/1082 1310/1408/1297
f 1313/1411/1300 1312/1410/1299 1309/1407/1296 1311/1409/1298
f 1094/1179/1077 1314/1412/1301 1313/1411/1300 1311/1409/1298
f 1099/1184/1082 1093/1178/1076 1094/1179/1077 1311/1409/1298
f 1316/1414/1303 1315/1413/1302 1313/1411/1300 1314/1412/1301
f 1089/1174/1072 766/797/714 1316/1414/1303 1314/1412/1301
f 1094/1179/1077 1088/1173/1071 1089/1174/1072 1314/1412/1301
f 1317/1415/1304 1283/1377/1266 1315/1413/1302 1316/1414/1303
f 766/797/714 763/794/711 1317/1415/1304 1316/1414/1303
f 1278/1372/1261 1279/1373/1262 1283/1377/1266 1317/1415/1304
f 763/794/711 489/479/404 1278/1372/1261 1317/1415/1304
f 1283/1377/1266 1284/1378/1267 1288/1382/1271 1315/1413/1302
f 1288/1382/1271 1312/1410/1299 1313/1411/1300 1315/1413/1302
f 1288/1382/1271 1289/1383/1272 1291/1387/1276 1312/1410/1299
f 1291/1387/1276 1307/1405/1294 1309/1407/1296 1312/1410/1299
f 1291/1387/1276 1292/1388/1277 1295/1392/1281 1307/1405/1294
f 1294/1390/1279 723/1391/1280 724/1403/1292 1299/1396/1285
f 724/1403/1292 721/1386/1275 1286/1380/1269 1287/1381/1270
f 1277/1371/1260 480/469/394 482/471/396 1282/1376/1265
f 489/479/404 486/476/401 1275/1369/1258 1278/1372/1261
f 487/477/402 483/473/398 1318/1416/1305 1272/1366/1255
f 1318/1416/1305 1269/1363/1252 1270/1364/1253 1272/1366/1255
f 483/473/398 484/474/399 1319/1417/1306 1318/1416/1305
f 1319/1417/1306 1320/1418/1307 1269/1363/1252 1318/1416/1305
f 1319/1417/1306 1322/1420/1309 1321/1419/1308 1320/1418/1307
f 1266/1360/1249 1267/1361/1250 1269/1363/1252 1320/1418/1307
f 1321/1419/1308 1323/1421/1310 1266/1360/1249 1320/1418/1307
f 1321/1419/1308 1325/1423/1312 1324/1422/1311 1323/1421/1310
f 1261/1355/1244 1263/1357/1246 1266/1360/1249 1323/1421/1310
f 1324/1422/1311 1259/1353/1242 1261/1355/1244 1323/1421/1310
f 1328/1426/1315 1327/1425/1314 1326/1424/1313 1325/1423/1312
f 1321/1419/1308 1322/1420/1309 1328/1426/1315 1325/1423/1312
f 1326/1424/1313 1329/1427/1316 1324/1422/1311 1325/1423/1312
f 1326/1424/1313 907/957/874 908/958/875 1329/1427/1316
f 1258/1352/1241 1259/1353/1242 1324/1422/1311 1329/1427/1316
f 908/958/875 1257/1351/1240 1258/1352/1241 1329/1427/1316
f 1331/1429/1318 1330/1428/1317 1327/1425/1314 1328/1426/1315
f 1322/1420/1309 1332/1430/1319 1331/1429/1318 1328/1426/1315
f 1334/1432/1321 1333/1431/1320 1331/1429/1318 1332/1430/1319
f 484/474/399 485/475/400 1334/1432/1321 1332/1430/1319
f 1322/1420/1309 1319/1417/1306 484/474/399 1332/1430/1319
f 485/475/400 472/461/386 473/462/387 1334/1432/1321
f 473/462/387 474/463/388 1333/1431/1320 1334/1432/1321
f 1335/1433/1322 1330/1428/1317 1331/1429/1318 1333/1431/1320
f 474/463/388 1336/1434/1323 1335/1433/1322 1333/1431/1320
f 474/463/388 466/455/380 1337/1435/1324 1336/1434/1323
f 1339/1437/1326 1338/1436/1325 1335/1433/1322 1336/1434/1323
f 1337/1435/1324 1340/1438/1327 1339/1437/1326 1336/1434/1323
f 1337/1435/1324 1342/1440/1329 1341/1439/1328 1340/1438/1327
f 1344/1442/1331 1343/1441/1330 1339/1437/1326 1340/1438/1327
f 1341/1439/1328 1345/1443/1332 1344/1442/1331 1340/1438/1327
f 1341/1439/1328 1347/1445/1334 1346/1444/1333 1345/1443/1332
f 1349/1447/1336 1348/1446/1335 1344/1442/1331 1345/1443/1332
f 1346/1444/1333 1350/1448/1337 1349/1447/1336 1345/1443/1332
f 1346/1444/1333 1352/1450/1339 1351/1449/1338 1350/1448/1337
f 956/1027/930 957/1028/931 1349/1447/1336 1350/1448/1337
f 1351/1449/1338 1353/1451/1340 956/1027/930 1350/1448/1337
f 1351/1449/1338 1355/1453/1342 1354/1452/1341 1353/1451/1340
f 1356/1454/1343 955/1026/929 956/1027/930 1353/1451/1340
f 1354/1452/1341 1357/1455/1344 1356/1454/1343 1353/1451/1340
f 1354/1452/1341 412/392/317 1358/1456/1345 1357/1455/1344
f 394/368/293 1359/1457/1346 1356/1454/1343 1357/1455/1344
f 1358/1456/1345 393/367/292 394/368/293 1357/1455/1344
f 954/1025/928 955/1026/929 1356/1454/1343 1359/1457/1346
f 1360/1458/1347 384/356/281 954/1025/928 1359/1457/1346
f 394/368/293 395/369/294 1360/1458/1347 1359/1457/1346
f 1361/1459/1348 383/355/280 384/356/281 1360/1458/1347
f 395/369/294 397/371/296 1361/1459/1348 1360/1458/1347
f 397/371/296 1363/1461/1350 1362/1460/1349 1361/1459/1348
f 1362/1460/1349 382/354/279 383/355/280 1361/1459/1348
f 492/1463/1352 493/484/409 1364/1462/1351 1363/1461/1350
f 397/371/296 398/372/297 492/1463/1352 1363/1461/1350
f 1364/1462/1351 1365/1464/1353 1362/1460/1349 1363/1461/1350
f 1364/1462/1351 963/1035/938 964/1036/939 1365/1464/1353
f 1366/1465/1354 382/354/279 1362/1460/1349 1365/1464/1353
f 964/1036/939 1367/1466/1355 1366/1465/1354 1365/1464/1353
f 964/1036/939 965/1037/940 1368/1467/1356 1367/1466/1355
f 1370/1469/1358 1369/1468/1357 1366/1465/1354 1367/1466/1355
f 1368/1467/1356 1371/1470/1359 1370/1469/1358 1367/1466/1355
f 1368/1467/1356 1373/1472/1361 1372/1471/1360 1371/1470/1359
f 1375/1474/1363 1374/1473/1362 1370/1469/1358 1371/1470/1359
f 1372/1471/1360 1376/1475/1364 1375/1474/1363 1371/1470/1359
f 1372/1471/1360 303/257/186 304/258/187 1376/1475/1364
f 1378/1477/1366 1377/1476/1365 1375/1474/1363 1376/1475/1364
f 304/258/187 1379/1478/1367 1378/1477/1366 1376/1475/1364
f 304/258/187 296/250/179 1380/1479/1368 1379/1478/1367
f 1382/1483/1370 1381/1482/1369 1378/1481/1366 1379/1480/1367
f 1380/1485/1368 1383/1484/1371 1382/1483/1370 1379/1480/1367
f 1380/1485/1368 1384/1486/1372 313/269/198 1383/1484/1371
f 1386/1488/1374 1385/1487/1373 1382/1483/1370 1383/1484/1371
f 313/269/198 314/270/199 1386/1488/1374 1383/1484/1371
f 1388/1490/1376 1387/1489/1375 1385/1487/1373 1386/1488/1374
f 314/270/199 315/271/200 1388/1490/1376 1386/1488/1374
f 1390/1492/1378 1389/1491/1377 1387/1489/1375 1388/1490/1376
f 315/271/200 1391/1493/1379 1390/1492/1378 1388/1490/1376
f 1392/1494/1380 326/283/212 323/280/209 1391/1493/1379
f 315/271/200 316/272/201 1392/1494/1380 1391/1493/1379
f 323/280/209 324/281/210 1390/1492/1378 1391/1493/1379
f 1394/1496/1382 1393/1495/1381 326/283/212 1392/1494/1380
f 316/272/201 317/273/202 1394/1496/1382 1392/1494/1380
f 1396/1500/1384 1395/1499/1383 1393/1498/1381 1394/1497/1382
f 317/1502/202 1397/1501/1385 1396/1500/1384 1394/1497/1382
f 941/1007/913 942/1008/914 1396/1500/1384 1397/1501/1385
f 1398/1504/1386 940/1005/912 941/1006/913 1397/1503/1385
f 317/273/202 312/268/197 1398/1506/1386 1397/1505/1385
f 1384/1507/1372 297/251/180 940/1005/912 1398/1504/1386
f 312/268/197 313/269/198 1384/1486/1372 1398/1506/1386
f 942/1008/914 944/1010/916 1395/1499/1383 1396/1500/1384
f 944/1010/916 945/1011/917 1399/1508/1387 1395/1499/1383
f 1399/1508/1387 1400/1509/1388 1393/1498/1381 1395/1499/1383
f 1399/1508/1387 1402/1511/1390 1401/1510/1389 1400/1509/1388
f 325/282/211 326/283/212 1393/1495/1381 1400/1512/1388
f 1401/1514/1389 1403/1513/1391 325/282/211 1400/1512/1388
f 1401/1510/1389 1405/1517/1393 1404/1516/1392 1403/1515/1391
f 322/279/208 136/274/203 325/282/211 1403/1513/1391
f 1404/1516/1392 1406/1519/1394 322/1518/208 1403/1515/1391
f 1404/1516/1392 1408/1521/1396 1407/1520/1395 1406/1519/1394
f 327/285/214 321/286/207 322/1518/208 1406/1519/1394
f 1407/1520/1395 330/289/217 327/285/214 1406/1519/1394
f 1411/1524/1399 1410/1523/1398 1409/1522/1397 1408/1521/1396
f 1404/1516/1392 1405/1517/1393 1411/1524/1399 1408/1521/1396
f 1409/1522/1397 1412/1525/1400 1407/1520/1395 1408/1521/1396
f 1409/1522/1397 354/316/244 348/310/238 1412/1525/1400
f 1413/1526/1401 330/289/217 1407/1520/1395 1412/1525/1400
f 348/310/238 349/311/239 1413/1526/1401 1412/1525/1400
f 1414/1527/1402 329/288/216 330/289/217 1413/1526/1401
f 349/311/239 1415/1528/1403 1414/1527/1402 1413/1526/1401
f 349/311/239 350/312/240 361/325/252 1415/1528/1403
f 1417/1530/1405 1416/1529/1404 1414/1527/1402 1415/1528/1403
f 361/325/252 362/326/253 1417/1530/1405 1415/1528/1403
f 347/308/236 343/304/232 1416/1532/1404 1417/1531/1405
f 362/1534/253 1418/1533/1406 347/308/236 1417/1531/1405
f 362/1534/253 358/321/249 311/266/195 1418/1533/1406
f 1419/1535/1407 346/307/235 347/308/236 1418/1533/1406
f 311/266/195 306/261/190 1419/1535/1407 1418/1533/1406
f 1420/1536/1408 345/306/234 346/307/235 1419/1535/1407
f 306/261/190 307/262/191 1420/1536/1408 1419/1535/1407
f 1422/1538/1410 1421/1537/1409 345/306/234 1420/1536/1408
f 307/262/191 1423/1539/1411 1422/1538/1410 1420/1536/1408
f 307/262/191 308/263/192 1424/1540/1412 1423/1539/1411
f 1426/1542/1414 1425/1541/1413 1422/1538/1410 1423/1539/1411
f 1424/1540/1412 1427/1543/1415 1426/1542/1414 1423/1539/1411
f 1424/1540/1412 1429/1545/1417 1428/1544/1416 1427/1543/1415
f 1431/1547/1419 1430/1546/1418 1426/1542/1414 1427/1543/1415
f 1428/1544/1416 676/700/617 1431/1547/1419 1427/1543/1415
f 671/695/612 1432/1548/1420 1430/1546/1418 1431/1547/1419
f 676/700/617 189/694/611 671/695/612 1431/1547/1419
f 1434/1550/1422 1433/1549/1421 1430/1546/1418 1432/1548/1420
f 1436/1552/1424 1435/1551/1423 1434/1550/1422 1432/1548/1420
f 671/695/612 672/696/613 1436/1552/1424 1432/1548/1420
f 1438/1554/1426 1437/1553/1425 1435/1551/1423 1436/1552/1424
f 672/696/613 1439/1555/1427 1438/1554/1426 1436/1552/1424
f 672/696/613 673/697/614 1440/1556/1428 1439/1555/1427
f 1442/1560/1430 1441/1559/1429 1438/1558/1426 1439/1557/1427
f 1440/1562/1428 1443/1561/1431 1442/1560/1430 1439/1557/1427
f 1440/1562/1428 1445/1564/1433 1444/1563/1432 1443/1561/1431
f 1447/1566/1435 1446/1565/1434 1442/1560/1430 1443/1561/1431
f 1444/1563/1432 1448/1567/1436 1447/1566/1435 1443/1561/1431
f 1444/1563/1432 1450/1569/1438 1449/1568/1437 1448/1567/1436
f 1452/1571/1440 1451/1570/1439 1447/1566/1435 1448/1567/1436
f 1449/1568/1437 1453/1572/1441 1452/1571/1440 1448/1567/1436
f 1449/1568/1437 1455/1574/1443 1454/1573/1442 1453/1572/1441
f 1457/1576/1445 1456/1575/1444 1452/1571/1440 1453/1572/1441
f 1454/1573/1442 1458/1577/1446 1457/1576/1445 1453/1572/1441
f 1454/1573/1442 1459/1578/1447 1004/1085/983 1458/1577/1446
f 1461/1580/1449 1460/1579/1448 1457/1576/1445 1458/1577/1446
f 1004/1085/983 1001/1082/980 1461/1580/1449 1458/1577/1446
f 1463/1582/1451 1462/1581/1450 1460/1579/1448 1461/1580/1449
f 1001/1082/980 1002/1083/981 1463/1582/1451 1461/1580/1449
f 1465/1584/1453 1464/1583/1452 1462/1581/1450 1463/1582/1451
f 1002/1083/981 1466/1585/1454 1465/1584/1453 1463/1582/1451
f 1002/1083/981 998/1079/977 1467/1586/1455 1466/1585/1454
f 1469/1588/1457 1468/1587/1456 1465/1584/1453 1466/1585/1454
f 1467/1586/1455 1470/1589/1458 1469/1588/1457 1466/1585/1454
f 1467/1586/1455 1472/1591/1460 1471/1590/1459 1470/1589/1458
f 1473/1592/1461 887/933/850 1469/1588/1457 1470/1589/1458
f 1471/1590/1459 878/923/840 1473/1592/1461 1470/1589/1458
f 891/938/855 886/932/849 887/933/850 1473/1592/1461
f 878/923/840 879/924/841 891/938/855 1473/1592/1461
f 999/1080/978 1475/1594/1463 1474/1593/1462 1472/1591/1460
f 1467/1586/1455 998/1079/977 999/1080/978 1472/1591/1460
f 1474/1593/1462 870/913/830 1471/1590/1459 1472/1591/1460
f 1477/1596/1465 1476/1595/1464 1474/1593/1462 1475/1594/1463
f 1479/1598/1467 1478/1597/1466 1477/1596/1465 1475/1594/1463
f 999/1080/978 1000/1081/979 1479/1598/1467 1475/1594/1463
f 1481/1600/1469 1480/1599/1468 1478/1597/1466 1479/1598/1467
f 1000/1081/979 1007/1088/986 1481/1600/1469 1479/1598/1467
f 192/714/631 692/717/634 1480/1599/1468 1481/1600/1469
f 1007/1088/986 691/1601/1470 192/714/631 1481/1600/1469
f 1483/1603/1472 1482/1602/1471 1478/1597/1466 1480/1599/1468
f 692/717/634 1484/1604/1473 1483/1603/1472 1480/1599/1468
f 1486/1606/1475 1485/1605/1474 1483/1603/1472 1484/1604/1473
f 687/712/629 1487/1607/1476 1486/1606/1475 1484/1604/1473
f 692/717/634 686/711/628 687/712/629 1484/1604/1473
f 1489/1609/1478 1488/1608/1477 1486/1606/1475 1487/1607/1476
f 681/706/623 1490/1610/1479 1489/1609/1478 1487/1607/1476
f 687/712/629 680/705/622 681/706/623 1487/1607/1476
f 1492/1612/1481 1491/1611/1480 1489/1609/1478 1490/1610/1479
f 668/1614/607 1493/1613/1482 1492/1612/1481 1490/1610/1479
f 681/706/623 667/693/606 668/1614/607 1490/1610/1479
f 1495/1616/1484 1494/1615/1483 1492/1612/1481 1493/1613/1482
f 1497/1620/1486 1496/1619/1485 1495/1618/1484 1493/1617/1482
f 668/688/607 669/689/608 1497/1620/1486 1493/1617/1482
f 1499/1622/1488 1498/1621/1487 1496/1619/1485 1497/1620/1486
f 669/689/608 996/1075/974 1499/1622/1488 1497/1620/1486
f 1501/1624/1490 1500/1623/1489 1498/1621/1487 1499/1622/1488
f 996/1075/974 1502/1625/1491 1501/1624/1490 1499/1622/1488
f 674/698/615 675/699/616 1501/1624/1490 1502/1625/1491
f 1503/1626/1492 679/703/620 674/698/615 1502/1625/1491
f 996/1075/974 997/1076/975 1503/1626/1492 1502/1625/1491
f 1505/1630/1494 1504/1629/1493 679/1628/620 1503/1627/1492
f 997/1077/975 682/707/624 1505/1630/1494 1503/1627/1492
f 1507/1632/1496 1506/1631/1495 1504/1629/1493 1505/1630/1494
f 682/707/624 683/708/625 1507/1632/1496 1505/1630/1494
f 1509/1634/1498 1508/1633/1497 1506/1631/1495 1507/1632/1496
f 683/708/625 684/709/626 1509/1634/1498 1507/1632/1496
f 1511/1636/1500 1510/1635/1499 1508/1633/1497 1509/1634/1498
f 684/709/626 1512/1637/1501 1511/1636/1500 1509/1634/1498
f 1514/1639/1503 1513/1638/1502 1511/1636/1500 1512/1637/1501
f 1516/1641/1505 1515/1640/1504 1514/1639/1503 1512/1637/1501
f 684/709/626 685/710/627 1516/1641/1505 1512/1637/1501
f 689/715/632 1517/1642/1506 1515/1640/1504 1516/1641/1505
f 685/710/627 688/713/630 689/715/632 1516/1641/1505
f 1006/1087/985 1518/1643/1507 1515/1640/1504 1517/1642/1506
f 697/1644/1508 1005/1086/984 1006/1087/985 1517/1642/1506
f 689/715/632 690/716/633 697/1644/1508 1517/1642/1506
f 1519/1645/1509 1514/1639/1503 1515/1640/1504 1518/1643/1507
f 1521/1647/1511 1520/1646/1510 1519/1645/1509 1518/1643/1507
f 1006/1087/985 1003/1084/982 1521/1647/1511 1518/1643/1507
f 1459/1578/1447 1522/1648/1512 1520/1646/1510 1521/1647/1511
f 1003/1084/982 1004/1085/983 1459/1578/1447 1521/1647/1511
f 1524/1650/1514 1523/1649/1513 1520/1646/1510 1522/1648/1512
f 1455/1574/1443 1525/1651/1515 1524/1650/1514 1522/1648/1512
f 1459/1578/1447 1454/1573/1442 1455/1574/1443 1522/1648/1512
f 1527/1653/1517 1526/1652/1516 1524/1650/1514 1525/1651/1515
f 1450/1569/1438 1528/1654/1518 1527/1653/1517 1525/1651/1515
f 1455/1574/1443 1449/1568/1437 1450/1569/1438 1525/1651/1515
f 1530/1656/1520 1529/1655/1519 1527/1653/1517 1528/1654/1518
f 1445/1564/1433 677/1657/618 1530/1656/1520 1528/1654/1518
f 1450/1569/1438 1444/1563/1432 1445/1564/1433 1528/1654/1518
f 1532/1659/1522 1531/1658/1521 1529/1655/1519 1530/1656/1520
f 677/1657/618 678/1660/619 1532/1659/1522 1530/1656/1520
f 678/1660/619 679/1628/620 1504/1629/1493 1532/1659/1522
f 1504/1629/1493 1506/1631/1495 1531/1658/1521 1532/1659/1522
f 1534/1662/1524 1533/1661/1523 1529/1655/1519 1531/1658/1521
f 1506/1631/1495 1508/1633/1497 1534/1662/1524 1531/1658/1521
f 695/722/639 696/723/640 1533/1661/1523 1534/1662/1524
f 1508/1633/1497 1510/1635/1499 695/722/639 1534/1662/1524
f 1526/1652/1516 1527/1653/1517 1529/1655/1519 1533/1661/1523
f 696/723/640 1535/1663/1525 1526/1652/1516 1533/1661/1523
f 696/723/640 194/719/636 693/720/637 1535/1663/1525
f 1523/1649/1513 1524/1650/1514 1526/1652/1516 1535/1663/1525
f 693/720/637 1536/1664/1526 1523/1649/1513 1535/1663/1525
f 693/720/637 694/721/638 1513/1638/1502 1536/1664/1526
f 1519/1645/1509 1520/1646/1510 1523/1649/1513 1536/1664/1526
f 1513/1638/1502 1514/1639/1503 1519/1645/1509 1536/1664/1526
f 694/721/638 1510/1635/1499 1511/1636/1500 1513/1638/1502
f 694/721/638 193/718/635 695/722/639 1510/1635/1499
f 675/699/616 1537/1665/1527 1500/1623/1489 1501/1624/1490
f 1539/1667/1529 1538/1666/1528 1500/1623/1489 1537/1665/1527
f 1428/1544/1416 1429/1545/1417 1539/1667/1529 1537/1665/1527
f 675/699/616 676/700/617 1428/1544/1416 1537/1665/1527
f 1541/1669/1531 1540/1668/1530 1538/1666/1528 1539/1667/1529
f 1429/1545/1417 309/264/193 1541/1669/1531 1539/1667/1529
f 359/322/250 360/323/251 1540/1668/1530 1541/1669/1531
f 309/264/193 310/265/194 359/322/250 1541/1669/1531
f 360/323/251 364/330/256 1542/1670/1532 1540/1668/1530
f 1542/1670/1532 1543/1671/1533 1538/1666/1528 1540/1668/1530
f 1542/1670/1532 950/1017/923 1544/1672/1534 1543/1671/1533
f 1498/1621/1487 1500/1623/1489 1538/1666/1528 1543/1671/1533
f 1544/1672/1534 1496/1619/1485 1498/1621/1487 1543/1671/1533
f 950/1017/923 951/1018/924 1545/1673/1535 1544/1672/1534
f 1545/1673/1535 1495/1618/1484 1496/1619/1485 1544/1672/1534
f 951/1677/924 1547/1676/1537 1546/1675/1536 1545/1674/1535
f 1546/1675/1536 1494/1615/1483 1495/1616/1484 1545/1674/1535
f 1550/1680/1540 1549/1679/1539 1548/1678/1538 1547/1676/1537
f 951/1677/924 235/1021/921 1550/1680/1540 1547/1676/1537
f 1548/1678/1538 1551/1681/1541 1546/1675/1536 1547/1676/1537
f 1548/1678/1538 861/902/819 862/903/820 1551/1681/1541
f 1552/1682/1542 1494/1615/1483 1546/1675/1536 1551/1681/1541
f 862/903/820 1553/1683/1543 1552/1682/1542 1551/1681/1541
f 862/903/820 855/896/813 1554/1684/1544 1553/1683/1543
f 1555/1685/1545 1491/1611/1480 1552/1682/1542 1553/1683/1543
f 1554/1684/1544 1556/1686/1546 1555/1685/1545 1553/1683/1543
f 1554/1684/1544 1558/1688/1548 1557/1687/1547 1556/1686/1546
f 1559/1689/1549 1488/1608/1477 1555/1685/1545 1556/1686/1546
f 1557/1687/1547 1560/1690/1550 1559/1689/1549 1556/1686/1546
f 1557/1687/1547 1562/1692/1552 1561/1691/1551 1560/1690/1550
f 1563/1693/1553 1485/1605/1474 1559/1689/1549 1560/1690/1550
f 1561/1691/1551 1564/1694/1554 1563/1693/1553 1560/1690/1550
f 1561/1691/1551 809/844/761 810/845/762 1564/1694/1554
f 1565/1695/1555 1482/1602/1471 1563/1693/1553 1564/1694/1554
f 810/845/762 1566/1696/1556 1565/1695/1555 1564/1694/1554
f 810/845/762 811/846/763 1567/1697/1557 1566/1696/1556
f 1476/1595/1464 1477/1596/1465 1565/1695/1555 1566/1696/1556
f 1567/1697/1557 869/912/829 1476/1595/1464 1566/1696/1556
f 811/846/763 817/852/769 1568/1698/1558 1567/1697/1557
f 1568/1698/1558 868/911/828 869/912/829 1567/1697/1557
f 817/852/769 1569/1699/1559 828/864/781 1568/1698/1558
f 828/864/781 819/855/772 868/911/828 1568/1698/1558
f 817/852/769 815/850/767 1570/1700/1560 1569/1699/1559
f 1571/1701/1561 826/862/779 828/864/781 1569/1699/1559
f 1570/1700/1560 1572/1702/1562 1571/1701/1561 1569/1699/1559
f 1570/1700/1560 1574/1704/1564 1573/1703/1563 1572/1702/1562
f 1576/1706/1566 1575/1705/1565 1571/1701/1561 1572/1702/1562
f 1573/1703/1563 1577/1707/1567 1576/1706/1566 1572/1702/1562
f 1573/1703/1563 1579/1709/1569 1578/1708/1568 1577/1707/1567
f 916/967/884 1580/1710/1570 1576/1706/1566 1577/1707/1567
f 1578/1708/1568 915/966/883 916/967/884 1577/1707/1567
f 1581/1711/1571 1575/1705/1565 1576/1706/1566 1580/1710/1570
f 1583/1713/1573 1582/1712/1572 1581/1711/1571 1580/1710/1570
f 916/967/884 917/968/885 1583/1713/1573 1580/1710/1570
f 1585/1715/1575 1584/1714/1574 1582/1712/1572 1583/1713/1573
f 917/968/885 918/969/886 1585/1715/1575 1583/1713/1573
f 1587/1717/1577 1586/1716/1576 1584/1714/1574 1585/1715/1575
f 918/969/886 1588/1718/1578 1587/1717/1577 1585/1715/1575
f 918/969/886 913/964/881 1589/1719/1579 1588/1718/1578
f 1591/1721/1581 1590/1720/1580 1587/1717/1577 1588/1718/1578
f 1589/1719/1579 1592/1722/1582 1591/1721/1581 1588/1718/1578
f 1595/1725/1585 1594/1724/1584 1593/1723/1583 1592/1722/1582
f 1589/1719/1579 1596/1726/1586 1595/1725/1585 1592/1722/1582
f 1593/1723/1583 1597/1727/1587 1591/1721/1581 1592/1722/1582
f 1593/1723/1583 1599/1729/1589 1598/1728/1588 1597/1727/1587
f 796/829/746 1590/1720/1580 1591/1721/1581 1597/1727/1587
f 1598/1728/1588 795/828/745 796/829/746 1597/1727/1587
f 1602/1732/1592 1601/1731/1591 1600/1730/1590 1599/1729/1589
f 1593/1723/1583 1594/1724/1584 1602/1732/1592 1599/1729/1589
f 1600/1730/1590 1603/1733/1593 1598/1728/1588 1599/1729/1589
f 1600/1730/1590 1605/1735/1595 1604/1734/1594 1603/1733/1593
f 798/831/748 795/828/745 1598/1728/1588 1603/1733/1593
f 1604/1734/1594 1606/1736/1596 798/831/748 1603/1733/1593
f 1604/1734/1594 1608/1738/1598 1607/1737/1597 1606/1736/1596
f 1609/1739/1599 793/826/743 798/831/748 1606/1736/1596
f 1607/1737/1597 1610/1740/1600 1609/1739/1599 1606/1736/1596
f 1612/1742/1602 1611/1741/1601 1609/1739/1599 1610/1740/1600
f 1614/1744/1604 1613/1743/1603 1612/1742/1602 1610/1740/1600
f 1607/1737/1597 1615/1745/1605 1614/1744/1604 1610/1740/1600
f 1617/1747/1607 1616/1746/1606 1614/1744/1604 1615/1745/1605
f 791/823/740 788/820/737 1617/1747/1607 1615/1745/1605
f 1607/1737/1597 1608/1738/1598 791/823/740 1615/1745/1605
f 1619/1749/1609 1618/1748/1608 1616/1746/1606 1617/1747/1607
f 788/820/737 789/821/738 1619/1749/1609 1617/1747/1607
f 789/821/738 1621/1751/1611 1620/1750/1610 1619/1749/1609
f 1620/1750/1610 1622/1752/1612 1618/1748/1608 1619/1749/1609
f 1620/1750/1610 1623/1754/1614 544/1753/1613 1622/1752/1612
f 1625/1756/1616 1624/1755/1615 1618/1748/1608 1622/1752/1612
f 544/1753/1613 541/1757/1617 1625/1756/1616 1622/1752/1612
f 1627/1759/1619 1626/1758/1618 1624/1755/1615 1625/1756/1616
f 541/1757/1617 542/1760/1620 1627/1759/1619 1625/1756/1616
f 1629/1762/1622 1628/1761/1621 1626/1758/1618 1627/1759/1619
f 542/1760/1620 1630/1763/1623 1629/1762/1622 1627/1759/1619
f 1632/1765/1625 1631/1764/1624 1629/1762/1622 1630/1763/1623
f 1634/1767/1627 1633/1766/1626 1632/1765/1625 1630/1763/1623
f 542/1760/1620 543/1768/1628 1634/1767/1627 1630/1763/1623
f 1623/1754/1614 1635/1769/1629 1633/1766/1626 1634/1767/1627
f 543/1768/1628 544/1753/1613 1623/1754/1614 1634/1767/1627
f 836/874/791 1636/1770/1630 1633/1766/1626 1635/1769/1629
f 1621/1751/1611 835/873/790 836/874/791 1635/1769/1629
f 1623/1754/1614 1620/1750/1610 1621/1751/1611 1635/1769/1629
f 1639/1773/1633 1638/1772/1632 1637/1771/1631 1636/1770/1630
f 836/874/791 837/875/792 1639/1773/1633 1636/1770/1630
f 1637/1771/1631 1632/1765/1625 1633/1766/1626 1636/1770/1630
f 1641/1775/1635 1640/1774/1634 1638/1772/1632 1639/1773/1633
f 837/875/792 841/879/796 1641/1775/1635 1639/1773/1633
f 1643/1777/1637 1642/1776/1636 1640/1774/1634 1641/1775/1635
f 841/879/796 1644/1778/1638 1643/1777/1637 1641/1775/1635
f 1646/1780/1640 1645/1779/1639 1643/1777/1637 1644/1778/1638
f 1648/1782/1642 1647/1781/1641 1646/1780/1640 1644/1778/1638
f 841/879/796 838/876/793 1648/1782/1642 1644/1778/1638
f 1650/1784/1644 1649/1783/1643 1647/1781/1641 1648/1782/1642
f 838/876/793 839/877/794 1650/1784/1644 1648/1782/1642
f 848/887/804 846/885/802 1649/1783/1643 1650/1784/1644
f 839/877/794 1651/1785/1645 848/887/804 1650/1784/1644
f 839/877/794 840/878/795 1652/1786/1646 1651/1785/1645
f 859/900/817 845/884/801 848/887/804 1651/1785/1645
f 1652/1786/1646 858/899/816 859/900/817 1651/1785/1645
f 840/878/795 842/880/797 1653/1787/1647 1652/1786/1646
f 1653/1787/1647 1654/1788/1648 858/899/816 1652/1786/1646
f 1653/1787/1647 1656/1790/1650 1655/1789/1649 1654/1788/1648
f 1657/1791/1651 857/898/815 858/899/816 1654/1788/1648
f 1655/1789/1649 1658/1792/1652 1657/1791/1651 1654/1788/1648
f 1655/1789/1649 1660/1794/1654 1659/1793/1653 1658/1792/1652
f 1662/1796/1656 1661/1795/1655 1657/1791/1651 1658/1792/1652
f 1659/1793/1653 1663/1797/1657 1662/1796/1656 1658/1792/1652
f 1659/1793/1653 1665/1799/1659 1664/1798/1658 1663/1797/1657
f 1667/1801/1661 1666/1800/1660 1662/1796/1656 1663/1797/1657
f 1664/1798/1658 1668/1802/1662 1667/1801/1661 1663/1797/1657
f 1664/1798/1658 1670/1804/1664 1669/1803/1663 1668/1802/1662
f 813/848/765 814/849/766 1667/1801/1661 1668/1802/1662
f 1669/1803/1663 1671/1805/1665 813/848/765 1668/1802/1662
f 1669/1803/1663 1673/1807/1667 1672/1806/1666 1671/1805/1665
f 1674/1808/1668 812/847/764 813/848/765 1671/1805/1665
f 1672/1806/1666 834/871/788 1674/1808/1668 1671/1805/1665
f 1675/1809/1669 816/851/768 812/847/764 1674/1808/1668
f 834/871/788 829/866/783 1675/1809/1669 1674/1808/1668
f 1676/1810/1670 1574/1704/1564 816/851/768 1675/1809/1669
f 829/866/783 830/867/784 1676/1810/1670 1675/1809/1669
f 1579/1709/1569 1573/1703/1563 1574/1704/1564 1676/1810/1670
f 830/867/784 1677/1811/1671 1579/1709/1569 1676/1810/1670
f 830/867/784 831/868/785 1678/1812/1672 1677/1811/1671
f 1679/1813/1673 1578/1708/1568 1579/1709/1569 1677/1811/1671
f 1678/1812/1672 1680/1814/1674 1679/1813/1673 1677/1811/1671
f 1678/1812/1672 1682/1816/1676 1681/1815/1675 1680/1814/1674
f 1596/1726/1586 914/965/882 1679/1813/1673 1680/1814/1674
f 1681/1815/1675 1595/1725/1585 1596/1726/1586 1680/1814/1674
f 832/869/786 1684/1818/1678 1683/1817/1677 1682/1816/1676
f 1678/1812/1672 831/868/785 832/869/786 1682/1816/1676
f 1683/1817/1677 1685/1819/1679 1681/1815/1675 1682/1816/1676
f 1683/1817/1677 1687/1821/1681 1686/1820/1680 1685/1819/1679
f 1594/1724/1584 1595/1725/1585 1681/1815/1675 1685/1819/1679
f 1686/1820/1680 1602/1732/1592 1594/1724/1584 1685/1819/1679
f 1690/1824/1684 1689/1823/1683 1688/1822/1682 1687/1821/1681
f 1683/1817/1677 1684/1818/1678 1690/1824/1684 1687/1821/1681
f 1688/1822/1682 1691/1825/1685 1686/1820/1680 1687/1821/1681
f 1688/1822/1682 1693/1827/1687 1692/1826/1686 1691/1825/1685
f 1601/1731/1591 1602/1732/1592 1686/1820/1680 1691/1825/1685
f 1692/1826/1686 1694/1828/1688 1601/1731/1591 1691/1825/1685
f 1692/1826/1686 1696/1830/1690 1695/1829/1689 1694/1828/1688
f 1605/1735/1595 1600/1730/1590 1601/1731/1591 1694/1828/1688
f 1695/1829/1689 1697/1831/1691 1605/1735/1595 1694/1828/1688
f 1695/1829/1689 792/824/741 790/822/739 1697/1831/1691
f 1608/1738/1598 1604/1734/1594 1605/1735/1595 1697/1831/1691
f 790/822/739 791/823/740 1608/1738/1598 1697/1831/1691
f 1700/1834/1694 1699/1833/1693 1698/1832/1692 1696/1830/1690
f 1692/1826/1686 1693/1827/1687 1700/1834/1694 1696/1830/1690
f 1698/1832/1692 792/824/741 1695/1829/1689 1696/1830/1690
f 867/909/826 866/908/825 1699/1833/1693 1700/1834/1694
f 1693/1827/1687 1701/1835/1695 867/909/826 1700/1834/1694
f 1702/1836/1696 865/907/824 867/909/826 1701/1835/1695
f 1689/1823/1683 1703/1837/1697 1702/1836/1696 1701/1835/1695
f 1693/1827/1687 1688/1822/1682 1689/1823/1683 1701/1835/1695
f 1705/1839/1699 1704/1838/1698 1702/1836/1696 1703/1837/1697
f 1706/1840/1700 1673/1807/1667 1705/1839/1699 1703/1837/1697
f 1689/1823/1683 1690/1824/1684 1706/1840/1700 1703/1837/1697
f 1707/1841/1701 1672/1806/1666 1673/1807/1667 1706/1840/1700
f 1690/1824/1684 1684/1818/1678 1707/1841/1701 1706/1840/1700
f 833/870/787 834/871/788 1672/1806/1666 1707/1841/1701
f 1684/1818/1678 832/869/786 833/870/787 1707/1841/1701
f 1670/1804/1664 1708/1842/1702 1704/1838/1698 1705/1839/1699
f 1673/1807/1667 1669/1803/1663 1670/1804/1664 1705/1839/1699
f 1709/1843/1703 864/906/823 1704/1838/1698 1708/1842/1702
f 1665/1799/1659 1710/1844/1704 1709/1843/1703 1708/1842/1702
f 1670/1804/1664 1664/1798/1658 1665/1799/1659 1708/1842/1702
f 1712/1846/1706 1711/1845/1705 1709/1843/1703 1710/1844/1704
f 1660/1794/1654 1713/1847/1707 1712/1846/1706 1710/1844/1704
f 1665/1799/1659 1659/1793/1653 1660/1794/1654 1710/1844/1704
f 1714/1848/1708 850/890/807 1712/1846/1706 1713/1847/1707
f 1656/1790/1650 1715/1849/1709 1714/1848/1708 1713/1847/1707
f 1660/1794/1654 1655/1789/1649 1656/1790/1650 1713/1847/1707
f 785/817/734 786/818/735 1714/1848/1708 1715/1849/1709
f 842/880/797 784/816/733 785/817/734 1715/1849/1709
f 1656/1790/1650 1653/1787/1647 842/880/797 1715/1849/1709
f 786/818/735 849/889/806 850/890/807 1714/1848/1708
f 850/890/807 851/891/808 1711/1845/1705 1712/1846/1706
f 851/891/808 852/892/809 863/905/822 1711/1845/1705
f 863/905/822 864/906/823 1709/1843/1703 1711/1845/1705
f 864/906/823 865/907/824 1702/1836/1696 1704/1838/1698
f 866/908/825 852/892/809 853/893/810 1699/1833/1693
f 853/893/810 854/894/811 1698/1832/1692 1699/1833/1693
f 854/894/811 787/819/736 792/824/741 1698/1832/1692
f 914/965/882 915/966/883 1578/1708/1568 1679/1813/1673
f 814/849/766 818/853/770 1666/1800/1660 1667/1801/1661
f 1716/1850/1710 1661/1795/1655 1662/1796/1656 1666/1800/1660
f 818/853/770 1562/1692/1552 1716/1850/1710 1666/1800/1660
f 1558/1688/1548 856/897/814 1661/1795/1655 1716/1850/1710
f 1562/1692/1552 1557/1687/1547 1558/1688/1548 1716/1850/1710
f 856/897/814 857/898/815 1657/1791/1651 1661/1795/1655
f 566/561/486 564/558/483 1647/1781/1641 1649/1783/1643
f 846/885/802 847/886/803 566/561/486 1649/1783/1643
f 564/558/483 565/559/484 1646/1780/1640 1647/1781/1641
f 565/559/484 1717/1851/1711 1645/1779/1639 1646/1780/1640
f 1718/1852/1712 555/548/473 559/552/477 1717/1851/1711
f 565/559/484 561/555/480 1718/1852/1712 1717/1851/1711
f 559/552/477 1719/1853/1713 1645/1779/1639 1717/1851/1711
f 559/552/477 556/549/474 1720/1854/1714 1719/1853/1713
f 1642/1776/1636 1643/1777/1637 1645/1779/1639 1719/1853/1713
f 1720/1854/1714 1721/1855/1715 1642/1776/1636 1719/1853/1713
f 1720/1854/1714 1723/1857/1717 1722/1856/1716 1721/1855/1715
f 1724/1858/1718 1640/1774/1634 1642/1776/1636 1721/1855/1715
f 1722/1856/1716 1725/1859/1719 1724/1858/1718 1721/1855/1715
f 1722/1856/1716 1727/1861/1721 1726/1860/1720 1725/1859/1719
f 1729/1863/1723 1728/1862/1722 1724/1858/1718 1725/1859/1719
f 1726/1860/1720 1730/1864/1724 1729/1863/1723 1725/1859/1719
f 1726/1860/1720 1732/1866/1726 1731/1865/1725 1730/1864/1724
f 1734/1868/1728 1733/1867/1727 1729/1863/1723 1730/1864/1724
f 1731/1865/1725 1735/1869/1729 1734/1868/1728 1730/1864/1724
f 1731/1865/1725 1737/1871/1731 1736/1870/1730 1735/1869/1729
f 1739/1873/1733 1738/1872/1732 1734/1868/1728 1735/1869/1729
f 1736/1870/1730 1740/1874/1734 1739/1873/1733 1735/1869/1729
f 1736/1870/1730 1742/1876/1736 1741/1875/1735 1740/1874/1734
f 1744/1878/1738 1743/1877/1737 1739/1873/1733 1740/1874/1734
f 1741/1875/1735 1745/1879/1739 1744/1878/1738 1740/1874/1734
f 1741/1875/1735 1746/1880/1740 579/575/500 1745/1879/1739
f 1748/1882/1742 1747/1881/1741 1744/1878/1738 1745/1879/1739
f 579/575/500 577/573/498 1748/1882/1742 1745/1879/1739
f 1611/1741/1601 1612/1742/1602 1747/1881/1741 1748/1882/1742
f 577/573/498 578/574/499 1611/1741/1601 1748/1882/1742
f 1749/1883/1743 1743/1877/1737 1744/1878/1738 1747/1881/1741
f 1612/1742/1602 1613/1743/1603 1749/1883/1743 1747/1881/1741
f 1751/1885/1745 1750/1884/1744 1743/1877/1737 1749/1883/1743
f 1613/1743/1603 1752/1886/1746 1751/1885/1745 1749/1883/1743
f 1624/1755/1615 1626/1758/1618 1751/1885/1745 1752/1886/1746
f 1616/1746/1606 1618/1748/1608 1624/1755/1615 1752/1886/1746
f 1613/1743/1603 1614/1744/1604 1616/1746/1606 1752/1886/1746
f 1626/1758/1618 1628/1761/1621 1750/1884/1744 1751/1885/1745
f 1738/1872/1732 1739/1873/1733 1743/1877/1737 1750/1884/1744
f 1628/1761/1621 1753/1887/1747 1738/1872/1732 1750/1884/1744
f 1733/1867/1727 1734/1868/1728 1738/1872/1732 1753/1887/1747
f 1631/1764/1624 1754/1888/1748 1733/1867/1727 1753/1887/1747
f 1628/1761/1621 1629/1762/1622 1631/1764/1624 1753/1887/1747
f 1728/1862/1722 1729/1863/1723 1733/1867/1727 1754/1888/1748
f 1637/1771/1631 1638/1772/1632 1728/1862/1722 1754/1888/1748
f 1631/1764/1624 1632/1765/1625 1637/1771/1631 1754/1888/1748
f 1757/1891/1751 1756/1890/1750 1755/1889/1749 1746/1880/1740
f 1741/1875/1735 1742/1876/1736 1757/1891/1751 1746/1880/1740
f 1755/1889/1749 575/571/496 579/575/500 1746/1880/1740
f 1759/1893/1753 1758/1892/1752 1756/1890/1750 1757/1891/1751
f 1742/1876/1736 1760/1894/1754 1759/1893/1753 1757/1891/1751
f 1762/1896/1756 1761/1895/1755 1759/1893/1753 1760/1894/1754
f 1737/1871/1731 1763/1897/1757 1762/1896/1756 1760/1894/1754
f 1742/1876/1736 1736/1870/1730 1737/1871/1731 1760/1894/1754
f 1765/1899/1759 1764/1898/1758 1762/1896/1756 1763/1897/1757
f 1732/1866/1726 1766/1900/1760 1765/1899/1759 1763/1897/1757
f 1737/1871/1731 1731/1865/1725 1732/1866/1726 1763/1897/1757
f 1768/1902/1762 1767/1901/1761 1765/1899/1759 1766/1900/1760
f 1727/1861/1721 1769/1903/1763 1768/1902/1762 1766/1900/1760
f 1732/1866/1726 1726/1860/1720 1727/1861/1721 1766/1900/1760
f 1771/1905/1765 1770/1904/1764 1768/1902/1762 1769/1903/1763
f 1723/1857/1717 557/550/475 1771/1905/1765 1769/1903/1763
f 1727/1861/1721 1722/1856/1716 1723/1857/1717 1769/1903/1763
f 1773/1907/1767 1772/1906/1766 1770/1904/1764 1771/1905/1765
f 557/550/475 558/551/476 1773/1907/1767 1771/1905/1765
f 1775/1909/1769 1774/1908/1768 1772/1906/1766 1773/1907/1767
f 558/551/476 560/553/478 1775/1909/1769 1773/1907/1767
f 1777/1911/1771 1776/1910/1770 1774/1908/1768 1775/1909/1769
f 560/553/478 1778/1912/1772 1777/1911/1771 1775/1909/1769
f 1780/1914/1774 1779/1913/1773 1777/1911/1771 1778/1912/1772
f 1782/1916/1776 1781/1915/1775 1780/1914/1774 1778/1912/1772
f 560/553/478 551/544/469 1782/1916/1776 1778/1912/1772
f 976/1049/952 977/1050/953 1781/1915/1775 1782/1916/1776
f 551/544/469 552/545/470 976/1049/952 1782/1916/1776
f 1784/1918/1778 1783/1917/1777 1780/1914/1774 1781/1915/1775
f 977/1050/953 978/1051/954 1784/1918/1778 1781/1915/1775
f 1786/1920/1780 1785/1919/1779 1783/1917/1777 1784/1918/1778
f 978/1051/954 1787/1921/1781 1786/1920/1780 1784/1918/1778
f 510/502/427 1788/1922/1782 1786/1920/1780 1787/1921/1781
f 1789/1923/1783 509/501/426 510/502/427 1787/1921/1781
f 978/1051/954 969/1042/945 1789/1923/1783 1787/1921/1781
f 1790/1924/1784 518/510/435 509/501/426 1789/1923/1783
f 969/1042/945 970/1043/946 1790/1924/1784 1789/1923/1783
f 502/492/417 1791/1925/1785 518/510/435 1790/1924/1784
f 970/1043/946 501/491/416 502/492/417 1790/1924/1784
f 1792/1926/1786 516/508/433 518/510/435 1791/1925/1785
f 1794/1928/1788 1793/1927/1787 1792/1926/1786 1791/1925/1785
f 502/492/417 497/487/412 1794/1928/1788 1791/1925/1785
f 1796/1930/1790 1795/1929/1789 1793/1927/1787 1794/1928/1788
f 497/487/412 498/488/413 1796/1930/1790 1794/1928/1788
f 1798/1932/1792 1797/1931/1791 1795/1929/1789 1796/1930/1790
f 498/488/413 1799/1933/1793 1798/1932/1792 1796/1930/1790
f 498/488/413 499/489/414 1800/1934/1794 1799/1933/1793
f 293/246/175 1801/1935/1795 1798/1932/1792 1799/1933/1793
f 1800/1934/1794 292/245/174 293/246/175 1799/1933/1793
f 301/255/184 1797/1931/1791 1798/1932/1792 1801/1935/1795
f 1802/1936/1796 300/254/183 301/255/184 1801/1935/1795
f 293/246/175 294/247/176 1802/1936/1796 1801/1935/1795
f 1803/1937/1797 299/253/182 300/254/183 1802/1936/1796
f 294/247/176 295/248/177 1803/1937/1797 1802/1936/1796
f 948/1014/920 943/1009/915 299/253/182 1803/1937/1797
f 295/248/177 947/1013/919 948/1014/920 1803/1937/1797
f 499/489/414 500/490/415 1804/1938/1798 1800/1934/1794
f 1804/1938/1798 1805/1939/1799 292/245/174 1800/1934/1794
f 1804/1938/1798 972/1045/948 1806/1940/1800 1805/1939/1799
f 1807/1941/1801 132/241/170 292/245/174 1805/1939/1799
f 1806/1940/1800 1808/1942/1802 1807/1941/1801 1805/1939/1799
f 1806/1940/1800 336/296/224 332/292/220 1808/1942/1802
f 1810/1944/1804 1809/1943/1803 1807/1941/1801 1808/1942/1802
f 332/292/220 333/293/221 1810/1944/1804 1808/1942/1802
f 1811/1945/1805 1410/1523/1398 1809/1943/1803 1810/1944/1804
f 333/293/221 1812/1946/1806 1811/1945/1805 1810/1944/1804
f 333/293/221 334/294/222 1813/1947/1807 1812/1946/1806
f 353/315/243 354/316/244 1811/1945/1805 1812/1946/1806
f 1813/1947/1807 357/319/247 353/315/243 1812/1946/1806
f 1815/1949/1809 1814/1948/1808 357/319/247 1813/1947/1807
f 334/294/222 337/297/225 1815/1949/1809 1813/1947/1807
f 1817/1951/1811 1816/1950/1810 1814/1948/1808 1815/1949/1809
f 337/297/225 1818/1952/1812 1817/1951/1811 1815/1949/1809
f 337/297/225 335/295/223 974/1047/950 1818/1952/1812
f 1820/1954/1814 1819/1953/1813 1817/1951/1811 1818/1952/1812
f 974/1047/950 975/1048/951 1820/1954/1814 1818/1952/1812
f 552/545/470 553/546/471 1819/1953/1813 1820/1954/1814
f 975/1048/951 976/1049/952 552/545/470 1820/1954/1814
f 1821/1955/1815 1816/1950/1810 1817/1951/1811 1819/1953/1813
f 553/546/471 554/547/472 1821/1955/1815 1819/1953/1813
f 1823/1957/1817 1822/1956/1816 1816/1950/1810 1821/1955/1815
f 554/547/472 1824/1958/1818 1823/1957/1817 1821/1955/1815
f 562/556/481 1825/1959/1819 1823/1957/1817 1824/1958/1818
f 1718/1852/1712 561/555/480 562/556/481 1824/1958/1818
f 554/547/472 555/548/473 1718/1852/1712 1824/1958/1818
f 1826/1960/1820 1822/1956/1816 1823/1957/1817 1825/1959/1819
f 1827/1961/1821 372/342/267 1826/1960/1820 1825/1959/1819
f 562/556/481 563/557/482 1827/1961/1821 1825/1959/1819
f 1828/1962/1822 370/340/265 372/342/267 1827/1961/1821
f 563/557/482 569/564/489 1828/1962/1822 1827/1961/1821
f 952/1022/925 369/339/264 370/340/265 1828/1962/1822
f 569/564/489 1829/1963/1823 952/1022/925 1828/1962/1822
f 569/564/489 567/562/487 1830/1964/1824 1829/1963/1823
f 1550/1680/1540 235/1021/921 952/1022/925 1829/1963/1823
f 1830/1964/1824 1549/1679/1539 1550/1680/1540 1829/1963/1823
f 567/562/487 568/563/488 1831/1965/1825 1830/1964/1824
f 1831/1965/1825 860/901/818 1549/1679/1539 1830/1964/1824
f 568/563/488 847/886/803 843/882/799 1831/1965/1825
f 843/882/799 844/883/800 860/901/818 1831/1965/1825
f 371/341/266 1832/1966/1826 1822/1956/1816 1826/1960/1820
f 372/342/267 367/336/261 371/341/266 1826/1960/1820
f 356/318/246 357/319/247 1814/1948/1808 1832/1966/1826
f 371/341/266 355/317/245 356/318/246 1832/1966/1826
f 1814/1948/1808 1816/1950/1810 1822/1956/1816 1832/1966/1826
f 354/316/244 1409/1522/1397 1410/1523/1398 1811/1945/1805
f 291/244/173 132/241/170 1807/1941/1801 1809/1943/1803
f 1410/1523/1398 1411/1524/1399 291/244/173 1809/1943/1803
f 972/1045/948 973/1046/949 336/296/224 1806/1940/1800
f 500/490/415 971/1044/947 972/1045/948 1804/1938/1798
f 1834/1968/1828 1833/1967/1827 1795/1929/1789 1797/1931/1791
f 301/255/184 302/256/185 1834/1968/1828 1797/1931/1791
f 1836/1970/1830 1835/1969/1829 1833/1967/1827 1834/1968/1828
f 302/256/185 305/259/188 1836/1970/1830 1834/1968/1828
f 966/1038/941 960/1032/935 1835/1969/1829 1836/1970/1830
f 305/259/188 1373/1472/1361 966/1038/941 1836/1970/1830
f 1838/1972/1832 1837/1971/1831 1833/1967/1827 1835/1969/1829
f 960/1032/935 961/1033/936 1838/1972/1832 1835/1969/1829
f 1840/1974/1834 1839/1973/1833 1837/1971/1831 1838/1972/1832
f 961/1033/936 1841/1975/1835 1840/1974/1834 1838/1972/1832
f 1843/1977/1837 1842/1976/1836 1840/1974/1834 1841/1975/1835
f 1845/1979/1839 1844/1978/1838 1843/1977/1837 1841/1975/1835
f 961/1033/936 962/1034/937 1845/1979/1839 1841/1975/1835
f 1847/1981/1841 1846/1980/1840 1844/1978/1838 1845/1979/1839
f 962/1034/937 968/1040/943 1847/1981/1841 1845/1979/1839
f 1849/1983/1843 1848/1982/1842 1846/1980/1840 1847/1981/1841
f 968/1040/943 1850/1984/1844 1849/1983/1843 1847/1981/1841
f 968/1040/943 967/1039/942 1851/1985/1845 1850/1984/1844
f 1853/1987/1847 1852/1986/1846 1849/1983/1843 1850/1984/1844
f 1851/1985/1845 1854/1988/1848 1853/1987/1847 1850/1984/1844
f 1851/1985/1845 494/482/407 495/483/408 1854/1988/1848
f 1856/1990/1850 1855/1989/1849 1853/1987/1847 1854/1988/1848
f 495/483/408 1857/1991/1851 1856/1990/1850 1854/1988/1848
f 495/483/408 396/370/295 374/345/270 1857/1991/1851
f 1859/1993/1853 1858/1992/1852 1856/1990/1850 1857/1991/1851
f 374/345/270 375/346/271 1859/1993/1853 1857/1991/1851
f 1861/1995/1855 1860/1994/1854 1858/1992/1852 1859/1993/1853
f 375/346/271 376/347/272 1861/1995/1855 1859/1993/1853
f 1863/1997/1857 1862/1996/1856 1860/1994/1854 1861/1995/1855
f 376/347/272 1864/1998/1858 1863/1997/1857 1861/1995/1855
f 1866/2000/1860 1865/1999/1859 1863/1997/1857 1864/1998/1858
f 1867/2001/1861 409/389/314 1866/2000/1860 1864/1998/1858
f 376/347/272 377/348/273 1867/2001/1861 1864/1998/1858
f 1868/2002/1862 408/388/313 409/389/314 1867/2001/1861
f 377/348/273 378/349/274 1868/2002/1862 1867/2001/1861
f 1358/1456/1345 412/392/317 408/388/313 1868/2002/1862
f 378/349/274 393/367/292 1358/1456/1345 1868/2002/1862
f 1870/2004/1864 1869/2003/1863 1865/1999/1859 1866/2000/1860
f 409/389/314 410/390/315 1870/2004/1864 1866/2000/1860
f 1872/2006/1866 1871/2005/1865 1869/2003/1863 1870/2004/1864
f 410/390/315 413/393/318 1872/2006/1866 1870/2004/1864
f 1874/2008/1868 1873/2007/1867 1871/2005/1865 1872/2006/1866
f 413/393/318 1875/2009/1869 1874/2008/1868 1872/2006/1866
f 1352/1450/1339 1876/2010/1870 1874/2008/1868 1875/2009/1869
f 1355/1453/1342 1351/1449/1338 1352/1450/1339 1875/2009/1869
f 413/393/318 411/391/316 1355/1453/1342 1875/2009/1869
f 1877/2011/1871 1873/2007/1867 1874/2008/1868 1876/2010/1870
f 1347/1445/1334 1878/2012/1872 1877/2011/1871 1876/2010/1870
f 1352/1450/1339 1346/1444/1333 1347/1445/1334 1876/2010/1870
f 1880/2014/1874 1879/2013/1873 1877/2011/1871 1878/2012/1872
f 1342/1440/1329 467/456/381 1880/2014/1874 1878/2012/1872
f 1347/1445/1334 1341/1439/1328 1342/1440/1329 1878/2012/1872
f 1882/2016/1876 1881/2015/1875 1879/2013/1873 1880/2014/1874
f 467/456/381 468/457/382 1882/2016/1876 1880/2014/1874
f 1884/2018/1878 1883/2017/1877 1881/2015/1875 1882/2016/1876
f 468/457/382 469/458/383 1884/2018/1878 1882/2016/1876
f 534/529/454 535/530/455 1883/2017/1877 1884/2018/1878
f 469/458/383 539/534/459 534/529/454 1884/2018/1878
f 535/530/455 1886/2020/1880 1885/2019/1879 1883/2017/1877
f 1885/2019/1879 1887/2021/1881 1881/2015/1875 1883/2017/1877
f 1885/2019/1879 1889/2023/1883 1888/2022/1882 1887/2021/1881
f 1890/2024/1884 1879/2013/1873 1881/2015/1875 1887/2021/1881
f 1888/2022/1882 1891/2025/1885 1890/2024/1884 1887/2021/1881
f 1888/2022/1882 1893/2027/1887 1892/2026/1886 1891/2025/1885
f 1871/2005/1865 1873/2007/1867 1890/2024/1884 1891/2025/1885
f 1892/2026/1886 1869/2003/1863 1871/2005/1865 1891/2025/1885
f 1896/2030/1890 1895/2029/1889 1894/2028/1888 1893/2027/1887
f 1888/2022/1882 1889/2023/1883 1896/2030/1890 1893/2027/1887
f 1894/2028/1888 1897/2031/1891 1892/2026/1886 1893/2027/1887
f 1894/2028/1888 507/498/423 1862/1996/1856 1897/2031/1891
f 1865/1999/1859 1869/2003/1863 1892/2026/1886 1897/2031/1891
f 1862/1996/1856 1863/1997/1857 1865/1999/1859 1897/2031/1891
f 1899/2033/1893 1898/2032/1892 1895/2029/1889 1896/2030/1890
f 1889/2023/1883 1900/2034/1894 1899/2033/1893 1896/2030/1890
f 1902/2036/1896 1901/2035/1895 1899/2033/1893 1900/2034/1894
f 1886/2020/1880 1903/2037/1897 1902/2036/1896 1900/2034/1894
f 1889/2023/1883 1885/2019/1879 1886/2020/1880 1900/2034/1894
f 522/515/440 523/516/441 1902/2036/1896 1903/2037/1897
f 531/526/451 532/527/452 522/515/440 1903/2037/1897
f 1886/2020/1880 535/530/455 531/526/451 1903/2037/1897
f 523/516/441 524/517/442 1901/2035/1895 1902/2036/1896
f 524/517/442 1905/2039/1899 1904/2038/1898 1901/2035/1895
f 1904/2038/1898 1898/2032/1892 1899/2033/1893 1901/2035/1895
f 1907/2041/1901 1848/1982/1842 1906/2040/1900 1905/2039/1899
f 524/517/442 519/512/437 1907/2041/1901 1905/2039/1899
f 1906/2040/1900 1908/2042/1902 1904/2038/1898 1905/2039/1899
f 1906/2040/1900 1852/1986/1846 1909/2043/1903 1908/2042/1902
f 508/499/424 1898/2032/1892 1904/2038/1898 1908/2042/1902
f 1909/2043/1903 505/496/421 508/499/424 1908/2042/1902
f 1852/1986/1846 1853/1987/1847 1855/1989/1849 1909/2043/1903
f 1855/1989/1849 504/495/420 505/496/421 1909/2043/1903
f 1910/2044/1904 1846/1980/1840 1848/1982/1842 1907/2041/1901
f 519/512/437 520/513/438 1910/2044/1904 1907/2041/1901
f 1911/2045/1905 1844/1978/1838 1846/1980/1840 1910/2044/1904
f 520/513/438 1912/2046/1906 1911/2045/1905 1910/2044/1904
f 1914/2048/1908 1913/2047/1907 1911/2045/1905 1912/2046/1906
f 1916/2050/1910 1915/2049/1909 1914/2048/1908 1912/2046/1906
f 520/513/438 521/514/439 1916/2050/1910 1912/2046/1906
f 532/527/452 533/528/453 1915/2049/1909 1916/2050/1910
f 521/514/439 522/515/440 532/527/452 1916/2050/1910
f 1918/2052/1912 1917/2051/1911 1914/2048/1908 1915/2049/1909
f 533/528/453 536/531/456 1918/2052/1912 1915/2049/1909
f 1919/2053/1913 513/505/430 1917/2051/1911 1918/2052/1912
f 536/531/456 1920/2054/1914 1919/2053/1913 1918/2052/1912
f 1922/2056/1916 1921/2055/1915 1919/2053/1913 1920/2054/1914
f 1924/2058/1918 1923/2057/1917 1922/2056/1916 1920/2054/1914
f 536/531/456 537/532/457 1924/2058/1918 1920/2054/1914
f 1926/2060/1920 1925/2059/1919 1923/2057/1917 1924/2058/1918
f 537/532/457 540/535/460 1926/2060/1920 1924/2058/1918
f 576/572/497 573/569/494 1925/2059/1919 1926/2060/1920
f 540/535/460 1927/2061/1921 576/572/497 1926/2060/1920
f 1928/2062/1922 572/568/493 576/572/497 1927/2061/1921
f 1930/2064/1924 1929/2063/1923 1928/2062/1922 1927/2061/1921
f 540/535/460 538/533/458 1930/2064/1924 1927/2061/1921
f 1932/2066/1926 1931/2065/1925 1929/2063/1923 1930/2064/1924
f 538/533/458 539/534/459 1932/2066/1926 1930/2064/1924
f 470/459/384 475/464/389 1931/2065/1925 1932/2066/1926
f 539/534/459 469/458/383 470/459/384 1932/2066/1926
f 1934/2068/1928 1933/2067/1927 1929/2063/1923 1931/2065/1925
f 475/464/389 1935/2069/1929 1934/2068/1928 1931/2065/1925
f 1937/2071/1931 1936/2070/1930 1934/2068/1928 1935/2069/1929
f 1939/2073/1933 1938/2072/1932 1937/2071/1931 1935/2069/1929
f 475/464/389 471/460/385 1939/2073/1933 1935/2069/1929
f 490/480/405 491/481/406 1938/2072/1932 1939/2073/1933
f 471/460/385 472/461/386 490/480/405 1939/2073/1933
f 1941/2075/1935 1940/2074/1934 1937/2071/1931 1938/2072/1932
f 491/481/406 764/795/712 1941/2075/1935 1938/2072/1932
f 1943/2077/1937 1942/2076/1936 1940/2074/1934 1941/2075/1935
f 764/795/712 769/800/717 1943/2077/1937 1941/2075/1935
f 726/752/669 727/753/670 1942/2076/1936 1943/2077/1937
f 769/800/717 1077/1162/1060 726/752/669 1943/2077/1937
f 1945/2079/1939 1944/2078/1938 1940/2074/1934 1942/2076/1936
f 727/753/670 730/756/673 1945/2079/1939 1942/2076/1936
f 802/836/753 807/841/758 1944/2078/1938 1945/2079/1939
f 730/756/673 801/835/752 802/836/753 1945/2079/1939
f 807/841/758 1946/2080/1940 1936/2070/1930 1944/2078/1938
f 1936/2070/1930 1937/2071/1931 1940/2074/1934 1944/2078/1938
f 1948/2082/1942 1947/2081/1941 1933/2067/1927 1946/2080/1940
f 807/841/758 805/839/756 1948/2082/1942 1946/2080/1940
f 1933/2067/1927 1934/2068/1928 1936/2070/1930 1946/2080/1940
f 794/827/744 571/567/492 1947/2081/1941 1948/2082/1942
f 805/839/756 799/832/749 794/827/744 1948/2082/1942
f 571/567/492 572/568/493 1928/2062/1922 1947/2081/1941
f 1928/2062/1922 1929/2063/1923 1933/2067/1927 1947/2081/1941
f 1950/2084/1944 1949/2083/1943 1923/2057/1917 1925/2059/1919
f 573/569/494 574/570/495 1950/2084/1944 1925/2059/1919
f 1952/2086/1946 1951/2085/1945 1949/2083/1943 1950/2084/1944
f 574/570/495 1953/2087/1947 1952/2086/1946 1950/2084/1944
f 1955/2089/1949 1954/2088/1948 1952/2086/1946 1953/2087/1947
f 1755/1889/1749 1756/1890/1750 1955/2089/1949 1953/2087/1947
f 574/570/495 575/571/496 1755/1889/1749 1953/2087/1947
f 1957/2091/1951 1956/2090/1950 1954/2088/1948 1955/2089/1949
f 1756/1890/1750 1758/1892/1752 1957/2091/1951 1955/2089/1949
f 1959/2093/1953 1958/2092/1952 1956/2090/1950 1957/2091/1951
f 1758/1892/1752 1960/2094/1954 1959/2093/1953 1957/2091/1951
f 1962/2096/1956 1961/2095/1955 1959/2093/1953 1960/2094/1954
f 1761/1895/1755 1963/2097/1957 1962/2096/1956 1960/2094/1954
f 1758/1892/1752 1759/1893/1753 1761/1895/1755 1960/2094/1954
f 583/580/505 584/581/506 1962/2096/1956 1963/2097/1957
f 1764/1898/1758 585/582/507 583/580/505 1963/2097/1957
f 1761/1895/1755 1762/1896/1756 1764/1898/1758 1963/2097/1957
f 584/581/506 1964/2098/1958 1961/2095/1955 1962/2096/1956
f 1967/2101/1961 1966/2100/1960 1965/2099/1959 1964/2098/1958
f 584/581/506 580/577/502 1967/2101/1961 1964/2098/1958
f 1965/2099/1959 1968/2102/1962 1961/2095/1955 1964/2098/1958
f 1965/2099/1959 1970/2104/1964 1969/2103/1963 1968/2102/1962
f 1958/2092/1952 1959/2093/1953 1961/2095/1955 1968/2102/1962
f 1969/2103/1963 1971/2105/1965 1958/2092/1952 1968/2102/1962
f 1969/2103/1963 526/520/445 527/521/446 1971/2105/1965
f 1972/2106/1966 1956/2090/1950 1958/2092/1952 1971/2105/1965
f 527/521/446 530/524/449 1972/2106/1966 1971/2105/1965
f 1973/2107/1967 1954/2088/1948 1956/2090/1950 1972/2106/1966
f 530/524/449 1974/2108/1968 1973/2107/1967 1972/2106/1966
f 530/524/449 528/522/447 1975/2109/1969 1974/2108/1968
f 1976/2110/1970 1951/2085/1945 1973/2107/1967 1974/2108/1968
f 1975/2109/1969 1977/2111/1971 1976/2110/1970 1974/2108/1968
f 1975/2109/1969 1979/2113/1973 1978/2112/1972 1977/2111/1971
f 1981/2115/1975 1980/2114/1974 1976/2110/1970 1977/2111/1971
f 1978/2112/1972 517/509/434 1981/2115/1975 1977/2111/1971
f 1921/2055/1915 1922/2056/1916 1980/2114/1974 1981/2115/1975
f 517/509/434 512/504/429 1921/2055/1915 1981/2115/1975
f 1949/2083/1943 1951/2085/1945 1976/2110/1970 1980/2114/1974
f 1922/2056/1916 1923/2057/1917 1949/2083/1943 1980/2114/1974
f 529/523/448 1983/2117/1977 1982/2116/1976 1979/2113/1973
f 1975/2109/1969 528/522/447 529/523/448 1979/2113/1973
f 1982/2116/1976 1984/2118/1978 1978/2112/1972 1979/2113/1973
f 1982/2116/1976 1985/2119/1979 1788/1922/1782 1984/2118/1978
f 511/503/428 517/509/434 1978/2112/1972 1984/2118/1978
f 1788/1922/1782 510/502/427 511/503/428 1984/2118/1978
f 1987/2121/1981 1986/2120/1980 1785/1919/1779 1985/2119/1979
f 1982/2116/1976 1983/2117/1977 1987/2121/1981 1985/2119/1979
f 1785/1919/1779 1786/1920/1780 1788/1922/1782 1985/2119/1979
f 1988/2122/1982 549/541/466 1986/2120/1980 1987/2121/1981
f 1983/2117/1977 1989/2123/1983 1988/2122/1982 1987/2121/1981
f 1991/2125/1985 1990/2124/1984 1988/2122/1982 1989/2123/1983
f 525/519/444 526/520/445 1991/2125/1985 1989/2123/1983
f 1983/2117/1977 529/523/448 525/519/444 1989/2123/1983
f 1970/2104/1964 1992/2126/1986 1990/2124/1984 1991/2125/1985
f 526/520/445 1969/2103/1963 1970/2104/1964 1991/2125/1985
f 550/542/467 548/540/465 1990/2124/1984 1992/2126/1986
f 1966/2100/1960 1993/2127/1987 550/542/467 1992/2126/1986
f 1970/2104/1964 1965/2099/1959 1966/2100/1960 1992/2126/1986
f 1994/2128/1988 547/539/464 550/542/467 1993/2127/1987
f 1996/2130/1990 1995/2129/1989 1994/2128/1988 1993/2127/1987
f 1966/2100/1960 1967/2101/1961 1996/2130/1990 1993/2127/1987
f 581/578/503 1997/2131/1991 1995/2129/1989 1996/2130/1990
f 1967/2101/1961 580/577/502 581/578/503 1996/2130/1990
f 1772/1906/1766 1774/1908/1768 1995/2129/1989 1997/2131/1991
f 1998/2132/1992 1770/1904/1764 1772/1906/1766 1997/2131/1991
f 581/578/503 582/579/504 1998/2132/1992 1997/2131/1991
f 1767/1901/1761 1768/1902/1762 1770/1904/1764 1998/2132/1992
f 582/579/504 585/582/507 1767/1901/1761 1998/2132/1992
f 1774/1908/1768 1776/1910/1770 1994/2128/1988 1995/2129/1989
f 1776/1910/1770 546/538/463 547/539/464 1994/2128/1988
f 548/540/465 549/541/466 1988/2122/1982 1990/2124/1984
f 549/541/466 545/537/462 1999/2133/1993 1986/2120/1980
f 1999/2133/1993 1783/1917/1777 1785/1919/1779 1986/2120/1980
f 545/537/462 546/538/463 1779/1913/1773 1999/2133/1993
f 1779/1913/1773 1780/1914/1774 1783/1917/1777 1999/2133/1993
f 1951/2085/1945 1952/2086/1946 1954/2088/1948 1973/2107/1967
f 512/504/429 513/505/430 1919/2053/1913 1921/2055/1915
f 513/505/430 514/506/431 2000/2134/1994 1917/2051/1911
f 2000/2134/1994 1913/2047/1907 1914/2048/1908 1917/2051/1911
f 514/506/431 515/507/432 1842/1976/1836 2000/2134/1994
f 1842/1976/1836 1843/1977/1837 1913/2047/1907 2000/2134/1994
f 1843/1977/1837 1844/1978/1838 1911/2045/1905 1913/2047/1907
f 1848/1982/1842 1849/1983/1843 1852/1986/1846 1906/2040/1900
f 508/499/424 506/497/422 1895/2029/1889 1898/2032/1892
f 506/497/422 507/498/423 1894/2028/1888 1895/2029/1889
f 1873/2007/1867 1877/2011/1871 1879/2013/1873 1890/2024/1884
f 507/498/423 503/494/419 1860/1994/1854 1862/1996/1856
f 503/494/419 504/495/420 1858/1992/1852 1860/1994/1854
f 504/495/420 1855/1989/1849 1856/1990/1850 1858/1992/1852
f 967/1039/942 496/485/410 494/482/407 1851/1985/1845
f 515/507/432 1839/1973/1833 1840/1974/1834 1842/1976/1836
f 515/507/432 516/508/433 1792/1926/1786 1839/1973/1833
f 1792/1926/1786 1793/1927/1787 1837/1971/1831 1839/1973/1833
f 1793/1927/1787 1795/1929/1789 1833/1967/1827 1837/1971/1831
f 546/538/463 1776/1910/1770 1777/1911/1771 1779/1913/1773
f 585/582/507 1764/1898/1758 1765/1899/1759 1767/1901/1761
f 1638/1772/1632 1640/1774/1634 1724/1858/1718 1728/1862/1722
f 1720/1854/1714 556/549/474 557/550/475 1723/1857/1717
f 789/821/738 783/815/732 835/873/790 1621/1751/1611
f 578/574/499 793/826/743 1609/1739/1599 1611/1741/1601
f 1589/1719/1579 913/964/881 914/965/882 1596/1726/1586
f 2001/2135/1995 1586/1716/1576 1587/1717/1577 1590/1720/1580
f 796/829/746 797/830/747 2001/2135/1995 1590/1720/1580
f 806/840/757 808/842/759 1586/1716/1576 2001/2135/1995
f 797/830/747 799/832/749 806/840/757 2001/2135/1995
f 808/842/759 2002/2136/1996 1584/1714/1574 1586/1716/1576
f 2003/2137/1997 1582/1712/1572 1584/1714/1574 2002/2136/1996
f 2005/2139/1999 2004/2138/1998 2003/2137/1997 2002/2136/1996
f 808/842/759 803/837/754 2005/2139/1999 2002/2136/1996
f 2007/2141/2001 2006/2140/2000 2004/2138/1998 2005/2139/1999
f 803/837/754 804/838/755 2007/2141/2001 2005/2139/1999
f 2009/2143/2003 2008/2142/2002 2006/2140/2000 2007/2141/2001
f 804/838/755 2010/2144/2004 2009/2143/2003 2007/2141/2001
f 2012/2146/2006 2011/2145/2005 2009/2143/2003 2010/2144/2004
f 2014/2148/2008 2013/2147/2007 2012/2146/2006 2010/2144/2004
f 804/838/755 800/834/751 2014/2148/2008 2010/2144/2004
f 2016/2150/2010 2015/2149/2009 2013/2147/2007 2014/2148/2008
f 800/834/751 801/835/752 2016/2150/2010 2014/2148/2008
f 731/757/674 734/760/677 2015/2149/2009 2016/2150/2010
f 801/835/752 730/756/673 731/757/674 2016/2150/2010
f 1058/1143/1041 2017/2151/2011 2013/2147/2007 2015/2149/2009
f 734/760/677 1057/1142/1040 1058/1143/1041 2015/2149/2009
f 2018/2152/2012 2012/2146/2006 2013/2147/2007 2017/2151/2011
f 1054/1139/1037 2019/2153/2013 2018/2152/2012 2017/2151/2011
f 1058/1143/1041 1053/1138/1036 1054/1139/1037 2017/2151/2011
f 2021/2155/2015 2020/2154/2014 2018/2152/2012 2019/2153/2013
f 1051/1136/1034 2022/2156/2016 2021/2155/2015 2019/2153/2013
f 1054/1139/1037 1050/1135/1033 1051/1136/1034 2019/2153/2013
f 2024/2158/2018 2023/2157/2017 2021/2155/2015 2022/2156/2016
f 1048/1133/1031 2025/2159/2019 2024/2158/2018 2022/2156/2016
f 1051/1136/1034 1047/1132/1030 1048/1133/1031 2022/2156/2016
f 2026/2160/2020 877/922/839 2024/2158/2018 2025/2159/2019
f 903/952/869 904/953/870 2026/2160/2020 2025/2159/2019
f 1048/1133/1031 902/951/868 903/952/869 2025/2159/2019
f 2027/2161/2021 876/921/838 877/922/839 2026/2160/2020
f 904/953/870 2028/2162/2022 2027/2161/2021 2026/2160/2020
f 900/948/865 896/944/861 2029/2163/2023 2028/2162/2022
f 904/953/870 905/954/871 900/948/865 2028/2162/2022
f 2029/2163/2023 2030/2164/2024 2027/2161/2021 2028/2162/2022
f 2029/2163/2023 2032/2166/2026 2031/2165/2025 2030/2164/2024
f 875/920/837 876/921/838 2027/2161/2021 2030/2164/2024
f 2031/2165/2025 2033/2167/2027 875/920/837 2030/2164/2024
f 2031/2165/2025 2035/2169/2029 2034/2168/2028 2033/2167/2027
f 2036/2170/2030 874/919/836 875/920/837 2033/2167/2027
f 2034/2168/2028 2037/2171/2031 2036/2170/2030 2033/2167/2027
f 2034/2168/2028 823/859/776 827/863/780 2037/2171/2031
f 2039/2173/2033 2038/2172/2032 2036/2170/2030 2037/2171/2031
f 827/863/780 2040/2174/2034 2039/2173/2033 2037/2171/2031
f 827/863/780 824/860/777 2041/2175/2035 2040/2174/2034
f 2006/2140/2000 2008/2142/2002 2039/2173/2033 2040/2174/2034
f 2041/2175/2035 2004/2138/1998 2006/2140/2000 2040/2174/2034
f 824/860/777 825/861/778 2042/2176/2036 2041/2175/2035
f 2042/2176/2036 2003/2137/1997 2004/2138/1998 2041/2175/2035
f 825/861/778 1575/1705/1565 1581/1711/1571 2042/2176/2036
f 1581/1711/1571 1582/1712/1572 2003/2137/1997 2042/2176/2036
f 2008/2142/2002 2043/2177/2037 2038/2172/2032 2039/2173/2033
f 2044/2178/2038 873/918/835 2038/2172/2032 2043/2177/2037
f 2011/2145/2005 2020/2154/2014 2044/2178/2038 2043/2177/2037
f 2008/2142/2002 2009/2143/2003 2011/2145/2005 2043/2177/2037
f 2023/2157/2017 872/917/834 873/918/835 2044/2178/2038
f 2020/2154/2014 2021/2155/2015 2023/2157/2017 2044/2178/2038
f 873/918/835 874/919/836 2036/2170/2030 2038/2172/2032
f 2046/2180/2040 2045/2179/2039 822/858/775 2035/2169/2029
f 2031/2165/2025 2032/2166/2026 2046/2180/2040 2035/2169/2029
f 822/858/775 823/859/776 2034/2168/2028 2035/2169/2029
f 2048/2182/2042 2047/2181/2041 2045/2179/2039 2046/2180/2040
f 2032/2166/2026 897/945/862 2048/2182/2042 2046/2180/2040
f 888/934/851 889/935/852 2047/2181/2041 2048/2182/2042
f 897/945/862 894/942/859 888/934/851 2048/2182/2042
f 889/935/852 890/936/853 892/939/856 2047/2181/2041
f 892/939/856 2049/2183/2043 2045/2179/2039 2047/2181/2041
f 892/939/856 880/925/842 871/915/832 2049/2183/2043
f 821/857/774 822/858/775 2045/2179/2039 2049/2183/2043
f 871/915/832 820/856/773 821/857/774 2049/2183/2043
f 2029/2163/2023 896/944/861 897/945/862 2032/2166/2026
f 877/922/839 872/917/834 2023/2157/2017 2024/2158/2018
f 2011/2145/2005 2012/2146/2006 2018/2152/2012 2020/2154/2014
f 825/861/778 826/862/779 1571/1701/1561 1575/1705/1565
f 1570/1700/1560 815/850/767 816/851/768 1574/1704/1564
f 1477/1596/1465 1478/1597/1466 1482/1602/1471 1565/1695/1555
f 1482/1602/1471 1483/1603/1472 1485/1605/1474 1563/1693/1553
f 818/853/770 809/844/761 1561/1691/1551 1562/1692/1552
f 1485/1605/1474 1486/1606/1475 1488/1608/1477 1559/1689/1549
f 1554/1684/1544 855/896/813 856/897/814 1558/1688/1548
f 1488/1608/1477 1489/1609/1478 1491/1611/1480 1555/1685/1545
f 1491/1611/1480 1492/1612/1481 1494/1615/1483 1552/1682/1542
f 860/901/818 861/902/819 1548/1678/1538 1549/1679/1539
f 364/330/256 949/1016/922 950/1017/923 1542/1670/1532
f 869/912/829 870/913/830 1474/1593/1462 1476/1595/1464
f 870/913/830 217/910/827 878/923/840 1471/1590/1459
f 887/933/850 884/930/847 1468/1587/1456 1469/1588/1457
f 2050/2184/2044 1464/1583/1452 1465/1584/1453 1468/1587/1456
f 884/930/847 885/931/848 2050/2184/2044 1468/1587/1456
f 2052/2186/2046 2051/2185/2045 1464/1583/1452 2050/2184/2044
f 885/931/848 2053/2187/2047 2052/2186/2046 2050/2184/2044
f 2055/2189/2049 2054/2188/2048 2052/2186/2046 2053/2187/2047
f 2057/2191/2051 2056/2190/2050 2055/2189/2049 2053/2187/2047
f 885/931/848 881/927/844 2057/2191/2051 2053/2187/2047
f 2059/2193/2053 2058/2192/2052 2056/2190/2050 2057/2191/2051
f 881/927/844 882/928/845 2059/2193/2053 2057/2191/2051
f 2061/2195/2055 2060/2194/2054 2058/2192/2052 2059/2193/2053
f 882/928/845 2062/2196/2056 2061/2195/2055 2059/2193/2053
f 882/928/845 883/929/846 895/943/860 2062/2196/2056
f 2064/2198/2058 2063/2197/2057 2061/2195/2055 2062/2196/2056
f 895/943/860 893/941/858 2064/2198/2058 2062/2196/2056
f 770/2200/2060 771/2199/2059 2063/2197/2057 2064/2198/2058
f 893/941/858 204/801/718 770/2200/2060 2064/2198/2058
f 1030/1115/1013 2060/2194/2054 2061/2195/2055 2063/2197/2057
f 771/2199/2059 1029/1114/1012 1030/1115/1013 2063/2197/2057
f 2066/2202/2062 2065/2201/2061 2058/2192/2052 2060/2194/2054
f 1030/1115/1013 1027/1112/1010 2066/2202/2062 2060/2194/2054
f 2068/2204/2064 2067/2203/2063 2065/2201/2061 2066/2202/2062
f 1027/1112/1010 1028/1113/1011 2068/2204/2064 2066/2202/2062
f 2070/2206/2066 2069/2205/2065 2067/2203/2063 2068/2204/2064
f 1028/1113/1011 2071/2207/2067 2070/2206/2066 2068/2204/2064
f 2072/2208/2068 661/673/595 2070/2206/2066 2071/2207/2067
f 2074/2210/2070 2073/2209/2069 2072/2208/2068 2071/2207/2067
f 1028/1113/1011 1024/1109/1007 2074/2210/2070 2071/2207/2067
f 2076/2212/2072 2075/2211/2071 2073/2209/2069 2074/2210/2070
f 1024/1109/1007 1025/1110/1008 2076/2212/2072 2074/2210/2070
f 747/775/692 748/776/693 2075/2211/2071 2076/2212/2072
f 1025/1110/1008 2077/2213/2073 747/775/692 2076/2212/2072
f 2080/2216/2076 2079/2215/2075 2078/2214/2074 2077/2213/2073
f 1025/1110/1008 1026/1111/1009 2080/2216/2076 2077/2213/2073
f 2078/2214/2074 746/774/691 747/775/692 2077/2213/2073
f 2082/2218/2078 2081/2217/2077 2079/2215/2075 2080/2216/2076
f 1026/1111/1009 1031/1116/1014 2082/2218/2078 2080/2216/2076
f 2083/2219/2079 752/781/698 2081/2217/2077 2082/2218/2078
f 1031/1116/1014 1033/1118/1016 2083/2219/2079 2082/2218/2078
f 2084/2220/2080 751/780/697 752/781/698 2083/2219/2079
f 1033/1118/1016 1035/1120/1018 2084/2220/2080 2083/2219/2079
f 2085/2221/2081 756/785/702 751/780/697 2084/2220/2080
f 1035/1120/1018 1037/1122/1020 2085/2221/2081 2084/2220/2080
f 2087/2223/2083 2086/2222/2082 756/785/702 2085/2221/2081
f 1037/1122/1020 2088/2224/2084 2087/2223/2083 2085/2221/2081
f 777/808/725 778/809/726 2087/2223/2083 2088/2224/2084
f 1040/1125/1023 782/813/730 777/808/725 2088/2224/2084
f 1037/1122/1020 1038/1123/1021 1040/1125/1023 2088/2224/2084
f 778/809/726 1059/1144/1042 2086/2222/2082 2087/2223/2083
f 1059/1144/1042 1060/1145/1043 1062/1147/1045 2086/2222/2082
f 1062/1147/1045 755/784/701 756/785/702 2086/2222/2082
f 752/781/698 753/782/699 1065/1150/1048 2081/2217/2077
f 1065/1150/1048 1066/1151/1049 2079/2215/2075 2081/2217/2077
f 1066/1151/1049 1068/1153/1051 2078/2214/2074 2079/2215/2075
f 1068/1153/1051 749/777/694 746/774/691 2078/2214/2074
f 2090/2226/2086 2089/2225/2085 2073/2209/2069 2075/2211/2071
f 748/776/693 750/778/695 2090/2226/2086 2075/2211/2071
f 1021/1105/1003 1022/1106/1004 2089/2225/2085 2090/2226/2086
f 750/778/695 1016/1099/997 1021/1105/1003 2090/2226/2086
f 2091/2227/2087 2072/2208/2068 2073/2209/2069 2089/2225/2085
f 1022/1106/1004 2092/2228/2088 2091/2227/2087 2089/2225/2085
f 2093/2229/2089 660/672/594 2091/2227/2087 2092/2228/2088
f 2095/2231/2091 2094/2230/2090 2093/2229/2089 2092/2228/2088
f 1022/1106/1004 1023/1107/1005 2095/2231/2091 2092/2228/2088
f 2097/2233/2093 2096/2232/2092 2094/2230/2090 2095/2231/2091
f 1023/1107/1005 1020/1103/1001 2097/2233/2093 2095/2231/2091
f 2099/2235/2095 2098/2234/2094 2096/2232/2092 2097/2233/2093
f 1020/1103/1001 1018/1101/999 2099/2235/2095 2097/2233/2093
f 2101/2237/2097 2100/2236/2096 2098/2234/2094 2099/2235/2095
f 1018/1101/999 1019/1102/1000 2101/2237/2097 2099/2235/2095
f 2102/2238/2098 634/643/565 2100/2236/2096 2101/2237/2097
f 1019/1102/1000 2103/2239/2099 2102/2238/2098 2101/2237/2097
f 2105/2241/2101 2104/2240/2100 2102/2238/2098 2103/2239/2099
f 2107/2243/2103 2106/2242/2102 2105/2241/2101 2103/2239/2099
f 1019/1102/1000 1014/1097/995 2107/2243/2103 2103/2239/2099
f 712/740/657 713/741/658 2106/2242/2102 2107/2243/2103
f 1014/1097/995 1015/1098/996 712/740/657 2107/2243/2103
f 2109/2245/2105 2108/2244/2104 2105/2241/2101 2106/2242/2102
f 713/741/658 714/742/659 2109/2245/2105 2106/2242/2102
f 1170/1255/1153 2110/2246/2106 2108/2244/2104 2109/2245/2105
f 714/742/659 1168/1253/1151 1170/1255/1153 2109/2245/2105
f 2112/2248/2108 2111/2247/2107 2108/2244/2104 2110/2246/2106
f 1173/1258/1156 2113/2249/2109 2112/2248/2108 2110/2246/2106
f 1170/1255/1153 1171/1256/1154 1173/1258/1156 2110/2246/2106
f 2115/2251/2111 2114/2250/2110 2112/2248/2108 2113/2249/2109
f 2117/2253/2113 2116/2252/2112 2115/2251/2111 2113/2249/2109
f 1173/1258/1156 1174/1259/1157 2117/2253/2113 2113/2249/2109
f 2119/2255/2115 2118/2254/2114 2116/2252/2112 2117/2253/2113
f 1174/1259/1157 1175/1260/1158 2119/2255/2115 2117/2253/2113
f 2121/2257/2117 2120/2256/2116 2118/2254/2114 2119/2255/2115
f 1175/1260/1158 1177/1262/1160 2121/2257/2117 2119/2255/2115
f 600/2259/525 979/2258/955 2120/2256/2116 2121/2257/2117
f 1177/1262/1160 598/1264/522 600/2259/525 2121/2257/2117
f 609/613/536 610/614/537 2118/2254/2114 2120/2256/2116
f 979/2258/955 608/612/535 609/613/536 2120/2256/2116
f 610/614/537 622/628/551 2116/2252/2112 2118/2254/2114
f 622/628/551 623/629/552 2115/2251/2111 2116/2252/2112
f 623/629/552 2122/2260/2118 2114/2250/2110 2115/2251/2111
f 2123/2261/2119 638/647/569 636/645/567 2122/2260/2118
f 623/629/552 624/630/553 2123/2261/2119 2122/2260/2118
f 636/645/567 637/646/568 2114/2250/2110 2122/2260/2118
f 624/630/553 627/633/556 2124/2262/2120 2123/2261/2119
f 2124/2262/2120 2125/2263/2121 638/647/569 2123/2261/2119
f 2124/2262/2120 646/657/579 647/658/580 2125/2263/2121
f 2126/2264/2122 635/644/566 638/647/569 2125/2263/2121
f 647/658/580 648/659/581 2126/2264/2122 2125/2263/2121
f 2100/2236/2096 634/643/565 635/644/566 2126/2264/2122
f 648/659/581 2098/2234/2094 2100/2236/2096 2126/2264/2122
f 627/633/556 2127/2265/2123 646/657/579 2124/2262/2120
f 2130/2268/2126 2129/2267/2125 2128/2266/2124 2127/2265/2123
f 627/633/556 625/631/554 2130/2268/2126 2127/2265/2123
f 2128/2266/2124 645/656/578 646/657/579 2127/2265/2123
f 2131/2269/2127 629/636/559 2129/2267/2125 2130/2268/2126
f 625/631/554 626/632/555 2131/2269/2127 2130/2268/2126
f 2132/2270/2128 628/635/558 629/636/559 2131/2269/2127
f 626/632/555 2133/2271/2129 2132/2270/2128 2131/2269/2127
f 619/2273/547 620/2272/548 2132/2270/2128 2133/2271/2129
f 607/610/533 2134/2274/2130 619/2273/547 2133/2271/2129
f 626/632/555 606/609/532 607/610/533 2133/2271/2129
f 2135/2276/2131 614/619/542 619/624/547 2134/2275/2130
f 589/587/512 590/588/513 2135/2276/2131 2134/2275/2130
f 607/610/533 178/605/526 589/2277/512 2134/2274/2130
f 2136/2278/2132 613/618/541 614/619/542 2135/2276/2131
f 590/588/513 591/589/514 2136/2278/2132 2135/2276/2131
f 2138/2280/2134 2137/2279/2133 613/618/541 2136/2278/2132
f 591/589/514 2139/2281/2135 2138/2280/2134 2136/2278/2132
f 2141/2283/2137 2140/2282/2136 2138/2280/2134 2139/2281/2135
f 2143/2285/2139 2142/2284/2138 2141/2283/2137 2139/2281/2135
f 591/589/514 586/584/509 2143/2285/2139 2139/2281/2135
f 2145/2287/2141 2144/2286/2140 2142/2284/2138 2143/2285/2139
f 586/584/509 587/585/510 2145/2287/2141 2143/2285/2139
f 2147/2289/2143 2146/2288/2142 2144/2286/2140 2145/2287/2141
f 587/585/510 2148/2290/2144 2147/2289/2143 2145/2287/2141
f 2150/2292/2146 2149/2291/2145 2147/2289/2143 2148/2290/2144
f 601/602/527 602/603/528 2150/2292/2146 2148/2290/2144
f 587/585/510 588/586/511 601/602/527 2148/2290/2144
f 2152/2294/2148 2151/2293/2147 2149/2291/2145 2150/2292/2146
f 602/603/528 2153/2295/2149 2152/2294/2148 2150/2292/2146
f 595/594/519 596/595/520 2152/2294/2148 2153/2295/2149
f 2154/2296/2150 599/599/524 595/594/519 2153/2295/2149
f 602/603/528 603/604/529 2154/2296/2150 2153/2295/2149
f 608/612/535 979/2258/955 599/2298/524 2154/2297/2150
f 603/606/529 604/607/530 608/612/535 2154/2297/2150
f 596/595/520 2155/2299/2151 2151/2293/2147 2152/2294/2148
f 2157/2301/2153 2156/2300/2152 2151/2293/2147 2155/2299/2151
f 2159/2303/2155 2158/2302/2154 2157/2301/2153 2155/2299/2151
f 596/595/520 592/591/516 2159/2303/2155 2155/2299/2151
f 1185/1276/1168 1186/1277/1169 2158/2302/2154 2159/2303/2155
f 592/591/516 593/592/517 1185/1276/1168 2159/2303/2155
f 2161/2305/2157 2160/2304/2156 2157/2301/2153 2158/2302/2154
f 1186/1277/1169 1188/1280/1171 2161/2305/2157 2158/2302/2154
f 2163/2307/2159 2162/2306/2158 2160/2304/2156 2161/2305/2157
f 1188/1280/1171 1190/1283/1173 2163/2307/2159 2161/2305/2157
f 938/1002/909 936/998/907 2162/2306/2158 2163/2307/2159
f 1190/1283/1173 2164/2308/2160 938/1002/909 2163/2307/2159
f 284/2309/159 285/1001/160 938/1002/909 2164/2308/2160
f 1193/2311/1176 2165/2310/2161 284/2309/159 2164/2308/2160
f 1190/1283/1173 1191/1284/1174 1193/2311/1176 2164/2308/2160
f 2166/2313/2162 274/215/147 284/227/159 2165/2312/2161
f 2168/2315/2164 2167/2314/2163 2166/2313/2162 2165/2312/2161
f 1193/1287/1176 1194/1288/1177 2168/2315/2164 2165/2312/2161
f 2170/2317/2166 2169/2316/2165 2167/2314/2163 2168/2315/2164
f 1194/1288/1177 1195/1289/1178 2170/2317/2166 2168/2315/2164
f 2172/2319/2168 2171/2318/2167 2169/2316/2165 2170/2317/2166
f 1195/1289/1178 1197/1291/1180 2172/2319/2168 2170/2317/2166
f 462/450/375 2173/2320/2169 2171/2318/2167 2172/2319/2168
f 1197/1291/1180 461/449/374 462/450/375 2172/2319/2168
f 2175/2322/2171 2174/2321/2170 2171/2318/2167 2173/2320/2169
f 407/386/311 402/381/306 2175/2322/2171 2173/2320/2169
f 462/450/375 459/447/372 407/386/311 2173/2320/2169
f 2177/2324/2173 2176/2323/2172 2174/2321/2170 2175/2322/2171
f 402/381/306 151/380/305 2177/2324/2173 2175/2322/2171
f 2179/2326/2175 2178/2325/2174 2176/2323/2172 2177/2324/2173
f 151/380/305 399/375/300 2179/2326/2175 2177/2324/2173
f 399/375/300 400/376/301 2180/2327/2176 2179/2326/2175
f 2180/2327/2176 2181/2328/2177 2178/2325/2174 2179/2326/2175
f 2180/2327/2176 2183/2330/2179 2182/2329/2178 2181/2328/2177
f 2185/2332/2181 2184/2331/2180 2178/2325/2174 2181/2328/2177
f 2182/2329/2178 935/995/906 2185/2332/2181 2181/2328/2177
f 935/995/906 927/984/898 2186/2333/2182 2185/2332/2181
f 2186/2333/2182 2187/2334/2183 2184/2331/2180 2185/2332/2181
f 2186/2333/2182 261/200/132 262/201/133 2187/2334/2183
f 2189/2336/2185 2188/2335/2184 2184/2331/2180 2187/2334/2183
f 262/201/133 268/209/141 2189/2336/2185 2187/2334/2183
f 2191/2338/2187 2190/2337/2186 2188/2335/2184 2189/2336/2185
f 268/209/141 269/210/142 2191/2338/2187 2189/2336/2185
f 2167/2314/2163 2169/2316/2165 2190/2337/2186 2191/2338/2187
f 269/210/142 2166/2313/2162 2167/2314/2163 2191/2338/2187
f 2174/2321/2170 2176/2323/2172 2188/2335/2184 2190/2337/2186
f 2169/2316/2165 2171/2318/2167 2174/2321/2170 2190/2337/2186
f 2176/2323/2172 2178/2325/2174 2184/2331/2180 2188/2335/2184
f 927/984/898 264/203/135 261/200/132 2186/2333/2182
f 2193/2340/2189 387/359/284 2192/2339/2188 2183/2330/2179
f 2180/2327/2176 400/376/301 2193/2340/2189 2183/2330/2179
f 2192/2339/2188 2194/2341/2190 2182/2329/2178 2183/2330/2179
f 2192/2345/2188 2196/2344/2192 2195/2343/2191 2194/2342/2190
f 934/994/905 935/995/906 2182/2329/2178 2194/2341/2190
f 2195/2343/2191 933/992/904 934/993/905 2194/2342/2190
f 379/2348/276 380/2347/277 2197/2346/2193 2196/2344/2192
f 2192/2345/2188 387/2349/284 379/2348/276 2196/2344/2192
f 2197/2346/2193 2198/2350/2194 2195/2343/2191 2196/2344/2192
f 2197/2346/2193 2200/2352/2196 2199/2351/2195 2198/2350/2194
f 2201/2353/2197 933/992/904 2195/2343/2191 2198/2350/2194
f 2199/2351/2195 2202/2354/2198 2201/2353/2197 2198/2350/2194
f 2199/2351/2195 2204/2356/2200 2203/2355/2199 2202/2354/2198
f 2206/2358/2202 2205/2357/2201 2201/2353/2197 2202/2354/2198
f 2203/2355/2199 2207/2359/2203 2206/2358/2202 2202/2354/2198
f 2203/2355/2199 2209/2361/2205 2208/2360/2204 2207/2359/2203
f 2211/2363/2207 2210/2362/2206 2206/2358/2202 2207/2359/2203
f 2208/2360/2204 2212/2364/2208 2211/2363/2207 2207/2359/2203
f 2208/2360/2204 2214/2366/2210 2213/2365/2209 2212/2364/2208
f 2216/2368/2212 2215/2367/2211 2211/2363/2207 2212/2364/2208
f 2213/2365/2209 2217/2369/2213 2216/2368/2212 2212/2364/2208
f 2213/2365/2209 1389/1491/1377 2218/2370/2214 2217/2369/2213
f 2220/2372/2216 2219/2371/2215 2216/2368/2212 2217/2369/2213
f 2218/2370/2214 2221/2373/2217 2220/2372/2216 2217/2369/2213
f 2218/2370/2214 324/281/210 318/275/204 2221/2373/2217
f 2223/2375/2219 2222/2374/2218 2220/2372/2216 2221/2373/2217
f 318/275/204 319/276/205 2223/2375/2219 2221/2373/2217
f 2225/2377/2221 2224/2376/2220 2222/2374/2218 2223/2375/2219
f 319/276/205 2226/2378/2222 2225/2377/2221 2223/2375/2219
f 319/276/205 320/277/206 2227/2379/2223 2226/2378/2222
f 338/299/227 339/300/228 2225/2377/2221 2226/2378/2222
f 2227/2379/2223 344/305/233 338/299/227 2226/2378/2222
f 320/277/206 321/278/207 328/2380/215 2227/2379/2223
f 328/2380/215 331/2381/218 344/305/233 2227/2379/2223
f 339/300/228 2228/2382/2224 2224/2376/2220 2225/2377/2221
f 2230/2384/2226 2229/2383/2225 2224/2376/2220 2228/2382/2224
f 2232/2386/2228 2231/2385/2227 2230/2384/2226 2228/2382/2224
f 339/300/228 340/301/229 2232/2386/2228 2228/2382/2224
f 2234/2388/2230 2233/2387/2229 2231/2385/2227 2232/2386/2228
f 340/301/229 341/302/230 2234/2388/2230 2232/2386/2228
f 2236/2390/2232 2235/2389/2231 2233/2387/2229 2234/2388/2230
f 341/302/230 2237/2391/2233 2236/2390/2232 2234/2388/2230
f 341/302/230 342/303/231 2238/2392/2234 2237/2391/2233
f 2239/2393/2235 2140/2282/2136 2236/2390/2232 2237/2391/2233
f 2238/2392/2234 2240/2394/2236 2239/2393/2235 2237/2391/2233
f 2238/2392/2234 1421/1537/1409 2241/2395/2237 2240/2394/2236
f 2242/2396/2238 2137/2279/2133 2239/2393/2235 2240/2394/2236
f 2241/2395/2237 2243/2397/2239 2242/2396/2238 2240/2394/2236
f 2241/2395/2237 1425/1541/1413 1433/1549/1421 2243/2397/2239
f 616/621/544 612/617/540 2242/2396/2238 2243/2397/2239
f 1433/1549/1421 1434/1550/1422 616/621/544 2243/2397/2239
f 612/617/540 613/618/541 2137/2279/2133 2242/2396/2238
f 1421/1537/1409 1422/1538/1410 1425/1541/1413 2241/2395/2237
f 2137/2279/2133 2138/2280/2134 2140/2282/2136 2239/2393/2235
f 342/303/231 345/306/234 1421/1537/1409 2238/2392/2234
f 2140/2282/2136 2141/2283/2137 2235/2389/2231 2236/2390/2232
f 2244/2398/2240 282/225/157 2233/2387/2229 2235/2389/2231
f 2141/2283/2137 2142/2284/2138 2244/2398/2240 2235/2389/2231
f 281/224/156 128/217/149 282/225/157 2244/2398/2240
f 2142/2284/2138 2144/2286/2140 281/224/156 2244/2398/2240
f 282/225/157 283/226/158 2231/2385/2227 2233/2387/2229
f 283/226/158 2245/2399/2241 2230/2384/2226 2231/2385/2227
f 2246/2400/2242 2229/2383/2225 2230/2384/2226 2245/2399/2241
f 2248/2402/2244 2247/2401/2243 2246/2400/2242 2245/2399/2241
f 283/226/158 278/221/153 2248/2402/2244 2245/2399/2241
f 2250/2404/2246 2249/2403/2245 2247/2401/2243 2248/2402/2244
f 278/221/153 279/222/154 2250/2404/2246 2248/2402/2244
f 2252/2406/2248 2251/2405/2247 2249/2403/2245 2250/2404/2246
f 279/222/154 2253/2407/2249 2252/2406/2248 2250/2404/2246
f 2255/2409/2251 2254/2408/2250 2252/2406/2248 2253/2407/2249
f 2257/2413/2253 2256/2412/2252 2255/2411/2251 2253/2410/2249
f 279/2415/154 275/2414/150 2257/2413/2253 2253/2410/2249
f 2259/2417/2255 2258/2416/2254 2256/2412/2252 2257/2413/2253
f 275/2414/150 276/2418/151 2259/2417/2255 2257/2413/2253
f 2261/2420/2257 2260/2419/2256 2258/2416/2254 2259/2417/2255
f 276/2418/151 2262/2421/2258 2261/2420/2257 2259/2417/2255
f 937/1000/908 273/214/146 2261/2420/2257 2262/2421/2258
f 2264/2424/2260 2263/2423/2259 937/999/908 2262/2422/2258
f 276/219/151 277/220/152 2264/2424/2260 2262/2422/2258
f 2266/2426/2262 2265/2425/2261 2263/2423/2259 2264/2424/2260
f 277/220/152 280/223/155 2266/2426/2262 2264/2424/2260
f 2267/2427/2263 2156/2300/2152 2265/2425/2261 2266/2426/2262
f 280/223/155 2146/2288/2142 2267/2427/2263 2266/2426/2262
f 2149/2291/2145 2151/2293/2147 2156/2300/2152 2267/2427/2263
f 2146/2288/2142 2147/2289/2143 2149/2291/2145 2267/2427/2263
f 2160/2304/2156 2162/2306/2158 2263/2423/2259 2265/2425/2261
f 2156/2300/2152 2157/2301/2153 2160/2304/2156 2265/2425/2261
f 2162/2306/2158 936/998/907 937/999/908 2263/2423/2259
f 273/214/146 270/211/143 2260/2419/2256 2261/2420/2257
f 2269/2429/2265 2268/2428/2264 2258/2416/2254 2260/2419/2256
f 270/211/143 271/212/144 2269/2429/2265 2260/2419/2256
f 2271/2431/2267 2270/2430/2266 2268/2428/2264 2269/2429/2265
f 271/212/144 2272/2432/2268 2271/2431/2267 2269/2429/2265
f 267/208/140 2274/2434/2270 2273/2433/2269 2272/2432/2268
f 271/212/144 266/207/139 267/208/140 2272/2432/2268
f 2273/2433/2269 2275/2435/2271 2271/2431/2267 2272/2432/2268
f 2273/2433/2269 2277/2437/2273 2276/2436/2272 2275/2435/2271
f 2278/2438/2274 2270/2430/2266 2271/2431/2267 2275/2435/2271
f 2276/2436/2272 2279/2439/2275 2278/2438/2274 2275/2435/2271
f 2276/2443/2272 2281/2442/2277 2280/2441/2276 2279/2440/2275
f 252/2445/2279 253/2444/2278 2278/2438/2274 2279/2439/2275
f 2280/2441/2276 2282/2447/2280 252/2446/2279 2279/2440/2275
f 2280/2441/2276 2283/2448/2281 2254/2408/2250 2282/2447/2280
f 2284/2450/2283 251/2449/2282 252/2446/2279 2282/2447/2280
f 2254/2408/2250 2255/2409/2251 2284/2450/2283 2282/2447/2280
f 2285/2454/2285 254/2453/2284 251/2452/2282 2284/2451/2283
f 2255/2411/2251 2256/2412/2252 2285/2454/2285 2284/2451/2283
f 2268/2428/2264 2270/2430/2266 254/2453/2284 2285/2454/2285
f 2256/2412/2252 2258/2416/2254 2268/2428/2264 2285/2454/2285
f 2287/2456/2287 2286/2455/2286 2251/2405/2247 2283/2448/2281
f 2280/2441/2276 2281/2442/2277 2287/2456/2287 2283/2448/2281
f 2251/2405/2247 2252/2406/2248 2254/2408/2250 2283/2448/2281
f 2289/2458/2289 2288/2457/2288 2286/2455/2286 2287/2456/2287
f 2281/2442/2277 2290/2459/2290 2289/2458/2289 2287/2456/2287
f 2292/2461/2292 2291/2460/2291 2289/2458/2289 2290/2459/2290
f 2277/2463/2273 2293/2462/2293 2292/2461/2292 2290/2459/2290
f 2281/2442/2277 2276/2443/2272 2277/2463/2273 2290/2459/2290
f 259/2464/129 929/988/900 2292/2461/2292 2293/2462/2293
f 2274/2434/2270 258/196/128 259/197/129 2293/2465/2293
f 2277/2437/2273 2273/2433/2269 2274/2434/2270 2293/2465/2293
f 929/988/900 930/989/901 2291/2460/2291 2292/2461/2292
f 930/989/901 931/990/902 2294/2466/2294 2291/2460/2291
f 2294/2466/2294 2288/2457/2288 2289/2458/2289 2291/2460/2291
f 931/990/902 2296/2468/2296 2295/2467/2295 2294/2466/2294
f 2295/2467/2295 2297/2469/2297 2288/2457/2288 2294/2466/2294
f 2295/2467/2295 2299/2471/2299 2298/2470/2298 2297/2469/2297
f 2300/2472/2300 2286/2455/2286 2288/2457/2288 2297/2469/2297
f 2298/2470/2298 2301/2473/2301 2300/2472/2300 2297/2469/2297
f 2298/2470/2298 2303/2475/2303 2302/2474/2302 2301/2473/2301
f 2247/2401/2243 2249/2403/2245 2300/2472/2300 2301/2473/2301
f 2302/2474/2302 2246/2400/2242 2247/2401/2243 2301/2473/2301
f 2215/2367/2211 2216/2368/2212 2219/2371/2215 2303/2475/2303
f 2298/2470/2298 2299/2471/2299 2215/2367/2211 2303/2475/2303
f 2219/2371/2215 2304/2476/2304 2302/2474/2302 2303/2475/2303
f 2219/2371/2215 2220/2372/2216 2222/2374/2218 2304/2476/2304
f 2229/2383/2225 2246/2400/2242 2302/2474/2302 2304/2476/2304
f 2222/2374/2218 2224/2376/2220 2229/2383/2225 2304/2476/2304
f 2249/2403/2245 2251/2405/2247 2286/2455/2286 2300/2472/2300
f 2210/2362/2206 2211/2363/2207 2215/2367/2211 2299/2471/2299
f 2295/2467/2295 2296/2468/2296 2210/2362/2206 2299/2471/2299
f 2205/2357/2201 2206/2358/2202 2210/2362/2206 2296/2468/2296
f 931/990/902 932/991/903 2205/2357/2201 2296/2468/2296
f 253/2444/2278 254/2453/2284 2270/2430/2266 2278/2438/2274
f 267/208/140 260/198/130 258/196/128 2274/2434/2270
f 1389/1491/1377 1390/1492/1378 324/281/210 2218/2370/2214
f 2305/2477/2305 1385/1487/1373 1387/1489/1375 2214/2366/2210
f 2208/2360/2204 2209/2361/2205 2305/2477/2305 2214/2366/2210
f 1387/1489/1375 1389/1491/1377 2213/2365/2209 2214/2366/2210
f 1381/1482/1369 1382/1483/1370 1385/1487/1373 2305/2477/2305
f 2209/2361/2205 2306/2478/2306 1381/1482/1369 2305/2477/2305
f 1377/2479/1365 1378/1481/1366 1381/1482/1369 2306/2478/2306
f 2204/2356/2200 2307/2480/2307 1377/2479/1365 2306/2478/2306
f 2209/2361/2205 2203/2355/2199 2204/2356/2200 2306/2478/2306
f 1374/1473/1362 1375/1474/1363 1377/1476/1365 2307/2481/2307
f 2200/2483/2196 2308/2482/2308 1374/1473/1362 2307/2481/2307
f 2204/2356/2200 2199/2351/2195 2200/2352/2196 2307/2480/2307
f 1369/1468/1357 1370/1469/1358 1374/1473/1362 2308/2482/2308
f 380/352/277 381/353/278 1369/1468/1357 2308/2482/2308
f 2200/2483/2196 2197/2484/2193 380/352/277 2308/2482/2308
f 932/991/903 933/992/904 2201/2353/2197 2205/2357/2201
f 389/362/287 386/358/283 387/359/284 2193/2340/2189
f 400/376/301 392/365/290 389/362/287 2193/2340/2189
f 269/210/142 265/205/137 274/215/147 2166/2313/2162
f 280/223/155 281/224/156 2144/2286/2140 2146/2288/2142
f 620/2272/548 621/640/549 628/635/558 2132/2270/2128
f 629/636/559 630/637/560 2309/2485/2309 2129/2267/2125
f 2309/2485/2309 2310/2486/2310 2128/2266/2124 2129/2267/2125
f 2309/2485/2309 985/1061/962 2311/2487/2311 2310/2486/2310
f 654/665/587 645/656/578 2128/2266/2124 2310/2486/2310
f 2311/2487/2311 2312/2488/2312 654/665/587 2310/2486/2310
f 2311/2487/2311 2314/2490/2314 2313/2489/2313 2312/2488/2312
f 2315/2491/2315 652/663/585 654/665/587 2312/2488/2312
f 2313/2489/2313 2316/2492/2316 2315/2491/2315 2312/2488/2312
f 2313/2496/2313 2318/2495/2318 2317/2494/2317 2316/2493/2316
f 991/1070/969 990/1068/968 2315/2491/2315 2316/2492/2316
f 2317/2494/2317 2319/2498/2319 991/2497/969 2316/2493/2316
f 2317/2494/2317 2320/2499/2320 995/1074/973 2319/2498/2319
f 925/981/895 926/982/896 991/2497/969 2319/2498/2319
f 995/1074/973 923/979/893 925/981/895 2319/2498/2319
f 2322/2501/2322 644/654/576 2321/2500/2321 2320/2499/2320
f 2317/2494/2317 2318/2495/2318 2322/2501/2322 2320/2499/2320
f 2321/2500/2321 994/1073/972 995/1074/973 2320/2499/2320
f 2323/2502/2323 641/651/573 644/654/576 2322/2501/2322
f 2318/2495/2318 2324/2503/2324 2323/2502/2323 2322/2501/2322
f 987/1064/964 2325/2504/2325 2323/2502/2323 2324/2503/2324
f 2314/2505/2314 986/1063/963 987/1064/964 2324/2503/2324
f 2318/2495/2318 2313/2496/2313 2314/2505/2314 2324/2503/2324
f 2327/2507/2327 2326/2506/2326 640/650/572 2325/2504/2325
f 987/1064/964 980/1054/957 2327/2507/2327 2325/2504/2325
f 640/650/572 641/651/573 2323/2502/2323 2325/2504/2325
f 980/1054/957 981/1055/958 2328/2508/2328 2327/2507/2327
f 2328/2508/2328 2329/2509/2329 2326/2506/2326 2327/2507/2327
f 2328/2508/2328 2331/2511/2331 2330/2510/2330 2329/2509/2329
f 2333/2513/2333 2332/2512/2332 2326/2506/2326 2329/2509/2329
f 2330/2510/2330 2334/2514/2334 2333/2513/2333 2329/2509/2329
f 2330/2510/2330 2336/2516/2336 2335/2515/2335 2334/2514/2334
f 2338/2518/2338 2337/2517/2337 2333/2513/2333 2334/2514/2334
f 2335/2515/2335 2339/2519/2339 2338/2518/2338 2334/2514/2334
f 2335/2515/2335 2341/2521/2341 2340/2520/2340 2339/2519/2339
f 2343/2523/2343 2342/2522/2342 2338/2518/2338 2339/2519/2339
f 2340/2520/2340 2344/2524/2344 2343/2523/2343 2339/2519/2339
f 2340/2520/2340 2345/2525/2345 2054/2188/2048 2344/2524/2344
f 2347/2527/2347 2346/2526/2346 2343/2523/2343 2344/2524/2344
f 2054/2188/2048 2055/2189/2049 2347/2527/2347 2344/2524/2344
f 2349/2529/2349 2348/2528/2348 2346/2526/2346 2347/2527/2347
f 2055/2189/2049 2056/2190/2050 2349/2529/2349 2347/2527/2347
f 2065/2201/2061 2067/2203/2063 2348/2528/2348 2349/2529/2349
f 2056/2190/2050 2058/2192/2052 2065/2201/2061 2349/2529/2349
f 2351/2531/2351 2350/2530/2350 2346/2526/2346 2348/2528/2348
f 2067/2203/2063 2069/2205/2065 2351/2531/2351 2348/2528/2348
f 663/675/597 2352/2532/2352 2350/2530/2350 2351/2531/2351
f 2069/2205/2065 662/674/596 663/675/597 2351/2531/2351
f 2353/2533/2353 2342/2522/2342 2350/2530/2350 2352/2532/2352
f 2355/2535/2355 2354/2534/2354 2353/2533/2353 2352/2532/2352
f 663/675/597 655/667/589 2355/2535/2355 2352/2532/2352
f 2357/2537/2357 2356/2536/2356 2354/2534/2354 2355/2535/2355
f 655/667/589 656/668/590 2357/2537/2357 2355/2535/2355
f 993/1072/971 2358/2538/2358 2356/2536/2356 2357/2537/2357
f 656/668/590 992/1071/970 993/1072/971 2357/2537/2357
f 642/652/574 643/653/575 2356/2536/2356 2358/2538/2358
f 2321/2500/2321 644/654/576 642/652/574 2358/2538/2358
f 993/1072/971 994/1073/972 2321/2500/2321 2358/2538/2358
f 643/653/575 2359/2539/2359 2354/2534/2354 2356/2536/2356
f 2332/2512/2332 2333/2513/2333 2337/2517/2337 2359/2539/2359
f 643/653/575 639/649/571 2332/2512/2332 2359/2539/2359
f 2337/2517/2337 2353/2533/2353 2354/2534/2354 2359/2539/2359
f 2337/2517/2337 2338/2518/2338 2342/2522/2342 2353/2533/2353
f 2342/2522/2342 2343/2523/2343 2346/2526/2346 2350/2530/2350
f 2361/2541/2361 2360/2540/2360 2051/2185/2045 2345/2525/2345
f 2340/2520/2340 2341/2521/2341 2361/2541/2361 2345/2525/2345
f 2051/2185/2045 2052/2186/2046 2054/2188/2048 2345/2525/2345
f 2363/2543/2363 2362/2542/2362 2360/2540/2360 2361/2541/2361
f 2341/2521/2341 2364/2544/2364 2363/2543/2363 2361/2541/2361
f 2366/2546/2366 2365/2545/2365 2363/2543/2363 2364/2544/2364
f 2336/2516/2336 2367/2547/2367 2366/2546/2366 2364/2544/2364
f 2341/2521/2341 2335/2515/2335 2336/2516/2336 2364/2544/2364
f 2369/2549/2369 2368/2548/2368 2366/2546/2366 2367/2547/2367
f 2331/2511/2331 2370/2550/2370 2369/2549/2369 2367/2547/2367
f 2336/2516/2336 2330/2510/2330 2331/2511/2331 2367/2547/2367
f 2372/2552/2372 2371/2551/2371 2369/2549/2369 2370/2550/2370
f 981/1055/958 982/1056/959 2372/2552/2372 2370/2550/2370
f 2331/2511/2331 2328/2508/2328 981/1055/958 2370/2550/2370
f 2373/2553/2373 1441/1559/1429 2371/2551/2371 2372/2552/2372
f 982/1056/959 984/1059/961 2373/2553/2373 2372/2552/2372
f 1437/2554/1425 1438/1558/1426 1441/1559/1429 2373/2553/2373
f 984/1059/961 618/2555/546 1437/2554/1425 2373/2553/2373
f 1441/1559/1429 1442/1560/1430 1446/1565/1434 2371/2551/2371
f 1446/1565/1434 2368/2548/2368 2369/2549/2369 2371/2551/2371
f 1446/1565/1434 1447/1566/1435 1451/1570/1439 2368/2548/2368
f 1451/1570/1439 2365/2545/2365 2366/2546/2366 2368/2548/2368
f 1451/1570/1439 1452/1571/1440 1456/1575/1444 2365/2545/2365
f 1456/1575/1444 2362/2542/2362 2363/2543/2363 2365/2545/2365
f 1456/1575/1444 1457/1576/1445 1460/1579/1448 2362/2542/2362
f 1460/1579/1448 1462/1581/1450 2360/2540/2360 2362/2542/2362
f 1462/1581/1450 1464/1583/1452 2051/2185/2045 2360/2540/2360
f 639/649/571 640/650/572 2326/2506/2326 2332/2512/2332
f 990/1068/968 651/662/584 652/663/585 2315/2491/2315
f 2311/2487/2311 985/1061/962 986/1062/963 2314/2490/2314
f 630/637/560 631/638/561 985/1061/962 2309/2485/2309
f 637/646/568 2111/2247/2107 2112/2248/2108 2114/2250/2110
f 637/646/568 633/642/564 2104/2240/2100 2111/2247/2107
f 2104/2240/2100 2105/2241/2101 2108/2244/2104 2111/2247/2107
f 633/642/564 634/643/565 2102/2238/2098 2104/2240/2100
f 648/659/581 649/660/582 2096/2232/2092 2098/2234/2094
f 649/660/582 653/664/586 2094/2230/2090 2096/2232/2092
f 653/664/586 659/671/593 2093/2229/2089 2094/2230/2090
f 659/671/593 186/666/588 660/672/594 2093/2229/2089
f 660/672/594 661/673/595 2072/2208/2068 2091/2227/2087
f 661/673/595 662/674/596 2069/2205/2065 2070/2206/2066
f 1440/1556/1428 673/697/614 677/701/618 1445/2556/1433
f 618/623/546 615/620/543 1435/1551/1423 1437/1553/1425
f 615/620/543 616/621/544 1434/1550/1422 1435/1551/1423
f 1425/1541/1413 1426/1542/1414 1430/1546/1418 1433/1549/1421
f 1424/1540/1412 308/263/192 309/264/193 1429/1545/1417
f 331/290/218 329/288/216 1414/1527/1402 1416/1529/1404
f 343/304/232 344/305/233 331/2381/218 1416/1532/1404
f 1405/1517/1393 290/243/172 291/244/173 1411/1524/1399
f 1401/1510/1389 1402/1511/1390 290/243/172 1405/1517/1393
f 946/1012/918 289/242/171 290/243/172 1402/1511/1390
f 1399/1508/1387 945/1011/917 946/1012/918 1402/1511/1390
f 1380/1479/1368 296/250/179 297/251/180 1384/1507/1372
f 1368/1467/1356 965/1037/940 966/1038/941 1373/1472/1361
f 305/259/188 303/257/186 1372/1471/1360 1373/1472/1361
f 381/353/278 382/354/279 1366/1465/1354 1369/1468/1357
f 493/484/409 496/485/410 963/1035/938 1364/1462/1351
f 411/391/316 412/392/317 1354/1452/1341 1355/1453/1342
f 957/1028/931 959/1030/933 1348/1446/1335 1349/1447/1336
f 2374/2557/2374 1343/1441/1330 1344/1442/1331 1348/1446/1335
f 959/1030/933 2375/2558/2375 2374/2557/2374 1348/1446/1335
f 2377/2560/2377 2376/2559/2376 2374/2557/2374 2375/2558/2375
f 2379/2562/2379 2378/2561/2378 2377/2560/2377 2375/2558/2375
f 959/1030/933 958/1029/932 2379/2562/2379 2375/2558/2375
f 405/384/309 2380/2563/2380 2378/2561/2378 2379/2562/2379
f 958/1029/932 404/383/308 405/384/309 2379/2562/2379
f 2382/2565/2382 2381/2564/2381 2378/2561/2378 2380/2563/2380
f 460/448/373 456/444/369 2382/2565/2382 2380/2563/2380
f 405/384/309 406/385/310 460/448/373 2380/2563/2380
f 2384/2567/2384 2383/2566/2383 2381/2564/2381 2382/2565/2382
f 456/444/369 457/445/370 2384/2567/2384 2382/2565/2382
f 1252/1346/1235 1254/1348/1237 2383/2566/2383 2384/2567/2384
f 457/445/370 1250/1344/1233 1252/1346/1235 2384/2567/2384
f 2386/2569/2386 2385/2568/2385 2381/2564/2381 2383/2566/2383
f 1254/1348/1237 2387/2570/2387 2386/2569/2386 2383/2566/2383
f 909/959/876 910/960/877 2386/2569/2386 2387/2570/2387
f 1257/1351/1240 908/958/875 909/959/876 2387/2570/2387
f 1254/1348/1237 1255/1349/1238 1257/1351/1240 2387/2570/2387
f 910/960/877 2388/2571/2388 2385/2568/2385 2386/2569/2386
f 2390/2573/2390 2389/2572/2389 2376/2559/2376 2388/2571/2388
f 910/960/877 911/961/878 2390/2573/2390 2388/2571/2388
f 2376/2559/2376 2377/2560/2377 2385/2568/2385 2388/2571/2388
f 2391/2574/2391 1338/1436/1325 2389/2572/2389 2390/2573/2390
f 911/961/878 912/962/879 2391/2574/2391 2390/2573/2390
f 1330/1428/1317 1335/1433/1322 1338/1436/1325 2391/2574/2391
f 912/962/879 1327/1425/1314 1330/1428/1317 2391/2574/2391
f 1338/1436/1325 1339/1437/1326 1343/1441/1330 2389/2572/2389
f 1343/1441/1330 2374/2557/2374 2376/2559/2376 2389/2572/2389
f 2377/2560/2377 2378/2561/2378 2381/2564/2381 2385/2568/2385
f 1337/1435/1324 466/455/380 467/456/381 1342/1440/1329
f 912/962/879 907/957/874 1326/1424/1313 1327/1425/1314
f 415/396/321 416/397/322 1228/1322/1211 1232/1326/1215
f 455/442/367 453/440/365 1230/1324/1213 1231/1325/1214
f 418/399/324 419/400/325 431/414/339 1221/1315/1204
f 714/742/659 710/738/655 1166/1251/1149 1168/1253/1151
f 710/738/655 711/739/656 1163/1248/1146 1166/1251/1149
f 1161/1246/1144 1162/1247/1145 448/434/359 1165/1250/1148
f 757/787/704 758/788/705 1100/1185/1083 1104/1189/1087
f 758/788/705 759/789/706 1095/1180/1078 1096/1181/1079
f 1084/1169/1067 765/796/713 766/797/714 1089/1174/1072
f 1072/1157/1055 725/751/668 726/752/669 1077/1162/1060
f 769/800/717 767/798/715 1076/1161/1059 1077/1162/1060
f 745/773/690 749/777/694 1070/1155/1053 1073/1158/1056
f 778/809/726 779/810/727 1055/1140/1038 1059/1144/1042
f 781/812/729 782/813/730 1043/1128/1026 1045/1130/1028
f 782/813/730 1040/1125/1023 1041/1126/1024 1043/1128/1026
f 771/2199/2059 772/805/722 776/806/723 1029/1114/1012
f 750/778/695 741/769/686 1013/1096/994 1016/1099/997
f 741/769/686 742/770/687 1012/1095/993 1013/1096/994
f 1005/1086/984 697/1644/1508 691/1601/1470 1007/1088/986
f 656/668/590 657/669/591 989/1067/967 992/1071/970
f 657/669/591 658/670/592 988/1066/966 989/1067/967
f 658/670/592 650/661/583 651/662/584 988/1066/966
f 983/1060/960 617/2575/545 618/2555/546 984/1059/961
f 632/639/562 621/640/549 617/2576/545 983/1058/960
f 335/295/223 336/296/224 973/1046/949 974/1047/950
f 500/490/415 501/491/416 970/1043/946 971/1044/947
f 384/356/281 385/357/282 953/1024/927 954/1025/928
f 385/357/282 388/360/285 390/363/288 953/1024/927
f 364/330/256 363/331/254 365/1020/257 949/1016/922
f 921/974/890 922/975/891 943/1009/915 948/1014/920
f 295/248/177 289/242/171 946/1012/918 947/1013/919
f 942/1008/914 919/970/887 920/971/888 944/1010/916
f 939/1004/911 298/252/181 299/253/182 943/1009/915
f 297/251/180 298/252/181 939/1004/911 940/1005/912
f 259/2464/129 255/2577/125 928/987/899 929/988/900
f 255/193/125 256/194/126 264/203/135 928/985/899
f 899/947/864 900/948/865 905/954/871 906/955/872
f 883/929/846 888/934/851 894/942/859 895/943/860
f 849/889/806 786/818/735 787/819/736 854/894/811
f 653/664/586 650/661/583 658/670/592 659/671/593
f 406/385/310 407/386/311 459/447/372 460/448/373
f 390/363/288 391/364/289 401/377/302 403/382/307
f 350/312/240 351/313/241 141/324/248 361/325/252
f 310/265/194 311/266/195 358/321/249 359/322/250
f 254/2453/2284 253/2444/2278 252/2445/2279 251/2452/2282
f 272/213/145 130/230/162 129/216/148 127/206/138
f 399/375/300 151/380/305 236/379/304 150/374/299
f 493/484/409 492/1463/1352 398/372/297 164/373/298
f 544/1753/1613 543/1768/1628 542/1760/1620 541/1757/1617
f 691/1601/1470 697/1644/1508 690/716/633 192/714/631
f 724/1403/1292 723/1391/1280 722/1385/1274 721/1386/1275
f 772/805/722 771/2199/2059 770/2200/2060 204/801/718
f 2402/2581/2392 2401/2580/2392 2400/2579/2392 2392/2578/2392
f 2400/2579/2392 2404/2583/2392 2403/2582/2392 2392/2578/2392
f 2403/2582/2392 2405/2584/2392 2402/2581/2392 2392/2578/2392
f 2406/2588/2392 2404/2587/2392 2400/2586/2392 2393/2585/2392
f 2400/2586/2392 2401/2590/2392 2407/2589/2392 2393/2585/2392
f 2407/2589/2392 2408/2591/2392 2406/2588/2392 2393/2585/2392
f 2409/2593/2392 2405/2584/2392 2403/2582/2392 2394/2592/2392
f 2403/2582/2392 2404/2583/2392 2395/2594/2392 2394/2592/2392
f 2395/2594/2392 2410/2595/2392 2409/2593/2392 2394/2592/2392
f 2404/2583/2392 2406/2596/2392 2410/2595/2392 2395/2594/2392
f 2397/2598/2392 2407/2589/2392 2401/2590/2392 2396/2597/2392
f 2401/2580/2392 2402/2581/2392 2411/2600/2392 2396/2599/2392
f 2411/2602/2392 2412/2601/2392 2397/2598/2392 2396/2597/2392
f 2412/2601/2392 2408/2591/2392 2407/2589/2392 2397/2598/2392
f 2411/2600/2392 2402/2581/2392 2405/2584/2392 2398/2603/2392
f 2413/2605/2392 2412/2604/2392 2411/2600/2392 2398/2603/2392
f 2405/2584/2392 2409/2593/2392 2413/2605/2392 2398/2603/2392
f 2408/2607/2392 2412/2604/2392 2413/2605/2392 2399/2606/2392
f 2410/2595/2392 2406/2596/2392 2408/2607/2392 2399/2606/2392
f 2413/2605/2392 2409/2593/2392 2410/2595/2392 2399/2606/2392
f 2424/2611/2396 2423/2610/2395 2422/2609/2394 2414/2608/2393
f 2422/2609/2394 2426/2613/2398 2425/2612/2397 2414/2608/2393
f 2425/2612/2397 2415/2614/2399 2424/2611/2396 2414/2608/2393
f 2428/2616/2401 2427/2615/2400 2424/2611/2396 2415/2614/2399
f 2425/2612/2397 2429/2617/2402 2428/2616/2401 2415/2614/2399
f 2432/2621/2406 2431/2620/2405 2430/2619/2404 2416/2618/2403
f 2434/2623/2408 2433/2622/2407 2432/2621/2406 2416/2618/2403
f 2430/2619/2404 2435/2624/2409 2434/2623/2408 2416/2618/2403
f 2438/2628/2413 2437/2627/2412 2436/2626/2411 2417/2625/2410
f 2440/2630/2415 2439/2629/2414 2438/2628/2413 2417/2625/2410
f 2436/2626/2411 2441/2631/2416 2440/2630/2415 2417/2625/2410
f 2444/2635/2420 2443/2634/2419 2442/2633/2418 2418/2632/2417
f 2446/2637/2422 2445/2636/2421 2444/2635/2420 2418/2632/2417
f 2442/2633/2418 2447/2638/2423 2446/2637/2422 2418/2632/2417
f 2450/2642/2427 2449/2641/2426 2448/2640/2425 2419/2639/2424
f 2452/2644/2429 2451/2643/2428 2450/2642/2427 2419/2639/2424
f 2448/2640/2425 2453/2645/2430 2452/2644/2429 2419/2639/2424
f 2456/2649/2434 2455/2648/2433 2454/2647/2432 2420/2646/2431
f 2454/2647/2432 2458/2651/2436 2457/2650/2435 2420/2646/2431
f 2457/2650/2435 2459/2652/2437 2456/2649/2434 2420/2646/2431
f 2462/2656/2441 2461/2655/2440 2460/2654/2439 2421/2653/2438
f 2460/2654/2439 2464/2658/2443 2463/2657/2442 2421/2653/2438
f 2463/2657/2442 2465/2659/2444 2462/2656/2441 2421/2653/2438
f 2463/2661/2442 2448/2640/2425 2449/2641/2426 2465/2660/2444
f 2467/2663/2446 2466/2662/2445 2462/2656/2441 2465/2659/2444
f 2449/2641/2426 2468/2665/2447 2467/2664/2446 2465/2660/2444
f 2449/2641/2426 2450/2642/2427 2469/2666/2448 2468/2665/2447
f 2455/2648/2433 2435/2624/2409 2467/2664/2446 2468/2665/2447
f 2469/2666/2448 2454/2647/2432 2455/2648/2433 2468/2665/2447
f 2450/2642/2427 2451/2643/2428 2470/2667/2449 2469/2666/2448
f 2470/2667/2449 2458/2651/2436 2454/2647/2432 2469/2666/2448
f 2451/2643/2428 2472/2669/2451 2471/2668/2450 2470/2667/2449
f 2471/2668/2450 2473/2670/2452 2458/2651/2436 2470/2667/2449
f 2471/2668/2450 2475/2672/2454 2474/2671/2453 2473/2670/2452
f 2476/2673/2455 2457/2650/2435 2458/2651/2436 2473/2670/2452
f 2474/2671/2453 2477/2674/2456 2476/2673/2455 2473/2670/2452
f 2474/2671/2453 2439/2629/2414 2440/2630/2415 2477/2674/2456
f 2479/2676/2458 2478/2675/2457 2476/2673/2455 2477/2674/2456
f 2440/2630/2415 2441/2631/2416 2479/2676/2458 2477/2674/2456
f 2481/2678/2460 2480/2677/2459 2478/2675/2457 2479/2676/2458
f 2441/2631/2416 2482/2679/2461 2481/2678/2460 2479/2676/2458
f 2441/2631/2416 2436/2626/2411 2483/2680/2462 2482/2679/2461
f 2485/2682/2464 2484/2681/2463 2481/2678/2460 2482/2679/2461
f 2483/2680/2462 2486/2683/2465 2485/2682/2464 2482/2679/2461
f 2483/2680/2462 2488/2685/2467 2487/2684/2466 2486/2683/2465
f 2490/2687/2469 2489/2686/2468 2485/2682/2464 2486/2683/2465
f 2487/2684/2466 2491/2688/2470 2490/2687/2469 2486/2683/2465
f 2487/2684/2466 2492/2690/2471 2429/2689/2402 2491/2688/2470
f 2426/2613/2398 2493/2693/2472 2490/2692/2469 2491/2691/2470
f 2429/2617/2402 2425/2612/2397 2426/2613/2398 2491/2691/2470
f 2494/2695/2473 2489/2694/2468 2490/2692/2469 2493/2693/2472
f 2496/2697/2475 2495/2696/2474 2494/2695/2473 2493/2693/2472
f 2426/2613/2398 2422/2609/2394 2496/2697/2475 2493/2693/2472
f 2498/2699/2477 2497/2698/2476 2495/2696/2474 2496/2697/2475
f 2422/2609/2394 2423/2610/2395 2498/2699/2477 2496/2697/2475
f 2500/2701/2479 2499/2700/2478 2497/2698/2476 2498/2699/2477
f 2423/2610/2395 2501/2702/2480 2500/2701/2479 2498/2699/2477
f 2423/2610/2395 2424/2611/2396 2427/2615/2400 2501/2702/2480
f 2443/2634/2419 2502/2705/2481 2500/2704/2479 2501/2703/2480
f 2427/2706/2400 2442/2633/2418 2443/2634/2419 2501/2703/2480
f 2503/2708/2482 2499/2707/2478 2500/2704/2479 2502/2705/2481
f 2505/2710/2484 2504/2709/2483 2503/2708/2482 2502/2705/2481
f 2443/2634/2419 2444/2635/2420 2505/2710/2484 2502/2705/2481
f 2507/2712/2486 2506/2711/2485 2504/2709/2483 2505/2710/2484
f 2444/2635/2420 2445/2636/2421 2507/2712/2486 2505/2710/2484
f 2509/2714/2488 2508/2713/2487 2506/2711/2485 2507/2712/2486
f 2445/2636/2421 2510/2715/2489 2509/2714/2488 2507/2712/2486
f 2437/2627/2412 2438/2628/2413 2509/2714/2488 2510/2715/2489
f 2511/2716/2490 2488/2685/2467 2437/2627/2412 2510/2715/2489
f 2445/2636/2421 2446/2637/2422 2511/2716/2490 2510/2715/2489
f 2492/2690/2471 2487/2684/2466 2488/2685/2467 2511/2716/2490
f 2446/2637/2422 2447/2638/2423 2492/2690/2471 2511/2716/2490
f 2438/2628/2413 2439/2629/2414 2508/2713/2487 2509/2714/2488
f 2475/2672/2454 2512/2717/2491 2506/2711/2485 2508/2713/2487
f 2439/2629/2414 2474/2671/2453 2475/2672/2454 2508/2713/2487
f 2513/2718/2492 2504/2709/2483 2506/2711/2485 2512/2717/2491
f 2472/2669/2451 2514/2719/2493 2513/2718/2492 2512/2717/2491
f 2475/2672/2454 2471/2668/2450 2472/2669/2451 2512/2717/2491
f 2516/2721/2495 2515/2720/2494 2513/2718/2492 2514/2719/2493
f 2452/2644/2429 2453/2645/2430 2516/2721/2495 2514/2719/2493
f 2472/2669/2451 2451/2643/2428 2452/2644/2429 2514/2719/2493
f 2518/2723/2497 2517/2722/2496 2515/2720/2494 2516/2721/2495
f 2453/2645/2430 2464/2724/2443 2518/2723/2497 2516/2721/2495
f 2520/2728/2499 2519/2727/2498 2517/2726/2496 2518/2725/2497
f 2464/2658/2443 2460/2654/2439 2520/2728/2499 2518/2725/2497
f 2522/2730/2501 2521/2729/2500 2519/2727/2498 2520/2728/2499
f 2460/2654/2439 2461/2655/2440 2522/2730/2501 2520/2728/2499
f 2524/2732/2503 2523/2731/2502 2521/2729/2500 2522/2730/2501
f 2461/2655/2440 2525/2733/2504 2524/2732/2503 2522/2730/2501
f 2431/2735/2405 2526/2734/2505 2524/2732/2503 2525/2733/2504
f 2466/2737/2445 2430/2619/2404 2431/2620/2405 2525/2736/2504
f 2461/2655/2440 2462/2656/2441 2466/2662/2445 2525/2733/2504
f 2528/2740/2507 2484/2681/2463 2527/2739/2506 2526/2738/2505
f 2431/2620/2405 2432/2621/2406 2528/2740/2507 2526/2738/2505
f 2527/2741/2506 2523/2731/2502 2524/2732/2503 2526/2734/2505
f 2480/2677/2459 2481/2678/2460 2484/2681/2463 2528/2740/2507
f 2432/2621/2406 2433/2622/2407 2480/2677/2459 2528/2740/2507
f 2484/2681/2463 2485/2682/2464 2489/2686/2468 2527/2739/2506
f 2489/2694/2468 2494/2695/2473 2523/2731/2502 2527/2741/2506
f 2494/2695/2473 2495/2696/2474 2521/2729/2500 2523/2731/2502
f 2495/2696/2474 2497/2698/2476 2519/2727/2498 2521/2729/2500
f 2497/2698/2476 2499/2700/2478 2517/2726/2496 2519/2727/2498
f 2499/2707/2478 2503/2708/2482 2515/2720/2494 2517/2722/2496
f 2503/2708/2482 2504/2709/2483 2513/2718/2492 2515/2720/2494
f 2447/2638/2423 2428/2742/2401 2429/2689/2402 2492/2690/2471
f 2483/2680/2462 2436/2626/2411 2437/2627/2412 2488/2685/2467
f 2433/2622/2407 2459/2652/2437 2478/2675/2457 2480/2677/2459
f 2459/2652/2437 2457/2650/2435 2476/2673/2455 2478/2675/2457
f 2435/2624/2409 2430/2619/2404 2466/2737/2445 2467/2664/2446
f 2453/2645/2430 2448/2640/2425 2463/2661/2442 2464/2724/2443
f 2433/2622/2407 2434/2623/2408 2456/2649/2434 2459/2652/2437
f 2434/2623/2408 2435/2624/2409 2455/2648/2433 2456/2649/2434
f 2442/2633/2418 2427/2706/2400 2428/2742/2401 2447/2638/2423
f 2539/2746/2511 2538/2745/2510 2537/2744/2509 2529/2743/2508
f 2541/2750/2513 2540/2749/2512 2539/2748/2511 2529/2747/2508
f 2537/2754/2509 2542/2753/2514 2541/2752/2513 2529/2751/2508
f 2545/2758/2518 2544/2757/2517 2543/2756/2516 2530/2755/2515
f 2543/2756/2516 2547/2760/2520 2546/2759/2519 2530/2755/2515
f 2546/2759/2519 2548/2761/2521 2545/2758/2518 2530/2755/2515
f 2551/2765/2525 2550/2764/2524 2549/2763/2523 2531/2762/2522
f 2544/2757/2517 2552/2766/2526 2551/2765/2525 2531/2762/2522
f 2549/2763/2523 2543/2756/2516 2544/2757/2517 2531/2762/2522
f 2555/2770/2530 2554/2769/2529 2553/2768/2528 2532/2767/2527
f 2553/2768/2528 2557/2772/2532 2556/2771/2531 2532/2767/2527
f 2556/2776/2531 2558/2775/2533 2555/2774/2530 2532/2773/2527
f 2561/2780/2537 2560/2779/2536 2559/2778/2535 2533/2777/2534
f 2559/2778/2535 2563/2782/2539 2562/2781/2538 2533/2777/2534
f 2562/2781/2538 2564/2783/2540 2561/2780/2537 2533/2777/2534
f 2567/2787/2544 2566/2786/2543 2565/2785/2542 2534/2784/2541
f 2565/2791/2542 2569/2790/2546 2568/2789/2545 2534/2788/2541
f 2568/2795/2545 2570/2794/2547 2567/2793/2544 2534/2792/2541
f 2571/2797/2549 2570/2794/2547 2568/2795/2545 2535/2796/2548
f 2568/2789/2545 2569/2790/2546 2572/2799/2550 2535/2798/2548
f 2572/2803/2550 2573/2802/2551 2571/2801/2549 2535/2800/2548
f 2576/2807/2555 2575/2806/2554 2574/2805/2553 2536/2804/2552
f 2578/2809/2557 2577/2808/2556 2576/2807/2555 2536/2804/2552
f 2574/2813/2553 2579/2812/2558 2578/2811/2557 2536/2810/2552
f 2582/2817/2561 2581/2816/2560 2580/2815/2559 2579/2814/2558
f 2574/2819/2553 2583/2818/2562 2582/2817/2561 2579/2814/2558
f 2580/2821/2559 2584/2820/2563 2578/2811/2557 2579/2812/2558
f 2580/2825/2559 2586/2824/2565 2585/2823/2564 2584/2822/2563
f 2587/2829/2566 2577/2828/2556 2578/2827/2557 2584/2826/2563
f 2585/2831/2564 2588/2830/2567 2587/2829/2566 2584/2826/2563
f 2585/2831/2564 2590/2833/2569 2589/2832/2568 2588/2830/2567
f 2592/2835/2571 2591/2834/2570 2587/2829/2566 2588/2830/2567
f 2589/2832/2568 2593/2836/2572 2592/2835/2571 2588/2830/2567
f 2589/2832/2568 2595/2838/2574 2594/2837/2573 2593/2836/2572
f 2597/2840/2576 2596/2839/2575 2592/2835/2571 2593/2836/2572
f 2594/2837/2573 2598/2841/2577 2597/2840/2576 2593/2836/2572
f 2594/2837/2573 2600/2843/2579 2599/2842/2578 2598/2841/2577
f 2602/2845/2581 2601/2844/2580 2597/2840/2576 2598/2841/2577
f 2599/2842/2578 2603/2846/2582 2602/2845/2581 2598/2841/2577
f 2599/2842/2578 2572/2799/2550 2569/2790/2546 2603/2846/2582
f 2605/2848/2584 2604/2847/2583 2602/2845/2581 2603/2846/2582
f 2569/2790/2546 2565/2791/2542 2605/2848/2584 2603/2846/2582
f 2607/2850/2586 2606/2849/2585 2604/2847/2583 2605/2848/2584
f 2565/2791/2542 2566/2851/2543 2607/2850/2586 2605/2848/2584
f 2609/2855/2588 2608/2854/2587 2606/2853/2585 2607/2852/2586
f 2566/2786/2543 2610/2856/2589 2609/2855/2588 2607/2852/2586
f 2566/2786/2543 2567/2787/2544 2611/2857/2590 2610/2856/2589
f 2557/2772/2532 2612/2858/2591 2609/2855/2588 2610/2856/2589
f 2611/2857/2590 2556/2771/2531 2557/2772/2532 2610/2856/2589
f 2613/2859/2592 2608/2854/2587 2609/2855/2588 2612/2858/2591
f 2615/2861/2594 2614/2860/2593 2613/2859/2592 2612/2858/2591
f 2557/2772/2532 2553/2768/2528 2615/2861/2594 2612/2858/2591
f 2617/2863/2596 2616/2862/2595 2614/2860/2593 2615/2861/2594
f 2553/2768/2528 2554/2769/2529 2617/2863/2596 2615/2861/2594
f 2563/2782/2539 2618/2864/2597 2616/2862/2595 2617/2863/2596
f 2554/2769/2529 2562/2781/2538 2563/2782/2539 2617/2863/2596
f 2620/2866/2599 2619/2865/2598 2616/2862/2595 2618/2864/2597
f 2622/2868/2601 2621/2867/2600 2620/2866/2599 2618/2864/2597
f 2563/2782/2539 2559/2778/2535 2622/2868/2601 2618/2864/2597
f 2624/2870/2603 2623/2869/2602 2621/2867/2600 2622/2868/2601
f 2559/2778/2535 2560/2779/2536 2624/2870/2603 2622/2868/2601
f 2625/2872/2604 2590/2871/2569 2623/2869/2602 2624/2870/2603
f 2560/2779/2536 2626/2873/2605 2625/2872/2604 2624/2870/2603
f 2560/2779/2536 2561/2780/2537 2627/2874/2606 2626/2873/2605
f 2628/2877/2607 2595/2838/2574 2625/2876/2604 2626/2875/2605
f 2627/2874/2606 2629/2879/2608 2628/2878/2607 2626/2873/2605
f 2627/2883/2606 2631/2882/2610 2630/2881/2609 2629/2880/2608
f 2573/2885/2551 2600/2843/2579 2628/2877/2607 2629/2884/2608
f 2630/2881/2609 2571/2801/2549 2573/2802/2551 2629/2880/2608
f 2564/2887/2540 2555/2774/2530 2558/2775/2533 2631/2886/2610
f 2627/2883/2606 2561/2889/2537 2564/2888/2540 2631/2882/2610
f 2558/2775/2533 2632/2891/2611 2630/2890/2609 2631/2886/2610
f 2558/2775/2533 2556/2776/2531 2611/2892/2590 2632/2891/2611
f 2570/2794/2547 2571/2797/2549 2630/2890/2609 2632/2891/2611
f 2611/2892/2590 2567/2793/2544 2570/2794/2547 2632/2891/2611
f 2600/2843/2579 2594/2837/2573 2595/2838/2574 2628/2877/2607
f 2595/2838/2574 2589/2832/2568 2590/2833/2569 2625/2876/2604
f 2586/2824/2565 2633/2893/2612 2621/2867/2600 2623/2869/2602
f 2590/2871/2569 2585/2823/2564 2586/2824/2565 2623/2869/2602
f 2634/2894/2613 2620/2866/2599 2621/2867/2600 2633/2893/2612
f 2581/2896/2560 2542/2895/2514 2634/2894/2613 2633/2893/2612
f 2586/2824/2565 2580/2825/2559 2581/2896/2560 2633/2893/2612
f 2635/2897/2614 2619/2865/2598 2620/2866/2599 2634/2894/2613
f 2542/2895/2514 2537/2898/2509 2635/2897/2614 2634/2894/2613
f 2637/2900/2616 2636/2899/2615 2619/2865/2598 2635/2897/2614
f 2537/2898/2509 2538/2901/2510 2637/2900/2616 2635/2897/2614
f 2639/2903/2618 2638/2902/2617 2636/2899/2615 2637/2900/2616
f 2538/2901/2510 2640/2904/2619 2639/2903/2618 2637/2900/2616
f 2642/2906/2621 2641/2905/2620 2639/2903/2618 2640/2904/2619
f 2644/2910/2623 2643/2909/2622 2642/2908/2621 2640/2907/2619
f 2538/2912/2510 2539/2911/2511 2644/2910/2623 2640/2907/2619
f 2646/2916/2625 2645/2915/2624 2643/2914/2622 2644/2913/2623
f 2539/2748/2511 2540/2749/2512 2646/2918/2625 2644/2917/2623
f 2647/2919/2626 2547/2760/2520 2645/2915/2624 2646/2916/2625
f 2540/2921/2512 2583/2920/2562 2647/2919/2626 2646/2916/2625
f 2575/2806/2554 2546/2759/2519 2547/2760/2520 2647/2919/2626
f 2583/2920/2562 2574/2805/2553 2575/2806/2554 2647/2919/2626
f 2549/2763/2523 2550/2764/2524 2643/2914/2622 2645/2915/2624
f 2547/2760/2520 2543/2756/2516 2549/2763/2523 2645/2915/2624
f 2550/2764/2524 2648/2923/2627 2642/2922/2621 2643/2914/2622
f 2651/2927/2630 2650/2926/2629 2649/2925/2628 2648/2924/2627
f 2550/2764/2524 2551/2765/2525 2651/2928/2630 2648/2923/2627
f 2649/2932/2628 2641/2931/2620 2642/2930/2621 2648/2929/2627
f 2653/2934/2632 2652/2933/2631 2650/2926/2629 2651/2927/2630
f 2551/2936/2525 2552/2935/2526 2653/2934/2632 2651/2927/2630
f 2654/2937/2633 2596/2839/2575 2652/2933/2631 2653/2934/2632
f 2552/2935/2526 2655/2938/2634 2654/2937/2633 2653/2934/2632
f 2656/2939/2635 2591/2834/2570 2654/2937/2633 2655/2938/2634
f 2545/2758/2518 2548/2761/2521 2656/2941/2635 2655/2940/2634
f 2552/2766/2526 2544/2757/2517 2545/2758/2518 2655/2940/2634
f 2577/2828/2556 2587/2829/2566 2591/2834/2570 2656/2939/2635
f 2548/2761/2521 2576/2807/2555 2577/2808/2556 2656/2941/2635
f 2591/2834/2570 2592/2835/2571 2596/2839/2575 2654/2937/2633
f 2596/2839/2575 2597/2840/2576 2601/2844/2580 2652/2933/2631
f 2601/2844/2580 2657/2942/2636 2650/2926/2629 2652/2933/2631
f 2601/2844/2580 2602/2845/2581 2604/2847/2583 2657/2942/2636
f 2658/2943/2637 2649/2925/2628 2650/2926/2629 2657/2942/2636
f 2604/2847/2583 2606/2849/2585 2658/2943/2637 2657/2942/2636
f 2659/2945/2638 2641/2931/2620 2649/2932/2628 2658/2944/2637
f 2606/2853/2585 2608/2854/2587 2659/2947/2638 2658/2946/2637
f 2638/2902/2617 2639/2903/2618 2641/2905/2620 2659/2947/2638
f 2608/2854/2587 2613/2859/2592 2638/2902/2617 2659/2947/2638
f 2613/2859/2592 2614/2860/2593 2636/2899/2615 2638/2902/2617
f 2614/2860/2593 2616/2862/2595 2619/2865/2598 2636/2899/2615
f 2573/2885/2551 2572/2799/2550 2599/2842/2578 2600/2843/2579
f 2540/2749/2512 2541/2750/2513 2582/2817/2561 2583/2818/2562
f 2541/2750/2513 2542/2948/2514 2581/2816/2560 2582/2817/2561
f 2548/2761/2521 2546/2759/2519 2575/2806/2554 2576/2807/2555
f 2562/2781/2538 2554/2769/2529 2555/2770/2530 2564/2783/2540
f 2670/2952/2642 2669/2951/2641 2668/2950/2640 2660/2949/2639
f 2672/2954/2644 2671/2953/2643 2670/2952/2642 2660/2949/2639
f 2668/2950/2640 2673/2955/2645 2672/2954/2644 2660/2949/2639
f 2671/2959/2643 2675/2958/2648 2674/2957/2647 2661/2956/2646
f 2676/2961/2649 2670/2952/2642 2671/2953/2643 2661/2960/2646
f 2674/2957/2647 2677/2963/2650 2676/2962/2649 2661/2956/2646
f 2680/2967/2654 2679/2966/2653 2678/2965/2652 2662/2964/2651
f 2678/2965/2652 2682/2969/2656 2681/2968/2655 2662/2964/2651
f 2681/2968/2655 2683/2970/2657 2680/2967/2654 2662/2964/2651
f 2686/2974/2661 2685/2973/2660 2684/2972/2659 2663/2971/2658
f 2688/2976/2663 2687/2975/2662 2686/2974/2661 2663/2971/2658
f 2684/2972/2659 2689/2977/2664 2688/2976/2663 2663/2971/2658
f 2692/2981/2668 2691/2980/2667 2690/2979/2666 2664/2978/2665
f 2694/2983/2670 2693/2982/2669 2692/2981/2668 2664/2978/2665
f 2690/2979/2666 2695/2984/2671 2694/2983/2670 2664/2978/2665
f 2698/2988/2675 2697/2987/2674 2696/2986/2673 2665/2985/2672
f 2700/2992/2677 2699/2991/2676 2698/2990/2675 2665/2989/2672
f 2696/2996/2673 2701/2995/2678 2700/2994/2677 2665/2993/2672
f 2704/3000/2682 2703/2999/2681 2702/2998/2680 2666/2997/2679
f 2702/3004/2680 2706/3003/2684 2705/3002/2683 2666/3001/2679
f 2705/3002/2683 2707/3006/2685 2704/3005/2682 2666/3001/2679
f 2710/3010/2689 2709/3009/2688 2708/3008/2687 2667/3007/2686
f 2708/3008/2687 2712/3012/2691 2711/3011/2690 2667/3007/2686
f 2711/3016/2690 2713/3015/2692 2710/3014/2689 2667/3013/2686
f 2716/3019/2695 2715/3018/2694 2714/3017/2693 2713/3015/2692
f 2711/3016/2690 2717/3020/2696 2716/3019/2695 2713/3015/2692
f 2714/3017/2693 2718/3021/2697 2710/3014/2689 2713/3015/2692
f 2714/3017/2693 2720/3023/2699 2719/3022/2698 2718/3021/2697
f 2721/3025/2700 2709/3024/2688 2710/3014/2689 2718/3021/2697
f 2719/3022/2698 2722/3026/2701 2721/3025/2700 2718/3021/2697
f 2719/3022/2698 2724/3028/2703 2723/3027/2702 2722/3026/2701
f 2726/3030/2705 2725/3029/2704 2721/3025/2700 2722/3026/2701
f 2723/3027/2702 2727/3031/2706 2726/3030/2705 2722/3026/2701
f 2723/3027/2702 2729/3033/2708 2728/3032/2707 2727/3031/2706
f 2731/3035/2710 2730/3034/2709 2726/3030/2705 2727/3031/2706
f 2728/3032/2707 2732/3036/2711 2731/3035/2710 2727/3031/2706
f 2728/3032/2707 2673/3038/2645 2668/3037/2640 2732/3036/2711
f 2734/3042/2713 2733/3041/2712 2731/3040/2710 2732/3039/2711
f 2668/3044/2640 2669/3043/2641 2734/3042/2713 2732/3039/2711
f 2736/3046/2715 2735/3045/2714 2733/3041/2712 2734/3042/2713
f 2669/3043/2641 2737/3047/2716 2736/3046/2715 2734/3042/2713
f 2669/2951/2641 2670/2952/2642 2676/2961/2649 2737/3048/2716
f 2739/3050/2718 2738/3049/2717 2736/3046/2715 2737/3047/2716
f 2676/3054/2649 2677/3053/2650 2739/3052/2718 2737/3051/2716
f 2741/3056/2720 2740/3055/2719 2738/3049/2717 2739/3050/2718
f 2677/3053/2650 2742/3058/2721 2741/3057/2720 2739/3052/2718
f 2677/2963/2650 2674/2957/2647 2743/3060/2722 2742/3059/2721
f 2700/2994/2677 2701/2995/2678 2741/3057/2720 2742/3058/2721
f 2743/3060/2722 2699/2991/2676 2700/2992/2677 2742/3059/2721
f 2744/3062/2723 2691/3061/2667 2699/2991/2676 2743/3060/2722
f 2674/2957/2647 2675/2958/2648 2744/3062/2723 2743/3060/2722
f 2745/3064/2724 2690/2979/2666 2691/2980/2667 2744/3063/2723
f 2675/3066/2648 2746/3065/2725 2745/3064/2724 2744/3063/2723
f 2748/3068/2727 2747/3067/2726 2745/3064/2724 2746/3065/2725
f 2672/2954/2644 2673/2955/2645 2748/3068/2727 2746/3065/2725
f 2675/3066/2648 2671/2953/2643 2672/2954/2644 2746/3065/2725
f 2729/3033/2708 2749/3071/2728 2747/3070/2726 2748/3069/2727
f 2673/3038/2645 2728/3032/2707 2729/3033/2708 2748/3069/2727
f 2750/3073/2729 2695/3072/2671 2747/3070/2726 2749/3071/2728
f 2724/3028/2703 2751/3074/2730 2750/3073/2729 2749/3071/2728
f 2729/3033/2708 2723/3027/2702 2724/3028/2703 2749/3071/2728
f 2753/3076/2732 2752/3075/2731 2750/3073/2729 2751/3074/2730
f 2720/3023/2699 2754/3077/2733 2753/3076/2732 2751/3074/2730
f 2724/3028/2703 2719/3022/2698 2720/3023/2699 2751/3074/2730
f 2756/3079/2735 2755/3078/2734 2753/3076/2732 2754/3077/2733
f 2715/3018/2694 2757/3080/2736 2756/3079/2735 2754/3077/2733
f 2720/3023/2699 2714/3017/2693 2715/3018/2694 2754/3077/2733
f 2759/3082/2738 2758/3081/2737 2756/3079/2735 2757/3080/2736
f 2703/2999/2681 2704/3000/2682 2759/3082/2738 2757/3080/2736
f 2715/3018/2694 2716/3019/2695 2703/2999/2681 2757/3080/2736
f 2761/3086/2740 2760/3085/2739 2758/3084/2737 2759/3083/2738
f 2704/3005/2682 2707/3006/2685 2761/3086/2740 2759/3083/2738
f 2763/3088/2742 2762/3087/2741 2760/3085/2739 2761/3086/2740
f 2707/3006/2685 2764/3089/2743 2763/3088/2742 2761/3086/2740
f 2687/3091/2662 2765/3090/2744 2763/3088/2742 2764/3089/2743
f 2766/3093/2745 2686/3092/2661 2687/3091/2662 2764/3089/2743
f 2707/3006/2685 2705/3002/2683 2766/3093/2745 2764/3089/2743
f 2767/3095/2746 2685/2973/2660 2686/2974/2661 2766/3094/2745
f 2705/3097/2683 2706/3096/2684 2767/3095/2746 2766/3094/2745
f 2683/2970/2657 2681/2968/2655 2685/2973/2660 2767/3095/2746
f 2706/3096/2684 2768/3098/2747 2683/2970/2657 2767/3095/2746
f 2706/3096/2684 2702/3100/2680 2717/3099/2696 2768/3098/2747
f 2712/3012/2691 2680/2967/2654 2683/2970/2657 2768/3098/2747
f 2717/3099/2696 2711/3011/2690 2712/3012/2691 2768/3098/2747
f 2771/3103/2750 2770/3102/2749 2769/3101/2748 2765/3090/2744
f 2687/3091/2662 2688/3104/2663 2771/3103/2750 2765/3090/2744
f 2769/3101/2748 2762/3087/2741 2763/3088/2742 2765/3090/2744
f 2773/3106/2752 2772/3105/2751 2770/3102/2749 2771/3103/2750
f 2688/3104/2663 2689/3107/2664 2773/3106/2752 2771/3103/2750
f 2775/3109/2754 2774/3108/2753 2772/3105/2751 2773/3106/2752
f 2689/2977/2664 2776/3112/2755 2775/3111/2754 2773/3110/2752
f 2778/3114/2757 2777/3113/2756 2775/3111/2754 2776/3112/2755
f 2682/2969/2656 2678/2965/2652 2778/3114/2757 2776/3112/2755
f 2689/2977/2664 2684/2972/2659 2682/2969/2656 2776/3112/2755
f 2779/3116/2758 2725/3115/2704 2777/3113/2756 2778/3114/2757
f 2678/2965/2652 2679/2966/2653 2779/3116/2758 2778/3114/2757
f 2709/3009/2688 2721/3117/2700 2725/3115/2704 2779/3116/2758
f 2679/2966/2653 2708/3008/2687 2709/3009/2688 2779/3116/2758
f 2725/3115/2704 2726/3119/2705 2730/3118/2709 2777/3113/2756
f 2730/3118/2709 2774/3120/2753 2775/3111/2754 2777/3113/2756
f 2730/3121/2709 2731/3040/2710 2733/3041/2712 2774/3108/2753
f 2733/3041/2712 2735/3045/2714 2772/3105/2751 2774/3108/2753
f 2735/3045/2714 2780/3122/2759 2770/3102/2749 2772/3105/2751
f 2735/3045/2714 2736/3046/2715 2738/3049/2717 2780/3122/2759
f 2781/3123/2760 2769/3101/2748 2770/3102/2749 2780/3122/2759
f 2738/3049/2717 2740/3055/2719 2781/3123/2760 2780/3122/2759
f 2782/3124/2761 2762/3087/2741 2769/3101/2748 2781/3123/2760
f 2740/3055/2719 2783/3125/2762 2782/3124/2761 2781/3123/2760
f 2740/3055/2719 2741/3056/2720 2701/3126/2678 2783/3125/2762
f 2785/3128/2764 2784/3127/2763 2782/3124/2761 2783/3125/2762
f 2701/3126/2678 2696/3129/2673 2785/3128/2764 2783/3125/2762
f 2787/3131/2766 2786/3130/2765 2784/3127/2763 2785/3128/2764
f 2696/3129/2673 2697/3132/2674 2787/3131/2766 2785/3128/2764
f 2788/3135/2767 2755/3078/2734 2786/3134/2765 2787/3133/2766
f 2697/3137/2674 2693/3136/2669 2788/3135/2767 2787/3133/2766
f 2752/3075/2731 2753/3076/2732 2755/3078/2734 2788/3135/2767
f 2693/3136/2669 2694/3138/2670 2752/3075/2731 2788/3135/2767
f 2758/3084/2737 2760/3085/2739 2784/3127/2763 2786/3130/2765
f 2755/3078/2734 2756/3079/2735 2758/3081/2737 2786/3134/2765
f 2760/3085/2739 2762/3087/2741 2782/3124/2761 2784/3127/2763
f 2694/3138/2670 2695/3072/2671 2750/3073/2729 2752/3075/2731
f 2695/2984/2671 2690/2979/2666 2745/3064/2724 2747/3067/2726
f 2702/2998/2680 2703/2999/2681 2716/3019/2695 2717/3020/2696
f 2708/3008/2687 2679/2966/2653 2680/2967/2654 2712/3012/2691
f 2691/3061/2667 2692/3139/2668 2698/2990/2675 2699/2991/2676
f 2692/2981/2668 2693/2982/2669 2697/2987/2674 2698/2988/2675
f 2681/2968/2655 2682/2969/2656 2684/2972/2659 2685/2973/2660
f 2801/3143/2771 2804/3142/2770 2803/3141/2769 2789/3140/2768
f 2803/3147/2769 2805/3146/2773 2791/3145/2772 2789/3144/2768
f 2791/3145/2772 2806/3149/2775 2790/3148/2774 2789/3144/2768
f 2806/3149/2775 2807/3151/2777 2802/3150/2776 2790/3148/2774
f 2805/3155/2773 2809/3154/2779 2808/3153/2778 2791/3152/2772
f 2808/3159/2778 2810/3158/2780 2806/3157/2775 2791/3156/2772
f 2812/3163/2784 2811/3162/2783 2799/3161/2782 2792/3160/2781
f 2793/3165/2786 2813/3164/2785 2812/3163/2784 2792/3160/2781
f 2800/3167/2788 2814/3166/2787 2793/3165/2786 2792/3160/2781
f 2814/3166/2787 2815/3168/2789 2813/3164/2785 2793/3165/2786
f 2818/3172/2793 2817/3171/2792 2816/3170/2791 2794/3169/2790
f 2816/3170/2791 2820/3174/2795 2819/3173/2794 2794/3169/2790
f 2819/3173/2794 2821/3175/2796 2818/3172/2793 2794/3169/2790
f 2824/3179/2800 2823/3178/2799 2822/3177/2798 2795/3176/2797
f 2826/3183/2802 2825/3182/2801 2824/3181/2800 2795/3180/2797
f 2822/3177/2798 2827/3185/2803 2826/3184/2802 2795/3176/2797
f 2827/3185/2803 2822/3177/2798 2828/3187/2805 2796/3186/2804
f 2828/3187/2805 2830/3189/2807 2829/3188/2806 2796/3186/2804
f 2829/3188/2806 2831/3190/2808 2827/3185/2803 2796/3186/2804
f 2834/3194/2812 2833/3193/2811 2832/3192/2810 2797/3191/2809
f 2836/3198/2814 2835/3197/2813 2834/3196/2812 2797/3195/2809
f 2832/3200/2810 2837/3199/2815 2836/3198/2814 2797/3195/2809
f 2821/3204/2796 2839/3203/2817 2838/3202/2816 2837/3201/2815
f 2832/3206/2810 2818/3205/2793 2821/3204/2796 2837/3201/2815
f 2838/3208/2816 2840/3207/2818 2836/3198/2814 2837/3199/2815
f 2838/3208/2816 2824/3181/2800 2825/3182/2801 2840/3207/2818
f 2841/3209/2819 2835/3197/2813 2836/3198/2814 2840/3207/2818
f 2825/3182/2801 2842/3210/2820 2841/3209/2819 2840/3207/2818
f 2825/3182/2801 2826/3183/2802 2843/3211/2821 2842/3210/2820
f 2845/3213/2823 2844/3212/2822 2841/3209/2819 2842/3210/2820
f 2843/3211/2821 2846/3214/2824 2845/3213/2823 2842/3210/2820
f 2843/3217/2821 2831/3190/2808 2847/3216/2825 2846/3215/2824
f 2849/3219/2827 2848/3218/2826 2845/3213/2823 2846/3214/2824
f 2847/3216/2825 2850/3221/2828 2849/3220/2827 2846/3215/2824
f 2847/3216/2825 2852/3223/2830 2851/3222/2829 2850/3221/2828
f 2854/3225/2832 2853/3224/2831 2849/3220/2827 2850/3221/2828
f 2851/3222/2829 2855/3226/2833 2854/3225/2832 2850/3221/2828
f 2851/3222/2829 2857/3228/2835 2856/3227/2834 2855/3226/2833
f 2859/3230/2837 2858/3229/2836 2854/3225/2832 2855/3226/2833
f 2856/3227/2834 2860/3231/2838 2859/3230/2837 2855/3226/2833
f 2856/3235/2834 2862/3234/2840 2861/3233/2839 2860/3232/2838
f 2864/3237/2842 2863/3236/2841 2859/3230/2837 2860/3231/2838
f 2861/3233/2839 2815/3168/2789 2864/3238/2842 2860/3232/2838
f 2866/3240/2844 2865/3239/2843 2863/3236/2841 2864/3237/2842
f 2815/3168/2789 2814/3166/2787 2866/3241/2844 2864/3238/2842
f 2868/3245/2846 2867/3244/2845 2865/3243/2843 2866/3242/2844
f 2814/3249/2787 2800/3248/2788 2868/3247/2846 2866/3246/2844
f 2870/3253/2848 2869/3252/2847 2867/3251/2845 2868/3250/2846
f 2800/3255/2788 2798/3254/2849 2870/3253/2848 2868/3250/2846
f 2872/3259/2851 2871/3258/2850 2869/3257/2847 2870/3256/2848
f 2798/3260/2849 2799/3161/2782 2872/3259/2851 2870/3256/2848
f 2874/3262/2853 2873/3261/2852 2871/3258/2850 2872/3259/2851
f 2799/3161/2782 2811/3162/2783 2874/3262/2853 2872/3259/2851
f 2876/3264/2855 2875/3263/2854 2873/3261/2852 2874/3262/2853
f 2811/3162/2783 2877/3265/2856 2876/3264/2855 2874/3262/2853
f 2879/3267/2858 2878/3266/2857 2876/3264/2855 2877/3265/2856
f 2881/3269/2860 2880/3268/2859 2879/3267/2858 2877/3265/2856
f 2811/3162/2783 2812/3163/2784 2881/3269/2860 2877/3265/2856
f 2883/3271/2862 2882/3270/2861 2880/3268/2859 2881/3269/2860
f 2812/3163/2784 2813/3164/2785 2883/3271/2862 2881/3269/2860
f 2861/3233/2839 2862/3234/2840 2882/3270/2861 2883/3271/2862
f 2813/3164/2785 2815/3168/2789 2861/3233/2839 2883/3271/2862
f 2885/3273/2864 2884/3272/2863 2880/3268/2859 2882/3270/2861
f 2862/3234/2840 2886/3274/2865 2885/3273/2864 2882/3270/2861
f 2888/3276/2867 2887/3275/2866 2885/3273/2864 2886/3274/2865
f 2857/3228/2835 2889/3279/2868 2888/3278/2867 2886/3277/2865
f 2862/3280/2840 2856/3227/2834 2857/3228/2835 2886/3277/2865
f 2830/3189/2807 2890/3281/2869 2888/3278/2867 2889/3279/2868
f 2852/3223/2830 2829/3188/2806 2830/3189/2807 2889/3279/2868
f 2857/3228/2835 2851/3222/2829 2852/3223/2830 2889/3279/2868
f 2893/3284/2872 2892/3283/2871 2891/3282/2870 2890/3281/2869
f 2830/3189/2807 2828/3187/2805 2893/3284/2872 2890/3281/2869
f 2891/3286/2870 2887/3275/2866 2888/3276/2867 2890/3285/2869
f 2823/3178/2799 2839/3287/2817 2892/3283/2871 2893/3284/2872
f 2828/3187/2805 2822/3177/2798 2823/3178/2799 2893/3284/2872
f 2839/3289/2817 2821/3175/2796 2819/3173/2794 2892/3288/2871
f 2819/3173/2794 2820/3174/2795 2891/3286/2870 2892/3288/2871
f 2820/3174/2795 2894/3290/2873 2887/3275/2866 2891/3286/2870
f 2820/3174/2795 2816/3170/2791 2895/3291/2874 2894/3290/2873
f 2884/3272/2863 2885/3273/2864 2887/3275/2866 2894/3290/2873
f 2895/3291/2874 2896/3292/2875 2884/3272/2863 2894/3290/2873
f 2895/3291/2874 2898/3294/2877 2897/3293/2876 2896/3292/2875
f 2879/3267/2858 2880/3268/2859 2884/3272/2863 2896/3292/2875
f 2897/3293/2876 2878/3266/2857 2879/3267/2858 2896/3292/2875
f 2817/3171/2792 2833/3296/2811 2899/3295/2878 2898/3294/2877
f 2895/3291/2874 2816/3170/2791 2817/3171/2792 2898/3294/2877
f 2899/3295/2878 2900/3297/2879 2897/3293/2876 2898/3294/2877
f 2899/3301/2878 2902/3300/2881 2901/3299/2880 2900/3298/2879
f 2903/3302/2882 2878/3266/2857 2897/3293/2876 2900/3297/2879
f 2901/3304/2880 2904/3303/2883 2903/3302/2882 2900/3297/2879
f 2901/3308/2880 2906/3307/2885 2905/3306/2884 2904/3305/2883
f 2907/3309/2886 2875/3263/2854 2903/3302/2882 2904/3303/2883
f 2905/3306/2884 2908/3311/2887 2907/3310/2886 2904/3305/2883
f 2905/3306/2884 2910/3313/2889 2909/3312/2888 2908/3311/2887
f 2808/3159/2778 2809/3314/2779 2907/3310/2886 2908/3311/2887
f 2909/3312/2888 2810/3158/2780 2808/3159/2778 2908/3311/2887
f 2912/3316/2891 2848/3218/2826 2911/3315/2890 2910/3313/2889
f 2905/3306/2884 2906/3307/2885 2912/3316/2891 2910/3313/2889
f 2911/3315/2890 2913/3317/2892 2909/3312/2888 2910/3313/2889
f 2911/3315/2890 2853/3319/2831 2914/3318/2893 2913/3317/2892
f 2915/3320/2894 2810/3158/2780 2909/3312/2888 2913/3317/2892
f 2914/3318/2893 2916/3321/2895 2915/3320/2894 2913/3317/2892
f 2914/3318/2893 2858/3323/2836 2917/3322/2896 2916/3321/2895
f 2918/3325/2897 2807/3324/2777 2915/3320/2894 2916/3321/2895
f 2917/3322/2896 2919/3326/2898 2918/3325/2897 2916/3321/2895
f 2917/3322/2896 2863/3328/2841 2865/3327/2843 2919/3326/2898
f 2804/3332/2770 2801/3331/2771 2918/3330/2897 2919/3329/2898
f 2865/3334/2843 2867/3333/2845 2804/3332/2770 2919/3329/2898
f 2801/3336/2771 2802/3150/2776 2807/3151/2777 2918/3335/2897
f 2858/3229/2836 2859/3230/2837 2863/3236/2841 2917/3337/2896
f 2807/3324/2777 2806/3157/2775 2810/3158/2780 2915/3320/2894
f 2853/3319/2831 2854/3338/2832 2858/3323/2836 2914/3318/2893
f 2844/3212/2822 2845/3213/2823 2848/3218/2826 2912/3316/2891
f 2906/3307/2885 2920/3339/2899 2844/3212/2822 2912/3316/2891
f 2835/3197/2813 2841/3209/2819 2844/3212/2822 2920/3339/2899
f 2902/3340/2881 2834/3196/2812 2835/3197/2813 2920/3339/2899
f 2906/3307/2885 2901/3308/2880 2902/3340/2881 2920/3339/2899
f 2848/3218/2826 2849/3219/2827 2853/3319/2831 2911/3315/2890
f 2809/3341/2779 2873/3261/2852 2875/3263/2854 2907/3309/2886
f 2875/3263/2854 2876/3264/2855 2878/3266/2857 2903/3302/2882
f 2899/3343/2878 2833/3342/2811 2834/3196/2812 2902/3340/2881
f 2809/3341/2779 2805/3344/2773 2871/3258/2850 2873/3261/2852
f 2805/3344/2773 2803/3345/2769 2869/3257/2847 2871/3258/2850
f 2803/3141/2769 2804/3142/2770 2867/3347/2845 2869/3346/2847
f 2847/3216/2825 2831/3190/2808 2829/3188/2806 2852/3223/2830
f 2826/3184/2802 2827/3185/2803 2831/3190/2808 2843/3217/2821
f 2823/3349/2799 2824/3348/2800 2838/3202/2816 2839/3203/2817
f 2817/3171/2792 2818/3172/2793 2832/3350/2810 2833/3296/2811
f 2799/3354/2782 2798/3353/2849 2800/3352/2788 2792/3351/2781
f 2790/3148/2774 2802/3150/2776 2801/3336/2771 2789/3144/2768
f 2931/3358/2903 2930/3357/2902 2929/3356/2901 2921/3355/2900
f 2929/3362/2901 2933/3361/2905 2932/3360/2904 2921/3359/2900
f 2932/3360/2904 2934/3364/2906 2931/3363/2903 2921/3359/2900
f 2937/3368/2910 2936/3367/2909 2935/3366/2908 2922/3365/2907
f 2935/3366/2908 2939/3370/2912 2938/3369/2911 2922/3365/2907
f 2938/3369/2911 2940/3371/2913 2937/3368/2910 2922/3365/2907
f 2943/3375/2917 2942/3374/2916 2941/3373/2915 2923/3372/2914
f 2945/3379/2919 2944/3378/2918 2943/3377/2917 2923/3376/2914
f 2941/3383/2915 2946/3382/2920 2945/3381/2919 2923/3380/2914
f 2949/3387/2924 2948/3386/2923 2947/3385/2922 2924/3384/2921
f 2951/3389/2926 2950/3388/2925 2949/3387/2924 2924/3384/2921
f 2947/3385/2922 2952/3390/2927 2951/3389/2926 2924/3384/2921
f 2955/3394/2931 2954/3393/2930 2953/3392/2929 2925/3391/2928
f 2953/3392/2929 2957/3396/2933 2956/3395/2932 2925/3391/2928
f 2956/3395/2932 2958/3397/2934 2955/3394/2931 2925/3391/2928
f 2961/3401/2938 2960/3400/2937 2959/3399/2936 2926/3398/2935
f 2959/3403/2936 2953/3392/2929 2954/3393/2930 2926/3402/2935
f 2954/3407/2930 2962/3406/2939 2961/3405/2938 2926/3404/2935
f 2965/3411/2943 2964/3410/2942 2963/3409/2941 2927/3408/2940
f 2963/3415/2941 2967/3414/2945 2966/3413/2944 2927/3412/2940
f 2966/3419/2944 2968/3418/2946 2965/3417/2943 2927/3416/2940
f 2971/3423/2950 2970/3422/2949 2969/3421/2948 2928/3420/2947
f 2973/3425/2952 2972/3424/2951 2971/3423/2950 2928/3420/2947
f 2969/3429/2948 2974/3428/2953 2973/3427/2952 2928/3426/2947
f 2977/3432/2956 2976/3431/2955 2975/3430/2954 2974/3428/2953
f 2969/3429/2948 2978/3433/2957 2977/3432/2956 2974/3428/2953
f 2975/3430/2954 2979/3434/2958 2973/3427/2952 2974/3428/2953
f 2975/3430/2954 2981/3436/2960 2980/3435/2959 2979/3434/2958
f 2982/3438/2961 2972/3424/2951 2973/3425/2952 2979/3437/2958
f 2980/3440/2959 2983/3439/2962 2982/3438/2961 2979/3437/2958
f 2980/3440/2959 2985/3442/2964 2984/3441/2963 2983/3439/2962
f 2987/3444/2966 2986/3443/2965 2982/3438/2961 2983/3439/2962
f 2984/3441/2963 2988/3445/2967 2987/3444/2966 2983/3439/2962
f 2984/3441/2963 2990/3447/2969 2989/3446/2968 2988/3445/2967
f 2992/3449/2971 2991/3448/2970 2987/3444/2966 2988/3445/2967
f 2989/3446/2968 2993/3450/2972 2992/3449/2971 2988/3445/2967
f 2989/3446/2968 2942/3374/2916 2943/3375/2917 2993/3450/2972
f 2995/3454/2974 2994/3453/2973 2992/3452/2971 2993/3451/2972
f 2943/3456/2917 2944/3455/2918 2995/3454/2974 2993/3451/2972
f 2997/3458/2976 2996/3457/2975 2994/3453/2973 2995/3454/2974
f 2944/3455/2918 2998/3459/2977 2997/3458/2976 2995/3454/2974
f 2944/3463/2918 2945/3462/2919 2999/3461/2978 2998/3460/2977
f 2965/3417/2943 2968/3418/2946 2997/3458/2976 2998/3459/2977
f 2999/3465/2978 2964/3410/2942 2965/3411/2943 2998/3464/2977
f 3001/3467/2980 3000/3466/2979 2964/3410/2942 2999/3465/2978
f 2945/3381/2919 2946/3382/2920 3001/3469/2980 2999/3468/2978
f 2962/3471/2939 3002/3470/2981 3000/3466/2979 3001/3467/2980
f 2946/3382/2920 2961/3405/2938 2962/3406/2939 3001/3469/2980
f 3004/3473/2983 3003/3472/2982 3000/3466/2979 3002/3470/2981
f 2955/3475/2931 2958/3474/2934 3004/3473/2983 3002/3470/2981
f 2962/3479/2939 2954/3478/2930 2955/3477/2931 3002/3476/2981
f 3006/3483/2985 3005/3482/2984 3003/3481/2982 3004/3480/2983
f 2958/3397/2934 3007/3486/2986 3006/3485/2985 3004/3484/2983
f 3009/3488/2988 3008/3487/2987 3006/3485/2985 3007/3486/2986
f 3011/3490/2990 3010/3489/2989 3009/3488/2988 3007/3486/2986
f 2958/3397/2934 2956/3395/2932 3011/3490/2990 3007/3486/2986
f 3013/3492/2992 3012/3491/2991 3010/3489/2989 3011/3490/2990
f 2956/3395/2932 2957/3396/2933 3013/3492/2992 3011/3490/2990
f 3014/3494/2993 2985/3493/2964 3012/3491/2991 3013/3492/2992
f 2957/3396/2933 3015/3495/2994 3014/3494/2993 3013/3492/2992
f 2957/3396/2933 2953/3392/2929 2959/3403/2936 3015/3495/2994
f 3016/3498/2995 2990/3447/2969 3014/3497/2993 3015/3496/2994
f 2959/3399/2936 2960/3400/2937 3016/3498/2995 3015/3496/2994
f 2942/3374/2916 2989/3446/2968 2990/3447/2969 3016/3498/2995
f 2960/3400/2937 2941/3373/2915 2942/3374/2916 3016/3498/2995
f 2990/3447/2969 2984/3441/2963 2985/3442/2964 3014/3497/2993
f 2981/3436/2960 3017/3499/2996 3010/3489/2989 3012/3491/2991
f 2985/3493/2964 2980/3435/2959 2981/3436/2960 3012/3491/2991
f 3018/3500/2997 3009/3488/2988 3010/3489/2989 3017/3499/2996
f 2976/3431/2955 3019/3501/2998 3018/3500/2997 3017/3499/2996
f 2981/3436/2960 2975/3430/2954 2976/3431/2955 3017/3499/2996
f 3021/3505/3000 3020/3504/2999 3018/3503/2997 3019/3502/2998
f 2950/3388/2925 2951/3389/2926 3021/3505/3000 3019/3502/2998
f 2976/3431/2955 2977/3432/2956 2950/3506/2925 3019/3501/2998
f 3023/3508/3002 3022/3507/3001 3020/3504/2999 3021/3505/3000
f 2951/3389/2926 2952/3390/2927 3023/3508/3002 3021/3505/3000
f 3025/3510/3004 3024/3509/3003 3022/3507/3001 3023/3508/3002
f 2952/3390/2927 2940/3371/2913 3025/3510/3004 3023/3508/3002
f 3027/3512/3006 3026/3511/3005 3024/3509/3003 3025/3510/3004
f 2940/3371/2913 2938/3369/2911 3027/3512/3006 3025/3510/3004
f 3029/3516/3008 3028/3515/3007 3026/3514/3005 3027/3513/3006
f 2938/3369/2911 2939/3370/2912 3029/3517/3008 3027/3512/3006
f 3031/3519/3010 3030/3518/3009 3028/3515/3007 3029/3516/3008
f 2939/3521/2912 3032/3520/3011 3031/3519/3010 3029/3516/3008
f 2933/3361/2905 3033/3522/3012 3031/3519/3010 3032/3520/3011
f 3034/3523/3013 2932/3360/2904 2933/3361/2905 3032/3520/3011
f 2939/3521/2912 2935/3524/2908 3034/3523/3013 3032/3520/3011
f 3035/3525/3014 2934/3364/2906 2932/3360/2904 3034/3523/3013
f 2935/3366/2908 2936/3367/2909 3035/3527/3014 3034/3526/3013
f 3036/3529/3015 2970/3528/2949 2934/3364/2906 3035/3525/3014
f 2936/3367/2909 2948/3386/2923 3036/3530/3015 3035/3527/3014
f 2978/3533/2957 2969/3532/2948 2970/3531/2949 3036/3530/3015
f 2948/3386/2923 2949/3387/2924 2978/3533/2957 3036/3530/3015
f 3038/3536/3017 2991/3535/2970 3037/3534/3016 3033/3522/3012
f 2933/3361/2905 2929/3362/2901 3038/3536/3017 3033/3522/3012
f 3037/3534/3016 3030/3518/3009 3031/3519/3010 3033/3522/3012
f 2986/3443/2965 2987/3444/2966 2991/3448/2970 3038/3537/3017
f 2929/3356/2901 2930/3357/2902 2986/3443/2965 3038/3537/3017
f 2991/3535/2970 2992/3452/2971 2994/3453/2973 3037/3534/3016
f 2994/3453/2973 2996/3457/2975 3030/3518/3009 3037/3534/3016
f 2996/3457/2975 3039/3538/3018 3028/3515/3007 3030/3518/3009
f 2996/3457/2975 2997/3458/2976 2968/3418/2946 3039/3538/3018
f 3040/3539/3019 3026/3514/3005 3028/3515/3007 3039/3538/3018
f 2968/3418/2946 2966/3419/2944 3040/3539/3019 3039/3538/3018
f 3041/3541/3020 3024/3509/3003 3026/3511/3005 3040/3540/3019
f 2966/3413/2944 2967/3414/2945 3041/3541/3020 3040/3540/3019
f 3042/3542/3021 3022/3507/3001 3024/3509/3003 3041/3541/3020
f 2967/3414/2945 3005/3482/2984 3042/3542/3021 3041/3541/3020
f 3008/3543/2987 3020/3504/2999 3022/3507/3001 3042/3542/3021
f 3005/3482/2984 3006/3483/2985 3008/3543/2987 3042/3542/3021
f 3008/3487/2987 3009/3488/2988 3018/3500/2997 3020/3544/2999
f 2967/3414/2945 2963/3415/2941 3003/3481/2982 3005/3482/2984
f 2963/3409/2941 2964/3410/2942 3000/3466/2979 3003/3472/2982
f 2930/3357/2902 2972/3424/2951 2982/3438/2961 2986/3443/2965
f 2949/3387/2924 2950/3388/2925 2977/3545/2956 2978/3533/2957
f 2930/3357/2902 2931/3358/2903 2971/3423/2950 2972/3424/2951
f 2931/3358/2903 2934/3546/2906 2970/3422/2949 2971/3423/2950
f 2946/3382/2920 2941/3383/2915 2960/3547/2937 2961/3405/2938
f 2947/3385/2922 2937/3368/2910 2940/3371/2913 2952/3390/2927
f 2936/3367/2909 2937/3368/2910 2947/3385/2922 2948/3386/2923
f 3053/3551/2392 3052/3550/2392 3051/3549/2392 3043/3548/2392
f 3051/3549/2392 3055/3553/2392 3054/3552/2392 3043/3548/2392
f 3054/3552/2392 3056/3554/2392 3053/3551/2392 3043/3548/2392
f 3057/3556/2392 3055/3553/2392 3051/3549/2392 3044/3555/2392
f 3051/3549/2392 3052/3550/2392 3058/3557/2392 3044/3555/2392
f 3058/3557/2392 3059/3558/2392 3057/3556/2392 3044/3555/2392
f 3060/3562/2392 3056/3561/2392 3054/3560/2392 3045/3559/2392
f 3054/3560/2392 3055/3564/2392 3046/3563/2392 3045/3559/2392
f 3046/3563/2392 3061/3565/2392 3060/3562/2392 3045/3559/2392
f 3055/3564/2392 3057/3566/2392 3061/3565/2392 3046/3563/2392
f 3048/3568/2392 3058/3557/2392 3052/3550/2392 3047/3567/2392
f 3052/3550/2392 3053/3551/2392 3062/3569/2392 3047/3567/2392
f 3062/3569/2392 3063/3570/2392 3048/3568/2392 3047/3567/2392
f 3063/3570/2392 3059/3558/2392 3058/3557/2392 3048/3568/2392
f 3062/3569/2392 3053/3551/2392 3056/3554/2392 3049/3571/2392
f 3064/3572/2392 3063/3570/2392 3062/3569/2392 3049/3571/2392
f 3056/3561/2392 3060/3562/2392 3064/3574/2392 3049/3573/2392
f 3059/3577/2392 3063/3576/2392 3064/3574/2392 3050/3575/2392
f 3061/3565/2392 3057/3566/2392 3059/3577/2392 3050/3575/2392
f 3064/3574/2392 3060/3562/2392 3061/3565/2392 3050/3575/2392

