# WaveFront *.obj file (generated by Cinema 4D)

mtllib ./entityCreatorOne_0029.mtl

v -0.397092 -0.296467 0.003805
v -0.459685 -0.095290 -0.064033
v -0.452406 -0.123003 -0.081187
v -0.326252 -0.224978 -0.084663
v -0.161470 -0.411664 -0.091610
v -0.221563 -0.345505 -0.081908
v -0.147592 -0.445904 -0.046706
v -0.326675 -0.072949 -0.106380
v -0.172382 -0.235028 -0.139899
v -0.175066 -0.240087 -0.140954
v -0.168728 -0.250665 -0.140829
v -0.164735 -0.238170 -0.138464
v -0.137813 -0.273174 -0.139353
v -0.121680 -0.179937 -0.042739
v -0.384375 0.038397 -0.069380
v -0.350830 0.150391 -0.070800
v -0.306223 0.338310 -0.082865
v -0.312423 0.352569 -0.059305
v -0.313499 0.014673 -0.113344
v -0.250329 0.248794 -0.101725
v -0.252022 0.057819 -0.090810
v -0.215378 0.057488 -0.031109
v -0.114440 0.267000 -0.124093
v -0.096403 0.295236 -0.127831
v -0.149040 0.408143 -0.011244
v -0.159878 0.364875 -0.081081
v 0.000741 0.394114 -0.087808
v -0.398753 -0.294127 0.015219
v -0.314315 -0.326162 0.011450
v -0.373277 -0.155632 0.057677
v -0.368999 -0.033649 0.074974
v -0.332276 -0.251781 0.081361
v -0.287613 -0.307580 0.106593
v -0.290801 -0.316802 0.100390
v -0.159553 -0.378266 0.048537
v -0.099581 -0.347243 0.092233
v -0.267819 -0.292986 0.109984
v -0.271913 -0.127328 0.136239
v -0.217293 -0.067451 0.128121
v -0.171309 -0.256863 0.118011
v -0.178539 -0.190435 0.128927
v -0.188672 -0.147198 0.200152
v -0.197006 -0.149606 0.189832
v -0.171168 -0.094496 0.234520
v -0.138920 -0.126235 0.211319
v -0.163977 -0.123330 0.247752
v -0.081222 -0.211577 0.121830
v -0.011483 -0.310856 0.137224
v -0.039742 -0.173176 0.235656
v -0.000404 -0.208896 0.263160
v -0.410286 0.080816 0.083817
v -0.356813 0.026691 0.100590
v -0.382566 0.078657 0.110500
v -0.264810 0.043485 0.126233
v -0.278090 0.168760 0.132063
v -0.201797 0.319694 0.073319
v -0.221004 0.124236 0.204930
v -0.209481 0.032652 0.056150
v -0.180149 0.094985 0.189519
v -0.178468 0.117265 0.207037
v -0.079967 0.304195 0.097742
v -0.026415 0.229949 0.056273
v 0.007670 0.199863 0.182052
v 0.013378 0.192105 0.197164
v -0.127247 0.397755 0.083262
v -0.110667 0.360642 0.100175
v -0.096136 0.373460 0.100101
v -0.052058 0.405775 0.080324
v -0.024093 0.456484 0.040545
v -0.199056 0.109770 0.220984
v -0.006453 0.207736 0.265589
v 0.025653 -0.400470 -0.077754
v 0.155527 -0.350423 -0.094531
v 0.136230 -0.410181 0.002404
v 0.124469 -0.249766 -0.119296
v 0.108618 -0.291913 -0.128492
v 0.218891 -0.065182 -0.030305
v 0.269807 -0.043680 -0.102392
v 0.251892 -0.254481 -0.110096
v 0.310443 -0.004151 -0.115533
v 0.312980 -0.322607 -0.099200
v 0.318149 -0.350989 -0.067075
v 0.337155 -0.152746 -0.079465
v 0.378835 -0.019031 -0.081241
v 0.149600 0.234528 -0.130796
v 0.137023 0.181793 -0.047956
v 0.163926 0.235844 -0.135459
v 0.167166 0.244306 -0.134813
v 0.171947 0.233734 -0.133928
v 0.325953 0.077010 -0.103522
v 0.152633 0.410385 -0.083362
v 0.218454 0.342624 -0.072574
v 0.134269 0.444214 -0.036516
v 0.328301 0.226202 -0.076336
v 0.448012 0.104054 -0.085055
v 0.459885 0.103789 -0.061244
v 0.001650 -0.442516 0.052568
v 0.055063 -0.396403 0.086960
v 0.132481 -0.343301 0.095300
v 0.117093 -0.382429 0.096543
v 0.121551 -0.407538 0.081719
v 0.206822 -0.326768 0.063325
v 0.048011 -0.233854 0.060075
v -0.034627 -0.204216 0.166747
v -0.030431 -0.194598 0.193013
v 0.092174 -0.309970 0.099900
v 0.016083 -0.234757 0.246650
v 0.127809 -0.293503 0.090541
v 0.189036 -0.091095 0.196704
v 0.188420 -0.101324 0.219632
v 0.217636 -0.042347 0.058589
v 0.205370 -0.124203 0.207911
v 0.204623 -0.101452 0.219055
v 0.270749 -0.177991 0.124707
v 0.255988 -0.047614 0.118134
v 0.010665 -0.215545 0.262374
v 0.355032 -0.052323 0.099140
v 0.378309 -0.096847 0.107362
v 0.407670 -0.097255 0.077785
v 0.029706 0.296268 0.132442
v 0.027764 0.172208 0.239534
v 0.079470 0.209379 0.125329
v 0.045327 0.200922 0.200695
v 0.058317 0.151808 0.234234
v 0.141041 0.113158 0.211903
v 0.119336 0.114271 0.224718
v 0.121998 0.110989 0.234986
v 0.131922 0.108598 0.239038
v 0.159890 0.118416 0.180384
v 0.161894 0.120507 0.246434
v 0.174374 0.197168 0.124362
v 0.186786 0.259499 0.114774
v 0.199838 0.145518 0.206564
v 0.205184 0.145903 0.225672
v 0.173940 0.088705 0.225984
v 0.217605 0.071675 0.113006
v 0.260420 0.122786 0.140947
v 0.253332 0.289275 0.108002
v 0.260367 0.281874 0.109215
v 0.102772 0.344640 0.086224
v 0.167164 0.371470 0.042956
v 0.290024 0.317461 0.093073
v 0.000098 0.204885 0.269735
v 0.326525 0.247571 0.084841
v 0.288559 0.307288 0.100719
v 0.379334 0.039910 0.054095
v 0.388451 0.151511 0.041611
v 0.290174 0.333550 0.014485
v 0.406527 0.286139 0.010795
v 0.386563 0.305129 0.019150
v -0.080993 -0.330096 -0.121058
v -0.405723 0.166920 -0.020473
v -0.095370 0.229075 -0.066244
v -0.057282 0.444870 -0.038654
v -0.244694 -0.260072 0.114713
v -0.160224 -0.122094 0.035421
v -0.161098 -0.109245 0.174143
v -0.163524 -0.116654 0.248928
v -0.131497 -0.118249 0.240269
v -0.051405 -0.210097 0.194365
v -0.413771 0.068660 0.007279
v -0.387416 0.092258 0.109569
v -0.329990 0.194920 0.086998
v -0.171424 0.152338 0.107414
v -0.128920 0.317147 0.092911
v 0.025305 0.195345 0.175025
v -0.002836 0.189899 0.252589
v 0.059506 -0.456695 -0.009415
v 0.098864 -0.216776 -0.054111
v 0.406215 -0.194083 -0.035152
v 0.065607 0.320741 -0.111304
v 0.008752 -0.250729 0.213653
v 0.017303 -0.245801 0.217270
v 0.181571 -0.142445 0.111859
v 0.346206 -0.171126 0.092190
v 0.382411 -0.111667 0.104654
v 0.412974 -0.102806 0.020704
v 0.031185 0.175669 0.247895
v 0.128081 0.114297 0.220268
v 0.147447 0.109731 0.243643
v 0.150494 0.144716 0.017505
v 0.158323 0.113326 0.246834
v 0.255481 0.269221 0.111034
v -0.398660 -0.295969 0.009717
v -0.389174 -0.301093 0.013391
v -0.388377 -0.299999 0.003698
v -0.400818 -0.288754 -0.002303
v -0.404430 -0.286997 0.005402
v -0.390440 -0.292063 -0.007631
v -0.460452 -0.104862 -0.057115
v -0.460688 -0.112963 -0.066470
v -0.458063 -0.098915 -0.071999
v -0.450498 -0.083318 -0.073107
v -0.454581 -0.083042 -0.061355
v -0.455280 -0.091361 -0.048321
v -0.448274 -0.135726 -0.079111
v -0.437260 -0.129445 -0.086863
v -0.445916 -0.114503 -0.086064
v -0.453052 -0.105252 -0.080199
v -0.457444 -0.118923 -0.075518
v -0.455363 -0.134984 -0.069685
v -0.364153 -0.228808 -0.070216
v -0.357011 -0.260444 -0.054335
v -0.325133 -0.265352 -0.065230
v -0.349660 -0.184688 -0.091767
v -0.378432 -0.196000 -0.080865
v -0.287954 -0.247691 -0.092252
v -0.274471 -0.219858 -0.104016
v -0.300884 -0.195810 -0.099383
v -0.291405 -0.279365 -0.075428
v -0.322472 -0.164591 -0.100393
v -0.169410 -0.397736 -0.094751
v -0.179375 -0.402736 -0.082084
v -0.164541 -0.418526 -0.082686
v -0.147788 -0.414948 -0.094206
v -0.152486 -0.396906 -0.101897
v -0.147681 -0.427650 -0.083486
v -0.194283 -0.346111 -0.103699
v -0.202205 -0.315385 -0.113620
v -0.228876 -0.309084 -0.099641
v -0.226279 -0.365600 -0.053808
v -0.202236 -0.389800 -0.060585
v -0.196879 -0.379286 -0.081740
v -0.257548 -0.323835 -0.066964
v -0.255921 -0.344879 -0.041974
v -0.181029 -0.374983 -0.098327
v -0.259438 -0.294852 -0.086648
v -0.148605 -0.443488 -0.057119
v -0.163949 -0.433195 -0.054190
v -0.157103 -0.438248 -0.040138
v -0.142218 -0.443083 -0.028182
v -0.134232 -0.450682 -0.040982
v -0.130534 -0.450733 -0.054617
v -0.358578 -0.101746 -0.104388
v -0.340969 -0.132667 -0.102751
v -0.312099 -0.112111 -0.104194
v -0.283340 -0.098533 -0.099628
v -0.291001 -0.065824 -0.100712
v -0.289349 -0.033833 -0.102777
v -0.314782 -0.033684 -0.108878
v -0.176988 -0.228100 -0.136120
v -0.183069 -0.235654 -0.138106
v -0.166356 -0.226166 -0.132511
v -0.184887 -0.248940 -0.137999
v -0.185195 -0.268361 -0.135820
v -0.166820 -0.270957 -0.139687
v -0.151363 -0.256754 -0.139800
v -0.150312 -0.242319 -0.135374
v -0.149865 -0.272767 -0.140596
v -0.151481 -0.227739 -0.127153
v -0.142847 -0.290825 -0.137573
v -0.127361 -0.284912 -0.136395
v -0.118808 -0.272257 -0.132696
v -0.135426 -0.262332 -0.137031
v -0.150351 -0.174216 -0.067421
v -0.140874 -0.196072 -0.088256
v -0.115534 -0.202627 -0.075262
v -0.148147 -0.149970 -0.022141
v -0.166595 -0.148965 -0.050291
v -0.086841 -0.214313 -0.069922
v -0.086054 -0.199706 -0.042614
v -0.108857 -0.174781 -0.004478
v -0.135073 -0.151182 0.012206
v -0.079602 -0.192723 -0.012053
v -0.405952 -0.005325 -0.069309
v -0.391648 -0.017784 -0.088187
v -0.369858 0.012346 -0.091584
v -0.381971 0.086844 -0.056714
v -0.402820 0.076759 -0.028337
v -0.407005 0.033532 -0.038071
v -0.345099 0.034742 -0.099308
v -0.352127 0.062656 -0.087032
v -0.352400 0.101964 -0.077214
v -0.321473 0.106702 -0.090449
v -0.314211 0.143329 -0.086887
v -0.297983 0.179267 -0.089671
v -0.328020 0.193271 -0.080157
v -0.382951 0.128975 -0.048650
v -0.370364 0.182476 -0.056251
v -0.390614 0.160599 -0.039998
v -0.351104 0.213403 -0.068190
v -0.313174 0.327294 -0.082493
v -0.297480 0.322311 -0.089565
v -0.293000 0.338165 -0.086210
v -0.309216 0.344468 -0.076505
v -0.321056 0.334122 -0.073643
v -0.293525 0.349198 -0.078301
v -0.311602 0.350120 -0.067432
v -0.296515 0.355692 -0.067425
v -0.301369 0.356973 -0.055704
v -0.309873 0.350616 -0.043794
v -0.320769 0.345637 -0.053009
v -0.323641 0.340375 -0.063270
v -0.322992 0.000324 -0.112105
v -0.305806 -0.006052 -0.111090
v -0.300002 0.015093 -0.111885
v -0.299354 0.033961 -0.110505
v -0.317389 0.028114 -0.110829
v -0.335438 0.014227 -0.108192
v -0.247262 0.286499 -0.104012
v -0.280065 0.292503 -0.097013
v -0.289841 0.261497 -0.094115
v -0.277172 0.213070 -0.094737
v -0.250075 0.194857 -0.094908
v -0.225426 0.220444 -0.099410
v -0.308119 0.228646 -0.087835
v -0.209115 0.260378 -0.109820
v -0.212261 0.288141 -0.110688
v -0.195814 0.237015 -0.105018
v -0.262861 0.057944 -0.097768
v -0.264131 0.040317 -0.098134
v -0.249762 0.045667 -0.086985
v -0.237238 0.057413 -0.073242
v -0.244875 0.069867 -0.084004
v -0.258011 0.075808 -0.093182
v -0.218833 0.021473 -0.024225
v -0.210722 0.027072 0.012705
v -0.203681 0.059841 0.010458
v -0.232630 0.038296 -0.060703
v -0.232137 0.011474 -0.053939
v -0.223723 0.076017 -0.057231
v -0.200446 0.092236 -0.020675
v -0.210039 0.101164 -0.047069
v -0.192358 0.090670 0.012297
v -0.113680 0.275380 -0.127200
v -0.129901 0.274615 -0.125631
v -0.125887 0.262650 -0.121307
v -0.115558 0.254622 -0.113480
v -0.104345 0.263836 -0.119789
v -0.099409 0.274603 -0.124668
v -0.097193 0.285837 -0.127510
v -0.082072 0.287857 -0.123462
v -0.085439 0.300398 -0.124752
v -0.096299 0.311629 -0.123088
v -0.107202 0.299657 -0.127326
v -0.111748 0.287385 -0.128569
v -0.137286 0.401130 -0.043913
v -0.102298 0.419930 -0.041149
v -0.108258 0.429008 -0.017409
v -0.190320 0.388143 -0.024825
v -0.176148 0.382634 -0.052364
v -0.176058 0.393958 0.014160
v -0.207649 0.380450 -0.000444
v -0.129926 0.421755 0.015496
v -0.152512 0.405849 0.032068
v -0.101501 0.437776 0.004752
v -0.171760 0.337258 -0.101154
v -0.139539 0.331088 -0.110410
v -0.122944 0.352842 -0.098577
v -0.207032 0.358123 -0.079437
v -0.208432 0.337555 -0.096089
v -0.094825 0.373743 -0.088440
v -0.120077 0.388113 -0.069614
v -0.039716 0.373979 -0.094781
v -0.023859 0.347856 -0.105480
v 0.013456 0.357473 -0.102630
v 0.015634 0.425999 -0.071786
v -0.016592 0.434784 -0.060060
v -0.035083 0.413714 -0.071678
v -0.064333 0.393534 -0.080096
v 0.055684 0.360033 -0.104767
v 0.049345 0.393968 -0.093416
v 0.052449 0.421861 -0.079657
v -0.402891 -0.285383 0.014326
v -0.394744 -0.285784 0.024265
v -0.391233 -0.296498 0.020840
v -0.329553 -0.320156 0.035574
v -0.308609 -0.327006 0.052030
v -0.291097 -0.336670 0.036133
v -0.319141 -0.313814 -0.019474
v -0.349121 -0.303448 -0.015104
v -0.348220 -0.312902 0.006786
v -0.353568 -0.312201 0.025372
v -0.279748 -0.341644 -0.002956
v -0.287065 -0.327821 -0.029988
v -0.264913 -0.349928 0.022186
v -0.400518 -0.114084 0.035321
v -0.384148 -0.077791 0.054709
v -0.355119 -0.111510 0.076229
v -0.403812 -0.172609 0.029167
v -0.419444 -0.137982 0.014389
v -0.367871 -0.205863 0.059248
v -0.394425 -0.210002 0.036539
v -0.333527 -0.172578 0.086064
v -0.335350 -0.211974 0.082065
v -0.321825 -0.136214 0.098501
v -0.407200 -0.051683 0.030420
v -0.398796 -0.014138 0.046395
v -0.400479 0.023458 0.058092
v -0.380854 0.015676 0.080350
v -0.338783 -0.016013 0.098900
v -0.337300 -0.075503 0.093343
v -0.315707 -0.051703 0.107606
v -0.340968 -0.278788 0.071720
v -0.363946 -0.271503 0.055400
v -0.364041 -0.243649 0.059547
v -0.313560 -0.276078 0.092915
v -0.322327 -0.291173 0.084350
v -0.304675 -0.216060 0.099297
v -0.303519 -0.245199 0.098359
v -0.296098 -0.267749 0.101975
v -0.292681 -0.301650 0.105103
v -0.282487 -0.296988 0.107926
v -0.279290 -0.306495 0.107754
v -0.289478 -0.312387 0.104263
v -0.297518 -0.308524 0.100726
v -0.280084 -0.314390 0.104087
v -0.283695 -0.320018 0.098292
v -0.291524 -0.322298 0.089733
v -0.297719 -0.315505 0.095696
v -0.190567 -0.385755 0.020408
v -0.220429 -0.366342 0.033390
v -0.202624 -0.358341 0.057475
v -0.193612 -0.339473 0.080208
v -0.152445 -0.345939 0.080639
v -0.108321 -0.386098 0.060484
v -0.105564 -0.415850 0.034942
v -0.141580 -0.410248 0.022114
v -0.169279 -0.408916 0.002804
v -0.155905 -0.315837 0.100202
v -0.116278 -0.310451 0.110337
v -0.055757 -0.369463 0.088954
v -0.067398 -0.398839 0.064923
v -0.064572 -0.320793 0.119241
v -0.033950 -0.341223 0.112405
v -0.083699 -0.295701 0.128104
v -0.288452 -0.284278 0.105993
v -0.272325 -0.279371 0.109765
v -0.265347 -0.305204 0.107483
v -0.289611 -0.155257 0.117245
v -0.306123 -0.104738 0.112733
v -0.290936 -0.079143 0.122319
v -0.265921 -0.098586 0.141304
v -0.244954 -0.107037 0.163297
v -0.245638 -0.125618 0.162952
v -0.249700 -0.151628 0.145121
v -0.262237 -0.171313 0.128590
v -0.234887 -0.142196 0.166050
v -0.249837 -0.289116 0.110705
v -0.246738 -0.303210 0.106948
v -0.254764 -0.275000 0.112486
v -0.208020 -0.061776 0.097817
v -0.191161 -0.082647 0.101819
v -0.194497 -0.083302 0.131617
v -0.238084 -0.070006 0.138994
v -0.255138 -0.049596 0.123942
v -0.236397 -0.042717 0.113735
v -0.222444 -0.037584 0.093578
v -0.191375 -0.086863 0.159199
v -0.208674 -0.080775 0.157552
v -0.224721 -0.083273 0.160755
v -0.204229 -0.273794 0.113415
v -0.220459 -0.258558 0.116025
v -0.202218 -0.241310 0.119168
v -0.162222 -0.287588 0.111569
v -0.195701 -0.295095 0.107510
v -0.158154 -0.226753 0.120747
v -0.124321 -0.229665 0.123332
v -0.129744 -0.254201 0.124158
v -0.125629 -0.281157 0.120146
v -0.189254 -0.217299 0.123553
v -0.218026 -0.210455 0.125059
v -0.210143 -0.188492 0.134369
v -0.206859 -0.170348 0.149267
v -0.185711 -0.169629 0.145618
v -0.159865 -0.173490 0.123168
v -0.138800 -0.184728 0.110079
v -0.147893 -0.202781 0.118927
v -0.170339 -0.160411 0.140205
v -0.196838 -0.145871 0.208449
v -0.187698 -0.145499 0.211767
v -0.180464 -0.145202 0.197818
v -0.184585 -0.149119 0.182642
v -0.178450 -0.143028 0.211620
v -0.211862 -0.146025 0.188219
v -0.206321 -0.142424 0.206759
v -0.202827 -0.157743 0.167966
v -0.219694 -0.152974 0.168055
v -0.186765 -0.156908 0.163914
v -0.175778 -0.097292 0.236654
v -0.181446 -0.095170 0.228782
v -0.173495 -0.092854 0.227799
v -0.163683 -0.093801 0.228706
v -0.164301 -0.096115 0.236068
v -0.167961 -0.099790 0.241027
v -0.190027 -0.140788 0.248740
v -0.190893 -0.138844 0.249653
v -0.188167 -0.138556 0.251194
v -0.186620 -0.139868 0.249611
v -0.151282 -0.123909 0.193436
v -0.160185 -0.132764 0.193693
v -0.154993 -0.132409 0.210036
v -0.138265 -0.128993 0.223666
v -0.121357 -0.129863 0.225712
v -0.119461 -0.128191 0.218935
v -0.153374 -0.132487 0.223471
v -0.115470 -0.124574 0.216483
v -0.131884 -0.119238 0.208926
v -0.146435 -0.114463 0.195285
v -0.157733 -0.128306 0.242164
v -0.169663 -0.133563 0.243321
v -0.174094 -0.130848 0.249034
v -0.180900 -0.129112 0.250959
v -0.174879 -0.121652 0.250253
v -0.148507 -0.119601 0.244546
v -0.143140 -0.125150 0.239880
v -0.155939 -0.113126 0.246445
v -0.170759 -0.114458 0.249093
v -0.116469 -0.209289 0.116260
v -0.113007 -0.193342 0.102090
v -0.084714 -0.199541 0.098055
v -0.057585 -0.203962 0.093713
v -0.052204 -0.208892 0.118152
v -0.042300 -0.208956 0.142471
v -0.060682 -0.212469 0.145069
v -0.093528 -0.228337 0.132375
v -0.071321 -0.223688 0.149581
v -0.041023 -0.296872 0.143298
v 0.013481 -0.334969 0.118618
v -0.004404 -0.361320 0.103012
v -0.028835 -0.275401 0.167443
v -0.009606 -0.282625 0.165789
v 0.013129 -0.296209 0.144617
v 0.029730 -0.313139 0.126211
v 0.007432 -0.278296 0.167268
v -0.058824 -0.156411 0.233122
v -0.061297 -0.153736 0.227111
v -0.046090 -0.167911 0.225238
v -0.025568 -0.186818 0.245097
v -0.031558 -0.186749 0.244751
v -0.044695 -0.173201 0.239201
v -0.060034 -0.158404 0.236338
v -0.025251 -0.184056 0.232891
v -0.016398 -0.191106 0.244375
v -0.032743 -0.180427 0.220274
v -0.001954 -0.210972 0.262157
v -0.008040 -0.205184 0.258549
v -0.003633 -0.204525 0.260092
v 0.003493 -0.210859 0.263937
v 0.003427 -0.215123 0.263535
v 0.001443 -0.206766 0.260267
v -0.409064 0.070172 0.078124
v -0.414310 0.082193 0.067127
v -0.412411 0.091232 0.078858
v -0.407083 0.094151 0.089536
v -0.405373 0.080774 0.091519
v -0.401106 0.066408 0.089518
v -0.380148 0.051364 0.099025
v -0.374869 0.064200 0.107694
v -0.356276 0.055307 0.110670
v -0.392942 0.046153 0.085088
v -0.332057 0.055059 0.117228
v -0.324274 0.027491 0.112441
v -0.310720 -0.005199 0.110541
v -0.386173 0.073804 0.106959
v -0.391527 0.083765 0.106559
v -0.385382 0.085716 0.110653
v -0.373973 0.076524 0.112128
v -0.376880 0.087721 0.112546
v -0.259536 0.011324 0.113298
v -0.284514 0.003695 0.115142
v -0.295454 0.033608 0.119775
v -0.306867 0.059911 0.125087
v -0.282037 0.068223 0.134797
v -0.262042 0.079570 0.149608
v -0.247906 0.064907 0.144101
v -0.238354 0.040311 0.117905
v -0.238040 0.015113 0.102548
v -0.230485 0.059234 0.137183
v -0.315954 0.161180 0.114038
v -0.288731 0.204979 0.104125
v -0.256349 0.212898 0.113640
v -0.249568 0.184207 0.136334
v -0.281394 0.139039 0.144054
v -0.308807 0.134285 0.128618
v -0.236539 0.164177 0.159083
v -0.252280 0.152919 0.159393
v -0.258520 0.135447 0.163669
v -0.239875 0.312933 0.059324
v -0.232280 0.342245 0.040716
v -0.200823 0.352641 0.053759
v -0.175596 0.302673 0.086690
v -0.191652 0.270739 0.093376
v -0.217995 0.279309 0.086486
v -0.249560 0.278975 0.076104
v -0.219035 0.118289 0.207665
v -0.228634 0.118227 0.197628
v -0.228614 0.126828 0.196132
v -0.223552 0.133816 0.195802
v -0.215849 0.126879 0.206772
v -0.211187 0.120047 0.213317
v -0.212324 -0.005482 0.010101
v -0.212081 -0.003408 0.044157
v -0.219631 -0.007194 0.072689
v -0.221703 0.021057 0.084090
v -0.220130 0.043883 0.105556
v -0.206236 0.054712 0.091099
v -0.198361 0.064818 0.048867
v -0.194599 0.074543 0.083203
v -0.181698 0.093313 0.178994
v -0.187406 0.089017 0.182328
v -0.183699 0.093276 0.194242
v -0.180341 0.098908 0.201148
v -0.177696 0.099814 0.192147
v -0.177542 0.100768 0.178828
v -0.178293 0.121678 0.199369
v -0.176029 0.114898 0.197124
v -0.177578 0.112181 0.207126
v -0.181590 0.112017 0.213520
v -0.182003 0.118905 0.210745
v -0.183392 0.126092 0.202448
v -0.076195 0.275479 0.089108
v -0.100002 0.266204 0.080631
v -0.111071 0.289259 0.089712
v -0.050303 0.295656 0.107518
v -0.053691 0.274631 0.101099
v -0.060931 0.329688 0.102589
v -0.036601 0.316566 0.109581
v -0.099948 0.329428 0.098261
v -0.081262 0.345419 0.100762
v 0.000998 0.220202 0.057269
v 0.005447 0.219875 0.025952
v -0.020264 0.226113 0.020438
v -0.045743 0.227676 0.009993
v -0.052634 0.231715 0.038037
v -0.062207 0.241557 0.059855
v -0.042501 0.242478 0.076604
v -0.029561 0.241059 0.099685
v -0.016997 0.229384 0.090226
v 0.001421 0.219673 0.087574
v -0.000216 0.205240 0.183234
v 0.000948 0.199580 0.201252
v 0.011619 0.202878 0.165565
v 0.000534 0.210016 0.163669
v 0.009632 0.187420 0.218714
v 0.020607 0.178607 0.222936
v 0.025593 0.180580 0.208204
v 0.033189 0.183087 0.195788
v -0.137603 0.392678 0.079400
v -0.131140 0.405051 0.070886
v -0.118947 0.406226 0.078868
v -0.123082 0.391617 0.088597
v -0.135676 0.381577 0.086952
v -0.109840 0.400944 0.085923
v -0.118948 0.363883 0.097798
v -0.109810 0.374489 0.098436
v -0.103391 0.367253 0.100702
v -0.095011 0.358480 0.100889
v -0.108005 0.349266 0.099507
v -0.124585 0.346782 0.095977
v -0.097952 0.381435 0.097383
v -0.085518 0.370017 0.099562
v -0.081525 0.383637 0.095222
v -0.070751 0.421687 0.071360
v -0.050868 0.436279 0.059899
v -0.030283 0.426765 0.065004
v -0.082562 0.398747 0.087848
v -0.092522 0.410642 0.080083
v -0.001599 0.417321 0.065619
v -0.016743 0.395342 0.080761
v -0.058190 0.381702 0.092620
v -0.030217 0.372419 0.093091
v -0.028801 0.460850 0.032261
v -0.008022 0.462759 0.025656
v -0.008094 0.454949 0.038578
v -0.034714 0.448875 0.048876
v -0.047177 0.453664 0.040959
v -0.016013 0.443093 0.051287
v -0.203322 0.107418 0.217509
v -0.207449 0.113052 0.216635
v -0.200551 0.114610 0.220167
v -0.194210 0.108261 0.220480
v -0.197882 0.103194 0.216193
v -0.193981 0.114134 0.220223
v -0.007399 0.202905 0.267685
v -0.008528 0.205738 0.263828
v -0.005449 0.203681 0.269258
v -0.009594 0.209939 0.256201
v -0.006900 0.212956 0.258199
v -0.002805 0.214016 0.259391
v -0.003036 0.208774 0.266525
v -0.002599 0.204282 0.270106
v -0.025763 -0.399546 -0.090285
v -0.031318 -0.426411 -0.076086
v 0.006906 -0.430276 -0.062650
v 0.012272 -0.367130 -0.098476
v -0.030549 -0.368558 -0.104387
v 0.038815 -0.438048 -0.044480
v 0.062437 -0.417466 -0.052568
v 0.097498 -0.398745 -0.057133
v 0.072133 -0.382041 -0.080607
v 0.052237 -0.358345 -0.098546
v 0.112669 -0.366464 -0.085866
v 0.135087 -0.382664 -0.062849
v 0.174017 -0.369723 -0.069110
v 0.118032 -0.334071 -0.109227
v 0.087676 -0.347177 -0.102419
v 0.167905 -0.327490 -0.111333
v 0.135604 -0.318358 -0.118508
v 0.213515 -0.363500 -0.072396
v 0.204460 -0.349550 -0.092299
v 0.205759 -0.331175 -0.107196
v 0.119281 -0.408070 -0.030330
v 0.086355 -0.426911 -0.028612
v 0.099901 -0.432292 -0.004473
v 0.172703 -0.389984 -0.009356
v 0.154915 -0.390860 -0.036980
v 0.161981 -0.392868 0.028465
v 0.190362 -0.377296 0.016191
v 0.099196 -0.437950 0.016408
v 0.124089 -0.421425 0.027344
v 0.112262 -0.247448 -0.113948
v 0.108000 -0.258141 -0.120709
v 0.125506 -0.258248 -0.123939
v 0.144455 -0.255493 -0.122858
v 0.136927 -0.244514 -0.116076
v 0.123529 -0.237591 -0.106546
v 0.122608 -0.296577 -0.127912
v 0.126076 -0.283882 -0.129279
v 0.107509 -0.282467 -0.128368
v 0.090234 -0.284131 -0.124799
v 0.096897 -0.296587 -0.125599
v 0.111937 -0.307640 -0.123522
v 0.236362 -0.042591 -0.059666
v 0.235779 -0.016986 -0.050455
v 0.223512 -0.029676 -0.020760
v 0.228265 -0.082261 -0.058098
v 0.242868 -0.060256 -0.074120
v 0.201949 -0.101894 -0.022016
v 0.212789 -0.109442 -0.049186
v 0.216878 -0.036638 0.015994
v 0.207340 -0.069871 0.011757
v 0.193745 -0.101746 0.011663
v 0.263455 -0.054743 -0.095972
v 0.276877 -0.058742 -0.101697
v 0.280950 -0.042299 -0.106964
v 0.267623 -0.033028 -0.100190
v 0.255430 -0.044070 -0.088866
v 0.281240 -0.027162 -0.108232
v 0.227628 -0.226952 -0.106800
v 0.196189 -0.241156 -0.113498
v 0.208642 -0.262998 -0.117974
v 0.291293 -0.268967 -0.104534
v 0.312031 -0.241348 -0.096244
v 0.282724 -0.222851 -0.100358
v 0.255558 -0.203240 -0.099888
v 0.313897 -0.015214 -0.114177
v 0.331545 -0.001561 -0.112094
v 0.319842 0.009436 -0.114166
v 0.297855 -0.006059 -0.113310
v 0.297368 -0.022037 -0.112977
v 0.303784 0.013204 -0.111385
v 0.298215 -0.320878 -0.103324
v 0.296574 -0.334471 -0.097985
v 0.315476 -0.331400 -0.094094
v 0.322440 -0.311853 -0.096708
v 0.305629 -0.303583 -0.102962
v 0.330544 -0.321282 -0.088870
v 0.318391 -0.347737 -0.075462
v 0.300502 -0.352988 -0.077123
v 0.305357 -0.355289 -0.064781
v 0.314424 -0.350037 -0.051588
v 0.327656 -0.344886 -0.059358
v 0.333088 -0.338718 -0.068928
v 0.309344 -0.191270 -0.090819
v 0.334615 -0.213166 -0.085389
v 0.358291 -0.185555 -0.072217
v 0.341781 -0.108273 -0.081172
v 0.310386 -0.109710 -0.090632
v 0.299814 -0.143321 -0.089386
v 0.381991 -0.165724 -0.055084
v 0.372700 -0.134337 -0.059693
v 0.371391 -0.097383 -0.064036
v 0.365393 0.002578 -0.099011
v 0.340320 -0.018274 -0.105430
v 0.346344 -0.040930 -0.095215
v 0.373750 -0.060014 -0.070890
v 0.395576 -0.050293 -0.048176
v 0.402437 -0.014117 -0.055517
v 0.402481 0.019257 -0.080449
v 0.388200 0.029953 -0.095677
v 0.416351 0.019390 -0.060014
v 0.345017 -0.072441 -0.086738
v 0.142870 0.241944 -0.129229
v 0.136675 0.233230 -0.119882
v 0.148929 0.227308 -0.124666
v 0.159252 0.226441 -0.129404
v 0.156619 0.235495 -0.134085
v 0.153318 0.245447 -0.133872
v 0.162532 0.180507 -0.074088
v 0.154099 0.200265 -0.095041
v 0.133374 0.204303 -0.082171
v 0.109037 0.216121 -0.077232
v 0.104705 0.201350 -0.048204
v 0.161936 0.151754 -0.027113
v 0.178296 0.157140 -0.057651
v 0.123195 0.173148 -0.005029
v 0.095663 0.192766 -0.015145
v 0.167386 0.228943 -0.132883
v 0.163086 0.263478 -0.131900
v 0.145883 0.261307 -0.131300
v 0.182639 0.243017 -0.130400
v 0.182123 0.262965 -0.128102
v 0.180609 0.229211 -0.129588
v 0.173920 0.220225 -0.126113
v 0.313148 0.039293 -0.107968
v 0.334613 0.031535 -0.110961
v 0.353017 0.059231 -0.107113
v 0.357995 0.106757 -0.101289
v 0.341350 0.135777 -0.097075
v 0.312616 0.113451 -0.098282
v 0.291339 0.066368 -0.095857
v 0.288993 0.036208 -0.099935
v 0.284640 0.096936 -0.092326
v 0.161417 0.396191 -0.086434
v 0.171524 0.400851 -0.073145
v 0.155518 0.417263 -0.073907
v 0.138094 0.413824 -0.086122
v 0.143325 0.395121 -0.094044
v 0.137518 0.426596 -0.075014
v 0.189241 0.343464 -0.095294
v 0.198367 0.312225 -0.105500
v 0.227114 0.306584 -0.091074
v 0.190926 0.376900 -0.072454
v 0.174268 0.372763 -0.090000
v 0.222716 0.361408 -0.042385
v 0.195395 0.386371 -0.049951
v 0.258223 0.321088 -0.057196
v 0.256805 0.340218 -0.030194
v 0.259888 0.292823 -0.077884
v 0.136510 0.441975 -0.047419
v 0.152453 0.431097 -0.043928
v 0.143302 0.435804 -0.029506
v 0.125831 0.441068 -0.017646
v 0.119629 0.449221 -0.031098
v 0.117498 0.449740 -0.045131
v 0.302418 0.195494 -0.090944
v 0.323632 0.166009 -0.092989
v 0.350839 0.187558 -0.084154
v 0.328313 0.265742 -0.056964
v 0.293816 0.278402 -0.066741
v 0.289513 0.246853 -0.083717
v 0.379448 0.200141 -0.072458
v 0.366049 0.231801 -0.061436
v 0.275785 0.218110 -0.095087
v 0.444047 0.115132 -0.084790
v 0.431550 0.105013 -0.091485
v 0.440525 0.093684 -0.088197
v 0.453949 0.103745 -0.078734
v 0.452715 0.118686 -0.076013
v 0.448126 0.089015 -0.080342
v 0.458421 0.103550 -0.069545
v 0.453778 0.088866 -0.069419
v 0.455919 0.093194 -0.057424
v 0.458622 0.115003 -0.054903
v 0.457919 0.118675 -0.065523
v 0.454478 0.104982 -0.045138
v -0.015010 -0.438829 0.051162
v -0.007343 -0.422739 0.065056
v 0.012724 -0.433086 0.061565
v 0.006631 -0.451214 0.044064
v -0.014691 -0.451777 0.037333
v 0.025266 -0.444053 0.053069
v 0.030254 -0.417290 0.073506
v 0.006520 -0.402630 0.080006
v 0.024351 -0.379003 0.094595
v 0.067566 -0.419418 0.073992
v 0.045301 -0.432536 0.063709
v 0.085667 -0.394898 0.090195
v 0.090174 -0.411766 0.080950
v 0.039065 -0.352580 0.106690
v 0.065681 -0.366547 0.099205
v 0.089592 -0.374688 0.097487
v 0.123134 -0.352653 0.097588
v 0.111411 -0.336348 0.098601
v 0.130864 -0.326206 0.094125
v 0.142404 -0.349569 0.091886
v 0.132802 -0.363248 0.094607
v 0.149837 -0.330138 0.089544
v 0.118806 -0.390907 0.093045
v 0.105432 -0.393693 0.092457
v 0.107053 -0.379773 0.097152
v 0.113525 -0.366012 0.098719
v 0.123814 -0.374509 0.096365
v 0.129071 -0.384267 0.091940
v 0.112435 -0.414073 0.077614
v 0.107932 -0.405871 0.085486
v 0.120596 -0.400681 0.087455
v 0.131236 -0.394797 0.085245
v 0.129053 -0.405364 0.077358
v 0.120097 -0.415957 0.068679
v 0.202232 -0.356954 0.039658
v 0.174724 -0.374096 0.049566
v 0.176873 -0.354217 0.067805
v 0.165991 -0.339901 0.081356
v 0.182673 -0.313285 0.080380
v 0.224538 -0.287239 0.077446
v 0.256307 -0.285646 0.066314
v 0.244251 -0.318502 0.048677
v 0.234151 -0.345531 0.027558
v 0.197540 -0.281303 0.086462
v 0.016116 -0.223780 0.059619
v 0.013421 -0.219691 0.029358
v 0.042749 -0.224001 0.025114
v 0.034323 -0.239112 0.091376
v 0.012932 -0.226921 0.088310
v 0.068167 -0.252768 0.079924
v 0.049457 -0.256010 0.100171
v -0.044679 -0.195426 0.187891
v -0.048995 -0.206391 0.167169
v -0.023504 -0.211397 0.140340
v -0.018338 -0.208222 0.164635
v -0.013911 -0.203692 0.188197
v -0.008189 -0.201262 0.208874
v -0.020785 -0.191899 0.213161
v -0.040641 -0.180153 0.208396
v -0.048981 -0.181167 0.202908
v 0.098461 -0.354751 0.100249
v 0.077291 -0.340145 0.103486
v 0.052054 -0.327330 0.112546
v 0.060762 -0.301964 0.112317
v 0.081794 -0.276384 0.092500
v 0.108162 -0.265069 0.081772
v 0.058673 -0.276892 0.107885
v 0.013162 -0.235499 0.246575
v 0.013024 -0.230397 0.253428
v 0.016286 -0.230645 0.250478
v 0.017962 -0.231706 0.243263
v 0.017166 -0.236693 0.240164
v 0.013744 -0.240195 0.236837
v 0.129743 -0.244981 0.076455
v 0.148702 -0.261689 0.086922
v 0.158667 -0.302852 0.088081
v 0.172562 -0.272738 0.089733
v 0.186627 -0.094902 0.199352
v 0.187240 -0.096014 0.186402
v 0.191382 -0.089978 0.186399
v 0.196725 -0.087052 0.189587
v 0.191994 -0.089895 0.200942
v 0.188419 -0.093813 0.207833
v 0.186875 -0.103620 0.214948
v 0.186642 -0.098575 0.212104
v 0.189291 -0.097866 0.218217
v 0.191228 -0.103705 0.221499
v 0.189852 -0.108169 0.216724
v 0.193215 -0.099398 0.221223
v 0.202847 -0.075635 0.050486
v 0.213332 -0.063986 0.093519
v 0.199260 -0.085790 0.085519
v 0.234313 -0.028569 0.084785
v 0.230881 -0.051911 0.107062
v 0.221016 -0.005112 0.015550
v 0.223609 -0.006765 0.048099
v 0.234606 -0.001281 0.073839
v 0.209236 -0.129735 0.199697
v 0.202438 -0.129849 0.198232
v 0.200415 -0.122444 0.209218
v 0.207295 -0.120118 0.211137
v 0.214350 -0.125428 0.201561
v 0.200796 -0.116381 0.215622
v 0.201152 -0.098487 0.218994
v 0.206785 -0.096546 0.212023
v 0.209987 -0.101600 0.213227
v 0.210474 -0.107638 0.214061
v 0.203558 -0.105170 0.220043
v 0.198057 -0.102221 0.222169
v 0.240578 -0.190123 0.127362
v 0.232167 -0.167520 0.148234
v 0.249624 -0.157249 0.150003
v 0.259668 -0.139096 0.154140
v 0.281972 -0.147063 0.135365
v 0.308615 -0.177940 0.107075
v 0.303987 -0.214197 0.089298
v 0.270943 -0.216490 0.101804
v 0.310378 -0.147222 0.120108
v 0.240859 -0.220274 0.108049
v 0.254961 -0.019756 0.099671
v 0.279029 -0.009322 0.103659
v 0.286535 -0.035278 0.112162
v 0.296237 -0.058225 0.120505
v 0.270323 -0.066209 0.131644
v 0.237348 -0.066803 0.139564
v 0.221476 -0.067973 0.130925
v 0.249773 -0.075598 0.147960
v 0.011830 -0.219487 0.261356
v 0.008315 -0.217757 0.263470
v 0.007683 -0.213640 0.263485
v 0.010765 -0.214252 0.258356
v 0.013719 -0.219208 0.256765
v 0.006618 -0.209965 0.259752
v 0.341206 -0.019233 0.094714
v 0.365057 -0.010686 0.078560
v 0.376769 -0.042522 0.081465
v 0.323881 -0.053207 0.110881
v 0.314207 -0.026353 0.105114
v 0.352431 -0.076754 0.109307
v 0.328148 -0.076439 0.116901
v 0.377133 -0.071905 0.096971
v 0.371104 -0.083625 0.105514
v 0.389315 -0.066191 0.083613
v 0.380779 -0.104249 0.106704
v 0.370910 -0.107379 0.108938
v 0.369058 -0.095604 0.109523
v 0.382567 -0.091950 0.103759
v 0.387769 -0.101857 0.102184
v 0.405869 -0.086388 0.073467
v 0.411386 -0.097948 0.059629
v 0.410137 -0.108337 0.070758
v 0.402702 -0.097873 0.086021
v 0.398035 -0.083935 0.085831
v 0.404636 -0.112446 0.081798
v 0.000251 0.286222 0.137802
v -0.015192 0.302563 0.121202
v 0.006427 0.319887 0.115581
v 0.022756 0.272178 0.158131
v 0.003930 0.269974 0.158586
v 0.057596 0.280205 0.138988
v 0.041285 0.264080 0.159980
v 0.062310 0.320290 0.110472
v 0.085906 0.296384 0.120395
v 0.030808 0.342088 0.101636
v 0.015990 0.179212 0.236491
v 0.010536 0.181879 0.247762
v 0.018008 0.179233 0.249685
v 0.032436 0.169660 0.227251
v 0.022946 0.179228 0.251848
v 0.030263 0.173522 0.245601
v 0.042674 0.162543 0.236356
v 0.045749 0.159415 0.229236
v 0.039606 0.167717 0.241509
v 0.059729 0.209267 0.150220
v 0.064573 0.221397 0.156201
v 0.084668 0.226194 0.137348
v 0.056064 0.204707 0.121238
v 0.046264 0.203290 0.146942
v 0.112424 0.229040 0.126269
v 0.111263 0.209307 0.118259
v 0.086785 0.197794 0.100271
v 0.063334 0.200779 0.095485
v 0.112289 0.193003 0.103906
v 0.046102 0.192122 0.192937
v 0.048937 0.178612 0.206672
v 0.048666 0.182698 0.212764
v 0.045615 0.183421 0.223199
v 0.040170 0.197730 0.219208
v 0.051977 0.213265 0.177472
v 0.049287 0.202901 0.172996
v 0.033978 0.211420 0.218439
v 0.040287 0.217831 0.200234
v 0.049018 0.227276 0.179782
v 0.074930 0.138812 0.233193
v 0.074442 0.137829 0.231402
v 0.059715 0.148974 0.230318
v 0.065337 0.148752 0.232637
v 0.078148 0.137769 0.232560
v 0.048976 0.162740 0.237482
v 0.055666 0.159721 0.233330
v 0.135580 0.107820 0.219732
v 0.152595 0.107611 0.200134
v 0.153386 0.120834 0.200003
v 0.148414 0.101710 0.213609
v 0.102108 0.121650 0.227323
v 0.103357 0.119666 0.229637
v 0.119532 0.111859 0.229500
v 0.112783 0.118828 0.226320
v 0.099072 0.124376 0.227445
v 0.124627 0.117016 0.223396
v 0.134508 0.104892 0.227258
v 0.104228 0.119238 0.232897
v 0.103758 0.120416 0.234956
v 0.118806 0.114570 0.237504
v 0.132381 0.111516 0.240628
v 0.136651 0.104111 0.234255
v 0.142082 0.105023 0.239703
v 0.165198 0.106667 0.173191
v 0.166308 0.113600 0.148852
v 0.163002 0.126072 0.153255
v 0.161827 0.100183 0.193288
v 0.166686 0.132840 0.175137
v 0.163989 0.130655 0.193708
v 0.166577 0.139763 0.153839
v 0.146661 0.116200 0.242941
v 0.145738 0.120496 0.238814
v 0.159134 0.125292 0.240564
v 0.170862 0.132335 0.241876
v 0.173696 0.129547 0.248098
v 0.179521 0.127466 0.251168
v 0.171916 0.118640 0.249648
v 0.165727 0.110849 0.247783
v 0.179288 0.227766 0.119839
v 0.211836 0.224620 0.119248
v 0.207917 0.200371 0.125451
v 0.141494 0.205481 0.118455
v 0.144240 0.229690 0.121039
v 0.158036 0.176333 0.121586
v 0.136609 0.186195 0.110676
v 0.185793 0.175254 0.137219
v 0.170161 0.163081 0.136364
v 0.208890 0.180149 0.136047
v 0.144117 0.255665 0.119923
v 0.135478 0.282100 0.114895
v 0.173891 0.288048 0.107607
v 0.207554 0.295151 0.104069
v 0.216837 0.276505 0.110371
v 0.233906 0.265080 0.112398
v 0.219613 0.248044 0.115030
v 0.186159 0.142844 0.205964
v 0.188771 0.145666 0.187879
v 0.203335 0.147993 0.185123
v 0.192722 0.145468 0.223637
v 0.182646 0.141609 0.221618
v 0.203835 0.145935 0.218766
v 0.198745 0.147146 0.229008
v 0.217872 0.145170 0.179232
v 0.212903 0.142611 0.197626
v 0.210696 0.142344 0.212442
v 0.208542 0.142788 0.223711
v 0.202392 0.146821 0.232755
v 0.175625 0.088128 0.218274
v 0.167670 0.089654 0.219286
v 0.168091 0.090332 0.228335
v 0.171400 0.092942 0.234349
v 0.178020 0.090842 0.228932
v 0.182657 0.089421 0.219673
v 0.193225 0.145267 0.252795
v 0.192827 0.146505 0.250778
v 0.195285 0.147239 0.250906
v 0.195446 0.145393 0.251883
v 0.210461 0.067379 0.079099
v 0.195715 0.084279 0.081878
v 0.198716 0.084067 0.113203
v 0.232831 0.051804 0.097762
v 0.222447 0.046938 0.073418
v 0.234282 0.075215 0.129088
v 0.247418 0.058670 0.113078
v 0.197384 0.086112 0.142302
v 0.211439 0.082492 0.144499
v 0.224236 0.085824 0.151705
v 0.274819 0.142818 0.125209
v 0.301277 0.126550 0.108652
v 0.287505 0.104674 0.118834
v 0.275397 0.084926 0.122556
v 0.256027 0.100291 0.141038
v 0.239977 0.107685 0.162011
v 0.240105 0.123271 0.165725
v 0.241847 0.142073 0.152988
v 0.251413 0.155766 0.136991
v 0.230804 0.136798 0.172491
v 0.238440 0.285466 0.108798
v 0.235493 0.299087 0.103312
v 0.260256 0.299559 0.104058
v 0.272653 0.289136 0.106047
v 0.247275 0.275608 0.110829
v 0.281887 0.277677 0.105113
v 0.267198 0.272157 0.108935
v 0.055008 0.366598 0.083066
v 0.068542 0.394278 0.061223
v 0.112802 0.380982 0.055747
v 0.160283 0.341998 0.075489
v 0.165176 0.314320 0.095532
v 0.122463 0.309765 0.104543
v 0.110757 0.409843 0.031235
v 0.147542 0.402870 0.017174
v 0.198407 0.375761 0.012777
v 0.232751 0.355627 0.026276
v 0.213859 0.350977 0.052081
v 0.204304 0.334910 0.075646
v 0.280786 0.320261 0.090289
v 0.289512 0.323463 0.080932
v 0.298206 0.317311 0.088021
v 0.289543 0.312776 0.097474
v 0.277568 0.313365 0.097629
v 0.299448 0.310237 0.094206
v 0.002630 0.201745 0.269237
v -0.000590 0.200249 0.270195
v 0.000904 0.208049 0.266521
v 0.005329 0.205200 0.265533
v 0.295874 0.242081 0.099497
v 0.289632 0.262620 0.102314
v 0.309097 0.270561 0.094245
v 0.325710 0.212620 0.086170
v 0.295803 0.215996 0.100626
v 0.321573 0.284883 0.086724
v 0.339760 0.272582 0.076125
v 0.358330 0.237751 0.065614
v 0.356641 0.204488 0.067116
v 0.362762 0.264340 0.061516
v 0.296015 0.302777 0.099022
v 0.286442 0.295940 0.102830
v 0.278736 0.304585 0.102260
v 0.353610 0.078715 0.073417
v 0.370783 0.111555 0.057967
v 0.395002 0.080313 0.035679
v 0.352147 0.024615 0.079314
v 0.332974 0.056996 0.088762
v 0.403903 0.021803 0.023296
v 0.402909 -0.015752 0.031153
v 0.386399 -0.006956 0.056927
v 0.413615 0.056752 0.010714
v 0.352982 0.168227 0.070070
v 0.385490 0.197776 0.045057
v 0.341945 0.134637 0.079731
v 0.408344 0.200769 0.023100
v 0.415480 0.165792 0.014792
v 0.328101 0.320342 0.010533
v 0.335505 0.319933 0.031467
v 0.310013 0.327183 0.040416
v 0.292998 0.323506 -0.018881
v 0.326848 0.310949 -0.013623
v 0.249954 0.351413 -0.001025
v 0.265920 0.340677 0.040112
v 0.288838 0.331135 0.056208
v 0.410222 0.275587 0.007336
v 0.406827 0.276030 0.018139
v 0.402474 0.288817 0.018442
v 0.402150 0.289698 0.006262
v 0.406984 0.277531 -0.002258
v 0.397560 0.296693 0.015113
v 0.389236 0.301655 0.011328
v 0.390336 0.300739 0.023790
v 0.375816 0.308627 0.021721
v 0.375719 0.306392 0.009466
v 0.378660 0.304727 0.030989
v -0.071344 -0.367467 -0.110869
v -0.036830 -0.336847 -0.113643
v -0.037038 -0.309005 -0.115560
v -0.070439 -0.300761 -0.120655
v -0.097635 -0.285910 -0.127049
v -0.109465 -0.303584 -0.130326
v -0.409129 0.170251 -0.007672
v -0.412349 0.144834 -0.002748
v -0.404711 0.147606 -0.022233
v -0.397000 0.181561 -0.030518
v -0.401123 0.193195 -0.016965
v -0.093715 0.219285 -0.034160
v -0.066306 0.226380 -0.026717
v -0.061987 0.233942 -0.053735
v -0.053115 0.246044 -0.075807
v -0.079166 0.245788 -0.087156
v -0.126414 0.212971 -0.062154
v -0.119504 0.206043 -0.035973
v -0.074781 0.435433 -0.039721
v -0.059903 0.426337 -0.055958
v -0.041451 0.441800 -0.048035
v -0.054308 0.452223 -0.027223
v -0.078450 0.443514 -0.022103
v -0.031366 0.453739 -0.035884
v -0.237411 -0.269592 0.113881
v -0.258592 -0.261199 0.112648
v -0.256982 -0.245023 0.113888
v -0.237602 -0.249106 0.116025
v -0.144397 -0.140822 0.061357
v -0.157606 -0.127690 0.088644
v -0.169909 -0.108824 0.075383
v -0.123629 -0.159098 0.040766
v -0.182755 -0.090126 0.035559
v -0.187354 -0.092423 0.000720
v -0.169522 -0.121415 -0.006095
v -0.186155 -0.085194 0.070051
v -0.159877 -0.123533 0.173046
v -0.166721 -0.112936 0.144239
v -0.163159 -0.127406 0.149162
v -0.175511 -0.096497 0.164359
v -0.178182 -0.098141 0.137039
v -0.157213 -0.101485 0.193329
v -0.171825 -0.094241 0.186216
v -0.142538 -0.107691 0.203739
v -0.164611 -0.108574 0.246794
v -0.146586 -0.109498 0.242643
v -0.126543 -0.125331 0.237642
v -0.141197 -0.105652 0.237452
v -0.125996 -0.113416 0.236841
v -0.108686 -0.122247 0.235522
v -0.110140 -0.126190 0.237324
v -0.108858 -0.130656 0.235466
v -0.046667 -0.203961 0.211782
v -0.037717 -0.221287 0.209929
v -0.044234 -0.231132 0.191805
v -0.054434 -0.245039 0.171266
v -0.059286 -0.227395 0.171756
v -0.056093 -0.187173 0.207345
v -0.055108 -0.185544 0.216771
v -0.057572 -0.214454 0.169186
v -0.051715 -0.200845 0.188560
v -0.054397 -0.184038 0.202696
v -0.416720 0.088751 0.035787
v -0.413533 0.065860 0.052239
v -0.411750 0.040901 0.034919
v -0.413155 0.112506 0.001444
v -0.416657 0.118685 0.025647
v -0.416093 0.023457 -0.007425
v -0.413299 0.005016 0.020080
v -0.402684 0.116778 -0.024825
v -0.381674 0.097271 0.110335
v -0.392804 0.093706 0.105816
v -0.388636 0.103752 0.104813
v -0.320671 0.237306 0.065971
v -0.287560 0.241427 0.082126
v -0.358243 0.164625 0.088723
v -0.377235 0.174581 0.068451
v -0.360797 0.204121 0.060252
v -0.348649 0.237829 0.045767
v -0.344022 0.145317 0.106999
v -0.178614 0.170324 0.123781
v -0.173319 0.194594 0.106660
v -0.162928 0.182460 0.090804
v -0.175474 0.137676 0.139002
v -0.180699 0.152280 0.146430
v -0.156020 0.174622 0.067071
v -0.166473 0.148449 0.073877
v -0.175784 0.123393 0.107886
v -0.176336 0.118973 0.136719
v -0.175258 0.121909 0.076691
v -0.154526 0.331080 0.087620
v -0.140194 0.354794 0.090705
v -0.152444 0.287087 0.090419
v -0.134250 0.268163 0.086441
v 0.030309 0.202748 0.145308
v 0.014868 0.207476 0.141743
v 0.040281 0.196829 0.171470
v 0.041190 0.186511 0.191328
v -0.002293 0.190072 0.245886
v -0.006500 0.195088 0.247758
v -0.005363 0.192927 0.255569
v -0.002396 0.191276 0.259885
v 0.000595 0.187593 0.254458
v 0.003400 0.185918 0.246127
v 0.075002 -0.447770 -0.008028
v 0.061976 -0.444023 -0.025693
v 0.045456 -0.456455 -0.020288
v 0.056061 -0.460242 0.000607
v 0.076322 -0.451455 0.008292
v 0.035779 -0.463878 -0.009877
v 0.122517 -0.219948 -0.080549
v 0.146291 -0.204432 -0.073040
v 0.130817 -0.199359 -0.048789
v 0.082574 -0.231405 -0.077537
v 0.105436 -0.233336 -0.093204
v 0.124146 -0.196289 -0.020044
v 0.096814 -0.210907 -0.019462
v 0.067175 -0.219050 -0.012679
v 0.063082 -0.222930 -0.041872
v 0.055000 -0.232323 -0.065724
v 0.410024 -0.196459 -0.024320
v 0.411802 -0.172856 -0.018274
v 0.404154 -0.177441 -0.035199
v 0.398287 -0.207701 -0.044794
v 0.402893 -0.218041 -0.034454
v 0.391417 -0.190317 -0.050716
v 0.103961 0.333142 -0.114786
v 0.093484 0.365086 -0.107046
v 0.095553 0.293295 -0.116966
v 0.120424 0.305212 -0.121457
v 0.020692 0.324485 -0.108215
v 0.018105 0.296886 -0.105051
v 0.051240 0.290104 -0.105628
v 0.079349 0.274776 -0.108317
v 0.015887 -0.250473 0.206368
v 0.015760 -0.258957 0.187888
v 0.006759 -0.263417 0.190155
v 0.015120 -0.244284 0.225242
v 0.007524 -0.242215 0.232113
v -0.006645 -0.264318 0.189748
v -0.003547 -0.250819 0.211404
v -0.001833 -0.240892 0.229292
v 0.019292 -0.241451 0.218428
v 0.019362 -0.245438 0.204137
v 0.018233 -0.239217 0.229862
v 0.185619 -0.129083 0.145500
v 0.190278 -0.142154 0.153178
v 0.188369 -0.158949 0.129382
v 0.183294 -0.182456 0.110697
v 0.172418 -0.172100 0.093426
v 0.187388 -0.114445 0.113578
v 0.187244 -0.111662 0.143494
v 0.165100 -0.164544 0.067476
v 0.176989 -0.137779 0.075973
v 0.187630 -0.110658 0.080469
v 0.338731 -0.141542 0.109453
v 0.360625 -0.129150 0.105853
v 0.369772 -0.144779 0.094748
v 0.384989 -0.152129 0.080576
v 0.372773 -0.179382 0.072206
v 0.362714 -0.212125 0.058537
v 0.336138 -0.211492 0.075017
v 0.388493 -0.113252 0.099987
v 0.382747 -0.126558 0.097422
v 0.375139 -0.118585 0.105052
v 0.414108 -0.118508 0.043615
v 0.409181 -0.079450 0.047160
v 0.414976 -0.141676 0.009966
v 0.414408 -0.147008 0.031275
v 0.410352 -0.064024 0.012161
v 0.406382 -0.075288 -0.015994
v 0.407869 -0.110806 -0.011697
v 0.405435 -0.050115 0.038609
v 0.410401 -0.144381 -0.013883
v 0.026742 0.180784 0.251447
v 0.031561 0.181340 0.247894
v 0.036223 0.174165 0.244695
v 0.137134 0.117777 0.218838
v 0.158517 0.104931 0.244281
v 0.152985 0.100401 0.239384
v 0.132085 0.115481 0.240154
v 0.132070 0.157029 0.045982
v 0.146964 0.142048 0.072092
v 0.160464 0.127123 0.057765
v 0.175687 0.117424 0.016947
v 0.182476 0.125357 -0.018276
v 0.177393 0.107541 0.052336
v 0.269807 0.258939 0.108288
v 0.251389 0.259097 0.111528
v 0.270054 0.240753 0.108112
v 0.245520 0.242572 0.113079
v 0.267782 0.218729 0.110486
v 0.240558 0.221437 0.116379
v 0.263964 0.195657 0.115789
v 0.236507 0.199451 0.122439
v 0.258597 0.174216 0.124654
v 0.233469 0.179366 0.131973
v 0.229437 0.163143 0.144954
v 0.208752 0.164714 0.149920
v 0.224072 0.151421 0.160923
v 0.206593 0.154184 0.166441
v 0.190527 0.151241 0.169754
v 0.190036 0.160902 0.152528
v 0.175803 0.151712 0.153695
v 0.176922 0.143856 0.172170
v 0.175666 0.139359 0.190287
v 0.173422 0.137185 0.206872
v 0.161380 0.129909 0.209163
v 0.149428 0.122775 0.213060
v 0.171318 0.135862 0.221220
v 0.159319 0.129329 0.221939
v 0.147027 0.123484 0.223631
v 0.158483 0.128001 0.232426
v 0.145772 0.122786 0.232192
v 0.132738 0.119916 0.232251
v 0.134366 0.119730 0.225842
v 0.119632 0.119794 0.232139
v 0.121693 0.119124 0.227848
v 0.106601 0.122711 0.231911
v 0.109095 0.121359 0.228882
v 0.093705 0.128271 0.231323
v 0.096215 0.126819 0.229168
v 0.081191 0.136515 0.230656
v 0.083870 0.134552 0.228436
v 0.086003 0.132449 0.226982
v 0.087713 0.130055 0.226822
v 0.072494 0.144466 0.226916
v 0.074240 0.142024 0.224944
v 0.074961 0.139930 0.224644
v 0.075045 0.138147 0.226021
v 0.088483 0.128523 0.228449
v 0.063852 0.153231 0.221390
v 0.063785 0.150620 0.220716
v 0.062675 0.148900 0.222412
v 0.061287 0.148005 0.225953
v 0.074653 0.137603 0.228642
v 0.054041 0.162397 0.214619
v 0.051618 0.159926 0.216969
v 0.048597 0.158956 0.222243
v 0.041696 0.171540 0.208656
v 0.036877 0.169616 0.216682
v 0.046346 0.174409 0.205287
v 0.055335 0.165311 0.215642
v 0.062754 0.155595 0.224251
v 0.054626 0.168372 0.219879
v 0.059995 0.157846 0.228609
v 0.052162 0.169944 0.226536
v 0.047990 0.171179 0.233511
v 0.041581 0.182764 0.233265
v 0.042620 0.172202 0.239809
v 0.036663 0.182163 0.241571
v 0.030775 0.191968 0.243438
v 0.035397 0.194894 0.232847
v 0.024427 0.201578 0.245353
v 0.028993 0.206068 0.233500
v 0.017782 0.209607 0.247283
v 0.021832 0.215679 0.234517
v 0.026673 0.222451 0.218876
v 0.014165 0.222627 0.235404
v 0.018155 0.230549 0.219320
v 0.023422 0.239682 0.200917
v 0.032882 0.230575 0.200668
v 0.030674 0.250690 0.180885
v 0.041728 0.240387 0.180852
v 0.054758 0.251220 0.160919
v 0.062669 0.236347 0.159804
v 0.074003 0.262641 0.142278
v 0.082711 0.244200 0.142073
v 0.101312 0.273251 0.126704
v 0.110068 0.250851 0.128741
v 0.012668 0.244817 0.200650
v 0.017165 0.256613 0.180235
v 0.002232 0.245545 0.199793
v 0.003679 0.256588 0.179624
v -0.006307 0.242589 0.198107
v -0.006944 0.252231 0.178082
v -0.009585 0.262995 0.157668
v -0.013574 0.245090 0.175438
v -0.017241 0.253641 0.154860
v -0.024333 0.262079 0.134877
v -0.016244 0.274661 0.137981
v -0.036297 0.269517 0.116559
v -0.029832 0.285869 0.120991
v -0.025756 0.249520 0.129524
v -0.035990 0.254431 0.109176
v -0.050844 0.257022 0.090806
v -0.070268 0.255844 0.076664
v -0.083148 0.235852 0.048749
v -0.091154 0.248635 0.066792
v -0.103291 0.225155 0.042037
v -0.110968 0.235965 0.061271
v -0.120979 0.250477 0.076326
v -0.128531 0.218867 0.059737
v -0.138336 0.230686 0.076525
v -0.151773 0.244626 0.088223
v -0.152205 0.207932 0.081210
v -0.164523 0.219852 0.094955
v -0.181023 0.231373 0.102695
v -0.169444 0.258801 0.094028
v -0.201705 0.240458 0.104633
v -0.187782 0.205324 0.115851
v -0.206500 0.212671 0.119571
v -0.229220 0.215546 0.118672
v -0.226669 0.245576 0.101288
v -0.255691 0.245257 0.093718
v -0.281302 0.275815 0.063181
v -0.311547 0.272293 0.047642
v -0.301505 0.302849 0.030177
v -0.272466 0.307471 0.045278
v -0.290764 0.328612 0.012636
v -0.262833 0.334659 0.026913
v -0.279356 0.348722 -0.005367
v -0.251771 0.355743 0.007668
v -0.221826 0.364840 0.021064
v -0.239127 0.369885 -0.012864
v -0.192329 0.376057 0.034889
v -0.167174 0.388468 0.048556
v -0.173823 0.368732 0.063839
v -0.133680 0.414318 0.047855
v -0.147102 0.398701 0.060795
v -0.153046 0.382812 0.072546
v -0.150729 0.367397 0.082812
v -0.170891 0.347468 0.077587
v -0.128538 0.371464 0.093327
v -0.116549 0.383024 0.094093
v -0.102347 0.391780 0.092309
v -0.118079 0.418322 0.060863
v -0.104471 0.417326 0.071308
v -0.114348 0.429239 0.034815
v -0.099951 0.431949 0.049880
v -0.085947 0.429628 0.061796
v -0.079216 0.445005 0.039032
v -0.066179 0.442601 0.051169
v -0.057455 0.456042 0.028867
v -0.090938 0.443420 0.023570
v -0.066785 0.455006 0.013664
v -0.042321 0.463026 0.004451
v -0.035367 0.463494 0.019590
v -0.017156 0.466805 -0.004740
v -0.011561 0.466929 0.011100
v 0.009798 0.467191 -0.014036
v 0.014367 0.466834 0.002608
v 0.016829 0.461373 0.018840
v 0.015710 0.451030 0.034471
v 0.042220 0.464333 -0.006067
v 0.044468 0.457635 0.011183
v 0.044163 0.445386 0.028540
v 0.039984 0.428062 0.046201
v 0.009636 0.436191 0.049979
v 0.073453 0.452542 0.002607
v 0.074984 0.438631 0.020787
v 0.074049 0.418937 0.040226
v 0.106300 0.431689 0.010848
v 0.031232 0.406570 0.064161
v 0.017278 0.382727 0.081511
v -0.000358 0.359101 0.095969
v -0.019005 0.337115 0.105820
v -0.044714 0.350856 0.100632
v -0.067779 0.362542 0.099060
v 0.101435 0.446712 -0.006991
v 0.134902 0.425471 -0.002049
v 0.156450 0.420522 -0.018288
v 0.173947 0.399632 -0.003847
v 0.169287 0.414962 -0.036641
v 0.189775 0.394546 -0.026636
v 0.216095 0.371798 -0.014509
v 0.174206 0.408236 -0.055655
v 0.156029 0.424658 -0.059584
v 0.137624 0.436167 -0.061408
v 0.116102 0.444032 -0.059929
v 0.115055 0.433163 -0.074240
v 0.090771 0.450208 -0.055510
v 0.087967 0.437909 -0.070769
v 0.086305 0.419434 -0.084711
v 0.115183 0.416765 -0.086836
v 0.087326 0.394521 -0.096882
v 0.118468 0.395120 -0.097390
v 0.125336 0.368524 -0.106229
v 0.152163 0.370876 -0.100983
v 0.135062 0.339716 -0.114023
v 0.162730 0.342549 -0.107909
v 0.146282 0.311449 -0.121116
v 0.172035 0.313824 -0.115887
v 0.156031 0.286010 -0.127346
v 0.178638 0.286658 -0.122939
v 0.202657 0.283584 -0.114676
v 0.202798 0.258006 -0.120779
v 0.225312 0.249092 -0.111670
v 0.228722 0.275798 -0.103783
v 0.249719 0.235552 -0.102523
v 0.257628 0.263276 -0.093041
v 0.218171 0.226121 -0.114484
v 0.238388 0.211717 -0.105918
v 0.259386 0.193236 -0.099094
v 0.279893 0.170858 -0.095278
v 0.224970 0.191814 -0.103158
v 0.242299 0.172754 -0.095974
v 0.258904 0.150400 -0.091723
v 0.273306 0.125056 -0.090635
v 0.297664 0.143869 -0.095412
v 0.225383 0.156120 -0.086237
v 0.239687 0.133789 -0.081169
v 0.251966 0.109362 -0.079309
v 0.261151 0.083178 -0.080028
v 0.222812 0.120373 -0.064415
v 0.234098 0.096408 -0.061939
v 0.242523 0.071384 -0.062198
v 0.247524 0.045455 -0.064412
v 0.266612 0.055845 -0.082799
v 0.220242 0.085903 -0.039464
v 0.228421 0.061344 -0.039421
v 0.233459 0.035974 -0.041303
v 0.235408 0.009600 -0.044762
v 0.249650 0.019574 -0.068291
v 0.219266 0.053503 -0.012894
v 0.224101 0.028003 -0.014162
v 0.225537 0.000692 -0.016499
v 0.220330 0.022985 0.015362
v 0.215137 0.048038 0.016126
v 0.216381 0.045818 0.045503
v 0.222395 0.021312 0.044930
v 0.230650 0.024295 0.070801
v 0.243532 0.030113 0.091054
v 0.250895 0.006375 0.091338
v 0.259826 0.038777 0.103624
v 0.270366 0.015660 0.100584
v 0.277172 0.050059 0.109194
v 0.291139 0.026980 0.102785
v 0.303427 0.000870 0.101722
v 0.312123 0.040248 0.098846
v 0.327836 0.011949 0.093958
v 0.294431 0.064886 0.108443
v 0.311234 0.083240 0.102157
v 0.327670 0.106083 0.091305
v 0.312951 0.152046 0.098318
v 0.284983 0.164859 0.113507
v 0.291910 0.189653 0.105298
v 0.321573 0.180863 0.090241
v 0.262044 0.069793 0.120814
v 0.246920 0.084887 0.137481
v 0.234107 0.094846 0.157767
v 0.216076 0.092369 0.173883
v 0.223870 0.100858 0.178263
v 0.228189 0.112235 0.182247
v 0.227939 0.124487 0.186152
v 0.215595 0.104841 0.197295
v 0.219305 0.115243 0.200531
v 0.219629 0.126091 0.203933
v 0.216448 0.135556 0.207680
v 0.222307 0.135336 0.191379
v 0.212057 0.117626 0.216565
v 0.213108 0.127700 0.218958
v 0.211700 0.136454 0.221464
v 0.207290 0.129300 0.231579
v 0.207081 0.137635 0.232767
v 0.205263 0.143619 0.233510
v 0.202508 0.138782 0.242043
v 0.201658 0.144480 0.241839
v 0.199320 0.147354 0.240865
v 0.195374 0.147499 0.238499
v 0.198310 0.145040 0.248316
v 0.196819 0.147563 0.247243
v 0.193462 0.147199 0.246094
v 0.188077 0.144292 0.244503
v 0.189283 0.145071 0.235798
v 0.188636 0.143079 0.250259
v 0.182302 0.137276 0.249265
v 0.180515 0.139044 0.243173
v 0.190661 0.141842 0.252763
v 0.186022 0.135518 0.252303
v 0.194036 0.140847 0.252302
v 0.190783 0.133977 0.251868
v 0.186007 0.125417 0.250925
v 0.196129 0.132404 0.248275
v 0.192530 0.123467 0.247101
v 0.187730 0.114036 0.245326
v 0.180108 0.116368 0.249121
v 0.182150 0.105264 0.242587
v 0.174154 0.107966 0.246633
v 0.176447 0.098066 0.238995
v 0.168031 0.101132 0.242819
v 0.162938 0.096235 0.237654
v 0.159445 0.093667 0.230781
v 0.148926 0.098416 0.232758
v 0.158253 0.093543 0.221403
v 0.147325 0.098756 0.224311
v 0.159212 0.095603 0.209185
v 0.168937 0.090947 0.206361
v 0.171163 0.093616 0.189701
v 0.180847 0.089596 0.188207
v 0.183333 0.091161 0.167243
v 0.173312 0.097829 0.169007
v 0.178089 0.088297 0.205403
v 0.186817 0.088796 0.206178
v 0.190775 0.088233 0.188714
v 0.200456 0.090530 0.190725
v 0.205816 0.087588 0.169625
v 0.194439 0.087727 0.167379
v 0.195129 0.092202 0.208244
v 0.202577 0.098768 0.211013
v 0.209019 0.096118 0.193842
v 0.189662 0.093861 0.222151
v 0.196182 0.100787 0.224900
v 0.201670 0.109757 0.227584
v 0.208394 0.107504 0.213818
v 0.183592 0.095642 0.232293
v 0.189520 0.102920 0.235485
v 0.194833 0.111840 0.238042
v 0.199055 0.121531 0.240094
v 0.205449 0.119625 0.229727
v 0.201629 0.130889 0.241306
v 0.198050 0.139909 0.248549
v 0.184689 0.093316 0.142595
v 0.184138 0.095718 0.115007
v 0.172275 0.108307 0.118459
v 0.174063 0.102381 0.145020
v 0.163811 0.121123 0.123858
v 0.167665 0.115860 0.089891
v 0.157341 0.130586 0.098162
v 0.151686 0.144773 0.107391
v 0.159862 0.134957 0.129423
v 0.151523 0.159897 0.115398
v 0.161883 0.149003 0.133734
v 0.138642 0.155921 0.086626
v 0.135341 0.170021 0.099826
v 0.121360 0.167824 0.068245
v 0.115265 0.179635 0.087075
v 0.100215 0.180532 0.053860
v 0.092829 0.188202 0.077590
v 0.077230 0.192094 0.043665
v 0.069948 0.196062 0.069874
v 0.053723 0.202552 0.036250
v 0.047208 0.203701 0.064128
v 0.041687 0.205337 0.091272
v 0.024586 0.211721 0.059851
v 0.021088 0.211659 0.088456
v 0.018112 0.210499 0.115710
v 0.036160 0.205665 0.118237
v 0.001780 0.217775 0.115332
v 0.001446 0.214401 0.140678
v -0.009435 0.223017 0.142422
v -0.008238 0.218091 0.165004
v -0.011960 0.226912 0.117676
v -0.021474 0.237641 0.123292
v -0.016632 0.232790 0.146177
v -0.019450 0.243260 0.150783
v -0.015857 0.236353 0.171868
v -0.013963 0.227132 0.168141
v -0.013949 0.229370 0.192195
v -0.012447 0.221002 0.188668
v -0.007647 0.212781 0.185541
v -0.011487 0.214971 0.207641
v -0.006910 0.207067 0.204350
v -0.010859 0.209195 0.224684
v -0.006790 0.202078 0.221644
v 0.000083 0.194720 0.219396
v -0.006802 0.197894 0.236369
v -0.001188 0.191753 0.234460
v 0.006535 0.185450 0.234422
v -0.010232 0.204393 0.239172
v -0.009297 0.200331 0.250656
v -0.010349 0.205686 0.253596
v -0.008871 0.201958 0.261722
v -0.007633 0.197548 0.258812
v -0.011411 0.210337 0.242280
v -0.010256 0.215542 0.245116
v -0.012136 0.216132 0.227941
v -0.010722 0.221877 0.230968
v -0.006802 0.226080 0.233402
v -0.007029 0.218974 0.247369
v -0.012871 0.222453 0.211048
v -0.011119 0.229109 0.214231
v -0.006467 0.233860 0.216768
v 0.000570 0.236145 0.218475
v -0.000901 0.227789 0.234980
v -0.011862 0.236814 0.195466
v 0.006347 0.226810 0.235617
v 0.004108 0.219416 0.249189
v -0.002026 0.220518 0.248760
v 0.009145 0.235095 0.219273
v 0.002324 0.213225 0.259550
v 0.007993 0.209839 0.258746
v 0.010872 0.215856 0.248616
v 0.014009 0.204556 0.256846
v 0.020116 0.197379 0.254247
v 0.015760 0.194124 0.259977
v 0.010348 0.200163 0.263385
v 0.011350 0.191406 0.263031
v 0.006582 0.197220 0.266852
v 0.006643 0.190216 0.263583
v 0.002541 0.195315 0.267930
v 0.001836 0.190030 0.262545
v -0.001464 0.194959 0.266859
v -0.003961 0.199417 0.269341
v -0.005020 0.195497 0.264018
v -0.006720 0.199913 0.266664
v 0.005841 0.185759 0.256226
v 0.011655 0.184623 0.257638
v 0.016732 0.185501 0.257787
v 0.021377 0.187156 0.255929
v 0.025981 0.189580 0.251040
v 0.029868 0.211791 0.030797
v 0.036559 0.213798 0.001929
v 0.011534 0.221936 -0.003426
v 0.061237 0.203312 0.007834
v 0.069475 0.207531 -0.021270
v 0.043919 0.218964 -0.025981
v 0.085924 0.190496 0.015521
v 0.110163 0.174859 0.027348
v 0.051601 0.227973 -0.052291
v 0.025757 0.236976 -0.055578
v 0.018482 0.227469 -0.030839
v 0.077450 0.216186 -0.049887
v 0.084468 0.228912 -0.075504
v 0.059337 0.240834 -0.075488
v 0.068114 0.256621 -0.094384
v 0.041435 0.267907 -0.093894
v 0.033337 0.250370 -0.076921
v 0.092169 0.243665 -0.096310
v 0.102277 0.258545 -0.111670
v 0.113959 0.230902 -0.099529
v 0.121146 0.244305 -0.115616
v 0.131647 0.254694 -0.125882
v 0.116185 0.272087 -0.121820
v 0.133482 0.220807 -0.104741
v 0.150058 0.215582 -0.112395
v 0.170565 0.201948 -0.107110
v 0.163505 0.215834 -0.120201
v 0.183483 0.208880 -0.116257
v 0.180887 0.184972 -0.092357
v 0.195825 0.194018 -0.104877
v 0.208234 0.207900 -0.112243
v 0.193185 0.220275 -0.121640
v 0.199495 0.236865 -0.123268
v 0.210253 0.176402 -0.094344
v 0.194641 0.164896 -0.079416
v 0.209236 0.143257 -0.070039
v 0.194556 0.133350 -0.047513
v 0.208788 0.109715 -0.041811
v 0.198546 0.101187 -0.014219
v 0.210688 0.077532 -0.012636
v 0.193078 0.093908 0.017281
v 0.206068 0.071455 0.016965
v 0.192968 0.087951 0.049760
v 0.206257 0.067617 0.047884
v 0.181113 0.100418 0.084763
v 0.134864 0.281140 -0.126916
v 0.012883 0.274479 -0.095278
v 0.006544 0.256707 -0.080093
v -0.000317 0.242793 -0.060352
v -0.020017 0.259663 -0.085349
v -0.026693 0.245700 -0.066961
v -0.033808 0.235082 -0.044307
v -0.007379 0.232984 -0.036659
v -0.039894 0.228981 -0.017970
v -0.013942 0.227297 -0.009764
v -0.070514 0.224418 0.000684
v -0.094499 0.216209 -0.006224
v -0.097748 0.218468 0.019391
v -0.075903 0.227582 0.026495
v -0.117034 0.203380 -0.009575
v -0.117883 0.204755 0.015721
v -0.121779 0.210113 0.039149
v -0.136076 0.187388 0.014559
v -0.138166 0.191279 0.039182
v -0.143496 0.198286 0.061880
v -0.152492 0.169449 0.041193
v -0.152245 0.166792 0.014674
v -0.166736 0.143705 0.014865
v -0.165058 0.145095 0.043841
v -0.179922 0.118310 0.014148
v -0.176398 0.119413 0.045212
v -0.187360 0.092811 0.046366
v -0.184408 0.097370 0.079023
v -0.191214 0.082707 0.113186
v -0.182485 0.100977 0.109617
v -0.187808 0.087915 0.139539
v -0.180700 0.102037 0.137001
v -0.184405 0.091285 0.161725
v -0.178941 0.101517 0.160315
v -0.175872 0.114240 0.160856
v -0.176154 0.127455 0.163310
v -0.175461 0.110087 0.180205
v -0.175760 0.120133 0.182605
v -0.179228 0.128824 0.185761
v -0.180315 0.138930 0.167768
v -0.175861 0.107212 0.194839
v -0.178275 0.105373 0.205184
v -0.185312 0.098835 0.207908
v -0.182485 0.105378 0.212565
v -0.191395 0.100469 0.213028
v -0.188281 0.106361 0.217526
v -0.187248 0.113165 0.217984
v -0.195682 0.121598 0.215965
v -0.188279 0.120482 0.213968
v -0.199339 0.130093 0.207247
v -0.190618 0.129084 0.205428
v -0.204633 0.140414 0.194480
v -0.194443 0.139246 0.192348
v -0.185531 0.135406 0.189336
v -0.198985 0.152073 0.175804
v -0.188269 0.147201 0.172257
v -0.203623 0.168089 0.156886
v -0.190328 0.162468 0.152799
v -0.206649 0.188265 0.137478
v -0.190661 0.181714 0.132951
v -0.219377 0.168981 0.158807
v -0.226349 0.189518 0.138344
v -0.211658 0.152930 0.177933
v -0.224478 0.149692 0.179078
v -0.235421 0.141980 0.179893
v -0.215012 0.138422 0.195420
v -0.208051 0.129404 0.207803
v -0.203591 0.121303 0.215802
v -0.241076 0.130930 0.181744
v -0.241666 0.118413 0.183448
v -0.258305 0.118415 0.166892
v -0.253660 0.102516 0.167822
v -0.272196 0.097225 0.151649
v -0.278782 0.116573 0.150039
v -0.238060 0.106238 0.184025
v -0.231383 0.095105 0.182808
v -0.245342 0.088697 0.166216
v -0.225494 0.108687 0.198352
v -0.219727 0.100088 0.197701
v -0.212207 0.093010 0.195324
v -0.222224 0.086694 0.179826
v -0.215405 0.111034 0.209526
v -0.210471 0.103885 0.209485
v -0.203925 0.098460 0.207758
v -0.196706 0.094592 0.204264
v -0.203521 0.088795 0.191592
v -0.195009 0.087274 0.186948
v -0.201354 0.080985 0.170298
v -0.211823 0.081674 0.175455
v -0.189494 0.093074 0.199594
v -0.208320 0.072477 0.150477
v -0.220999 0.072532 0.156855
v -0.234120 0.077813 0.162346
v -0.214994 0.060778 0.128395
v -0.202007 0.068540 0.119546
v -0.197064 0.077890 0.144167
v -0.192063 0.084117 0.165365
v -0.293484 0.089934 0.137700
v -0.301919 0.111394 0.135755
v -0.325061 0.104103 0.125621
v -0.333725 0.124692 0.119084
v -0.316468 0.082951 0.127260
v -0.338866 0.077578 0.119990
v -0.346098 0.096886 0.118912
v -0.363735 0.091255 0.114999
v -0.370545 0.104701 0.111315
v -0.354475 0.114164 0.113929
v -0.358800 0.075181 0.114796
v -0.379302 0.115644 0.104185
v -0.364623 0.129551 0.104416
v -0.389569 0.123662 0.093484
v -0.377013 0.142163 0.090866
v -0.390786 0.149546 0.074571
v -0.400213 0.128074 0.080144
v -0.409233 0.128446 0.064430
v -0.402717 0.152149 0.056871
v -0.397059 0.108064 0.096404
v -0.405523 0.109598 0.085213
v -0.412391 0.107760 0.071922
v -0.416254 0.101028 0.055900
v -0.415036 0.125025 0.046528
v -0.414210 0.147567 0.017883
v -0.410870 0.150945 0.037879
v -0.409053 0.174532 0.009787
v -0.403763 0.177727 0.028955
v -0.393044 0.178283 0.048527
v -0.394155 0.205399 0.018574
v -0.381164 0.206816 0.038539
v -0.382862 0.233772 0.006590
v -0.369388 0.237123 0.025799
v -0.370555 0.262026 -0.006358
v -0.357427 0.266787 0.011760
v -0.337516 0.269881 0.030004
v -0.345181 0.294360 -0.002685
v -0.326166 0.298739 0.014013
v -0.332756 0.318277 -0.016992
v -0.314512 0.323499 -0.002064
v -0.320728 0.337514 -0.030838
v -0.302834 0.342846 -0.018163
v -0.291784 0.355959 -0.034226
v -0.267772 0.361958 -0.023958
v -0.282364 0.361714 -0.050008
v -0.256926 0.367620 -0.043051
v -0.226078 0.375661 -0.034846
v -0.248298 0.364784 -0.061964
v -0.214943 0.371707 -0.057716
v -0.242881 0.354280 -0.079228
v -0.275517 0.360142 -0.065341
v -0.271524 0.351634 -0.079062
v -0.270959 0.337527 -0.089575
v -0.242218 0.336986 -0.092664
v -0.273974 0.317718 -0.095594
v -0.244234 0.314737 -0.101007
v -0.211134 0.313916 -0.106374
v -0.178145 0.313306 -0.112152
v -0.180129 0.289885 -0.116867
v -0.152378 0.290378 -0.122438
v -0.148803 0.310097 -0.118731
v -0.177175 0.267674 -0.116182
v -0.150903 0.271966 -0.121650
v -0.129642 0.289132 -0.126705
v -0.168123 0.248213 -0.110781
v -0.144364 0.256616 -0.116330
v -0.155316 0.233055 -0.100179
v -0.132861 0.244432 -0.106345
v -0.140569 0.221404 -0.084123
v -0.116986 0.235649 -0.090509
v -0.099898 0.248813 -0.101769
v -0.088945 0.261536 -0.111659
v -0.069147 0.260323 -0.101766
v -0.063945 0.275515 -0.111807
v -0.083337 0.274370 -0.119101
v -0.045619 0.260494 -0.092638
v -0.040966 0.276768 -0.104717
v -0.040124 0.295317 -0.111901
v -0.063246 0.291337 -0.117771
v -0.015091 0.277100 -0.098947
v -0.012845 0.297683 -0.107329
v -0.014912 0.321716 -0.109749
v -0.044169 0.315341 -0.114003
v -0.054476 0.336365 -0.110669
v -0.078755 0.323884 -0.117016
v -0.067720 0.307853 -0.119491
v -0.096872 0.339318 -0.110078
v -0.114390 0.321951 -0.118249
v -0.071524 0.356409 -0.102026
v -0.124926 0.305358 -0.124132
v -0.180025 0.218997 -0.095172
v -0.164557 0.205868 -0.079960
v -0.151124 0.196206 -0.059921
v -0.187099 0.187620 -0.077453
v -0.172691 0.177686 -0.058863
v -0.162076 0.170782 -0.036498
v -0.142192 0.189804 -0.036202
v -0.155399 0.167227 -0.011586
v -0.137288 0.186740 -0.010949
v -0.179777 0.149519 -0.037786
v -0.171557 0.144968 -0.012692
v -0.195530 0.126091 -0.040977
v -0.186377 0.120277 -0.015379
v -0.191554 0.156770 -0.059371
v -0.208131 0.134191 -0.061915
v -0.222372 0.110735 -0.066958
v -0.224468 0.143593 -0.077803
v -0.238726 0.119752 -0.081301
v -0.249776 0.096603 -0.086822
v -0.234748 0.088256 -0.074672
v -0.259247 0.128181 -0.090006
v -0.269517 0.102494 -0.094115
v -0.275960 0.078726 -0.099318
v -0.293414 0.106171 -0.095672
v -0.298191 0.078680 -0.101059
v -0.299462 0.054810 -0.106566
v -0.279566 0.057277 -0.103903
v -0.280932 0.037271 -0.106159
v -0.282504 0.016633 -0.106299
v -0.264613 0.020290 -0.096065
v -0.248226 0.026776 -0.081256
v -0.285512 -0.006391 -0.104810
v -0.265746 -0.003192 -0.093435
v -0.247751 0.002932 -0.076565
v -0.266390 -0.029694 -0.090925
v -0.246986 -0.023729 -0.073667
v -0.231038 -0.016730 -0.050753
v -0.219136 -0.010000 -0.022613
v -0.244027 -0.051586 -0.072298
v -0.227677 -0.045020 -0.050139
v -0.215662 -0.039442 -0.023148
v -0.208790 -0.035574 0.007172
v -0.221046 -0.072821 -0.051442
v -0.208401 -0.067705 -0.025439
v -0.200370 -0.064197 0.004520
v -0.197851 -0.061924 0.036482
v -0.207641 -0.033799 0.038862
v -0.197308 -0.095333 -0.029693
v -0.211322 -0.099899 -0.055288
v -0.198992 -0.125997 -0.062070
v -0.182999 -0.122527 -0.037498
v -0.185412 -0.150724 -0.072554
v -0.216834 -0.132330 -0.081140
v -0.203906 -0.156039 -0.089431
v -0.191312 -0.177454 -0.100162
v -0.172272 -0.173654 -0.085979
v -0.180337 -0.196257 -0.112023
v -0.162290 -0.193996 -0.101290
v -0.171942 -0.212420 -0.123326
v -0.155320 -0.211863 -0.115517
v -0.135582 -0.215055 -0.106389
v -0.112571 -0.221699 -0.097547
v -0.133153 -0.232220 -0.120614
v -0.112139 -0.239442 -0.113896
v -0.088340 -0.248586 -0.108183
v -0.087186 -0.230903 -0.091728
v -0.133412 -0.248037 -0.130805
v -0.113986 -0.256481 -0.125429
v -0.091471 -0.267011 -0.119867
v -0.065275 -0.277693 -0.114850
v -0.062524 -0.257709 -0.104093
v -0.035216 -0.265105 -0.101890
v -0.033689 -0.247760 -0.087689
v -0.060573 -0.240182 -0.088457
v -0.036349 -0.285314 -0.111422
v -0.006938 -0.289580 -0.110171
v -0.007841 -0.269873 -0.102098
v -0.003974 -0.312192 -0.112995
v 0.027085 -0.311427 -0.113297
v 0.021193 -0.290656 -0.111543
v 0.002014 -0.338074 -0.109490
v 0.037165 -0.334172 -0.109314
v 0.068182 -0.327210 -0.112261
v 0.054911 -0.307782 -0.116274
v 0.078648 -0.302486 -0.120781
v 0.070312 -0.286897 -0.119914
v 0.047257 -0.289492 -0.114981
v 0.093883 -0.318161 -0.117536
v 0.067117 -0.271804 -0.114995
v 0.043959 -0.272542 -0.109182
v 0.018888 -0.272233 -0.104531
v 0.044530 -0.257348 -0.098928
v 0.019326 -0.256104 -0.093056
v -0.006799 -0.253130 -0.089123
v 0.022376 -0.242586 -0.077093
v -0.004294 -0.239228 -0.072008
v -0.031223 -0.233462 -0.068993
v -0.000250 -0.228627 -0.050835
v -0.027865 -0.222440 -0.046696
v -0.055935 -0.213083 -0.043930
v -0.058780 -0.224999 -0.068335
v -0.023256 -0.215454 -0.021388
v -0.051186 -0.205902 -0.017065
v -0.018503 -0.212354 0.005429
v -0.045637 -0.203234 0.010551
v -0.072776 -0.191347 0.016781
v -0.040625 -0.203894 0.037688
v -0.066721 -0.193762 0.043794
v -0.092375 -0.182098 0.052260
v -0.099247 -0.176604 0.026159
v -0.116200 -0.169045 0.064519
v -0.087733 -0.189908 0.075832
v -0.112831 -0.180294 0.084614
v -0.134928 -0.169632 0.097239
v -0.136634 -0.155553 0.081049
v -0.151967 -0.158611 0.113741
v -0.151540 -0.143779 0.102066
v -0.162092 -0.148193 0.133273
v -0.160310 -0.134251 0.125147
v -0.165099 -0.118780 0.116399
v -0.175990 -0.101656 0.107609
v -0.165884 -0.140074 0.154138
v -0.174145 -0.150313 0.159165
v -0.173365 -0.143721 0.178179
v -0.164836 -0.134906 0.174852
v -0.170467 -0.140157 0.195318
v -0.167441 -0.138408 0.210710
v -0.177259 -0.141477 0.224632
v -0.166424 -0.137267 0.223903
v -0.177542 -0.139986 0.235592
v -0.166966 -0.135773 0.235033
v -0.154529 -0.131246 0.233934
v -0.139672 -0.128384 0.233100
v -0.123538 -0.128928 0.232302
v -0.107035 -0.133667 0.231549
v -0.105152 -0.134728 0.226397
v -0.091523 -0.141964 0.230368
v -0.090159 -0.143232 0.225899
v -0.088153 -0.143006 0.221857
v -0.102878 -0.134023 0.221890
v -0.085417 -0.141855 0.219855
v -0.099823 -0.131974 0.219623
v -0.082235 -0.140495 0.220314
v -0.096663 -0.129907 0.220343
v -0.111931 -0.121129 0.217730
v -0.093972 -0.128607 0.223242
v -0.109248 -0.118941 0.221715
v -0.124680 -0.110759 0.218303
v -0.127441 -0.113986 0.212405
v -0.139653 -0.103785 0.213560
v -0.123286 -0.109640 0.225209
v -0.138305 -0.102375 0.222733
v -0.152268 -0.096619 0.220168
v -0.154245 -0.097833 0.207966
v -0.165296 -0.092768 0.217784
v -0.168069 -0.092883 0.203849
v -0.176865 -0.091379 0.216638
v -0.181392 -0.090273 0.201332
v -0.186351 -0.088974 0.182374
v -0.193583 -0.090893 0.200734
v -0.200817 -0.087373 0.181109
v -0.204338 -0.095447 0.201324
v -0.213587 -0.090959 0.182155
v -0.212388 -0.103437 0.202447
v -0.223536 -0.099372 0.183471
v -0.237174 -0.092418 0.162862
v -0.254161 -0.080515 0.142668
v -0.229115 -0.111361 0.184325
v -0.217213 -0.113886 0.203421
v -0.217655 -0.125132 0.204379
v -0.229325 -0.125095 0.185092
v -0.213890 -0.135211 0.205465
v -0.222772 -0.137479 0.186639
v -0.208813 -0.125495 0.220767
v -0.206628 -0.134244 0.221689
v -0.201868 -0.140612 0.222463
v -0.200739 -0.133982 0.234605
v -0.197653 -0.139671 0.235186
v -0.192804 -0.142567 0.235466
v -0.194710 -0.143834 0.223512
v -0.185869 -0.142510 0.235908
v -0.186764 -0.143901 0.224526
v -0.190955 -0.141591 0.244282
v -0.186018 -0.141202 0.244310
v -0.178772 -0.138284 0.244229
v -0.181658 -0.136515 0.249467
v -0.185416 -0.135108 0.251556
v -0.190287 -0.134452 0.249618
v -0.187478 -0.127820 0.249342
v -0.194333 -0.126851 0.243483
v -0.191299 -0.118411 0.242660
v -0.183579 -0.119978 0.248237
v -0.195165 -0.134068 0.244153
v -0.201099 -0.126057 0.234040
v -0.194240 -0.139181 0.244197
v -0.207462 -0.115584 0.219890
v -0.199248 -0.117024 0.232977
v -0.203231 -0.106081 0.218692
v -0.194856 -0.108075 0.231810
v -0.187061 -0.110019 0.241058
v -0.188880 -0.100511 0.230142
v -0.181423 -0.102660 0.239206
v -0.173506 -0.105243 0.244334
v -0.178839 -0.112083 0.246934
v -0.158370 -0.103716 0.242658
v -0.153829 -0.099816 0.237399
v -0.152080 -0.097409 0.229780
v -0.138552 -0.103072 0.231014
v -0.123673 -0.110581 0.231484
v -0.107788 -0.118381 0.226690
v -0.107573 -0.119528 0.231811
v -0.092120 -0.128640 0.227616
v -0.091444 -0.130072 0.231838
v -0.091806 -0.132606 0.234976
v -0.075343 -0.142283 0.232262
v -0.075726 -0.144730 0.235032
v -0.076640 -0.147686 0.235458
v -0.092536 -0.135939 0.235756
v -0.077294 -0.150770 0.233195
v -0.092324 -0.139389 0.234123
v -0.077354 -0.153311 0.229101
v -0.063568 -0.164181 0.232977
v -0.064655 -0.167008 0.227553
v -0.065019 -0.169007 0.221071
v -0.076718 -0.154748 0.224060
v -0.064326 -0.169505 0.215067
v -0.075216 -0.154951 0.219681
v -0.061968 -0.168183 0.211926
v -0.072607 -0.153962 0.217327
v -0.057650 -0.166640 0.212444
v -0.069057 -0.152896 0.217924
v -0.051976 -0.166278 0.217014
v -0.065015 -0.152602 0.221373
v -0.079128 -0.139891 0.223285
v -0.076655 -0.140481 0.227665
v -0.053333 -0.182413 0.226006
v -0.051086 -0.178817 0.233361
v -0.039690 -0.193527 0.234618
v -0.043070 -0.198486 0.224767
v -0.029136 -0.207195 0.236544
v -0.033030 -0.213546 0.224886
v -0.019010 -0.218623 0.238891
v -0.022788 -0.226198 0.225864
v -0.027435 -0.235431 0.209678
v -0.012204 -0.235437 0.227421
v -0.015889 -0.245555 0.210160
v -0.021129 -0.258533 0.189940
v -0.034090 -0.247117 0.190590
v -0.044116 -0.261918 0.169637
v -0.059795 -0.278686 0.148254
v -0.070661 -0.258918 0.151433
v -0.074634 -0.239687 0.152016
v -0.094416 -0.271306 0.133822
v -0.097914 -0.248497 0.135593
v -0.009348 -0.227360 0.241090
v -0.000254 -0.232819 0.243197
v -0.006706 -0.220511 0.251392
v 0.001189 -0.226063 0.253225
v 0.007983 -0.229012 0.254153
v 0.007496 -0.235445 0.244934
v 0.002563 -0.219963 0.260073
v 0.008292 -0.223205 0.260140
v 0.012736 -0.224601 0.258495
v 0.015482 -0.225198 0.253972
v 0.014251 -0.218693 0.248502
v 0.016992 -0.225247 0.246233
v 0.013901 -0.217994 0.237010
v 0.017457 -0.225801 0.234938
v 0.019013 -0.232906 0.232785
v 0.017397 -0.226675 0.220835
v 0.019491 -0.234830 0.219507
v 0.016919 -0.228714 0.203843
v 0.019785 -0.237608 0.203692
v 0.016886 -0.231507 0.184554
v 0.020489 -0.241770 0.185067
v 0.020337 -0.251218 0.186246
v 0.022915 -0.246555 0.164685
v 0.023280 -0.258457 0.166173
v 0.018469 -0.269437 0.167317
v 0.029952 -0.266018 0.145667
v 0.025531 -0.281287 0.146580
v 0.041354 -0.272737 0.125874
v 0.039708 -0.292476 0.127983
v 0.027750 -0.251425 0.143244
v 0.036464 -0.254983 0.121661
v 0.020496 -0.238081 0.140795
v 0.025576 -0.239938 0.117037
v 0.008703 -0.226776 0.139294
v 0.010225 -0.227812 0.114685
v -0.006093 -0.217647 0.139231
v -0.008225 -0.218478 0.114284
v -0.009351 -0.217354 0.088366
v -0.028731 -0.211875 0.115622
v -0.032804 -0.209772 0.090245
v -0.036266 -0.206600 0.064385
v -0.010823 -0.214971 0.061134
v -0.013959 -0.212625 0.033264
v 0.009300 -0.218689 0.000581
v 0.037751 -0.221409 -0.005335
v 0.004433 -0.221608 -0.026526
v 0.032972 -0.224322 -0.032958
v 0.027138 -0.231747 -0.057147
v 0.048230 -0.243874 -0.084640
v 0.072945 -0.244319 -0.094078
v 0.067903 -0.257520 -0.106480
v 0.089162 -0.257725 -0.114253
v 0.094439 -0.245376 -0.104903
v 0.087853 -0.270772 -0.121074
v 0.107054 -0.270299 -0.125681
v 0.126411 -0.270437 -0.127837
v 0.149122 -0.286051 -0.127782
v 0.148656 -0.269880 -0.126853
v 0.177447 -0.287533 -0.124206
v 0.175590 -0.267718 -0.123469
v 0.167996 -0.250042 -0.118955
v 0.180467 -0.224482 -0.104862
v 0.156382 -0.236139 -0.110824
v 0.163455 -0.212499 -0.091660
v 0.141191 -0.226332 -0.098357
v 0.206481 -0.208543 -0.099135
v 0.187011 -0.195572 -0.086339
v 0.169721 -0.186482 -0.068483
v 0.209471 -0.175078 -0.082813
v 0.191262 -0.165940 -0.065996
v 0.177120 -0.159443 -0.044255
v 0.155813 -0.180704 -0.045599
v 0.167528 -0.156014 -0.018309
v 0.147386 -0.177713 -0.019200
v 0.162475 -0.155877 0.010024
v 0.144144 -0.178345 0.008658
v 0.122997 -0.197219 0.008305
v 0.145498 -0.182256 0.035880
v 0.126756 -0.202423 0.034978
v 0.104716 -0.218541 0.037517
v 0.098851 -0.211998 0.010671
v 0.079252 -0.229578 0.045242
v 0.071679 -0.221125 0.016810
v 0.115428 -0.229969 0.059802
v 0.092572 -0.244474 0.066652
v 0.134858 -0.211094 0.058175
v 0.147373 -0.222350 0.076866
v 0.151355 -0.189193 0.061125
v 0.161264 -0.198041 0.082380
v 0.175378 -0.207939 0.097613
v 0.163926 -0.234145 0.089552
v 0.193378 -0.215746 0.106432
v 0.184791 -0.243544 0.095916
v 0.215254 -0.220193 0.109742
v 0.208465 -0.249870 0.096351
v 0.235409 -0.252792 0.091743
v 0.265560 -0.251607 0.083301
v 0.297007 -0.249352 0.071606
v 0.287652 -0.282358 0.053997
v 0.326922 -0.246704 0.058023
v 0.316900 -0.278804 0.040680
v 0.305694 -0.307446 0.022618
v 0.276674 -0.312432 0.035598
v 0.293763 -0.331323 0.003580
v 0.265205 -0.337557 0.015544
v 0.252653 -0.355991 -0.005820
v 0.221712 -0.365053 0.004899
v 0.281306 -0.349364 -0.016193
v 0.268862 -0.360277 -0.036252
v 0.239207 -0.366983 -0.028073
v 0.318653 -0.325988 -0.008535
v 0.306182 -0.343669 -0.026446
v 0.294419 -0.355133 -0.044080
v 0.284369 -0.359330 -0.060837
v 0.257461 -0.363850 -0.056081
v 0.326124 -0.338300 -0.036860
v 0.338821 -0.320390 -0.020930
v 0.353482 -0.314137 -0.033738
v 0.340050 -0.332114 -0.047555
v 0.362116 -0.306373 -0.046689
v 0.347652 -0.325020 -0.059058
v 0.364840 -0.297137 -0.059491
v 0.349443 -0.316032 -0.070510
v 0.333920 -0.330892 -0.079397
v 0.317364 -0.340462 -0.085321
v 0.345779 -0.305779 -0.081327
v 0.361449 -0.285876 -0.071136
v 0.351876 -0.273021 -0.081396
v 0.335780 -0.294191 -0.090460
v 0.335358 -0.258060 -0.089643
v 0.318180 -0.282225 -0.098250
v 0.280182 -0.295512 -0.108678
v 0.273892 -0.317051 -0.107534
v 0.246791 -0.288364 -0.113845
v 0.243064 -0.313281 -0.111805
v 0.241035 -0.333025 -0.104081
v 0.271775 -0.334595 -0.101308
v 0.210579 -0.287896 -0.119505
v 0.208685 -0.310578 -0.116063
v 0.174812 -0.307528 -0.120547
v 0.145319 -0.302382 -0.124978
v 0.272797 -0.347894 -0.090477
v 0.297729 -0.345758 -0.088811
v 0.242097 -0.348998 -0.091456
v 0.248066 -0.359637 -0.074799
v 0.277195 -0.356763 -0.076624
v 0.225770 -0.369376 -0.050558
v 0.190861 -0.377937 -0.044303
v 0.206720 -0.376212 -0.019237
v 0.368743 -0.249932 -0.069925
v 0.354652 -0.233237 -0.078622
v 0.384944 -0.227425 -0.057400
v 0.373873 -0.209418 -0.065385
v 0.377116 -0.263723 -0.059360
v 0.391358 -0.240525 -0.046594
v 0.379527 -0.274857 -0.046764
v 0.392807 -0.250842 -0.033562
v 0.403543 -0.225794 -0.020586
v 0.388708 -0.259078 -0.018872
v 0.399251 -0.232421 -0.005045
v 0.407132 -0.204662 0.007975
v 0.410913 -0.200193 -0.009045
v 0.412127 -0.176112 0.019822
v 0.414486 -0.172780 0.000841
v 0.398001 -0.208745 0.025103
v 0.404516 -0.179651 0.037890
v 0.408895 -0.151885 0.049431
v 0.391488 -0.181248 0.054991
v 0.398807 -0.154039 0.065653
v 0.403367 -0.130838 0.074518
v 0.410794 -0.127246 0.060437
v 0.393272 -0.130686 0.086997
v 0.396640 -0.113638 0.091821
v 0.395276 -0.099689 0.095093
v 0.389299 -0.086399 0.096210
v 0.383280 -0.211422 0.041972
v 0.373970 -0.241908 0.027297
v 0.353007 -0.244669 0.043015
v 0.389449 -0.237826 0.011193
v 0.378892 -0.265821 -0.003638
v 0.363370 -0.271069 0.011642
v 0.351498 -0.297686 -0.004606
v 0.330930 -0.302717 0.009242
v 0.342463 -0.275248 0.026487
v 0.366690 -0.291561 -0.018779
v 0.376098 -0.284147 -0.033084
v 0.198411 -0.190133 0.121237
v 0.217301 -0.193097 0.126333
v 0.199942 -0.167743 0.139521
v 0.215007 -0.170763 0.145424
v 0.199204 -0.150276 0.160165
v 0.210688 -0.153206 0.164915
v 0.223276 -0.150955 0.168154
v 0.206202 -0.139907 0.183227
v 0.215362 -0.138599 0.185602
v 0.223368 -0.133029 0.187805
v 0.234740 -0.143215 0.170303
v 0.228799 -0.124043 0.189242
v 0.242444 -0.131038 0.172677
v 0.231219 -0.113630 0.189890
v 0.245740 -0.117222 0.173676
v 0.263661 -0.120872 0.156828
v 0.285216 -0.123156 0.140521
v 0.245052 -0.103868 0.173108
v 0.262903 -0.103798 0.156668
v 0.283958 -0.102788 0.141617
v 0.307437 -0.100326 0.128985
v 0.309892 -0.122301 0.127204
v 0.258196 -0.088642 0.153868
v 0.279093 -0.083998 0.138623
v 0.303061 -0.079654 0.126641
v 0.331237 -0.097508 0.119596
v 0.352697 -0.095246 0.113059
v 0.355436 -0.112447 0.111985
v 0.334433 -0.118266 0.117414
v 0.240779 -0.091818 0.170296
v 0.233293 -0.082492 0.165785
v 0.226525 -0.093916 0.186596
v 0.220190 -0.086782 0.182725
v 0.212037 -0.083096 0.178156
v 0.223324 -0.077009 0.159660
v 0.203467 -0.083434 0.173345
v 0.211757 -0.077850 0.153550
v 0.195568 -0.088210 0.169701
v 0.201238 -0.084370 0.148046
v 0.207351 -0.077155 0.122692
v 0.192701 -0.096224 0.144662
v 0.196049 -0.093084 0.116844
v 0.189643 -0.096626 0.167916
v 0.186179 -0.107879 0.168347
v 0.185261 -0.104071 0.187808
v 0.185859 -0.112954 0.190436
v 0.186204 -0.119845 0.170648
v 0.189464 -0.120818 0.193455
v 0.190163 -0.130035 0.175268
v 0.195387 -0.126737 0.196399
v 0.197253 -0.136871 0.179632
v 0.189198 -0.113772 0.207522
v 0.194396 -0.118854 0.208903
v 0.194769 -0.112534 0.217381
v 0.196084 -0.107006 0.221546
v 0.202146 -0.110565 0.219305
v 0.209309 -0.114108 0.213216
v 0.218008 -0.118510 0.203257
v 0.219573 -0.110316 0.203567
v 0.218723 -0.102308 0.202875
v 0.230402 -0.103107 0.188863
v 0.215286 -0.095167 0.200767
v 0.202023 -0.092476 0.209318
v 0.209775 -0.089886 0.197745
v 0.196637 -0.090254 0.205638
v 0.203311 -0.086915 0.193636
v 0.196529 -0.095599 0.217322
v 0.192074 -0.093792 0.213495
v 0.185969 -0.107533 0.205011
v 0.185156 -0.100938 0.202392
v 0.161767 -0.159055 0.039196
v 0.178770 -0.130459 0.011406
v 0.176116 -0.133051 0.043197
v 0.189371 -0.105316 0.046489
v 0.185437 -0.130890 -0.018858
v 0.195831 -0.135695 -0.045032
v 0.210562 -0.142833 -0.066094
v 0.227266 -0.118247 -0.069212
v 0.246474 -0.126697 -0.082795
v 0.259745 -0.101649 -0.087349
v 0.241802 -0.093559 -0.076066
v 0.229421 -0.151811 -0.081351
v 0.252646 -0.162386 -0.090684
v 0.270288 -0.135012 -0.089723
v 0.230949 -0.187348 -0.094052
v 0.279574 -0.175204 -0.093645
v 0.282880 -0.106983 -0.092436
v 0.316633 -0.079232 -0.095591
v 0.290993 -0.081017 -0.097836
v 0.270027 -0.078486 -0.094375
v 0.295954 -0.058094 -0.104319
v 0.253724 -0.072010 -0.086149
v 0.319011 -0.052844 -0.102488
v 0.317733 -0.031569 -0.109502
v 0.297442 -0.038885 -0.109945
v -0.061953 -0.198378 0.069116
v 0.008753 -0.224314 0.162724
v -0.003619 -0.215302 0.163103
v 0.009593 -0.221607 0.184643
v -0.000653 -0.212233 0.185788
v 0.011195 -0.219300 0.204711
v 0.002612 -0.210287 0.206195
v 0.012696 -0.218255 0.222198
v 0.005805 -0.209637 0.224047
v -0.003185 -0.201487 0.226285
v 0.008300 -0.210617 0.238805
v 0.001151 -0.203410 0.240798
v -0.007331 -0.197055 0.242633
v -0.013603 -0.193026 0.229363
v 0.004390 -0.206690 0.251942
v -0.002163 -0.201777 0.253166
v -0.009136 -0.198486 0.253516
v -0.015588 -0.196959 0.252884
v -0.011920 -0.207829 0.255011
v -0.020906 -0.198474 0.250266
v -0.015567 -0.212577 0.248485
v -0.025222 -0.201972 0.245034
v -0.036056 -0.189458 0.241262
v -0.048252 -0.175429 0.238067
v -0.061951 -0.161129 0.236088
v -0.004275 -0.215144 0.258217
v 0.010072 -0.212154 0.250487
v 0.017708 -0.235004 0.163284
v -0.196150 -0.098261 0.217573
v -0.187323 -0.093232 0.216566
v -0.273792 -0.061247 0.126150
v -0.293288 -0.035742 0.115381
v -0.271069 -0.024622 0.115965
v -0.250058 -0.016927 0.109500
v -0.232598 -0.011578 0.094430
v -0.212655 -0.034632 0.068092
v -0.201092 -0.060676 0.068088
v -0.195748 -0.203007 -0.119714
v -0.184945 -0.217201 -0.128932
v -0.208453 -0.214590 -0.123883
v -0.194703 -0.227046 -0.131916
v -0.218716 -0.231187 -0.124143
v -0.201039 -0.242166 -0.132029
v -0.226085 -0.252708 -0.120319
v -0.204898 -0.262508 -0.128909
v -0.229959 -0.278716 -0.112075
v -0.205453 -0.287172 -0.122703
v -0.183078 -0.291554 -0.130932
v -0.162004 -0.292658 -0.136027
v -0.177751 -0.317822 -0.124037
v -0.154173 -0.317172 -0.129887
v -0.130858 -0.313055 -0.131826
v -0.169784 -0.345914 -0.115974
v -0.144310 -0.344263 -0.122346
v -0.115974 -0.339798 -0.123705
v -0.135630 -0.372020 -0.113953
v -0.106295 -0.370067 -0.114466
v -0.129398 -0.397331 -0.104954
v -0.100796 -0.397719 -0.103776
v -0.066555 -0.398209 -0.098884
v -0.099250 -0.420954 -0.091906
v -0.067284 -0.423495 -0.085684
v -0.100619 -0.438716 -0.078498
v -0.070981 -0.442702 -0.071603
v -0.038710 -0.446331 -0.061689
v -0.006197 -0.450003 -0.049204
v -0.075929 -0.455375 -0.056357
v -0.046110 -0.459218 -0.046593
v -0.016108 -0.462255 -0.034927
v 0.011618 -0.464127 -0.022310
v 0.022812 -0.454011 -0.034567
v -0.052988 -0.465211 -0.030394
v -0.024326 -0.467800 -0.019555
v 0.002986 -0.468636 -0.008027
v 0.027788 -0.466809 0.003309
v -0.031206 -0.467109 -0.003146
v -0.004416 -0.467657 0.007169
v 0.020381 -0.465369 0.017704
v 0.043217 -0.459495 0.028130
v 0.050423 -0.461727 0.014090
v -0.010498 -0.461805 0.022640
v 0.013166 -0.459710 0.031642
v 0.034970 -0.453481 0.041593
v 0.056255 -0.443724 0.051874
v 0.065082 -0.450488 0.038615
v 0.086054 -0.439205 0.048860
v 0.093658 -0.440777 0.033971
v 0.072027 -0.452741 0.023874
v 0.077408 -0.432624 0.062031
v 0.097057 -0.422557 0.070609
v 0.105146 -0.427482 0.059053
v 0.130319 -0.412952 0.057614
v 0.114112 -0.426884 0.044981
v 0.143586 -0.405064 0.043906
v 0.140104 -0.399139 0.069688
v 0.154729 -0.388805 0.060106
v 0.142888 -0.386022 0.080472
v 0.157402 -0.372893 0.074108
v 0.139939 -0.373892 0.088887
v 0.151993 -0.359728 0.084931
v -0.036824 -0.460512 0.013618
v -0.040271 -0.448693 0.030748
v -0.065039 -0.457121 0.004397
v -0.069293 -0.443512 0.022980
v -0.070807 -0.423997 0.043022
v -0.040121 -0.432151 0.047996
v -0.034186 -0.411438 0.066126
v -0.021863 -0.387128 0.084864
v -0.099981 -0.437772 0.013526
v -0.093681 -0.452581 -0.005668
v -0.120341 -0.447793 -0.016466
v -0.129574 -0.432698 0.001314
v -0.153787 -0.428759 -0.013591
v -0.170746 -0.424214 -0.030131
v -0.188242 -0.405643 -0.017668
v -0.180180 -0.418226 -0.047650
v -0.199105 -0.399229 -0.039022
v -0.222161 -0.378221 -0.028407
v -0.210266 -0.385053 -0.004168
v -0.249475 -0.358730 -0.016172
v -0.237029 -0.366036 0.009071
v -0.249100 -0.351334 0.045086
v -0.234948 -0.345710 0.065842
v -0.273634 -0.339562 0.056701
v -0.260237 -0.336523 0.074256
v -0.251317 -0.328346 0.088836
v -0.225965 -0.333490 0.083665
v -0.291810 -0.330128 0.068285
v -0.279017 -0.329004 0.082620
v -0.270483 -0.324050 0.093910
v -0.266110 -0.315627 0.102421
v -0.246997 -0.316825 0.099564
v -0.223691 -0.300282 0.106278
v -0.222468 -0.317495 0.097342
v -0.192155 -0.317530 0.096689
v -0.228951 -0.283401 0.111725
v -0.303479 -0.321126 0.078589
v -0.319305 -0.317065 0.065175
v -0.323871 -0.305214 0.075719
v -0.308916 -0.311690 0.086929
v -0.308061 -0.301364 0.094209
v -0.301236 -0.291539 0.100275
v -0.338276 -0.310960 0.051322
v -0.342256 -0.297565 0.062567
v -0.358890 -0.304768 0.039173
v -0.362392 -0.291438 0.048881
v -0.377270 -0.300017 0.028989
v -0.380829 -0.287547 0.035852
v -0.384203 -0.268547 0.039399
v -0.399430 -0.268281 0.024556
v -0.405160 -0.244847 0.021953
v -0.388223 -0.242574 0.039713
v -0.412747 -0.216321 0.016245
v -0.414982 -0.248142 0.005896
v -0.423042 -0.222466 -0.001612
v -0.432458 -0.194461 -0.011275
v -0.422308 -0.185123 0.007498
v -0.442408 -0.166893 -0.022520
v -0.433940 -0.154864 -0.005080
v -0.451364 -0.141781 -0.034797
v -0.444483 -0.128327 -0.019265
v -0.433269 -0.109502 -0.003091
v -0.451984 -0.106826 -0.034241
v -0.442483 -0.087350 -0.021091
v -0.431163 -0.061941 -0.007778
v -0.419581 -0.084258 0.014035
v -0.420514 -0.030571 0.006116
v -0.435177 -0.046215 -0.029485
v -0.424286 -0.014493 -0.019225
v -0.432277 -0.037927 -0.051122
v -0.418807 -0.005657 -0.044824
v -0.423552 -0.037676 -0.070701
v -0.444733 -0.063608 -0.056554
v -0.438737 -0.063256 -0.072513
v -0.429049 -0.069942 -0.085424
v -0.411598 -0.045969 -0.086816
v -0.396654 -0.059823 -0.097650
v -0.375440 -0.033870 -0.100565
v -0.416651 -0.082492 -0.094701
v -0.401718 -0.100273 -0.099205
v -0.378944 -0.078264 -0.103456
v -0.443348 -0.089541 -0.083625
v -0.433432 -0.100803 -0.090676
v -0.421627 -0.117433 -0.093796
v -0.408014 -0.139301 -0.092676
v -0.385191 -0.123367 -0.099710
v -0.426681 -0.149910 -0.084115
v -0.414637 -0.174775 -0.078004
v -0.393525 -0.165811 -0.088310
v -0.440397 -0.155266 -0.073881
v -0.430522 -0.179015 -0.066398
v -0.419833 -0.205241 -0.056748
v -0.402275 -0.202412 -0.069283
v -0.449254 -0.155189 -0.062355
v -0.440570 -0.178955 -0.053193
v -0.430899 -0.204621 -0.043090
v -0.421366 -0.230537 -0.032293
v -0.409768 -0.231743 -0.045550
v -0.444645 -0.174797 -0.038681
v -0.435148 -0.201048 -0.027906
v -0.425877 -0.227270 -0.017761
v -0.417499 -0.251622 -0.008513
v -0.413011 -0.254332 -0.021472
v -0.406070 -0.274417 -0.011228
v -0.394934 -0.277065 -0.020145
v -0.401346 -0.256545 -0.033109
v -0.410477 -0.271861 -0.000671
v -0.408238 -0.269735 0.011254
v -0.376837 -0.280610 -0.028105
v -0.382683 -0.258153 -0.043799
v -0.390888 -0.231207 -0.057897
v -0.352367 -0.285580 -0.035688
v -0.322564 -0.293912 -0.044170
v -0.373196 -0.296518 -0.011583
v -0.371958 -0.305246 0.004440
v -0.374111 -0.305865 0.018406
v -0.290440 -0.306989 -0.054529
v -0.452932 -0.150640 -0.049064
v -0.458752 -0.129815 -0.058762
v -0.457636 -0.120767 -0.046528
v -0.368185 -0.151856 -0.096815
v -0.355066 -0.051721 -0.106377
v -0.337308 -0.022890 -0.109471
v -0.354921 -0.007169 -0.103876
v -0.446337 -0.071842 -0.039389
v -0.182893 -0.410637 -0.065674
v -0.165970 -0.426387 -0.069012
v -0.148498 -0.437263 -0.070580
v -0.128082 -0.444895 -0.068744
v -0.126414 -0.433960 -0.082509
v -0.126368 -0.418137 -0.094553
v -0.103738 -0.450716 -0.063978
v -0.107869 -0.456535 -0.048502
v -0.081495 -0.461356 -0.040297
v -0.113150 -0.455748 -0.032822
v -0.087383 -0.460469 -0.023330
v -0.059417 -0.464430 -0.013449
v -0.160363 -0.373328 -0.108938
v -0.249345 -0.238506 -0.111457
v -0.257178 -0.265232 -0.101615
v -0.237787 -0.216123 -0.116050
v -0.258058 -0.196889 -0.109100
v -0.240386 -0.178781 -0.108017
v -0.256679 -0.155432 -0.102740
v -0.278262 -0.173148 -0.104597
v -0.224003 -0.198493 -0.115432
v -0.208394 -0.185661 -0.110015
v -0.222293 -0.165273 -0.101349
v -0.236083 -0.141988 -0.094705
v -0.228497 -0.106688 -0.075611
v -0.248602 -0.116096 -0.090703
v -0.271318 -0.128503 -0.100026
v -0.258529 -0.088025 -0.089007
v -0.296368 -0.144587 -0.103393
v -0.237868 -0.079596 -0.072900
v -0.264855 -0.058697 -0.089358
v -0.323557 0.074367 -0.097164
v -0.321622 0.048225 -0.105018
v -0.284426 0.136117 -0.092356
v -0.269571 0.166177 -0.092362
v -0.245057 0.154307 -0.088180
v -0.226746 0.179182 -0.088687
v -0.207314 0.166695 -0.076590
v -0.204866 0.201504 -0.091157
v -0.305641 0.300440 -0.088941
v -0.323281 0.309112 -0.079478
v -0.335859 0.285555 -0.073586
v -0.317402 0.273965 -0.084757
v -0.350734 0.259000 -0.065255
v -0.333141 0.244372 -0.077567
v -0.366664 0.230862 -0.054929
v -0.360508 0.271196 -0.051180
v -0.375196 0.244612 -0.040165
v -0.389126 0.217921 -0.028364
v -0.382756 0.203857 -0.043156
v -0.376448 0.254712 -0.023808
v -0.389391 0.227590 -0.011658
v -0.400528 0.200711 -0.000103
v -0.362789 0.281138 -0.035769
v -0.357545 0.288618 -0.019413
v -0.349030 0.305042 -0.046732
v -0.344492 0.312415 -0.031986
v -0.335930 0.325325 -0.056145
v -0.331934 0.331725 -0.043407
v -0.333058 0.317525 -0.068398
v -0.346282 0.296196 -0.060815
v -0.399887 0.094473 0.098703
v -0.398339 0.081923 0.100059
v -0.392384 0.068304 0.099564
v 0.170224 0.134416 0.232922
v 0.180676 0.140526 0.233910
v 0.250072 -0.005290 -0.073630
v 0.266645 0.004295 -0.091261
v 0.267390 0.028779 -0.086694
v 0.284782 0.010695 -0.103790
v 0.282109 -0.009944 -0.106803
v 0.266113 -0.016733 -0.096019
v 0.251418 -0.027212 -0.080609
v 0.057441 0.442225 -0.064718
v 0.062276 0.454998 -0.048724
v 0.032547 0.459130 -0.040183
v 0.025299 0.446398 -0.056383
v 0.003398 0.461907 -0.030595
v -0.004790 0.451205 -0.046170
v -0.023655 0.462415 -0.020825
v -0.049084 0.458927 -0.011800
v -0.074326 0.450670 -0.003679
v 0.038044 0.464849 -0.023299
v 0.066708 0.461003 -0.031978
v 0.070408 0.460037 -0.014867
v 0.093751 0.455806 -0.039537
v 0.097151 0.454901 -0.023407
v 0.069753 0.146435 0.229803
v 0.088926 0.128381 0.232983
v 0.088894 0.127799 0.230834
v 0.089636 0.128990 0.233894
v 0.103848 0.121974 0.235503
v 0.104885 0.122728 0.234283
v 0.118431 0.119211 0.235689
v 0.118093 0.117269 0.237572
v 0.091379 0.129134 0.233227
v 0.132039 0.118390 0.237152
v 0.394887 -0.120923 -0.037499
v 0.399644 -0.152191 -0.035776
v 0.393485 -0.086069 -0.041844
v 0.407953 -0.039955 -0.022651
v 0.410313 -0.028368 0.004374
v 0.414269 0.006632 -0.004022
v 0.413536 -0.005541 -0.030144
v 0.423173 0.038870 -0.013788
v 0.423919 0.026419 -0.037501
v 0.434642 0.066718 -0.024237
v 0.436000 0.053899 -0.044709
v 0.431197 0.047636 -0.063886
v 0.447495 0.076356 -0.051542
v 0.444126 0.070544 -0.067210
v 0.436930 0.070890 -0.080874
v 0.421291 0.047937 -0.080703
v 0.426797 0.077058 -0.091082
v 0.409074 0.055571 -0.093408
v 0.414817 0.089129 -0.096799
v 0.394430 0.068235 -0.100965
v 0.372567 0.043869 -0.104495
v 0.377448 0.085159 -0.103358
v 0.351259 0.018772 -0.108209
v 0.400517 0.106372 -0.098106
v 0.384763 0.128659 -0.095672
v 0.407514 0.144407 -0.087272
v 0.393682 0.170666 -0.080940
v 0.368585 0.156099 -0.090651
v 0.420505 0.122264 -0.091006
v 0.436071 0.132502 -0.082006
v 0.425762 0.154525 -0.076643
v 0.438632 0.159512 -0.064141
v 0.428736 0.184560 -0.055492
v 0.414176 0.179974 -0.069080
v 0.447141 0.137259 -0.071102
v 0.453158 0.137373 -0.058711
v 0.445656 0.159906 -0.050050
v 0.446343 0.155932 -0.034801
v 0.437533 0.182097 -0.024032
v 0.436718 0.185163 -0.040497
v 0.453882 0.133055 -0.045465
v 0.448994 0.123334 -0.031882
v 0.440481 0.147416 -0.018349
v 0.428281 0.133660 -0.000551
v 0.430833 0.175652 -0.006020
v 0.439232 0.107947 -0.017620
v 0.426283 0.085976 -0.003045
v 0.410990 0.113026 0.018670
v 0.445852 0.088744 -0.034897
v 0.422697 0.205471 0.003520
v 0.429125 0.209418 -0.014311
v 0.421575 0.235373 -0.005660
v 0.419470 0.236925 -0.020799
v 0.427613 0.211439 -0.030562
v 0.416359 0.233376 0.010495
v 0.411057 0.257211 0.015489
v 0.415467 0.258124 0.001524
v 0.403540 0.231718 0.028069
v 0.400355 0.257420 0.030332
v 0.397273 0.277361 0.030451
v 0.384043 0.232331 0.046591
v 0.383595 0.259358 0.046005
v 0.383063 0.280161 0.043184
v 0.381156 0.295070 0.038320
v 0.394280 0.291814 0.028063
v 0.364839 0.284588 0.056139
v 0.364610 0.299498 0.048657
v 0.361871 0.309139 0.038735
v 0.345392 0.291006 0.068344
v 0.345659 0.304732 0.059287
v 0.342252 0.314517 0.047309
v 0.358380 0.313732 0.025599
v 0.327251 0.310432 0.069703
v 0.321478 0.319719 0.057506
v 0.310843 0.314873 0.079755
v 0.303540 0.323237 0.069441
v 0.273279 0.330043 0.071887
v 0.263393 0.323767 0.085489
v 0.238198 0.328623 0.079864
v 0.248377 0.338376 0.061670
v 0.234427 0.314655 0.093811
v 0.203221 0.315245 0.092795
v 0.259419 0.313418 0.096113
v 0.327187 0.298662 0.079072
v 0.311925 0.305493 0.087799
v 0.307075 0.295188 0.094377
v 0.296701 0.285312 0.099929
v 0.355285 0.311952 0.009283
v 0.355257 0.303029 -0.009468
v 0.377046 0.297554 -0.004830
v 0.356798 0.286269 -0.028188
v 0.380274 0.282599 -0.020015
v 0.396808 0.279759 -0.011287
v 0.392790 0.293652 0.000344
v 0.384913 0.261292 -0.034679
v 0.402459 0.260673 -0.023294
v 0.412434 0.259390 -0.011172
v 0.409570 0.236981 -0.034824
v 0.392147 0.235469 -0.048247
v 0.402466 0.207414 -0.059580
v 0.418728 0.211042 -0.045690
v 0.360225 0.262419 -0.045886
v 0.327584 0.293082 -0.036453
v 0.293954 0.304782 -0.045285
v 0.400827 -0.068185 0.067323
v 0.393606 -0.041606 0.061653
v -0.405326 0.051483 0.069185
v -0.251842 -0.225427 0.116851
v -0.227542 -0.231663 0.119539
v -0.244722 -0.203507 0.123428
v -0.277113 -0.220366 0.110756
v -0.271492 -0.195368 0.117018
v -0.236605 -0.182229 0.133837
v -0.228509 -0.164525 0.149278
v -0.300378 -0.185046 0.105327
v -0.279008 -0.243856 0.108125
v -0.276832 -0.263269 0.108861
v -0.086880 0.408433 -0.062243
v -0.079724 0.319582 0.159758
v -0.079724 0.319582 0.159758
v -0.079724 0.319582 0.159758
v -0.079724 0.319582 0.159758
v -0.079724 0.319582 0.159758
v -0.079724 0.319582 0.159758
v -0.079724 0.319582 0.159758
v -0.079724 0.319582 0.159758
v 0.079724 -0.319582 0.159758
v 0.079724 -0.319582 0.159758
v 0.079724 -0.319582 0.159758
v 0.079724 -0.319582 0.159758
v 0.079724 -0.319582 0.159758
v 0.079724 -0.319582 0.159758
v 0.079724 -0.319582 0.159758
v 0.079724 -0.319582 0.159758
# 3047 vertices

vn -0.565323 -0.774122 -0.284861
vn -0.690895 -0.721028 0.052753
vn -0.420037 -0.899162 0.122784
vn -0.361350 -0.879885 -0.308593
vn -0.673473 -0.617108 -0.406955
vn -0.890597 -0.454512 -0.016007
vn -0.407497 -0.722164 -0.558950
vn -0.959707 0.265073 -0.093263
vn -0.985657 0.097676 0.137621
vn -0.983817 -0.038785 -0.174926
vn -0.887675 0.213900 -0.407775
vn -0.767856 0.403911 -0.497246
vn -0.910544 0.406912 -0.073020
vn -0.928410 0.247121 0.277465
vn -0.653781 -0.184640 -0.733811
vn -0.611332 -0.344683 -0.712367
vn -0.360794 -0.232819 -0.903118
vn -0.489106 -0.043741 -0.871127
vn -0.708520 0.128009 -0.693984
vn -0.858643 -0.115620 -0.499364
vn -0.873487 -0.325602 -0.361945
vn -0.303993 -0.331326 -0.893203
vn -0.310519 -0.435306 -0.845037
vn -0.341086 -0.534562 -0.773242
vn -0.381932 -0.499757 -0.777413
vn -0.198994 -0.266876 -0.942963
vn -0.268792 -0.367852 -0.890189
vn -0.400694 -0.297414 -0.866596
vn -0.317155 -0.113105 -0.941605
vn -0.217146 -0.136001 -0.966618
vn -0.458325 -0.463963 -0.758074
vn -0.119489 -0.138743 -0.983093
vn -0.417801 -0.529126 -0.738558
vn -0.477117 -0.432481 -0.765062
vn -0.650820 -0.527527 -0.546030
vn -0.519751 -0.631869 -0.574978
vn -0.221358 -0.534621 -0.815586
vn -0.234370 -0.389875 -0.890544
vn -0.288656 -0.698116 -0.655219
vn -0.601138 -0.496058 -0.626546
vn -0.487915 -0.390682 -0.780581
vn -0.456590 -0.359953 -0.813609
vn -0.516825 -0.396197 -0.758894
vn -0.670868 -0.646089 -0.364012
vn -0.726797 -0.606045 -0.323226
vn -0.660298 -0.485130 -0.573284
vn -0.555337 -0.571464 -0.604177
vn -0.588378 -0.708663 -0.389370
vn -0.500176 -0.391792 -0.772219
vn -0.503800 -0.431622 -0.748256
vn -0.468746 -0.882969 0.025350
vn -0.448197 -0.862997 -0.233144
vn -0.635420 -0.761814 -0.126017
vn -0.572241 -0.804263 0.160314
vn -0.437319 -0.831785 0.341886
vn -0.343938 -0.933723 0.099340
vn -0.248219 -0.936967 -0.245927
vn 0.053645 -0.053772 -0.997111
vn -0.069298 -0.073073 -0.994916
vn -0.065889 -0.110125 -0.991731
vn 0.059067 -0.018694 -0.998079
vn 0.244349 0.067806 -0.967314
vn 0.295907 -0.021808 -0.954968
vn 0.350774 -0.101491 -0.930944
vn 0.109320 -0.103517 -0.988602
vn 0.101070 0.328070 -0.939231
vn 0.007564 0.478157 -0.878242
vn -0.252222 0.205381 -0.945623
vn -0.075217 0.137228 -0.987680
vn 0.253269 0.325985 -0.910817
vn 0.263662 0.550056 -0.792414
vn -0.297843 -0.032431 -0.954064
vn -0.007383 0.033625 -0.999407
vn -0.296070 -0.154839 -0.942533
vn -0.123947 -0.124801 -0.984409
vn 0.170994 0.152649 -0.973375
vn 0.308234 0.367433 -0.877487
vn 0.055248 -0.053037 -0.997063
vn 0.361948 0.546310 -0.755340
vn 0.202403 0.023329 -0.979024
vn 0.036722 -0.189657 -0.981164
vn 0.224415 -0.049393 -0.973241
vn 0.350322 0.169488 -0.921167
vn 0.298498 0.203441 -0.932475
vn 0.509643 0.773716 -0.376336
vn 0.508066 0.701074 -0.500364
vn 0.451038 0.699374 -0.554473
vn 0.439904 0.737091 -0.513011
vn 0.634962 0.708557 -0.307848
vn 0.594801 0.656926 -0.463314
vn 0.372996 0.773155 -0.512938
vn 0.400444 0.838804 -0.368853
vn 0.534238 0.824977 -0.184398
vn 0.654463 0.744416 -0.132376
vn 0.422144 0.881534 -0.211403
vn -0.690385 0.276627 -0.668466
vn -0.721310 0.382505 -0.577409
vn -0.524152 0.296877 -0.798203
vn -0.513705 0.255124 -0.819157
vn -0.717785 0.153330 -0.679172
vn -0.893570 0.102377 -0.437094
vn -0.898540 0.249948 -0.360767
vn -0.431727 0.238875 -0.869799
vn -0.496926 0.241521 -0.833506
vn -0.508389 0.176668 -0.842810
vn -0.497158 0.074750 -0.864434
vn -0.286715 0.181100 -0.940743
vn -0.259793 0.086284 -0.961802
vn -0.209996 -0.007541 -0.977673
vn -0.386523 0.012741 -0.922192
vn -0.706456 0.057348 -0.705429
vn -0.613082 0.051912 -0.788312
vn -0.721274 0.031879 -0.691916
vn -0.534188 0.040783 -0.844381
vn -0.373367 0.415244 -0.829560
vn -0.483537 0.242085 -0.841182
vn -0.280949 0.176989 -0.943262
vn -0.202226 0.430967 -0.879416
vn -0.445099 0.603370 -0.661689
vn -0.667160 0.412339 -0.620383
vn -0.189059 0.710066 -0.678280
vn -0.509400 0.854380 -0.102695
vn -0.498323 0.768041 -0.402229
vn -0.231728 0.889955 -0.392788
vn -0.335661 0.941860 -0.015176
vn -0.478678 0.838017 0.261906
vn -0.664490 0.745935 0.045098
vn -0.741421 0.588839 -0.321814
vn -0.044045 0.043515 -0.998082
vn -0.106856 -0.011534 -0.994208
vn 0.158541 -0.107946 -0.981434
vn 0.167554 -0.012040 -0.985789
vn 0.092209 0.126988 -0.987609
vn -0.154571 0.163573 -0.974347
vn -0.312926 0.138777 -0.939584
vn -0.157211 -0.093611 -0.983118
vn -0.185757 0.043264 -0.981643
vn -0.237510 0.041032 -0.970518
vn -0.273881 -0.022457 -0.961501
vn -0.161608 -0.063689 -0.984798
vn 0.022709 -0.147848 -0.988749
vn 0.005070 -0.244439 -0.969651
vn -0.316395 -0.017363 -0.948468
vn -0.145354 -0.150513 -0.977864
vn -0.181278 0.058852 -0.981669
vn -0.018160 -0.345187 -0.938358
vn 0.646751 -0.021737 -0.762392
vn 0.475403 0.047584 -0.878480
vn 0.533004 -0.058279 -0.844103
vn 0.711261 -0.103381 -0.695284
vn 0.810707 -0.117967 -0.573444
vn 0.689761 -0.012621 -0.723927
vn 0.473764 0.097438 -0.875245
vn 0.910576 -0.212501 -0.354535
vn 0.946732 -0.087767 -0.309832
vn 0.983142 -0.135823 -0.122408
vn 0.946773 -0.283728 -0.152053
vn 0.856369 -0.135046 -0.498392
vn 0.873876 -0.072475 -0.480717
vn 0.829213 -0.181058 -0.528795
vn 0.881612 -0.338619 -0.328782
vn 0.810401 -0.286510 -0.511041
vn 0.915220 -0.366684 -0.167081
vn 0.063499 -0.483529 -0.873022
vn 0.025438 -0.267549 -0.963208
vn -0.124495 -0.220733 -0.967356
vn -0.022208 -0.515840 -0.856397
vn 0.135517 -0.699608 -0.701558
vn 0.201349 -0.589974 -0.781914
vn 0.222079 -0.369797 -0.902181
vn 0.138046 0.090634 -0.986270
vn 0.179508 -0.129198 -0.975236
vn 0.303582 -0.175810 -0.936445
vn 0.209145 0.124115 -0.969976
vn 0.055639 0.336672 -0.939977
vn -0.004370 0.211140 -0.977446
vn -0.018377 -0.021396 -0.999602
vn -0.449785 0.877710 -0.165286
vn -0.344397 0.806414 -0.480716
vn -0.388053 0.759809 -0.521637
vn -0.462169 0.837500 -0.291536
vn -0.337913 0.930888 -0.138791
vn -0.243956 0.859107 -0.449912
vn -0.501841 0.851094 0.154255
vn -0.418187 0.890014 0.181644
vn -0.508925 0.860742 0.010888
vn -0.550931 0.814852 0.180250
vn -0.473316 0.876727 -0.085569
vn -0.167002 0.691916 -0.702397
vn -0.139125 0.523093 -0.840843
vn -0.133062 0.491171 -0.860840
vn -0.126860 0.570992 -0.811095
vn -0.108934 0.729037 -0.675751
vn -0.112237 0.516907 -0.848652
vn -0.142333 0.578320 -0.803297
vn -0.240667 0.690209 -0.682416
vn -0.092402 0.440893 -0.892791
vn -0.056673 0.448512 -0.891978
vn 0.026475 0.283184 -0.958700
vn -0.034889 0.255793 -0.966102
vn -0.117974 0.570989 -0.812437
vn -0.148820 0.634712 -0.758283
vn -0.157129 0.560115 -0.813377
vn -0.153234 0.563507 -0.811775
vn -0.088782 0.237498 -0.967322
vn -0.098630 0.386457 -0.917018
vn -0.098530 0.535931 -0.838493
vn -0.730779 -0.558058 0.393106
vn -0.847322 -0.325040 0.419993
vn -0.683895 -0.310557 0.660183
vn -0.568869 -0.640025 0.516484
vn -0.397672 -0.909314 -0.122495
vn -0.407881 -0.902175 0.140402
vn -0.414323 -0.890917 0.186021
vn -0.385417 -0.917538 0.097866
vn -0.409930 -0.803590 -0.431510
vn -0.319132 -0.814628 -0.484289
vn -0.309399 -0.927277 -0.210783
vn -0.365747 -0.920682 0.136286
vn -0.493246 -0.858405 -0.140888
vn -0.515335 -0.758470 -0.398939
vn -0.421778 -0.900841 0.102904
vn -0.641904 -0.052773 0.764967
vn -0.718742 -0.031718 0.694553
vn -0.698568 -0.070049 0.712107
vn -0.621583 -0.082296 0.779014
vn -0.715127 -0.041147 0.697783
vn -0.756781 -0.023537 0.653245
vn -0.616777 -0.047288 0.785717
vn -0.692400 -0.049488 0.719814
vn -0.560257 -0.083042 0.824146
vn -0.543210 -0.058071 0.837586
vn -0.579166 -0.102653 0.808721
vn -0.648307 -0.152096 0.746032
vn -0.811116 -0.015299 0.584686
vn -0.834037 -0.118287 0.538879
vn -0.859347 -0.252349 0.444795
vn -0.661971 -0.316556 0.679402
vn -0.416434 -0.292735 0.860749
vn -0.443477 -0.134903 0.886075
vn -0.573822 -0.072317 0.815781
vn -0.453715 -0.001520 0.891145
vn -0.553344 -0.059180 0.830848
vn -0.617198 -0.206299 0.759281
vn -0.610434 -0.197997 0.766921
vn -0.609699 -0.082124 0.788367
vn -0.538359 -0.034814 0.841996
vn -0.639339 -0.217336 0.737571
vn -0.447816 -0.080044 0.890536
vn -0.431421 -0.021923 0.901884
vn -0.396854 0.021225 0.917636
vn -0.259495 -0.223744 0.939469
vn -0.412645 -0.072011 0.908041
vn -0.199810 -0.020562 0.979619
vn -0.064418 -0.255143 0.964755
vn -0.314045 -0.456662 0.832367
vn -0.573209 -0.305718 0.760242
vn -0.025692 -0.564832 0.824806
vn -0.345590 -0.674353 0.652545
vn -0.154179 -0.788170 0.595833
vn -0.345119 -0.843542 0.411497
vn -0.530612 -0.631323 0.565582
vn -0.271339 -0.714916 0.644415
vn -0.408531 -0.798202 0.442692
vn -0.341975 -0.862196 0.373726
vn -0.200559 -0.794737 0.572860
vn -0.088463 -0.670754 0.736385
vn -0.157434 -0.608186 0.778026
vn -0.216882 -0.553271 0.804272
vn -0.265035 -0.624194 0.734941
vn -0.315964 -0.678818 0.662852
vn -0.364948 -0.716409 0.594619
vn -0.469891 -0.752246 0.461874
vn -0.114501 -0.473706 0.873208
vn -0.219631 -0.444281 0.868549
vn -0.198612 -0.549818 0.811328
vn -0.254146 -0.586232 0.769248
vn -0.226145 -0.538783 0.811524
vn -0.129979 -0.558801 0.819053
vn -0.317131 -0.441919 0.839127
vn -0.069310 -0.105738 0.991976
vn -0.322650 0.033395 0.945929
vn -0.182838 -0.017265 0.982991
vn 0.036459 -0.314126 0.948681
vn -0.628313 -0.142003 0.764891
vn -0.533204 -0.179312 0.826765
vn -0.572929 -0.053865 0.817833
vn -0.493177 0.091683 0.865084
vn -0.603116 0.156738 0.782102
vn -0.720466 0.197822 0.664676
vn -0.751493 -0.165883 0.638546
vn -0.537044 -0.424418 0.729009
vn -0.431735 -0.314305 0.845469
vn -0.635789 -0.505284 0.583490
vn -0.004797 -0.181852 0.983314
vn 0.062250 -0.357235 0.931938
vn -0.092037 -0.085989 0.992036
vn 0.422409 0.801896 0.422531
vn 0.743313 0.609757 0.275102
vn 0.744916 0.658095 0.109593
vn 0.610340 0.786048 0.098051
vn -0.065433 0.715907 0.695122
vn 0.049008 0.464268 0.884338
vn 0.465180 0.516387 0.718994
vn 0.769420 0.422154 0.479353
vn 0.435047 0.899267 0.045301
vn 0.137699 0.947021 0.290155
vn -0.239878 0.824966 0.511752
vn -0.066855 -0.152400 0.986055
vn -0.012093 -0.216440 0.976221
vn -0.036767 -0.146815 0.988480
vn -0.027710 -0.163356 0.986178
vn -0.099055 -0.313522 0.944400
vn -0.003524 -0.346700 0.937969
vn 0.019238 -0.017451 0.999663
vn -0.152751 0.223084 0.962757
vn -0.234916 -0.050708 0.970692
vn -0.239108 -0.280199 0.929686
vn 0.051916 -0.196936 0.979041
vn 0.280056 -0.305784 0.909981
vn -0.057502 -0.278483 0.958718
vn -0.025314 -0.486486 0.873321
vn -0.025769 -0.724968 0.688300
vn 0.360995 -0.659406 0.659444
vn 0.650198 -0.079363 0.755609
vn 0.493908 0.343781 0.798668
vn 0.232487 0.140146 0.962450
vn 0.713823 -0.433753 0.549832
vn 0.158698 -0.976291 0.147211
vn -0.034174 -0.964216 0.262906
vn -0.180339 -0.966481 0.182734
vn 0.128724 -0.983165 0.129680
vn 0.340740 -0.934192 0.105743
vn 0.346329 -0.912368 0.218267
vn 0.330591 -0.940242 0.081578
vn -0.454129 -0.809962 0.371118
vn -0.533716 -0.797107 0.282431
vn -0.034036 -0.877663 0.478068
vn -0.392505 -0.753410 0.527554
vn 0.360857 -0.832076 0.421227
vn -0.069046 0.895329 0.440021
vn -0.253539 0.772152 0.582666
vn -0.349642 0.855793 0.381273
vn -0.067240 0.967694 0.242996
vn 0.191819 0.963537 0.186554
vn 0.130726 0.861903 0.489934
vn -0.018049 0.681735 0.731376
vn 0.347326 -0.822935 -0.449604
vn 0.732115 -0.515651 -0.445096
vn 0.622914 -0.765796 -0.159795
vn 0.426885 -0.894686 -0.131551
vn 0.113689 -0.992710 -0.040014
vn -0.154578 -0.983765 -0.091172
vn -0.043058 -0.825858 -0.562232
vn 0.312053 -0.949570 0.030639
vn 0.202857 -0.280074 -0.938300
vn 0.513985 -0.214105 -0.830649
vn 0.771873 0.032068 -0.634968
vn 0.267470 -0.279893 0.922019
vn 0.327643 -0.711480 0.621647
vn 0.426343 -0.745056 0.512955
vn 0.369373 -0.403736 0.836995
vn 0.023175 0.029028 0.999310
vn -0.008923 0.077856 0.996925
vn 0.263633 -0.226046 0.937764
vn 0.184549 -0.683256 0.706473
vn 0.184274 0.028041 0.982475
vn 0.239376 0.175797 0.954879
vn -0.007818 0.228630 0.973482
vn -0.144136 0.849703 0.507178
vn 0.057087 0.513888 0.855956
vn 0.317986 0.690575 0.649608
vn 0.202237 0.888422 0.412077
vn 0.208693 0.957086 0.201081
vn 0.066492 0.990245 0.122452
vn -0.005585 0.997259 -0.073772
vn -0.401035 0.902392 0.157671
vn -0.435559 0.425644 0.793168
vn -0.705949 0.503752 0.497866
vn -0.000603 -0.634248 0.773129
vn -0.260736 -0.596660 0.758956
vn 0.101925 -0.501089 0.859373
vn -0.057983 -0.519744 0.852352
vn -0.330027 -0.660325 0.674576
vn -0.043249 -0.757679 0.651193
vn 0.371201 -0.586912 0.719545
vn 0.353968 -0.402456 0.844237
vn 0.346804 -0.734819 0.582896
vn 0.537612 0.771254 0.340793
vn 0.600382 0.721254 0.345447
vn 0.653809 0.748079 -0.113628
vn 0.639329 0.749115 -0.173452
vn 0.198520 0.696473 0.689576
vn -0.298883 0.173732 0.938342
vn 0.019122 0.322511 0.946372
vn 0.216736 0.359492 0.907629
vn 0.590119 0.807262 0.009375
vn 0.478173 0.836178 0.268619
vn 0.594457 0.769780 -0.232507
vn -0.188727 0.277019 0.942148
vn -0.487195 -0.168236 0.856935
vn -0.472419 0.124438 0.872545
vn 0.009849 0.633024 0.774069
vn 0.140203 0.357085 0.923490
vn -0.279060 -0.291930 0.914824
vn 0.434084 0.768740 0.469692
vn -0.899117 -0.163853 0.405884
vn -0.892780 -0.289614 0.345061
vn -0.979858 -0.116107 0.162470
vn -0.943953 0.018732 0.329547
vn -0.835246 0.106839 0.539397
vn -0.803898 -0.166535 0.570977
vn -0.737058 -0.366534 0.567801
vn -0.499087 -0.400209 0.768599
vn -0.343430 -0.345981 0.873128
vn -0.282691 -0.277749 0.918118
vn -0.688954 -0.402420 0.602827
vn -0.251582 -0.234913 0.938894
vn -0.248801 -0.222245 0.942712
vn -0.241453 -0.086040 0.966591
vn -0.339550 -0.221736 0.914078
vn -0.474539 -0.323704 0.818552
vn -0.599871 -0.143673 0.787092
vn -0.380673 -0.062089 0.922623
vn -0.228444 -0.196188 0.953585
vn -0.202037 0.019017 0.979193
vn 0.006267 -0.463043 0.886314
vn 0.285726 -0.177631 0.941705
vn -0.021063 -0.101058 0.994657
vn -0.130867 -0.262079 0.956132
vn -0.236459 -0.261733 0.935726
vn -0.293837 -0.365381 0.883265
vn -0.401240 -0.471782 0.785129
vn -0.149017 -0.676104 0.721580
vn 0.394449 -0.601425 0.694764
vn 0.616736 -0.255354 0.744602
vn 0.187701 -0.801444 0.567851
vn -0.456349 0.451377 0.766814
vn -0.445994 0.390942 0.805142
vn -0.461099 0.466935 0.754559
vn -0.401319 0.482366 0.778631
vn -0.286132 0.523961 0.802243
vn -0.295507 0.583633 0.756339
vn -0.555534 0.248150 0.793601
vn -0.463115 0.235488 0.854441
vn -0.293989 0.652047 0.698860
vn -0.498249 0.493918 0.712596
vn -0.630497 0.260607 0.731134
vn -0.363587 0.396157 0.843127
vn -0.393591 0.516727 0.760316
vn -0.446739 0.623245 0.641865
vn -0.505822 0.564994 0.651863
vn -0.168929 0.197874 0.965561
vn -0.025868 0.294387 0.955336
vn -0.216217 0.414114 0.884172
vn -0.335274 0.480547 0.810349
vn -0.621302 0.297845 0.724757
vn -0.664250 0.042130 0.746323
vn -0.731243 -0.037029 0.681111
vn -0.667027 0.294019 0.684564
vn -0.468605 0.575109 0.670566
vn -0.442120 0.512783 0.735924
vn -0.488665 0.280508 0.826148
vn 0.955903 -0.264242 0.128163
vn 0.991830 0.044309 -0.119625
vn 0.991925 0.028910 0.123483
vn 0.916506 0.045312 0.397447
vn 0.841343 -0.290670 0.455689
vn 0.672746 -0.602575 0.429321
vn 0.835490 -0.517117 0.185868
vn 0.935797 -0.352245 -0.014392
vn 0.900811 -0.432136 0.042411
vn 0.758974 -0.644921 0.089643
vn 0.765712 -0.643155 -0.006053
vn 0.485991 -0.863442 0.135206
vn 0.539075 -0.807221 0.240401
vn 0.728501 -0.604039 0.323147
vn 0.900960 -0.423729 0.093410
vn 0.934599 -0.351952 -0.051532
vn 0.850582 0.355211 0.387731
vn 0.862448 0.441373 0.247737
vn 0.985279 0.114753 0.126713
vn 0.928864 0.036324 0.368635
vn 0.736872 0.063500 0.673044
vn 0.658477 0.492041 0.569477
vn 0.613395 0.669105 0.419578
vn -0.217453 -0.162752 0.962406
vn -0.278786 -0.450357 0.848208
vn 0.028496 -0.482502 0.875431
vn -0.028722 -0.253289 0.966964
vn -0.438385 -0.003270 0.898781
vn -0.565302 -0.316729 0.761654
vn -0.129859 0.078163 0.988447
vn -0.240014 0.230655 0.942970
vn -0.118097 -0.103434 0.987600
vn -0.030305 0.002767 0.999537
vn -0.141749 -0.072977 0.987209
vn -0.324115 -0.936487 0.133945
vn -0.340577 -0.940211 -0.003310
vn -0.274205 -0.959470 -0.065034
vn -0.164522 -0.986330 -0.009283
vn 0.012547 -0.999092 0.040715
vn -0.071687 -0.967432 0.242766
vn -0.171327 -0.868405 0.465318
vn -0.462953 -0.810759 0.358252
vn -0.684328 -0.691536 0.231243
vn -0.534337 -0.841885 0.075595
vn -0.414390 -0.909940 -0.017016
vn -0.481525 -0.841185 -0.246053
vn -0.633703 -0.747081 -0.200723
vn -0.651696 -0.729296 -0.208376
vn -0.485731 -0.827583 -0.281376
vn -0.410331 -0.878223 -0.245669
vn -0.595099 -0.779781 -0.194420
vn -0.197261 -0.920854 -0.336327
vn -0.565075 -0.792724 -0.228645
vn -0.538111 -0.818771 -0.200126
vn -0.477216 -0.811472 -0.337309
vn -0.214456 -0.836440 -0.504358
vn -0.396216 0.571729 0.718428
vn -0.536165 0.539176 0.649473
vn -0.495875 0.720673 0.484499
vn -0.310624 0.694147 0.649363
vn -0.304005 0.446524 0.841545
vn -0.462750 0.332002 0.821972
vn -0.138531 0.573444 0.807448
vn -0.166819 0.009973 0.985937
vn -0.272173 0.085338 0.958457
vn -0.182461 0.248556 0.951277
vn -0.077250 0.101251 0.991857
vn 0.000048 -0.002474 0.999997
vn -0.128338 -0.069438 0.989296
vn -0.256591 -0.032890 0.965961
vn 0.020572 0.207384 0.978043
vn -0.017612 0.349794 0.936661
vn 0.088095 0.170946 0.981334
vn 0.104675 0.362696 0.926010
vn 0.101949 0.493768 0.863597
vn -0.016508 0.636721 0.770918
vn -0.013561 0.655541 0.755037
vn 0.114653 0.548975 0.827938
vn 0.056108 0.500585 0.863867
vn -0.049456 0.631155 0.774078
vn 0.182320 0.520923 0.833906
vn 0.140937 0.458493 0.877452
vn 0.114553 0.350778 0.929426
vn 0.089049 0.371956 0.923969
vn 0.047873 0.799654 0.598549
vn -0.053907 0.911548 0.407644
vn 0.098935 0.916539 0.387515
vn 0.167263 0.763124 0.624232
vn 0.005184 0.717511 0.696527
vn -0.163770 0.852278 0.496792
vn 0.153104 0.618317 0.770872
vn -0.226569 -0.224008 0.947885
vn -0.429654 -0.457978 0.778238
vn -0.547463 -0.064600 0.834333
vn -0.226743 0.208781 0.951314
vn 0.095731 -0.330807 0.938830
vn -0.143768 -0.703283 0.696221
vn 0.194340 0.285400 0.938498
vn -0.583741 0.568166 0.580029
vn -0.915540 0.187428 0.355891
vn -0.919820 0.297636 0.255624
vn -0.602013 0.666225 0.440142
vn -0.126105 0.825112 0.550716
vn -0.142413 0.716877 0.682500
vn -0.099877 0.331603 0.938117
vn -0.540816 0.163905 0.825017
vn 0.204337 -0.538546 -0.817444
vn 0.181796 -0.447935 -0.875388
vn 0.191318 -0.560677 -0.805629
vn 0.236654 -0.601524 -0.762997
vn 0.121033 -0.394935 -0.910702
vn 0.146752 -0.330889 -0.932189
vn 0.305869 -0.656827 -0.689219
vn 0.307191 -0.658311 -0.687212
vn 0.264823 -0.728776 -0.631470
vn 0.160860 -0.604904 -0.779881
vn 0.076516 -0.459395 -0.884930
vn 0.068793 -0.668186 -0.740807
vn 0.123458 -0.650832 -0.749117
vn 0.210921 -0.788810 -0.577314
vn 0.139633 -0.839950 -0.524392
vn 0.018764 -0.528657 -0.848628
vn 0.042686 -0.507739 -0.860453
vn 0.055276 -0.513422 -0.856354
vn 0.027678 -0.468987 -0.882771
vn 0.084089 -0.882669 -0.462411
vn 0.041438 -0.720175 -0.692554
vn 0.053203 -0.516304 -0.854751
vn 0.520504 -0.841934 -0.142205
vn 0.387543 -0.814364 -0.431998
vn 0.431525 -0.732148 -0.527016
vn 0.527859 -0.792073 -0.306570
vn 0.413573 -0.909527 -0.041448
vn 0.309425 -0.888187 -0.339677
vn 0.592921 -0.788164 0.165048
vn 0.490902 -0.832524 0.256746
vn 0.536340 -0.841038 -0.070670
vn 0.577946 -0.816071 -0.002527
vn -0.117912 0.584555 -0.802741
vn -0.214065 0.659711 -0.720387
vn -0.215179 0.482515 -0.849045
vn -0.080162 0.418605 -0.904624
vn 0.030286 0.404265 -0.914140
vn -0.066418 0.617410 -0.783832
vn -0.185825 0.747210 -0.638080
vn -0.106876 -0.134863 -0.985083
vn -0.004003 -0.229733 -0.973246
vn 0.009224 0.009315 -0.999914
vn -0.133445 0.073861 -0.988300
vn -0.237196 0.086972 -0.967561
vn -0.165543 -0.188738 -0.967974
vn -0.053995 -0.379226 -0.923728
vn -0.907262 0.250565 -0.337777
vn -0.872005 0.140588 -0.468874
vn -0.900126 0.118363 -0.419240
vn -0.955460 0.148300 -0.255154
vn -0.805851 0.188567 -0.561290
vn -0.798764 0.075268 -0.596918
vn -0.858859 0.397161 -0.323458
vn -0.770623 0.334633 -0.542366
vn -0.974990 0.212636 -0.064662
vn -0.933212 0.340900 -0.113585
vn -0.895697 0.424403 -0.132696
vn -0.519759 -0.080913 -0.850472
vn -0.576932 -0.114026 -0.808794
vn -0.287397 -0.242381 -0.926636
vn -0.295262 -0.159663 -0.941981
vn -0.620091 0.059304 -0.782285
vn -0.747591 0.047799 -0.662437
vn -0.396335 0.010742 -0.918043
vn 0.148685 0.143330 -0.978442
vn 0.036658 0.288157 -0.956881
vn 0.051777 0.354058 -0.933789
vn 0.134083 0.164496 -0.977222
vn 0.228299 0.090054 -0.969417
vn 0.280434 0.108053 -0.953772
vn 0.170523 0.145305 -0.974581
vn 0.033959 0.215336 -0.975949
vn -0.030674 0.019868 -0.999332
vn 0.103504 -0.135962 -0.985292
vn 0.252547 -0.104210 -0.961957
vn 0.022508 0.085129 -0.996116
vn -0.254042 0.085929 -0.963369
vn -0.147024 -0.093577 -0.984697
vn -0.257110 0.196882 -0.946114
vn 0.345896 -0.262161 -0.900904
vn 0.205694 -0.234432 -0.950122
vn 0.183907 -0.506687 -0.842287
vn 0.396270 -0.461722 -0.793588
vn 0.441973 -0.130278 -0.887518
vn 0.274089 -0.021802 -0.961457
vn 0.587847 -0.336159 -0.735821
vn 0.437235 -0.890248 -0.127609
vn 0.451435 -0.795047 -0.405100
vn 0.212251 -0.881565 -0.421654
vn 0.274511 -0.959518 -0.063004
vn 0.389338 -0.891986 0.229730
vn 0.570283 -0.819897 0.050460
vn 0.675086 -0.686552 -0.270008
vn 0.371857 0.008996 -0.928246
vn 0.238149 0.102539 -0.965801
vn 0.356304 0.094257 -0.929604
vn 0.463817 0.082344 -0.882096
vn 0.411528 -0.137831 -0.900915
vn 0.169752 -0.141417 -0.975287
vn 0.123116 -0.001960 -0.992390
vn 0.614715 0.093919 -0.783138
vn 0.613517 0.004453 -0.789669
vn 0.637084 -0.122161 -0.761052
vn 0.617980 -0.313892 -0.720814
vn 0.448066 -0.248374 -0.858806
vn 0.379215 -0.244518 -0.892416
vn 0.436151 -0.276473 -0.856349
vn 0.645953 -0.216120 -0.732145
vn 0.839028 -0.195298 -0.507829
vn 0.837659 -0.324482 -0.439361
vn 0.647753 -0.402946 -0.646569
vn 0.450987 -0.269675 -0.850815
vn 0.830829 -0.435473 -0.346535
vn 0.436038 -0.224328 -0.871520
vn -0.437321 -0.382019 -0.814133
vn -0.466145 -0.248646 -0.849049
vn -0.529034 -0.502620 -0.683737
vn -0.441259 -0.584480 -0.680936
vn -0.253724 -0.600589 -0.758233
vn -0.270155 -0.286820 -0.919103
vn -0.235531 -0.002977 -0.971862
vn -0.509276 -0.760786 -0.402297
vn -0.453040 -0.724157 -0.519953
vn -0.412377 -0.735341 -0.537790
vn -0.469920 -0.729907 -0.496398
vn -0.448300 -0.728989 -0.517303
vn -0.442773 -0.800325 -0.404268
vn -0.619868 -0.690686 -0.372447
vn -0.531821 -0.665374 -0.523874
vn -0.547223 -0.802289 -0.238495
vn -0.678346 -0.711184 -0.184564
vn -0.452832 -0.848839 -0.272792
vn -0.055980 -0.202352 -0.977712
vn 0.018842 -0.454286 -0.890657
vn 0.244532 -0.220266 -0.944292
vn 0.112417 0.027273 -0.993287
vn 0.079180 0.180302 -0.980419
vn -0.199361 0.065459 -0.977737
vn 0.342318 0.009736 -0.939534
vn 0.293879 0.179332 -0.938869
vn 0.299182 -0.301832 -0.905200
vn 0.053269 -0.601897 -0.796795
vn -0.131503 0.128843 -0.982907
vn -0.204601 0.189017 -0.960422
vn 0.047641 0.094413 -0.994393
vn 0.058778 0.076637 -0.995325
vn 0.018671 0.151668 -0.988255
vn 0.024321 0.161946 -0.986500
vn -0.124433 0.068214 -0.989881
vn -0.385116 0.094114 -0.918057
vn -0.445214 0.184425 -0.876226
vn -0.327394 -0.017225 -0.944731
vn 0.420318 0.545902 -0.724792
vn 0.477150 0.446489 -0.756951
vn 0.657021 0.559179 -0.505611
vn 0.527345 0.659004 -0.536304
vn 0.222458 0.542569 -0.810019
vn 0.228739 0.386623 -0.893421
vn 0.296389 0.717851 -0.629956
vn 0.581953 0.537693 -0.610096
vn 0.467937 0.406805 -0.784566
vn 0.429209 0.373822 -0.822214
vn 0.493089 0.417432 -0.763291
vn 0.658402 0.522896 -0.541375
vn 0.491488 0.406298 -0.770300
vn 0.636941 0.710856 -0.298313
vn 0.714815 0.655657 -0.243217
vn 0.516043 0.617686 -0.593433
vn 0.528050 0.776298 -0.344274
vn 0.474337 0.452514 -0.755139
vn 0.471611 0.875177 0.107925
vn 0.460567 0.873508 -0.157675
vn 0.632605 0.774033 -0.026159
vn 0.557337 0.789336 0.257534
vn 0.428220 0.802841 0.414817
vn 0.353350 0.921600 0.160616
vn 0.267458 0.942978 -0.198139
vn 0.284381 0.337723 -0.897257
vn 0.183191 0.140203 -0.973028
vn 0.080944 0.165030 -0.982961
vn 0.183036 0.295075 -0.937778
vn 0.354214 0.502236 -0.788854
vn 0.422691 0.477961 -0.769991
vn 0.374619 0.298220 -0.877910
vn 0.280012 0.392758 -0.875976
vn 0.314490 0.440142 -0.841054
vn 0.288358 0.102165 -0.952057
vn 0.591802 0.028496 -0.805579
vn 0.495808 0.238052 -0.835168
vn 0.308252 0.104098 -0.945592
vn 0.496241 -0.136483 -0.857389
vn 0.804512 -0.035559 -0.592871
vn 0.762532 0.280436 -0.583011
vn 0.734314 -0.331917 -0.592126
vn 0.990293 -0.131703 0.044441
vn 0.956123 -0.094268 -0.277384
vn 0.886190 -0.393721 -0.244234
vn 0.937467 -0.316729 0.144352
vn 0.985106 0.055665 0.162689
vn 0.946395 0.219170 -0.237279
vn 0.911351 -0.136318 0.388403
vn -0.146444 -0.668179 0.729445
vn -0.219915 -0.651705 0.725891
vn -0.174406 -0.557073 0.811943
vn -0.098421 -0.603158 0.791526
vn -0.102153 -0.770273 0.629480
vn -0.206144 -0.779322 0.591745
vn -0.019753 -0.711137 0.702776
vn -0.045748 -0.456993 0.888293
vn -0.064851 -0.540539 0.838816
vn -0.109553 -0.512584 0.851619
vn -0.028222 -0.467729 0.883421
vn -0.016800 -0.603822 0.796942
vn -0.003016 -0.642533 0.766252
vn -0.073296 -0.418774 0.905128
vn -0.021225 -0.595034 0.803420
vn 0.107814 -0.387245 0.915652
vn 0.037166 -0.295577 0.954596
vn -0.032069 -0.237625 0.970828
vn 0.251302 0.029067 0.967472
vn 0.197619 0.002321 0.980276
vn 0.151180 0.056414 0.986895
vn 0.206022 0.076653 0.975541
vn 0.377115 -0.062200 0.924075
vn 0.350316 -0.105336 0.930689
vn 0.315179 -0.022814 0.948758
vn 0.134340 -0.249360 0.959048
vn 0.193075 -0.389818 0.900424
vn -0.019421 -0.414460 0.909860
vn 0.001126 -0.226714 0.973961
vn 0.101495 -0.068684 0.992462
vn 0.259925 -0.158531 0.952527
vn 0.423327 -0.316300 0.848969
vn 0.355165 -0.675787 0.645887
vn 0.223029 -0.748915 0.624007
vn 0.043385 -0.579977 0.813477
vn 0.272793 -0.537064 0.798214
vn 0.529042 -0.479727 0.699984
vn 0.549249 -0.668059 0.502018
vn 0.454535 -0.803981 0.383422
vn 0.438226 -0.485559 0.756433
vn 0.517341 -0.688020 0.508908
vn 0.632101 -0.650264 0.421432
vn 0.590993 -0.445324 0.672617
vn 0.468305 -0.214910 0.857032
vn 0.317918 -0.252541 0.913866
vn 0.281622 -0.434460 0.855531
vn 0.343348 -0.507477 0.790303
vn 0.393559 -0.587954 0.706698
vn 0.420557 -0.720870 0.550889
vn 0.151714 -0.304692 0.940290
vn 0.238906 0.907704 0.344961
vn 0.311912 0.938568 0.147651
vn 0.222226 0.972551 0.068992
vn 0.074247 0.986419 0.146506
vn 0.520113 0.807839 0.277272
vn 0.423044 0.896499 0.131620
vn 0.317558 0.708784 0.629907
vn 0.617316 0.621637 0.482171
vn 0.058370 0.961626 -0.268082
vn 0.303300 0.865649 -0.398322
vn -0.231226 0.810369 -0.538365
vn -0.412969 0.892514 -0.181317
vn 0.243825 0.962361 -0.120042
vn 0.320018 0.921740 -0.219053
vn 0.439571 0.862555 -0.250550
vn 0.552357 0.808194 -0.204267
vn 0.541956 0.803957 -0.244821
vn 0.448928 0.748937 -0.487398
vn 0.025573 0.662027 -0.749043
vn 0.261549 0.131216 0.956229
vn 0.066938 -0.062159 0.995819
vn 0.166966 -0.120433 0.978580
vn 0.297642 -0.242167 0.923452
vn 0.497769 0.017708 0.867129
vn 0.334456 0.444582 0.830955
vn -0.007932 0.448603 0.893696
vn 0.078506 0.166613 0.982892
vn 0.621520 0.344512 0.703580
vn 0.592940 -0.667136 0.450944
vn 0.119299 -0.842635 0.525105
vn 0.235697 -0.695862 0.678397
vn 0.808175 -0.370512 0.457793
vn 0.982817 -0.080186 0.166257
vn 0.773806 -0.565472 0.285422
vn 0.259461 -0.882954 0.391245
vn -0.322635 0.390562 0.862188
vn -0.198150 0.122844 0.972443
vn 0.166133 -0.045972 0.985031
vn -0.024074 -0.114136 0.993173
vn -0.684826 0.728539 0.015603
vn -0.886698 0.461980 0.018466
vn -0.910698 0.399945 -0.103308
vn -0.669881 0.739853 -0.062259
vn -0.306673 0.947502 0.090501
vn -0.412425 0.896390 0.162454
vn -0.688244 0.690926 0.221226
vn -0.783723 0.071101 0.617028
vn -0.935305 -0.150558 0.320213
vn -0.920630 0.320511 0.222965
vn -0.602487 0.559292 0.569387
vn -0.485648 -0.155263 0.860256
vn -0.709307 -0.491506 0.505277
vn -0.144631 0.469741 0.870876
vn -0.918598 0.350732 0.182112
vn -0.915113 0.402742 0.019161
vn -0.797931 0.575491 0.179211
vn -0.890699 0.451634 0.051788
vn -0.749618 0.391469 0.533690
vn -0.587650 0.687756 0.426215
vn -0.998002 0.051909 -0.036025
vn -0.971286 0.076590 0.225250
vn -0.844057 0.060444 0.532837
vn 0.089609 -0.758504 0.645478
vn 0.133941 -0.793790 0.593260
vn -0.280061 -0.826375 0.488539
vn -0.238524 -0.771170 0.590257
vn 0.336340 -0.595909 0.729224
vn 0.476492 -0.586691 0.654789
vn -0.014926 -0.637780 0.770074
vn 0.573330 0.323817 0.752619
vn 0.376652 0.585321 0.718006
vn 0.513993 0.673363 0.531407
vn 0.693996 0.338258 0.635572
vn 0.698043 -0.050013 0.714308
vn 0.495543 -0.021128 0.868326
vn 0.182130 0.182685 0.966155
vn 0.362018 -0.484586 0.796317
vn 0.155918 -0.579258 0.800094
vn 0.160576 -0.675458 0.719703
vn 0.410096 -0.544755 0.731480
vn 0.563808 -0.346739 0.749595
vn 0.483923 -0.333685 0.808995
vn 0.390192 -0.423436 0.817589
vn 0.372071 -0.465363 0.803119
vn 0.300248 -0.480807 0.823818
vn 0.415332 -0.318011 0.852272
vn 0.156779 -0.490722 0.857095
vn -0.164880 0.639876 0.750582
vn -0.449566 0.336308 0.827519
vn -0.115693 0.209788 0.970878
vn 0.047590 0.385807 0.921351
vn 0.215965 0.396802 0.892137
vn 0.233320 0.550332 0.801683
vn -0.060021 0.856318 0.512949
vn -0.453350 0.847399 0.276385
vn 0.298893 0.688028 0.661272
vn 0.742660 0.355158 0.567731
vn 0.702461 -0.052045 0.709817
vn 0.109420 -0.279426 0.953912
vn 0.471041 0.370827 0.800380
vn 0.805628 0.555344 0.206291
vn 0.928578 0.283033 0.240072
vn 0.624642 0.719043 0.304630
vn 0.400119 0.335938 0.852673
vn 0.389701 0.235088 0.890431
vn 0.582208 0.234176 0.778586
vn 0.617486 0.344507 0.707125
vn 0.272990 0.312993 0.909677
vn 0.210995 0.262788 0.941501
vn 0.298567 0.275186 0.913854
vn 0.304200 0.247291 0.919951
vn 0.489842 0.406810 0.771077
vn 0.346345 0.328922 0.878553
vn 0.669796 0.410135 0.619001
vn 0.360272 0.137757 0.922620
vn 0.408006 -0.054114 0.911374
vn 0.239684 -0.124211 0.962872
vn 0.247222 0.126000 0.960732
vn 0.491751 0.266620 0.828912
vn 0.618187 0.035220 0.785242
vn 0.909578 0.140068 0.391214
vn 0.894804 0.293817 0.336150
vn 0.980787 0.140305 0.135539
vn 0.951704 -0.026976 0.305828
vn 0.815734 0.110336 0.567806
vn 0.740775 0.348771 0.574118
vn 0.836516 -0.157594 0.524791
vn 0.045793 0.634892 0.771242
vn -0.281385 0.635749 0.718780
vn -0.283063 0.427490 0.858561
vn -0.051854 0.495260 0.867196
vn 0.087742 0.766206 0.636577
vn -0.256614 0.776767 0.575136
vn 0.285560 0.555600 0.780874
vn 0.366977 0.635687 0.679139
vn 0.141484 0.543011 0.827721
vn 0.218402 0.487723 0.845238
vn 0.093682 0.501953 0.859806
vn -0.455165 -0.871504 0.182496
vn -0.512077 -0.856852 -0.059840
vn -0.430699 -0.896614 0.102867
vn -0.284570 -0.887921 0.361409
vn -0.560524 -0.817737 -0.130842
vn 0.043215 -0.698459 0.714344
vn -0.088243 -0.736995 0.670113
vn -0.420347 -0.788457 0.449048
vn -0.590918 -0.806560 -0.016646
vn 0.091991 -0.486969 0.868561
vn 0.249783 -0.822254 0.511376
vn 0.609989 -0.752135 0.249413
vn 0.790245 -0.271640 0.549295
vn 0.532232 -0.334844 0.777566
vn 0.030510 -0.994612 0.099074
vn 0.209607 -0.975920 -0.060368
vn 0.248359 -0.230763 0.940780
vn 0.026665 -0.544208 0.838526
vn -0.167658 -0.908276 0.383309
vn -0.175621 -0.972751 0.151373
vn -0.279080 -0.717929 0.637724
vn 0.955301 0.184655 0.230875
vn 0.929887 -0.295926 -0.218490
vn 0.917206 -0.005519 -0.398376
vn 0.938296 0.337375 0.076021
vn 0.846279 0.433330 0.309898
vn 0.852033 0.388873 0.350452
vn 0.926696 -0.092729 0.364191
vn 0.814349 -0.580017 0.020378
vn 0.804415 0.429678 0.410237
vn 0.827081 0.353369 0.437113
vn 0.807686 0.244754 0.536413
vn -0.096187 -0.371751 0.923336
vn -0.510243 -0.682095 0.523831
vn -0.566082 -0.768305 0.298760
vn -0.598449 -0.790070 0.132848
vn 0.534569 0.498167 0.682690
vn 0.459011 0.631439 0.624975
vn 0.316451 0.440021 0.840381
vn 0.439889 0.041601 0.897088
vn 0.651985 0.440599 0.617081
vn -0.668577 0.220904 -0.710075
vn -0.402017 0.328971 -0.854494
vn -0.421167 -0.268857 -0.866218
vn -0.579951 -0.548532 -0.602304
vn -0.791791 -0.367533 -0.487838
vn -0.963411 0.078094 -0.256399
vn -0.775513 0.518006 -0.360902
vn -0.586201 -0.710541 -0.389231
vn -0.230251 -0.384702 -0.893862
vn -0.449654 -0.858594 -0.246228
vn -0.433404 -0.880121 -0.193771
vn -0.006250 0.568246 -0.822835
vn 0.261534 0.555885 -0.789045
vn -0.206610 0.687292 -0.696378
vn -0.452689 -0.876484 -0.163856
vn -0.413891 -0.841086 0.348236
vn -0.465855 -0.866180 0.180863
vn -0.393343 -0.610919 0.687066
vn -0.326350 -0.411723 0.850870
vn -0.260185 -0.239095 0.935488
vn -0.326233 -0.645870 0.690235
vn -0.387305 -0.891606 0.234593
vn -0.294807 -0.689633 0.661434
vn -0.235790 -0.208852 0.949096
vn -0.843242 -0.476696 -0.248403
vn -0.902576 -0.420154 -0.093954
vn -0.999092 -0.006450 0.042112
vn -0.702078 -0.630202 -0.331560
vn -0.810381 0.583944 0.047886
vn -0.686121 0.722504 -0.085005
vn -0.868878 0.419179 0.263325
vn -0.345223 0.345816 0.872486
vn -0.259732 0.409311 0.874645
vn -0.274532 0.809017 0.519734
vn -0.432130 0.758843 0.487259
vn -0.233831 -0.024019 0.971981
vn -0.541982 0.745502 0.387920
vn -0.482507 0.462254 0.743981
vn -0.194024 0.046873 0.979876
vn -0.132511 -0.049542 0.989943
vn -0.109008 -0.242915 0.963903
vn -0.191189 0.202880 0.960357
vn 0.007301 0.120365 0.992703
vn 0.063235 0.181959 0.981271
vn 0.043781 0.339360 0.939637
vn -0.141464 -0.205518 0.968375
vn 0.069781 -0.036955 0.996878
vn -0.562111 0.060059 0.824878
vn -0.436627 -0.369666 0.820185
vn -0.265658 0.554805 0.788427
vn -0.616619 0.422246 0.664447
vn 0.045861 0.563221 0.825033
vn 0.054482 0.192597 0.979764
vn 0.161951 0.138345 0.977053
vn 0.176180 0.330228 0.927314
vn 0.067551 0.358197 0.931199
vn -0.013190 0.397049 0.917703
vn -0.005692 0.241508 0.970382
vn 0.039043 0.119304 0.992090
vn 0.065693 0.133192 0.988911
vn 0.025409 0.999354 0.025424
vn -0.320313 0.946776 0.031853
vn -0.278839 0.944711 0.172541
vn 0.081156 0.966030 0.245357
vn -0.250881 0.965912 -0.063818
vn -0.396302 0.918003 -0.014630
vn 0.254565 0.966267 -0.039037
vn -0.020093 0.998026 -0.059505
vn 0.477363 0.809247 0.342407
vn 0.525547 0.833585 0.170108
vn 0.652575 0.751234 0.098965
vn 0.504818 0.861492 0.054687
vn 0.791888 0.581635 0.186048
vn 0.446562 0.889850 0.093540
vn 0.009695 -0.969718 0.244034
vn -0.030094 -0.998114 0.053507
vn -0.313254 -0.949225 -0.029044
vn -0.188538 -0.945136 0.266779
vn 0.032676 -0.826757 0.561609
vn 0.241150 -0.877826 0.413845
vn 0.296132 -0.931946 0.209242
vn -0.447056 -0.834627 0.321773
vn -0.757511 -0.630318 0.169929
vn -0.723865 -0.688635 0.042430
vn -0.581951 -0.809958 0.072814
vn -0.568405 -0.607772 0.554554
vn -0.822902 -0.471412 0.317179
vn 0.003908 -0.819897 0.572497
vn -0.178115 -0.628913 0.756798
vn -0.389174 -0.919726 0.051458
vn -0.109719 -0.966082 0.233769
vn 0.244136 -0.875186 0.417668
vn 0.687883 0.069529 0.722483
vn 0.575449 0.188397 0.795842
vn 0.576056 0.069169 0.814479
vn 0.567581 -0.052326 0.821653
vn 0.453614 -0.270202 0.849249
vn 0.607884 -0.316724 0.728123
vn 0.746854 -0.320033 0.582913
vn 0.825301 0.077811 0.559306
vn 0.636609 0.449858 0.626384
vn 0.509551 0.392536 0.765685
vn 0.736804 0.492848 0.462840
vn 0.025051 0.282207 0.959026
vn -0.020815 0.271063 0.962337
vn -0.041177 0.430076 0.901853
vn 0.007749 0.370756 0.928698
vn 0.161696 0.159467 0.973871
vn 0.108211 0.168669 0.979715
vn 0.042363 0.132863 0.990229
vn 0.274170 0.031547 0.961164
vn 0.191855 0.042755 0.980492
vn 0.188263 0.563848 0.804135
vn 0.184564 0.519380 0.834374
vn 0.253650 0.564459 0.785524
vn 0.270298 0.624545 0.732723
vn 0.153225 0.646277 0.747561
vn 0.092654 0.518328 0.850148
vn 0.166848 0.481432 0.860456
vn 0.296661 0.742702 0.600322
vn 0.340306 0.661787 0.668004
vn 0.415947 0.711600 0.566228
vn 0.453359 0.825176 0.336972
vn 0.353812 0.900474 0.252911
vn 0.213752 0.844148 0.491654
vn 0.090236 0.724867 0.682954
vn 0.216584 0.755862 0.617871
vn 0.070302 0.816399 0.573193
vn 0.224940 0.895949 0.382985
vn 0.381595 0.756250 0.531480
vn 0.216987 0.567105 0.794549
vn -0.015056 0.606862 0.794665
vn 0.467631 0.480379 0.741996
vn 0.277004 0.418060 0.865156
vn 0.446027 0.143381 0.883460
vn 0.040384 -0.188793 0.981186
vn 0.314417 0.654908 0.687196
vn 0.585575 0.442946 0.678897
vn 0.483402 0.013466 0.875295
vn 0.370139 0.009261 0.928930
vn 0.339598 -0.019069 0.940377
vn 0.439410 0.003248 0.898281
vn 0.487993 0.036357 0.872090
vn 0.393043 0.072548 0.916654
vn 0.530963 0.117270 0.839242
vn 0.546101 0.099497 0.831790
vn 0.564793 0.016329 0.825071
vn 0.570202 0.007579 0.821470
vn 0.577019 0.087188 0.812064
vn 0.210688 0.347150 0.913837
vn 0.380663 0.217939 0.898665
vn 0.231714 0.113819 0.966103
vn 0.062841 0.333626 0.940609
vn 0.717453 0.082502 0.691704
vn 0.614986 0.041896 0.787425
vn 0.652152 0.028299 0.757560
vn 0.736799 -0.003660 0.676102
vn 0.549315 0.123169 0.826488
vn 0.518881 0.020926 0.854590
vn 0.879007 0.002694 0.476801
vn 0.922232 0.104697 0.372192
vn 0.773123 0.199471 0.602074
vn 0.839386 -0.085223 0.536814
vn 0.675813 -0.000152 0.737073
vn 0.585719 0.026323 0.810087
vn 0.653284 -0.008551 0.757064
vn 0.592070 0.045822 0.804583
vn 0.752182 0.008612 0.658899
vn 0.761450 0.006155 0.648195
vn 0.355127 0.931342 -0.080546
vn 0.295101 0.931801 -0.211334
vn 0.307011 0.949742 0.061102
vn 0.308732 0.945607 0.102524
vn 0.420328 0.817379 -0.393975
vn 0.328897 0.823617 -0.462041
vn 0.472070 0.880875 -0.034770
vn 0.282972 0.939927 0.190954
vn 0.261312 0.943592 0.203348
vn 0.878101 0.477785 0.025718
vn 0.942761 0.331481 0.036361
vn 0.867410 0.203310 0.454164
vn 0.825729 0.446739 0.344377
vn 0.714700 0.637372 -0.288029
vn 0.770182 0.496341 -0.400580
vn 0.696425 0.717221 0.024194
vn 0.464254 0.885105 0.032530
vn 0.471700 0.841450 -0.263556
vn 0.607090 0.718415 0.339591
vn 0.341234 0.938895 0.045128
vn 0.298659 0.894452 -0.332805
vn 0.468834 0.762227 0.446323
vn 0.160831 -0.155877 -0.974595
vn 0.136500 -0.296638 -0.945184
vn 0.122348 -0.167403 -0.978267
vn 0.123514 0.048741 -0.991145
vn 0.220131 0.076214 -0.972488
vn 0.308358 0.112907 -0.944546
vn 0.211694 -0.100143 -0.972192
vn -0.891609 0.088970 -0.443979
vn -0.962216 0.168103 -0.214198
vn -0.973984 0.041612 -0.222763
vn -0.870777 0.005628 -0.491647
vn -0.818640 0.133597 -0.558552
vn -0.920224 0.268322 -0.284941
vn 0.312095 -0.858597 -0.406704
vn 0.373765 -0.908744 -0.185699
vn 0.211201 -0.966511 -0.145775
vn 0.202510 -0.920880 -0.333120
vn 0.201651 -0.840476 -0.502929
vn 0.260607 -0.807186 -0.529656
vn 0.425012 -0.787550 -0.446238
vn 0.512889 -0.823602 -0.242124
vn -0.306830 0.772014 -0.556641
vn -0.368024 0.746162 -0.554797
vn -0.256443 0.643144 -0.721528
vn -0.217509 0.712171 -0.667460
vn -0.306762 0.861899 -0.403767
vn -0.419571 0.842234 -0.338529
vn -0.184005 0.837123 -0.515139
vn -0.090110 -0.080774 0.992651
vn -0.042304 -0.126987 0.991002
vn -0.157528 -0.045459 0.986468
vn -0.187611 -0.067423 0.979927
vn -0.092541 -0.103791 0.990285
vn 0.771812 0.632490 -0.065287
vn 0.754234 0.649537 0.096086
vn 0.837391 0.537115 0.101406
vn 0.808728 0.587446 0.029428
vn 0.645274 0.762686 0.043948
vn 0.850880 0.521926 -0.059973
vn 0.839804 0.491810 -0.229897
vn 0.746122 0.611778 -0.262734
vn 0.822826 0.565120 0.059978
vn 0.851041 0.392342 -0.348995
vn 0.942943 -0.224361 -0.246010
vn 0.907514 0.409313 -0.094240
vn 0.999996 0.001099 -0.002613
vn 0.627609 0.763119 -0.154133
vn 0.737772 0.672857 -0.054367
vn 0.606194 0.711339 -0.355704
vn 0.467844 0.865966 -0.176703
vn 0.632746 0.549338 -0.545766
vn 0.077963 0.425505 0.901592
vn 0.218899 0.033654 0.975167
vn 0.281614 0.402996 0.870797
vn 0.001763 -0.650676 0.759353
vn 0.346892 0.681346 0.644542
vn 0.347435 0.579084 0.737530
vn 0.333713 0.513141 0.790773
vn 0.082592 -0.050938 0.995281
vn -0.199864 -0.645648 0.737016
vn -0.943003 -0.205633 0.261651
vn -0.816179 -0.435308 0.379945
vn -0.742607 -0.471672 0.475458
vn -0.739477 -0.410361 0.533646
vn -0.678899 -0.338273 0.651666
vn -0.863030 -0.028023 0.504374
vn -0.953533 -0.279339 -0.112891
vn -0.837535 -0.487558 0.246623
vn -0.855102 0.492951 0.160623
vn -0.868906 0.404910 -0.284692
vn -0.684742 0.256586 -0.682123
vn -0.992497 0.005179 -0.122160
vn -0.999091 -0.042086 -0.006806
vn -0.975847 -0.177413 0.127464
vn -0.975370 -0.122219 0.183619
vn -0.971602 -0.005044 -0.236566
vn -0.998343 0.049622 -0.029132
vn -0.989175 0.144764 -0.024003
vn -0.955905 -0.000065 0.293676
vn -0.873029 0.009775 -0.487571
vn -0.420283 0.128938 0.898186
vn -0.306331 0.223317 0.925360
vn -0.595814 0.141116 0.790628
vn -0.484861 0.340437 0.805613
vn -0.468833 0.490629 0.734492
vn -0.395412 0.490458 0.776595
vn -0.472632 0.461143 0.750977
vn -0.582200 0.483917 0.653351
vn -0.556072 0.489868 0.671426
vn -0.557750 0.500566 0.662079
vn -0.412823 0.378915 0.828252
vn 0.974401 -0.059604 0.216774
vn 0.855234 0.266005 0.444766
vn 0.758879 0.138883 0.636251
vn 0.887909 -0.122233 0.443482
vn 0.989943 0.090973 0.108341
vn 0.879061 0.377005 0.291751
vn 0.900384 -0.337772 0.274260
vn 0.946067 -0.296063 0.131546
vn 0.972983 -0.229201 0.027783
vn 0.987350 -0.157814 -0.015309
vn 0.948204 -0.316171 0.030749
vn -0.298073 0.104762 0.948777
vn -0.376902 0.096305 0.921233
vn 0.026328 0.010564 0.999598
vn 0.196551 -0.207035 0.958386
vn -0.122298 -0.975577 -0.182461
vn -0.358892 -0.914464 -0.186954
vn 0.328253 -0.898541 -0.291330
vn 0.388647 -0.736855 -0.553170
vn -0.673772 -0.738556 0.023803
vn -0.688480 -0.717871 -0.103233
vn -0.840136 -0.537523 -0.072391
vn -0.781486 -0.617874 0.086672
vn -0.591957 -0.748641 0.298535
vn -0.524152 -0.840248 0.138741
vn -0.531222 -0.846039 -0.044968
vn 0.400778 -0.849886 -0.342156
vn 0.491358 -0.795406 -0.354820
vn 0.406566 -0.713723 -0.570354
vn 0.317814 -0.816187 -0.482528
vn 0.342326 -0.930820 -0.128012
vn 0.474327 -0.876362 -0.083692
vn 0.215928 -0.943436 -0.251604
vn -0.324028 0.895025 -0.306490
vn -0.300688 0.812358 -0.499661
vn -0.383378 0.749297 -0.539977
vn -0.481056 0.809443 -0.336731
vn -0.244684 0.860915 -0.446043
vn -0.254120 0.811448 -0.526284
vn -0.549582 0.828554 -0.107044
vn -0.373507 0.926175 -0.051883
vn -0.171998 0.984925 -0.018444
vn -0.170172 0.959594 -0.224099
vn -0.163107 0.899859 -0.404538
vn 0.862068 -0.000614 -0.506792
vn 0.957837 -0.094919 -0.271179
vn 0.958545 0.044847 -0.281389
vn 0.820877 0.097752 -0.562678
vn 0.780962 -0.046300 -0.622860
vn 0.910231 -0.204319 -0.360186
vn 0.661208 0.078508 -0.746083
vn -0.127790 0.026396 -0.991450
vn -0.080065 0.178518 -0.980674
vn -0.059568 0.258464 -0.964182
vn -0.249253 -0.058465 -0.966672
vn -0.121535 0.138315 -0.982903
vn -0.007679 0.021112 -0.999748
vn -0.002391 -0.266307 -0.963885
vn -0.160154 -0.281022 -0.946244
vn -0.309326 -0.315330 -0.897154
vn 0.158351 -0.895406 0.416140
vn 0.668662 -0.694749 0.264980
vn 0.699165 -0.624618 0.347881
vn 0.268691 -0.827673 0.492709
vn 0.493254 -0.809836 0.317595
vn 0.702922 -0.672578 0.231386
vn -0.116382 -0.889011 0.442849
vn -0.133353 -0.810161 0.570838
vn -0.242393 -0.827074 0.507143
vn -0.357596 -0.799750 0.482208
vn 0.941669 -0.313722 0.121807
vn 0.957966 -0.267216 0.104389
vn 0.880898 -0.430320 0.197086
vn -0.976340 0.083627 0.199416
vn -0.993277 -0.072626 0.090151
vn -0.875481 -0.398879 0.272817
vn -0.858628 -0.293106 0.420532
vn -0.766807 -0.178898 0.616444
vn -0.894861 0.121225 0.429568
vn -0.954653 0.297032 0.020239
vn -0.974820 0.219657 -0.038425
vn -0.896138 0.356393 0.264426
vn -0.935657 0.329182 0.127220
vn -0.928084 0.369590 0.045432
vn 0.411993 -0.427832 0.804501
vn 0.362184 -0.319160 0.875763
vn 0.322169 -0.326829 0.888476
vn 0.424761 -0.429478 0.796949
vn 0.564213 -0.444466 0.695783
vn 0.522413 -0.455714 0.720701
vn 0.512166 -0.471249 0.718060
vn 0.425571 -0.464351 0.776703
vn 0.442449 -0.237613 0.864742
vn 0.597336 -0.240554 0.765064
vn 0.493129 -0.401401 0.771817
vn 0.341441 -0.313531 0.886068
vn 0.995714 0.079122 -0.047884
vn 0.995801 0.005309 0.091385
vn 0.968829 0.197448 0.149615
vn 0.996929 0.028686 -0.072861
vn 0.985812 -0.096082 0.137636
vn 0.998972 0.045206 0.003462
vn 0.960036 -0.038150 -0.277265
vn 0.946314 0.052553 -0.318948
vn 0.952575 0.165484 0.255374
vn 0.940962 0.096313 -0.324520
vn 0.315078 -0.380641 0.869390
vn 0.449956 -0.245077 0.858765
vn 0.668952 0.139449 0.730108
vn 0.518858 -0.078401 0.851258
vn -0.390284 0.777029 -0.493868
vn -0.154857 -0.481310 0.862763
vn -0.254481 -0.727157 0.637559
vn -0.162495 0.399604 0.902171
vn -0.660482 -0.750631 -0.017777
vn -0.764910 -0.642248 0.049295
vn -0.751944 -0.655941 -0.065739
vn -0.758888 -0.619751 -0.199993
vn -0.712559 -0.601371 -0.361404
vn -0.767223 -0.636173 -0.081566
vn 0.113412 0.046684 0.992451
vn 0.235038 -0.010553 0.971929
vn 0.124878 0.030559 0.991701
vn 0.257209 0.033700 0.965768
vn 0.147972 0.077312 0.985965
vn 0.284669 0.119455 0.951154
vn 0.169902 0.165815 0.971411
vn 0.328653 0.222934 0.917762
vn 0.198679 0.304000 0.931725
vn 0.401452 0.327349 0.855382
vn 0.254437 0.468820 0.845854
vn 0.337271 0.611176 0.716040
vn 0.072961 0.750539 0.656787
vn 0.421330 0.731614 0.535930
vn 0.091522 0.888545 0.449568
vn -0.260381 0.893831 0.365059
vn -0.261584 0.768354 0.584129
vn -0.601566 0.655750 0.456190
vn -0.564615 0.788116 0.245119
vn -0.515622 0.852451 0.086377
vn -0.476087 0.879335 0.010573
vn -0.550017 0.831302 -0.080114
vn -0.546197 0.793510 -0.268349
vn -0.471624 0.881570 0.020141
vn -0.468444 0.883493 -0.000736
vn -0.387150 0.917807 -0.088010
vn -0.436573 0.882086 0.177000
vn -0.307596 0.938114 0.159143
vn -0.122729 0.987437 0.099527
vn -0.211867 0.954943 -0.207835
vn 0.095831 0.994730 0.036450
vn 0.013648 0.949503 -0.313461
vn 0.303031 0.952835 0.016640
vn 0.243710 0.909554 -0.336626
vn 0.468210 0.880054 0.079272
vn 0.448734 0.859292 -0.245470
vn 0.581977 0.788788 0.197779
vn 0.597218 0.793515 -0.116895
vn 0.478490 0.569179 -0.668643
vn -0.089899 -0.303966 -0.948432
vn 0.707809 0.705981 -0.024441
vn 0.639564 0.525774 -0.560820
vn 0.078671 -0.223400 -0.971547
vn -0.461863 -0.737679 -0.492455
vn -0.477612 -0.804536 -0.352999
vn 0.755238 0.406107 -0.514483
vn 0.206490 -0.247621 -0.946597
vn -0.410510 -0.695069 -0.590220
vn -0.582798 -0.781955 -0.221116
vn -0.575452 -0.811117 -0.104616
vn 0.293308 -0.368112 -0.882306
vn -0.346967 -0.704416 -0.619203
vn -0.558779 -0.772082 -0.302745
vn -0.272420 -0.759770 -0.590370
vn -0.514716 -0.786986 -0.340178
vn 0.367957 -0.539410 -0.757394
vn 0.847067 0.222972 -0.482454
vn 0.799032 0.601210 0.009779
vn 0.878056 0.477804 0.026845
vn 0.743748 0.591625 0.311156
vn 0.807492 0.509099 0.297951
vn 0.748020 0.436174 0.500218
vn 0.794473 0.422076 0.436652
vn 0.669612 0.242977 0.701842
vn 0.748391 0.332444 0.573927
vn 0.766092 0.370902 0.524914
vn 0.803767 0.415686 0.425633
vn 0.746738 0.430779 0.506766
vn 0.771736 0.458151 0.441045
vn 0.681063 0.529293 0.505967
vn 0.686179 0.559938 0.464358
vn 0.692674 0.554850 0.460809
vn 0.527102 0.700327 0.481358
vn 0.511213 0.710593 0.483444
vn 0.482177 0.704333 0.520980
vn 0.684897 0.525642 0.504595
vn 0.433586 0.681925 0.589051
vn 0.645848 0.482030 0.592053
vn 0.565149 0.426532 0.706171
vn 0.718615 0.133793 0.682416
vn 0.436602 0.362622 0.823337
vn 0.536947 0.063528 0.841220
vn 0.295515 0.323882 0.898761
vn 0.322274 0.071774 0.943922
vn 0.192128 0.843065 0.502322
vn 0.142271 0.819985 0.554423
vn -0.181162 0.874786 0.449366
vn -0.216672 0.843042 0.492273
vn -0.580476 0.732010 0.356665
vn -0.591173 0.698961 0.402453
vn -0.608530 0.623657 0.490656
vn -0.886345 0.374636 0.272105
vn -0.886955 0.291195 0.358491
vn -0.862027 0.130000 0.489907
vn -0.613110 0.466479 0.637569
vn -0.765201 -0.096820 0.636469
vn -0.565481 0.229751 0.792115
vn -0.917980 -0.257519 0.301655
vn -0.789078 -0.437397 0.431323
vn -0.560323 -0.603190 0.567627
vn -0.248160 -0.696150 0.673641
vn 0.131281 -0.857905 0.496753
vn 0.081967 -0.702733 0.706716
vn 0.411540 -0.787184 0.459322
vn 0.382693 -0.639399 0.666869
vn 0.314404 -0.436662 0.842898
vn 0.625355 -0.533762 0.569236
vn 0.562022 -0.334393 0.756514
vn 0.418710 -0.105098 0.902018
vn 0.754828 -0.217166 0.618929
vn 0.609685 0.021072 0.792363
vn 0.370013 0.238056 0.898009
vn 0.205434 0.115520 0.971829
vn 0.096502 0.390145 0.915682
vn 0.504775 0.371625 0.779165
vn 0.189736 0.509886 0.839057
vn -0.088620 0.547657 0.831997
vn -0.135932 0.466885 0.873808
vn -0.295689 0.490820 0.819551
vn -0.407512 0.511901 0.756235
vn -0.474780 0.526254 0.705437
vn -0.477388 0.583856 0.656668
vn -0.428180 0.564039 0.706061
vn -0.464637 0.671274 0.577497
vn -0.440204 0.659683 0.609129
vn -0.421253 0.786750 0.451188
vn -0.420777 0.788199 0.449098
vn -0.459005 0.769660 0.443778
vn -0.359005 0.908438 0.214141
vn -0.533266 0.732050 0.423945
vn -0.591043 0.696939 0.406133
vn -0.577827 0.517165 0.631392
vn -0.523479 0.806967 0.273447
vn -0.583593 0.694765 0.420381
vn -0.596770 0.509730 0.619710
vn -0.509922 0.290109 0.809825
vn -0.467626 0.305946 0.829290
vn -0.362100 0.192456 0.912055
vn -0.234797 0.341967 0.909906
vn -0.063942 0.461844 0.884653
vn -0.415763 0.808844 0.415827
vn -0.231241 0.757129 0.610969
vn -0.476370 0.861526 0.175629
vn -0.368873 0.849419 0.377387
vn -0.195535 0.774469 0.601634
vn -0.337507 0.880840 0.331980
vn -0.187019 0.797425 0.573705
vn -0.278985 0.925081 0.257668
vn -0.433784 0.894700 0.106506
vn -0.359345 0.932348 0.039980
vn -0.239486 0.970380 -0.031760
vn -0.160099 0.970819 0.178547
vn -0.106759 0.989672 -0.095664
vn -0.013427 0.989563 0.143471
vn -0.004682 0.990363 -0.138415
vn 0.099209 0.983552 0.150939
vn 0.197413 0.885141 0.421371
vn 0.243047 0.733399 0.634865
vn 0.171871 0.970974 0.166340
vn 0.256729 0.859223 0.442522
vn 0.288350 0.719226 0.632114
vn 0.270088 0.606615 0.747711
vn 0.225744 0.601691 0.766165
vn 0.300993 0.840166 0.451137
vn 0.326043 0.714884 0.618577
vn 0.305437 0.624195 0.719088
vn 0.371214 0.719562 0.586883
vn 0.223426 0.532471 0.816428
vn 0.162332 0.478650 0.862869
vn 0.078434 0.427270 0.900716
vn -0.056119 0.355059 0.933158
vn -0.004078 0.241725 0.970336
vn 0.064599 0.178106 0.981889
vn 0.349153 0.823586 0.446987
vn 0.451925 0.730404 0.512128
vn 0.577785 0.740030 0.344268
vn 0.543811 0.750972 0.374581
vn 0.682985 0.726889 0.071862
vn 0.664083 0.742870 0.084489
vn 0.580299 0.813721 0.033345
vn 0.709931 0.665936 -0.229187
vn 0.605372 0.737786 -0.298658
vn 0.396115 0.817622 -0.417836
vn 0.192706 0.852743 -0.485483
vn 0.109028 0.707546 -0.698206
vn 0.073184 0.865903 -0.494829
vn -0.004401 0.699405 -0.714712
vn -0.048401 0.524512 -0.850026
vn 0.052954 0.529641 -0.846567
vn -0.057574 0.375870 -0.924882
vn 0.049905 0.380209 -0.923553
vn 0.069358 0.299781 -0.951483
vn 0.268324 0.338795 -0.901787
vn 0.072855 0.270489 -0.959962
vn 0.277210 0.336169 -0.900081
vn 0.064021 0.258671 -0.963841
vn 0.268061 0.325354 -0.906801
vn 0.061899 0.232159 -0.970706
vn 0.268568 0.273561 -0.923599
vn 0.403024 0.278606 -0.871751
vn 0.396568 0.135794 -0.907906
vn 0.408083 0.100385 -0.907409
vn 0.448997 0.280144 -0.848482
vn 0.363733 0.089598 -0.927184
vn 0.428210 0.285753 -0.857310
vn 0.331719 -0.130326 -0.934333
vn 0.251539 -0.133276 -0.958627
vn 0.152230 -0.100155 -0.983257
vn 0.038371 -0.039128 -0.998497
vn 0.069597 -0.359217 -0.930655
vn -0.042416 -0.295252 -0.954477
vn -0.157557 -0.206283 -0.965724
vn -0.258422 -0.109578 -0.959797
vn -0.064362 0.022210 -0.997679
vn -0.267571 -0.446692 -0.853740
vn -0.373759 -0.337978 -0.863756
vn -0.469375 -0.217153 -0.855881
vn -0.543513 -0.093993 -0.834122
vn -0.566962 -0.423155 -0.706749
vn -0.654815 -0.294480 -0.696059
vn -0.725360 -0.158901 -0.669779
vn -0.775410 -0.028322 -0.630823
vn -0.603198 0.032602 -0.796925
vn -0.787876 -0.346506 -0.509102
vn -0.852233 -0.208144 -0.479974
vn -0.892126 -0.073107 -0.445833
vn -0.907190 0.039176 -0.418894
vn -0.804747 0.073822 -0.589010
vn -0.926725 -0.246253 -0.283795
vn -0.962535 -0.100231 -0.251951
vn -0.971150 0.033661 -0.236083
vn -0.991792 -0.118546 -0.047916
vn -0.954290 -0.285967 -0.086912
vn -0.929407 -0.350934 0.114228
vn -0.970456 -0.152584 0.186906
vn -0.862028 -0.234053 0.449584
vn -0.612757 -0.336526 0.715037
vn -0.580971 -0.008907 0.813875
vn -0.244896 -0.372673 0.895065
vn -0.223886 -0.076949 0.971573
vn 0.109272 -0.307359 0.945299
vn 0.096091 -0.087053 0.991558
vn 0.139449 0.120906 0.982820
vn 0.342897 -0.038113 0.938599
vn 0.359127 0.111344 0.926623
vn 0.367879 -0.175079 0.913243
vn 0.515428 -0.044249 0.855790
vn 0.577451 0.029767 0.815882
vn 0.545039 0.092537 0.833288
vn 0.491145 0.188346 0.850472
vn 0.431931 0.135932 0.891604
vn 0.513370 0.069108 0.855380
vn 0.196207 -0.496392 0.845634
vn 0.365316 -0.618779 0.695455
vn 0.544026 -0.640138 0.542457
vn 0.433270 -0.830605 0.349817
vn 0.664645 -0.596496 0.449933
vn 0.820700 -0.302096 0.484963
vn 0.890002 0.059464 0.452063
vn 0.731807 -0.544690 0.409600
vn 0.850776 -0.294545 0.435228
vn 0.916978 0.005255 0.398902
vn 0.884832 0.366896 0.287158
vn 0.814254 0.470301 0.340304
vn 0.844681 -0.306631 0.438738
vn 0.909982 -0.072695 0.408226
vn 0.920849 0.219830 0.322042
vn 0.871272 -0.149308 0.467539
vn 0.910849 0.096072 0.401402
vn 0.833696 0.469865 0.290134
vn 0.864060 -0.007779 0.503328
vn 0.837072 0.401280 0.371867
vn 0.406815 0.903589 0.134271
vn -0.165058 0.985606 -0.036548
vn 0.816556 0.276646 0.506658
vn 0.374507 0.897536 0.232750
vn -0.317293 0.947371 0.042577
vn -0.543111 0.831061 0.119871
vn -0.408965 0.912303 -0.021244
vn 0.239065 0.835273 0.495144
vn -0.371574 0.826566 0.422754
vn -0.609905 0.641924 0.464704
vn -0.572130 0.541040 0.616396
vn -0.580051 0.773875 0.254283
vn -0.122019 0.444643 0.887358
vn -0.231659 0.215153 0.948706
vn -0.236937 0.117438 0.964401
vn 0.421180 -0.131038 0.897461
vn 0.284200 -0.210464 0.935380
vn 0.207542 -0.255975 0.944141
vn 0.622646 -0.268268 0.735081
vn 0.523159 -0.359079 0.772895
vn 0.441778 -0.444510 0.779258
vn 0.164587 -0.322096 0.932290
vn 0.352153 -0.552153 0.755722
vn 0.110081 -0.445241 0.888618
vn 0.225607 -0.681289 0.696381
vn 0.006482 -0.606892 0.794758
vn -0.149798 -0.786015 0.599784
vn -0.317029 -0.911738 0.261201
vn -0.371275 -0.893085 0.254074
vn -0.432446 -0.899223 -0.066250
vn -0.466390 -0.876570 -0.118764
vn -0.542719 -0.798524 -0.260415
vn -0.397154 -0.902362 -0.167364
vn -0.527630 -0.821243 -0.217178
vn -0.275336 -0.955547 -0.105453
vn -0.433472 -0.895136 -0.104084
vn -0.659379 -0.728353 -0.186335
vn -0.130299 -0.989708 -0.059156
vn 0.190184 -0.977440 0.091878
vn 0.028522 -0.998862 0.038228
vn 0.323179 -0.925783 0.196166
vn 0.133685 -0.971293 0.196772
vn -0.171903 -0.984757 0.026527
vn 0.447457 -0.860204 0.244604
vn 0.625867 -0.693188 0.357465
vn 0.560151 -0.760891 0.327528
vn 0.496495 -0.792719 0.353680
vn 0.625833 -0.641443 0.443716
vn 0.721891 -0.489172 0.489474
vn 0.751265 -0.507828 0.421559
vn 0.423423 -0.735501 0.528915
vn 0.538343 -0.603079 0.588628
vn 0.627102 -0.478834 0.614378
vn 0.707336 -0.357977 0.609531
vn 0.802319 -0.330990 0.496720
vn 0.789435 -0.217570 0.573982
vn 0.744360 -0.112460 0.658241
vn 0.510347 0.282995 0.812071
vn -0.573327 -0.816408 -0.069100
vn -0.675906 -0.736291 -0.032044
vn -0.781558 -0.621762 -0.050777
vn -0.745048 -0.657233 -0.113789
vn -0.896681 -0.442276 0.018836
vn -0.781409 -0.623416 -0.027447
vn -0.846290 -0.527846 0.071923
vn -0.889856 -0.358307 0.282440
vn -0.968165 -0.151877 0.198972
vn -0.810914 -0.139804 0.568219
vn -0.875041 0.183445 0.447941
vn -0.769725 -0.580378 0.265866
vn -0.677372 -0.489516 0.549128
vn -0.630700 -0.755820 0.175937
vn -0.518041 -0.749950 0.411350
vn -0.504379 -0.860732 0.068858
vn -0.392002 -0.888737 0.237655
vn -0.417016 -0.908727 -0.017709
vn -0.332227 -0.939036 0.088529
vn -0.363368 -0.928797 -0.072797
vn -0.321182 -0.946998 -0.006119
vn -0.247637 -0.968839 0.005134
vn -0.330717 -0.942984 -0.037523
vn -0.331396 -0.942468 -0.043935
vn -0.333019 -0.937115 -0.104468
vn -0.163250 -0.984650 -0.061755
vn -0.482501 -0.872196 -0.080413
vn -0.539959 -0.828828 -0.146593
vn -0.723026 -0.686912 -0.073382
vn -0.772590 -0.623478 -0.119916
vn -0.648638 -0.761093 -0.002539
vn -0.816295 -0.563452 0.127215
vn -0.889124 -0.455958 0.039506
vn -0.974516 -0.115572 0.192255
vn -0.992453 -0.030175 0.118858
vn -0.925110 -0.379331 -0.016726
vn -0.997064 0.007002 0.076248
vn -0.939927 -0.338072 -0.047387
vn -0.799264 -0.585016 -0.137597
vn -0.944470 -0.322003 -0.065500
vn -0.809941 -0.566940 -0.150248
vn -0.946423 -0.315033 -0.070975
vn -0.820093 -0.550414 -0.156501
vn -0.670824 -0.710667 -0.212009
vn -0.832773 -0.536965 -0.134748
vn -0.687250 -0.705195 -0.174317
vn -0.567770 -0.808853 -0.152951
vn -0.947229 -0.316235 -0.052468
vn -0.938251 -0.345930 0.004321
vn -0.991651 -0.082171 0.099384
vn -0.958608 -0.219897 0.180876
vn -0.882221 -0.450732 0.136116
vn -0.997961 -0.022473 0.059733
vn -0.910715 0.354051 0.212711
vn -0.998917 0.002813 0.046452
vn -0.900565 0.387910 0.196234
vn -0.586811 0.731100 0.348059
vn -0.596120 0.708218 0.378244
vn -0.998501 0.012842 0.053205
vn -0.891589 0.406519 0.199530
vn -0.579813 0.740118 0.340650
vn -0.156486 0.886403 0.435662
vn -0.141378 0.882914 0.447744
vn -0.886015 0.406632 0.222774
vn 0.257000 0.837065 0.482985
vn 0.280557 0.810294 0.514501
vn -0.131351 0.865178 0.483957
vn 0.230037 0.847541 0.478285
vn 0.305630 0.759565 0.574152
vn 0.565479 0.593587 0.572615
vn 0.542390 0.666335 0.511674
vn 0.678335 0.443313 0.585949
vn 0.718096 0.330133 0.612659
vn 0.643001 0.100593 0.759231
vn 0.651881 0.257004 0.713443
vn 0.419710 -0.295563 0.858188
vn 0.489824 -0.087700 0.867399
vn 0.040115 -0.661468 0.748899
vn 0.102787 -0.472768 0.875172
vn -0.316353 -0.796952 0.514575
vn -0.348362 -0.660540 0.665080
vn -0.424339 -0.388132 0.818101
vn -0.697918 -0.610338 0.374698
vn -0.799126 -0.391656 0.456074
vn -0.835800 -0.027638 0.548339
vn -0.347880 -0.884017 0.312239
vn -0.104147 -0.811216 0.575397
vn 0.263916 -0.508578 0.819571
vn 0.574236 -0.069130 0.815766
vn 0.712817 0.232166 0.661808
vn -0.322374 -0.942354 -0.089684
vn -0.309054 -0.932262 -0.188080
vn -0.223217 -0.958521 -0.177231
vn -0.379077 -0.908625 -0.175218
vn -0.379381 -0.875777 -0.298470
vn -0.296208 -0.901365 -0.315914
vn -0.451106 -0.881319 -0.140646
vn -0.546865 -0.832756 -0.086349
vn -0.290395 -0.838308 -0.461422
vn -0.174644 -0.858007 -0.483036
vn -0.191734 -0.927820 -0.319981
vn -0.378358 -0.819039 -0.431301
vn -0.390606 -0.727925 -0.563518
vn -0.297276 -0.729216 -0.616336
vn -0.312472 -0.556597 -0.769780
vn -0.167270 -0.542101 -0.823497
vn -0.168456 -0.734699 -0.657145
vn -0.415035 -0.583921 -0.697697
vn -0.417857 -0.371323 -0.829165
vn -0.478367 -0.616883 -0.624997
vn -0.497700 -0.429510 -0.753536
vn -0.419524 -0.172243 -0.891253
vn -0.342069 -0.115673 -0.932528
vn -0.492464 -0.653342 -0.574999
vn -0.415820 -0.695665 -0.585785
vn -0.242581 -0.723484 -0.646317
vn -0.231061 -0.707689 -0.667673
vn 0.014974 -0.620123 -0.784362
vn -0.298185 -0.693410 -0.655948
vn -0.064935 -0.594496 -0.801472
vn 0.173057 -0.388400 -0.905095
vn 0.263027 -0.371223 -0.890511
vn 0.379022 -0.079683 -0.921951
vn -0.162635 -0.534149 -0.829599
vn -0.380936 -0.626816 -0.679698
vn -0.472693 -0.535424 -0.699917
vn -0.621301 -0.577884 -0.529184
vn -0.707019 -0.472423 -0.526251
vn -0.789465 -0.506670 -0.346455
vn -0.865228 -0.387103 -0.318640
vn -0.820818 -0.542298 -0.179361
vn -0.891377 -0.432297 -0.136262
vn -0.802551 -0.594930 -0.044378
vn -0.863728 -0.503106 0.029282
vn -0.740352 -0.671542 -0.030182
vn -0.166179 0.106398 -0.980339
vn -0.008547 -0.532442 -0.846423
vn -0.022179 -0.736823 -0.675722
vn -0.039553 -0.869773 -0.491865
vn 0.113145 -0.727690 -0.676510
vn 0.093080 -0.864286 -0.494313
vn 0.076326 -0.946898 -0.312344
vn -0.062754 -0.947250 -0.314292
vn 0.054713 -0.989701 -0.132280
vn -0.099491 -0.983544 -0.150804
vn 0.208391 -0.976670 0.051848
vn 0.406722 -0.913304 0.021299
vn 0.417960 -0.876399 0.239236
vn 0.177786 -0.946507 0.269289
vn 0.571137 -0.819914 -0.039292
vn 0.609756 -0.774903 0.166505
vn 0.631629 -0.681159 0.370227
vn 0.740112 -0.668366 0.074301
vn 0.778950 -0.572886 0.255027
vn 0.796447 -0.424306 0.430856
vn 0.864921 -0.482893 0.136846
vn 0.820462 -0.571423 -0.017801
vn 0.866791 -0.489586 -0.094752
vn 0.906990 -0.419734 0.034544
vn 0.894085 -0.423327 -0.146312
vn 0.921085 -0.387823 -0.034573
vn 0.925168 -0.375361 -0.056296
vn 0.927907 -0.372766 -0.005803
vn 0.860417 -0.508987 0.024789
vn 0.931217 -0.364032 -0.017796
vn 0.824326 -0.566029 -0.009854
vn 0.932124 -0.357911 -0.055176
vn 0.790842 -0.611289 -0.029917
vn 0.931532 -0.355611 -0.076087
vn 0.992904 -0.112195 -0.039422
vn 0.986066 0.153781 0.063454
vn 0.994752 -0.100791 -0.017615
vn 0.983624 0.169546 0.061140
vn 0.864481 0.460159 0.202302
vn 0.871974 0.436357 0.221932
vn 0.981693 -0.163998 0.096873
vn 0.887255 -0.311766 0.339970
vn 0.438758 -0.742248 0.506517
vn 0.664606 -0.418476 0.619012
vn 0.145455 -0.767236 0.624653
vn 0.396432 -0.411429 0.820712
vn 0.488694 0.182113 0.853237
vn 0.136950 0.628652 0.765533
vn 0.410438 0.595510 0.690586
vn 0.095120 0.762290 0.640208
vn 0.359595 0.752016 0.552417
vn 0.054455 0.800933 0.596273
vn 0.343415 0.788853 0.509683
vn 0.629044 0.682725 0.371738
vn 0.323834 0.778248 0.538016
vn 0.635681 0.661378 0.398107
vn 0.296873 0.727759 0.618250
vn 0.632121 0.606673 0.482050
vn 0.255561 0.632973 0.730776
vn 0.596726 0.504270 0.624203
vn -0.029797 0.731594 0.681090
vn -0.060105 0.645348 0.761520
vn 0.009645 0.785366 0.618957
vn -0.266730 0.705014 0.657123
vn -0.501218 0.537441 0.678187
vn -0.218811 0.731647 0.645611
vn -0.181220 0.688806 0.701930
vn -0.194315 0.532097 0.824084
vn -0.666914 0.277000 0.691735
vn -0.720326 -0.026179 0.693142
vn -0.670450 -0.012867 0.741844
vn -0.618862 -0.289370 0.730257
vn -0.529909 -0.251876 0.809787
vn -0.579525 0.002356 0.814951
vn -0.667317 -0.314167 0.675268
vn -0.529490 -0.566038 0.631855
vn -0.483045 -0.534918 0.693203
vn -0.677134 -0.321239 0.662039
vn -0.540107 -0.575288 0.614271
vn -0.328677 -0.775032 0.539719
vn -0.312933 -0.770944 0.554723
vn -0.645001 -0.263249 0.717408
vn -0.514711 -0.552414 0.655676
vn -0.285619 -0.763308 0.579467
vn -0.023697 -0.868279 0.495509
vn -0.072652 -0.897073 0.435869
vn 0.201994 -0.932757 0.298602
vn 0.261290 -0.926135 0.272033
vn -0.038171 -0.900715 0.432730
vn 0.248924 -0.887688 0.387359
vn 0.363318 -0.882241 0.299417
vn 0.050622 -0.876775 0.478229
vn -0.251995 -0.745748 0.616733
vn 0.496561 -0.788639 0.362596
vn 0.728766 -0.666086 0.158838
vn 0.636802 -0.761817 0.118818
vn 0.554358 -0.826106 0.101170
vn -0.412236 -0.197115 0.889498
vn -0.462986 0.018949 0.886163
vn -0.356861 0.035869 0.933469
vn -0.383008 0.228530 0.895030
vn -0.312906 -0.144098 0.938790
vn -0.254395 -0.127487 0.958661
vn -0.273536 0.044396 0.960837
vn -0.212328 0.040330 0.976366
vn -0.281201 0.239117 0.929381
vn -0.318695 0.231964 0.919036
vn -0.216413 -0.153185 0.964209
vn -0.407365 0.379781 0.830554
vn -0.393548 0.378763 0.837651
vn -0.557834 0.430421 0.709619
vn -0.500302 0.454725 0.736833
vn -0.642393 0.458141 0.614360
vn -0.721816 0.403729 0.562125
vn -0.876093 0.307493 0.371361
vn -0.802105 0.395941 0.447055
vn -0.649771 0.342591 0.678549
vn -0.799852 0.294184 0.523157
vn -0.930485 0.186648 0.315214
vn -0.991659 0.044177 0.121079
vn -0.972447 0.167184 0.162471
vn -0.988977 0.147227 0.015804
vn -0.929935 0.280011 0.238359
vn -0.960711 0.272189 0.054295
vn -0.875412 0.377956 0.301336
vn -0.731808 0.455245 0.507158
vn -0.837231 0.443094 0.320488
vn -0.692619 0.484507 0.534351
vn -0.825458 0.478608 0.299255
vn -0.684280 0.504709 0.526336
vn -0.823900 0.504928 0.257363
vn -0.684230 0.536043 0.494456
vn -0.561674 0.536174 0.630111
vn -0.676784 0.579656 0.453831
vn -0.556594 0.589608 0.585292
vn -0.649778 0.640501 0.409326
vn -0.531292 0.665503 0.524247
vn -0.589681 0.724557 0.356783
vn -0.472622 0.767013 0.433958
vn -0.370963 0.885953 0.278341
vn -0.339284 0.906808 0.250171
vn -0.242870 0.970036 -0.006686
vn -0.229753 0.972141 -0.046436
vn -0.262940 0.960053 -0.095707
vn -0.130159 0.913525 -0.385397
vn -0.164371 0.894107 -0.416599
vn -0.082278 0.733486 -0.674706
vn -0.137264 0.918597 -0.370591
vn -0.091850 0.726540 -0.680957
vn -0.112823 0.455958 -0.882821
vn -0.096509 0.489400 -0.866703
vn -0.177941 0.204205 -0.962620
vn -0.147516 0.244152 -0.958451
vn -0.153337 0.288373 -0.945161
vn -0.168609 0.318558 -0.932787
vn -0.189980 0.073501 -0.979033
vn -0.187712 0.075636 -0.979308
vn -0.164971 0.318179 -0.933567
vn -0.151934 -0.186118 -0.970709
vn -0.156748 -0.211663 -0.964691
vn -0.142393 0.056668 -0.988187
vn -0.030061 -0.428784 -0.902907
vn -0.042810 -0.492600 -0.869202
vn 0.142316 -0.609786 -0.779684
vn 0.120004 -0.681694 -0.721728
vn 0.301380 -0.717868 -0.627564
vn 0.252675 -0.776708 -0.576957
vn 0.241890 -0.766773 -0.594599
vn 0.284987 -0.652633 -0.702035
vn 0.283729 -0.684989 -0.671035
vn 0.311000 -0.475099 -0.823140
vn 0.317068 -0.444687 -0.837688
vn 0.219240 -0.709073 -0.670186
vn 0.239964 -0.497023 -0.833898
vn 0.227441 -0.215069 -0.949745
vn 0.295693 -0.189454 -0.936308
vn 0.129610 -0.517206 -0.845990
vn 0.124595 -0.242563 -0.962102
vn 0.088819 0.046436 -0.994965
vn 0.164043 0.078450 -0.983329
vn 0.064500 0.310992 -0.948221
vn 0.080901 0.339458 -0.937136
vn 0.211491 0.112239 -0.970914
vn -0.040658 0.474693 -0.879212
vn -0.064827 0.430202 -0.900402
vn -0.043664 0.466759 -0.883306
vn -0.114031 0.287728 -0.950899
vn 0.168054 -0.510611 -0.843229
vn 0.349470 -0.626317 -0.696849
vn 0.499036 -0.698053 -0.513503
vn 0.400400 -0.506465 -0.763657
vn 0.563731 -0.585200 -0.582880
vn 0.682354 -0.621674 -0.384596
vn 0.609090 -0.728694 -0.313074
vn 0.763532 -0.616359 -0.192666
vn 0.685552 -0.718767 -0.115727
vn 0.738089 -0.507972 -0.444060
vn 0.816169 -0.517501 -0.257024
vn 0.780150 -0.395403 -0.484792
vn 0.853093 -0.425894 -0.301409
vn 0.617487 -0.458918 -0.638830
vn 0.659170 -0.330201 -0.675620
vn 0.688972 -0.205088 -0.695166
vn 0.477224 -0.236616 -0.846328
vn 0.495136 -0.101341 -0.862885
vn 0.495281 0.023406 -0.868417
vn 0.703690 -0.086506 -0.705221
vn 0.244403 -0.005462 -0.969658
vn 0.231606 0.108198 -0.966774
vn 0.219815 0.166210 -0.961278
vn -0.039466 0.161555 -0.986074
vn -0.043070 0.216265 -0.975384
vn -0.001708 0.205803 -0.978592
vn 0.245597 0.132317 -0.960299
vn 0.322993 0.032976 -0.945827
vn 0.390104 -0.069013 -0.918181
vn 0.590570 -0.109192 -0.799565
vn 0.752992 -0.123359 -0.646363
vn 0.393658 -0.120534 -0.911320
vn 0.600036 -0.107036 -0.792780
vn 0.763729 -0.083868 -0.640066
vn 0.570508 -0.056690 -0.819333
vn 0.745838 -0.006546 -0.666096
vn 0.868324 0.030621 -0.495051
vn 0.948560 0.047254 -0.313052
vn 0.703474 0.102624 -0.703273
vn 0.835817 0.154017 -0.526962
vn 0.920627 0.189643 -0.341293
vn 0.965297 0.214098 -0.149546
vn 0.778416 0.284539 -0.559560
vn 0.866326 0.329006 -0.375812
vn 0.910699 0.365959 -0.191575
vn 0.913292 0.407214 -0.008610
vn 0.968276 0.242162 0.061633
vn 0.791909 0.455879 -0.406270
vn 0.701246 0.408643 -0.584179
vn 0.609655 0.518669 -0.599419
vn 0.698428 0.570226 -0.432482
vn 0.515055 0.603036 -0.609152
vn 0.468918 0.449442 -0.760340
vn 0.374353 0.535972 -0.756700
vn 0.292254 0.597237 -0.746924
vn 0.434370 0.654977 -0.618327
vn 0.237025 0.628399 -0.740901
vn 0.381770 0.669600 -0.637093
vn 0.224995 0.621774 -0.750182
vn 0.363981 0.639021 -0.677621
vn 0.423012 0.649719 -0.631606
vn 0.415939 0.666135 -0.619079
vn 0.410196 0.550187 -0.727347
vn 0.408724 0.548376 -0.729540
vn 0.356480 0.541569 -0.761331
vn 0.359230 0.681561 -0.637518
vn 0.376841 0.395934 -0.837393
vn 0.394239 0.379675 -0.836913
vn 0.346849 0.346789 -0.871455
vn 0.250960 0.318474 -0.914108
vn 0.264313 0.532838 -0.803880
vn 0.148157 0.521383 -0.840363
vn 0.161155 0.699241 -0.696484
vn 0.272494 0.692809 -0.667655
vn 0.135589 0.293386 -0.946330
vn 0.022255 0.256808 -0.966206
vn 0.023658 0.500082 -0.865655
vn 0.035963 0.002083 -0.999351
vn -0.051041 -0.059692 -0.996911
vn -0.087557 0.205008 -0.974836
vn 0.068304 -0.221174 -0.972840
vn 0.006553 -0.285954 -0.958221
vn -0.039956 -0.346582 -0.937168
vn -0.121473 -0.125950 -0.984571
vn -0.166461 -0.179897 -0.969499
vn -0.235896 0.100896 -0.966526
vn -0.178508 0.147259 -0.972856
vn -0.067317 -0.390763 -0.918027
vn -0.260480 0.380661 -0.887270
vn -0.197714 0.422829 -0.884378
vn -0.097341 0.465398 -0.879732
vn -0.187523 0.649200 -0.737140
vn -0.084773 0.678134 -0.730032
vn 0.036981 0.695455 -0.717617
vn -0.062636 0.827382 -0.558136
vn 0.058682 0.832959 -0.550214
vn 0.179382 0.822975 -0.539012
vn 0.084248 0.921009 -0.380323
vn 0.203794 0.902806 -0.378693
vn 0.308967 0.874411 -0.374093
vn 0.286598 0.801664 -0.524592
vn 0.230563 0.946947 -0.223904
vn 0.329725 0.917087 -0.224125
vn 0.257909 0.962180 -0.087706
vn 0.340808 0.935636 -0.091849
vn 0.423294 0.903314 -0.069612
vn 0.337567 0.941200 0.013841
vn 0.395202 0.916862 0.056382
vn 0.481823 0.865649 0.136008
vn 0.526022 0.850159 -0.023040
vn 0.603621 0.763312 0.230208
vn 0.383831 0.877338 0.288012
vn 0.506149 0.741464 0.440505
vn 0.675146 0.499694 0.542664
vn 0.744713 0.599533 0.293193
vn 0.835678 0.177233 0.519837
vn 0.875645 0.395100 0.277744
vn 0.920138 -0.130599 0.369174
vn 0.966055 0.193391 0.171284
vn 0.889477 0.455184 0.040467
vn 0.796081 0.604859 0.020017
vn 0.912015 -0.373709 0.169025
vn 0.686704 -0.650775 0.323928
vn 0.612005 -0.780361 0.128399
vn 0.811427 -0.583648 -0.030686
vn 0.515611 -0.856664 0.016474
vn 0.424762 -0.905251 0.009846
vn 0.317519 -0.942586 0.103500
vn 0.371667 -0.924354 0.086214
vn 0.347657 -0.919056 0.185663
vn 0.379013 -0.892177 0.245702
vn 0.292100 -0.913808 0.282191
vn 0.106080 -0.947706 0.300998
vn -0.130094 -0.944412 0.301930
vn -0.349632 -0.895201 0.276356
vn -0.387186 -0.913231 -0.126870
vn -0.521218 -0.813367 0.258393
vn -0.576889 -0.807997 -0.119753
vn -0.516603 -0.630294 -0.579526
vn -0.307690 -0.746668 -0.589758
vn -0.178412 -0.133273 -0.974888
vn -0.023820 -0.238686 -0.970805
vn 0.291178 0.432343 -0.853402
vn 0.326858 0.376974 -0.866634
vn 0.412272 0.364191 -0.835103
vn 0.524202 0.717967 -0.457970
vn 0.505272 0.736774 -0.449294
vn 0.499619 0.766109 -0.404299
vn 0.541771 0.420820 -0.727595
vn 0.488618 0.809568 -0.325349
vn 0.474340 0.879355 -0.041656
vn 0.425331 0.903748 -0.048306
vn 0.352534 0.935045 -0.037561
vn 0.438123 0.870240 -0.225233
vn 0.218452 0.975815 0.007977
vn 0.310462 0.944766 -0.105032
vn -0.017304 0.993308 0.114189
vn 0.087194 0.995116 0.046278
vn 0.246424 0.968959 0.019850
vn -0.200826 0.953298 0.225593
vn -0.055022 0.970572 0.234441
vn -0.477305 0.788902 0.387057
vn -0.380989 0.821922 0.423428
vn -0.686359 0.541040 0.485991
vn -0.637646 0.551760 0.537558
vn -0.546312 0.540815 0.639580
vn -0.409615 0.458039 0.788933
vn -0.790183 0.220189 0.571951
vn -0.819303 0.247090 0.517387
vn -0.867649 -0.092554 0.488487
vn -0.824890 -0.149537 0.545156
vn -0.786068 -0.466814 0.405193
vn -0.713847 -0.519186 0.469965
vn -0.876283 0.000509 0.481797
vn -0.845413 -0.357311 0.396995
vn -0.621383 -0.734696 0.272223
vn -0.871133 -0.198113 0.449308
vn -0.706523 -0.637350 0.307589
vn -0.256523 -0.950845 0.173461
vn -0.228662 -0.959773 0.162937
vn 0.158488 -0.977549 0.138850
vn 0.124114 -0.985541 0.115345
vn -0.276699 -0.927114 0.252781
vn 0.238841 -0.942037 0.235627
vn 0.419311 -0.829087 0.369856
vn 0.203380 -0.782700 0.588232
vn 0.414354 -0.562252 0.715670
vn -0.096258 -0.348542 0.932337
vn -0.007836 -0.072989 0.997302
vn -0.561245 0.157914 0.812446
vn -0.427780 0.257081 0.866553
vn -0.587590 -0.330868 0.738420
vn -0.709445 0.229840 0.666230
vn -0.613232 0.360844 0.702665
vn -0.352044 0.309876 0.883200
vn -0.812830 0.002101 0.582498
vn -0.835302 0.115560 0.537510
vn -0.767381 -0.474535 0.431210
vn -0.253890 -0.839450 0.480483
vn -0.809134 0.285659 0.513519
vn -0.750804 0.330904 0.571660
vn -0.694477 0.526473 0.490437
vn -0.650945 0.512414 0.560091
vn -0.521271 0.488051 0.700059
vn -0.526513 0.687824 0.499683
vn -0.407688 0.626789 0.664022
vn -0.169892 0.548861 0.818467
vn -0.284477 0.412584 0.865360
vn 0.184973 0.584738 0.789853
vn 0.277317 0.788433 0.549061
vn 0.322436 0.919998 0.222798
vn 0.393934 0.872455 0.289203
vn 0.432254 0.827532 0.358256
vn 0.522284 0.852140 -0.032829
vn 0.471635 0.788161 0.395426
vn 0.577561 0.815575 -0.035504
vn 0.525882 0.752568 0.396345
vn 0.328605 0.455536 0.827349
vn 0.575143 0.727466 0.374170
vn 0.295174 0.401438 0.867018
vn -0.181823 -0.200117 0.962753
vn -0.036140 -0.129278 0.990950
vn -0.501046 -0.597085 0.626452
vn -0.365903 -0.635047 0.680317
vn -0.642144 -0.712940 0.281723
vn -0.595530 -0.541981 0.592959
vn -0.712456 -0.614815 0.338245
vn -0.805493 -0.585570 0.091045
vn -0.720334 -0.692216 -0.044231
vn -0.849083 -0.389038 -0.357361
vn -0.695411 -0.504534 -0.511712
vn -0.465356 0.132653 -0.875127
vn -0.303811 0.002928 -0.952728
vn 0.194055 0.565201 -0.801804
vn 0.267290 0.498169 -0.824854
vn 0.532437 0.701400 -0.473866
vn 0.562282 0.690692 -0.454736
vn 0.550542 0.702589 -0.450857
vn 0.626694 0.776683 -0.063397
vn -0.745255 -0.533907 0.399424
vn -0.656440 -0.488436 0.574906
vn -0.690487 -0.459744 0.558447
vn -0.748698 -0.487089 0.449662
vn -0.694151 -0.471918 0.543550
vn -0.718971 -0.497150 0.485719
vn -0.660184 -0.530250 0.531970
vn -0.653072 -0.565028 0.504222
vn -0.634355 -0.568107 0.524259
vn -0.539323 -0.674000 0.504832
vn -0.480534 -0.696280 0.533180
vn -0.408057 -0.691139 0.596503
vn -0.591447 -0.548837 0.590735
vn -0.516116 -0.516529 0.683244
vn -0.417625 -0.473688 0.775376
vn -0.560381 -0.282420 0.778596
vn -0.699460 0.038249 0.713647
vn -0.402061 -0.262032 0.877318
vn -0.466113 0.028378 0.884270
vn -0.579008 -0.625069 0.523486
vn -0.440994 -0.733911 0.516623
vn -0.596230 -0.548513 0.586212
vn -0.466955 -0.654351 0.594792
vn -0.238849 -0.733319 0.636548
vn -0.243694 -0.821520 0.515479
vn -0.435107 -0.544742 0.716894
vn -0.116573 -0.603125 0.789083
vn 0.507311 -0.441575 0.740032
vn 0.929990 -0.023453 0.366837
vn 0.893643 0.446203 0.048020
vn 0.969912 0.221094 0.101919
vn 0.854635 0.517880 -0.037418
vn 0.948811 0.315846 -0.000483
vn 0.997498 0.018790 0.068156
vn 0.925501 0.375100 -0.052424
vn 0.995602 0.092896 0.012149
vn 0.904347 0.420593 -0.072519
vn 0.990976 0.133996 -0.003296
vn 0.880524 0.470215 -0.059797
vn 0.984215 0.173668 0.034051
vn 0.957690 -0.227894 0.175767
vn 0.963183 0.246470 0.107382
vn 0.952055 -0.137740 0.273166
vn 0.726750 -0.517528 0.451663
vn 0.911838 -0.000116 0.410549
vn 0.713801 -0.360887 0.600207
vn 0.807860 0.175284 0.562706
vn 0.639961 -0.162915 0.750939
vn 0.908598 0.354924 0.220176
vn 0.799158 0.487708 0.351407
vn 0.781978 0.619550 0.068327
vn 0.679684 0.713098 0.171820
vn 0.611474 0.790432 -0.036287
vn 0.529755 0.846723 0.049195
vn 0.435027 0.895210 -0.096703
vn 0.386154 0.922392 -0.008801
vn 0.350556 0.934476 0.062168
vn 0.235653 0.971834 0.002527
vn 0.274728 0.958191 0.079969
vn 0.315667 0.945759 0.076777
vn 0.318057 0.945202 0.073711
vn 0.286811 0.957833 0.017188
vn 0.156639 0.985897 -0.058912
vn 0.010124 0.999670 -0.023591
vn 0.114558 0.970239 -0.213338
vn -0.023009 0.978508 -0.204921
vn -0.042927 0.922205 -0.384312
vn -0.168054 0.805273 -0.568588
vn -0.240828 0.770159 -0.590641
vn -0.255989 0.610291 -0.749677
vn -0.271641 0.558217 -0.783967
vn -0.261692 0.722817 -0.639573
vn -0.260341 0.341393 -0.903146
vn -0.172077 0.288150 -0.941997
vn -0.031264 0.220745 -0.974830
vn 0.092250 -0.053761 -0.994283
vn 0.075381 0.180097 -0.980756
vn 0.128147 -0.064045 -0.989685
vn 0.119769 0.170708 -0.978015
vn 0.054871 0.395514 -0.916819
vn -0.092918 0.530470 -0.842596
vn -0.066636 0.596774 -0.799637
vn -0.252700 0.663193 -0.704499
vn -0.203883 0.731690 -0.650431
vn -0.125254 0.434267 -0.892033
vn -0.303969 0.561904 -0.769329
vn -0.461287 0.654070 -0.599505
vn -0.349357 0.437213 -0.828731
vn -0.527875 0.532465 -0.661686
vn -0.662741 0.593895 -0.456139
vn -0.582574 0.710612 -0.394511
vn -0.752979 0.611992 -0.241844
vn -0.668489 0.722791 -0.175200
vn -0.810914 0.583339 -0.046202
vn -0.727748 0.684983 0.034355
vn -0.594012 0.795901 0.117008
vn -0.771866 0.591652 0.232748
vn -0.623594 0.701057 0.345903
vn -0.393356 0.812122 0.430963
vn -0.394422 0.901547 0.177888
vn -0.104742 0.886866 0.449997
vn -0.155832 0.968861 0.192421
vn -0.373536 0.636211 0.675060
vn -0.048613 0.702886 0.709639
vn -0.628988 0.532255 0.566638
vn -0.577328 0.297612 0.760342
vn -0.797819 0.431077 0.421494
vn -0.766697 0.196541 0.611185
vn -0.620295 -0.077052 0.780575
vn -0.430425 0.033459 0.902006
vn -0.363262 -0.313122 0.877494
vn -0.210100 -0.198787 0.957258
vn -0.075965 -0.450803 0.889385
vn 0.016618 -0.357773 0.933661
vn 0.194814 -0.444017 0.874584
vn 0.303918 -0.481228 0.822225
vn 0.369387 -0.495996 0.785838
vn 0.381353 -0.544698 0.746909
vn 0.427684 -0.505697 0.749238
vn 0.429348 -0.561978 0.706994
vn 0.424010 -0.638876 0.641914
vn 0.394947 -0.625099 0.673252
vn 0.399448 -0.737867 0.544053
vn 0.390148 -0.737658 0.551040
vn 0.350340 -0.860491 0.369888
vn 0.400767 -0.855894 0.326850
vn 0.344066 -0.849970 0.398961
vn 0.254922 -0.948931 0.185863
vn 0.272094 -0.954560 0.121576
vn 0.453618 -0.727060 0.515378
vn 0.388043 -0.827577 0.405635
vn 0.288710 -0.929357 0.230094
vn 0.179296 -0.982045 -0.058658
vn 0.152952 -0.982798 -0.103507
vn 0.493759 -0.792962 0.356949
vn 0.558174 -0.705107 0.437340
vn 0.701637 -0.661278 0.265362
vn 0.655256 -0.733424 0.180909
vn 0.822144 -0.568954 -0.019246
vn 0.774527 -0.620370 -0.123486
vn 0.839620 -0.410969 -0.355166
vn 0.775420 -0.450869 -0.442087
vn 0.654993 -0.531507 -0.537108
vn 0.433217 -0.645498 -0.629011
vn 0.675463 -0.246339 -0.695030
vn 0.735665 -0.215653 -0.642098
vn 0.565924 -0.044762 -0.823242
vn 0.508656 -0.060401 -0.858849
vn 0.405106 0.059614 -0.912324
vn 0.343197 0.047293 -0.938072
vn 0.180673 -0.008438 -0.983507
vn 0.125782 -0.225276 -0.966142
vn 0.147875 -0.015889 -0.988878
vn 0.102825 -0.244306 -0.964231
vn 0.056409 -0.503064 -0.862406
vn 0.086526 -0.496231 -0.863868
vn 0.141465 -0.041899 -0.989056
vn 0.100088 -0.281276 -0.954393
vn 0.095020 -0.306201 -0.947213
vn 0.069009 -0.292108 -0.953892
vn 0.079130 -0.735523 -0.672863
vn 0.200506 -0.716652 -0.667987
vn 0.041132 -0.734723 -0.677119
vn 0.073864 -0.906444 -0.415816
vn 0.104672 -0.911437 -0.397902
vn 0.172153 -0.969384 -0.175092
vn 0.232381 -0.937431 -0.259272
vn 0.330928 -0.942626 0.044083
vn 0.628544 -0.047676 -0.776311
vn 0.474854 0.056631 -0.878240
vn 0.698201 -0.056155 -0.713696
vn 0.557288 0.055625 -0.828454
vn 0.792200 -0.212610 -0.572028
vn 0.849973 -0.218709 -0.479282
vn 0.882392 -0.389621 -0.263781
vn 0.915842 -0.367631 -0.161493
vn 0.946426 -0.317487 -0.058984
vn 0.866655 -0.475646 0.150563
vn 0.885819 -0.410484 0.216397
vn 0.917057 -0.317818 0.240829
vn 0.978236 -0.207495 -0.000890
vn 0.956221 -0.206465 0.207397
vn 0.997274 -0.070517 -0.021731
vn 0.792823 -0.408988 0.451841
vn 0.840502 -0.337815 0.423601
vn 0.897990 -0.255351 0.358343
vn 0.677284 -0.425969 0.599863
vn 0.736344 -0.384537 0.556713
vn 0.802408 -0.303856 0.513628
vn 0.941736 -0.159540 0.296108
vn 0.643966 -0.382642 0.662490
vn 0.721152 -0.209797 0.660246
vn 0.719928 0.078934 0.689546
vn 0.612272 0.330368 0.718318
vn 0.643395 -0.460054 0.611877
vn 0.625166 -0.507827 0.592688
vn 0.508896 -0.513041 0.691241
vn 0.762933 -0.476052 0.437387
vn 0.745266 -0.538067 0.393779
vn 0.611930 -0.564537 0.553931
vn 0.593293 -0.629740 0.501429
vn 0.488505 -0.640196 0.592885
vn 0.503436 -0.569192 0.650056
vn 0.728462 -0.598017 0.334243
vn 0.848990 -0.523887 0.068971
vn -0.485296 -0.444071 0.753186
vn -0.136933 -0.577473 0.804844
vn -0.568026 -0.570199 0.593481
vn -0.182299 -0.700175 0.690306
vn -0.599019 -0.659161 0.454623
vn -0.213735 -0.783257 0.583803
vn 0.159845 -0.743296 0.649585
vn -0.242055 -0.824658 0.511222
vn 0.154119 -0.784590 0.600554
vn 0.471097 -0.597197 0.649172
vn 0.445636 -0.581234 0.680864
vn 0.661999 -0.340342 0.667776
vn 0.624014 -0.348944 0.699174
vn 0.747211 -0.044890 0.663069
vn 0.704355 -0.074448 0.705933
vn 0.630985 -0.102726 0.768964
vn 0.530222 -0.123378 0.838834
vn 0.688201 0.229784 0.688171
vn 0.615773 0.179067 0.767306
vn 0.512527 0.127441 0.849162
vn 0.406367 0.084915 0.909756
vn 0.427890 -0.134769 0.893727
vn 0.508481 0.458093 0.729108
vn 0.418336 0.369455 0.829758
vn 0.339321 0.282047 0.897391
vn 0.320690 0.070178 0.944581
vn 0.252515 0.090109 0.963388
vn 0.261236 -0.140295 0.955025
vn 0.337823 -0.142058 0.930427
vn 0.567296 0.526852 0.632932
vn 0.340874 0.773606 0.534171
vn 0.592192 0.581857 0.557451
vn 0.355888 0.821078 0.446290
vn 0.032284 0.957647 0.286129
vn -0.001929 0.928630 0.371003
vn -0.335961 0.937126 0.094477
vn -0.383841 0.909196 0.161334
vn -0.670965 0.739033 -0.060299
vn -0.689413 0.724363 -0.002974
vn -0.726164 0.681768 0.088764
vn -0.880408 0.468484 -0.073516
vn -0.879603 0.475701 -0.002709
vn -0.890504 0.440653 -0.113258
vn -0.987332 0.144669 -0.065165
vn -0.995233 0.087295 -0.043480
vn -0.973717 -0.216584 0.070478
vn -0.985839 -0.158363 0.055162
vn -0.841235 -0.493426 0.221029
vn -0.861629 -0.458930 0.216746
vn -0.605787 -0.704615 0.369512
vn -0.605932 -0.698881 0.380015
vn -0.804281 -0.510010 0.304995
vn -0.563007 -0.685585 0.461516
vn -0.400137 -0.618581 0.676201
vn -0.100500 -0.341511 0.934489
vn 0.285823 -0.388942 0.875802
vn 0.561895 -0.347605 0.750630
vn 0.661645 -0.327582 0.674475
vn 0.753765 -0.026881 0.656594
vn 0.732646 0.316761 0.602406
vn 0.726964 0.277182 0.628246
vn 0.579979 0.629922 0.516549
vn 0.257927 0.861504 0.437361
vn 0.336791 0.848730 0.407712
vn -0.055550 0.947275 0.315569
vn 0.033760 0.963635 0.265080
vn 0.094408 0.797452 0.595951
vn -0.290563 0.857766 0.424041
vn -0.962047 -0.228429 0.149284
vn -0.992108 0.115308 0.049256
vn -0.855737 0.503075 0.120951
vn -0.861410 0.496733 -0.105965
vn -0.895766 0.443265 0.033446
vn -0.909349 0.415914 -0.010013
vn -0.813150 0.502933 -0.292993
vn -0.724419 0.467058 -0.507025
vn -0.579866 0.392987 -0.713664
vn -0.617509 0.240722 -0.748822
vn -0.390036 0.130313 -0.911532
vn -0.381712 -0.038432 -0.923482
vn -0.638177 0.077125 -0.766017
vn -0.377795 0.293879 -0.878013
vn -0.146869 0.197762 -0.969185
vn -0.126595 0.042058 -0.991063
vn -0.148733 0.322830 -0.934697
vn 0.071785 0.130433 -0.988855
vn -0.092121 -0.114693 -0.989120
vn 0.214970 -0.235064 -0.947910
vn -0.043764 -0.230181 -0.972163
vn -0.342453 -0.176486 -0.922810
vn -0.004563 -0.281088 -0.959671
vn -0.622334 -0.057515 -0.780636
vn 0.239363 -0.283015 -0.928767
vn 0.207277 -0.254692 -0.944546
vn -0.031144 -0.229546 -0.972799
vn 0.327974 0.932319 0.152361
vn 0.677138 0.729052 -0.099837
vn 0.502288 0.849473 -0.161562
vn 0.731938 0.669503 -0.126622
vn 0.579396 0.794235 -0.183004
vn 0.777957 0.616278 -0.122412
vn 0.650727 0.741805 -0.162110
vn 0.817433 0.568743 -0.091300
vn 0.706019 0.699037 -0.113513
vn 0.620421 0.775037 -0.119978
vn 0.746483 0.663708 -0.047487
vn 0.648933 0.760466 -0.024013
vn 0.575301 0.816496 0.048609
vn 0.589183 0.801751 -0.100289
vn 0.652576 0.751711 0.095266
vn 0.519210 0.824068 0.226568
vn 0.264028 0.806744 0.528633
vn -0.193113 0.460198 0.866559
vn -0.625718 -0.267649 0.732694
vn -0.539393 -0.067549 0.839340
vn -0.656549 -0.446434 0.607981
vn -0.656496 -0.363576 0.660928
vn -0.593268 -0.299694 0.747139
vn -0.472384 -0.264443 0.840787
vn -0.330269 -0.243833 0.911849
vn -0.585560 -0.425226 0.690147
vn 0.779147 0.625677 0.038191
vn 0.843843 0.536405 -0.014125
vn -0.530944 0.742076 0.409172
vn -0.300009 0.914829 0.270337
vn -0.287366 0.294563 0.911402
vn -0.242583 0.103592 0.964584
vn 0.050690 0.174667 0.983322
vn 0.426664 0.177306 0.886860
vn 0.745392 0.114562 0.656709
vn 0.910927 0.305498 0.277278
vn 0.864609 0.479048 0.151540
vn 0.018644 0.521022 -0.853340
vn -0.019054 0.525456 -0.850608
vn -0.204313 0.319428 -0.925323
vn -0.262604 0.288825 -0.920662
vn -0.349296 0.084532 -0.933192
vn -0.370647 0.036838 -0.928043
vn -0.422717 -0.116784 -0.898705
vn -0.401693 -0.140050 -0.905002
vn -0.469351 -0.275111 -0.839061
vn -0.426678 -0.270260 -0.863079
vn -0.309895 -0.264024 -0.913376
vn -0.144712 -0.241872 -0.959456
vn -0.311411 -0.328491 -0.891693
vn -0.126289 -0.295699 -0.946897
vn 0.057747 -0.233150 -0.970725
vn -0.307204 -0.343967 -0.887307
vn -0.105151 -0.308623 -0.945355
vn 0.064539 -0.256158 -0.964478
vn -0.079956 -0.326916 -0.941665
vn 0.068389 -0.304729 -0.949981
vn -0.048559 -0.394320 -0.917689
vn 0.077062 -0.397503 -0.914359
vn 0.147917 -0.408177 -0.900840
vn 0.070622 -0.529825 -0.845162
vn 0.144362 -0.536918 -0.831191
vn 0.027414 -0.694319 -0.719145
vn 0.103937 -0.697519 -0.708988
vn 0.155210 -0.708910 -0.688009
vn 0.196491 -0.732302 -0.652016
vn 0.020908 -0.867315 -0.497320
vn 0.069842 -0.875359 -0.478403
vn 0.110036 -0.889867 -0.442751
vn 0.153386 -0.915425 -0.372115
vn 0.245021 -0.769810 -0.589370
vn -0.051307 -0.983914 -0.171119
vn -0.005780 -0.989541 -0.144133
vn 0.052113 -0.995183 -0.083041
vn 0.134152 -0.990804 0.017645
vn -0.122873 -0.978347 0.166553
vn -0.050600 -0.978577 0.199564
vn 0.045956 -0.962408 0.267693
vn 0.148774 -0.925157 0.349214
vn 0.251530 -0.960733 0.117150
vn -0.140361 -0.894088 0.425329
vn -0.036176 -0.880157 0.473302
vn 0.053841 -0.832558 0.551315
vn 0.097339 -0.782229 0.615340
vn 0.232821 -0.885638 0.401797
vn 0.292659 -0.864236 0.409203
vn 0.453361 -0.876817 0.160174
vn 0.371238 -0.914553 0.160548
vn 0.111176 -0.761526 0.638528
vn 0.138370 -0.764249 0.629903
vn 0.355302 -0.849874 0.389197
vn 0.593290 -0.770811 0.232073
vn 0.515858 -0.839984 0.168277
vn 0.636989 -0.756442 0.148459
vn 0.660395 -0.637522 0.396792
vn 0.681841 -0.629620 0.372386
vn 0.639973 -0.452234 0.621224
vn 0.654364 -0.439457 0.615374
vn 0.523396 -0.262960 0.810499
vn 0.539761 -0.230300 0.809704
vn -0.214358 -0.884165 0.415094
vn -0.265315 -0.761819 0.590965
vn -0.260926 -0.871343 0.415546
vn -0.300710 -0.752637 0.585757
vn -0.294431 -0.654673 0.696214
vn -0.266045 -0.646642 0.714894
vn -0.221638 -0.566251 0.793874
vn -0.153197 -0.528831 0.834786
vn -0.331324 -0.754093 0.567070
vn -0.297942 -0.861282 0.411611
vn -0.346961 -0.851359 0.393453
vn -0.382687 -0.762363 0.521875
vn -0.481092 -0.766801 0.424932
vn -0.613381 -0.754842 0.232330
vn -0.602419 -0.759848 0.244383
vn -0.703585 -0.709343 -0.042433
vn -0.703170 -0.710021 -0.037724
vn -0.647782 -0.757767 -0.078534
vn -0.546957 -0.810881 0.208113
vn -0.566870 -0.814802 -0.121476
vn -0.476363 -0.866891 0.146895
vn -0.308684 -0.899982 0.307809
vn -0.168222 -0.847751 0.503010
vn -0.298872 -0.917167 0.263593
vn -0.164214 -0.883366 0.438973
vn -0.024396 -0.774261 0.632396
vn -0.042519 -0.728103 0.684148
vn -0.345103 -0.897872 0.273368
vn -0.211314 -0.893187 0.396943
vn -0.048988 -0.803239 0.593639
vn 0.055108 -0.587266 0.807516
vn 0.062017 -0.581098 0.811467
vn 0.046195 -0.367089 0.929038
vn 0.032491 -0.555093 0.831153
vn -0.024631 -0.515839 0.856331
vn 0.011424 -0.217278 0.976043
vn -0.475783 -0.799302 0.367080
vn -0.528371 -0.763542 0.371252
vn -0.639294 -0.506081 0.578952
vn -0.621677 -0.561025 0.546598
vn -0.635005 -0.246202 0.732225
vn -0.500852 -0.025600 0.865154
vn -0.515811 -0.751464 0.411389
vn -0.610498 -0.472367 0.635737
vn -0.484977 -0.737233 0.470408
vn -0.582087 -0.438350 0.684853
vn -0.489855 -0.699692 0.520071
vn -0.600203 -0.382877 0.702255
vn -0.652926 -0.177436 0.736345
vn -0.749042 -0.161513 0.642533
vn -0.777739 -0.103949 0.619933
vn -0.675540 -0.083345 0.732598
vn -0.791983 -0.083511 0.604805
vn -0.903305 -0.183235 0.387898
vn -0.905958 -0.175855 0.385117
vn -0.906898 -0.175940 0.382858
vn -0.805420 -0.079023 0.587413
vn -0.913777 -0.166003 0.370748
vn -0.828362 -0.065113 0.556396
vn -0.930981 -0.126279 0.342532
vn -0.862537 -0.014864 0.505776
vn -0.816502 0.035979 0.576221
vn -0.899879 0.085722 0.427632
vn -0.877453 0.148595 0.456066
vn -0.889653 0.148876 0.431687
vn -0.804055 0.031375 0.593727
vn -0.920184 0.098855 0.378799
vn -0.936257 0.304366 0.175456
vn -0.964715 0.250020 0.082550
vn -0.886681 0.428811 -0.172967
vn -0.891473 0.367917 -0.264410
vn -0.728035 0.437413 -0.527859
vn -0.885841 0.452340 -0.103320
vn -0.735729 0.455024 -0.501654
vn -0.526989 0.319737 -0.787433
vn -0.520918 0.326543 -0.788678
vn -0.322241 0.161276 -0.932819
vn -0.332067 0.152582 -0.930833
vn -0.333309 0.134411 -0.933188
vn -0.198923 -0.030639 -0.979536
vn -0.157396 0.011181 -0.987472
vn -0.570124 0.262060 -0.778642
vn -0.374772 0.068586 -0.924577
vn -0.254322 -0.112309 -0.960576
vn -0.220874 -0.231240 -0.947493
vn -0.141287 -0.139246 -0.980127
vn -0.354103 -0.339068 -0.871576
vn -0.367870 -0.399492 -0.839689
vn -0.233182 -0.307665 -0.922479
vn -0.588763 -0.426594 -0.686569
vn -0.584555 -0.461783 -0.667122
vn -0.582483 -0.481165 -0.655129
vn -0.384306 -0.442332 -0.810340
vn -0.843482 -0.410358 -0.346617
vn -0.827364 -0.440236 -0.348800
vn -0.817597 -0.449198 -0.360217
vn -0.806141 -0.453998 -0.379503
vn -0.574220 -0.500511 -0.647889
vn -0.947561 -0.315477 0.051014
vn -0.945028 -0.324358 0.041387
vn -0.945662 -0.324387 0.022272
vn -0.943580 -0.331146 0.000362
vn -0.784695 -0.470302 -0.403818
vn -0.743829 -0.515234 -0.425737
vn -0.495266 -0.605030 -0.623418
vn -0.549799 -0.536065 -0.640590
vn -0.932511 -0.360710 -0.017646
vn -0.890248 -0.213491 0.402343
vn -0.365938 -0.650440 -0.665596
vn -0.396970 -0.550711 -0.734256
vn -0.398337 -0.485883 -0.777975
vn -0.345142 -0.667410 -0.659880
vn -0.409621 -0.653754 -0.636251
vn -0.312248 -0.784721 -0.535457
vn -0.287490 -0.918924 -0.270052
vn -0.351895 -0.926060 0.136320
vn -0.497071 -0.617068 -0.610039
vn -0.958804 -0.280498 0.044885
vn -0.980119 -0.198385 -0.003193
vn -0.957952 -0.043908 0.283549
vn -0.147723 -0.208353 -0.966833
vn -0.137117 0.006464 -0.990534
vn -0.133767 -0.017945 -0.990850
vn -0.345536 0.131262 -0.929180
vn -0.917848 0.310474 0.247306
vn -0.710959 -0.630114 -0.312239
vn -0.597861 -0.710172 -0.371777
vn -0.382261 -0.795886 -0.469512
vn -0.175002 -0.838857 -0.515454
vn -0.096334 -0.697390 -0.710188
vn -0.045287 -0.530628 -0.846394
vn -0.050930 -0.857918 -0.511256
vn -0.151413 -0.966871 -0.205512
vn -0.095556 -0.978118 -0.184808
vn -0.261349 -0.954787 0.141695
vn -0.214440 -0.964422 0.154614
vn -0.173519 -0.972133 0.157632
vn -0.283974 -0.346388 -0.894077
vn -0.387121 -0.107300 -0.915764
vn -0.451869 -0.283745 -0.845756
vn -0.285137 0.095214 -0.953746
vn -0.195551 0.077406 -0.977634
vn -0.021459 0.268254 -0.963109
vn 0.084507 0.205276 -0.975049
vn -0.091656 0.038198 -0.995058
vn -0.121525 0.309146 -0.943218
vn 0.090388 0.487458 -0.868455
vn 0.183522 0.428017 -0.884941
vn 0.284941 0.346705 -0.893647
vn 0.561896 0.343033 -0.752729
vn 0.378870 0.251990 -0.890482
vn 0.179151 0.135639 -0.974426
vn 0.454540 0.150833 -0.877863
vn 0.003952 0.002214 -0.999990
vn 0.641067 0.225271 -0.733680
vn 0.518054 0.039350 -0.854442
vn -0.289581 0.238118 -0.927061
vn -0.246304 0.239309 -0.939184
vn -0.018306 0.059717 -0.998048
vn 0.008293 -0.054250 -0.998493
vn 0.247573 -0.135756 -0.959311
vn 0.235574 -0.260679 -0.936243
vn 0.445687 -0.372667 -0.813930
vn 0.203208 -0.387970 -0.898992
vn -0.362176 0.061235 -0.930096
vn -0.554606 0.140988 -0.820082
vn -0.602481 0.110555 -0.790439
vn -0.416771 0.021845 -0.908749
vn -0.647212 0.111588 -0.754099
vn -0.469294 0.024062 -0.882714
vn -0.695816 0.123278 -0.707561
vn -0.821145 0.260008 -0.508051
vn -0.851450 0.266269 -0.451812
vn -0.882421 0.277811 -0.379677
vn -0.749684 0.138891 -0.647058
vn -0.906055 0.413588 -0.089491
vn -0.914958 0.402739 -0.025576
vn -0.929643 0.366909 0.033790
vn -0.893775 0.424295 -0.145395
vn -0.817724 0.534942 0.212521
vn -0.873388 0.447240 -0.192793
vn -0.797754 0.578054 0.171589
vn -0.834879 0.494768 -0.241208
vn -0.754485 0.643430 0.129421
vn -0.748073 0.303539 -0.590127
vn -0.789281 0.266467 -0.553200
vn -0.727923 0.128586 0.673494
vn -0.707066 -0.164555 0.687735
vn -0.601407 -0.365614 0.710377
vn -0.501455 0.854172 0.137596
vn -0.492453 0.868351 0.058797
vn -0.814711 0.128731 -0.565398
vn -0.679171 0.168891 -0.714284
vn -0.651087 0.130310 -0.747733
vn -0.489888 0.201826 -0.848102
vn -0.483972 0.140893 -0.863667
vn -0.674313 0.149493 -0.723156
vn -0.801407 0.128108 -0.584239
vn -0.064665 0.704986 -0.706267
vn 0.008274 0.874230 -0.485441
vn -0.032825 0.887599 -0.459445
vn -0.093277 0.729645 -0.677435
vn -0.079702 0.910839 -0.404993
vn -0.122538 0.777850 -0.616388
vn -0.161855 0.933882 -0.318853
vn -0.287286 0.931541 -0.222932
vn -0.406237 0.901436 -0.149615
vn 0.062136 0.985101 -0.160358
vn 0.113110 0.979180 -0.168559
vn 0.223926 0.957967 0.179324
vn 0.171256 0.969188 -0.177049
vn 0.274927 0.943940 0.182737
vn 0.666568 0.685924 0.291881
vn -0.489695 -0.722124 0.488606
vn -0.531729 -0.846231 0.034021
vn -0.082021 0.030605 0.996161
vn -0.053700 0.231245 0.971412
vn 0.261725 0.851908 0.453601
vn 0.086110 0.878642 0.469651
vn -0.093471 0.355121 0.930136
vn 0.388352 0.765066 0.513670
vn -0.102191 0.857289 0.504592
vn 0.807804 0.028386 -0.588767
vn 0.796789 0.110480 -0.594072
vn 0.828768 -0.090079 -0.552294
vn 0.968435 -0.134128 -0.210105
vn 0.994411 -0.024712 0.102649
vn 0.967536 -0.127271 0.218351
vn 0.960995 -0.253962 -0.109510
vn 0.923583 -0.215946 0.316798
vn 0.934460 -0.356045 0.003989
vn 0.888831 -0.252155 0.382620
vn 0.909430 -0.404286 0.097416
vn 0.831322 -0.486172 -0.269333
vn 0.903494 -0.400040 0.153842
vn 0.842975 -0.487582 -0.227283
vn 0.675139 -0.426691 -0.601765
vn 0.657026 -0.436784 -0.614440
vn 0.448402 -0.234528 -0.862515
vn 0.443304 -0.271970 -0.854116
vn 0.259117 -0.009101 -0.965803
vn 0.246057 -0.069274 -0.966777
vn 0.255534 -0.085391 -0.963022
vn 0.093229 0.086288 -0.991899
vn 0.273205 -0.082911 -0.958376
vn 0.155519 0.146240 -0.976948
vn 0.119104 0.224146 -0.967250
vn 0.239074 0.318084 -0.917424
vn 0.250465 0.358862 -0.899158
vn 0.132432 0.262571 -0.955782
vn 0.251736 0.246254 -0.935942
vn 0.439103 0.356279 -0.824775
vn 0.423498 0.408015 -0.808810
vn 0.678536 0.450047 -0.580557
vn 0.663611 0.462633 -0.587870
vn 0.422367 0.434190 -0.795666
vn 0.704026 0.407305 -0.581765
vn 0.919033 0.342909 -0.194403
vn 0.901760 0.385141 -0.196202
vn 0.950622 0.221379 0.217506
vn 0.951806 0.233930 0.198346
vn 0.891567 0.394506 -0.222426
vn 0.961444 0.172221 0.214396
vn 0.888683 -0.000851 0.458521
vn 0.870976 0.066080 0.486861
vn 0.789248 -0.016463 0.613854
vn 0.865420 0.083829 0.493985
vn 0.833479 -0.094662 0.544383
vn 0.821987 -0.114870 0.557802
vn 0.749511 -0.030454 0.661290
vn 0.879851 -0.233267 0.414064
vn 0.871980 0.085206 0.482068
vn 0.958977 0.234040 0.159962
vn 0.964603 0.238598 0.112307
vn 0.861455 0.397392 -0.316189
vn 0.880255 0.393450 -0.265232
vn 0.880492 0.094712 0.464504
vn 0.882730 0.123276 0.453422
vn 0.963073 0.260653 0.067461
vn 0.750464 0.025772 0.660409
vn 0.747036 0.073819 0.660672
vn 0.732322 0.189611 0.654027
vn 0.645576 0.010349 0.763626
vn 0.644289 0.073188 0.761272
vn 0.633092 0.218850 0.742495
vn 0.583777 0.467417 0.663872
vn 0.696747 0.423951 0.578626
vn 0.580508 0.266677 0.769346
vn 0.529138 0.543607 0.651541
vn 0.410768 0.819534 0.399542
vn 0.569855 0.315082 0.758939
vn 0.515507 0.611376 0.600393
vn 0.395799 0.851492 0.343953
vn 0.299618 0.952901 0.046987
vn 0.513345 0.666345 0.540796
vn 0.386246 0.870328 0.305521
vn 0.480999 0.715794 0.506239
vn 0.339331 0.887456 0.311892
vn 0.151581 0.916700 0.369709
vn 0.023579 0.813046 0.581722
vn 0.043110 0.781641 0.622238
vn 0.163123 0.896348 0.412251
vn -0.022494 0.605950 0.795185
vn 0.018268 0.570121 0.821358
vn -0.044927 0.614082 0.787962
vn 0.575154 0.364202 0.732499
vn 0.554520 0.418227 0.719440
vn 0.488668 0.147281 0.859949
vn 0.367176 0.030589 0.929648
vn 0.269092 0.920742 -0.282529
vn 0.299063 0.800751 -0.518998
vn 0.338333 0.766607 -0.545752
vn 0.332495 0.657529 -0.676094
vn 0.385707 0.637707 -0.666754
vn 0.534736 0.593710 -0.601304
vn 0.485087 0.720499 -0.495551
vn 0.417025 0.539407 -0.731526
vn 0.588841 0.513811 -0.623911
vn 0.828615 0.423166 -0.366507
vn 0.624496 0.477949 -0.617713
vn 0.426401 0.482074 -0.765367
vn 0.424703 0.454231 -0.783135
vn 0.647172 0.467061 -0.602514
vn 0.336708 0.528631 -0.779216
vn 0.360531 0.663288 -0.655795
vn 0.439288 0.652362 -0.617616
vn 0.859803 0.335920 0.384574
vn 0.819242 0.282232 0.499187
vn -0.874549 -0.324083 0.360742
vn -0.200863 -0.151370 0.967854
vn -0.089744 -0.169999 0.981349
vn -0.215245 -0.274122 0.937297
vn -0.327878 -0.114699 0.937731
vn -0.363284 -0.210703 0.907540
vn -0.254427 -0.445285 0.858480
vn -0.325699 -0.628417 0.706408
vn -0.478841 -0.135833 0.867330
vn -0.304457 -0.037254 0.951797
vn -0.262718 -0.000802 0.964872
vn -0.266975 0.659936 -0.702289
vn 0.000000 0.000000 0.000000
# 3033 normals

vt 0.483005 0.623936 0.000000
vt 0.484043 0.626211 0.000000
vt 0.486970 0.624919 0.000000
vt 0.485321 0.622026 0.000000
vt 0.480610 0.623894 0.000000
vt 0.481196 0.627575 0.000000
vt 0.482556 0.619894 0.000000
vt 0.426672 0.650255 0.000000
vt 0.430559 0.650908 0.000000
vt 0.428944 0.645447 0.000000
vt 0.424277 0.646264 0.000000
vt 0.418245 0.647499 0.000000
vt 0.422910 0.653367 0.000000
vt 0.428731 0.657479 0.000000
vt 0.425101 0.637021 0.000000
vt 0.429074 0.634091 0.000000
vt 0.425603 0.629687 0.000000
vt 0.421696 0.635601 0.000000
vt 0.421580 0.641163 0.000000
vt 0.426254 0.640631 0.000000
vt 0.431729 0.639005 0.000000
vt 0.454051 0.582497 0.000000
vt 0.458809 0.600462 0.000000
vt 0.471978 0.601110 0.000000
vt 0.473002 0.586881 0.000000
vt 0.439770 0.592934 0.000000
vt 0.447050 0.604551 0.000000
vt 0.459508 0.568814 0.000000
vt 0.444248 0.564273 0.000000
vt 0.437251 0.572944 0.000000
vt 0.476125 0.573719 0.000000
vt 0.428444 0.581448 0.000000
vt 0.476210 0.268156 0.000000
vt 0.481513 0.272481 0.000000
vt 0.484286 0.264243 0.000000
vt 0.475939 0.262792 0.000000
vt 0.470824 0.270648 0.000000
vt 0.475321 0.278823 0.000000
vt 0.468227 0.263604 0.000000
vt 0.508681 0.276344 0.000000
vt 0.500135 0.292005 0.000000
vt 0.510485 0.303497 0.000000
vt 0.519638 0.292305 0.000000
vt 0.505142 0.253484 0.000000
vt 0.493959 0.254057 0.000000
vt 0.494439 0.269184 0.000000
vt 0.502047 0.552260 0.000000
vt 0.495357 0.567668 0.000000
vt 0.510122 0.579694 0.000000
vt 0.517362 0.569006 0.000000
vt 0.490495 0.281089 0.000000
vt 0.482599 0.546753 0.000000
vt 0.479421 0.560732 0.000000
vt 0.465454 0.245123 0.000000
vt 0.466204 0.250130 0.000000
vt 0.472808 0.248534 0.000000
vt 0.469392 0.241729 0.000000
vt 0.463464 0.235585 0.000000
vt 0.460429 0.242807 0.000000
vt 0.459217 0.249774 0.000000
vt 0.399152 0.589751 0.000000
vt 0.412352 0.601362 0.000000
vt 0.419480 0.590607 0.000000
vt 0.407729 0.578083 0.000000
vt 0.399476 0.568893 0.000000
vt 0.393067 0.575764 0.000000
vt 0.382839 0.584982 0.000000
vt 0.385054 0.595750 0.000000
vt 0.459008 0.515731 0.000000
vt 0.451871 0.517721 0.000000
vt 0.456286 0.521617 0.000000
vt 0.461438 0.516674 0.000000
vt 0.460632 0.512439 0.000000
vt 0.448644 0.512111 0.000000
vt 0.462890 0.523473 0.000000
vt 0.466093 0.512088 0.000000
vt 0.514866 0.334755 0.000000
vt 0.524066 0.327683 0.000000
vt 0.517703 0.322572 0.000000
vt 0.509835 0.330446 0.000000
vt 0.462705 0.504106 0.000000
vt 0.455088 0.504106 0.000000
vt 0.504442 0.335834 0.000000
vt 0.507491 0.342100 0.000000
vt 0.444587 0.504106 0.000000
vt 0.499413 0.339029 0.000000
vt 0.496455 0.329830 0.000000
vt 0.491670 0.336530 0.000000
vt 0.487876 0.343921 0.000000
vt 0.499443 0.344807 0.000000
vt 0.485391 0.408629 0.000000
vt 0.499921 0.404630 0.000000
vt 0.496957 0.388430 0.000000
vt 0.484365 0.388179 0.000000
vt 0.495981 0.427452 0.000000
vt 0.505256 0.418806 0.000000
vt 0.468675 0.387181 0.000000
vt 0.467604 0.401959 0.000000
vt 0.474963 0.424409 0.000000
vt 0.487164 0.438717 0.000000
vt 0.461802 0.415596 0.000000
vt 0.378889 0.648698 0.000000
vt 0.390562 0.649894 0.000000
vt 0.388913 0.634500 0.000000
vt 0.379769 0.631217 0.000000
vt 0.373047 0.659612 0.000000
vt 0.385982 0.677274 0.000000
vt 0.392507 0.670934 0.000000
vt 0.368202 0.625706 0.000000
vt 0.363680 0.635916 0.000000
vt 0.357716 0.645808 0.000000
vt 0.350353 0.656967 0.000000
vt 0.344776 0.633418 0.000000
vt 0.336643 0.639407 0.000000
vt 0.326632 0.643577 0.000000
vt 0.335565 0.659514 0.000000
vt 0.367136 0.668982 0.000000
vt 0.349813 0.675582 0.000000
vt 0.361798 0.680134 0.000000
vt 0.338518 0.675255 0.000000
vt 0.297047 0.701310 0.000000
vt 0.301877 0.698272 0.000000
vt 0.298003 0.692085 0.000000
vt 0.292670 0.698973 0.000000
vt 0.297420 0.705922 0.000000
vt 0.303687 0.704396 0.000000
vt 0.290937 0.705820 0.000000
vt 0.300326 0.717744 0.000000
vt 0.298868 0.712240 0.000000
vt 0.292278 0.713646 0.000000
vt 0.296251 0.720467 0.000000
vt 0.301641 0.724965 0.000000
vt 0.304521 0.718560 0.000000
vt 0.304890 0.711124 0.000000
vt 0.367401 0.608871 0.000000
vt 0.373992 0.608938 0.000000
vt 0.374180 0.600392 0.000000
vt 0.365960 0.603780 0.000000
vt 0.360137 0.607456 0.000000
vt 0.364007 0.612870 0.000000
vt 0.371916 0.617180 0.000000
vt 0.300481 0.652147 0.000000
vt 0.291163 0.667325 0.000000
vt 0.300235 0.677294 0.000000
vt 0.310193 0.668888 0.000000
vt 0.314568 0.647445 0.000000
vt 0.308216 0.633291 0.000000
vt 0.298389 0.635724 0.000000
vt 0.322880 0.663242 0.000000
vt 0.286189 0.648952 0.000000
vt 0.280302 0.661542 0.000000
vt 0.287773 0.636853 0.000000
vt 0.347594 0.593861 0.000000
vt 0.349516 0.599600 0.000000
vt 0.356431 0.596100 0.000000
vt 0.351676 0.589294 0.000000
vt 0.340188 0.580320 0.000000
vt 0.337611 0.588627 0.000000
vt 0.337174 0.598282 0.000000
vt 0.333387 0.976238 0.000000
vt 0.338400 0.985088 0.000000
vt 0.351164 0.975998 0.000000
vt 0.348172 0.967636 0.000000
vt 0.328496 0.553437 0.000000
vt 0.344822 0.570006 0.000000
vt 0.350763 0.562200 0.000000
vt 0.338664 0.547504 0.000000
vt 0.325247 0.569426 0.000000
vt 0.311269 0.553342 0.000000
vt 0.312565 0.567069 0.000000
vt 0.343629 0.955457 0.000000
vt 0.332813 0.959675 0.000000
vt 0.254004 0.641116 0.000000
vt 0.252327 0.645469 0.000000
vt 0.257713 0.647004 0.000000
vt 0.258484 0.640463 0.000000
vt 0.256180 0.632232 0.000000
vt 0.250504 0.636141 0.000000
vt 0.245928 0.641458 0.000000
vt 0.240959 0.654085 0.000000
vt 0.243099 0.647656 0.000000
vt 0.233990 0.642888 0.000000
vt 0.233721 0.653288 0.000000
vt 0.237060 0.662079 0.000000
vt 0.245080 0.657873 0.000000
vt 0.249419 0.651039 0.000000
vt 0.244281 0.742915 0.000000
vt 0.239637 0.723502 0.000000
vt 0.227184 0.728073 0.000000
vt 0.227402 0.742107 0.000000
vt 0.258881 0.736949 0.000000
vt 0.251277 0.718893 0.000000
vt 0.258389 0.756410 0.000000
vt 0.269624 0.750037 0.000000
vt 0.237404 0.756668 0.000000
vt 0.249409 0.763846 0.000000
vt 0.224859 0.752481 0.000000
vt 0.247365 0.694206 0.000000
vt 0.256319 0.677716 0.000000
vt 0.248827 0.672732 0.000000
vt 0.239581 0.681157 0.000000
vt 0.261898 0.698966 0.000000
vt 0.266614 0.683616 0.000000
vt 0.227909 0.689950 0.000000
vt 0.233630 0.704052 0.000000
vt 0.195543 0.693783 0.000000
vt 0.210289 0.685607 0.000000
vt 0.205177 0.670196 0.000000
vt 0.192750 0.672562 0.000000
vt 0.186203 0.712477 0.000000
vt 0.194987 0.721602 0.000000
vt 0.204654 0.708784 0.000000
vt 0.216096 0.698619 0.000000
vt 0.177356 0.673601 0.000000
vt 0.176876 0.691719 0.000000
vt 0.173486 0.706875 0.000000
vt 0.485366 0.627955 0.000000
vt 0.483136 0.630573 0.000000
vt 0.486004 0.632207 0.000000
vt 0.487418 0.628120 0.000000
vt 0.508772 0.610444 0.000000
vt 0.508552 0.620373 0.000000
vt 0.519009 0.621854 0.000000
vt 0.521777 0.616055 0.000000
vt 0.497055 0.599783 0.000000
vt 0.490201 0.607858 0.000000
vt 0.496373 0.614778 0.000000
vt 0.498043 0.621533 0.000000
vt 0.515341 0.601966 0.000000
vt 0.503732 0.589887 0.000000
vt 0.526030 0.609652 0.000000
vt 0.478725 0.678709 0.000000
vt 0.456952 0.681190 0.000000
vt 0.452992 0.694684 0.000000
vt 0.474889 0.696745 0.000000
vt 0.469177 0.663844 0.000000
vt 0.455896 0.668220 0.000000
vt 0.489755 0.664399 0.000000
vt 0.478768 0.656705 0.000000
vt 0.498259 0.683459 0.000000
vt 0.503312 0.670345 0.000000
vt 0.496130 0.698860 0.000000
vt 0.444514 0.711066 0.000000
vt 0.436159 0.691674 0.000000
vt 0.428736 0.701513 0.000000
vt 0.419925 0.708772 0.000000
vt 0.426827 0.718098 0.000000
vt 0.430356 0.731965 0.000000
vt 0.446416 0.726936 0.000000
vt 0.470311 0.711389 0.000000
vt 0.466827 0.723772 0.000000
vt 0.508026 0.656764 0.000000
vt 0.505513 0.643009 0.000000
vt 0.494698 0.642450 0.000000
vt 0.494135 0.653014 0.000000
vt 0.516031 0.650288 0.000000
vt 0.513028 0.641476 0.000000
vt 0.513831 0.675330 0.000000
vt 0.517288 0.665604 0.000000
vt 0.520909 0.657667 0.000000
vt 0.525037 0.642641 0.000000
vt 0.523134 0.644430 0.000000
vt 0.526935 0.647900 0.000000
vt 0.528495 0.643775 0.000000
vt 0.525471 0.639890 0.000000
vt 0.522039 0.639774 0.000000
vt 0.528860 0.640007 0.000000
vt 0.525984 0.637282 0.000000
vt 0.528456 0.636287 0.000000
vt 0.526633 0.633097 0.000000
vt 0.523585 0.635809 0.000000
vt 0.566853 0.608599 0.000000
vt 0.550023 0.597711 0.000000
vt 0.542289 0.608226 0.000000
vt 0.552193 0.617706 0.000000
vt 0.557924 0.629175 0.000000
vt 0.572454 0.629141 0.000000
vt 0.476552 0.190796 0.000000
vt 0.476571 0.169502 0.000000
vt 0.454940 0.154068 0.000000
vt 0.455542 0.179868 0.000000
vt 0.453278 0.200008 0.000000
vt 0.466691 0.207727 0.000000
vt 0.476793 0.219042 0.000000
vt 0.487521 0.209873 0.000000
vt 0.479728 0.158663 0.000000
vt 0.465764 0.143419 0.000000
vt 0.433542 0.155821 0.000000
vt 0.437371 0.178886 0.000000
vt 0.442547 0.126789 0.000000
vt 0.426669 0.131848 0.000000
vt 0.452792 0.122722 0.000000
vt 0.531437 0.650798 0.000000
vt 0.524590 0.652169 0.000000
vt 0.530018 0.655710 0.000000
vt 0.533107 0.644806 0.000000
vt 0.523392 0.724052 0.000000
vt 0.514870 0.701270 0.000000
vt 0.494860 0.715288 0.000000
vt 0.488857 0.727325 0.000000
vt 0.512585 0.737044 0.000000
vt 0.524863 0.746485 0.000000
vt 0.534094 0.736348 0.000000
vt 0.533413 0.715666 0.000000
vt 0.527981 0.700341 0.000000
vt 0.541048 0.729009 0.000000
vt 0.538634 0.651965 0.000000
vt 0.539738 0.645666 0.000000
vt 0.536644 0.657366 0.000000
vt 0.528173 0.503106 0.000000
vt 0.529401 0.491431 0.000000
vt 0.518797 0.491177 0.000000
vt 0.517146 0.503106 0.000000
vt 0.494439 0.767230 0.000000
vt 0.499502 0.757111 0.000000
vt 0.481820 0.751086 0.000000
vt 0.478591 0.761674 0.000000
vt 0.545658 0.503106 0.000000
vt 0.542654 0.493026 0.000000
vt 0.492415 0.778068 0.000000
vt 0.501721 0.781697 0.000000
vt 0.505943 0.773329 0.000000
vt 0.511279 0.764619 0.000000
vt 0.569201 0.665861 0.000000
vt 0.557410 0.658908 0.000000
vt 0.551870 0.665386 0.000000
vt 0.557787 0.672712 0.000000
vt 0.572454 0.652035 0.000000
vt 0.560123 0.649183 0.000000
vt 0.496867 0.144668 0.000000
vt 0.501617 0.132825 0.000000
vt 0.487886 0.123066 0.000000
vt 0.482488 0.129880 0.000000
vt 0.474349 0.136427 0.000000
vt 0.486345 0.151208 0.000000
vt 0.561273 0.683235 0.000000
vt 0.572454 0.678903 0.000000
vt 0.393600 0.470431 0.000000
vt 0.400906 0.462384 0.000000
vt 0.394950 0.457500 0.000000
vt 0.389108 0.461910 0.000000
vt 0.382551 0.464645 0.000000
vt 0.382571 0.471412 0.000000
vt 0.391609 0.479015 0.000000
vt 0.401920 0.479735 0.000000
vt 0.404579 0.472916 0.000000
vt 0.382104 0.478190 0.000000
vt 0.407983 0.466096 0.000000
vt 0.542939 0.029164 0.000000
vt 0.544398 0.033579 0.000000
vt 0.545658 0.021895 0.000000
vt 0.539874 0.022079 0.000000
vt 0.362194 0.457500 0.000000
vt 0.360209 0.465798 0.000000
vt 0.365567 0.468043 0.000000
vt 0.365604 0.459967 0.000000
vt 0.531866 0.023150 0.000000
vt 0.534146 0.029639 0.000000
vt 0.566689 0.728026 0.000000
vt 0.556521 0.734113 0.000000
vt 0.561287 0.744364 0.000000
vt 0.569064 0.739777 0.000000
vt 0.559612 0.718328 0.000000
vt 0.550041 0.722805 0.000000
vt 0.373344 0.470286 0.000000
vt 0.374417 0.463773 0.000000
vt 0.530222 0.790977 0.000000
vt 0.533573 0.788626 0.000000
vt 0.530703 0.785716 0.000000
vt 0.527000 0.790088 0.000000
vt 0.524403 0.795663 0.000000
vt 0.529566 0.795496 0.000000
vt 0.534836 0.793831 0.000000
vt 0.508781 0.039542 0.000000
vt 0.512284 0.045125 0.000000
vt 0.519204 0.037224 0.000000
vt 0.516984 0.030244 0.000000
vt 0.508471 0.030595 0.000000
vt 0.502454 0.036259 0.000000
vt 0.502699 0.043386 0.000000
vt 0.515582 0.023609 0.000000
vt 0.503222 0.050027 0.000000
vt 0.507779 0.052627 0.000000
vt 0.358867 0.490334 0.000000
vt 0.358867 0.503106 0.000000
vt 0.362276 0.501907 0.000000
vt 0.361183 0.492206 0.000000
vt 0.514612 0.004105 0.000000
vt 0.515089 0.010634 0.000000
vt 0.523518 0.006807 0.000000
vt 0.524197 0.000500 0.000000
vt 0.557929 0.791533 0.000000
vt 0.563599 0.782336 0.000000
vt 0.559901 0.778923 0.000000
vt 0.554397 0.785206 0.000000
vt 0.505449 0.011861 0.000000
vt 0.506842 0.017575 0.000000
vt 0.509952 0.000500 0.000000
vt 0.503930 0.006999 0.000000
vt 0.548931 0.791107 0.000000
vt 0.551467 0.797432 0.000000
vt 0.434439 0.477571 0.000000
vt 0.417123 0.475072 0.000000
vt 0.414009 0.481225 0.000000
vt 0.427797 0.483802 0.000000
vt 0.439090 0.486053 0.000000
vt 0.445393 0.482821 0.000000
vt 0.454258 0.479940 0.000000
vt 0.446991 0.475054 0.000000
vt 0.431973 0.471485 0.000000
vt 0.418928 0.469793 0.000000
vt 0.442683 0.470607 0.000000
vt 0.418559 0.105118 0.000000
vt 0.434527 0.102134 0.000000
vt 0.402484 0.126669 0.000000
vt 0.410462 0.146747 0.000000
vt 0.432551 0.080017 0.000000
vt 0.423297 0.077322 0.000000
vt 0.405605 0.092330 0.000000
vt 0.392731 0.108171 0.000000
vt 0.414052 0.073743 0.000000
vt 0.471180 0.023352 0.000000
vt 0.478458 0.029638 0.000000
vt 0.483854 0.028461 0.000000
vt 0.482116 0.020231 0.000000
vt 0.459661 0.023994 0.000000
vt 0.457267 0.031528 0.000000
vt 0.465939 0.032634 0.000000
vt 0.474214 0.033657 0.000000
vt 0.472978 0.015129 0.000000
vt 0.462782 0.017425 0.000000
vt 0.483654 0.013126 0.000000
vt 0.444226 0.021016 0.000000
vt 0.442579 0.025013 0.000000
vt 0.446794 0.025897 0.000000
vt 0.448018 0.020213 0.000000
vt 0.441769 0.018131 0.000000
vt 0.438796 0.023066 0.000000
vt 0.448223 0.014818 0.000000
vt 0.405556 0.720309 0.000000
vt 0.408477 0.718031 0.000000
vt 0.402536 0.714405 0.000000
vt 0.401070 0.719406 0.000000
vt 0.400162 0.724106 0.000000
vt 0.405928 0.723542 0.000000
vt 0.411001 0.722528 0.000000
vt 0.418250 0.728088 0.000000
vt 0.416801 0.733867 0.000000
vt 0.422629 0.740980 0.000000
vt 0.417490 0.720752 0.000000
vt 0.426286 0.752004 0.000000
vt 0.435423 0.747165 0.000000
vt 0.448344 0.741133 0.000000
vt 0.409791 0.734460 0.000000
vt 0.410409 0.731106 0.000000
vt 0.405675 0.731428 0.000000
vt 0.406215 0.735414 0.000000
vt 0.412600 0.738674 0.000000
vt 0.407139 0.741449 0.000000
vt 0.435205 0.776559 0.000000
vt 0.450747 0.767133 0.000000
vt 0.449742 0.755097 0.000000
vt 0.435948 0.761426 0.000000
vt 0.425909 0.764111 0.000000
vt 0.424661 0.777109 0.000000
vt 0.404467 0.964047 0.000000
vt 0.412542 0.965943 0.000000
vt 0.416719 0.955693 0.000000
vt 0.411496 0.952195 0.000000
vt 0.396563 0.958734 0.000000
vt 0.390145 0.972757 0.000000
vt 0.398441 0.977260 0.000000
vt 0.405038 0.947170 0.000000
vt 0.377974 0.796439 0.000000
vt 0.380720 0.767178 0.000000
vt 0.367896 0.753293 0.000000
vt 0.362633 0.782219 0.000000
vt 0.357071 0.802589 0.000000
vt 0.374037 0.817452 0.000000
vt 0.395653 0.792614 0.000000
vt 0.392401 0.773867 0.000000
vt 0.396396 0.834090 0.000000
vt 0.400474 0.823297 0.000000
vt 0.407723 0.813901 0.000000
vt 0.294768 0.793438 0.000000
vt 0.308809 0.778786 0.000000
vt 0.293112 0.769333 0.000000
vt 0.280515 0.777594 0.000000
vt 0.289649 0.813669 0.000000
vt 0.309294 0.817296 0.000000
vt 0.316245 0.800612 0.000000
vt 0.325409 0.785770 0.000000
vt 0.440738 0.853621 0.000000
vt 0.448368 0.848535 0.000000
vt 0.441931 0.835244 0.000000
vt 0.434718 0.842726 0.000000
vt 0.429560 0.850648 0.000000
vt 0.438639 0.860495 0.000000
vt 0.449098 0.860422 0.000000
vt 0.367143 0.964872 0.000000
vt 0.353095 0.985697 0.000000
vt 0.366106 0.980795 0.000000
vt 0.377364 0.981614 0.000000
vt 0.380457 0.968272 0.000000
vt 0.387840 0.953395 0.000000
vt 0.379134 0.946726 0.000000
vt 0.360728 0.955022 0.000000
vt 0.373003 0.939094 0.000000
vt 0.417398 0.904747 0.000000
vt 0.413913 0.907470 0.000000
vt 0.417637 0.911056 0.000000
vt 0.420717 0.906008 0.000000
vt 0.421827 0.901447 0.000000
vt 0.417149 0.901486 0.000000
vt 0.411585 0.902828 0.000000
vt 0.420982 0.888706 0.000000
vt 0.417314 0.887440 0.000000
vt 0.416223 0.892602 0.000000
vt 0.421499 0.892513 0.000000
vt 0.426527 0.891872 0.000000
vt 0.424340 0.886597 0.000000
vt 0.420355 0.882384 0.000000
vt 0.235810 0.871519 0.000000
vt 0.242433 0.887712 0.000000
vt 0.262604 0.877010 0.000000
vt 0.262173 0.859238 0.000000
vt 0.218633 0.887162 0.000000
vt 0.227709 0.897271 0.000000
vt 0.218781 0.861228 0.000000
vt 0.206846 0.875265 0.000000
vt 0.243758 0.843991 0.000000
vt 0.228929 0.843726 0.000000
vt 0.265228 0.833308 0.000000
vt 0.247880 0.932354 0.000000
vt 0.245413 0.946515 0.000000
vt 0.256896 0.952099 0.000000
vt 0.261865 0.943616 0.000000
vt 0.271563 0.937784 0.000000
vt 0.263319 0.925525 0.000000
vt 0.256812 0.912867 0.000000
vt 0.241146 0.919490 0.000000
vt 0.228096 0.926128 0.000000
vt 0.231215 0.935422 0.000000
vt 0.233803 0.945623 0.000000
vt 0.202832 0.972838 0.000000
vt 0.197213 0.965066 0.000000
vt 0.190967 0.966595 0.000000
vt 0.196213 0.975351 0.000000
vt 0.209266 0.967807 0.000000
vt 0.203787 0.960990 0.000000
vt 0.117189 0.994962 0.000000
vt 0.122879 0.999833 0.000000
vt 0.117195 0.985187 0.000000
vt 0.111456 0.989804 0.000000
vt 0.186060 0.972168 0.000000
vt 0.183921 0.976235 0.000000
vt 0.191714 0.979301 0.000000
vt 0.128796 0.999833 0.000000
vt 0.127081 0.989166 0.000000
vt 0.242593 0.790244 0.000000
vt 0.247491 0.788361 0.000000
vt 0.242676 0.782641 0.000000
vt 0.237410 0.787916 0.000000
vt 0.240962 0.795382 0.000000
vt 0.248500 0.795175 0.000000
vt 0.233334 0.794378 0.000000
vt 0.242771 0.814316 0.000000
vt 0.244581 0.808190 0.000000
vt 0.237644 0.807490 0.000000
vt 0.236685 0.814577 0.000000
vt 0.234715 0.827722 0.000000
vt 0.245444 0.825537 0.000000
vt 0.253416 0.816171 0.000000
vt 0.230596 0.815665 0.000000
vt 0.229424 0.809414 0.000000
vt 0.225626 0.823382 0.000000
vt 0.220052 0.814276 0.000000
vt 0.204808 0.807939 0.000000
vt 0.213850 0.791642 0.000000
vt 0.202672 0.786401 0.000000
vt 0.193990 0.797500 0.000000
vt 0.220230 0.804030 0.000000
vt 0.224015 0.793079 0.000000
vt 0.179635 0.808732 0.000000
vt 0.188102 0.822901 0.000000
vt 0.209411 0.824465 0.000000
vt 0.195912 0.835959 0.000000
vt 0.188569 0.774982 0.000000
vt 0.191189 0.768780 0.000000
vt 0.183311 0.767323 0.000000
vt 0.182267 0.776667 0.000000
vt 0.193053 0.779523 0.000000
vt 0.199212 0.771832 0.000000
vt 0.185383 0.786581 0.000000
vt 0.442876 0.897402 0.000000
vt 0.443829 0.902570 0.000000
vt 0.451261 0.898625 0.000000
vt 0.445658 0.891253 0.000000
vt 0.437651 0.897081 0.000000
vt 0.437289 0.903477 0.000000
vt 0.437946 0.890214 0.000000
vt 0.173889 0.959662 0.000000
vt 0.174870 0.960058 0.000000
vt 0.175459 0.958426 0.000000
vt 0.174000 0.957868 0.000000
vt 0.172639 0.957820 0.000000
vt 0.172757 0.959672 0.000000
vt 0.172836 0.961067 0.000000
vt 0.173712 0.960955 0.000000
vt 0.413899 0.287860 0.000000
vt 0.431301 0.289435 0.000000
vt 0.430203 0.274842 0.000000
vt 0.417603 0.271103 0.000000
vt 0.422677 0.305677 0.000000
vt 0.435476 0.305881 0.000000
vt 0.404983 0.263909 0.000000
vt 0.397269 0.273126 0.000000
vt 0.386163 0.277732 0.000000
vt 0.399237 0.294082 0.000000
vt 0.410253 0.307634 0.000000
vt 0.373330 0.299313 0.000000
vt 0.386665 0.296546 0.000000
vt 0.375264 0.280058 0.000000
vt 0.364567 0.280894 0.000000
vt 0.387368 0.313168 0.000000
vt 0.398245 0.310487 0.000000
vt 0.368443 0.311911 0.000000
vt 0.379133 0.317845 0.000000
vt 0.352401 0.280350 0.000000
vt 0.356418 0.294774 0.000000
vt 0.355674 0.306343 0.000000
vt 0.362820 0.243076 0.000000
vt 0.374497 0.261603 0.000000
vt 0.386345 0.259944 0.000000
vt 0.379783 0.247068 0.000000
vt 0.352098 0.246155 0.000000
vt 0.364743 0.262498 0.000000
vt 0.345092 0.227181 0.000000
vt 0.337631 0.232975 0.000000
vt 0.377004 0.235965 0.000000
vt 0.363019 0.228882 0.000000
vt 0.373946 0.347743 0.000000
vt 0.378588 0.353477 0.000000
vt 0.381748 0.348272 0.000000
vt 0.374695 0.343519 0.000000
vt 0.367550 0.343044 0.000000
vt 0.368665 0.349869 0.000000
vt 0.373705 0.359046 0.000000
vt 0.385425 0.332226 0.000000
vt 0.380405 0.328699 0.000000
vt 0.376993 0.334227 0.000000
vt 0.384571 0.337790 0.000000
vt 0.394235 0.342535 0.000000
vt 0.392765 0.333491 0.000000
vt 0.387273 0.324951 0.000000
vt 0.329121 0.439902 0.000000
vt 0.310022 0.436392 0.000000
vt 0.308716 0.445867 0.000000
vt 0.324153 0.451100 0.000000
vt 0.327640 0.424180 0.000000
vt 0.312329 0.424924 0.000000
vt 0.345082 0.429010 0.000000
vt 0.339886 0.416602 0.000000
vt 0.248049 0.014206 0.000000
vt 0.241549 0.006359 0.000000
vt 0.232843 0.016451 0.000000
vt 0.236992 0.024275 0.000000
vt 0.244217 0.037986 0.000000
vt 0.253036 0.032476 0.000000
vt 0.291385 0.418110 0.000000
vt 0.299199 0.416514 0.000000
vt 0.296701 0.409135 0.000000
vt 0.287697 0.414794 0.000000
vt 0.288542 0.423847 0.000000
vt 0.298392 0.424820 0.000000
vt 0.282306 0.421199 0.000000
vt 0.329493 0.341864 0.000000
vt 0.333165 0.355344 0.000000
vt 0.345083 0.348908 0.000000
vt 0.345734 0.338631 0.000000
vt 0.317818 0.328459 0.000000
vt 0.307058 0.337002 0.000000
vt 0.315793 0.350134 0.000000
vt 0.324022 0.360563 0.000000
vt 0.268064 0.421171 0.000000
vt 0.270356 0.415572 0.000000
vt 0.261681 0.416037 0.000000
vt 0.262070 0.424644 0.000000
vt 0.272212 0.424533 0.000000
vt 0.277039 0.417788 0.000000
vt 0.265963 0.431953 0.000000
vt 0.318523 0.303482 0.000000
vt 0.323060 0.305619 0.000000
vt 0.324843 0.299491 0.000000
vt 0.318291 0.299537 0.000000
vt 0.314393 0.306843 0.000000
vt 0.318638 0.312346 0.000000
vt 0.312513 0.301940 0.000000
vt 0.316087 0.286900 0.000000
vt 0.316811 0.290579 0.000000
vt 0.323249 0.288177 0.000000
vt 0.320112 0.283349 0.000000
vt 0.314768 0.279816 0.000000
vt 0.311786 0.286348 0.000000
vt 0.311010 0.291786 0.000000
vt 0.280934 0.364161 0.000000
vt 0.300940 0.355970 0.000000
vt 0.293493 0.344537 0.000000
vt 0.277806 0.349929 0.000000
vt 0.274998 0.375188 0.000000
vt 0.294813 0.381370 0.000000
vt 0.302356 0.374149 0.000000
vt 0.262169 0.350682 0.000000
vt 0.259576 0.361076 0.000000
vt 0.256337 0.370277 0.000000
vt 0.247431 0.390500 0.000000
vt 0.249524 0.407719 0.000000
vt 0.263408 0.406435 0.000000
vt 0.266318 0.394462 0.000000
vt 0.252302 0.379341 0.000000
vt 0.235177 0.370304 0.000000
vt 0.230422 0.377711 0.000000
vt 0.234026 0.397300 0.000000
vt 0.237640 0.411637 0.000000
vt 0.223232 0.385138 0.000000
vt 0.270504 0.384268 0.000000
vt 0.132500 0.633931 0.000000
vt 0.135508 0.635328 0.000000
vt 0.138829 0.629303 0.000000
vt 0.133279 0.629680 0.000000
vt 0.128480 0.631855 0.000000
vt 0.128990 0.636468 0.000000
vt 0.130981 0.639438 0.000000
vt 0.145040 0.580508 0.000000
vt 0.130614 0.591350 0.000000
vt 0.133817 0.609015 0.000000
vt 0.144183 0.605255 0.000000
vt 0.155946 0.604736 0.000000
vt 0.159461 0.584613 0.000000
vt 0.132604 0.561972 0.000000
vt 0.124408 0.576260 0.000000
vt 0.155146 0.558361 0.000000
vt 0.139549 0.537592 0.000000
vt 0.166921 0.567176 0.000000
vt 0.125501 0.638407 0.000000
vt 0.124679 0.634969 0.000000
vt 0.122661 0.637465 0.000000
vt 0.125220 0.641522 0.000000
vt 0.128345 0.646842 0.000000
vt 0.135407 0.643464 0.000000
vt 0.117857 0.639690 0.000000
vt 0.119228 0.647965 0.000000
vt 0.119513 0.633386 0.000000
vt 0.123210 0.628616 0.000000
vt 0.246917 0.455078 0.000000
vt 0.257815 0.442080 0.000000
vt 0.251647 0.431614 0.000000
vt 0.239939 0.438131 0.000000
vt 0.226551 0.456658 0.000000
vt 0.225247 0.470358 0.000000
vt 0.244869 0.469081 0.000000
vt 0.261493 0.460270 0.000000
vt 0.266293 0.448144 0.000000
vt 0.259032 0.468989 0.000000
vt 0.131507 0.706326 0.000000
vt 0.127813 0.700677 0.000000
vt 0.120362 0.708766 0.000000
vt 0.128990 0.711929 0.000000
vt 0.139195 0.704973 0.000000
vt 0.138101 0.695729 0.000000
vt 0.138527 0.712690 0.000000
vt 0.101058 0.692213 0.000000
vt 0.118713 0.679305 0.000000
vt 0.115386 0.666726 0.000000
vt 0.101794 0.671803 0.000000
vt 0.111911 0.701950 0.000000
vt 0.122953 0.690692 0.000000
vt 0.089540 0.718192 0.000000
vt 0.103193 0.719268 0.000000
vt 0.082614 0.696208 0.000000
vt 0.073889 0.719906 0.000000
vt 0.087123 0.675971 0.000000
vt 0.133036 0.733337 0.000000
vt 0.134611 0.727652 0.000000
vt 0.125515 0.728193 0.000000
vt 0.126404 0.736908 0.000000
vt 0.131666 0.746856 0.000000
vt 0.138588 0.737742 0.000000
vt 0.142873 0.729953 0.000000
vt 0.198930 0.503106 0.000000
vt 0.222229 0.495445 0.000000
vt 0.223093 0.483498 0.000000
vt 0.204082 0.485814 0.000000
vt 0.063739 0.658372 0.000000
vt 0.056698 0.682812 0.000000
vt 0.072715 0.679254 0.000000
vt 0.077739 0.658231 0.000000
vt 0.185294 0.481888 0.000000
vt 0.175164 0.496396 0.000000
vt 0.082093 0.640463 0.000000
vt 0.074395 0.637108 0.000000
vt 0.199851 0.425217 0.000000
vt 0.197488 0.430653 0.000000
vt 0.204814 0.431867 0.000000
vt 0.205466 0.423240 0.000000
vt 0.197272 0.421894 0.000000
vt 0.192408 0.427588 0.000000
vt 0.203402 0.416822 0.000000
vt 0.190551 0.414021 0.000000
vt 0.193620 0.417519 0.000000
vt 0.199105 0.411506 0.000000
vt 0.193134 0.408175 0.000000
vt 0.185424 0.416675 0.000000
vt 0.188153 0.423108 0.000000
vt 0.184750 0.408567 0.000000
vt 0.407605 0.210996 0.000000
vt 0.413942 0.206715 0.000000
vt 0.409182 0.195774 0.000000
vt 0.402687 0.206304 0.000000
vt 0.407373 0.216935 0.000000
vt 0.415781 0.215470 0.000000
vt 0.400172 0.214724 0.000000
vt 0.383858 0.182164 0.000000
vt 0.394205 0.195460 0.000000
vt 0.401843 0.181561 0.000000
vt 0.396054 0.164829 0.000000
vt 0.380674 0.200372 0.000000
vt 0.391101 0.207705 0.000000
vt 0.372134 0.185412 0.000000
vt 0.371539 0.197365 0.000000
vt 0.389664 0.144664 0.000000
vt 0.378800 0.159316 0.000000
vt 0.369432 0.171501 0.000000
vt 0.340187 0.171380 0.000000
vt 0.348058 0.171562 0.000000
vt 0.349925 0.153803 0.000000
vt 0.334795 0.163110 0.000000
vt 0.337045 0.179154 0.000000
vt 0.344335 0.181951 0.000000
vt 0.327507 0.174677 0.000000
vt 0.354342 0.184924 0.000000
vt 0.354448 0.189507 0.000000
vt 0.362160 0.187628 0.000000
vt 0.359851 0.180013 0.000000
vt 0.354775 0.174447 0.000000
vt 0.350062 0.183928 0.000000
vt 0.348715 0.190258 0.000000
vt 0.354760 0.200010 0.000000
vt 0.360646 0.201885 0.000000
vt 0.362393 0.195428 0.000000
vt 0.354622 0.195179 0.000000
vt 0.348935 0.196387 0.000000
vt 0.351520 0.202431 0.000000
vt 0.358024 0.207326 0.000000
vt 0.311508 0.204852 0.000000
vt 0.325312 0.220756 0.000000
vt 0.333797 0.214928 0.000000
vt 0.326834 0.201042 0.000000
vt 0.325135 0.187796 0.000000
vt 0.312616 0.185769 0.000000
vt 0.289275 0.200135 0.000000
vt 0.281080 0.220906 0.000000
vt 0.299967 0.224624 0.000000
vt 0.315844 0.231567 0.000000
vt 0.294612 0.182734 0.000000
vt 0.337222 0.063270 0.000000
vt 0.339957 0.046728 0.000000
vt 0.327029 0.041425 0.000000
vt 0.320729 0.050577 0.000000
vt 0.354019 0.059225 0.000000
vt 0.351696 0.048153 0.000000
vt 0.342624 0.083233 0.000000
vt 0.358371 0.073457 0.000000
vt 0.465308 0.478343 0.000000
vt 0.472030 0.474585 0.000000
vt 0.462155 0.470165 0.000000
vt 0.455763 0.472856 0.000000
vt 0.375663 0.014232 0.000000
vt 0.363068 0.016803 0.000000
vt 0.367760 0.024595 0.000000
vt 0.378682 0.020225 0.000000
vt 0.387025 0.014569 0.000000
vt 0.383897 0.008314 0.000000
vt 0.395672 0.009640 0.000000
vt 0.394267 0.003840 0.000000
vt 0.481031 0.472627 0.000000
vt 0.481031 0.469149 0.000000
vt 0.473756 0.469845 0.000000
vt 0.466741 0.467640 0.000000
vt 0.355267 0.124314 0.000000
vt 0.361199 0.158906 0.000000
vt 0.369569 0.140375 0.000000
vt 0.379996 0.124675 0.000000
vt 0.371560 0.104808 0.000000
vt 0.347010 0.101568 0.000000
vt 0.325706 0.115680 0.000000
vt 0.323869 0.143885 0.000000
vt 0.364312 0.089040 0.000000
vt 0.427195 0.035936 0.000000
vt 0.428818 0.037020 0.000000
vt 0.429602 0.031833 0.000000
vt 0.426241 0.030564 0.000000
vt 0.422351 0.031118 0.000000
vt 0.424528 0.036568 0.000000
vt 0.426438 0.040134 0.000000
vt 0.306147 0.122375 0.000000
vt 0.302559 0.145783 0.000000
vt 0.314609 0.169352 0.000000
vt 0.298425 0.165688 0.000000
vt 0.169948 0.077669 0.000000
vt 0.168948 0.084827 0.000000
vt 0.176701 0.085228 0.000000
vt 0.175689 0.074793 0.000000
vt 0.172641 0.063900 0.000000
vt 0.165341 0.071626 0.000000
vt 0.160991 0.081440 0.000000
vt 0.123452 0.159752 0.000000
vt 0.117580 0.155438 0.000000
vt 0.114693 0.167551 0.000000
vt 0.123781 0.166549 0.000000
vt 0.129073 0.155480 0.000000
vt 0.124661 0.145770 0.000000
vt 0.130904 0.163855 0.000000
vt 0.221869 0.027823 0.000000
vt 0.229310 0.037025 0.000000
vt 0.214540 0.044806 0.000000
vt 0.220868 0.054786 0.000000
vt 0.210232 0.024777 0.000000
vt 0.207089 0.037266 0.000000
vt 0.229632 0.008732 0.000000
vt 0.220136 0.014653 0.000000
vt 0.210607 0.014156 0.000000
vt 0.160945 0.149325 0.000000
vt 0.167212 0.152394 0.000000
vt 0.169403 0.142215 0.000000
vt 0.159882 0.141947 0.000000
vt 0.156894 0.154205 0.000000
vt 0.164077 0.160514 0.000000
vt 0.151527 0.145549 0.000000
vt 0.142581 0.167574 0.000000
vt 0.138164 0.169018 0.000000
vt 0.140479 0.176071 0.000000
vt 0.145965 0.171837 0.000000
vt 0.150234 0.166183 0.000000
vt 0.144243 0.162254 0.000000
vt 0.137513 0.161222 0.000000
vt 0.223193 0.213696 0.000000
vt 0.230270 0.188962 0.000000
vt 0.210689 0.177338 0.000000
vt 0.204039 0.193212 0.000000
vt 0.195361 0.205840 0.000000
vt 0.207945 0.224964 0.000000
vt 0.229027 0.244280 0.000000
vt 0.242842 0.243457 0.000000
vt 0.243259 0.218080 0.000000
vt 0.213940 0.244907 0.000000
vt 0.249425 0.196820 0.000000
vt 0.148891 0.251359 0.000000
vt 0.135990 0.268902 0.000000
vt 0.142995 0.282538 0.000000
vt 0.155384 0.270241 0.000000
vt 0.165406 0.263847 0.000000
vt 0.161604 0.246603 0.000000
vt 0.134288 0.245787 0.000000
vt 0.128073 0.258143 0.000000
vt 0.146469 0.230645 0.000000
vt 0.136380 0.232504 0.000000
vt 0.156930 0.228224 0.000000
vt 0.435092 0.012467 0.000000
vt 0.431362 0.018856 0.000000
vt 0.435403 0.021200 0.000000
vt 0.438297 0.015174 0.000000
vt 0.432456 0.011686 0.000000
vt 0.426021 0.010971 0.000000
vt 0.425547 0.017225 0.000000
vt 0.489055 0.503106 0.000000
vt 0.490513 0.498679 0.000000
vt 0.482031 0.498219 0.000000
vt 0.482031 0.503106 0.000000
vt 0.174863 0.303353 0.000000
vt 0.163435 0.309599 0.000000
vt 0.168982 0.326923 0.000000
vt 0.179395 0.321627 0.000000
vt 0.169212 0.282338 0.000000
vt 0.159445 0.289840 0.000000
vt 0.181734 0.290655 0.000000
vt 0.177641 0.274748 0.000000
vt 0.187013 0.309035 0.000000
vt 0.187573 0.302518 0.000000
vt 0.188412 0.319020 0.000000
vt 0.195078 0.300316 0.000000
vt 0.199296 0.297994 0.000000
vt 0.198613 0.288771 0.000000
vt 0.192139 0.293982 0.000000
vt 0.194852 0.305101 0.000000
vt 0.200422 0.303269 0.000000
vt 0.202232 0.317248 0.000000
vt 0.198821 0.320842 0.000000
vt 0.206791 0.324209 0.000000
vt 0.208394 0.316964 0.000000
vt 0.201227 0.313256 0.000000
vt 0.195225 0.315615 0.000000
vt 0.208649 0.310779 0.000000
vt 0.162922 0.894746 0.000000
vt 0.184299 0.902946 0.000000
vt 0.195648 0.888617 0.000000
vt 0.180388 0.878596 0.000000
vt 0.165494 0.915894 0.000000
vt 0.178224 0.917593 0.000000
vt 0.140995 0.901226 0.000000
vt 0.152332 0.918604 0.000000
vt 0.141158 0.871483 0.000000
vt 0.122937 0.879335 0.000000
vt 0.163698 0.863776 0.000000
vt 0.175029 0.975662 0.000000
vt 0.179304 0.973156 0.000000
vt 0.176880 0.970759 0.000000
vt 0.174000 0.971450 0.000000
vt 0.180526 0.978882 0.000000
vt 0.170636 0.971276 0.000000
vt 0.169952 0.974744 0.000000
vt 0.171624 0.978983 0.000000
vt 0.176351 0.982071 0.000000
vt 0.167172 0.978304 0.000000
vt 0.092818 0.933180 0.000000
vt 0.115206 0.950530 0.000000
vt 0.122840 0.940338 0.000000
vt 0.104337 0.923206 0.000000
vt 0.095900 0.955700 0.000000
vt 0.110511 0.964000 0.000000
vt 0.082333 0.903386 0.000000
vt 0.069743 0.910455 0.000000
vt 0.071364 0.934291 0.000000
vt 0.080822 0.950810 0.000000
vt 0.056881 0.917678 0.000000
vt 0.148040 0.959507 0.000000
vt 0.137857 0.967143 0.000000
vt 0.142288 0.974468 0.000000
vt 0.149697 0.969945 0.000000
vt 0.155073 0.968227 0.000000
vt 0.156095 0.961222 0.000000
vt 0.136516 0.951185 0.000000
vt 0.127892 0.960478 0.000000
vt 0.159002 0.955892 0.000000
vt 0.153923 0.952110 0.000000
vt 0.144127 0.943722 0.000000
vt 0.000856 0.327820 0.000000
vt 0.007018 0.324562 0.000000
vt 0.006557 0.319489 0.000000
vt 0.000167 0.320293 0.000000
vt 0.000167 0.284932 0.000000
vt 0.001882 0.289191 0.000000
vt 0.007686 0.285039 0.000000
vt 0.006216 0.281902 0.000000
vt 0.166378 0.982916 0.000000
vt 0.171732 0.985593 0.000000
vt 0.164203 0.978377 0.000000
vt 0.160723 0.979649 0.000000
vt 0.162218 0.984778 0.000000
vt 0.036624 0.293362 0.000000
vt 0.031517 0.290889 0.000000
vt 0.026654 0.295786 0.000000
vt 0.034050 0.302821 0.000000
vt 0.040702 0.297444 0.000000
vt 0.045408 0.283625 0.000000
vt 0.042586 0.277668 0.000000
vt 0.038245 0.305672 0.000000
vt 0.018220 0.299109 0.000000
vt 0.019743 0.306890 0.000000
vt 0.026584 0.309704 0.000000
vt 0.023770 0.289357 0.000000
vt 0.017404 0.294770 0.000000
vt 0.030472 0.282989 0.000000
vt 0.032312 0.312039 0.000000
vt 0.026981 0.320738 0.000000
vt 0.019976 0.315056 0.000000
vt 0.019364 0.320714 0.000000
vt 0.024771 0.325079 0.000000
vt 0.026982 0.329260 0.000000
vt 0.028841 0.326686 0.000000
vt 0.031579 0.320271 0.000000
vt 0.031223 0.326066 0.000000
vt 0.029583 0.332132 0.000000
vt 0.048153 0.297238 0.000000
vt 0.059144 0.282607 0.000000
vt 0.057384 0.273058 0.000000
vt 0.044771 0.301683 0.000000
vt 0.000167 0.380183 0.000000
vt 0.011318 0.380622 0.000000
vt 0.013194 0.373546 0.000000
vt 0.004999 0.373703 0.000000
vt 0.002947 0.392937 0.000000
vt 0.011746 0.391185 0.000000
vt 0.030487 0.340520 0.000000
vt 0.027155 0.336800 0.000000
vt 0.022821 0.341550 0.000000
vt 0.026683 0.344733 0.000000
vt 0.031617 0.336334 0.000000
vt 0.028896 0.347783 0.000000
vt 0.031906 0.344520 0.000000
vt 0.034551 0.342674 0.000000
vt 0.034167 0.339240 0.000000
vt 0.033931 0.335481 0.000000
vt 0.038295 0.894164 0.000000
vt 0.048174 0.881113 0.000000
vt 0.037511 0.874826 0.000000
vt 0.032060 0.885094 0.000000
vt 0.051884 0.899718 0.000000
vt 0.062743 0.889696 0.000000
vt 0.031622 0.902351 0.000000
vt 0.042505 0.907936 0.000000
vt 0.031066 0.412436 0.000000
vt 0.029287 0.399543 0.000000
vt 0.020610 0.400193 0.000000
vt 0.020447 0.410520 0.000000
vt 0.041749 0.409033 0.000000
vt 0.039250 0.398301 0.000000
vt 0.056298 0.865946 0.000000
vt 0.073982 0.879098 0.000000
vt 0.087508 0.867799 0.000000
vt 0.070080 0.852315 0.000000
vt 0.055277 0.838851 0.000000
vt 0.046737 0.849470 0.000000
vt 0.037355 0.853774 0.000000
vt 0.039696 0.864749 0.000000
vt 0.033295 0.368293 0.000000
vt 0.026990 0.366770 0.000000
vt 0.027022 0.373952 0.000000
vt 0.034777 0.374694 0.000000
vt 0.031194 0.359943 0.000000
vt 0.027363 0.359661 0.000000
vt 0.036101 0.364459 0.000000
vt 0.034193 0.358767 0.000000
vt 0.043217 0.372373 0.000000
vt 0.041603 0.365849 0.000000
vt 0.040794 0.360471 0.000000
vt 0.036584 0.361750 0.000000
vt 0.039791 0.356837 0.000000
vt 0.036424 0.356612 0.000000
vt 0.043074 0.321050 0.000000
vt 0.044843 0.318577 0.000000
vt 0.042153 0.315789 0.000000
vt 0.040597 0.320377 0.000000
vt 0.039829 0.324525 0.000000
vt 0.042956 0.323818 0.000000
vt 0.045777 0.322210 0.000000
vt 0.084832 0.299029 0.000000
vt 0.096914 0.276636 0.000000
vt 0.090244 0.274238 0.000000
vt 0.078339 0.291143 0.000000
vt 0.102515 0.294005 0.000000
vt 0.106168 0.276579 0.000000
vt 0.082815 0.315374 0.000000
vt 0.100989 0.309269 0.000000
vt 0.067960 0.302278 0.000000
vt 0.069532 0.310241 0.000000
vt 0.070528 0.320684 0.000000
vt 0.069800 0.363650 0.000000
vt 0.073990 0.377955 0.000000
vt 0.090791 0.373192 0.000000
vt 0.091368 0.361486 0.000000
vt 0.096915 0.341035 0.000000
vt 0.078320 0.344086 0.000000
vt 0.065938 0.343509 0.000000
vt 0.059723 0.356153 0.000000
vt 0.056717 0.373320 0.000000
vt 0.060684 0.382900 0.000000
vt 0.051928 0.365797 0.000000
vt 0.022721 0.827189 0.000000
vt 0.034496 0.836639 0.000000
vt 0.038985 0.827023 0.000000
vt 0.022234 0.819031 0.000000
vt 0.011500 0.823588 0.000000
vt 0.016287 0.827740 0.000000
vt 0.029369 0.841433 0.000000
vt 0.006207 0.833403 0.000000
vt 0.015086 0.840328 0.000000
vt 0.116475 0.844771 0.000000
vt 0.148740 0.843089 0.000000
vt 0.139198 0.818447 0.000000
vt 0.112864 0.812929 0.000000
vt 0.083555 0.823813 0.000000
vt 0.077958 0.838754 0.000000
vt 0.100991 0.857176 0.000000
vt 0.087992 0.793688 0.000000
vt 0.120732 0.787779 0.000000
vt 0.107611 0.772008 0.000000
vt 0.083176 0.761777 0.000000
vt 0.065572 0.765970 0.000000
vt 0.066386 0.790187 0.000000
vt 0.062983 0.810391 0.000000
vt 0.039529 0.484914 0.000000
vt 0.032859 0.493333 0.000000
vt 0.040956 0.497480 0.000000
vt 0.046875 0.486796 0.000000
vt 0.014995 0.794723 0.000000
vt 0.011049 0.801267 0.000000
vt 0.017979 0.804505 0.000000
vt 0.022702 0.795375 0.000000
vt 0.050517 0.476763 0.000000
vt 0.041985 0.476501 0.000000
vt 0.172053 0.961097 0.000000
vt 0.171670 0.962023 0.000000
vt 0.172815 0.962307 0.000000
vt 0.171702 0.959985 0.000000
vt 0.170653 0.960785 0.000000
vt 0.079279 0.436449 0.000000
vt 0.070221 0.423409 0.000000
vt 0.064433 0.433742 0.000000
vt 0.068104 0.446179 0.000000
vt 0.086493 0.416646 0.000000
vt 0.075216 0.411502 0.000000
vt 0.069660 0.459633 0.000000
vt 0.080748 0.455731 0.000000
vt 0.095490 0.436336 0.000000
vt 0.100083 0.418261 0.000000
vt 0.095824 0.453322 0.000000
vt 0.006343 0.807080 0.000000
vt 0.000167 0.809744 0.000000
vt 0.005649 0.817214 0.000000
vt 0.012062 0.811303 0.000000
vt 0.045646 0.468443 0.000000
vt 0.052190 0.466430 0.000000
vt 0.161325 0.351843 0.000000
vt 0.133570 0.359406 0.000000
vt 0.130037 0.379162 0.000000
vt 0.156999 0.374550 0.000000
vt 0.155237 0.334262 0.000000
vt 0.135556 0.343271 0.000000
vt 0.183958 0.358837 0.000000
vt 0.191106 0.348337 0.000000
vt 0.177075 0.339119 0.000000
vt 0.178306 0.373165 0.000000
vt 0.128046 0.400812 0.000000
vt 0.105288 0.401059 0.000000
vt 0.116264 0.420714 0.000000
vt 0.108155 0.384835 0.000000
vt 0.130568 0.429129 0.000000
vt 0.142205 0.418135 0.000000
vt 0.048818 0.743778 0.000000
vt 0.035752 0.733122 0.000000
vt 0.028416 0.742924 0.000000
vt 0.035794 0.753933 0.000000
vt 0.058627 0.720090 0.000000
vt 0.044238 0.718234 0.000000
vt 0.066450 0.743530 0.000000
vt 0.051077 0.768055 0.000000
vt 0.039492 0.771043 0.000000
vt 0.120674 0.480817 0.000000
vt 0.124737 0.475888 0.000000
vt 0.119412 0.471170 0.000000
vt 0.116269 0.478976 0.000000
vt 0.121733 0.485875 0.000000
vt 0.128333 0.483347 0.000000
vt 0.114962 0.486339 0.000000
vt 0.004639 0.731554 0.000000
vt 0.006154 0.726273 0.000000
vt 0.000167 0.729039 0.000000
vt 0.001860 0.734418 0.000000
vt 0.011709 0.732909 0.000000
vt 0.015413 0.725952 0.000000
vt 0.007922 0.738525 0.000000
vt 0.457899 0.324357 0.000000
vt 0.449100 0.304868 0.000000
vt 0.441104 0.323887 0.000000
vt 0.442682 0.336203 0.000000
vt 0.454756 0.337468 0.000000
vt 0.471813 0.339772 0.000000
vt 0.476906 0.331747 0.000000
vt 0.364801 0.692897 0.000000
vt 0.366221 0.699007 0.000000
vt 0.376390 0.697153 0.000000
vt 0.371319 0.687856 0.000000
vt 0.358050 0.691137 0.000000
vt 0.357134 0.699102 0.000000
vt 0.245187 0.597118 0.000000
vt 0.244011 0.582055 0.000000
vt 0.233268 0.580218 0.000000
vt 0.230715 0.591190 0.000000
vt 0.226167 0.602290 0.000000
vt 0.237862 0.608900 0.000000
vt 0.258604 0.595130 0.000000
vt 0.255002 0.581810 0.000000
vt 0.204588 0.737227 0.000000
vt 0.213674 0.733695 0.000000
vt 0.210673 0.722155 0.000000
vt 0.200710 0.731664 0.000000
vt 0.202250 0.742582 0.000000
vt 0.213990 0.743124 0.000000
vt 0.195169 0.738805 0.000000
vt 0.540959 0.663923 0.000000
vt 0.543960 0.659790 0.000000
vt 0.535271 0.663589 0.000000
vt 0.535202 0.670956 0.000000
vt 0.544110 0.669585 0.000000
vt 0.503898 0.456983 0.000000
vt 0.494807 0.460178 0.000000
vt 0.500101 0.474868 0.000000
vt 0.508563 0.476514 0.000000
vt 0.482461 0.446151 0.000000
vt 0.519076 0.461440 0.000000
vt 0.521489 0.447514 0.000000
vt 0.507636 0.440030 0.000000
vt 0.518856 0.477318 0.000000
vt 0.368014 0.503106 0.000000
vt 0.366465 0.492773 0.000000
vt 0.375744 0.501204 0.000000
vt 0.374283 0.493113 0.000000
vt 0.495059 0.801969 0.000000
vt 0.498475 0.790839 0.000000
vt 0.489590 0.786931 0.000000
vt 0.486296 0.795829 0.000000
vt 0.504252 0.800750 0.000000
vt 0.506054 0.792869 0.000000
vt 0.496777 0.809986 0.000000
vt 0.503661 0.806829 0.000000
vt 0.542101 0.796532 0.000000
vt 0.543081 0.802664 0.000000
vt 0.496920 0.018372 0.000000
vt 0.496419 0.010366 0.000000
vt 0.499763 0.024628 0.000000
vt 0.530617 0.815282 0.000000
vt 0.534071 0.806967 0.000000
vt 0.526558 0.807337 0.000000
vt 0.523778 0.813757 0.000000
vt 0.520380 0.821154 0.000000
vt 0.523519 0.822656 0.000000
vt 0.493094 0.026976 0.000000
vt 0.493986 0.030835 0.000000
vt 0.459154 0.068365 0.000000
vt 0.456220 0.058230 0.000000
vt 0.448119 0.058273 0.000000
vt 0.448761 0.067692 0.000000
vt 0.450112 0.081246 0.000000
vt 0.459013 0.081080 0.000000
vt 0.469404 0.060643 0.000000
vt 0.466197 0.055057 0.000000
vt 0.467795 0.081212 0.000000
vt 0.469782 0.072704 0.000000
vt 0.475471 0.065810 0.000000
vt 0.396317 0.693274 0.000000
vt 0.395906 0.705178 0.000000
vt 0.405642 0.708382 0.000000
vt 0.409855 0.701272 0.000000
vt 0.385110 0.695235 0.000000
vt 0.387010 0.704669 0.000000
vt 0.404629 0.685360 0.000000
vt 0.416630 0.693893 0.000000
vt 0.379019 0.682207 0.000000
vt 0.402716 0.736446 0.000000
vt 0.401038 0.740834 0.000000
vt 0.401303 0.732990 0.000000
vt 0.396489 0.736456 0.000000
vt 0.354260 0.750867 0.000000
vt 0.349401 0.773852 0.000000
vt 0.375354 0.743527 0.000000
vt 0.370192 0.730127 0.000000
vt 0.362498 0.731822 0.000000
vt 0.352187 0.733571 0.000000
vt 0.383573 0.756076 0.000000
vt 0.362607 0.886467 0.000000
vt 0.364465 0.868610 0.000000
vt 0.342260 0.860714 0.000000
vt 0.338633 0.875459 0.000000
vt 0.384889 0.887936 0.000000
vt 0.384961 0.876366 0.000000
vt 0.332418 0.892315 0.000000
vt 0.348259 0.903806 0.000000
vt 0.372614 0.906178 0.000000
vt 0.387616 0.901108 0.000000
vt 0.359357 0.917941 0.000000
vt 0.270334 0.810518 0.000000
vt 0.257231 0.804886 0.000000
vt 0.284960 0.834159 0.000000
vt 0.281802 0.853977 0.000000
vt 0.106866 0.976706 0.000000
vt 0.104061 0.985314 0.000000
vt 0.121127 0.971974 0.000000
vt 0.130659 0.978046 0.000000
vt 0.178786 0.966197 0.000000
vt 0.180367 0.966554 0.000000
vt 0.179621 0.963528 0.000000
vt 0.178046 0.964344 0.000000
vt 0.176358 0.965390 0.000000
vt 0.177545 0.967449 0.000000
vt 0.179229 0.969266 0.000000
vt 0.399836 0.246631 0.000000
vt 0.392090 0.247367 0.000000
vt 0.397019 0.255905 0.000000
vt 0.404412 0.249573 0.000000
vt 0.399827 0.241398 0.000000
vt 0.389384 0.239258 0.000000
vt 0.406974 0.243106 0.000000
vt 0.391751 0.390233 0.000000
vt 0.377317 0.376017 0.000000
vt 0.367994 0.381538 0.000000
vt 0.379223 0.394484 0.000000
vt 0.396426 0.379591 0.000000
vt 0.383358 0.369804 0.000000
vt 0.385393 0.406437 0.000000
vt 0.395867 0.404301 0.000000
vt 0.406877 0.404331 0.000000
vt 0.406867 0.393485 0.000000
vt 0.408343 0.384232 0.000000
vt 0.256623 0.329974 0.000000
vt 0.254982 0.324748 0.000000
vt 0.245163 0.330999 0.000000
vt 0.252297 0.337047 0.000000
vt 0.265277 0.328907 0.000000
vt 0.265611 0.320884 0.000000
vt 0.264410 0.338822 0.000000
vt 0.173401 0.654095 0.000000
vt 0.156864 0.662568 0.000000
vt 0.162065 0.676377 0.000000
vt 0.160846 0.646783 0.000000
vt 0.149590 0.654220 0.000000
vt 0.190401 0.653923 0.000000
vt 0.193113 0.638643 0.000000
vt 0.181185 0.638262 0.000000
vt 0.169339 0.635869 0.000000
vt 0.424159 0.048317 0.000000
vt 0.418991 0.049021 0.000000
vt 0.413696 0.056356 0.000000
vt 0.419627 0.059348 0.000000
vt 0.423461 0.043077 0.000000
vt 0.420699 0.045080 0.000000
vt 0.428545 0.042727 0.000000
vt 0.426175 0.062306 0.000000
vt 0.429463 0.052159 0.000000
vt 0.432263 0.045599 0.000000
vt 0.417775 0.041403 0.000000
vt 0.413927 0.045651 0.000000
vt 0.421264 0.038394 0.000000
vt 0.226755 0.108019 0.000000
vt 0.202896 0.109735 0.000000
vt 0.202219 0.125458 0.000000
vt 0.224303 0.131355 0.000000
vt 0.243747 0.136859 0.000000
vt 0.247890 0.118654 0.000000
vt 0.216913 0.083649 0.000000
vt 0.201980 0.092155 0.000000
vt 0.254336 0.096859 0.000000
vt 0.239327 0.084131 0.000000
vt 0.228034 0.067608 0.000000
vt 0.231178 0.269488 0.000000
vt 0.214532 0.262309 0.000000
vt 0.210677 0.276013 0.000000
vt 0.221273 0.283734 0.000000
vt 0.226190 0.294540 0.000000
vt 0.237757 0.287924 0.000000
vt 0.248196 0.284556 0.000000
vt 0.244666 0.267399 0.000000
vt 0.203647 0.295327 0.000000
vt 0.206085 0.299749 0.000000
vt 0.213124 0.293147 0.000000
vt 0.206681 0.287722 0.000000
vt 0.218975 0.338376 0.000000
vt 0.217827 0.325153 0.000000
vt 0.203239 0.333347 0.000000
vt 0.231703 0.330863 0.000000
vt 0.229300 0.321101 0.000000
vt 0.211989 0.347297 0.000000
vt 0.225627 0.354066 0.000000
vt 0.230637 0.347577 0.000000
vt 0.197824 0.340845 0.000000
vt 0.237455 0.339697 0.000000
vt 0.167847 0.974033 0.000000
vt 0.167941 0.970712 0.000000
vt 0.165532 0.970002 0.000000
vt 0.165458 0.974701 0.000000
vt 0.035018 0.278147 0.000000
vt 0.033590 0.330721 0.000000
vt 0.033922 0.325539 0.000000
vt 0.024113 0.332765 0.000000
vt 0.149597 0.532148 0.000000
vt 0.145151 0.516605 0.000000
vt 0.137707 0.517922 0.000000
vt 0.127416 0.534785 0.000000
vt 0.122424 0.554246 0.000000
vt 0.130196 0.518615 0.000000
vt 0.024791 0.845898 0.000000
vt 0.014011 0.849040 0.000000
vt 0.026831 0.853763 0.000000
vt 0.013528 0.857655 0.000000
vt 0.026927 0.862245 0.000000
vt 0.013298 0.865951 0.000000
vt 0.025877 0.870162 0.000000
vt 0.013057 0.873746 0.000000
vt 0.023957 0.878586 0.000000
vt 0.052392 0.405330 0.000000
vt 0.064077 0.402817 0.000000
vt 0.062946 0.393188 0.000000
vt 0.050535 0.396239 0.000000
vt 0.048071 0.387342 0.000000
vt 0.037318 0.389733 0.000000
vt 0.045587 0.379491 0.000000
vt 0.035829 0.381587 0.000000
vt 0.027403 0.381219 0.000000
vt 0.028210 0.390285 0.000000
vt 0.020055 0.390294 0.000000
vt 0.019568 0.380757 0.000000
vt 0.020272 0.373299 0.000000
vt 0.021596 0.365891 0.000000
vt 0.015821 0.365827 0.000000
vt 0.010352 0.365666 0.000000
vt 0.023215 0.358910 0.000000
vt 0.018812 0.358099 0.000000
vt 0.014028 0.357381 0.000000
vt 0.022557 0.350787 0.000000
vt 0.018123 0.349271 0.000000
vt 0.035268 0.265869 0.000000
vt 0.032038 0.261042 0.000000
vt 0.029009 0.266605 0.000000
vt 0.032228 0.271015 0.000000
vt 0.038503 0.270476 0.000000
vt 0.025621 0.272628 0.000000
vt 0.028118 0.277035 0.000000
vt 0.020512 0.279078 0.000000
vt 0.022374 0.283688 0.000000
vt 0.014990 0.284495 0.000000
vt 0.016301 0.288692 0.000000
vt 0.009263 0.288811 0.000000
vt 0.010728 0.292716 0.000000
vt 0.012016 0.298110 0.000000
vt 0.012625 0.301564 0.000000
vt 0.005192 0.296440 0.000000
vt 0.006361 0.300761 0.000000
vt 0.007022 0.303620 0.000000
vt 0.006703 0.308228 0.000000
vt 0.012944 0.307159 0.000000
vt 0.150171 0.994582 0.000000
vt 0.152007 0.992387 0.000000
vt 0.149275 0.986775 0.000000
vt 0.146778 0.989907 0.000000
vt 0.002285 0.302974 0.000000
vt 0.000978 0.308432 0.000000
vt 0.000167 0.314410 0.000000
vt 0.006338 0.313721 0.000000
vt 0.146315 0.994762 0.000000
vt 0.142004 0.986600 0.000000
vt 0.140988 0.993573 0.000000
vt 0.141821 0.999833 0.000000
vt 0.147550 0.999833 0.000000
vt 0.180217 0.986164 0.000000
vt 0.175200 0.988692 0.000000
vt 0.134195 0.991956 0.000000
vt 0.135351 0.999833 0.000000
vt 0.186217 0.983222 0.000000
vt 0.136299 0.982497 0.000000
vt 0.145457 0.981125 0.000000
vt 0.153248 0.983631 0.000000
vt 0.151158 0.977551 0.000000
vt 0.156876 0.981497 0.000000
vt 0.155607 0.975755 0.000000
vt 0.159449 0.974734 0.000000
vt 0.159059 0.968338 0.000000
vt 0.162613 0.974472 0.000000
vt 0.162492 0.968951 0.000000
vt 0.163467 0.964420 0.000000
vt 0.160300 0.962732 0.000000
vt 0.164824 0.960915 0.000000
vt 0.162362 0.958661 0.000000
vt 0.166745 0.958367 0.000000
vt 0.164865 0.955733 0.000000
vt 0.162235 0.952195 0.000000
vt 0.167443 0.953856 0.000000
vt 0.165897 0.950003 0.000000
vt 0.163402 0.943596 0.000000
vt 0.158586 0.946887 0.000000
vt 0.158938 0.933095 0.000000
vt 0.151420 0.937867 0.000000
vt 0.141111 0.924261 0.000000
vt 0.131320 0.931370 0.000000
vt 0.127050 0.907479 0.000000
vt 0.114675 0.915310 0.000000
vt 0.107984 0.886765 0.000000
vt 0.094068 0.895445 0.000000
vt 0.168349 0.942021 0.000000
vt 0.166924 0.931009 0.000000
vt 0.172844 0.941737 0.000000
vt 0.174794 0.931345 0.000000
vt 0.176773 0.942876 0.000000
vt 0.181572 0.933792 0.000000
vt 0.188045 0.922293 0.000000
vt 0.186969 0.937839 0.000000
vt 0.195184 0.929563 0.000000
vt 0.205152 0.918828 0.000000
vt 0.196727 0.910585 0.000000
vt 0.216274 0.907647 0.000000
vt 0.207711 0.898269 0.000000
vt 0.210902 0.926982 0.000000
vt 0.223015 0.917119 0.000000
vt 0.235164 0.908424 0.000000
vt 0.249480 0.900598 0.000000
vt 0.270027 0.907982 0.000000
vt 0.265807 0.892510 0.000000
vt 0.282470 0.903908 0.000000
vt 0.280868 0.888343 0.000000
vt 0.280404 0.871676 0.000000
vt 0.296469 0.886453 0.000000
vt 0.298341 0.870207 0.000000
vt 0.301141 0.853397 0.000000
vt 0.317909 0.871351 0.000000
vt 0.321281 0.855527 0.000000
vt 0.324155 0.839431 0.000000
vt 0.304583 0.835749 0.000000
vt 0.327864 0.822785 0.000000
vt 0.344496 0.846393 0.000000
vt 0.346887 0.831045 0.000000
vt 0.350701 0.816595 0.000000
vt 0.333621 0.807467 0.000000
vt 0.342122 0.792919 0.000000
vt 0.334829 0.769919 0.000000
vt 0.339972 0.750395 0.000000
vt 0.324786 0.750294 0.000000
vt 0.318236 0.765207 0.000000
vt 0.310407 0.747808 0.000000
vt 0.303305 0.758982 0.000000
vt 0.298787 0.743095 0.000000
vt 0.291032 0.751607 0.000000
vt 0.280791 0.760035 0.000000
vt 0.280137 0.743259 0.000000
vt 0.269329 0.766613 0.000000
vt 0.258545 0.772318 0.000000
vt 0.266083 0.782551 0.000000
vt 0.241716 0.770867 0.000000
vt 0.249865 0.777627 0.000000
vt 0.255482 0.785402 0.000000
vt 0.257963 0.795094 0.000000
vt 0.271334 0.794918 0.000000
vt 0.247248 0.802278 0.000000
vt 0.238917 0.801526 0.000000
vt 0.230588 0.801820 0.000000
vt 0.235168 0.777455 0.000000
vt 0.229179 0.784898 0.000000
vt 0.231541 0.765381 0.000000
vt 0.225713 0.773462 0.000000
vt 0.219850 0.781740 0.000000
vt 0.214803 0.769347 0.000000
vt 0.209122 0.777362 0.000000
vt 0.204502 0.764763 0.000000
vt 0.220231 0.761453 0.000000
vt 0.208703 0.757829 0.000000
vt 0.198020 0.754398 0.000000
vt 0.194955 0.761371 0.000000
vt 0.188774 0.751691 0.000000
vt 0.185963 0.758988 0.000000
vt 0.179907 0.748322 0.000000
vt 0.176735 0.757090 0.000000
vt 0.173796 0.766911 0.000000
vt 0.172181 0.778889 0.000000
vt 0.167048 0.754440 0.000000
vt 0.162804 0.765628 0.000000
vt 0.158769 0.779675 0.000000
vt 0.157184 0.796935 0.000000
vt 0.173816 0.793240 0.000000
vt 0.150786 0.761732 0.000000
vt 0.144531 0.776228 0.000000
vt 0.138105 0.796102 0.000000
vt 0.131149 0.769243 0.000000
vt 0.160953 0.816742 0.000000
vt 0.170252 0.835296 0.000000
vt 0.181383 0.850628 0.000000
vt 0.194526 0.863274 0.000000
vt 0.206197 0.849618 0.000000
vt 0.217098 0.835946 0.000000
vt 0.140140 0.755104 0.000000
vt 0.121673 0.757525 0.000000
vt 0.116312 0.743762 0.000000
vt 0.100958 0.752445 0.000000
vt 0.114379 0.731062 0.000000
vt 0.100484 0.735700 0.000000
vt 0.083944 0.740194 0.000000
vt 0.115574 0.719290 0.000000
vt 0.126763 0.719836 0.000000
vt 0.136916 0.720687 0.000000
vt 0.146109 0.721833 0.000000
vt 0.148343 0.713285 0.000000
vt 0.155152 0.724698 0.000000
vt 0.158270 0.715038 0.000000
vt 0.160768 0.704165 0.000000
vt 0.149702 0.703680 0.000000
vt 0.162356 0.691509 0.000000
vt 0.149485 0.692852 0.000000
vt 0.147698 0.680548 0.000000
vt 0.135058 0.684473 0.000000
vt 0.143433 0.668215 0.000000
vt 0.131073 0.672992 0.000000
vt 0.138058 0.659384 0.000000
vt 0.126781 0.663388 0.000000
vt 0.133359 0.652791 0.000000
vt 0.123234 0.655132 0.000000
vt 0.112576 0.656758 0.000000
vt 0.110392 0.646943 0.000000
vt 0.100099 0.645171 0.000000
vt 0.100892 0.657570 0.000000
vt 0.090620 0.643095 0.000000
vt 0.088862 0.658509 0.000000
vt 0.101590 0.630820 0.000000
vt 0.094270 0.626234 0.000000
vt 0.087425 0.622858 0.000000
vt 0.080897 0.619348 0.000000
vt 0.099724 0.610898 0.000000
vt 0.093689 0.607044 0.000000
vt 0.088129 0.603434 0.000000
vt 0.256371 0.484739 0.000000
vt 0.257530 0.476901 0.000000
vt 0.241808 0.479643 0.000000
vt 0.240196 0.488873 0.000000
vt 0.100385 0.593090 0.000000
vt 0.094841 0.589732 0.000000
vt 0.270246 0.482182 0.000000
vt 0.271445 0.475146 0.000000
vt 0.272770 0.468132 0.000000
vt 0.282992 0.482289 0.000000
vt 0.285374 0.475423 0.000000
vt 0.287185 0.468415 0.000000
vt 0.289262 0.460752 0.000000
vt 0.274711 0.460843 0.000000
vt 0.298151 0.477100 0.000000
vt 0.300759 0.469635 0.000000
vt 0.303322 0.461616 0.000000
vt 0.306194 0.453411 0.000000
vt 0.291694 0.452241 0.000000
vt 0.313429 0.472443 0.000000
vt 0.316451 0.464933 0.000000
vt 0.320048 0.458073 0.000000
vt 0.328822 0.469815 0.000000
vt 0.331751 0.462472 0.000000
vt 0.237753 0.000500 0.000000
vt 0.326201 0.476895 0.000000
vt 0.338754 0.482117 0.000000
vt 0.341386 0.474349 0.000000
vt 0.344380 0.466624 0.000000
vt 0.350705 0.489815 0.000000
vt 0.352946 0.482646 0.000000
vt 0.355456 0.475588 0.000000
vt 0.114400 0.273634 0.000000
vt 0.114992 0.287756 0.000000
vt 0.126033 0.279914 0.000000
vt 0.121091 0.267136 0.000000
vt 0.116005 0.302827 0.000000
vt 0.130168 0.294511 0.000000
vt 0.116793 0.318440 0.000000
vt 0.132844 0.309447 0.000000
vt 0.148445 0.298232 0.000000
vt 0.135079 0.326334 0.000000
vt 0.151181 0.317025 0.000000
vt 0.116346 0.335813 0.000000
vt 0.113017 0.352857 0.000000
vt 0.110031 0.368329 0.000000
vt 0.091282 0.387087 0.000000
vt 0.076379 0.390163 0.000000
vt 0.077164 0.400956 0.000000
vt 0.090763 0.401309 0.000000
vt 0.000167 0.871065 0.000000
vt 0.000167 0.861189 0.000000
vt 0.099776 0.324211 0.000000
vt 0.082245 0.328843 0.000000
vt 0.069281 0.331790 0.000000
vt 0.060378 0.324877 0.000000
vt 0.059308 0.333677 0.000000
vt 0.057156 0.342672 0.000000
vt 0.052995 0.351599 0.000000
vt 0.052750 0.334741 0.000000
vt 0.050965 0.341693 0.000000
vt 0.048614 0.348315 0.000000
vt 0.044981 0.354797 0.000000
vt 0.048189 0.359542 0.000000
vt 0.046855 0.340984 0.000000
vt 0.045166 0.346352 0.000000
vt 0.042962 0.351496 0.000000
vt 0.042718 0.345071 0.000000
vt 0.041081 0.349357 0.000000
vt 0.039013 0.353190 0.000000
vt 0.039597 0.348123 0.000000
vt 0.038057 0.351325 0.000000
vt 0.036310 0.353702 0.000000
vt 0.034152 0.354949 0.000000
vt 0.037169 0.350297 0.000000
vt 0.036076 0.352096 0.000000
vt 0.034432 0.352734 0.000000
vt 0.032624 0.351859 0.000000
vt 0.031515 0.355261 0.000000
vt 0.035924 0.351278 0.000000
vt 0.035005 0.350960 0.000000
vt 0.033895 0.349623 0.000000
vt 0.032971 0.347424 0.000000
vt 0.030631 0.350363 0.000000
vt 0.035652 0.349628 0.000000
vt 0.035301 0.348185 0.000000
vt 0.034898 0.345686 0.000000
vt 0.036684 0.347519 0.000000
vt 0.036819 0.344764 0.000000
vt 0.036839 0.341612 0.000000
vt 0.038710 0.344362 0.000000
vt 0.039072 0.340971 0.000000
vt 0.039250 0.337157 0.000000
vt 0.036694 0.338109 0.000000
vt 0.039295 0.333156 0.000000
vt 0.036583 0.334158 0.000000
vt 0.039471 0.328851 0.000000
vt 0.036573 0.329728 0.000000
vt 0.036870 0.324978 0.000000
vt 0.037649 0.319887 0.000000
vt 0.034536 0.319845 0.000000
vt 0.039035 0.314196 0.000000
vt 0.035869 0.313046 0.000000
vt 0.041563 0.308028 0.000000
vt 0.044701 0.310946 0.000000
vt 0.048190 0.305710 0.000000
vt 0.050955 0.309998 0.000000
vt 0.056934 0.303756 0.000000
vt 0.053422 0.299261 0.000000
vt 0.047180 0.314738 0.000000
vt 0.048867 0.319246 0.000000
vt 0.053095 0.315043 0.000000
vt 0.053882 0.321137 0.000000
vt 0.060506 0.316530 0.000000
vt 0.059221 0.309654 0.000000
vt 0.049387 0.324406 0.000000
vt 0.048915 0.329835 0.000000
vt 0.053871 0.327923 0.000000
vt 0.045676 0.326447 0.000000
vt 0.045256 0.331144 0.000000
vt 0.044633 0.336124 0.000000
vt 0.048146 0.335508 0.000000
vt 0.042486 0.327823 0.000000
vt 0.042096 0.332204 0.000000
vt 0.041759 0.336563 0.000000
vt 0.041320 0.340703 0.000000
vt 0.043849 0.340643 0.000000
vt 0.040691 0.344483 0.000000
vt 0.038152 0.347505 0.000000
vt 0.036433 0.349838 0.000000
vt 0.065561 0.295408 0.000000
vt 0.074708 0.284941 0.000000
vt 0.071955 0.278196 0.000000
vt 0.062390 0.289185 0.000000
vt 0.068999 0.271150 0.000000
vt 0.081179 0.265810 0.000000
vt 0.077373 0.261042 0.000000
vt 0.073430 0.254979 0.000000
vt 0.065952 0.263869 0.000000
vt 0.003776 0.403855 0.000000
vt 0.003428 0.414904 0.000000
vt 0.011635 0.412132 0.000000
vt 0.011842 0.401641 0.000000
vt 0.026208 0.908882 0.000000
vt 0.020520 0.913892 0.000000
vt 0.027090 0.921563 0.000000
vt 0.034602 0.915054 0.000000
vt 0.035874 0.930394 0.000000
vt 0.045693 0.923850 0.000000
vt 0.047657 0.940684 0.000000
vt 0.057944 0.936962 0.000000
vt 0.056089 0.952642 0.000000
vt 0.066880 0.951252 0.000000
vt 0.060410 0.964667 0.000000
vt 0.071645 0.964627 0.000000
vt 0.084283 0.965361 0.000000
vt 0.073910 0.975843 0.000000
vt 0.084301 0.977503 0.000000
vt 0.094827 0.980767 0.000000
vt 0.096050 0.970128 0.000000
vt 0.225066 0.956628 0.000000
vt 0.235105 0.955201 0.000000
vt 0.221842 0.948902 0.000000
vt 0.211383 0.955082 0.000000
vt 0.215930 0.961567 0.000000
vt 0.207442 0.949067 0.000000
vt 0.198315 0.954705 0.000000
vt 0.219051 0.941458 0.000000
vt 0.215452 0.934787 0.000000
vt 0.204157 0.942665 0.000000
vt 0.200315 0.936442 0.000000
vt 0.190976 0.942955 0.000000
vt 0.193999 0.948566 0.000000
vt 0.183583 0.948209 0.000000
vt 0.187378 0.952631 0.000000
vt 0.191895 0.958225 0.000000
vt 0.183634 0.955507 0.000000
vt 0.187065 0.960292 0.000000
vt 0.181504 0.957766 0.000000
vt 0.183799 0.961649 0.000000
vt 0.185502 0.966700 0.000000
vt 0.181449 0.962722 0.000000
vt 0.182242 0.966644 0.000000
vt 0.181534 0.970555 0.000000
vt 0.179727 0.959731 0.000000
vt 0.178291 0.961180 0.000000
vt 0.176812 0.959499 0.000000
vt 0.175867 0.960871 0.000000
vt 0.176927 0.962372 0.000000
vt 0.177881 0.957568 0.000000
vt 0.175896 0.956272 0.000000
vt 0.178840 0.955216 0.000000
vt 0.176407 0.953708 0.000000
vt 0.174160 0.952928 0.000000
vt 0.174055 0.955587 0.000000
vt 0.180207 0.952490 0.000000
vt 0.177067 0.950643 0.000000
vt 0.174612 0.949290 0.000000
vt 0.172032 0.948827 0.000000
vt 0.172080 0.952692 0.000000
vt 0.180367 0.944886 0.000000
vt 0.169877 0.952949 0.000000
vt 0.170598 0.955810 0.000000
vt 0.172346 0.955452 0.000000
vt 0.169078 0.948919 0.000000
vt 0.171176 0.958165 0.000000
vt 0.169772 0.958962 0.000000
vt 0.168691 0.956681 0.000000
vt 0.168241 0.960554 0.000000
vt 0.166964 0.962796 0.000000
vt 0.168915 0.964327 0.000000
vt 0.169709 0.962240 0.000000
vt 0.170956 0.965528 0.000000
vt 0.171292 0.963471 0.000000
vt 0.173052 0.966159 0.000000
vt 0.172913 0.964035 0.000000
vt 0.174752 0.966043 0.000000
vt 0.174313 0.963899 0.000000
vt 0.173914 0.962186 0.000000
vt 0.175539 0.963369 0.000000
vt 0.174863 0.961726 0.000000
vt 0.174494 0.960870 0.000000
vt 0.175619 0.968332 0.000000
vt 0.173333 0.968823 0.000000
vt 0.170764 0.968270 0.000000
vt 0.168377 0.967247 0.000000
vt 0.165986 0.965987 0.000000
vt 0.244557 0.956948 0.000000
vt 0.254086 0.961202 0.000000
vt 0.062462 0.975996 0.000000
vt 0.200180 0.552142 0.000000
vt 0.195095 0.563545 0.000000
vt 0.204215 0.567334 0.000000
vt 0.208596 0.554935 0.000000
vt 0.191222 0.548786 0.000000
vt 0.185339 0.559634 0.000000
vt 0.179020 0.572514 0.000000
vt 0.190476 0.576358 0.000000
vt 0.181236 0.544529 0.000000
vt 0.174419 0.554081 0.000000
vt 0.170130 0.537771 0.000000
vt 0.162611 0.546099 0.000000
vt 0.159487 0.526902 0.000000
vt 0.185984 0.590122 0.000000
vt 0.196351 0.593037 0.000000
vt 0.200284 0.579735 0.000000
vt 0.173328 0.587368 0.000000
vt 0.169436 0.604850 0.000000
vt 0.181350 0.606007 0.000000
vt 0.175968 0.622173 0.000000
vt 0.186805 0.623181 0.000000
vt 0.191776 0.607539 0.000000
vt 0.163954 0.621160 0.000000
vt 0.157431 0.633140 0.000000
vt 0.151782 0.619982 0.000000
vt 0.146642 0.630352 0.000000
vt 0.141399 0.637742 0.000000
vt 0.150148 0.641630 0.000000
vt 0.141852 0.620181 0.000000
vt 0.134093 0.621585 0.000000
vt 0.125978 0.613940 0.000000
vt 0.128075 0.624654 0.000000
vt 0.119215 0.619431 0.000000
vt 0.120852 0.599583 0.000000
vt 0.113338 0.607594 0.000000
vt 0.106395 0.617753 0.000000
vt 0.113745 0.626472 0.000000
vt 0.110229 0.636284 0.000000
vt 0.106198 0.598260 0.000000
vt 0.114175 0.586939 0.000000
vt 0.107658 0.580539 0.000000
vt 0.115579 0.567769 0.000000
vt 0.107472 0.563957 0.000000
vt 0.101568 0.576888 0.000000
vt 0.294909 0.484635 0.000000
vt 0.112769 0.550579 0.000000
vt 0.306808 0.487835 0.000000
vt 0.310495 0.479796 0.000000
vt 0.320633 0.492282 0.000000
vt 0.323449 0.484142 0.000000
vt 0.333280 0.497382 0.000000
vt 0.336056 0.489698 0.000000
vt 0.345622 0.503106 0.000000
vt 0.348631 0.497522 0.000000
vt 0.122293 0.519453 0.000000
vt 0.132891 0.504106 0.000000
vt 0.126262 0.504106 0.000000
vt 0.118027 0.534641 0.000000
vt 0.085340 0.270186 0.000000
vt 0.139145 0.504106 0.000000
vt 0.142278 0.648164 0.000000
vt 0.197056 0.623625 0.000000
vt 0.201574 0.609184 0.000000
vt 0.205751 0.595761 0.000000
vt 0.211668 0.610727 0.000000
vt 0.215524 0.598566 0.000000
vt 0.219201 0.587025 0.000000
vt 0.209475 0.583296 0.000000
vt 0.222488 0.576009 0.000000
vt 0.213019 0.571182 0.000000
vt 0.225794 0.564700 0.000000
vt 0.217315 0.558024 0.000000
vt 0.235220 0.568720 0.000000
vt 0.244508 0.569799 0.000000
vt 0.280430 0.933755 0.000000
vt 0.288262 0.930810 0.000000
vt 0.285073 0.918439 0.000000
vt 0.275286 0.921989 0.000000
vt 0.296268 0.928354 0.000000
vt 0.295609 0.916181 0.000000
vt 0.295457 0.901616 0.000000
vt 0.307024 0.916353 0.000000
vt 0.310290 0.902678 0.000000
vt 0.314100 0.887006 0.000000
vt 0.325464 0.907376 0.000000
vt 0.319019 0.920363 0.000000
vt 0.329521 0.928106 0.000000
vt 0.338120 0.917983 0.000000
vt 0.337698 0.940009 0.000000
vt 0.347470 0.932184 0.000000
vt 0.354748 0.945402 0.000000
vt 0.366820 0.929819 0.000000
vt 0.384981 0.927754 0.000000
vt 0.379002 0.918725 0.000000
vt 0.396843 0.918834 0.000000
vt 0.391806 0.911050 0.000000
vt 0.407156 0.912088 0.000000
vt 0.403545 0.905812 0.000000
vt 0.400926 0.898725 0.000000
vt 0.400432 0.890374 0.000000
vt 0.410450 0.897724 0.000000
vt 0.410064 0.892060 0.000000
vt 0.411255 0.885330 0.000000
vt 0.401105 0.882003 0.000000
vt 0.416641 0.897174 0.000000
vt 0.421980 0.896932 0.000000
vt 0.426533 0.902088 0.000000
vt 0.427079 0.896726 0.000000
vt 0.431527 0.902934 0.000000
vt 0.431975 0.896996 0.000000
vt 0.431882 0.890669 0.000000
vt 0.437044 0.880664 0.000000
vt 0.429743 0.883926 0.000000
vt 0.429753 0.872335 0.000000
vt 0.424601 0.877632 0.000000
vt 0.421144 0.865223 0.000000
vt 0.417188 0.872249 0.000000
vt 0.413707 0.878513 0.000000
vt 0.406474 0.865351 0.000000
vt 0.403434 0.873636 0.000000
vt 0.389189 0.854947 0.000000
vt 0.386776 0.865467 0.000000
vt 0.367978 0.842988 0.000000
vt 0.366193 0.855743 0.000000
vt 0.392072 0.844812 0.000000
vt 0.371158 0.830312 0.000000
vt 0.409829 0.856794 0.000000
vt 0.413191 0.847853 0.000000
vt 0.417964 0.838240 0.000000
vt 0.425153 0.857954 0.000000
vt 0.435368 0.866634 0.000000
vt 0.443384 0.874447 0.000000
vt 0.447122 0.869164 0.000000
vt 0.445239 0.880941 0.000000
vt 0.449565 0.869309 0.000000
vt 0.460274 0.865625 0.000000
vt 0.459569 0.855208 0.000000
vt 0.423916 0.829363 0.000000
vt 0.430836 0.821646 0.000000
vt 0.416347 0.807466 0.000000
vt 0.424791 0.802240 0.000000
vt 0.418123 0.788148 0.000000
vt 0.408342 0.790163 0.000000
vt 0.438013 0.814386 0.000000
vt 0.440167 0.937341 0.000000
vt 0.434322 0.932783 0.000000
vt 0.424868 0.944092 0.000000
vt 0.429509 0.948422 0.000000
vt 0.449844 0.828009 0.000000
vt 0.448676 0.923784 0.000000
vt 0.441010 0.921427 0.000000
vt 0.433818 0.918942 0.000000
vt 0.428654 0.928772 0.000000
vt 0.452473 0.909901 0.000000
vt 0.443637 0.910692 0.000000
vt 0.436457 0.910495 0.000000
vt 0.430394 0.909165 0.000000
vt 0.427684 0.916588 0.000000
vt 0.422257 0.914083 0.000000
vt 0.417064 0.921648 0.000000
vt 0.422842 0.925126 0.000000
vt 0.425187 0.907745 0.000000
vt 0.408498 0.931209 0.000000
vt 0.414496 0.935855 0.000000
vt 0.419803 0.940088 0.000000
vt 0.397962 0.941505 0.000000
vt 0.391025 0.934734 0.000000
vt 0.402395 0.925398 0.000000
vt 0.411780 0.917417 0.000000
vt 0.457701 0.842407 0.000000
vt 0.422140 0.959603 0.000000
vt 0.416023 0.776192 0.000000
vt 0.405393 0.775874 0.000000
vt 0.405518 0.764903 0.000000
vt 0.393979 0.762693 0.000000
vt 0.416150 0.765103 0.000000
vt 0.416594 0.755174 0.000000
vt 0.406584 0.756404 0.000000
vt 0.407118 0.748193 0.000000
vt 0.398832 0.747154 0.000000
vt 0.396429 0.754419 0.000000
vt 0.415541 0.746177 0.000000
vt 0.392025 0.741937 0.000000
vt 0.387697 0.748451 0.000000
vt 0.388108 0.734088 0.000000
vt 0.381724 0.738493 0.000000
vt 0.378986 0.728567 0.000000
vt 0.386712 0.726294 0.000000
vt 0.386720 0.719250 0.000000
vt 0.378179 0.720056 0.000000
vt 0.394336 0.730648 0.000000
vt 0.393896 0.724812 0.000000
vt 0.394227 0.718868 0.000000
vt 0.395079 0.712582 0.000000
vt 0.386950 0.712198 0.000000
vt 0.377918 0.705202 0.000000
vt 0.378248 0.712412 0.000000
vt 0.367446 0.705657 0.000000
vt 0.367960 0.712367 0.000000
vt 0.368557 0.720008 0.000000
vt 0.358009 0.712762 0.000000
vt 0.359381 0.720636 0.000000
vt 0.348434 0.714051 0.000000
vt 0.350188 0.722289 0.000000
vt 0.338369 0.716416 0.000000
vt 0.339084 0.725514 0.000000
vt 0.339922 0.736337 0.000000
vt 0.327234 0.727673 0.000000
vt 0.326722 0.737983 0.000000
vt 0.316587 0.728186 0.000000
vt 0.314198 0.737498 0.000000
vt 0.308116 0.727084 0.000000
vt 0.304136 0.734850 0.000000
vt 0.296139 0.730494 0.000000
vt 0.289078 0.736977 0.000000
vt 0.289042 0.724046 0.000000
vt 0.280673 0.727903 0.000000
vt 0.270332 0.732884 0.000000
vt 0.274538 0.716579 0.000000
vt 0.263550 0.717874 0.000000
vt 0.272437 0.702515 0.000000
vt 0.284059 0.715328 0.000000
vt 0.282814 0.704757 0.000000
vt 0.285449 0.694581 0.000000
vt 0.276665 0.688959 0.000000
vt 0.292051 0.685478 0.000000
vt 0.283912 0.678464 0.000000
vt 0.273332 0.672148 0.000000
vt 0.264018 0.667511 0.000000
vt 0.270578 0.658473 0.000000
vt 0.262063 0.655807 0.000000
vt 0.256512 0.664041 0.000000
vt 0.274432 0.647930 0.000000
vt 0.264949 0.647948 0.000000
vt 0.255178 0.653361 0.000000
vt 0.275480 0.637634 0.000000
vt 0.265562 0.638909 0.000000
vt 0.273298 0.626210 0.000000
vt 0.263560 0.628758 0.000000
vt 0.266851 0.611813 0.000000
vt 0.256556 0.614978 0.000000
vt 0.249144 0.620741 0.000000
vt 0.243530 0.627740 0.000000
vt 0.232714 0.618391 0.000000
vt 0.228265 0.628355 0.000000
vt 0.238008 0.634626 0.000000
vt 0.222050 0.613364 0.000000
vt 0.217831 0.624892 0.000000
vt 0.214323 0.638428 0.000000
vt 0.224209 0.639780 0.000000
vt 0.207659 0.623782 0.000000
vt 0.203875 0.637923 0.000000
vt 0.202955 0.653754 0.000000
vt 0.213763 0.652798 0.000000
vt 0.216938 0.667008 0.000000
vt 0.227568 0.664329 0.000000
vt 0.223835 0.652442 0.000000
vt 0.233410 0.673585 0.000000
vt 0.242594 0.668169 0.000000
vt 0.222387 0.679294 0.000000
vt 0.249960 0.660862 0.000000
vt 0.284497 0.623412 0.000000
vt 0.277781 0.608996 0.000000
vt 0.270798 0.593525 0.000000
vt 0.287994 0.605895 0.000000
vt 0.281870 0.590915 0.000000
vt 0.277569 0.577734 0.000000
vt 0.266743 0.580186 0.000000
vt 0.274699 0.566239 0.000000
vt 0.263952 0.568102 0.000000
vt 0.253822 0.569582 0.000000
vt 0.305012 0.927889 0.000000
vt 0.313949 0.930947 0.000000
vt 0.288256 0.574489 0.000000
vt 0.285389 0.563204 0.000000
vt 0.321876 0.936835 0.000000
vt 0.299498 0.570823 0.000000
vt 0.296970 0.559067 0.000000
vt 0.328281 0.945997 0.000000
vt 0.291958 0.587679 0.000000
vt 0.301854 0.584524 0.000000
vt 0.312204 0.582400 0.000000
vt 0.306001 0.599781 0.000000
vt 0.315064 0.597317 0.000000
vt 0.324928 0.596573 0.000000
vt 0.323435 0.583370 0.000000
vt 0.320122 0.612093 0.000000
vt 0.329101 0.609536 0.000000
vt 0.339342 0.608001 0.000000
vt 0.335501 0.621723 0.000000
vt 0.344522 0.617425 0.000000
vt 0.353374 0.612177 0.000000
vt 0.350603 0.605317 0.000000
vt 0.358367 0.601569 0.000000
vt 0.364705 0.597287 0.000000
vt 0.361958 0.590170 0.000000
vt 0.356102 0.581689 0.000000
vt 0.372412 0.592067 0.000000
vt 0.368859 0.583503 0.000000
vt 0.361555 0.573793 0.000000
vt 0.377085 0.575430 0.000000
vt 0.368227 0.565841 0.000000
vt 0.357131 0.555942 0.000000
vt 0.346789 0.543447 0.000000
vt 0.374752 0.558207 0.000000
vt 0.364017 0.548612 0.000000
vt 0.354943 0.538258 0.000000
vt 0.345270 0.999833 0.000000
vt 0.355190 0.994193 0.000000
vt 0.341777 0.992398 0.000000
vt 0.544849 0.447219 0.000000
vt 0.545658 0.435005 0.000000
vt 0.537302 0.431383 0.000000
vt 0.534840 0.442332 0.000000
vt 0.532888 0.453686 0.000000
vt 0.542971 0.458697 0.000000
vt 0.531047 0.466355 0.000000
vt 0.541748 0.470564 0.000000
vt 0.524145 0.436533 0.000000
vt 0.529403 0.426769 0.000000
vt 0.521670 0.420554 0.000000
vt 0.513474 0.428367 0.000000
vt 0.515025 0.412006 0.000000
vt 0.393293 0.521695 0.000000
vt 0.384698 0.528236 0.000000
vt 0.391931 0.537871 0.000000
vt 0.399140 0.531396 0.000000
vt 0.409718 0.524560 0.000000
vt 0.405154 0.515382 0.000000
vt 0.510494 0.400301 0.000000
vt 0.423210 0.517916 0.000000
vt 0.418907 0.508780 0.000000
vt 0.507809 0.386382 0.000000
vt 0.436851 0.513431 0.000000
vt 0.432631 0.504106 0.000000
vt 0.506244 0.372670 0.000000
vt 0.495737 0.373794 0.000000
vt 0.482889 0.373280 0.000000
vt 0.506625 0.360956 0.000000
vt 0.496485 0.362185 0.000000
vt 0.483447 0.361460 0.000000
vt 0.468181 0.359871 0.000000
vt 0.467712 0.372223 0.000000
vt 0.498268 0.352759 0.000000
vt 0.485356 0.352057 0.000000
vt 0.469192 0.349162 0.000000
vt 0.454403 0.347872 0.000000
vt 0.454113 0.358890 0.000000
vt 0.443274 0.358239 0.000000
vt 0.442911 0.370221 0.000000
vt 0.454034 0.371298 0.000000
vt 0.443226 0.347081 0.000000
vt 0.433162 0.346802 0.000000
vt 0.433171 0.357962 0.000000
vt 0.432074 0.335439 0.000000
vt 0.421740 0.334868 0.000000
vt 0.423199 0.346728 0.000000
vt 0.429076 0.321972 0.000000
vt 0.417992 0.321613 0.000000
vt 0.407268 0.322828 0.000000
vt 0.412091 0.334760 0.000000
vt 0.402547 0.335005 0.000000
vt 0.404185 0.344903 0.000000
vt 0.413807 0.345970 0.000000
vt 0.396984 0.323983 0.000000
vt 0.403164 0.354473 0.000000
vt 0.413171 0.356412 0.000000
vt 0.423225 0.357695 0.000000
vt 0.411643 0.366191 0.000000
vt 0.422113 0.367416 0.000000
vt 0.432519 0.368921 0.000000
vt 0.421166 0.377827 0.000000
vt 0.431558 0.380159 0.000000
vt 0.441896 0.382495 0.000000
vt 0.430296 0.390989 0.000000
vt 0.440580 0.394269 0.000000
vt 0.452288 0.397737 0.000000
vt 0.453702 0.385088 0.000000
vt 0.438639 0.405201 0.000000
vt 0.449298 0.409500 0.000000
vt 0.436106 0.415683 0.000000
vt 0.445493 0.419925 0.000000
vt 0.456420 0.425470 0.000000
vt 0.323997 0.006050 0.000000
vt 0.322325 0.017501 0.000000
vt 0.330365 0.020323 0.000000
vt 0.331389 0.008513 0.000000
vt 0.431745 0.503106 0.000000
vt 0.432851 0.496562 0.000000
vt 0.422263 0.496170 0.000000
vt 0.422010 0.503106 0.000000
vt 0.467939 0.434253 0.000000
vt 0.410471 0.495199 0.000000
vt 0.411214 0.503106 0.000000
vt 0.424298 0.489638 0.000000
vt 0.411682 0.487855 0.000000
vt 0.400987 0.487123 0.000000
vt 0.400782 0.495425 0.000000
vt 0.400722 0.503106 0.000000
vt 0.391422 0.486796 0.000000
vt 0.391637 0.494608 0.000000
vt 0.391413 0.501447 0.000000
vt 0.382052 0.485855 0.000000
vt 0.382728 0.493552 0.000000
vt 0.383379 0.500240 0.000000
vt 0.500082 0.486217 0.000000
vt 0.497248 0.495115 0.000000
vt 0.507284 0.499129 0.000000
vt 0.509112 0.489616 0.000000
vt 0.373028 0.484812 0.000000
vt 0.372693 0.477122 0.000000
vt 0.365051 0.475595 0.000000
vt 0.365194 0.483775 0.000000
vt 0.358867 0.473870 0.000000
vt 0.358867 0.482454 0.000000
vt 0.526311 0.032711 0.000000
vt 0.524343 0.025900 0.000000
vt 0.530930 0.017370 0.000000
vt 0.523222 0.019606 0.000000
vt 0.530623 0.011859 0.000000
vt 0.523156 0.013089 0.000000
vt 0.515220 0.016971 0.000000
vt 0.507530 0.023621 0.000000
vt 0.501403 0.029934 0.000000
vt 0.495569 0.035769 0.000000
vt 0.496667 0.040366 0.000000
vt 0.489708 0.039726 0.000000
vt 0.490636 0.043996 0.000000
vt 0.491487 0.048450 0.000000
vt 0.497582 0.045679 0.000000
vt 0.492266 0.052648 0.000000
vt 0.498297 0.050669 0.000000
vt 0.499910 0.826448 0.000000
vt 0.498204 0.834179 0.000000
vt 0.500383 0.835434 0.000000
vt 0.502070 0.827006 0.000000
vt 0.502991 0.819343 0.000000
vt 0.499513 0.820431 0.000000
vt 0.506349 0.827471 0.000000
vt 0.507484 0.819285 0.000000
vt 0.508480 0.812375 0.000000
vt 0.503621 0.812857 0.000000
vt 0.498103 0.814963 0.000000
vt 0.509349 0.806178 0.000000
vt 0.513433 0.812463 0.000000
vt 0.515030 0.806197 0.000000
vt 0.516649 0.800777 0.000000
vt 0.510508 0.800451 0.000000
vt 0.518842 0.795062 0.000000
vt 0.512917 0.794055 0.000000
vt 0.521975 0.789090 0.000000
vt 0.516303 0.787563 0.000000
vt 0.509435 0.785183 0.000000
vt 0.520930 0.781031 0.000000
vt 0.514297 0.777931 0.000000
vt 0.526349 0.774735 0.000000
vt 0.520024 0.770595 0.000000
vt 0.532509 0.768403 0.000000
vt 0.526584 0.763106 0.000000
vt 0.517721 0.755557 0.000000
vt 0.504734 0.747458 0.000000
vt 0.533675 0.755255 0.000000
vt 0.539212 0.762371 0.000000
vt 0.546344 0.756086 0.000000
vt 0.541253 0.747751 0.000000
vt 0.553632 0.750047 0.000000
vt 0.548579 0.740888 0.000000
vt 0.549130 0.762432 0.000000
vt 0.556222 0.756693 0.000000
vt 0.563920 0.751600 0.000000
vt 0.557940 0.761999 0.000000
vt 0.565195 0.757077 0.000000
vt 0.572454 0.753384 0.000000
vt 0.570974 0.747950 0.000000
vt 0.545658 0.013656 0.000000
vt 0.544934 0.008238 0.000000
vt 0.538073 0.010148 0.000000
vt 0.538549 0.015455 0.000000
vt 0.544168 0.003752 0.000000
vt 0.537851 0.005129 0.000000
vt 0.530796 0.006241 0.000000
vt 0.538211 0.000500 0.000000
vt 0.531622 0.000500 0.000000
vt 0.568654 0.774630 0.000000
vt 0.572454 0.767339 0.000000
vt 0.568462 0.768044 0.000000
vt 0.564905 0.773052 0.000000
vt 0.562017 0.770157 0.000000
vt 0.556828 0.775342 0.000000
vt 0.567446 0.764840 0.000000
vt 0.554034 0.771544 0.000000
vt 0.548645 0.776414 0.000000
vt 0.551541 0.780494 0.000000
vt 0.559771 0.766493 0.000000
vt 0.551705 0.767374 0.000000
vt 0.566282 0.761572 0.000000
vt 0.571837 0.761242 0.000000
vt 0.572454 0.757949 0.000000
vt 0.542878 0.767822 0.000000
vt 0.545947 0.772464 0.000000
vt 0.536987 0.772971 0.000000
vt 0.540365 0.777251 0.000000
vt 0.543277 0.781406 0.000000
vt 0.535059 0.781728 0.000000
vt 0.537952 0.785692 0.000000
vt 0.540384 0.790636 0.000000
vt 0.546086 0.785897 0.000000
vt 0.534989 0.800256 0.000000
vt 0.528262 0.801340 0.000000
vt 0.522410 0.801223 0.000000
vt 0.520565 0.806859 0.000000
vt 0.518403 0.812911 0.000000
vt 0.511954 0.819594 0.000000
vt 0.516238 0.820249 0.000000
vt 0.510229 0.828090 0.000000
vt 0.514036 0.828887 0.000000
vt 0.517756 0.829680 0.000000
vt 0.512884 0.839098 0.000000
vt 0.516955 0.839549 0.000000
vt 0.519395 0.839822 0.000000
vt 0.520535 0.830753 0.000000
vt 0.488006 0.032210 0.000000
vt 0.481366 0.035425 0.000000
vt 0.481802 0.039130 0.000000
vt 0.488698 0.035680 0.000000
vt 0.482593 0.043036 0.000000
vt 0.473303 0.042032 0.000000
vt 0.474131 0.045971 0.000000
vt 0.475790 0.050919 0.000000
vt 0.483612 0.047507 0.000000
vt 0.477835 0.055690 0.000000
vt 0.484847 0.051714 0.000000
vt 0.480799 0.061063 0.000000
vt 0.486252 0.055877 0.000000
vt 0.472774 0.457500 0.000000
vt 0.467264 0.460797 0.000000
vt 0.470637 0.463432 0.000000
vt 0.473340 0.458802 0.000000
vt 0.496467 0.842547 0.000000
vt 0.497915 0.844225 0.000000
vt 0.475155 0.464812 0.000000
vt 0.476723 0.459698 0.000000
vt 0.502293 0.846201 0.000000
vt 0.504672 0.836660 0.000000
vt 0.507665 0.848474 0.000000
vt 0.508792 0.838015 0.000000
vt 0.513418 0.849732 0.000000
vt 0.481031 0.465020 0.000000
vt 0.481031 0.460228 0.000000
vt 0.461738 0.463388 0.000000
vt 0.464480 0.049793 0.000000
vt 0.463442 0.043992 0.000000
vt 0.455084 0.044559 0.000000
vt 0.455319 0.051139 0.000000
vt 0.448514 0.044277 0.000000
vt 0.448107 0.050740 0.000000
vt 0.442990 0.043108 0.000000
vt 0.441974 0.049447 0.000000
vt 0.441225 0.057069 0.000000
vt 0.436656 0.047745 0.000000
vt 0.434971 0.054910 0.000000
vt 0.433312 0.065249 0.000000
vt 0.440817 0.066635 0.000000
vt 0.441318 0.081113 0.000000
vt 0.444676 0.100217 0.000000
vt 0.453668 0.098214 0.000000
vt 0.461423 0.095470 0.000000
vt 0.462036 0.118215 0.000000
vt 0.469454 0.113366 0.000000
vt 0.474987 0.108205 0.000000
vt 0.468271 0.092488 0.000000
vt 0.438219 0.041765 0.000000
vt 0.434315 0.040234 0.000000
vt 0.439568 0.036144 0.000000
vt 0.435905 0.034740 0.000000
vt 0.432685 0.033393 0.000000
vt 0.431085 0.038450 0.000000
vt 0.437194 0.029028 0.000000
vt 0.433920 0.027571 0.000000
vt 0.430086 0.025503 0.000000
vt 0.425383 0.023970 0.000000
vt 0.418874 0.018458 0.000000
vt 0.420259 0.024838 0.000000
vt 0.412369 0.019887 0.000000
vt 0.414840 0.026697 0.000000
vt 0.418251 0.033020 0.000000
vt 0.410188 0.029609 0.000000
vt 0.414200 0.035961 0.000000
vt 0.405595 0.032317 0.000000
vt 0.409804 0.039830 0.000000
vt 0.399594 0.035745 0.000000
vt 0.403971 0.043464 0.000000
vt 0.408470 0.051217 0.000000
vt 0.395544 0.048730 0.000000
vt 0.400306 0.057274 0.000000
vt 0.405961 0.066632 0.000000
vt 0.389634 0.066287 0.000000
vt 0.396415 0.078446 0.000000
vt 0.377039 0.077533 0.000000
vt 0.384239 0.091725 0.000000
vt 0.384703 0.056391 0.000000
vt 0.371567 0.064838 0.000000
vt 0.380385 0.047464 0.000000
vt 0.367439 0.054532 0.000000
vt 0.376459 0.039920 0.000000
vt 0.363975 0.045561 0.000000
vt 0.372205 0.032735 0.000000
vt 0.360744 0.036369 0.000000
vt 0.349453 0.036747 0.000000
vt 0.357157 0.026768 0.000000
vt 0.347477 0.025283 0.000000
vt 0.338610 0.022961 0.000000
vt 0.339626 0.034658 0.000000
vt 0.329587 0.031138 0.000000
vt 0.320578 0.027047 0.000000
vt 0.317867 0.035571 0.000000
vt 0.312202 0.042100 0.000000
vt 0.427360 0.411670 0.000000
vt 0.428849 0.401467 0.000000
vt 0.418967 0.397410 0.000000
vt 0.417706 0.407774 0.000000
vt 0.419955 0.387859 0.000000
vt 0.410545 0.375049 0.000000
vt 0.398980 0.371112 0.000000
vt 0.401286 0.363218 0.000000
vt 0.390311 0.356134 0.000000
vt 0.387322 0.362846 0.000000
vt 0.393066 0.349620 0.000000
vt 0.383613 0.343355 0.000000
vt 0.375640 0.339189 0.000000
vt 0.369827 0.331388 0.000000
vt 0.368015 0.337251 0.000000
vt 0.360223 0.328574 0.000000
vt 0.358123 0.337045 0.000000
vt 0.357936 0.345209 0.000000
vt 0.349119 0.358142 0.000000
vt 0.360315 0.353986 0.000000
vt 0.357319 0.369511 0.000000
vt 0.366473 0.364156 0.000000
vt 0.339424 0.364667 0.000000
vt 0.348734 0.374361 0.000000
vt 0.359106 0.386980 0.000000
vt 0.341100 0.379911 0.000000
vt 0.350766 0.391760 0.000000
vt 0.359193 0.404273 0.000000
vt 0.368476 0.399075 0.000000
vt 0.365687 0.415223 0.000000
vt 0.375373 0.410454 0.000000
vt 0.278453 0.054221 0.000000
vt 0.269431 0.051033 0.000000
vt 0.265427 0.063075 0.000000
vt 0.277530 0.067272 0.000000
vt 0.289668 0.067235 0.000000
vt 0.287462 0.052750 0.000000
vt 0.275173 0.083706 0.000000
vt 0.290298 0.084074 0.000000
vt 0.304098 0.080475 0.000000
vt 0.299808 0.063402 0.000000
vt 0.295949 0.049603 0.000000
vt 0.318302 0.074855 0.000000
vt 0.309366 0.057870 0.000000
vt 0.304174 0.046388 0.000000
vt 0.306510 0.100598 0.000000
vt 0.323330 0.093655 0.000000
vt 0.289384 0.103281 0.000000
vt 0.287450 0.124370 0.000000
vt 0.271663 0.102907 0.000000
vt 0.267562 0.122533 0.000000
vt 0.263766 0.141322 0.000000
vt 0.283655 0.144225 0.000000
vt 0.260145 0.159813 0.000000
vt 0.279468 0.162935 0.000000
vt 0.256027 0.178273 0.000000
vt 0.274909 0.180679 0.000000
vt 0.268827 0.199681 0.000000
vt 0.261539 0.219938 0.000000
vt 0.257200 0.243067 0.000000
vt 0.273765 0.240685 0.000000
vt 0.256375 0.264824 0.000000
vt 0.271982 0.260121 0.000000
vt 0.287729 0.256666 0.000000
vt 0.292246 0.240992 0.000000
vt 0.303000 0.256529 0.000000
vt 0.308289 0.244205 0.000000
vt 0.321945 0.250264 0.000000
vt 0.329755 0.240712 0.000000
vt 0.315380 0.259541 0.000000
vt 0.326138 0.265717 0.000000
vt 0.334362 0.258346 0.000000
vt 0.299846 0.267653 0.000000
vt 0.310677 0.269162 0.000000
vt 0.319650 0.272324 0.000000
vt 0.326716 0.278481 0.000000
vt 0.334871 0.273228 0.000000
vt 0.307102 0.277586 0.000000
vt 0.298000 0.277515 0.000000
vt 0.297030 0.286517 0.000000
vt 0.305216 0.285826 0.000000
vt 0.296687 0.294414 0.000000
vt 0.304615 0.292818 0.000000
vt 0.296927 0.301870 0.000000
vt 0.304867 0.299232 0.000000
vt 0.311422 0.296962 0.000000
vt 0.317738 0.295151 0.000000
vt 0.305947 0.305391 0.000000
vt 0.298005 0.309347 0.000000
vt 0.299663 0.317624 0.000000
vt 0.308092 0.312292 0.000000
vt 0.302350 0.326946 0.000000
vt 0.312049 0.319512 0.000000
vt 0.325495 0.318019 0.000000
vt 0.330213 0.308953 0.000000
vt 0.336174 0.324748 0.000000
vt 0.340398 0.312933 0.000000
vt 0.343290 0.303272 0.000000
vt 0.333032 0.300745 0.000000
vt 0.349010 0.326401 0.000000
vt 0.352736 0.315792 0.000000
vt 0.364068 0.320473 0.000000
vt 0.373545 0.324551 0.000000
vt 0.333229 0.293040 0.000000
vt 0.324943 0.293739 0.000000
vt 0.344468 0.292971 0.000000
vt 0.341292 0.282597 0.000000
vt 0.331323 0.285160 0.000000
vt 0.344914 0.267656 0.000000
vt 0.355044 0.263851 0.000000
vt 0.343064 0.251284 0.000000
vt 0.288940 0.322536 0.000000
vt 0.290286 0.333079 0.000000
vt 0.277130 0.326708 0.000000
vt 0.277244 0.337419 0.000000
vt 0.287964 0.313689 0.000000
vt 0.276680 0.317859 0.000000
vt 0.287322 0.305488 0.000000
vt 0.276061 0.309949 0.000000
vt 0.264785 0.314070 0.000000
vt 0.275458 0.302278 0.000000
vt 0.264153 0.307459 0.000000
vt 0.253310 0.311464 0.000000
vt 0.253721 0.318274 0.000000
vt 0.241400 0.315942 0.000000
vt 0.242618 0.323852 0.000000
vt 0.252237 0.304316 0.000000
vt 0.240821 0.308444 0.000000
vt 0.228690 0.312413 0.000000
vt 0.239994 0.299349 0.000000
vt 0.227979 0.303929 0.000000
vt 0.217512 0.308090 0.000000
vt 0.217681 0.316018 0.000000
vt 0.216198 0.300718 0.000000
vt 0.207678 0.304940 0.000000
vt 0.200835 0.308143 0.000000
vt 0.194499 0.309986 0.000000
vt 0.250670 0.295833 0.000000
vt 0.261232 0.291686 0.000000
vt 0.258924 0.280368 0.000000
vt 0.263169 0.300154 0.000000
vt 0.274580 0.294036 0.000000
vt 0.273470 0.284871 0.000000
vt 0.286617 0.279827 0.000000
vt 0.286502 0.269181 0.000000
vt 0.272420 0.273881 0.000000
vt 0.286531 0.288981 0.000000
vt 0.286879 0.297480 0.000000
vt 0.240065 0.154200 0.000000
vt 0.235966 0.171433 0.000000
vt 0.220203 0.146635 0.000000
vt 0.216129 0.162618 0.000000
vt 0.199788 0.139572 0.000000
vt 0.196633 0.153206 0.000000
vt 0.192992 0.166118 0.000000
vt 0.180216 0.146248 0.000000
vt 0.177255 0.158066 0.000000
vt 0.173893 0.167840 0.000000
vt 0.187661 0.178539 0.000000
vt 0.169300 0.175442 0.000000
vt 0.181376 0.189018 0.000000
vt 0.164412 0.181764 0.000000
vt 0.173935 0.196366 0.000000
vt 0.185208 0.214316 0.000000
vt 0.194352 0.232763 0.000000
vt 0.165974 0.201746 0.000000
vt 0.175151 0.220986 0.000000
vt 0.181478 0.238479 0.000000
vt 0.185352 0.253489 0.000000
vt 0.198329 0.248852 0.000000
vt 0.165090 0.225267 0.000000
vt 0.170437 0.243441 0.000000
vt 0.174386 0.258480 0.000000
vt 0.187152 0.268201 0.000000
vt 0.189297 0.282460 0.000000
vt 0.198899 0.276808 0.000000
vt 0.199403 0.263034 0.000000
vt 0.157516 0.206304 0.000000
vt 0.149655 0.210941 0.000000
vt 0.150504 0.192680 0.000000
vt 0.142695 0.197896 0.000000
vt 0.135081 0.203577 0.000000
vt 0.141782 0.215580 0.000000
vt 0.126770 0.209713 0.000000
vt 0.133366 0.220775 0.000000
vt 0.192790 0.053227 0.000000
vt 0.182117 0.058152 0.000000
vt 0.184689 0.070140 0.000000
vt 0.195435 0.064119 0.000000
vt 0.205900 0.056309 0.000000
vt 0.201212 0.046864 0.000000
vt 0.199063 0.077215 0.000000
vt 0.210907 0.067933 0.000000
vt 0.186667 0.082669 0.000000
vt 0.187818 0.095452 0.000000
vt 0.176343 0.095793 0.000000
vt 0.175202 0.107116 0.000000
vt 0.187029 0.108191 0.000000
vt 0.173180 0.118647 0.000000
vt 0.185025 0.120837 0.000000
vt 0.170921 0.130955 0.000000
vt 0.182772 0.133736 0.000000
vt 0.163295 0.117099 0.000000
vt 0.160255 0.129613 0.000000
vt 0.153838 0.114272 0.000000
vt 0.150561 0.126661 0.000000
vt 0.150045 0.132963 0.000000
vt 0.134418 0.139349 0.000000
vt 0.137891 0.150989 0.000000
vt 0.142952 0.138720 0.000000
vt 0.146637 0.154946 0.000000
vt 0.153488 0.160464 0.000000
vt 0.160512 0.166974 0.000000
vt 0.156597 0.172831 0.000000
vt 0.151210 0.178273 0.000000
vt 0.157912 0.187812 0.000000
vt 0.144630 0.183729 0.000000
vt 0.134240 0.179954 0.000000
vt 0.137542 0.188425 0.000000
vt 0.126698 0.183917 0.000000
vt 0.130053 0.193513 0.000000
vt 0.118054 0.188182 0.000000
vt 0.121255 0.198760 0.000000
vt 0.132079 0.171718 0.000000
vt 0.124826 0.174721 0.000000
vt 0.115739 0.178052 0.000000
vt 0.165593 0.105499 0.000000
vt 0.156698 0.102832 0.000000
vt 0.167500 0.094534 0.000000
vt 0.158857 0.091660 0.000000
vt 0.260403 0.078263 0.000000
vt 0.254129 0.054109 0.000000
vt 0.247088 0.065128 0.000000
vt 0.236946 0.048347 0.000000
vt 0.261012 0.044358 0.000000
vt 0.356148 0.420778 0.000000
vt 0.350276 0.409857 0.000000
vt 0.342904 0.397022 0.000000
vt 0.334219 0.404369 0.000000
vt 0.325885 0.393114 0.000000
vt 0.317772 0.398986 0.000000
vt 0.324414 0.410519 0.000000
vt 0.333441 0.386637 0.000000
vt 0.323994 0.376474 0.000000
vt 0.315974 0.383259 0.000000
vt 0.331730 0.370453 0.000000
vt 0.313873 0.367287 0.000000
vt 0.308218 0.389470 0.000000
vt 0.287386 0.389095 0.000000
vt 0.299846 0.395975 0.000000
vt 0.308405 0.404041 0.000000
vt 0.290398 0.402466 0.000000
vt 0.312602 0.414252 0.000000
vt 0.280343 0.397978 0.000000
vt 0.274365 0.407318 0.000000
vt 0.282383 0.410715 0.000000
vt 0.345316 0.013802 0.000000
vt 0.338504 0.011080 0.000000
vt 0.434920 0.490515 0.000000
vt 0.353122 0.015867 0.000000
vt 0.386961 0.033458 0.000000
vt 0.382487 0.026463 0.000000
vt 0.394759 0.028124 0.000000
vt 0.390343 0.020991 0.000000
vt 0.401252 0.024101 0.000000
vt 0.397936 0.016639 0.000000
vt 0.406480 0.021742 0.000000
vt 0.404745 0.013926 0.000000
vt 0.403863 0.006636 0.000000
vt 0.411328 0.013031 0.000000
vt 0.411527 0.006448 0.000000
vt 0.413278 0.000500 0.000000
vt 0.403994 0.000500 0.000000
vt 0.474165 0.009446 0.000000
vt 0.464466 0.010526 0.000000
vt 0.484766 0.007247 0.000000
vt 0.419794 0.005962 0.000000
vt 0.422250 0.000500 0.000000
vt 0.455678 0.013191 0.000000
vt 0.454019 0.019032 0.000000
vt 0.452011 0.025631 0.000000
vt 0.445335 0.031602 0.000000
vt 0.450498 0.032012 0.000000
vt 0.443996 0.037356 0.000000
vt 0.449298 0.038123 0.000000
vt 0.455741 0.038285 0.000000
vt 0.463990 0.038244 0.000000
vt 0.472865 0.037725 0.000000
vt 0.523552 0.848570 0.000000
vt 0.519248 0.849450 0.000000
vt 0.440966 0.030448 0.000000
vt 0.427479 0.005628 0.000000
vt 0.429553 0.000500 0.000000
vt 0.418632 0.011805 0.000000
vt 0.391369 0.040970 0.000000
vt 0.531263 0.778291 0.000000
vt 0.526181 0.783362 0.000000
vt 0.543823 0.000500 0.000000
vt 0.484435 0.739867 0.000000
vt 0.465219 0.737787 0.000000
vt 0.464894 0.751078 0.000000
vt 0.464285 0.762113 0.000000
vt 0.394720 0.988291 0.000000
vt 0.386919 0.984833 0.000000
vt 0.384052 0.995757 0.000000
vt 0.390972 0.999833 0.000000
vt 0.376020 0.991810 0.000000
vt 0.365948 0.991135 0.000000
vt 0.541412 0.481951 0.000000
vt 0.529966 0.479290 0.000000
vt 0.507820 0.350018 0.000000
vt 0.427781 0.526218 0.000000
vt 0.441265 0.521346 0.000000
vt 0.434875 0.534416 0.000000
vt 0.446864 0.527829 0.000000
vt 0.445188 0.541344 0.000000
vt 0.454967 0.531939 0.000000
vt 0.534017 0.324191 0.000000
vt 0.545658 0.321584 0.000000
vt 0.536888 0.311700 0.000000
vt 0.526786 0.316690 0.000000
vt 0.528571 0.303437 0.000000
vt 0.518825 0.310010 0.000000
vt 0.510206 0.318310 0.000000
vt 0.502725 0.324114 0.000000
vt 0.502147 0.310485 0.000000
vt 0.494300 0.316586 0.000000
vt 0.486127 0.323523 0.000000
vt 0.492746 0.300283 0.000000
vt 0.484178 0.307346 0.000000
vt 0.473248 0.315069 0.000000
vt 0.474095 0.294866 0.000000
vt 0.462969 0.300403 0.000000
vt 0.467256 0.283256 0.000000
vt 0.457077 0.286791 0.000000
vt 0.444744 0.289196 0.000000
vt 0.453842 0.275548 0.000000
vt 0.442778 0.276312 0.000000
vt 0.452002 0.265742 0.000000
vt 0.442283 0.265338 0.000000
vt 0.430906 0.262961 0.000000
vt 0.419853 0.258892 0.000000
vt 0.442540 0.255319 0.000000
vt 0.432153 0.252751 0.000000
vt 0.422239 0.249275 0.000000
vt 0.414007 0.245671 0.000000
vt 0.410672 0.254420 0.000000
vt 0.433369 0.243229 0.000000
vt 0.423974 0.240489 0.000000
vt 0.415742 0.238086 0.000000
vt 0.407722 0.236781 0.000000
vt 0.425015 0.231842 0.000000
vt 0.416301 0.230849 0.000000
vt 0.407956 0.230282 0.000000
vt 0.398688 0.228331 0.000000
vt 0.398802 0.234830 0.000000
vt 0.416376 0.223428 0.000000
vt 0.407695 0.223612 0.000000
vt 0.399169 0.221767 0.000000
vt 0.389651 0.216192 0.000000
vt 0.388452 0.223924 0.000000
vt 0.377721 0.218565 0.000000
vt 0.376869 0.226683 0.000000
vt 0.388339 0.231487 0.000000
vt 0.379137 0.210370 0.000000
vt 0.369632 0.205866 0.000000
vt 0.367375 0.213072 0.000000
vt 0.354810 0.212945 0.000000
vt 0.364908 0.220134 0.000000
vt 0.350061 0.219630 0.000000
vt 0.347178 0.206078 0.000000
vt 0.341179 0.210242 0.000000
vt 0.343248 0.197829 0.000000
vt 0.335918 0.199431 0.000000
vt 0.342510 0.189908 0.000000
vt 0.334761 0.189144 0.000000
vt 0.425622 0.222850 0.000000
vt 0.425866 0.212615 0.000000
vt 0.435850 0.223847 0.000000
vt 0.437345 0.212495 0.000000
vt 0.438146 0.197748 0.000000
vt 0.424840 0.199858 0.000000
vt 0.421201 0.184202 0.000000
vt 0.416052 0.166220 0.000000
vt 0.449154 0.214637 0.000000
vt 0.446491 0.226422 0.000000
vt 0.455671 0.230266 0.000000
vt 0.459982 0.220464 0.000000
vt 0.468696 0.227722 0.000000
vt 0.475583 0.236369 0.000000
vt 0.484264 0.229986 0.000000
vt 0.480773 0.245434 0.000000
vt 0.489876 0.241246 0.000000
vt 0.500475 0.236304 0.000000
vt 0.494342 0.223078 0.000000
vt 0.539375 0.589200 0.000000
vt 0.529384 0.580548 0.000000
vt 0.522162 0.591916 0.000000
vt 0.532140 0.600348 0.000000
vt 0.535779 0.615583 0.000000
vt 0.542928 0.623240 0.000000
vt 0.530647 0.621757 0.000000
vt 0.536135 0.627658 0.000000
vt 0.538888 0.633862 0.000000
vt 0.547205 0.631231 0.000000
vt 0.526520 0.626012 0.000000
vt 0.530667 0.630850 0.000000
vt 0.533143 0.635313 0.000000
vt 0.533301 0.639960 0.000000
vt 0.539829 0.639759 0.000000
vt 0.549071 0.646965 0.000000
vt 0.548655 0.639388 0.000000
vt 0.559747 0.639354 0.000000
vt 0.572454 0.640985 0.000000
vt 0.547602 0.654112 0.000000
vt 0.522813 0.629502 0.000000
vt 0.516351 0.627447 0.000000
vt 0.513870 0.633765 0.000000
vt 0.519582 0.634132 0.000000
vt 0.518226 0.640208 0.000000
vt 0.520278 0.646813 0.000000
vt 0.507170 0.627050 0.000000
vt 0.505786 0.634192 0.000000
vt 0.497962 0.627698 0.000000
vt 0.496679 0.634348 0.000000
vt 0.491400 0.628125 0.000000
vt 0.490142 0.633458 0.000000
vt 0.487834 0.639657 0.000000
vt 0.483148 0.636969 0.000000
vt 0.478891 0.642423 0.000000
vt 0.484621 0.647620 0.000000
vt 0.472479 0.648837 0.000000
vt 0.475058 0.637047 0.000000
vt 0.467963 0.641206 0.000000
vt 0.459372 0.645281 0.000000
vt 0.463549 0.653776 0.000000
vt 0.450557 0.648567 0.000000
vt 0.453316 0.657570 0.000000
vt 0.442758 0.650737 0.000000
vt 0.443719 0.659656 0.000000
vt 0.443453 0.669494 0.000000
vt 0.435612 0.659710 0.000000
vt 0.433442 0.667853 0.000000
vt 0.429583 0.676696 0.000000
vt 0.441368 0.680683 0.000000
vt 0.423502 0.685838 0.000000
vt 0.418852 0.671125 0.000000
vt 0.411979 0.678489 0.000000
vt 0.408477 0.662591 0.000000
vt 0.400154 0.667152 0.000000
vt 0.400282 0.650686 0.000000
vt 0.416333 0.657903 0.000000
vt 0.410370 0.648922 0.000000
vt 0.407902 0.639399 0.000000
vt 0.398280 0.637260 0.000000
vt 0.401594 0.625908 0.000000
vt 0.391926 0.622360 0.000000
vt 0.409657 0.629647 0.000000
vt 0.414339 0.620307 0.000000
vt 0.406187 0.614692 0.000000
vt 0.415692 0.640712 0.000000
vt 0.416545 0.632998 0.000000
vt 0.420722 0.625092 0.000000
vt 0.427139 0.617835 0.000000
vt 0.420670 0.610667 0.000000
vt 0.431889 0.624390 0.000000
vt 0.440186 0.619479 0.000000
vt 0.436067 0.610902 0.000000
vt 0.435157 0.630663 0.000000
vt 0.443175 0.626695 0.000000
vt 0.452641 0.622783 0.000000
vt 0.450538 0.614499 0.000000
vt 0.437802 0.636959 0.000000
vt 0.445244 0.633645 0.000000
vt 0.454481 0.630148 0.000000
vt 0.463853 0.626989 0.000000
vt 0.462666 0.619542 0.000000
vt 0.447471 0.640549 0.000000
vt 0.456430 0.637335 0.000000
vt 0.465398 0.634077 0.000000
vt 0.472772 0.631355 0.000000
vt 0.471743 0.625008 0.000000
vt 0.477070 0.624136 0.000000
vt 0.478110 0.618540 0.000000
vt 0.471673 0.618318 0.000000
vt 0.477732 0.629204 0.000000
vt 0.479931 0.633601 0.000000
vt 0.479765 0.612386 0.000000
vt 0.471815 0.610968 0.000000
vt 0.461278 0.611338 0.000000
vt 0.482157 0.603702 0.000000
vt 0.485727 0.592561 0.000000
vt 0.485839 0.614900 0.000000
vt 0.489729 0.618757 0.000000
vt 0.491486 0.623363 0.000000
vt 0.490344 0.580372 0.000000
vt 0.440249 0.643210 0.000000
vt 0.434196 0.644598 0.000000
vt 0.436361 0.651709 0.000000
vt 0.429373 0.601308 0.000000
vt 0.395438 0.609444 0.000000
vt 0.384652 0.608609 0.000000
vt 0.382270 0.619890 0.000000
vt 0.424486 0.663981 0.000000
vt 0.483990 0.254913 0.000000
vt 0.474824 0.255699 0.000000
vt 0.466984 0.256517 0.000000
vt 0.459326 0.257180 0.000000
vt 0.460496 0.265112 0.000000
vt 0.463008 0.273729 0.000000
vt 0.451314 0.256791 0.000000
vt 0.451757 0.248253 0.000000
vt 0.443250 0.245975 0.000000
vt 0.453153 0.239506 0.000000
vt 0.444645 0.236556 0.000000
vt 0.434502 0.233710 0.000000
vt 0.483131 0.289270 0.000000
vt 0.468850 0.544908 0.000000
vt 0.457327 0.543684 0.000000
vt 0.450827 0.554636 0.000000
vt 0.464383 0.557265 0.000000
vt 0.436155 0.549351 0.000000
vt 0.429516 0.556566 0.000000
vt 0.417016 0.548768 0.000000
vt 0.411158 0.555363 0.000000
vt 0.423171 0.564036 0.000000
vt 0.424254 0.541353 0.000000
vt 0.415645 0.533208 0.000000
vt 0.406722 0.540338 0.000000
vt 0.400832 0.546662 0.000000
vt 0.386064 0.544506 0.000000
vt 0.395565 0.553762 0.000000
vt 0.405263 0.562020 0.000000
vt 0.390246 0.560568 0.000000
vt 0.416071 0.571007 0.000000
vt 0.380313 0.551425 0.000000
vt 0.384787 0.567110 0.000000
vt 0.370564 0.541855 0.000000
vt 0.377341 0.535194 0.000000
vt 0.352418 0.626677 0.000000
vt 0.359209 0.619476 0.000000
vt 0.327094 0.625485 0.000000
vt 0.317892 0.629644 0.000000
vt 0.311546 0.615019 0.000000
vt 0.302810 0.618304 0.000000
vt 0.296983 0.602957 0.000000
vt 0.294449 0.620716 0.000000
vt 0.305589 0.686149 0.000000
vt 0.308939 0.694740 0.000000
vt 0.317360 0.691547 0.000000
vt 0.315190 0.681266 0.000000
vt 0.327437 0.689507 0.000000
vt 0.326577 0.677364 0.000000
vt 0.338259 0.688177 0.000000
vt 0.327596 0.699710 0.000000
vt 0.338005 0.698609 0.000000
vt 0.347965 0.698505 0.000000
vt 0.348428 0.688783 0.000000
vt 0.338028 0.707616 0.000000
vt 0.347912 0.706438 0.000000
vt 0.357810 0.705956 0.000000
vt 0.327698 0.709091 0.000000
vt 0.327595 0.718375 0.000000
vt 0.318683 0.709814 0.000000
vt 0.318040 0.718934 0.000000
vt 0.311277 0.710420 0.000000
vt 0.310517 0.718901 0.000000
vt 0.310701 0.702512 0.000000
vt 0.318551 0.700930 0.000000
vt 0.400290 0.728725 0.000000
vt 0.405810 0.727598 0.000000
vt 0.411288 0.727279 0.000000
vt 0.418452 0.969124 0.000000
vt 0.154023 0.514943 0.000000
vt 0.152476 0.504106 0.000000
vt 0.145338 0.504106 0.000000
vt 0.025788 0.352680 0.000000
vt 0.028653 0.354405 0.000000
vt 0.294049 0.443112 0.000000
vt 0.281569 0.440876 0.000000
vt 0.277882 0.451076 0.000000
vt 0.272438 0.437173 0.000000
vt 0.277776 0.428459 0.000000
vt 0.285177 0.431772 0.000000
vt 0.296027 0.433875 0.000000
vt 0.169387 0.718945 0.000000
vt 0.165071 0.729250 0.000000
vt 0.175259 0.734792 0.000000
vt 0.179922 0.724950 0.000000
vt 0.183752 0.740254 0.000000
vt 0.188512 0.732090 0.000000
vt 0.191539 0.745108 0.000000
vt 0.200300 0.748512 0.000000
vt 0.212012 0.750787 0.000000
vt 0.170983 0.744378 0.000000
vt 0.160757 0.739185 0.000000
vt 0.156285 0.749880 0.000000
vt 0.151386 0.734080 0.000000
vt 0.146504 0.743886 0.000000
vt 0.155392 0.989603 0.000000
vt 0.158706 0.987207 0.000000
vt 0.003702 0.292783 0.000000
vt 0.013022 0.318787 0.000000
vt 0.013011 0.313326 0.000000
vt 0.012955 0.323346 0.000000
vt 0.018594 0.323642 0.000000
vt 0.017329 0.273210 0.000000
vt 0.018606 0.275771 0.000000
vt 0.022902 0.269661 0.000000
vt 0.020660 0.266767 0.000000
vt 0.021347 0.328227 0.000000
vt 0.012050 0.278469 0.000000
vt 0.013258 0.280823 0.000000
vt 0.017534 0.331254 0.000000
vt 0.020083 0.336696 0.000000
vt 0.025638 0.262860 0.000000
vt 0.028348 0.256357 0.000000
vt 0.001395 0.850662 0.000000
vt 0.003349 0.841273 0.000000
vt 0.243653 0.355581 0.000000
vt 0.248108 0.346911 0.000000
vt 0.239648 0.362981 0.000000
vt 0.220524 0.361273 0.000000
vt 0.206398 0.355119 0.000000
vt 0.200645 0.364126 0.000000
vt 0.215200 0.369360 0.000000
vt 0.195164 0.374760 0.000000
vt 0.209512 0.378372 0.000000
vt 0.189895 0.387429 0.000000
vt 0.203235 0.389534 0.000000
vt 0.214729 0.394312 0.000000
vt 0.197737 0.399607 0.000000
vt 0.206023 0.404169 0.000000
vt 0.211749 0.410883 0.000000
vt 0.222787 0.403965 0.000000
vt 0.214229 0.420060 0.000000
vt 0.225365 0.416088 0.000000
vt 0.214036 0.430794 0.000000
vt 0.224869 0.428710 0.000000
vt 0.238026 0.424890 0.000000
vt 0.225262 0.441855 0.000000
vt 0.250025 0.420064 0.000000
vt 0.212869 0.442516 0.000000
vt 0.211040 0.456010 0.000000
vt 0.199115 0.453409 0.000000
vt 0.192924 0.467412 0.000000
vt 0.207719 0.471017 0.000000
vt 0.202771 0.441789 0.000000
vt 0.194048 0.439075 0.000000
vt 0.189322 0.449095 0.000000
vt 0.181517 0.443080 0.000000
vt 0.173211 0.453840 0.000000
vt 0.181875 0.460916 0.000000
vt 0.187060 0.434741 0.000000
vt 0.181941 0.429067 0.000000
vt 0.174576 0.436713 0.000000
vt 0.168918 0.428730 0.000000
vt 0.158525 0.438299 0.000000
vt 0.165872 0.446534 0.000000
vt 0.177558 0.421863 0.000000
vt 0.175081 0.412157 0.000000
vt 0.163790 0.418833 0.000000
vt 0.159712 0.407243 0.000000
vt 0.151632 0.429101 0.000000
vt 0.174029 0.400723 0.000000
vt 0.175022 0.387533 0.000000
vt 0.155343 0.391415 0.000000
vt 0.186576 0.398313 0.000000
vt 0.139895 0.440679 0.000000
vt 0.147895 0.449684 0.000000
vt 0.138006 0.460981 0.000000
vt 0.145001 0.469474 0.000000
vt 0.155420 0.458111 0.000000
vt 0.130452 0.451742 0.000000
vt 0.123965 0.462473 0.000000
vt 0.130518 0.469591 0.000000
vt 0.121735 0.444123 0.000000
vt 0.116138 0.457925 0.000000
vt 0.113136 0.468475 0.000000
vt 0.109993 0.438813 0.000000
vt 0.107147 0.455104 0.000000
vt 0.104809 0.467089 0.000000
vt 0.102994 0.476451 0.000000
vt 0.111002 0.476882 0.000000
vt 0.094615 0.466442 0.000000
vt 0.093110 0.476911 0.000000
vt 0.091704 0.485756 0.000000
vt 0.101422 0.484578 0.000000
vt 0.081992 0.468675 0.000000
vt 0.081687 0.479201 0.000000
vt 0.081113 0.488038 0.000000
vt 0.022563 0.748870 0.000000
vt 0.020459 0.736562 0.000000
vt 0.015287 0.743113 0.000000
vt 0.069423 0.483301 0.000000
vt 0.068650 0.493012 0.000000
vt 0.028304 0.758210 0.000000
vt 0.057363 0.487151 0.000000
vt 0.053540 0.498296 0.000000
vt 0.030131 0.772142 0.000000
vt 0.027320 0.785333 0.000000
vt 0.037519 0.787315 0.000000
vt 0.032883 0.800179 0.000000
vt 0.046512 0.804461 0.000000
vt 0.050505 0.788506 0.000000
vt 0.042711 0.816773 0.000000
vt 0.060853 0.826366 0.000000
vt 0.027735 0.809347 0.000000
vt 0.069942 0.472118 0.000000
vt 0.059531 0.475391 0.000000
vt 0.060209 0.463461 0.000000
vt 0.059564 0.452022 0.000000
vt 0.050525 0.457564 0.000000
vt 0.057574 0.441764 0.000000
vt 0.047168 0.450576 0.000000
vt 0.026170 0.728123 0.000000
vt 0.031345 0.717246 0.000000
vt 0.018979 0.717784 0.000000
vt 0.034653 0.704416 0.000000
vt 0.021617 0.707140 0.000000
vt 0.122114 0.503106 0.000000
vt 0.132834 0.503106 0.000000
vt 0.130857 0.492489 0.000000
vt 0.122735 0.493645 0.000000
vt 0.114446 0.493053 0.000000
vt 0.114017 0.503106 0.000000
vt 0.145329 0.497813 0.000000
vt 0.140281 0.487471 0.000000
vt 0.135882 0.478372 0.000000
vt 0.151635 0.478620 0.000000
vt 0.160165 0.488124 0.000000
vt 0.172338 0.474393 0.000000
vt 0.163037 0.466300 0.000000
vt 0.023282 0.679523 0.000000
vt 0.022788 0.694912 0.000000
vt 0.037173 0.690037 0.000000
vt 0.040251 0.671218 0.000000
vt 0.050524 0.701761 0.000000
vt 0.066756 0.698999 0.000000
vt 0.109600 0.484558 0.000000
vt 0.193637 0.326658 0.000000
vt 0.186524 0.332523 0.000000
vt 0.413212 0.713629 0.000000
vt 0.454807 0.465080 0.000000
vt 0.449697 0.467947 0.000000
vt 0.536394 0.678565 0.000000
vt 0.547215 0.676620 0.000000
vt 0.537855 0.687648 0.000000
vt 0.549678 0.685511 0.000000
vt 0.525275 0.678482 0.000000
vt 0.525792 0.688049 0.000000
vt 0.540319 0.698880 0.000000
vt 0.551806 0.697354 0.000000
vt 0.544192 0.710906 0.000000
vt 0.554759 0.708407 0.000000
vt 0.512429 0.686879 0.000000
vt 0.525738 0.669836 0.000000
vt 0.527687 0.662075 0.000000
vt 0.222225 0.712706 0.000000
vt 0.490513 0.493591 0.000000
vt 0.482814 0.493591 0.000000
vt 0.002134 0.999833 0.000000
vt 0.002134 0.998032 0.000000
vt 0.000167 0.998032 0.000000
vt 0.000167 0.999833 0.000000
vt 0.003935 0.998032 0.000000
vt 0.003935 0.995911 0.000000
vt 0.002134 0.995911 0.000000
vt 0.005903 0.998032 0.000000
vt 0.005903 0.995911 0.000000
vt 0.000167 0.995911 0.000000
vt 0.007704 0.998032 0.000000
vt 0.007704 0.995911 0.000000
vt 0.005903 0.994110 0.000000
vt 0.003935 0.994110 0.000000
vt 0.002134 0.993110 0.000000
vt 0.002134 0.991309 0.000000
vt 0.000167 0.991309 0.000000
vt 0.000167 0.993110 0.000000
vt 0.003935 0.991309 0.000000
vt 0.003935 0.989187 0.000000
vt 0.002134 0.989187 0.000000
vt 0.005903 0.991309 0.000000
vt 0.005903 0.989187 0.000000
vt 0.000167 0.989187 0.000000
vt 0.007704 0.991309 0.000000
vt 0.007704 0.989187 0.000000
vt 0.005903 0.987387 0.000000
vt 0.003935 0.987387 0.000000
# 3341 texture coordinates

o Volume_Mesher_remesh_29
usemtl default
f 186/4/4 185/3/3 184/2/2 1/1/1
f 184/2/2 188/6/6 187/5/5 1/1/1
f 187/5/5 189/7/7 186/4/4 1/1/1
f 192/11/11 191/10/10 190/9/9 2/8/8
f 194/13/13 193/12/12 192/11/11 2/8/8
f 190/9/9 195/14/14 194/13/13 2/8/8
f 198/18/18 197/17/17 196/16/16 3/15/15
f 200/20/20 199/19/19 198/18/18 3/15/15
f 196/16/16 201/21/21 200/20/20 3/15/15
f 204/25/25 203/24/24 202/23/23 4/22/22
f 202/23/23 206/27/27 205/26/26 4/22/22
f 209/30/30 208/29/29 207/28/28 4/22/22
f 207/28/28 210/31/31 204/25/25 4/22/22
f 205/26/26 211/32/32 209/30/30 4/22/22
f 214/36/36 213/35/35 212/34/34 5/33/33
f 212/34/34 216/38/38 215/37/37 5/33/33
f 215/37/37 217/39/39 214/36/36 5/33/33
f 220/43/43 219/42/42 218/41/41 6/40/40
f 223/46/46 222/45/45 221/44/44 6/40/40
f 221/50/44 225/49/48 224/48/47 6/47/40
f 218/41/41 226/51/49 223/46/46 6/40/40
f 224/48/47 227/53/50 220/52/43 6/47/40
f 230/57/54 229/56/53 228/55/52 7/54/51
f 232/59/56 231/58/55 230/57/54 7/54/51
f 228/55/52 233/60/57 232/59/56 7/54/51
f 236/64/61 235/63/60 234/62/59 8/61/58
f 238/66/63 237/65/62 236/64/61 8/61/58
f 240/68/65 239/67/64 238/66/63 8/61/58
f 10/72/69 242/71/68 241/70/67 9/69/66
f 241/70/67 243/74/71 12/73/70 9/69/66
f 11/76/73 244/75/72 242/71/68 10/72/69
f 246/80/75 245/79/74 244/78/72 11/77/73
f 12/73/70 248/82/77 247/81/76 11/76/73
f 247/84/76 249/83/78 246/80/75 11/77/73
f 243/74/71 250/85/79 248/82/77 12/73/70
f 252/88/82 251/87/81 249/83/78 13/86/80
f 254/90/84 253/89/83 252/88/82 13/86/80
f 249/83/78 247/84/76 254/90/84 13/86/80
f 257/94/88 256/93/87 255/92/86 14/91/85
f 255/92/86 259/96/90 258/95/89 14/91/85
f 261/98/92 260/97/91 257/94/88 14/91/85
f 258/95/89 263/100/94 262/99/93 14/91/85
f 262/99/93 264/101/95 261/98/92 14/91/85
f 267/105/99 266/104/98 265/103/97 15/102/96
f 270/108/102 269/107/101 268/106/100 15/102/96
f 272/110/104 271/109/103 267/105/99 15/102/96
f 268/106/100 273/111/105 272/110/104 15/102/96
f 275/114/108 274/113/107 273/111/105 16/112/106
f 277/116/110 276/115/109 275/114/108 16/112/106
f 273/111/105 268/106/100 278/117/111 16/112/106
f 278/117/111 280/119/113 279/118/112 16/112/106
f 279/118/112 281/120/114 277/116/110 16/112/106
f 284/124/118 283/123/117 282/122/116 17/121/115
f 282/122/116 286/126/120 285/125/119 17/121/115
f 285/125/119 287/127/121 284/124/118 17/121/115
f 290/131/125 289/130/124 288/129/123 18/128/122
f 292/133/127 291/132/126 290/131/125 18/128/122
f 288/129/123 293/134/128 292/133/127 18/128/122
f 296/138/132 295/137/131 294/136/130 19/135/129
f 298/140/134 297/139/133 296/138/132 19/135/129
f 294/136/130 299/141/135 298/140/134 19/135/129
f 302/145/139 301/144/138 300/143/137 20/142/136
f 305/148/142 304/147/141 303/146/140 20/142/136
f 303/146/140 306/149/143 302/145/139 20/142/136
f 300/143/137 308/151/145 307/150/144 20/142/136
f 307/150/144 309/152/146 305/148/142 20/142/136
f 312/156/150 311/155/149 310/154/148 21/153/147
f 314/158/152 313/157/151 312/156/150 21/153/147
f 310/154/148 315/159/153 314/158/152 21/153/147
f 318/163/157 317/162/156 316/161/155 22/160/154
f 316/167/155 320/166/159 319/165/158 22/164/154
f 319/165/158 313/157/151 321/168/160 22/164/154
f 321/168/160 323/170/162 322/169/161 22/164/154
f 322/172/161 324/171/163 318/163/157 22/160/154
f 327/176/167 326/175/166 325/174/165 23/173/164
f 329/178/169 328/177/168 327/176/167 23/173/164
f 325/174/165 330/179/170 329/178/169 23/173/164
f 333/183/174 332/182/173 331/181/172 24/180/171
f 335/185/176 334/184/175 333/183/174 24/180/171
f 331/181/172 336/186/177 335/185/176 24/180/171
f 339/190/181 338/189/180 337/188/179 25/187/178
f 337/188/179 341/192/183 340/191/182 25/187/178
f 340/191/182 343/194/185 342/193/184 25/187/178
f 342/193/184 345/196/187 344/195/186 25/187/178
f 344/195/186 346/197/188 339/190/181 25/187/178
f 349/201/192 348/200/191 347/199/190 26/198/189
f 347/199/190 351/203/194 350/202/193 26/198/189
f 353/205/196 352/204/195 349/201/192 26/198/189
f 356/209/200 355/208/199 354/207/198 27/206/197
f 359/212/203 358/211/202 357/210/201 27/206/197
f 354/207/198 360/213/204 359/212/203 27/206/197
f 362/215/206 361/214/205 356/209/200 27/206/197
f 357/210/201 363/216/207 362/215/206 27/206/197
f 364/218/209 188/6/6 184/2/2 28/217/208
f 366/220/211 365/219/210 364/218/209 28/217/208
f 184/2/2 185/3/3 366/220/211 28/217/208
f 369/224/215 368/223/214 367/222/213 29/221/212
f 372/227/218 371/226/217 370/225/216 29/221/212
f 367/222/213 373/228/219 372/227/218 29/221/212
f 370/225/216 375/230/221 374/229/220 29/221/212
f 374/229/220 376/231/222 369/224/215 29/221/212
f 379/235/226 378/234/225 377/233/224 30/232/223
f 377/233/224 381/237/228 380/236/227 30/232/223
f 380/236/227 383/239/230 382/238/229 30/232/223
f 382/238/229 385/241/232 384/240/231 30/232/223
f 384/240/231 386/242/233 379/235/226 30/232/223
f 388/245/236 387/244/235 378/234/225 31/243/234
f 390/247/238 389/246/237 388/245/236 31/243/234
f 391/249/240 52/248/239 390/247/238 31/243/234
f 378/234/225 379/235/226 392/250/241 31/243/234
f 392/250/241 393/251/242 391/249/240 31/243/234
f 396/255/246 395/254/245 394/253/244 32/252/243
f 385/241/232 382/238/229 396/255/246 32/252/243
f 394/253/244 398/257/248 397/256/247 32/252/243
f 400/259/250 399/258/249 385/241/232 32/252/243
f 397/256/247 401/260/251 400/259/250 32/252/243
f 404/264/255 403/263/254 402/262/253 33/261/252
f 402/262/253 406/266/257 405/265/256 33/261/252
f 405/265/256 407/267/258 404/264/255 33/261/252
f 410/271/262 409/270/261 408/269/260 34/268/259
f 408/269/260 407/267/258 405/265/256 34/268/259
f 405/265/256 406/266/257 410/271/262 34/268/259
f 413/275/266 412/274/265 411/273/264 35/272/263
f 415/277/268 414/276/267 413/275/266 35/272/263
f 416/281/270 36/280/269 415/279/268 35/278/263
f 418/283/272 417/282/271 416/281/270 35/278/263
f 411/285/264 419/284/273 418/283/272 35/278/263
f 421/287/275 420/286/274 415/279/268 36/280/269
f 416/281/270 423/289/277 422/288/276 36/280/269
f 422/288/276 425/291/279 424/290/278 36/280/269
f 424/290/278 426/292/280 421/287/275 36/280/269
f 428/295/283 427/294/282 403/263/254 37/293/281
f 403/263/254 404/264/255 429/296/284 37/293/281
f 431/299/287 386/242/233 430/298/286 38/297/285
f 433/301/289 432/300/288 431/299/287 38/297/285
f 435/303/291 434/302/290 433/301/289 38/297/285
f 430/298/286 437/305/293 436/304/292 38/297/285
f 436/304/292 438/306/294 435/303/291 38/297/285
f 429/296/284 440/308/296 439/307/295 37/293/281
f 439/307/295 441/309/297 428/295/283 37/293/281
f 444/313/301 443/312/300 442/311/299 39/310/298
f 447/317/304 446/316/303 445/315/302 39/314/298
f 442/311/299 448/319/305 447/318/304 39/310/298
f 450/322/307 449/321/306 444/320/301 39/314/298
f 445/315/302 451/323/308 450/322/307 39/314/298
f 454/327/312 453/326/311 452/325/310 40/324/309
f 452/325/310 456/329/314 455/328/313 40/324/309
f 459/333/317 458/332/316 457/331/315 40/330/309
f 455/335/313 460/334/318 459/333/317 40/330/309
f 457/337/315 461/336/319 454/327/312 40/324/309
f 463/341/322 462/340/321 461/339/319 41/338/320
f 465/343/324 464/342/323 463/341/322 41/338/320
f 468/346/327 467/345/326 466/344/325 41/338/320
f 466/344/325 469/347/328 465/343/324 41/338/320
f 461/339/319 457/348/315 468/346/327 41/338/320
f 471/352/332 470/351/331 43/350/330 42/349/329
f 43/356/330 473/355/334 472/354/333 42/353/329
f 472/358/333 474/357/335 471/352/332 42/349/329
f 470/362/331 476/361/337 475/360/336 43/359/330
f 475/360/336 478/364/339 477/363/338 43/359/330
f 477/366/338 479/365/340 473/355/334 43/356/330
f 482/370/344 481/369/343 480/368/342 44/367/341
f 484/372/346 483/371/345 482/370/344 44/367/341
f 480/368/342 485/373/347 484/372/346 44/367/341
f 492/377/351 491/376/350 490/375/349 45/374/348
f 495/380/354 494/379/353 493/378/352 45/374/348
f 493/378/352 496/381/355 492/377/351 45/374/348
f 498/383/357 497/382/356 495/380/354 45/374/348
f 490/387/349 499/386/358 498/385/357 45/384/348
f 502/391/362 501/390/361 500/389/360 46/388/359
f 504/395/364 503/394/363 502/393/362 46/392/359
f 500/389/360 506/397/366 505/396/365 46/388/359
f 505/396/365 507/399/368 158/398/367 46/388/359
f 158/401/367 508/400/369 504/395/364 46/392/359
f 511/405/373 510/404/372 509/403/371 47/402/370
f 513/407/375 512/406/374 511/405/373 47/402/370
f 515/409/377 514/408/376 513/407/375 47/402/370
f 509/403/371 458/411/316 516/410/378 47/402/370
f 516/410/378 517/412/379 515/409/377 47/402/370
f 518/414/381 424/290/278 425/291/279 48/413/380
f 425/291/279 520/416/383 519/415/382 48/413/380
f 522/418/385 521/417/384 518/414/381 48/413/380
f 519/415/382 524/420/387 523/419/386 48/413/380
f 523/419/386 525/421/388 522/418/385 48/413/380
f 528/425/392 527/424/391 526/423/390 49/422/389
f 531/428/395 530/427/394 529/426/393 49/422/389
f 526/423/390 532/429/396 531/428/395 49/422/389
f 529/426/393 534/431/398 533/430/397 49/422/389
f 533/430/397 535/432/399 528/425/392 49/422/389
f 538/436/403 537/435/402 536/434/401 50/433/400
f 536/434/401 540/438/405 539/437/404 50/433/400
f 539/437/404 541/439/406 538/436/403 50/433/400
f 544/443/410 543/442/409 542/441/408 51/440/407
f 546/445/412 545/444/411 544/443/410 51/440/407
f 542/441/408 547/446/413 546/445/412 51/440/407
f 550/449/416 549/448/415 548/447/414 52/248/239
f 548/447/414 551/450/417 390/247/238 52/248/239
f 553/452/419 552/451/418 550/449/416 52/248/239
f 391/249/240 554/453/420 553/452/419 52/248/239
f 557/457/424 556/456/423 555/455/422 53/454/421
f 555/455/422 549/448/415 558/458/425 53/454/421
f 558/458/425 559/459/426 557/457/424 53/454/421
f 562/463/430 561/462/429 560/461/428 54/460/427
f 564/465/432 563/464/431 562/463/430 54/460/427
f 566/469/434 565/468/433 564/467/432 54/466/427
f 560/472/428 568/471/436 567/470/435 54/466/427
f 567/470/435 569/473/437 566/469/434 54/466/427
f 571/477/441 163/476/440 570/475/439 55/474/438
f 573/479/443 572/478/442 571/477/441 55/474/438
f 570/475/439 575/481/445 574/480/444 55/474/438
f 577/483/447 576/482/446 573/479/443 55/474/438
f 574/480/444 578/484/448 577/483/447 55/474/438
f 581/488/452 580/487/451 579/486/450 56/485/449
f 584/491/455 583/490/454 582/489/453 56/485/449
f 579/486/450 585/492/456 584/491/455 56/485/449
f 588/496/460 587/495/459 586/494/458 57/493/457
f 590/498/462 589/497/461 588/496/460 57/493/457
f 586/494/458 591/499/463 590/498/462 57/493/457
f 593/502/466 592/501/465 317/162/156 58/500/464
f 595/504/468 594/503/467 593/502/466 58/500/464
f 597/506/470 596/505/469 595/504/468 58/500/464
f 317/162/156 318/163/157 598/507/471 58/500/464
f 598/507/471 599/508/472 597/506/470 58/500/464
f 602/512/476 601/511/475 600/510/474 59/509/473
f 604/514/478 603/513/477 602/512/476 59/509/473
f 600/510/474 605/515/479 604/514/478 59/509/473
f 608/519/483 607/518/482 606/517/481 60/516/480
f 610/521/485 609/520/484 608/519/483 60/516/480
f 606/517/481 611/522/486 610/521/485 60/516/480
f 614/526/490 613/525/489 612/524/488 61/523/487
f 612/524/488 616/528/492 615/527/491 61/523/487
f 615/527/491 618/530/494 617/529/493 61/523/487
f 617/529/493 620/532/496 619/531/495 61/523/487
f 619/531/495 165/533/497 614/526/490 61/523/487
f 623/537/501 622/536/500 621/535/499 62/534/498
f 625/539/503 624/538/502 623/537/501 62/534/498
f 627/541/505 626/540/504 625/539/503 62/534/498
f 629/543/507 628/542/506 627/541/505 62/534/498
f 621/535/499 630/544/508 629/543/507 62/534/498
f 64/548/512 632/547/511 631/546/510 63/545/509
f 631/546/510 634/550/514 633/549/513 63/545/509
f 633/554/513 166/553/515 64/552/512 63/551/509
f 637/557/518 636/556/517 635/555/516 64/548/512
f 166/553/515 638/559/519 637/558/518 64/552/512
f 641/563/523 640/562/522 639/561/521 65/560/520
f 639/561/521 643/565/525 642/564/524 65/560/520
f 642/564/524 644/566/526 641/563/523 65/560/520
f 647/570/530 646/569/529 645/568/528 66/567/527
f 649/572/532 648/571/531 647/570/530 66/567/527
f 645/568/528 650/573/533 649/572/532 66/567/527
f 651/575/535 646/569/529 647/570/530 67/574/534
f 647/570/530 648/571/531 652/576/536 67/574/534
f 652/576/536 653/577/537 651/575/535 67/574/534
f 656/581/541 655/580/540 654/579/539 68/578/538
f 654/579/539 658/583/543 657/582/542 68/578/538
f 660/585/545 659/584/544 656/581/541 68/578/538
f 657/582/542 653/577/537 661/586/546 68/578/538
f 661/586/546 662/587/547 660/585/545 68/578/538
f 665/591/551 664/590/550 663/589/549 69/588/548
f 663/589/549 667/593/553 666/592/552 69/588/548
f 666/592/552 668/594/554 665/591/551 69/588/548
f 671/598/558 670/597/557 669/596/556 70/595/555
f 669/596/556 673/600/560 672/599/559 70/595/555
f 672/599/559 674/601/561 671/598/558 70/595/555
f 679/605/565 678/604/564 676/603/563 71/602/562
f 681/607/567 680/606/566 679/605/565 71/602/562
f 677/609/569 682/608/568 681/607/567 71/602/562
f 685/613/573 684/612/572 683/611/571 72/610/570
f 683/611/571 687/615/575 686/614/574 72/610/570
f 689/617/577 688/616/576 685/613/573 72/610/570
f 691/619/579 690/618/578 689/617/577 72/610/570
f 686/614/574 692/620/580 691/619/579 72/610/570
f 695/624/584 694/623/583 693/622/582 73/621/581
f 693/622/582 697/626/586 696/625/585 73/621/581
f 696/625/585 699/628/588 698/627/587 73/621/581
f 701/630/590 700/629/589 695/624/584 73/621/581
f 698/627/587 702/631/591 701/630/590 73/621/581
f 705/635/595 704/634/594 703/633/593 74/632/592
f 703/633/593 707/637/597 706/636/596 74/632/592
f 706/636/596 709/639/599 708/638/598 74/632/592
f 711/641/601 710/640/600 705/635/595 74/632/592
f 714/645/605 713/644/604 712/643/603 75/642/602
f 716/647/607 715/646/606 714/645/605 75/642/602
f 712/643/603 717/648/608 716/647/607 75/642/602
f 720/652/612 719/651/611 718/650/610 76/649/609
f 722/654/614 721/653/613 720/652/612 76/649/609
f 718/650/610 723/655/615 722/654/614 76/649/609
f 726/659/619 725/658/618 724/657/617 77/656/616
f 724/657/617 728/661/621 727/660/620 77/656/616
f 727/660/620 730/663/623 729/662/622 77/656/616
f 732/667/625 731/666/624 726/665/619 77/664/616
f 729/669/622 733/668/626 732/667/625 77/664/616
f 736/673/630 735/672/629 734/671/628 78/670/627
f 734/671/628 738/675/632 737/674/631 78/670/627
f 737/674/631 739/676/633 736/673/630 78/670/627
f 742/680/637 741/679/636 740/678/635 79/677/634
f 745/683/640 744/682/639 743/681/638 79/677/634
f 740/678/635 746/684/641 745/683/640 79/677/634
f 749/688/645 748/687/644 747/686/643 80/685/642
f 747/686/643 751/690/647 750/689/646 80/685/642
f 750/689/646 752/691/648 749/688/645 80/685/642
f 755/695/652 754/694/651 753/693/650 81/692/649
f 753/693/650 757/697/654 756/696/653 81/692/649
f 756/696/653 758/698/655 755/695/652 81/692/649
f 761/702/659 760/701/658 759/700/657 82/699/656
f 763/704/661 762/703/660 761/702/659 82/699/656
f 759/700/657 764/705/662 763/704/661 82/699/656
f 767/709/666 766/708/665 765/707/664 83/706/663
f 770/712/669 769/711/668 768/710/667 83/706/663
f 772/714/671 771/713/670 767/709/666 83/706/663
f 768/710/667 773/715/672 772/714/671 83/706/663
f 776/719/676 775/718/675 774/717/674 84/716/673
f 779/722/679 778/721/678 777/720/677 84/716/673
f 774/717/674 781/724/681 780/723/680 84/716/673
f 780/723/680 782/725/682 779/722/679 84/716/673
f 777/720/677 783/726/683 776/719/676 84/716/673
f 786/730/687 785/729/686 784/728/685 85/727/684
f 788/732/689 787/731/688 786/730/687 85/727/684
f 784/728/685 789/733/690 788/732/689 85/727/684
f 792/737/694 791/736/693 790/735/692 86/734/691
f 794/739/696 793/738/695 792/737/694 86/734/691
f 790/735/692 796/741/698 795/740/697 86/734/691
f 795/740/697 181/743/700 797/742/699 86/734/691
f 797/742/699 798/744/701 794/739/696 86/734/691
f 88/748/705 89/747/704 799/746/703 87/745/702
f 799/746/703 787/731/688 788/732/689 87/745/702
f 788/732/689 789/733/690 88/748/705 87/745/702
f 789/733/690 801/750/707 800/749/706 88/748/705
f 800/749/706 803/752/709 802/751/708 88/748/705
f 88/748/705 802/751/708 804/753/710 89/747/704
f 804/753/710 805/754/711 799/746/703 89/747/704
f 808/758/715 807/757/714 806/756/713 90/755/712
f 811/761/718 810/760/717 809/759/716 90/755/712
f 806/756/713 813/763/720 812/762/719 90/755/712
f 812/762/719 814/764/721 811/761/718 90/755/712
f 817/768/725 816/767/724 815/766/723 91/765/722
f 815/766/723 819/770/727 818/769/726 91/765/722
f 818/769/726 820/771/728 817/768/725 91/765/722
f 823/775/732 822/774/731 821/773/730 92/772/729
f 821/773/730 825/777/734 824/776/733 92/772/729
f 824/776/733 827/779/736 826/778/735 92/772/729
f 826/778/735 829/781/738 828/780/737 92/772/729
f 828/780/737 830/782/739 823/775/732 92/772/729
f 833/786/743 832/785/742 831/784/741 93/783/740
f 835/788/745 834/787/744 833/786/743 93/783/740
f 831/784/741 836/789/746 835/788/745 93/783/740
f 839/793/750 838/792/749 837/791/748 94/790/747
f 842/797/753 841/796/752 840/795/751 94/794/747
f 844/799/755 843/798/754 839/793/750 94/790/747
f 837/801/748 845/800/756 842/797/753 94/794/747
f 848/805/760 847/804/759 846/803/758 95/802/757
f 846/803/758 850/807/762 849/806/761 95/802/757
f 849/806/761 851/808/763 848/805/760 95/802/757
f 854/812/767 853/811/766 852/810/765 96/809/764
f 852/810/765 856/814/769 855/813/768 96/809/764
f 855/813/768 857/815/770 854/812/767 96/809/764
f 860/819/774 859/818/773 858/817/772 97/816/771
f 858/817/772 862/821/776 861/820/775 97/816/771
f 861/820/775 863/822/777 860/819/774 97/816/771
f 866/826/781 865/825/780 864/824/779 98/823/778
f 864/824/779 868/828/783 867/827/782 98/823/778
f 867/827/782 870/830/785 869/829/784 98/823/778
f 872/832/787 871/831/786 866/826/781 98/823/778
f 869/829/784 873/833/788 872/832/787 98/823/778
f 876/837/792 875/836/791 874/835/790 99/834/789
f 874/835/790 878/839/794 877/838/793 99/834/789
f 877/838/793 879/840/795 876/837/792 99/834/789
f 882/844/799 881/843/798 880/842/797 100/841/796
f 884/846/801 883/845/800 882/844/799 100/841/796
f 880/842/797 885/847/802 884/846/801 100/841/796
f 888/851/806 887/850/805 886/849/804 101/848/803
f 890/853/808 889/852/807 888/851/806 101/848/803
f 886/849/804 891/854/809 890/853/808 101/848/803
f 894/858/813 893/857/812 892/856/811 102/855/810
f 896/860/815 895/859/814 894/858/813 102/855/810
f 899/863/818 898/862/817 897/861/816 102/855/810
f 892/856/811 900/864/819 899/863/818 102/855/810
f 897/861/816 901/865/820 896/860/815 102/855/810
f 904/869/824 903/868/823 902/867/822 103/866/821
f 902/867/822 906/871/826 905/870/825 103/866/821
f 905/870/825 908/873/828 907/872/827 103/866/821
f 910/877/832 909/876/831 105/875/830 104/874/829
f 912/881/834 911/880/833 514/879/376 104/878/829
f 105/883/830 913/882/835 912/881/834 104/878/829
f 915/885/837 914/884/836 913/882/835 105/883/830
f 916/888/838 535/887/399 915/886/837 105/875/830
f 909/876/831 917/889/839 916/888/838 105/875/830
f 919/892/842 918/891/841 875/836/791 106/890/840
f 921/894/844 920/893/843 919/892/842 106/890/840
f 108/897/847 923/896/846 922/895/845 106/890/840
f 922/895/845 924/898/848 921/894/844 106/890/840
f 927/902/852 926/901/851 925/900/850 107/899/849
f 929/904/854 928/903/853 927/902/852 107/899/849
f 925/900/850 930/905/855 929/904/854 107/899/849
f 106/890/840 875/836/791 876/837/792 108/897/847
f 932/907/857 931/906/856 923/896/846 108/897/847
f 876/837/792 879/840/795 933/908/858 108/897/847
f 933/908/858 934/909/859 932/907/857 108/897/847
f 937/913/863 936/912/862 935/911/861 109/910/860
f 939/915/865 938/914/864 937/913/863 109/910/860
f 935/911/861 940/916/866 939/915/865 109/910/860
f 943/920/870 942/919/869 941/918/868 110/917/867
f 941/918/868 945/922/872 944/921/871 110/917/867
f 944/921/871 946/923/873 943/920/870 110/917/867
f 731/666/624 732/667/625 947/925/875 111/924/874
f 947/925/875 949/927/877 948/926/876 111/924/874
f 948/926/876 951/929/879 950/928/878 111/924/874
f 953/931/881 952/930/880 731/666/624 111/924/874
f 950/928/878 954/932/882 953/931/881 111/924/874
f 957/936/886 956/935/885 955/934/884 112/933/883
f 955/934/884 959/938/888 958/937/887 112/933/883
f 958/937/887 960/939/889 957/936/886 112/933/883
f 963/943/893 962/942/892 961/941/891 113/940/890
f 965/945/895 964/944/894 963/943/893 113/940/890
f 961/941/891 966/946/896 965/945/895 113/940/890
f 969/950/900 968/949/899 967/948/898 114/947/897
f 971/952/902 970/951/901 969/950/900 114/947/897
f 974/955/905 973/954/904 972/953/903 114/947/897
f 972/953/903 975/956/906 971/952/902 114/947/897
f 967/948/898 976/957/907 974/955/905 114/947/897
f 979/961/911 978/960/910 977/959/909 115/958/908
f 981/963/913 980/962/912 979/961/911 115/958/908
f 977/959/909 950/965/878 951/964/879 115/958/908
f 951/964/879 983/967/915 982/966/914 115/958/908
f 982/966/914 984/968/916 981/963/913 115/958/908
f 987/972/920 986/971/919 985/970/918 116/969/917
f 985/970/918 989/975/922 988/974/921 116/973/917
f 988/979/921 990/978/923 987/977/920 116/976/917
f 993/983/927 992/982/926 991/981/925 117/980/924
f 991/981/925 995/985/929 994/984/928 117/980/924
f 994/984/928 997/987/931 996/986/930 117/980/924
f 996/986/930 999/989/933 998/988/932 117/980/924
f 998/988/932 1000/990/934 993/983/927 117/980/924
f 1003/994/938 1002/993/937 1001/992/936 118/991/935
f 1004/995/939 999/989/933 1003/994/938 118/991/935
f 1001/992/936 1005/996/940 1004/995/939 118/991/935
f 1008/1000/944 1007/999/943 1006/998/942 119/997/941
f 1006/998/942 1010/1002/946 1009/1001/945 119/997/941
f 1009/1001/945 1011/1003/947 1008/1000/944 119/997/941
f 1014/1007/951 1013/1006/950 1012/1005/949 120/1004/948
f 1012/1005/949 1016/1009/953 1015/1008/952 120/1004/948
f 1015/1008/952 1018/1011/955 1017/1010/954 120/1004/948
f 1017/1010/954 1020/1013/957 1019/1012/956 120/1004/948
f 1019/1012/956 1021/1014/958 1014/1007/951 120/1004/948
f 1024/1018/962 1023/1017/961 1022/1016/960 121/1015/959
f 1022/1016/960 636/556/517 1025/1019/963 121/1015/959
f 1027/1021/965 1026/1020/964 1024/1018/962 121/1015/959
f 1025/1019/963 1029/1023/967 1028/1022/966 121/1015/959
f 1028/1022/966 1030/1024/968 1027/1021/965 121/1015/959
f 1033/1028/972 1032/1027/971 1031/1026/970 122/1025/969
f 1031/1026/970 1035/1030/974 1034/1029/973 122/1025/969
f 1037/1032/976 1036/1031/975 1033/1028/972 122/1025/969
f 1034/1029/973 1039/1034/978 1038/1033/977 122/1025/969
f 1038/1033/977 1040/1035/979 1037/1032/976 122/1025/969
f 1043/1039/983 1042/1038/982 1041/1037/981 123/1036/980
f 1045/1041/985 1044/1040/984 1043/1039/983 123/1036/980
f 1041/1037/981 1047/1043/987 1046/1042/986 123/1036/980
f 1049/1045/989 1048/1044/988 1045/1041/985 123/1036/980
f 1046/1042/986 1050/1046/990 1049/1045/989 123/1036/980
f 1053/1050/994 1052/1049/993 1051/1048/992 124/1047/991
f 1051/1054/997 1055/1053/996 1054/1052/995 124/1051/991
f 1028/1022/966 1029/1023/967 1053/1056/994 124/1055/991
f 1056/1057/998 1030/1024/968 1028/1022/966 124/1055/991
f 1054/1059/995 1057/1058/999 1056/1057/998 124/1055/991
f 1058/1063/1003 126/1062/1002 179/1061/1001 125/1060/1000
f 1060/1066/1006 129/1065/1005 1059/1064/1004 125/1060/1000
f 1059/1064/1004 1061/1067/1007 1058/1063/1003 125/1060/1000
f 1064/1070/1010 1063/1069/1009 1062/1068/1008 126/1062/1002
f 1062/1068/1008 1066/1072/1012 1065/1071/1011 126/1062/1002
f 1065/1071/1011 1067/1073/1013 179/1061/1001 126/1062/1002
f 1058/1063/1003 1068/1074/1014 1064/1070/1010 126/1062/1002
f 1069/1076/1016 1063/1069/1009 1064/1070/1010 127/1075/1015
f 1071/1078/1018 1070/1077/1017 1069/1076/1016 127/1075/1015
f 128/1080/1020 1072/1079/1019 1071/1078/1018 127/1075/1015
f 1064/1070/1010 1068/1074/1014 1073/1081/1021 127/1075/1015
f 1073/1081/1021 1074/1082/1022 128/1080/1020 127/1075/1015
f 1074/1082/1022 180/1083/1023 1072/1079/1019 128/1080/1020
f 1077/1086/1026 1076/1085/1025 1075/1084/1024 129/1065/1005
f 1075/1084/1024 1078/1087/1027 1059/1064/1004 129/1065/1005
f 1060/1091/1006 1080/1090/1029 1079/1089/1028 129/1088/1005
f 1079/1089/1028 1081/1093/1030 1077/1092/1026 129/1088/1005
f 1084/1097/1034 1083/1096/1033 1082/1095/1032 130/1094/1031
f 1082/1095/1032 180/1083/1023 182/1098/1035 130/1094/1031
f 1086/1100/1037 1085/1099/1036 1084/1097/1034 130/1094/1031
f 1088/1102/1039 1087/1101/1038 1086/1100/1037 130/1094/1031
f 182/1098/1035 1089/1103/1040 1088/1102/1039 130/1094/1031
f 1092/1107/1044 1091/1106/1043 1090/1105/1042 131/1104/1041
f 1090/1105/1042 1094/1109/1046 1093/1108/1045 131/1104/1041
f 1093/1108/1045 1096/1111/1048 1095/1110/1047 131/1104/1041
f 1095/1115/1047 1098/1114/1050 1097/1113/1049 131/1112/1041
f 1097/1113/1049 1099/1117/1051 1092/1116/1044 131/1112/1041
f 1100/1119/1053 1094/1109/1046 1090/1105/1042 132/1118/1052
f 1102/1121/1055 1101/1120/1054 1100/1119/1053 132/1118/1052
f 1104/1123/1057 1103/1122/1056 1102/1121/1055 132/1118/1052
f 1106/1125/1059 1105/1124/1058 1104/1123/1057 132/1118/1052
f 1090/1105/1042 1091/1106/1043 1106/1125/1059 132/1118/1052
f 1109/1129/1063 1108/1128/1062 1107/1127/1061 133/1126/1060
f 1107/1127/1061 1111/1131/1065 1110/1130/1064 133/1126/1060
f 1110/1130/1064 1113/1133/1067 1112/1132/1066 133/1126/1060
f 1115/1135/1069 1114/1134/1068 1109/1129/1063 133/1126/1060
f 1112/1132/1066 1116/1136/1070 1115/1135/1069 133/1126/1060
f 1117/1138/1072 1116/1136/1070 1112/1132/1066 134/1137/1071
f 1112/1132/1066 1113/1133/1067 1118/1139/1073 134/1137/1071
f 1121/1143/1077 1120/1142/1076 1119/1141/1075 135/1140/1074
f 1123/1145/1079 1122/1144/1078 1121/1143/1077 135/1140/1074
f 1119/1141/1075 1124/1146/1080 1123/1145/1079 135/1140/1074
f 1131/1150/1084 1130/1149/1083 1129/1148/1082 136/1147/1081
f 1129/1148/1082 1133/1152/1086 1132/1151/1085 136/1147/1081
f 1132/1151/1085 1135/1154/1088 1134/1153/1087 136/1147/1081
f 1137/1156/1090 1136/1155/1089 1131/1150/1084 136/1147/1081
f 1134/1153/1087 1138/1157/1091 1137/1156/1090 136/1147/1081
f 1141/1161/1095 1140/1160/1094 1139/1159/1093 137/1158/1092
f 1143/1163/1097 1142/1162/1096 1141/1161/1095 137/1158/1092
f 1145/1165/1099 1144/1164/1098 1143/1163/1097 137/1158/1092
f 1139/1159/1093 1147/1167/1101 1146/1166/1100 137/1158/1092
f 1146/1166/1100 1148/1168/1102 1145/1165/1099 137/1158/1092
f 1151/1172/1106 1150/1171/1105 1149/1170/1104 138/1169/1103
f 139/1174/1108 1152/1173/1107 1151/1172/1106 138/1169/1103
f 1149/1170/1104 1153/1175/1109 139/1174/1108 138/1169/1103
f 1155/1177/1111 1154/1176/1110 1152/1173/1107 139/1174/1108
f 1158/1181/1115 1157/1180/1114 1156/1179/1113 140/1178/1112
f 1156/1179/1113 1021/1014/958 1019/1012/956 140/1178/1112
f 1161/1184/1118 1160/1183/1117 1159/1182/1116 140/1178/1112
f 1019/1012/956 1020/1013/957 1161/1184/1118 140/1178/1112
f 1163/1187/1121 1162/1186/1120 1158/1181/1115 141/1185/1119
f 1158/1181/1115 140/1178/1112 1159/1182/1116 141/1185/1119
f 1166/1190/1124 1165/1189/1123 1164/1188/1122 141/1185/1119
f 1159/1182/1116 1167/1191/1125 1166/1190/1124 141/1185/1119
f 1170/1195/1129 1169/1194/1128 1168/1193/1127 142/1192/1126
f 1168/1199/1127 1172/1198/1131 1171/1197/1130 142/1196/1126
f 1171/1201/1130 1173/1200/1132 1170/1195/1129 142/1192/1126
f 682/608/568 1175/1204/1135 1174/1203/1134 143/1202/1133
f 1176/1205/1136 681/607/567 682/608/568 143/1202/1133
f 1174/1203/1134 1177/1206/1137 1176/1205/1136 143/1202/1133
f 1180/1210/1141 1179/1209/1140 1178/1208/1139 144/1207/1138
f 1178/1208/1139 1182/1212/1143 1181/1211/1142 144/1207/1138
f 1184/1214/1145 1183/1213/1144 1180/1210/1141 144/1207/1138
f 1181/1211/1142 1186/1216/1147 1185/1215/1146 144/1207/1138
f 1185/1215/1146 1187/1217/1148 1184/1214/1145 144/1207/1138
f 1190/1221/1152 1189/1220/1151 1188/1219/1150 145/1218/1149
f 1188/1223/1150 1173/1200/1132 1171/1201/1130 145/1222/1149
f 1171/1197/1130 1172/1198/1131 1190/1221/1152 145/1218/1149
f 1193/1227/1156 1192/1226/1155 1191/1225/1154 146/1224/1153
f 1191/1225/1154 1195/1229/1158 1194/1228/1157 146/1224/1153
f 1198/1232/1161 1197/1231/1160 1196/1230/1159 146/1224/1153
f 1196/1230/1159 1199/1233/1162 1193/1227/1156 146/1224/1153
f 1194/1228/1157 992/982/926 1198/1232/1161 146/1224/1153
f 1201/1236/1165 1186/1216/1147 1200/1235/1164 147/1234/1163
f 1200/1235/1164 1202/1237/1166 1192/1226/1155 147/1234/1163
f 1204/1239/1168 1203/1238/1167 1201/1236/1165 147/1234/1163
f 1207/1243/1172 1206/1242/1171 1205/1241/1170 148/1240/1169
f 1205/1241/1170 1209/1245/1174 1208/1244/1173 148/1240/1169
f 1208/1244/1173 829/781/738 1210/1246/1175 148/1240/1169
f 1210/1246/1175 1165/1189/1123 1211/1247/1176 148/1240/1169
f 1211/1247/1176 1212/1248/1177 1207/1243/1172 148/1240/1169
f 1215/1252/1181 1214/1251/1180 1213/1250/1179 149/1249/1178
f 1213/1250/1179 1217/1254/1183 1216/1253/1182 149/1249/1178
f 1216/1253/1182 1218/1255/1184 1215/1252/1181 149/1249/1178
f 1220/1259/1187 1218/1258/1184 1219/1257/1186 150/1256/1185
f 1219/1257/1186 1222/1261/1189 1221/1260/1188 150/1256/1185
f 1221/1260/1188 1223/1262/1190 1220/1259/1187 150/1256/1185
f 1225/1265/1193 687/615/575 1224/1264/1192 151/1263/1191
f 1227/1267/1195 1226/1266/1194 1225/1265/1193 151/1263/1191
f 1229/1269/1197 1228/1268/1196 1227/1267/1195 151/1263/1191
f 1232/1273/1201 1231/1272/1200 1230/1271/1199 152/1270/1198
f 1230/1271/1199 1234/1275/1203 1233/1274/1202 152/1270/1198
f 1233/1274/1202 280/119/113 1232/1273/1201 152/1270/1198
f 1237/1279/1207 1236/1278/1206 1235/1277/1205 153/1276/1204
f 1239/1281/1209 1238/1280/1208 1237/1279/1207 153/1276/1204
f 1235/1277/1205 1241/1283/1211 1240/1282/1210 153/1276/1204
f 1244/1287/1215 1243/1286/1214 1242/1285/1213 154/1284/1212
f 1242/1285/1213 1246/1289/1217 1245/1288/1216 154/1284/1212
f 1245/1288/1216 1247/1290/1218 1244/1287/1215 154/1284/1212
f 1249/1293/1221 441/309/297 1248/1292/1220 155/1291/1219
f 1251/1295/1223 1250/1294/1222 1249/1293/1221 155/1291/1219
f 1248/1292/1220 453/326/311 1251/1295/1223 155/1291/1219
f 1254/1299/1227 1253/1298/1226 1252/1297/1225 156/1296/1224
f 1252/1297/1225 1255/1300/1228 263/100/94 156/1296/1224
f 1258/1303/1231 1257/1302/1230 1256/1301/1229 156/1296/1224
f 1256/1301/1229 1259/1304/1232 1254/1299/1227 156/1296/1224
f 263/100/94 258/95/89 1258/1303/1231 156/1296/1224
f 499/386/358 490/387/349 1260/1306/1234 157/1305/1233
f 1260/1306/1234 1262/1308/1236 1261/1307/1235 157/1305/1233
f 1261/1312/1235 1264/1311/1238 1263/1310/1237 157/1309/1233
f 1263/1310/1237 1266/1314/1240 1265/1313/1239 157/1309/1233
f 1265/1313/1239 1267/1316/1241 499/1315/358 157/1309/1233
f 507/1318/368 1268/1317/1242 508/400/369 158/401/367
f 1269/1320/1244 507/399/368 505/396/365 159/1319/1243
f 505/396/365 506/397/366 1270/1321/1245 159/1319/1243
f 1272/1325/1247 1271/1324/1246 1269/1323/1244 159/1322/1243
f 1274/1327/1249 1273/1326/1248 1272/1325/1247 159/1322/1243
f 1270/1321/1245 1275/1329/1250 1274/1328/1249 159/1319/1243
f 1278/1333/1254 1277/1332/1253 1276/1331/1252 160/1330/1251
f 1280/1335/1256 1279/1334/1255 1278/1333/1254 160/1330/1251
f 1276/1331/1252 1282/1337/1258 1281/1336/1257 160/1330/1251
f 1284/1339/1260 1283/1338/1259 1280/1335/1256 160/1330/1251
f 1281/1336/1257 1285/1340/1261 1284/1339/1260 160/1330/1251
f 514/408/376 515/409/377 910/877/832 104/874/829
f 1288/1344/1265 1287/1343/1264 1286/1342/1263 161/1341/1262
f 1286/1342/1263 1290/1346/1267 1289/1345/1266 161/1341/1262
f 269/107/101 270/108/102 1291/1347/1268 161/1341/1262
f 1291/1347/1268 1292/1348/1269 1288/1344/1265 161/1341/1262
f 1289/1345/1266 1293/1349/1270 269/107/101 161/1341/1262
f 557/457/424 559/459/426 1294/1351/1272 162/1350/1271
f 1294/1351/1272 1296/1353/1274 1295/1352/1273 162/1350/1271
f 1295/1352/1273 556/456/423 557/457/424 162/1350/1271
f 571/477/441 1298/1355/1276 1297/1354/1275 163/476/440
f 1301/1358/1279 1300/1357/1278 1299/1356/1277 163/476/440
f 1297/1354/1275 1302/1359/1280 1301/1358/1279 163/476/440
f 1299/1356/1277 1303/1360/1281 570/475/439 163/476/440
f 1306/1364/1285 1305/1363/1284 1304/1362/1283 164/1361/1282
f 1304/1362/1283 1308/1366/1287 1307/1365/1286 164/1361/1282
f 1310/1368/1289 1309/1367/1288 1306/1364/1285 164/1361/1282
f 1307/1365/1286 1312/1370/1291 1311/1369/1290 164/1361/1282
f 1311/1369/1290 1313/1371/1292 1310/1368/1289 164/1361/1282
f 619/531/495 649/572/532 650/573/533 165/533/497
f 650/573/533 1315/1373/1294 1314/1372/1293 165/533/497
f 1314/1372/1293 582/489/453 1316/1374/1295 165/533/497
f 1316/1374/1295 1317/1375/1296 614/526/490 165/533/497
f 633/554/513 1319/1377/1298 1318/1376/1297 166/553/515
f 1318/1376/1297 1035/1030/974 1320/1378/1299 166/553/515
f 1320/1378/1299 1321/1379/1300 638/559/519 166/553/515
f 1324/1383/1304 1323/1382/1303 1322/1381/1302 167/1380/1301
f 1326/1385/1306 1325/1384/1305 1324/1383/1304 167/1380/1301
f 1322/1381/1302 1327/1386/1307 1326/1385/1306 167/1380/1301
f 1330/1390/1311 1329/1389/1310 1328/1388/1309 168/1387/1308
f 1328/1388/1309 1332/1392/1313 1331/1391/1312 168/1387/1308
f 1331/1391/1312 1333/1393/1314 1330/1390/1311 168/1387/1308
f 1336/1397/1318 1335/1396/1317 1334/1395/1316 169/1394/1315
f 1334/1395/1316 1338/1399/1320 1337/1398/1319 169/1394/1315
f 1340/1401/1322 1339/1400/1321 1336/1397/1318 169/1394/1315
f 1342/1403/1324 1341/1402/1323 1340/1401/1322 169/1394/1315
f 1337/1398/1319 1343/1404/1325 1342/1403/1324 169/1394/1315
f 1346/1408/1329 1345/1407/1328 1344/1406/1327 170/1405/1326
f 1344/1406/1327 1348/1410/1331 1347/1409/1330 170/1405/1326
f 1347/1409/1330 1349/1411/1332 1346/1408/1329 170/1405/1326
f 361/214/205 1351/1414/1335 1350/1413/1334 171/1412/1333
f 1350/1413/1334 1353/1416/1337 1352/1415/1336 171/1412/1333
f 1354/1417/1338 356/209/200 361/214/205 171/1412/1333
f 1356/1419/1340 1355/1418/1339 1354/1417/1338 171/1412/1333
f 1352/1415/1336 1357/1420/1341 1356/1419/1340 171/1412/1333
f 1360/1424/1345 1359/1423/1344 1358/1422/1343 172/1421/1342
f 1358/1422/1343 173/1426/1347 1361/1425/1346 172/1421/1342
f 1361/1425/1346 930/905/855 1362/1427/1348 172/1421/1342
f 1364/1429/1350 1363/1428/1349 1360/1424/1345 172/1421/1342
f 1362/1427/1348 1365/1430/1351 1364/1429/1350 172/1421/1342
f 1358/1422/1343 1367/1432/1353 1366/1431/1352 173/1426/1347
f 1366/1431/1352 1368/1433/1354 1361/1425/1346 173/1426/1347
f 1371/1437/1358 1370/1436/1357 1369/1435/1356 174/1434/1355
f 1373/1439/1360 1372/1438/1359 1371/1437/1358 174/1434/1355
f 1369/1435/1356 1375/1441/1362 1374/1440/1361 174/1434/1355
f 1377/1443/1364 1376/1442/1363 1373/1439/1360 174/1434/1355
f 1374/1440/1361 1378/1444/1365 1377/1443/1364 174/1434/1355
f 1381/1448/1369 1380/1447/1368 1379/1446/1367 175/1445/1366
f 1379/1446/1367 975/956/906 972/953/903 175/1445/1366
f 1383/1450/1371 1382/1449/1370 1381/1448/1369 175/1445/1366
f 1385/1452/1373 1384/1451/1372 1383/1450/1371 175/1445/1366
f 972/953/903 973/954/904 1385/1452/1373 175/1445/1366
f 1388/1456/1377 1387/1455/1376 1386/1454/1375 176/1453/1374
f 1001/992/936 1002/993/937 1388/1456/1377 176/1453/1374
f 1386/1454/1375 1005/996/940 1001/992/936 176/1453/1374
f 1390/1459/1380 1007/999/943 1389/1458/1379 177/1457/1378
f 1389/1458/1379 1392/1461/1382 1391/1460/1381 177/1457/1378
f 1395/1464/1385 1394/1463/1384 1393/1462/1383 177/1457/1378
f 1393/1462/1383 1396/1465/1386 1390/1459/1380 177/1457/1378
f 1391/1460/1381 1397/1466/1387 1395/1464/1385 177/1457/1378
f 1400/1470/1391 1399/1469/1390 1398/1468/1389 178/1467/1388
f 1027/1021/965 1030/1024/968 1400/1470/1391 178/1467/1388
f 1398/1468/1389 1026/1020/964 1027/1021/965 178/1467/1388
f 1067/1073/1013 1401/1471/1392 125/1060/1000 179/1061/1001
f 1402/1472/1393 1089/1103/1040 182/1098/1035 180/1083/1023
f 1074/1082/1022 1403/1473/1394 1402/1472/1393 180/1083/1023
f 1082/1095/1032 1404/1474/1395 1072/1079/1019 180/1083/1023
f 1407/1477/1398 1406/1476/1397 1405/1475/1396 181/743/700
f 795/740/697 1409/1479/1400 1408/1478/1399 181/743/700
f 1408/1478/1399 1410/1480/1401 1407/1477/1398 181/743/700
f 1155/1177/1111 139/1174/1108 1153/1175/1109 183/1481/1402
f 1412/1483/1404 1411/1482/1403 1155/1177/1111 183/1481/1402
f 1153/1175/1109 1105/1124/1058 1412/1483/1404 183/1481/1402
f 1414/1485/1406 1413/1484/1405 1411/1482/1403 1412/1483/1404
f 1105/1124/1058 1106/1125/1059 1414/1485/1406 1412/1483/1404
f 1416/1487/1408 1415/1486/1407 1413/1484/1405 1414/1485/1406
f 1106/1125/1059 1091/1106/1043 1416/1487/1408 1414/1485/1406
f 1418/1489/1410 1417/1488/1409 1415/1486/1407 1416/1487/1408
f 1091/1106/1043 1092/1107/1044 1418/1489/1410 1416/1487/1408
f 1420/1493/1412 1419/1492/1411 1417/1491/1409 1418/1490/1410
f 1092/1116/1044 1099/1117/1051 1420/1493/1412 1418/1490/1410
f 1421/1494/1413 1147/1167/1101 1419/1492/1411 1420/1493/1412
f 1099/1117/1051 1422/1495/1414 1421/1494/1413 1420/1493/1412
f 1424/1497/1416 1423/1496/1415 1421/1494/1413 1422/1495/1414
f 1426/1499/1418 1425/1498/1417 1424/1497/1416 1422/1495/1414
f 1099/1117/1051 1097/1113/1049 1426/1499/1418 1422/1495/1414
f 1097/1113/1049 1098/1114/1050 1427/1500/1419 1426/1499/1418
f 1427/1500/1419 1428/1501/1420 1425/1498/1417 1426/1499/1418
f 1427/1500/1419 1081/1093/1030 1079/1089/1028 1428/1501/1420
f 1429/1502/1421 1108/1128/1062 1425/1498/1417 1428/1501/1420
f 1079/1089/1028 1080/1090/1029 1429/1502/1421 1428/1501/1420
f 1430/1503/1422 1107/1127/1061 1108/1128/1062 1429/1502/1421
f 1080/1090/1029 1431/1504/1423 1430/1503/1422 1429/1502/1421
f 1080/1090/1029 1060/1091/1006 1432/1505/1424 1431/1504/1423
f 1434/1507/1426 1433/1506/1425 1430/1503/1422 1431/1504/1423
f 1432/1505/1424 1435/1508/1427 1434/1507/1426 1431/1504/1423
f 1437/1510/1429 1436/1509/1428 1434/1507/1426 1435/1508/1427
f 1439/1514/1431 1438/1513/1430 1437/1512/1429 1435/1511/1427
f 1432/1515/1424 1401/1471/1392 1439/1514/1431 1435/1511/1427
f 1441/1517/1433 1440/1516/1432 1438/1513/1430 1439/1514/1431
f 1401/1471/1392 1067/1073/1013 1441/1517/1433 1439/1514/1431
f 1443/1519/1435 1442/1518/1434 1440/1516/1432 1441/1517/1433
f 1067/1073/1013 1065/1071/1011 1443/1519/1435 1441/1517/1433
f 1445/1521/1437 1444/1520/1436 1442/1518/1434 1443/1519/1435
f 1065/1071/1011 1066/1072/1012 1445/1521/1437 1443/1519/1435
f 1447/1523/1439 1446/1522/1438 1444/1520/1436 1445/1521/1437
f 1066/1072/1012 1448/1524/1440 1447/1523/1439 1445/1521/1437
f 1066/1072/1012 1062/1068/1008 1449/1525/1441 1448/1524/1440
f 1451/1527/1443 1450/1526/1442 1447/1523/1439 1448/1524/1440
f 1449/1525/1441 1452/1528/1444 1451/1527/1443 1448/1524/1440
f 1449/1525/1441 1454/1530/1446 1453/1529/1445 1452/1528/1444
f 1456/1534/1448 1455/1533/1447 1451/1532/1443 1452/1531/1444
f 1453/1529/1445 1457/1536/1449 1456/1535/1448 1452/1528/1444
f 1453/1529/1445 1459/1538/1451 1458/1537/1450 1457/1536/1449
f 1461/1541/1453 1460/1540/1452 1456/1534/1448 1457/1539/1449
f 1458/1543/1450 1462/1542/1454 1461/1541/1453 1457/1539/1449
f 1458/1545/1450 1053/1056/994 1029/1023/967 1462/1544/1454
f 1464/1547/1456 1463/1546/1455 1461/1541/1453 1462/1542/1454
f 1029/1023/967 1025/1019/963 1464/1548/1456 1462/1544/1454
f 637/558/518 638/559/519 1463/1546/1455 1464/1547/1456
f 1025/1019/963 636/556/517 637/557/518 1464/1548/1456
f 1465/1549/1457 1460/1540/1452 1461/1541/1453 1463/1546/1455
f 638/559/519 1321/1379/1300 1465/1549/1457 1463/1546/1455
f 1042/1038/982 1466/1550/1458 1460/1540/1452 1465/1549/1457
f 1321/1379/1300 1041/1037/981 1042/1038/982 1465/1549/1457
f 1455/1533/1447 1456/1534/1448 1460/1540/1452 1466/1550/1458
f 1468/1552/1460 1467/1551/1459 1455/1533/1447 1466/1550/1458
f 1042/1038/982 1043/1039/983 1468/1552/1460 1466/1550/1458
f 1470/1554/1462 1469/1553/1461 1467/1551/1459 1468/1552/1460
f 1043/1039/983 1044/1040/984 1470/1554/1462 1468/1552/1460
f 1471/1555/1463 1057/1058/999 1469/1553/1461 1470/1554/1462
f 1044/1040/984 1472/1556/1464 1471/1555/1463 1470/1554/1462
f 1474/1558/1466 1473/1557/1465 1471/1555/1463 1472/1556/1464
f 1476/1560/1468 1475/1559/1467 1474/1558/1466 1472/1556/1464
f 1044/1040/984 1045/1041/985 1476/1560/1468 1472/1556/1464
f 1478/1562/1470 1477/1561/1469 1475/1559/1467 1476/1560/1468
f 1045/1041/985 1048/1044/988 1478/1562/1470 1476/1560/1468
f 1480/1564/1472 1479/1563/1471 1477/1561/1469 1478/1562/1470
f 1048/1044/988 1481/1565/1473 1480/1564/1472 1478/1562/1470
f 1483/1567/1475 1482/1566/1474 1480/1564/1472 1481/1565/1473
f 1485/1569/1477 1484/1568/1476 1483/1567/1475 1481/1565/1473
f 1048/1044/988 1049/1045/989 1485/1569/1477 1481/1565/1473
f 1487/1571/1479 1486/1570/1478 1484/1568/1476 1485/1569/1477
f 1049/1045/989 1050/1046/990 1487/1571/1479 1485/1569/1477
f 1488/1572/1480 1018/1011/955 1486/1570/1478 1487/1571/1479
f 1050/1046/990 1489/1573/1481 1488/1572/1480 1487/1571/1479
f 1050/1046/990 1046/1042/986 1032/1027/971 1489/1573/1481
f 1491/1575/1483 1490/1574/1482 1488/1572/1480 1489/1573/1481
f 1032/1027/971 1033/1028/972 1491/1575/1483 1489/1573/1481
f 1493/1577/1485 1492/1576/1484 1490/1574/1482 1491/1575/1483
f 1033/1028/972 1036/1031/975 1493/1577/1485 1491/1575/1483
f 1100/1119/1053 1101/1120/1054 1492/1576/1484 1493/1577/1485
f 1036/1031/975 1094/1109/1046 1100/1119/1053 1493/1577/1485
f 1020/1013/957 1017/1010/954 1490/1574/1482 1492/1576/1484
f 1101/1120/1054 1161/1184/1118 1020/1013/957 1492/1576/1484
f 1017/1010/954 1018/1011/955 1488/1572/1480 1490/1574/1482
f 1495/1579/1487 1494/1578/1486 1484/1568/1476 1486/1570/1478
f 1018/1011/955 1015/1008/952 1495/1579/1487 1486/1570/1478
f 1497/1581/1489 1496/1580/1488 1494/1578/1486 1495/1579/1487
f 1015/1008/952 1016/1009/953 1497/1581/1489 1495/1579/1487
f 1499/1583/1491 1498/1582/1490 1496/1580/1488 1497/1581/1489
f 1016/1009/953 1500/1584/1492 1499/1583/1491 1497/1581/1489
f 1502/1586/1494 1501/1585/1493 1499/1583/1491 1500/1584/1492
f 1504/1588/1496 1503/1587/1495 1502/1586/1494 1500/1584/1492
f 1016/1009/953 1012/1005/949 1504/1588/1496 1500/1584/1492
f 1506/1590/1498 1505/1589/1497 1503/1587/1495 1504/1588/1496
f 1012/1005/949 1013/1006/950 1506/1590/1498 1504/1588/1496
f 615/527/491 616/528/492 1505/1589/1497 1506/1590/1498
f 1013/1006/950 618/530/494 615/527/491 1506/1590/1498
f 1508/1592/1500 1507/1591/1499 1503/1587/1495 1505/1589/1497
f 616/528/492 1509/1593/1501 1508/1592/1500 1505/1589/1497
f 627/541/505 628/542/506 1508/1592/1500 1509/1593/1501
f 1510/1594/1502 626/540/504 627/541/505 1509/1593/1501
f 616/528/492 612/524/488 1510/1594/1502 1509/1593/1501
f 1512/1596/1504 1511/1595/1503 626/540/504 1510/1594/1502
f 612/524/488 613/525/489 1512/1596/1504 1510/1594/1502
f 1514/1598/1506 1513/1597/1505 1511/1595/1503 1512/1596/1504
f 613/525/489 1515/1599/1507 1514/1598/1506 1512/1596/1504
f 1517/1601/1509 1516/1600/1508 1514/1598/1506 1515/1599/1507
f 1317/1375/1296 1518/1602/1510 1517/1601/1509 1515/1599/1507
f 613/525/489 614/526/490 1317/1375/1296 1515/1599/1507
f 1520/1604/1512 1519/1603/1511 1517/1601/1509 1518/1602/1510
f 1522/1606/1514 1521/1605/1513 1520/1604/1512 1518/1602/1510
f 1317/1375/1296 1316/1374/1295 1522/1606/1514 1518/1602/1510
f 583/490/454 1523/1607/1515 1521/1605/1513 1522/1606/1514
f 1316/1374/1295 582/489/453 583/490/454 1522/1606/1514
f 1525/1609/1517 1524/1608/1516 1521/1605/1513 1523/1607/1515
f 1527/1611/1519 1526/1610/1518 1525/1609/1517 1523/1607/1515
f 583/490/454 584/491/455 1527/1611/1519 1523/1607/1515
f 1528/1612/1520 572/478/442 1526/1610/1518 1527/1611/1519
f 584/491/455 585/492/456 1528/1612/1520 1527/1611/1519
f 585/492/456 1529/1613/1521 1298/1355/1276 1528/1612/1520
f 1298/1355/1276 571/477/441 572/478/442 1528/1612/1520
f 1532/1616/1524 1531/1615/1523 1530/1614/1522 1529/1613/1521
f 585/492/456 579/486/450 1532/1616/1524 1529/1613/1521
f 1530/1614/1522 1297/1354/1275 1298/1355/1276 1529/1613/1521
f 1534/1618/1526 1533/1617/1525 1531/1615/1523 1532/1616/1524
f 579/486/450 580/487/451 1534/1618/1526 1532/1616/1524
f 1536/1620/1528 1535/1619/1527 1533/1617/1525 1534/1618/1526
f 580/487/451 1537/1621/1529 1536/1620/1528 1534/1618/1526
f 343/194/185 1538/1622/1530 1536/1620/1528 1537/1621/1529
f 1539/1623/1531 342/193/184 343/194/185 1537/1621/1529
f 580/487/451 581/488/452 1539/1623/1531 1537/1621/1529
f 1540/1624/1532 345/196/187 342/193/184 1539/1623/1531
f 581/488/452 1541/1625/1533 1540/1624/1532 1539/1623/1531
f 1543/1627/1535 1542/1626/1534 345/196/187 1540/1624/1532
f 1541/1625/1533 1544/1628/1536 1543/1627/1535 1540/1624/1532
f 639/561/521 640/562/522 1543/1627/1535 1544/1628/1536
f 1545/1629/1537 643/565/525 639/561/521 1544/1628/1536
f 1541/1625/1533 1546/1630/1538 1545/1629/1537 1544/1628/1536
f 1315/1373/1294 1547/1631/1539 643/565/525 1545/1629/1537
f 1546/1630/1538 1314/1372/1293 1315/1373/1294 1545/1629/1537
f 1548/1632/1540 642/564/524 643/565/525 1547/1631/1539
f 645/568/528 646/569/529 1548/1632/1540 1547/1631/1539
f 1315/1373/1294 650/573/533 645/568/528 1547/1631/1539
f 1549/1633/1541 644/566/526 642/564/524 1548/1632/1540
f 646/569/529 651/575/535 1549/1633/1541 1548/1632/1540
f 657/582/542 658/583/543 644/566/526 1549/1633/1541
f 651/575/535 653/577/537 657/582/542 1549/1633/1541
f 640/562/522 1550/1634/1542 1542/1626/1534 1543/1627/1535
f 640/562/522 641/563/523 1551/1635/1543 1550/1634/1542
f 1553/1637/1545 1552/1636/1544 1542/1626/1534 1550/1634/1542
f 1551/1635/1543 1554/1638/1546 1553/1637/1545 1550/1634/1542
f 1551/1635/1543 658/583/543 654/579/539 1554/1638/1546
f 1556/1640/1548 1555/1639/1547 1553/1637/1545 1554/1638/1546
f 654/579/539 655/580/540 1556/1640/1548 1554/1638/1546
f 667/593/553 1557/1641/1549 1555/1639/1547 1556/1640/1548
f 655/580/540 666/592/552 667/593/553 1556/1640/1548
f 1559/1643/1551 1558/1642/1550 1555/1639/1547 1557/1641/1549
f 1561/1645/1553 1560/1644/1552 1559/1643/1551 1557/1641/1549
f 667/593/553 663/589/549 1561/1645/1553 1557/1641/1549
f 1563/1647/1555 1562/1646/1554 1560/1644/1552 1561/1645/1553
f 663/589/549 664/590/550 1563/1647/1555 1561/1645/1553
f 1565/1649/1557 1564/1648/1556 1562/1646/1554 1563/1647/1555
f 664/590/550 1566/1650/1558 1565/1649/1557 1563/1647/1555
f 664/590/550 665/591/551 1567/1651/1559 1566/1650/1558
f 1569/1653/1561 1568/1652/1560 1565/1649/1557 1566/1650/1558
f 1567/1651/1559 1570/1654/1562 1569/1653/1561 1566/1650/1558
f 1567/1651/1559 1572/1656/1564 1571/1655/1563 1570/1654/1562
f 1574/1658/1566 1573/1657/1565 1569/1653/1561 1570/1654/1562
f 1571/1655/1563 1575/1659/1567 1574/1658/1566 1570/1654/1562
f 1162/1186/1120 1576/1660/1568 1574/1658/1566 1575/1659/1567
f 1157/1180/1114 1158/1181/1115 1162/1186/1120 1575/1659/1567
f 1571/1655/1563 1577/1661/1569 1157/1180/1114 1575/1659/1567
f 1571/1655/1563 1572/1656/1564 659/584/544 1577/1661/1569
f 1578/1662/1570 1156/1179/1113 1157/1180/1114 1577/1661/1569
f 659/584/544 660/585/545 1578/1662/1570 1577/1661/1569
f 1579/1663/1571 1021/1014/958 1156/1179/1113 1578/1662/1570
f 660/585/545 662/587/547 1579/1663/1571 1578/1662/1570
f 1580/1664/1572 1014/1007/951 1021/1014/958 1579/1663/1571
f 662/587/547 1581/1665/1573 1580/1664/1572 1579/1663/1571
f 662/587/547 661/586/546 1582/1666/1574 1581/1665/1573
f 617/529/493 618/530/494 1580/1664/1572 1581/1665/1573
f 1582/1666/1574 620/532/496 617/529/493 1581/1665/1573
f 661/586/546 653/577/537 652/576/536 1582/1666/1574
f 652/576/536 648/571/531 620/532/496 1582/1666/1574
f 618/530/494 1013/1006/950 1014/1007/951 1580/1664/1572
f 1583/1667/1575 1573/1657/1565 1574/1658/1566 1576/1660/1568
f 1584/1668/1576 834/787/744 1583/1667/1575 1576/1660/1568
f 1162/1186/1120 1163/1187/1121 1584/1668/1576 1576/1660/1568
f 1585/1669/1577 833/786/743 834/787/744 1584/1668/1576
f 1163/1187/1121 1586/1670/1578 1585/1669/1577 1584/1668/1576
f 1588/1672/1580 1587/1671/1579 1585/1669/1577 1586/1670/1578
f 1164/1188/1122 1589/1673/1581 1588/1672/1580 1586/1670/1578
f 1163/1187/1121 141/1185/1119 1164/1188/1122 1586/1670/1578
f 826/778/735 827/779/736 1588/1672/1580 1589/1673/1581
f 1210/1246/1175 829/781/738 826/778/735 1589/1673/1581
f 1164/1188/1122 1165/1189/1123 1210/1246/1175 1589/1673/1581
f 827/779/736 1590/1674/1582 1587/1671/1579 1588/1672/1580
f 1591/1675/1583 832/785/742 1587/1671/1579 1590/1674/1582
f 816/767/724 817/768/725 1591/1675/1583 1590/1674/1582
f 827/779/736 824/776/733 816/767/724 1590/1674/1582
f 1592/1676/1584 831/784/741 832/785/742 1591/1675/1583
f 817/768/725 820/771/728 1592/1676/1584 1591/1675/1583
f 1593/1677/1585 836/789/746 831/784/741 1592/1676/1584
f 820/771/728 1594/1678/1586 1593/1677/1585 1592/1676/1584
f 1596/1680/1588 1595/1679/1587 1593/1677/1585 1594/1678/1586
f 1598/1682/1590 1597/1681/1589 1596/1680/1588 1594/1678/1586
f 820/771/728 818/769/726 1598/1682/1590 1594/1678/1586
f 1600/1684/1592 1599/1683/1591 1597/1681/1589 1598/1682/1590
f 818/769/726 819/770/727 1600/1684/1592 1598/1682/1590
f 1601/1685/1593 1351/1414/1335 1599/1683/1591 1600/1684/1592
f 819/770/727 1602/1686/1594 1601/1685/1593 1600/1684/1592
f 1604/1688/1596 1603/1687/1595 1601/1685/1593 1602/1686/1594
f 825/777/734 821/773/730 1604/1688/1596 1602/1686/1594
f 819/770/727 815/766/723 825/777/734 1602/1686/1594
f 1606/1690/1598 1605/1689/1597 1603/1687/1595 1604/1688/1596
f 821/773/730 822/774/731 1606/1690/1598 1604/1688/1596
f 1608/1692/1600 1607/1691/1599 1605/1689/1597 1606/1690/1598
f 822/774/731 1609/1693/1601 1608/1692/1600 1606/1690/1598
f 1610/1694/1602 803/752/709 1608/1692/1600 1609/1693/1601
f 1612/1696/1604 1611/1695/1603 1610/1694/1602 1609/1693/1601
f 822/774/731 823/775/732 1612/1696/1604 1609/1693/1601
f 1614/1698/1606 1613/1697/1605 1611/1695/1603 1612/1696/1604
f 823/775/732 830/782/739 1614/1698/1606 1612/1696/1604
f 830/782/739 841/796/752 842/797/753 1614/1698/1606
f 842/797/753 845/800/756 1613/1697/1605 1614/1698/1606
f 1616/1700/1608 1615/1699/1607 1611/1695/1603 1613/1697/1605
f 845/800/756 1617/1701/1609 1616/1700/1608 1613/1697/1605
f 845/800/756 837/801/748 1618/1702/1610 1617/1701/1609
f 1620/1704/1612 1619/1703/1611 1616/1700/1608 1617/1701/1609
f 1618/1702/1610 1621/1705/1613 1620/1704/1612 1617/1701/1609
f 1618/1709/1610 1623/1708/1615 1622/1707/1614 1621/1706/1613
f 1625/1711/1617 1624/1710/1616 1620/1704/1612 1621/1705/1613
f 1622/1707/1614 1626/1713/1618 1625/1712/1617 1621/1706/1613
f 1622/1707/1614 814/764/721 1627/1714/1619 1626/1713/1618
f 1629/1716/1621 1628/1715/1620 1625/1712/1617 1626/1713/1618
f 1627/1714/1619 1630/1717/1622 1629/1716/1621 1626/1713/1618
f 1627/1714/1619 1632/1719/1624 1631/1718/1623 1630/1717/1622
f 1634/1721/1626 1633/1720/1625 1629/1716/1621 1630/1717/1622
f 1631/1718/1623 1635/1722/1627 1634/1721/1626 1630/1717/1622
f 1631/1718/1623 1637/1724/1629 1636/1723/1628 1635/1722/1627
f 1639/1726/1631 1638/1725/1630 1634/1721/1626 1635/1722/1627
f 1636/1723/1628 1640/1727/1632 1639/1726/1631 1635/1722/1627
f 1636/1723/1628 725/658/618 726/659/619 1640/1727/1632
f 952/1729/880 1641/1728/1633 1639/1726/1631 1640/1727/1632
f 726/665/619 731/666/624 952/930/880 1640/1730/1632
f 1642/1731/1634 1638/1725/1630 1639/1726/1631 1641/1728/1633
f 1644/1733/1636 1643/1732/1635 1642/1731/1634 1641/1728/1633
f 952/1729/880 953/1734/881 1644/1733/1636 1641/1728/1633
f 1645/1736/1637 1133/1735/1086 1643/1732/1635 1644/1733/1636
f 953/1734/881 954/1737/882 1645/1736/1637 1644/1733/1636
f 1646/1739/1638 1132/1151/1085 1133/1152/1086 1645/1738/1637
f 954/1741/882 1647/1740/1639 1646/1739/1638 1645/1738/1637
f 954/1741/882 950/965/878 977/959/909 1647/1740/1639
f 1649/1743/1641 1648/1742/1640 1646/1739/1638 1647/1740/1639
f 977/959/909 978/960/910 1649/1743/1641 1647/1740/1639
f 1651/1745/1643 1650/1744/1642 1648/1742/1640 1649/1743/1641
f 978/960/910 1652/1746/1644 1651/1745/1643 1649/1743/1641
f 978/960/910 979/961/911 995/985/929 1652/1746/1644
f 1654/1748/1646 1653/1747/1645 1651/1745/1643 1652/1746/1644
f 995/985/929 991/981/925 1654/1748/1646 1652/1746/1644
f 1194/1228/1157 1195/1229/1158 1653/1747/1645 1654/1748/1646
f 991/981/925 992/982/926 1194/1228/1157 1654/1748/1646
f 1655/1749/1647 1650/1744/1642 1651/1745/1643 1653/1747/1645
f 1195/1229/1158 1656/1750/1648 1655/1749/1647 1653/1747/1645
f 1141/1161/1095 1142/1162/1096 1655/1749/1647 1656/1750/1648
f 1657/1751/1649 1140/1160/1094 1141/1161/1095 1656/1750/1648
f 1195/1229/1158 1191/1225/1154 1657/1751/1649 1656/1750/1648
f 1202/1237/1166 1658/1752/1650 1140/1160/1094 1657/1751/1649
f 1191/1225/1154 1192/1226/1155 1202/1237/1166 1657/1751/1649
f 1661/1755/1653 1660/1754/1652 1659/1753/1651 1658/1752/1650
f 1202/1237/1166 1200/1235/1164 1661/1755/1653 1658/1752/1650
f 1659/1753/1651 1139/1159/1093 1140/1160/1094 1658/1752/1650
f 1181/1211/1142 1182/1212/1143 1660/1754/1652 1661/1755/1653
f 1200/1235/1164 1186/1216/1147 1181/1211/1142 1661/1755/1653
f 1417/1491/1409 1419/1492/1411 1659/1753/1651 1660/1754/1652
f 1182/1757/1143 1415/1486/1407 1417/1488/1409 1660/1756/1652
f 1419/1492/1411 1147/1167/1101 1139/1159/1093 1659/1753/1651
f 1142/1162/1096 1662/1758/1654 1650/1744/1642 1655/1749/1647
f 1142/1162/1096 1143/1163/1097 1663/1759/1655 1662/1758/1654
f 1135/1154/1088 1648/1742/1640 1650/1744/1642 1662/1758/1654
f 1663/1759/1655 1134/1153/1087 1135/1154/1088 1662/1758/1654
f 1143/1163/1097 1144/1164/1098 1664/1760/1656 1663/1759/1655
f 1664/1760/1656 1138/1157/1091 1134/1153/1087 1663/1759/1655
f 1666/1762/1658 1665/1761/1657 1138/1157/1091 1664/1760/1656
f 1144/1164/1098 1667/1763/1659 1666/1762/1658 1664/1760/1656
f 1144/1164/1098 1145/1165/1099 1668/1764/1660 1667/1763/1659
f 1670/1766/1662 1669/1765/1661 1666/1762/1658 1667/1763/1659
f 1668/1764/1660 1671/1767/1663 1670/1766/1662 1667/1763/1659
f 1668/1764/1660 1673/1769/1665 1672/1768/1664 1671/1767/1663
f 1675/1771/1667 1674/1770/1666 1670/1766/1662 1671/1767/1663
f 1672/1768/1664 1676/1772/1668 1675/1771/1667 1671/1767/1663
f 1672/1768/1664 1116/1136/1070 1117/1138/1072 1676/1772/1668
f 1678/1774/1670 1677/1773/1669 1675/1771/1667 1676/1772/1668
f 1117/1138/1072 1679/1775/1671 1678/1774/1670 1676/1772/1668
f 1117/1138/1072 134/1137/1071 1118/1139/1073 1679/1775/1671
f 1681/1777/1673 1680/1776/1672 1678/1774/1670 1679/1775/1671
f 1118/1139/1073 1682/1778/1674 1681/1777/1673 1679/1775/1671
f 1118/1139/1073 1113/1133/1067 1683/1779/1675 1682/1778/1674
f 1685/1781/1677 1684/1780/1676 1681/1777/1673 1682/1778/1674
f 1683/1779/1675 1686/1782/1678 1685/1781/1677 1682/1778/1674
f 1683/1779/1675 1688/1784/1680 1687/1783/1679 1686/1782/1678
f 1126/1786/1682 1127/1785/1681 1685/1781/1677 1686/1782/1678
f 1687/1783/1679 1689/1787/1683 1126/1786/1682 1686/1782/1678
f 1687/1783/1679 1691/1789/1685 1690/1788/1684 1689/1787/1683
f 1692/1791/1687 1125/1790/1686 1126/1786/1682 1689/1787/1683
f 1690/1788/1684 1693/1792/1688 1692/1791/1687 1689/1787/1683
f 1695/1794/1690 1694/1793/1689 1692/1791/1687 1693/1792/1688
f 1087/1101/1038 1696/1795/1691 1695/1794/1690 1693/1792/1688
f 1690/1788/1684 1086/1100/1037 1087/1101/1038 1693/1792/1688
f 1698/1797/1693 1697/1796/1692 1695/1794/1690 1696/1795/1691
f 1700/1799/1695 1699/1798/1694 1698/1797/1693 1696/1795/1691
f 1087/1101/1038 1088/1102/1039 1700/1799/1695 1696/1795/1691
f 1702/1801/1697 1701/1800/1696 1699/1798/1694 1700/1799/1695
f 1088/1102/1039 1089/1103/1040 1702/1801/1697 1700/1799/1695
f 1704/1803/1699 1703/1802/1698 1701/1800/1696 1702/1801/1697
f 1089/1103/1040 1402/1472/1393 1704/1803/1699 1702/1801/1697
f 1705/1804/1700 1122/1144/1078 1703/1802/1698 1704/1803/1699
f 1402/1472/1393 1403/1473/1394 1705/1804/1700 1704/1803/1699
f 1706/1805/1701 1121/1143/1077 1122/1144/1078 1705/1804/1700
f 1403/1473/1394 1707/1806/1702 1706/1805/1701 1705/1804/1700
f 1709/1808/1704 1708/1807/1703 1706/1805/1701 1707/1806/1702
f 1073/1081/1021 1068/1074/1014 1709/1808/1704 1707/1806/1702
f 1403/1473/1394 1074/1082/1022 1073/1081/1021 1707/1806/1702
f 1061/1067/1007 1710/1809/1705 1708/1807/1703 1709/1808/1704
f 1068/1074/1014 1058/1063/1003 1061/1067/1007 1709/1808/1704
f 1078/1087/1027 1712/1811/1707 1711/1810/1706 1710/1809/1705
f 1061/1067/1007 1059/1064/1004 1078/1087/1027 1710/1809/1705
f 1711/1810/1706 1120/1142/1076 1708/1807/1703 1710/1809/1705
f 1715/1814/1710 1714/1813/1709 1713/1812/1708 1712/1811/1707
f 1078/1087/1027 1075/1084/1024 1715/1814/1710 1712/1811/1707
f 1713/1812/1708 1716/1815/1711 1711/1810/1706 1712/1811/1707
f 1713/1812/1708 1718/1817/1713 1717/1816/1712 1716/1815/1711
f 1119/1141/1075 1120/1142/1076 1711/1810/1706 1716/1815/1711
f 1717/1816/1712 1124/1146/1080 1119/1141/1075 1716/1815/1711
f 1721/1820/1716 1720/1819/1715 1719/1818/1714 1718/1817/1713
f 1713/1812/1708 1714/1813/1709 1721/1820/1716 1718/1817/1713
f 1719/1818/1714 1722/1821/1717 1717/1816/1712 1718/1817/1713
f 1719/1818/1714 1724/1823/1719 1723/1822/1718 1722/1821/1717
f 1725/1824/1720 1124/1146/1080 1717/1816/1712 1722/1821/1717
f 1723/1822/1718 1726/1825/1721 1725/1824/1720 1722/1821/1717
f 1723/1822/1718 1728/1827/1723 1727/1826/1722 1726/1825/1721
f 1730/1829/1725 1729/1828/1724 1725/1824/1720 1726/1825/1721
f 1727/1826/1722 1731/1830/1726 1730/1829/1725 1726/1825/1721
f 1727/1826/1722 1733/1832/1728 1732/1831/1727 1731/1830/1726
f 1699/1798/1694 1701/1800/1696 1730/1829/1725 1731/1830/1726
f 1732/1831/1727 1698/1797/1693 1699/1798/1694 1731/1830/1726
f 1674/1770/1666 1675/1771/1667 1677/1773/1669 1733/1832/1728
f 1727/1826/1722 1728/1827/1723 1674/1770/1666 1733/1832/1728
f 1677/1773/1669 1734/1833/1729 1732/1831/1727 1733/1832/1728
f 1677/1773/1669 1678/1774/1670 1680/1776/1672 1734/1833/1729
f 1697/1796/1692 1698/1797/1693 1732/1831/1727 1734/1833/1729
f 1680/1776/1672 1735/1834/1730 1697/1796/1692 1734/1833/1729
f 1680/1776/1672 1681/1777/1673 1684/1780/1676 1735/1834/1730
f 1694/1793/1689 1695/1794/1690 1697/1796/1692 1735/1834/1730
f 1684/1780/1676 1128/1835/1731 1694/1793/1689 1735/1834/1730
f 1701/1800/1696 1703/1802/1698 1729/1828/1724 1730/1829/1725
f 1123/1145/1079 1124/1146/1080 1725/1824/1720 1729/1828/1724
f 1703/1802/1698 1122/1144/1078 1123/1145/1079 1729/1828/1724
f 1669/1765/1661 1670/1766/1662 1674/1770/1666 1728/1827/1723
f 1723/1822/1718 1724/1823/1719 1669/1765/1661 1728/1827/1723
f 1665/1761/1657 1666/1762/1658 1669/1765/1661 1724/1823/1719
f 1719/1818/1714 1720/1819/1715 1665/1761/1657 1724/1823/1719
f 1136/1155/1089 1137/1156/1090 1720/1819/1715 1721/1820/1716
f 1714/1813/1709 1736/1836/1732 1136/1155/1089 1721/1820/1716
f 1737/1837/1733 1131/1150/1084 1136/1155/1089 1736/1836/1732
f 1739/1839/1735 1738/1838/1734 1737/1837/1733 1736/1836/1732
f 1714/1813/1709 1715/1814/1710 1739/1839/1735 1736/1836/1732
f 1076/1085/1025 1740/1840/1736 1738/1838/1734 1739/1839/1735
f 1715/1814/1710 1075/1084/1024 1076/1085/1025 1739/1839/1735
f 1742/1842/1738 1741/1841/1737 1738/1838/1734 1740/1840/1736
f 1744/1844/1740 1743/1843/1739 1742/1842/1738 1740/1840/1736
f 1076/1085/1025 1077/1086/1026 1744/1844/1740 1740/1840/1736
f 1746/1848/1742 1745/1847/1741 1743/1846/1739 1744/1845/1740
f 1077/1092/1026 1081/1093/1030 1746/1848/1742 1744/1845/1740
f 1098/1114/1050 1095/1115/1047 1745/1847/1741 1746/1848/1742
f 1081/1093/1030 1427/1500/1419 1098/1114/1050 1746/1848/1742
f 1748/1852/1744 1747/1851/1743 1743/1850/1739 1745/1849/1741
f 1095/1110/1047 1096/1111/1048 1748/1852/1744 1745/1849/1741
f 1750/1854/1746 1749/1853/1745 1747/1851/1743 1748/1852/1744
f 1096/1111/1048 1040/1035/979 1750/1854/1746 1748/1852/1744
f 1752/1856/1748 1751/1855/1747 1749/1853/1745 1750/1854/1746
f 1040/1035/979 1038/1033/977 1752/1856/1748 1750/1854/1746
f 1754/1858/1750 1753/1857/1749 1751/1855/1747 1752/1856/1748
f 1038/1033/977 1039/1034/978 1754/1858/1750 1752/1856/1748
f 1756/1860/1752 1755/1859/1751 1753/1857/1749 1754/1858/1750
f 1039/1034/978 1757/1861/1753 1756/1860/1752 1754/1858/1750
f 1759/1863/1755 1758/1862/1754 1756/1860/1752 1757/1861/1753
f 1761/1865/1757 1760/1864/1756 1759/1863/1755 1757/1861/1753
f 1039/1034/978 1034/1029/973 1761/1865/1757 1757/1861/1753
f 1318/1376/1297 1319/1377/1298 1760/1864/1756 1761/1865/1757
f 1034/1029/973 1035/1030/974 1318/1376/1297 1761/1865/1757
f 1762/1868/1758 630/544/508 1759/1867/1755 1760/1866/1756
f 1319/1870/1298 1763/1869/1759 1762/1868/1758 1760/1866/1756
f 634/550/514 1765/1872/1761 1764/1871/1760 1763/1869/1759
f 1319/1870/1298 633/549/513 634/550/514 1763/1869/1759
f 1764/1871/1760 1766/1873/1762 1762/1868/1758 1763/1869/1759
f 1764/1871/1760 1768/1875/1764 1767/1874/1763 1766/1873/1762
f 629/543/507 630/544/508 1762/1868/1758 1766/1873/1762
f 1767/1874/1763 628/542/506 629/543/507 1766/1873/1762
f 1771/1878/1767 1770/1877/1766 1769/1876/1765 1768/1875/1764
f 1764/1871/1760 1765/1872/1761 1771/1878/1767 1768/1875/1764
f 1769/1876/1765 1507/1591/1499 1767/1874/1763 1768/1875/1764
f 1773/1880/1769 1772/1879/1768 1770/1877/1766 1771/1878/1767
f 1765/1872/1761 1774/1881/1770 1773/1880/1769 1771/1878/1767
f 1776/1883/1772 1775/1882/1771 1773/1880/1769 1774/1881/1770
f 631/546/510 632/547/511 1776/1883/1772 1774/1881/1770
f 1765/1872/1761 634/550/514 631/546/510 1774/1881/1770
f 1778/1885/1774 1777/1884/1773 1775/1882/1771 1776/1883/1772
f 632/547/511 1779/1886/1775 1778/1885/1774 1776/1883/1772
f 1781/1888/1777 1780/1887/1776 1778/1885/1774 1779/1886/1775
f 635/555/516 1782/1889/1778 1781/1888/1777 1779/1886/1775
f 632/547/511 64/548/512 635/555/516 1779/1886/1775
f 1327/1386/1307 1322/1381/1302 1781/1888/1777 1782/1889/1778
f 1022/1016/960 1023/1017/961 1327/1386/1307 1782/1889/1778
f 635/555/516 636/556/517 1022/1016/960 1782/1889/1778
f 1322/1381/1302 1323/1382/1303 1780/1887/1776 1781/1888/1777
f 1323/1382/1303 1784/1891/1780 1783/1890/1779 1780/1887/1776
f 1783/1890/1779 1777/1884/1773 1778/1885/1774 1780/1887/1776
f 1787/1894/1783 1786/1893/1782 1785/1892/1781 1784/1891/1780
f 1323/1382/1303 1324/1383/1304 1787/1894/1783 1784/1891/1780
f 1785/1892/1781 1788/1895/1784 1783/1890/1779 1784/1891/1780
f 1785/1892/1781 678/604/564 1789/1896/1785 1788/1895/1784
f 1790/1897/1786 1777/1884/1773 1783/1890/1779 1788/1895/1784
f 1789/1896/1785 1791/1898/1787 1790/1897/1786 1788/1895/1784
f 1789/1896/1785 1793/1900/1789 1792/1899/1788 1791/1898/1787
f 1795/1902/1791 1794/1901/1790 1790/1897/1786 1791/1898/1787
f 1792/1899/1788 1796/1903/1792 1795/1902/1791 1791/1898/1787
f 1792/1899/1788 1798/1905/1794 1797/1904/1793 1796/1903/1792
f 1498/1582/1490 1799/1906/1795 1795/1902/1791 1796/1903/1792
f 1797/1904/1793 1496/1580/1488 1498/1582/1490 1796/1903/1792
f 1772/1879/1768 1794/1901/1790 1795/1902/1791 1799/1906/1795
f 1501/1585/1493 1770/1877/1766 1772/1879/1768 1799/1906/1795
f 1498/1582/1490 1499/1583/1491 1501/1585/1493 1799/1906/1795
f 1802/1909/1798 1801/1908/1797 1800/1907/1796 1798/1905/1794
f 1792/1899/1788 1793/1900/1789 1802/1909/1798 1798/1905/1794
f 1800/1907/1796 1803/1910/1799 1797/1904/1793 1798/1905/1794
f 1800/1907/1796 1482/1566/1474 1483/1567/1475 1803/1910/1799
f 1494/1578/1486 1496/1580/1488 1797/1904/1793 1803/1910/1799
f 1483/1567/1475 1484/1568/1476 1494/1578/1486 1803/1910/1799
f 680/606/566 1804/1911/1800 1801/1908/1797 1802/1909/1798
f 1793/1900/1789 679/605/565 680/606/566 1802/1909/1798
f 1176/1205/1136 1177/1206/1137 1805/1912/1801 1804/1911/1800
f 680/606/566 681/607/567 1176/1205/1136 1804/1911/1800
f 1805/1912/1801 1806/1913/1802 1801/1908/1797 1804/1911/1800
f 1805/1912/1801 1807/1914/1803 1479/1563/1471 1806/1913/1802
f 1482/1566/1474 1800/1907/1796 1801/1908/1797 1806/1913/1802
f 1479/1563/1471 1480/1564/1472 1482/1566/1474 1806/1913/1802
f 1810/1917/1806 1809/1916/1805 1808/1915/1804 1807/1914/1803
f 1805/1912/1801 1177/1206/1137 1810/1917/1806 1807/1914/1803
f 1808/1915/1804 1477/1561/1469 1479/1563/1471 1807/1914/1803
f 1812/1919/1808 1811/1918/1807 1809/1916/1805 1810/1917/1806
f 1177/1206/1137 1174/1203/1134 1812/1919/1808 1810/1917/1806
f 1814/1921/1810 1813/1920/1809 1811/1918/1807 1812/1919/1808
f 1174/1203/1134 1175/1204/1135 1814/1921/1810 1812/1919/1808
f 1816/1923/1812 1815/1922/1811 1813/1920/1809 1814/1921/1810
f 1175/1204/1135 1817/1924/1813 1816/1923/1812 1814/1921/1810
f 1819/1926/1815 1818/1925/1814 1816/1923/1812 1817/1924/1813
f 677/609/569 675/1927/1816 1819/1926/1815 1817/1924/1813
f 1175/1204/1135 682/608/568 677/609/569 1817/1924/1813
f 1786/1893/1782 1787/1894/1783 1818/1925/1814 1819/1926/1815
f 675/1927/1816 676/603/563 1786/1893/1782 1819/1926/1815
f 1787/1894/1783 1324/1383/1304 1325/1384/1305 1818/1925/1814
f 1325/1384/1305 1815/1922/1811 1816/1923/1812 1818/1925/1814
f 1325/1384/1305 1326/1385/1306 1820/1928/1817 1815/1922/1811
f 1820/1928/1817 1821/1929/1818 1813/1920/1809 1815/1922/1811
f 1820/1928/1817 1023/1017/961 1024/1018/962 1821/1929/1818
f 1822/1930/1819 1811/1918/1807 1813/1920/1809 1821/1929/1818
f 1024/1018/962 1026/1020/964 1822/1930/1819 1821/1929/1818
f 1823/1931/1820 1809/1916/1805 1811/1918/1807 1822/1930/1819
f 1026/1020/964 1398/1468/1389 1823/1931/1820 1822/1930/1819
f 1824/1932/1821 1808/1915/1804 1809/1916/1805 1823/1931/1820
f 1398/1468/1389 1399/1469/1390 1824/1932/1821 1823/1931/1820
f 1475/1559/1467 1477/1561/1469 1808/1915/1804 1824/1932/1821
f 1399/1469/1390 1474/1558/1466 1475/1559/1467 1824/1932/1821
f 1326/1385/1306 1327/1386/1307 1023/1017/961 1820/1928/1817
f 1775/1882/1771 1777/1884/1773 1790/1897/1786 1794/1901/1790
f 1772/1879/1768 1773/1880/1769 1775/1882/1771 1794/1901/1790
f 1789/1896/1785 678/604/564 679/605/565 1793/1900/1789
f 676/603/563 678/604/564 1785/1892/1781 1786/1893/1782
f 1501/1585/1493 1502/1586/1494 1769/1876/1765 1770/1877/1766
f 1502/1586/1494 1503/1587/1495 1507/1591/1499 1769/1876/1765
f 1507/1591/1499 1508/1592/1500 628/542/506 1767/1874/1763
f 630/544/508 621/535/499 1758/1933/1754 1759/1867/1755
f 621/535/499 622/536/500 1825/1934/1822 1758/1933/1754
f 1825/1935/1822 1755/1859/1751 1756/1860/1752 1758/1862/1754
f 622/1939/500 1827/1938/1824 1826/1937/1823 1825/1936/1822
f 1826/1937/1823 1828/1941/1825 1755/1940/1751 1825/1936/1822
f 1826/1937/1823 1830/1943/1827 1829/1942/1826 1828/1941/1825
f 1831/1945/1828 1753/1944/1749 1755/1940/1751 1828/1941/1825
f 1829/1942/1826 798/744/701 1831/1945/1828 1828/1941/1825
f 1832/1947/1829 1751/1946/1747 1753/1944/1749 1831/1945/1828
f 798/744/701 797/742/699 1832/1947/1829 1831/1945/1828
f 1405/1475/1396 1749/1948/1745 1751/1946/1747 1832/1947/1829
f 797/742/699 181/743/700 1405/1475/1396 1832/1947/1829
f 1835/1951/1832 1834/1950/1831 1833/1949/1830 1830/1943/1827
f 1826/1937/1823 1827/1938/1824 1835/1951/1832 1830/1943/1827
f 1833/1949/1830 1836/1952/1833 1829/1942/1826 1830/1943/1827
f 1833/1949/1830 1838/1954/1835 1837/1953/1834 1836/1952/1833
f 794/739/696 798/744/701 1829/1942/1826 1836/1952/1833
f 1837/1953/1834 793/738/695 794/739/696 1836/1952/1833
f 1841/1957/1838 1840/1956/1837 1839/1955/1836 1838/1954/1835
f 1833/1949/1830 1834/1950/1831 1841/1957/1838 1838/1954/1835
f 1839/1955/1836 1842/1958/1839 1837/1953/1834 1838/1954/1835
f 1839/1955/1836 1357/1420/1341 1843/1959/1840 1842/1958/1839
f 1844/1960/1841 793/738/695 1837/1953/1834 1842/1958/1839
f 1843/1959/1840 1845/1961/1842 1844/1960/1841 1842/1958/1839
f 1843/1959/1840 1847/1963/1844 1846/1962/1843 1845/1961/1842
f 785/729/686 1848/1964/1845 1844/1960/1841 1845/1961/1842
f 1846/1962/1843 784/728/685 785/729/686 1845/1961/1842
f 792/737/694 793/738/695 1844/1960/1841 1848/1964/1845
f 1849/1965/1846 791/736/693 792/737/694 1848/1964/1845
f 785/729/686 786/730/687 1849/1965/1846 1848/1964/1845
f 1851/1967/1848 1850/1966/1847 791/736/693 1849/1965/1846
f 786/730/687 787/731/688 1851/1967/1848 1849/1965/1846
f 805/754/711 1852/1968/1849 1850/1966/1847 1851/1967/1848
f 787/731/688 799/746/703 805/754/711 1851/1967/1848
f 1854/1970/1851 1853/1969/1850 1850/1966/1847 1852/1968/1849
f 1856/1972/1853 1855/1971/1852 1854/1970/1851 1852/1968/1849
f 805/754/711 804/753/710 1856/1972/1853 1852/1968/1849
f 1857/1973/1854 1615/1699/1607 1855/1971/1852 1856/1972/1853
f 804/753/710 802/751/708 1857/1973/1854 1856/1972/1853
f 1610/1694/1602 1611/1695/1603 1615/1699/1607 1857/1973/1854
f 802/751/708 803/752/709 1610/1694/1602 1857/1973/1854
f 1619/1703/1611 1858/1974/1855 1854/1970/1851 1855/1971/1852
f 1615/1699/1607 1616/1700/1608 1619/1703/1611 1855/1971/1852
f 1859/1975/1856 1853/1969/1850 1854/1970/1851 1858/1974/1855
f 1624/1710/1616 1860/1976/1857 1859/1975/1856 1858/1974/1855
f 1619/1703/1611 1620/1704/1612 1624/1710/1616 1858/1974/1855
f 1861/1977/1858 796/741/698 1859/1975/1856 1860/1976/1857
f 1628/1979/1620 1862/1978/1859 1861/1977/1858 1860/1976/1857
f 1624/1710/1616 1625/1711/1617 1628/1979/1620 1860/1976/1857
f 1628/1715/1620 1629/1716/1621 1633/1720/1625 1862/1980/1859
f 1863/1981/1860 1409/1479/1400 1861/1977/1858 1862/1978/1859
f 1633/1720/1625 1864/1983/1861 1863/1982/1860 1862/1980/1859
f 1633/1720/1625 1634/1721/1626 1638/1725/1630 1864/1983/1861
f 1866/1985/1863 1865/1984/1862 1863/1982/1860 1864/1983/1861
f 1638/1725/1630 1642/1731/1634 1866/1985/1863 1864/1983/1861
f 1868/1987/1865 1867/1986/1864 1865/1984/1862 1866/1985/1863
f 1642/1731/1634 1643/1732/1635 1868/1987/1865 1866/1985/1863
f 1129/1989/1082 1130/1988/1083 1867/1986/1864 1868/1987/1865
f 1643/1732/1635 1133/1735/1086 1129/1989/1082 1868/1987/1865
f 1130/1992/1083 1869/1991/1866 1410/1480/1401 1867/1990/1864
f 1410/1480/1401 1408/1478/1399 1865/1993/1862 1867/1990/1864
f 1737/1837/1733 1738/1838/1734 1741/1841/1737 1869/1994/1866
f 1130/1149/1083 1131/1150/1084 1737/1837/1733 1869/1994/1866
f 1741/1995/1737 1407/1477/1398 1410/1480/1401 1869/1991/1866
f 1408/1478/1399 1409/1479/1400 1863/1981/1860 1865/1993/1862
f 1409/1479/1400 795/740/697 796/741/698 1861/1977/1858
f 796/741/698 790/735/692 1853/1969/1850 1859/1975/1856
f 790/735/692 791/736/693 1850/1966/1847 1853/1969/1850
f 1843/1959/1840 1357/1420/1341 1352/1415/1336 1847/1963/1844
f 1870/1996/1867 801/750/707 1846/1962/1843 1847/1963/1844
f 1352/1415/1336 1353/1416/1337 1870/1996/1867 1847/1963/1844
f 1607/1691/1599 800/749/706 801/750/707 1870/1996/1867
f 1353/1416/1337 1605/1689/1597 1607/1691/1599 1870/1996/1867
f 801/750/707 789/733/690 784/728/685 1846/1962/1843
f 1872/1998/1869 1871/1997/1868 1840/1956/1837 1841/1957/1838
f 1834/1950/1831 1873/1999/1870 1872/1998/1869 1841/1957/1838
f 1875/2001/1872 1874/2000/1871 1872/1998/1869 1873/1999/1870
f 1877/2003/1874 1876/2002/1873 1875/2001/1872 1873/1999/1870
f 1834/1950/1831 1835/1951/1832 1877/2003/1874 1873/1999/1870
f 1879/2005/1876 1878/2004/1875 1876/2002/1873 1877/2003/1874
f 1835/1951/1832 1827/1938/1824 1879/2005/1876 1877/2003/1874
f 623/2007/501 624/2006/502 1878/2004/1875 1879/2005/1876
f 1827/1938/1824 622/1939/500 623/2007/501 1879/2005/1876
f 1236/1278/1206 1237/1279/1207 1876/2002/1873 1878/2004/1875
f 624/2006/502 1880/2008/1877 1236/1278/1206 1878/2004/1875
f 1881/2009/1878 1235/1277/1205 1236/1278/1206 1880/2008/1877
f 1883/2013/1880 1882/2012/1879 1881/2011/1878 1880/2010/1877
f 624/538/502 625/539/503 1883/2013/1880 1880/2010/1877
f 1511/1595/1503 1513/1597/1505 1882/2012/1879 1883/2013/1880
f 625/539/503 626/540/504 1511/1595/1503 1883/2013/1880
f 1885/2015/1882 1884/2014/1881 1881/2011/1878 1882/2012/1879
f 1513/1597/1505 1886/2016/1883 1885/2015/1882 1882/2012/1879
f 1888/2018/1885 1887/2017/1884 1885/2015/1882 1886/2016/1883
f 1516/1600/1508 1889/2019/1886 1888/2018/1885 1886/2016/1883
f 1513/1597/1505 1514/1598/1506 1516/1600/1508 1886/2016/1883
f 1309/1367/1288 1890/2020/1887 1888/2018/1885 1889/2019/1886
f 1519/1603/1511 1306/1364/1285 1309/1367/1288 1889/2019/1886
f 1516/1600/1508 1517/1601/1509 1519/1603/1511 1889/2019/1886
f 1891/2021/1888 1887/2017/1884 1888/2018/1885 1890/2020/1887
f 1893/2023/1890 1892/2022/1889 1891/2021/1888 1890/2020/1887
f 1309/1367/1288 1310/1368/1289 1893/2023/1890 1890/2020/1887
f 1895/2025/1892 1894/2024/1891 1892/2022/1889 1893/2023/1890
f 1310/1368/1289 1313/1371/1292 1895/2025/1892 1893/2023/1890
f 1896/2026/1893 324/171/163 1894/2024/1891 1895/2025/1892
f 1313/1371/1292 1897/2027/1894 1896/2026/1893 1895/2025/1892
f 599/508/472 598/507/471 1896/2026/1893 1897/2027/1894
f 1899/2029/1896 1898/2028/1895 599/508/472 1897/2027/1894
f 1313/1371/1292 1311/1369/1290 1899/2029/1896 1897/2027/1894
f 1901/2031/1898 1900/2030/1897 1898/2028/1895 1899/2029/1896
f 1311/1369/1290 1312/1370/1291 1901/2031/1898 1899/2029/1896
f 1903/2033/1900 1902/2032/1899 1900/2030/1897 1901/2031/1898
f 1312/1370/1291 1904/2034/1901 1903/2033/1900 1901/2031/1898
f 1312/1370/1291 1307/1365/1286 1905/2035/1902 1904/2034/1901
f 1906/2036/1903 605/515/479 1903/2033/1900 1904/2034/1901
f 1905/2035/1902 1907/2037/1904 1906/2036/1903 1904/2034/1901
f 1905/2035/1902 1909/2039/1906 1908/2038/1905 1907/2037/1904
f 607/518/482 1910/2040/1907 1906/2036/1903 1907/2037/1904
f 1908/2038/1905 606/517/481 607/518/482 1907/2037/1904
f 604/514/478 605/515/479 1906/2036/1903 1910/2040/1907
f 1911/2041/1908 603/513/477 604/514/478 1910/2040/1907
f 607/518/482 608/519/483 1911/2041/1908 1910/2040/1907
f 1913/2043/1910 1912/2042/1909 603/513/477 1911/2041/1908
f 608/519/483 609/520/484 1913/2043/1910 1911/2041/1908
f 1915/2045/1912 1914/2044/1911 1912/2042/1909 1913/2043/1910
f 609/520/484 1916/2046/1913 1915/2045/1912 1913/2043/1910
f 674/601/561 672/599/559 1915/2045/1912 1916/2046/1913
f 1918/2048/1915 1917/2047/1914 674/601/561 1916/2046/1913
f 609/520/484 610/521/485 1918/2048/1915 1916/2046/1913
f 1920/2050/1917 1919/2049/1916 1917/2047/1914 1918/2048/1915
f 610/521/485 611/522/486 1920/2050/1917 1918/2048/1915
f 1922/2052/1919 1921/2051/1918 1919/2049/1916 1920/2050/1917
f 611/522/486 1923/2053/1920 1922/2052/1919 1920/2050/1917
f 1925/2055/1922 1924/2054/1921 1922/2052/1919 1923/2053/1920
f 1908/2038/1905 1909/2039/1906 1925/2055/1922 1923/2053/1920
f 611/522/486 606/517/481 1908/2038/1905 1923/2053/1920
f 1927/2057/1924 1926/2056/1923 1924/2054/1921 1925/2055/1922
f 1909/2039/1906 1308/1366/1287 1927/2057/1924 1925/2055/1922
f 1929/2059/1926 1928/2058/1925 1926/2056/1923 1927/2057/1924
f 1308/1366/1287 1304/1362/1283 1929/2059/1926 1927/2057/1924
f 1304/1362/1283 1305/1363/1284 1524/1608/1516 1929/2059/1926
f 1524/1608/1516 1525/1609/1517 1928/2058/1925 1929/2059/1926
f 1931/2061/1928 1930/2060/1927 1926/2056/1923 1928/2058/1925
f 1525/1609/1517 1526/1610/1518 1931/2061/1928 1928/2058/1925
f 573/479/443 576/482/446 1930/2060/1927 1931/2061/1928
f 1526/1610/1518 572/478/442 573/479/443 1931/2061/1928
f 1932/2062/1929 1924/2054/1921 1926/2056/1923 1930/2060/1927
f 576/482/446 1933/2063/1930 1932/2062/1929 1930/2060/1927
f 576/482/446 577/483/447 1934/2064/1931 1933/2063/1930
f 1935/2065/1932 1921/2051/1918 1932/2062/1929 1933/2063/1930
f 1934/2064/1931 589/497/461 1935/2065/1932 1933/2063/1930
f 1936/2066/1933 1919/2049/1916 1921/2051/1918 1935/2065/1932
f 589/497/461 590/498/462 1936/2066/1933 1935/2065/1932
f 1937/2067/1934 1917/2047/1914 1919/2049/1916 1936/2066/1933
f 590/498/462 591/499/463 1937/2068/1934 1936/2066/1933
f 671/598/558 674/601/561 1917/2047/1914 1937/2069/1934
f 591/499/463 670/2072/557 671/2071/558 1937/2070/1934
f 577/483/447 578/484/448 1938/2073/1935 1934/2064/1931
f 1938/2073/1935 588/496/460 589/497/461 1934/2064/1931
f 578/484/448 1940/2075/1937 1939/2074/1936 1938/2073/1935
f 1939/2074/1936 587/495/459 588/496/460 1938/2073/1935
f 1943/2078/1940 1942/2077/1939 1941/2076/1938 1940/2075/1937
f 578/484/448 574/480/444 1943/2078/1940 1940/2075/1937
f 1941/2076/1938 1944/2079/1941 1939/2074/1936 1940/2075/1937
f 1941/2083/1938 1946/2082/1943 1945/2081/1942 1944/2080/1941
f 1947/2084/1944 587/495/459 1939/2074/1936 1944/2079/1941
f 1945/2081/1942 1948/2086/1945 1947/2085/1944 1944/2080/1941
f 1945/2081/1942 1950/2088/1947 1949/2087/1946 1948/2086/1945
f 1952/2090/1949 1951/2089/1948 1947/2085/1944 1948/2086/1945
f 1949/2087/1946 1953/2091/1950 1952/2090/1949 1948/2086/1945
f 1949/2087/1946 1955/2093/1952 1954/2092/1951 1953/2091/1950
f 673/600/560 669/596/556 1952/2090/1949 1953/2091/1950
f 1954/2092/1951 1914/2044/1911 673/600/560 1953/2091/1950
f 1958/2096/1955 1957/2095/1954 1956/2094/1953 1955/2093/1952
f 1949/2087/1946 1950/2088/1947 1958/2096/1955 1955/2093/1952
f 1956/2094/1953 1959/2097/1956 1954/2092/1951 1955/2093/1952
f 1956/2094/1953 601/511/475 602/512/476 1959/2097/1956
f 1912/2042/1909 1914/2044/1911 1954/2092/1951 1959/2097/1956
f 602/512/476 603/513/477 1912/2042/1909 1959/2097/1956
f 1961/2099/1958 1960/2098/1957 1957/2095/1954 1958/2096/1955
f 1950/2088/1947 1962/2100/1959 1961/2099/1958 1958/2096/1955
f 566/469/434 569/473/437 1961/2099/1958 1962/2100/1959
f 1946/2082/1943 565/468/433 566/469/434 1962/2100/1959
f 1950/2088/1947 1945/2081/1942 1946/2082/1943 1962/2100/1959
f 569/473/437 1963/2101/1960 1960/2098/1957 1961/2099/1958
f 596/505/469 597/506/470 1964/2102/1961 1963/2101/1960
f 569/473/437 567/470/435 596/505/469 1963/2101/1960
f 1964/2102/1961 1965/2103/1962 1960/2098/1957 1963/2101/1960
f 1964/2102/1961 1898/2028/1895 1900/2030/1897 1965/2103/1962
f 1966/2104/1963 1957/2095/1954 1960/2098/1957 1965/2103/1962
f 1900/2030/1897 1902/2032/1899 1966/2104/1963 1965/2103/1962
f 601/511/475 1956/2094/1953 1957/2095/1954 1966/2104/1963
f 1902/2032/1899 600/510/474 601/511/475 1966/2104/1963
f 597/506/470 599/508/472 1898/2028/1895 1964/2102/1961
f 669/596/556 670/597/557 1951/2089/1948 1952/2090/1949
f 586/494/458 587/495/459 1947/2084/1944 1951/2105/1948
f 670/2072/557 591/499/463 586/494/458 1951/2105/1948
f 1941/2083/1938 1942/2106/1939 565/468/433 1946/2082/1943
f 1968/2108/1965 1967/2107/1964 1942/2077/1939 1943/2078/1940
f 574/480/444 575/481/445 1968/2108/1965 1943/2078/1940
f 575/481/445 1970/2110/1967 1969/2109/1966 1968/2108/1965
f 1969/2109/1966 1971/2111/1968 1967/2107/1964 1968/2108/1965
f 1969/2109/1966 1973/2113/1970 1972/2112/1969 1971/2111/1968
f 563/464/431 564/465/432 1967/2107/1964 1971/2111/1968
f 1972/2112/1969 552/451/418 563/464/431 1971/2111/1968
f 1976/2116/1973 1975/2115/1972 1974/2114/1971 1973/2113/1970
f 1969/2109/1966 1970/2110/1967 1976/2116/1973 1973/2113/1970
f 1974/2114/1971 1977/2117/1974 1972/2112/1969 1973/2113/1970
f 1974/2114/1971 559/459/426 558/458/425 1977/2117/1974
f 550/449/416 552/451/418 1972/2112/1969 1977/2117/1974
f 558/458/425 549/448/415 550/449/416 1977/2117/1974
f 1979/2119/1976 1978/2118/1975 1975/2115/1972 1976/2116/1973
f 1970/2110/1967 1303/1360/1281 1979/2119/1976 1976/2116/1973
f 1981/2121/1978 1980/2120/1977 1978/2118/1975 1979/2119/1976
f 1303/1360/1281 1299/1356/1277 1981/2121/1978 1979/2119/1976
f 1299/1356/1277 1300/1357/1278 1982/2122/1979 1981/2121/1978
f 1982/2122/1979 1983/2123/1980 1980/2120/1977 1981/2121/1978
f 1982/2122/1979 1985/2125/1982 1984/2124/1981 1983/2123/1980
f 1987/2127/1984 1986/2126/1983 1980/2120/1977 1983/2123/1980
f 1984/2124/1981 1988/2128/1985 1987/2127/1984 1983/2123/1980
f 1984/2124/1981 1990/2130/1987 1989/2129/1986 1988/2128/1985
f 544/443/410 545/444/411 1987/2127/1984 1988/2128/1985
f 1989/2129/1986 543/442/409 544/443/410 1988/2128/1985
f 1992/2132/1989 1991/2131/1988 1290/1346/1267 1990/2130/1987
f 1984/2124/1981 1985/2125/1982 1992/2132/1989 1990/2130/1987
f 1290/1346/1267 1286/1342/1263 1989/2129/1986 1990/2130/1987
f 1994/2134/1991 1993/2133/1990 1991/2131/1988 1992/2132/1989
f 1985/2125/1982 1995/2135/1992 1994/2134/1991 1992/2132/1989
f 1997/2137/1994 1996/2136/1993 1994/2134/1991 1995/2135/1992
f 1300/1357/1278 1301/1358/1279 1997/2137/1994 1995/2135/1992
f 1985/2125/1982 1982/2122/1979 1300/1357/1278 1995/2135/1992
f 1999/2139/1996 1998/2138/1995 1996/2136/1993 1997/2137/1994
f 1301/1358/1279 1302/1359/1280 1999/2139/1996 1997/2137/1994
f 2001/2141/1998 2000/2140/1997 1998/2138/1995 1999/2139/1996
f 1302/1359/1280 2002/2142/1999 2001/2141/1998 1999/2139/1996
f 2004/2144/2001 2003/2143/2000 2001/2141/1998 2002/2142/1999
f 1530/1614/1522 1531/1615/1523 2004/2144/2001 2002/2142/1999
f 1302/1359/1280 1297/1354/1275 1530/1614/1522 2002/2142/1999
f 2006/2146/2003 2005/2145/2002 2003/2143/2000 2004/2144/2001
f 1531/1615/1523 1533/1617/1525 2006/2146/2003 2004/2144/2001
f 2008/2148/2005 2007/2147/2004 2005/2145/2002 2006/2146/2003
f 1533/1617/1525 1535/1619/1527 2008/2148/2005 2006/2146/2003
f 2009/2149/2006 291/132/126 2007/2147/2004 2008/2148/2005
f 1535/1619/1527 2010/2150/2007 2009/2149/2006 2008/2148/2005
f 2012/2152/2009 2011/2151/2008 2009/2149/2006 2010/2150/2007
f 1538/1622/1530 2013/2153/2010 2012/2152/2009 2010/2150/2007
f 1535/1619/1527 1536/1620/1528 1538/1622/1530 2010/2150/2007
f 1538/1622/1530 343/194/185 340/191/182 2013/2153/2010
f 2015/2155/2012 2014/2154/2011 2012/2152/2009 2013/2153/2010
f 340/191/182 341/192/183 2015/2155/2012 2013/2153/2010
f 350/202/193 2016/2156/2013 2014/2154/2011 2015/2155/2012
f 341/192/183 26/198/189 350/202/193 2015/2155/2012
f 2018/2158/2015 2017/2157/2014 2014/2154/2011 2016/2156/2013
f 2020/2160/2017 2019/2159/2016 2018/2158/2015 2016/2156/2013
f 350/202/193 351/203/194 2020/2160/2017 2016/2156/2013
f 2022/2162/2019 2021/2161/2018 2019/2159/2016 2020/2160/2017
f 351/203/194 2023/2163/2020 2022/2162/2019 2020/2160/2017
f 351/203/194 347/199/190 2024/2164/2021 2023/2163/2020
f 308/151/145 300/143/137 2022/2162/2019 2023/2163/2020
f 2024/2164/2021 2025/2165/2022 308/151/145 2023/2163/2020
f 2024/2164/2021 2027/2167/2024 2026/2166/2023 2025/2165/2022
f 2028/2168/2025 307/150/144 308/151/145 2025/2165/2022
f 2026/2166/2023 2029/2169/2026 2028/2168/2025 2025/2165/2022
f 2026/2166/2023 2030/2170/2027 326/175/166 2029/2169/2026
f 2032/2172/2029 2031/2171/2028 2028/2168/2025 2029/2169/2026
f 326/175/166 327/176/167 2032/2172/2029 2029/2169/2026
f 2034/2174/2031 2033/2173/2030 2031/2171/2028 2032/2172/2029
f 327/176/167 328/177/168 2034/2174/2031 2032/2172/2029
f 2036/2176/2033 2035/2175/2032 2033/2173/2030 2034/2174/2031
f 328/177/168 2037/2177/2034 2036/2176/2033 2034/2174/2031
f 328/177/168 329/178/169 2038/2178/2035 2037/2177/2034
f 1239/1281/1209 153/1276/1204 2036/2176/2033 2037/2177/2034
f 2038/2178/2035 2039/2179/2036 1239/1281/1209 2037/2177/2034
f 2038/2178/2035 2041/2181/2038 2040/2180/2037 2039/2179/2036
f 2042/2182/2039 1238/1280/1208 1239/1281/1209 2039/2179/2036
f 2040/2180/2037 2043/2183/2040 2042/2182/2039 2039/2179/2036
f 2040/2180/2037 2045/2185/2042 2044/2184/2041 2043/2183/2040
f 2046/2186/2043 1874/2000/1871 2042/2182/2039 2043/2183/2040
f 2044/2184/2041 2047/2187/2044 2046/2186/2043 2043/2183/2040
f 2044/2184/2041 2049/2189/2046 2048/2188/2045 2047/2187/2044
f 1355/1418/1339 1871/1997/1868 2046/2186/2043 2047/2187/2044
f 2048/2188/2045 1354/1417/1338 1355/1418/1339 2047/2187/2044
f 2052/2192/2049 2051/2191/2048 2050/2190/2047 2049/2189/2046
f 2044/2184/2041 2045/2185/2042 2052/2192/2049 2049/2189/2046
f 2050/2190/2047 355/208/199 2048/2188/2045 2049/2189/2046
f 333/183/174 334/184/175 2051/2191/2048 2052/2192/2049
f 2045/2185/2042 332/182/173 333/183/174 2052/2192/2049
f 334/184/175 2054/2194/2051 2053/2193/2050 2051/2191/2048
f 2053/2193/2050 2055/2195/2052 2050/2190/2047 2051/2191/2048
f 2053/2193/2050 349/201/192 352/204/195 2055/2195/2052
f 354/207/198 355/208/199 2050/2190/2047 2055/2195/2052
f 352/204/195 360/213/204 354/207/198 2055/2195/2052
f 2056/2196/2053 2027/2167/2024 348/200/191 2054/2194/2051
f 334/184/175 335/185/176 2056/2196/2053 2054/2194/2051
f 348/200/191 349/201/192 2053/2193/2050 2054/2194/2051
f 2030/2170/2027 2026/2166/2023 2027/2167/2024 2056/2196/2053
f 335/185/176 336/186/177 2030/2170/2027 2056/2196/2053
f 355/208/199 356/209/200 1354/1417/1338 2048/2188/2045
f 1871/1997/1868 1872/1998/1869 1874/2000/1871 2046/2186/2043
f 2040/2180/2037 2041/2181/2038 332/182/173 2045/2185/2042
f 1874/2000/1871 1875/2001/1872 1238/1280/1208 2042/2182/2039
f 330/179/170 331/181/172 332/182/173 2041/2181/2038
f 2038/2178/2035 329/178/169 330/179/170 2041/2181/2038
f 153/1276/1204 1240/1282/1210 2035/2175/2032 2036/2176/2033
f 2058/2198/2055 2057/2197/2054 2033/2173/2030 2035/2175/2032
f 1240/1282/1210 2059/2199/2056 2058/2198/2055 2035/2175/2032
f 2061/2201/2058 2060/2200/2057 2058/2198/2055 2059/2199/2056
f 2063/2203/2060 2062/2202/2059 2061/2201/2058 2059/2199/2056
f 1240/1282/1210 1241/1283/1211 2063/2203/2060 2059/2199/2056
f 2065/2205/2062 2064/2204/2061 2062/2202/2059 2063/2203/2060
f 1241/1283/1211 1884/2206/1881 2065/2205/2062 2063/2203/2060
f 1887/2017/1884 1891/2021/1888 2064/2208/2061 2065/2207/2062
f 1884/2014/1881 1885/2015/1882 1887/2017/1884 2065/2207/2062
f 2067/2210/2064 2066/2209/2063 2062/2202/2059 2064/2204/2061
f 1891/2021/1888 1892/2022/1889 2067/2211/2064 2064/2208/2061
f 2069/2213/2066 2068/2212/2065 2066/2209/2063 2067/2210/2064
f 1892/2022/1889 1894/2024/1891 2069/2214/2066 2067/2211/2064
f 322/169/161 323/170/162 2068/2212/2065 2069/2213/2066
f 1894/2024/1891 324/171/163 322/172/161 2069/2214/2066
f 2071/2216/2068 2070/2215/2067 2066/2209/2063 2068/2212/2065
f 323/170/162 2072/2217/2069 2071/2216/2068 2068/2212/2065
f 2074/2219/2071 2073/2218/2070 2071/2216/2068 2072/2217/2069
f 2076/2221/2073 2075/2220/2072 2074/2219/2071 2072/2217/2069
f 323/170/162 321/168/160 2076/2221/2073 2072/2217/2069
f 314/158/152 315/159/153 2075/2220/2072 2076/2221/2073
f 321/168/160 313/157/151 314/158/152 2076/2221/2073
f 2078/2223/2075 2077/2222/2074 2074/2219/2071 2075/2220/2072
f 315/159/153 2079/2224/2076 2078/2223/2075 2075/2220/2072
f 2081/2226/2078 2080/2225/2077 2078/2223/2075 2079/2224/2076
f 2083/2228/2080 2082/2227/2079 2081/2226/2078 2079/2224/2076
f 315/159/153 310/154/148 2083/2228/2080 2079/2224/2076
f 2084/2229/2081 297/139/133 2082/2227/2079 2083/2228/2080
f 310/154/148 311/155/149 2084/2229/2081 2083/2228/2080
f 2085/2230/2082 296/138/132 297/139/133 2084/2229/2081
f 311/155/149 2086/2231/2083 2085/2230/2082 2084/2229/2081
f 311/155/149 312/156/150 2087/2232/2084 2086/2231/2083
f 2089/2234/2086 2088/2233/2085 2085/2230/2082 2086/2231/2083
f 2087/2232/2084 2090/2235/2087 2089/2234/2086 2086/2231/2083
f 2087/2232/2084 319/165/158 320/166/159 2090/2235/2087
f 2092/2237/2089 2091/2236/2088 2089/2234/2086 2090/2235/2087
f 320/166/159 2093/2238/2090 2092/2237/2089 2090/2235/2087
f 320/166/159 316/167/155 2094/2239/2091 2093/2238/2090
f 2096/2241/2093 2095/2240/2092 2092/2237/2089 2093/2238/2090
f 2094/2239/2091 2097/2242/2094 2096/2241/2093 2093/2238/2090
f 2094/2245/2091 592/501/465 2098/2244/2095 2097/2243/2094
f 2100/2249/2097 2099/2248/2096 2096/2247/2093 2097/2246/2094
f 2098/2251/2095 2101/2250/2098 2100/2249/2097 2097/2246/2094
f 2098/2251/2095 2103/2253/2100 2102/2252/2099 2101/2250/2098
f 1257/1302/1230 2104/2254/2101 2100/2249/2097 2101/2250/2098
f 2102/2252/2099 1256/1301/1229 1257/1302/1230 2101/2250/2098
f 2105/2255/2102 2099/2248/2096 2100/2249/2097 2104/2254/2101
f 2107/2257/2104 2106/2256/2103 2105/2255/2102 2104/2254/2101
f 1257/1302/1230 1258/1303/1231 2107/2257/2104 2104/2254/2101
f 259/96/90 2108/2258/2105 2106/2256/2103 2107/2257/2104
f 1258/1303/1231 258/95/89 259/96/90 2107/2257/2104
f 2110/2262/2107 2109/2261/2106 2106/2260/2103 2108/2259/2105
f 2112/2264/2109 2111/2263/2108 2110/2262/2107 2108/2259/2105
f 259/96/90 255/92/86 2112/2265/2109 2108/2258/2105
f 2114/2267/2111 2113/2266/2110 2111/2263/2108 2112/2264/2109
f 255/92/86 256/93/87 2114/2268/2111 2112/2265/2109
f 2116/2270/2113 2115/2269/2112 2113/2266/2110 2114/2267/2111
f 256/93/87 2117/2272/2114 2116/2271/2113 2114/2268/2111
f 256/93/87 257/94/88 2118/2273/2115 2117/2272/2114
f 2119/2275/2116 250/2274/79 2116/2271/2113 2117/2272/2114
f 2118/2273/2115 2120/2276/2117 2119/2275/2116 2117/2272/2114
f 2118/2273/2115 2122/2278/2119 2121/2277/2118 2120/2276/2117
f 2124/2280/2121 2123/2279/2120 2119/2275/2116 2120/2276/2117
f 2121/2277/2118 2125/2281/2122 2124/2280/2121 2120/2276/2117
f 2121/2277/2118 2127/2283/2124 2126/2282/2123 2125/2281/2122
f 1228/1268/1196 253/89/83 2124/2280/2121 2125/2281/2122
f 2126/2282/2123 1227/1267/1195 1228/1268/1196 2125/2281/2122
f 2130/2286/2127 2129/2285/2126 2128/2284/2125 2127/2283/2124
f 2121/2277/2118 2122/2278/2119 2130/2286/2127 2127/2283/2124
f 2128/2284/2125 2131/2287/2128 2126/2282/2123 2127/2283/2124
f 2128/2284/2125 2133/2289/2130 2132/2288/2129 2131/2287/2128
f 1226/1266/1194 1227/1267/1195 2126/2282/2123 2131/2287/2128
f 2132/2288/2129 2134/2290/2131 1226/1266/1194 2131/2287/2128
f 2132/2288/2129 2136/2292/2133 2135/2291/2132 2134/2290/2131
f 2137/2293/2134 1225/1265/1193 1226/1266/1194 2134/2290/2131
f 2135/2291/2132 2138/2294/2135 2137/2293/2134 2134/2290/2131
f 2135/2291/2132 2140/2296/2137 2139/2295/2136 2138/2294/2135
f 692/620/580 686/614/574 2137/2293/2134 2138/2294/2135
f 2139/2295/2136 697/626/586 692/620/580 2138/2294/2135
f 2143/2299/2140 2142/2298/2139 2141/2297/2138 2140/2296/2137
f 2135/2291/2132 2136/2292/2133 2143/2299/2140 2140/2296/2137
f 2141/2297/2138 2144/2300/2141 2139/2295/2136 2140/2296/2137
f 2141/2297/2138 722/654/614 723/655/615 2144/2300/2141
f 696/625/585 697/626/586 2139/2295/2136 2144/2300/2141
f 723/655/615 699/628/588 696/625/585 2144/2300/2141
f 2146/2302/2143 2145/2301/2142 2142/2298/2139 2143/2299/2140
f 2136/2292/2133 2147/2303/2144 2146/2302/2143 2143/2299/2140
f 2149/2305/2146 2148/2304/2145 2146/2302/2143 2147/2303/2144
f 2133/2289/2130 2150/2306/2147 2149/2305/2146 2147/2303/2144
f 2136/2292/2133 2132/2288/2129 2133/2289/2130 2147/2303/2144
f 2152/2308/2149 2151/2307/2148 2149/2305/2146 2150/2306/2147
f 2129/2285/2126 2153/2309/2150 2152/2308/2149 2150/2306/2147
f 2133/2289/2130 2128/2284/2125 2129/2285/2126 2150/2306/2147
f 2155/2311/2152 2154/2310/2151 2152/2308/2149 2153/2309/2150
f 2157/2313/2154 2156/2312/2153 2155/2311/2152 2153/2309/2150
f 2129/2285/2126 2130/2286/2127 2157/2313/2154 2153/2309/2150
f 260/97/91 261/98/92 2156/2312/2153 2157/2313/2154
f 2130/2286/2127 2122/2278/2119 260/97/91 2157/2313/2154
f 2159/2315/2156 2158/2314/2155 2155/2311/2152 2156/2312/2153
f 261/98/92 264/101/95 2159/2315/2156 2156/2312/2153
f 2161/2317/2158 2160/2316/2157 2158/2314/2155 2159/2315/2156
f 264/101/95 2162/2318/2159 2161/2317/2158 2159/2315/2156
f 2164/2322/2161 2163/2321/2160 2161/2320/2158 2162/2319/2159
f 2166/2326/2163 2165/2325/2162 2164/2324/2161 2162/2323/2159
f 264/101/95 262/99/93 2166/2327/2163 2162/2318/2159
f 1255/2329/1228 2167/2328/2164 2165/2325/2162 2166/2326/2163
f 262/99/93 263/100/94 1255/1300/1228 2166/2327/2163
f 2169/2331/2166 2168/2330/2165 2165/2325/2162 2167/2328/2164
f 2171/2333/2168 2170/2332/2167 2169/2331/2166 2167/2328/2164
f 1255/2329/1228 1252/2334/1225 2171/2333/2168 2167/2328/2164
f 2173/2336/2170 2172/2335/2169 2170/2332/2167 2171/2333/2168
f 1252/2334/1225 1253/2337/1226 2173/2336/2170 2171/2333/2168
f 2175/2339/2172 2174/2338/2171 2172/2335/2169 2173/2336/2170
f 1253/2337/1226 2176/2340/2173 2175/2339/2172 2173/2336/2170
f 1261/1307/1235 1262/1308/1236 2175/2339/2172 2176/2340/2173
f 2177/2344/2174 1264/2343/1238 1261/2342/1235 2176/2341/2173
f 1253/1298/1226 1254/1299/1227 2177/2344/2174 2176/2341/2173
f 443/312/300 444/313/301 1264/2343/1238 2177/2344/2174
f 1254/1299/1227 1259/1304/1232 443/312/300 2177/2344/2174
f 1262/1308/1236 2178/2345/2175 2174/2338/2171 2175/2339/2172
f 2179/2346/2176 469/347/328 2174/2338/2171 2178/2345/2175
f 2181/2348/2178 2180/2347/2177 2179/2346/2176 2178/2345/2175
f 1262/1308/1236 1260/1306/1234 2181/2348/2178 2178/2345/2175
f 491/2350/350 2182/2349/2179 2180/2347/2177 2181/2348/2178
f 1260/1306/1234 490/387/349 491/2350/350 2181/2348/2178
f 472/354/333 473/355/334 2180/2347/2177 2182/2349/2179
f 2183/2352/2180 474/357/335 472/358/333 2182/2351/2179
f 491/376/350 492/377/351 2183/2352/2180 2182/2351/2179
f 2185/2354/2182 2184/2353/2181 474/357/335 2183/2352/2180
f 492/377/351 496/381/355 2185/2354/2182 2183/2352/2180
f 2187/2356/2184 2186/2355/2183 2184/2353/2181 2185/2354/2182
f 496/381/355 2188/2357/2185 2187/2356/2184 2185/2354/2182
f 500/389/360 501/390/361 2187/2356/2184 2188/2357/2185
f 2189/2358/2186 506/397/366 500/389/360 2188/2357/2185
f 496/381/355 493/378/352 2189/2358/2186 2188/2357/2185
f 2190/2359/2187 1270/1321/1245 506/397/366 2189/2358/2186
f 493/378/352 494/379/353 2190/2359/2187 2189/2358/2186
f 2191/2360/2188 1275/1329/1250 1270/1321/1245 2190/2359/2187
f 494/379/353 2192/2361/2189 2191/2360/2188 2190/2359/2187
f 2194/2363/2191 2193/2362/2190 2191/2360/2188 2192/2361/2189
f 2196/2365/2193 2195/2364/2192 2194/2363/2191 2192/2361/2189
f 494/379/353 495/380/354 2196/2365/2193 2192/2361/2189
f 2198/2367/2195 2197/2366/2194 2195/2364/2192 2196/2365/2193
f 495/380/354 497/382/356 2198/2367/2195 2196/2365/2193
f 2200/2371/2197 2199/2370/2196 2197/2369/2194 2198/2368/2195
f 497/2373/356 2201/2372/2198 2200/2371/2197 2198/2368/2195
f 2203/2375/2200 2202/2374/2199 2200/2371/2197 2201/2372/2198
f 2205/2377/2202 2204/2376/2201 2203/2375/2200 2201/2372/2198
f 497/2373/356 498/2378/357 2205/2377/2202 2201/2372/2198
f 1267/1316/1241 2206/2379/2203 2204/2376/2201 2205/2377/2202
f 498/2378/357 499/1315/358 1267/1316/1241 2205/2377/2202
f 2208/2381/2205 2207/2380/2204 2204/2376/2201 2206/2379/2203
f 2210/2383/2207 2209/2382/2206 2208/2381/2205 2206/2379/2203
f 1267/1316/1241 1265/1313/1239 2210/2383/2207 2206/2379/2203
f 2212/2385/2209 2211/2384/2208 2209/2382/2206 2210/2383/2207
f 1265/1313/1239 1266/1314/1240 2212/2385/2209 2210/2383/2207
f 2214/2387/2211 2213/2386/2210 2211/2384/2208 2212/2385/2209
f 1266/1314/1240 2215/2388/2212 2214/2387/2211 2212/2385/2209
f 1266/1314/1240 1263/1310/1237 449/321/306 2215/2388/2212
f 2217/2390/2214 2216/2389/2213 2214/2387/2211 2215/2388/2212
f 449/321/306 450/322/307 2217/2390/2214 2215/2388/2212
f 2219/2392/2216 2218/2391/2215 2216/2389/2213 2217/2390/2214
f 450/322/307 451/323/308 2219/2392/2216 2217/2390/2214
f 2221/2394/2218 2220/2393/2217 2218/2391/2215 2219/2392/2216
f 451/323/308 2222/2395/2219 2221/2394/2218 2219/2392/2216
f 451/323/308 445/315/302 2223/2396/2220 2222/2395/2219
f 434/302/290 2224/2397/2221 2221/2394/2218 2222/2395/2219
f 2223/2396/2220 433/301/289 434/302/290 2222/2395/2219
f 2225/2398/2222 2220/2393/2217 2221/2394/2218 2224/2397/2221
f 2227/2400/2224 2226/2399/2223 2225/2398/2222 2224/2397/2221
f 434/302/290 435/303/291 2227/2400/2224 2224/2397/2221
f 2229/2402/2226 2228/2401/2225 2226/2399/2223 2227/2400/2224
f 435/303/291 438/306/294 2229/2402/2226 2227/2400/2224
f 475/360/336 476/361/337 2228/2401/2225 2229/2402/2226
f 438/306/294 478/364/339 475/360/336 2229/2402/2226
f 2231/2404/2228 2230/2403/2227 2226/2399/2223 2228/2401/2225
f 476/361/337 2232/2405/2229 2231/2404/2228 2228/2401/2225
f 2234/2407/2231 2233/2406/2230 2231/2404/2228 2232/2405/2229
f 2236/2409/2233 2235/2408/2232 2234/2407/2231 2232/2405/2229
f 476/361/337 470/362/331 2236/2409/2233 2232/2405/2229
f 2238/2413/2235 2237/2412/2234 2235/2411/2232 2236/2410/2233
f 470/351/331 471/352/332 2238/2413/2235 2236/2410/2233
f 2184/2353/2181 2186/2355/2183 2237/2412/2234 2238/2413/2235
f 471/352/332 474/357/335 2184/2353/2181 2238/2413/2235
f 2240/2415/2237 2239/2414/2236 2235/2411/2232 2237/2412/2234
f 2186/2355/2183 2241/2416/2238 2240/2415/2237 2237/2412/2234
f 2242/2418/2240 489/2417/2239 2240/2415/2237 2241/2416/2238
f 501/390/361 502/391/362 2242/2418/2240 2241/2416/2238
f 2186/2355/2183 2187/2356/2184 501/390/361 2241/2416/2238
f 2243/2422/2242 488/2421/2241 489/2420/2239 2242/2419/2240
f 502/393/362 503/394/363 2243/2422/2242 2242/2419/2240
f 503/394/363 2245/2424/2244 2244/2423/2243 2243/2422/2242
f 2244/2423/2243 487/2425/2245 488/2421/2241 2243/2422/2242
f 2248/2428/2248 2247/2427/2247 2246/2426/2246 2245/2424/2244
f 503/394/363 504/395/364 2248/2428/2248 2245/2424/2244
f 2246/2426/2246 2249/2429/2249 2244/2423/2243 2245/2424/2244
f 2246/2426/2246 2250/2430/2250 2233/2406/2230 2249/2429/2249
f 2251/2431/2251 487/2425/2245 2244/2423/2243 2249/2429/2249
f 2233/2406/2230 2234/2407/2231 2251/2431/2251 2249/2429/2249
f 2239/2433/2236 486/2432/2252 487/2425/2245 2251/2431/2251
f 2234/2407/2231 2235/2408/2232 2239/2433/2236 2251/2431/2251
f 2253/2435/2254 2252/2434/2253 2230/2403/2227 2250/2430/2250
f 2246/2426/2246 2247/2427/2247 2253/2435/2254 2250/2430/2250
f 2230/2403/2227 2231/2404/2228 2233/2406/2230 2250/2430/2250
f 2255/2437/2256 2254/2436/2255 2252/2434/2253 2253/2435/2254
f 2247/2427/2247 2256/2438/2257 2255/2437/2256 2253/2435/2254
f 2258/2440/2259 2257/2439/2258 2255/2437/2256 2256/2438/2257
f 2260/2442/2261 2259/2441/2260 2258/2440/2259 2256/2438/2257
f 2247/2427/2247 2248/2428/2248 2260/2442/2261 2256/2438/2257
f 508/400/369 1268/1317/1242 2259/2441/2260 2260/2442/2261
f 2248/2428/2248 504/395/364 508/400/369 2260/2442/2261
f 485/373/347 480/368/342 2258/2440/2259 2259/2441/2260
f 1268/1317/1242 2261/2443/2262 485/373/347 2259/2441/2260
f 1269/1323/1244 1271/1324/1246 2262/2444/2263 2261/2443/2262
f 1268/1317/1242 507/1318/368 1269/1323/1244 2261/2443/2262
f 2262/2444/2263 484/372/346 485/373/347 2261/2443/2262
f 1271/1324/1246 2264/2446/2265 2263/2445/2264 2262/2444/2263
f 2263/2445/2264 483/371/345 484/372/346 2262/2444/2263
f 2265/2447/2266 2207/2380/2204 2208/2381/2205 2264/2446/2265
f 1271/1324/1246 1272/1325/1247 2265/2447/2266 2264/2446/2265
f 2208/2381/2205 2209/2382/2206 2263/2445/2264 2264/2446/2265
f 2267/2449/2268 2266/2448/2267 2207/2380/2204 2265/2447/2266
f 1272/1325/1247 1273/1326/1248 2267/2449/2268 2265/2447/2266
f 2269/2451/2270 2268/2450/2269 2266/2448/2267 2267/2449/2268
f 1273/1326/1248 2270/2452/2271 2269/2451/2270 2267/2449/2268
f 2272/2454/2273 2271/2453/2272 2269/2451/2270 2270/2452/2271
f 2274/2456/2275 2273/2455/2274 2272/2454/2273 2270/2452/2271
f 1273/1326/1248 1274/1327/1249 2274/2456/2275 2270/2452/2271
f 2276/2460/2277 2275/2459/2276 2273/2458/2274 2274/2457/2275
f 1274/1328/1249 1275/1329/1250 2276/2460/2277 2274/2457/2275
f 2193/2362/2190 2277/2461/2278 2275/2459/2276 2276/2460/2277
f 1275/1329/1250 2191/2360/2188 2193/2362/2190 2276/2460/2277
f 2279/2463/2280 2278/2462/2279 2275/2459/2276 2277/2461/2278
f 2281/2465/2282 2280/2464/2281 2279/2463/2280 2277/2461/2278
f 2193/2362/2190 2194/2363/2191 2281/2465/2282 2277/2461/2278
f 2283/2467/2284 2282/2466/2283 2280/2464/2281 2281/2465/2282
f 2194/2363/2191 2195/2364/2192 2283/2467/2284 2281/2465/2282
f 2285/2469/2286 2284/2468/2285 2282/2466/2283 2283/2467/2284
f 2195/2364/2192 2197/2366/2194 2285/2469/2286 2283/2467/2284
f 2287/2473/2288 2286/2472/2287 2284/2471/2285 2285/2470/2286
f 2197/2369/2194 2199/2370/2196 2287/2475/2288 2285/2474/2286
f 2289/2477/2290 2288/2476/2289 2286/2472/2287 2287/2473/2288
f 2199/2370/2196 2290/2479/2291 2289/2478/2290 2287/2475/2288
f 2291/2481/2292 527/2480/391 2289/2478/2290 2290/2479/2291
f 2202/2374/2199 2268/2450/2269 2291/2481/2292 2290/2479/2291
f 2199/2370/2196 2200/2371/2197 2202/2374/2199 2290/2479/2291
f 2271/2453/2272 526/2482/390 527/2480/391 2291/2481/2292
f 2268/2450/2269 2269/2451/2270 2271/2453/2272 2291/2481/2292
f 527/2484/391 528/2483/392 2288/2476/2289 2289/2477/2290
f 916/888/838 917/889/839 2286/2472/2287 2288/2476/2289
f 528/2483/392 535/887/399 916/888/838 2288/2476/2289
f 917/889/839 1285/2485/1261 2284/2471/2285 2286/2472/2287
f 1285/1340/1261 1281/1336/1257 2282/2466/2283 2284/2468/2285
f 1281/1336/1257 1282/1337/1258 2280/2464/2281 2282/2466/2283
f 1282/1337/1258 2292/2486/2293 2279/2463/2280 2280/2464/2281
f 2293/2487/2294 2278/2462/2279 2279/2463/2280 2292/2486/2293
f 2295/2489/2296 2294/2488/2295 2293/2487/2294 2292/2486/2293
f 1282/1337/1258 1276/1331/1252 2295/2489/2296 2292/2486/2293
f 2297/2491/2298 2296/2490/2297 2294/2488/2295 2295/2489/2296
f 1276/1331/1252 1277/1332/1253 2297/2491/2298 2295/2489/2296
f 2299/2493/2300 2298/2492/2299 2296/2490/2297 2297/2491/2298
f 1277/1332/1253 2300/2494/2301 2299/2493/2300 2297/2491/2298
f 2302/2496/2303 2301/2495/2302 2299/2493/2300 2300/2494/2301
f 2304/2498/2305 2303/2497/2304 2302/2496/2303 2300/2494/2301
f 1277/1332/1253 1278/1333/1254 2304/2498/2305 2300/2494/2301
f 2305/2499/2306 521/417/384 2303/2497/2304 2304/2498/2305
f 1278/1333/1254 1279/1334/1255 2305/2499/2306 2304/2498/2305
f 2306/2500/2307 518/414/381 521/417/384 2305/2499/2306
f 1279/1334/1255 2307/2501/2308 2306/2500/2307 2305/2499/2306
f 1279/1334/1255 1280/1335/1256 2308/2502/2309 2307/2501/2308
f 2309/2503/2310 426/292/280 2306/2500/2307 2307/2501/2308
f 2308/2502/2309 2310/2504/2311 2309/2503/2310 2307/2501/2308
f 2308/2502/2309 517/2506/379 516/2505/378 2310/2504/2311
f 459/333/317 460/334/318 2309/2503/2310 2310/2504/2311
f 516/2505/378 458/332/316 459/333/317 2310/2504/2311
f 460/334/318 421/287/275 426/292/280 2309/2503/2310
f 1280/1335/1256 1283/1338/1259 517/2506/379 2308/2502/2309
f 426/292/280 424/290/278 518/414/381 2306/2500/2307
f 1363/1428/1349 1364/1429/1350 2302/2496/2303 2303/2497/2304
f 521/417/384 522/418/385 1363/1428/1349 2303/2497/2304
f 1364/1429/1350 1365/1430/1351 2301/2495/2302 2302/2496/2303
f 2311/2507/2312 2298/2492/2299 2299/2493/2300 2301/2495/2302
f 1365/1430/1351 2312/2508/2313 2311/2507/2312 2301/2495/2302
f 2314/2510/2315 2313/2509/2314 2311/2507/2312 2312/2508/2313
f 2316/2512/2317 2315/2511/2316 2314/2510/2315 2312/2508/2313
f 1365/1430/1351 1362/1427/1348 2316/2512/2317 2312/2508/2313
f 925/900/850 926/901/851 2315/2511/2316 2316/2512/2317
f 1362/1427/1348 930/905/855 925/900/850 2316/2512/2317
f 2318/2514/2319 2317/2513/2318 2314/2510/2315 2315/2511/2316
f 926/901/851 2319/2515/2320 2318/2514/2319 2315/2511/2316
f 985/970/918 986/971/919 2318/2514/2319 2319/2515/2320
f 2320/2516/2321 989/975/922 985/970/918 2319/2515/2320
f 926/901/851 927/902/852 2320/2516/2321 2319/2515/2320
f 2322/2518/2323 2321/2517/2322 989/975/922 2320/2516/2321
f 927/902/852 928/903/853 2322/2518/2323 2320/2516/2321
f 2324/2520/2325 2323/2519/2324 2321/2517/2322 2322/2518/2323
f 928/903/853 2325/2521/2326 2324/2520/2325 2322/2518/2323
f 928/903/853 929/904/854 1368/1433/1354 2325/2521/2326
f 2327/2523/2328 2326/2522/2327 2324/2520/2325 2325/2521/2326
f 1368/1433/1354 1366/1431/1352 2327/2523/2328 2325/2521/2326
f 2329/2525/2330 2328/2524/2329 2326/2522/2327 2327/2523/2328
f 1366/1431/1352 1367/1432/1353 2329/2525/2330 2327/2523/2328
f 2331/2527/2332 2330/2526/2331 2328/2524/2329 2329/2525/2330
f 1367/1432/1353 2332/2528/2333 2331/2527/2332 2329/2525/2330
f 1367/1432/1353 1358/1422/1343 1359/1423/1344 2332/2528/2333
f 2334/2530/2335 2333/2529/2334 2331/2527/2332 2332/2528/2333
f 1359/1423/1344 2335/2531/2336 2334/2530/2335 2332/2528/2333
f 1359/1423/1344 1360/1424/1345 525/421/388 2335/2531/2336
f 2337/2533/2338 2336/2532/2337 2334/2530/2335 2335/2531/2336
f 525/421/388 523/419/386 2337/2533/2338 2335/2531/2336
f 2339/2535/2340 2338/2534/2339 2336/2532/2337 2337/2533/2338
f 523/419/386 524/420/387 2339/2535/2340 2337/2533/2338
f 921/894/844 924/898/848 2338/2534/2339 2339/2535/2340
f 524/420/387 920/893/843 921/894/844 2339/2535/2340
f 2341/2537/2342 2340/2536/2341 2336/2532/2337 2338/2534/2339
f 924/898/848 908/873/828 2341/2537/2342 2338/2534/2339
f 2343/2539/2344 2342/2538/2343 2340/2536/2341 2341/2537/2342
f 908/873/828 905/870/825 2343/2539/2344 2341/2537/2342
f 2345/2541/2346 2344/2540/2345 2342/2538/2343 2343/2539/2344
f 905/870/825 906/871/826 2345/2541/2346 2343/2539/2344
f 2347/2543/2348 2346/2542/2347 2344/2540/2345 2345/2541/2346
f 906/871/826 2348/2544/2349 2347/2543/2348 2345/2541/2346
f 2350/2546/2351 2349/2545/2350 2347/2543/2348 2348/2544/2349
f 2352/2548/2353 2351/2547/2352 2350/2546/2351 2348/2544/2349
f 906/871/826 902/867/822 2352/2548/2353 2348/2544/2349
f 2353/2549/2354 2163/2321/2160 2351/2547/2352 2352/2548/2353
f 902/867/822 903/868/823 2353/2549/2354 2352/2548/2353
f 2160/2550/2157 2161/2320/2158 2163/2321/2160 2353/2549/2354
f 903/868/823 2354/2551/2355 2160/2550/2157 2353/2549/2354
f 903/868/823 904/869/824 2355/2552/2356 2354/2551/2355
f 2356/2554/2357 2158/2314/2155 2160/2316/2157 2354/2553/2355
f 2355/2556/2356 2357/2555/2358 2356/2554/2357 2354/2553/2355
f 2355/2556/2356 1341/1402/1323 1342/1403/1324 2357/2555/2358
f 2358/2557/2359 2154/2310/2151 2356/2554/2357 2357/2555/2358
f 1342/1403/1324 1343/1404/1325 2358/2557/2359 2357/2555/2358
f 2151/2307/2148 2152/2308/2149 2154/2310/2151 2358/2557/2359
f 1343/1404/1325 2359/2558/2360 2151/2307/2148 2358/2557/2359
f 1343/1404/1325 1337/1398/1319 2360/2559/2361 2359/2558/2360
f 2148/2304/2145 2149/2305/2146 2151/2307/2148 2359/2558/2360
f 2360/2559/2361 2361/2560/2362 2148/2304/2145 2359/2558/2360
f 2360/2559/2361 2363/2562/2364 2362/2561/2363 2361/2560/2362
f 2145/2301/2142 2146/2302/2143 2148/2304/2145 2361/2560/2362
f 2362/2561/2363 2364/2563/2365 2145/2301/2142 2361/2560/2362
f 2362/2561/2363 713/644/604 2365/2564/2366 2364/2563/2365
f 721/653/613 2142/2298/2139 2145/2301/2142 2364/2563/2365
f 2365/2564/2366 720/652/612 721/653/613 2364/2563/2365
f 713/644/604 714/645/605 2366/2565/2367 2365/2564/2366
f 2366/2565/2367 719/651/611 720/652/612 2365/2564/2366
f 2368/2567/2369 2367/2566/2368 719/651/611 2366/2565/2367
f 714/645/605 715/646/606 2368/2567/2369 2366/2565/2367
f 2370/2569/2371 2369/2568/2370 2367/2566/2368 2368/2567/2369
f 715/646/606 2371/2570/2372 2370/2569/2371 2368/2567/2369
f 741/679/636 742/680/637 2370/2569/2371 2371/2570/2372
f 2373/2572/2374 2372/2571/2373 741/679/636 2371/2570/2372
f 715/646/606 716/647/607 2373/2572/2374 2371/2570/2372
f 2375/2574/2376 2374/2573/2375 2372/2571/2373 2373/2572/2374
f 716/647/607 717/648/608 2375/2574/2376 2373/2572/2374
f 1334/1395/1316 1335/1396/1317 2374/2573/2375 2375/2574/2376
f 717/648/608 1338/1399/1320 1334/1395/1316 2375/2574/2376
f 2377/2576/2378 2376/2575/2377 2372/2571/2373 2374/2573/2375
f 1335/1396/1317 2378/2577/2379 2377/2576/2378 2374/2573/2375
f 2380/2579/2381 2379/2578/2380 2377/2576/2378 2378/2577/2379
f 2382/2581/2383 2381/2580/2382 2380/2579/2381 2378/2577/2379
f 1335/1396/1317 1336/1397/1318 2382/2581/2383 2378/2577/2379
f 2384/2583/2385 2383/2582/2384 2381/2580/2382 2382/2581/2383
f 1336/1397/1318 1339/1400/1321 2384/2583/2385 2382/2581/2383
f 2386/2587/2387 2385/2586/2386 2383/2585/2384 2384/2584/2385
f 1339/2589/1321 2387/2588/2388 2386/2587/2387 2384/2584/2385
f 2389/2591/2390 2388/2590/2389 2386/2587/2387 2387/2588/2388
f 2391/2593/2392 2390/2592/2391 2389/2591/2390 2387/2588/2388
f 1339/2589/1321 1340/2594/1322 2391/2593/2392 2387/2588/2388
f 2393/2596/2394 2392/2595/2393 2390/2592/2391 2391/2593/2392
f 1340/2594/1322 1341/2597/1323 2393/2596/2394 2391/2593/2392
f 904/869/824 103/866/821 2392/2595/2393 2393/2596/2394
f 1341/2597/1323 2355/2552/2356 904/869/824 2393/2596/2394
f 2395/2599/2396 2394/2598/2395 2390/2592/2391 2392/2595/2393
f 103/866/821 907/872/827 2395/2599/2396 2392/2595/2393
f 923/896/846 931/906/856 2394/2598/2395 2395/2599/2396
f 907/872/827 922/895/845 923/896/846 2395/2599/2396
f 2396/2600/2397 2389/2591/2390 2390/2592/2391 2394/2598/2395
f 931/906/856 2397/2601/2398 2396/2600/2397 2394/2598/2395
f 2399/2603/2400 2398/2602/2399 2396/2600/2397 2397/2601/2398
f 2401/2605/2402 2400/2604/2401 2399/2603/2400 2397/2601/2398
f 931/906/856 932/907/857 2401/2605/2402 2397/2601/2398
f 2403/2607/2404 2402/2606/2403 2400/2604/2401 2401/2605/2402
f 932/907/857 934/909/859 2403/2607/2404 2401/2605/2402
f 2405/2609/2406 2404/2608/2405 2402/2606/2403 2403/2607/2404
f 934/909/859 901/865/820 2405/2609/2406 2403/2607/2404
f 2406/2610/2407 976/957/907 2404/2608/2405 2405/2609/2406
f 901/865/820 897/861/816 2406/2610/2407 2405/2609/2406
f 2407/2611/2408 974/955/905 976/957/907 2406/2610/2407
f 897/861/816 898/862/817 2407/2611/2408 2406/2610/2407
f 2408/2612/2409 973/954/904 974/955/905 2407/2611/2408
f 898/862/817 2409/2613/2410 2408/2612/2409 2407/2611/2408
f 2411/2615/2412 2410/2614/2411 2408/2612/2409 2409/2613/2410
f 2413/2617/2414 2412/2616/2413 2411/2615/2412 2409/2613/2410
f 898/862/817 899/863/818 2413/2617/2414 2409/2613/2410
f 2415/2619/2416 2414/2618/2415 2412/2616/2413 2413/2617/2414
f 899/863/818 900/864/819 2415/2619/2416 2413/2617/2414
f 900/864/819 2417/2621/2418 2416/2620/2417 2415/2619/2416
f 2416/2620/2417 2418/2622/2419 2414/2618/2415 2415/2619/2416
f 2416/2620/2417 2420/2624/2421 2419/2623/2420 2418/2622/2419
f 2422/2626/2423 2421/2625/2422 2414/2618/2415 2418/2622/2419
f 2419/2623/2420 2423/2627/2424 2422/2626/2423 2418/2622/2419
f 2419/2623/2420 2425/2629/2426 2424/2628/2425 2423/2627/2424
f 762/703/660 2426/2630/2427 2422/2626/2423 2423/2627/2424
f 2424/2628/2425 761/702/659 762/703/660 2423/2627/2424
f 2427/2631/2428 2421/2625/2422 2422/2626/2423 2426/2630/2427
f 2429/2633/2430 2428/2632/2429 2427/2631/2428 2426/2630/2427
f 762/703/660 763/704/661 2429/2633/2430 2426/2630/2427
f 2431/2635/2432 2430/2634/2431 2428/2632/2429 2429/2633/2430
f 763/704/661 764/705/662 2431/2635/2432 2429/2633/2430
f 2433/2637/2434 2432/2636/2433 2430/2634/2431 2431/2635/2432
f 764/705/662 2434/2638/2435 2433/2637/2434 2431/2635/2432
f 764/705/662 759/700/657 2435/2639/2436 2434/2638/2435
f 758/698/655 2436/2640/2437 2433/2637/2434 2434/2638/2435
f 2435/2639/2436 755/695/652 758/698/655 2434/2638/2435
f 2437/2641/2438 2432/2636/2433 2433/2637/2434 2436/2640/2437
f 2439/2643/2440 2438/2642/2439 2437/2641/2438 2436/2640/2437
f 758/698/655 756/696/653 2439/2643/2440 2436/2640/2437
f 2441/2645/2442 2440/2644/2441 2438/2642/2439 2439/2643/2440
f 756/696/653 757/697/654 2441/2645/2442 2439/2643/2440
f 743/681/638 744/682/639 2440/2644/2441 2441/2645/2442
f 757/697/654 2442/2646/2443 743/681/638 2441/2645/2442
f 757/697/654 753/693/650 2443/2647/2444 2442/2646/2443
f 2444/2648/2445 79/677/634 743/681/638 2442/2646/2443
f 2443/2647/2444 2445/2649/2446 2444/2648/2445 2442/2646/2443
f 2443/2647/2444 2447/2651/2448 2446/2650/2447 2445/2649/2446
f 2449/2653/2450 2448/2652/2449 2444/2648/2445 2445/2649/2446
f 2446/2650/2447 702/631/591 2449/2653/2450 2445/2649/2446
f 2450/2654/2451 2369/2568/2370 2448/2652/2449 2449/2653/2450
f 702/631/591 698/627/587 2450/2654/2451 2449/2653/2450
f 2451/2655/2452 2367/2566/2368 2369/2568/2370 2450/2654/2451
f 698/627/587 699/628/588 2451/2655/2452 2450/2654/2451
f 718/650/610 719/651/611 2367/2566/2368 2451/2655/2452
f 699/628/588 723/655/615 718/650/610 2451/2655/2452
f 742/680/637 79/677/634 2444/2648/2445 2448/2652/2449
f 2369/2568/2370 2370/2569/2371 742/680/637 2448/2652/2449
f 754/694/651 2453/2657/2454 2452/2656/2453 2447/2651/2448
f 2443/2647/2444 753/693/650 754/694/651 2447/2651/2448
f 2452/2656/2453 2454/2658/2455 2446/2650/2447 2447/2651/2448
f 701/630/590 702/631/591 2446/2650/2447 2454/2658/2455
f 2455/2659/2456 700/629/589 701/630/590 2454/2658/2455
f 2452/2656/2453 2456/2660/2457 2455/2659/2456 2454/2658/2455
f 2424/2628/2425 2425/2629/2426 2455/2659/2456 2456/2660/2457
f 760/701/658 761/702/659 2424/2628/2425 2456/2660/2457
f 2452/2656/2453 2453/2657/2454 760/701/658 2456/2660/2457
f 2425/2629/2426 2457/2661/2458 700/629/589 2455/2659/2456
f 2458/2662/2459 695/624/584 700/629/589 2457/2661/2458
f 2420/2624/2421 2459/2663/2460 2458/2662/2459 2457/2661/2458
f 2425/2629/2426 2419/2623/2420 2420/2624/2421 2457/2661/2458
f 706/636/596 707/637/597 2458/2662/2459 2459/2663/2460
f 2417/2621/2418 709/639/599 706/636/596 2459/2663/2460
f 2420/2624/2421 2416/2620/2417 2417/2621/2418 2459/2663/2460
f 707/637/597 694/623/583 695/624/584 2458/2662/2459
f 2435/2639/2436 759/700/657 760/701/658 2453/2657/2454
f 754/694/651 755/695/652 2435/2639/2436 2453/2657/2454
f 2461/2665/2462 2460/2664/2461 2438/2642/2439 2440/2644/2441
f 744/682/639 766/708/665 2461/2665/2462 2440/2644/2441
f 2463/2667/2464 2462/2666/2463 2460/2664/2461 2461/2665/2462
f 766/708/665 767/709/666 2463/2667/2464 2461/2665/2462
f 1349/1411/1332 1347/1409/1330 2462/2666/2463 2463/2667/2464
f 767/709/666 771/713/670 1349/1411/1332 2463/2667/2464
f 2465/2669/2466 2464/2668/2465 2460/2664/2461 2462/2666/2463
f 1347/1409/1330 1348/1410/1331 2465/2669/2466 2462/2666/2463
f 2467/2671/2468 2466/2670/2467 2464/2668/2465 2465/2669/2466
f 1348/1410/1331 2468/2672/2469 2467/2671/2468 2465/2669/2466
f 2470/2674/2471 2469/2673/2470 2467/2671/2468 2468/2672/2469
f 2472/2676/2473 2471/2675/2472 2470/2674/2471 2468/2672/2469
f 1348/1410/1331 1344/1406/1327 2472/2676/2473 2468/2672/2469
f 2474/2678/2475 2473/2677/2474 2471/2675/2472 2472/2676/2473
f 1344/1406/1327 1345/1407/1328 2474/2678/2475 2472/2676/2473
f 1391/1460/1381 1392/1461/1382 2473/2677/2474 2474/2678/2475
f 1345/1407/1328 1397/1466/1387 1391/1460/1381 2474/2678/2475
f 2476/2680/2477 2475/2679/2476 2471/2675/2472 2473/2677/2474
f 1392/1461/1382 2477/2681/2478 2476/2680/2477 2473/2677/2474
f 2479/2683/2480 2478/2682/2479 2476/2680/2477 2477/2681/2478
f 2481/2685/2482 2480/2684/2481 2479/2683/2480 2477/2681/2478
f 1392/1461/1382 1389/1458/1379 2481/2685/2482 2477/2681/2478
f 1008/1000/944 1011/1003/947 2480/2684/2481 2481/2685/2482
f 1389/1458/1379 1007/999/943 1008/1000/944 2481/2685/2482
f 2482/2686/2483 1382/1449/1370 2479/2683/2480 2480/2684/2481
f 1011/1003/947 2483/2687/2484 2482/2686/2483 2480/2684/2481
f 1386/1454/1375 1387/1455/1376 2482/2686/2483 2483/2687/2484
f 2484/2688/2485 1005/996/940 1386/1454/1375 2483/2687/2484
f 1011/1003/947 1009/1001/945 2484/2688/2485 2483/2687/2484
f 2485/2689/2486 1004/995/939 1005/996/940 2484/2688/2485
f 1009/1001/945 1010/1002/946 2485/2689/2486 2484/2688/2485
f 998/988/932 999/989/933 1004/995/939 2485/2689/2486
f 1010/1002/946 1000/990/934 998/988/932 2485/2689/2486
f 1387/1455/1376 1381/1448/1369 1382/1449/1370 2482/2686/2483
f 1382/1449/1370 1383/1450/1371 2478/2682/2479 2479/2683/2480
f 1383/1450/1371 1384/1451/1372 2486/2690/2487 2478/2682/2479
f 2486/2690/2487 2475/2679/2476 2476/2680/2477 2478/2682/2479
f 1384/1451/1372 2488/2692/2489 2487/2691/2488 2486/2690/2487
f 2487/2691/2488 2489/2693/2490 2475/2679/2476 2486/2690/2487
f 2487/2691/2488 2491/2695/2492 2490/2694/2491 2489/2693/2490
f 2470/2674/2471 2471/2675/2472 2475/2679/2476 2489/2693/2490
f 2490/2694/2491 2469/2673/2470 2470/2674/2471 2489/2693/2490
f 2494/2698/2495 2493/2697/2494 2492/2696/2493 2491/2695/2492
f 2487/2691/2488 2488/2692/2489 2494/2698/2495 2491/2695/2492
f 2492/2696/2493 2495/2699/2496 2490/2694/2491 2491/2695/2492
f 2492/2696/2493 2427/2631/2428 2428/2632/2429 2495/2699/2496
f 2496/2700/2497 2469/2673/2470 2490/2694/2491 2495/2699/2496
f 2428/2632/2429 2430/2634/2431 2496/2700/2497 2495/2699/2496
f 2466/2670/2467 2467/2671/2468 2469/2673/2470 2496/2700/2497
f 2430/2634/2431 2432/2636/2433 2466/2670/2467 2496/2700/2497
f 2411/2615/2412 2412/2616/2413 2493/2697/2494 2494/2698/2495
f 2488/2692/2489 2410/2614/2411 2411/2615/2412 2494/2698/2495
f 2412/2616/2413 2414/2618/2415 2421/2625/2422 2493/2697/2494
f 2421/2625/2422 2427/2631/2428 2492/2696/2493 2493/2697/2494
f 1384/1451/1372 1385/1452/1373 2410/2614/2411 2488/2692/2489
f 2432/2636/2433 2437/2641/2438 2464/2668/2465 2466/2670/2467
f 2437/2641/2438 2438/2642/2439 2460/2664/2461 2464/2668/2465
f 900/864/819 892/856/811 709/639/599 2417/2621/2418
f 1385/1452/1373 973/954/904 2408/2612/2409 2410/2614/2411
f 2498/2702/2499 2497/2701/2498 2402/2606/2403 2404/2608/2405
f 976/957/907 967/948/898 2498/2702/2499 2404/2608/2405
f 2500/2704/2501 2499/2703/2500 2497/2701/2498 2498/2702/2499
f 967/948/898 968/949/899 2500/2704/2501 2498/2702/2499
f 2502/2706/2503 2501/2705/2502 2499/2703/2500 2500/2704/2501
f 968/949/899 2503/2707/2504 2502/2706/2503 2500/2704/2501
f 2505/2709/2506 2504/2708/2505 2502/2706/2503 2503/2707/2504
f 2507/2711/2508 2506/2710/2507 2505/2709/2506 2503/2707/2504
f 968/949/899 969/950/900 2507/2711/2508 2503/2707/2504
f 2509/2713/2510 2508/2712/2509 2506/2710/2507 2507/2711/2508
f 969/950/900 970/951/901 2509/2713/2510 2507/2711/2508
f 2511/2715/2512 2510/2714/2511 2508/2712/2509 2509/2713/2510
f 970/951/901 2512/2716/2513 2511/2715/2512 2509/2713/2510
f 970/951/901 971/952/902 2513/2717/2514 2512/2716/2513
f 2515/2719/2516 2514/2718/2515 2511/2715/2512 2512/2716/2513
f 2513/2717/2514 2516/2720/2517 2515/2719/2516 2512/2716/2513
f 2513/2717/2514 2518/2722/2519 2517/2721/2518 2516/2720/2517
f 2520/2724/2521 2519/2723/2520 2515/2719/2516 2516/2720/2517
f 2517/2721/2518 2521/2725/2522 2520/2724/2521 2516/2720/2517
f 2517/2721/2518 2522/2726/2523 997/987/931 2521/2725/2522
f 980/962/912 981/963/913 2520/2724/2521 2521/2725/2522
f 997/987/931 994/984/928 980/962/912 2521/2725/2522
f 2525/2729/2526 2524/2728/2525 2523/2727/2524 2522/2726/2523
f 2517/2721/2518 2518/2722/2519 2525/2729/2526 2522/2726/2523
f 2523/2727/2524 996/986/930 997/987/931 2522/2726/2523
f 1379/1446/1367 1380/1447/1368 2524/2728/2525 2525/2729/2526
f 2518/2722/2519 975/956/906 1379/1446/1367 2525/2729/2526
f 1380/1447/1368 1388/1456/1377 1002/993/937 2524/2728/2525
f 1002/993/937 1003/994/938 2523/2727/2524 2524/2728/2525
f 1003/994/938 999/989/933 996/986/930 2523/2727/2524
f 981/963/913 984/968/916 2519/2723/2520 2520/2724/2521
f 2526/2730/2527 2514/2718/2515 2515/2719/2516 2519/2723/2520
f 984/968/916 2527/2731/2528 2526/2730/2527 2519/2723/2520
f 2529/2733/2530 2528/2732/2529 2526/2730/2527 2527/2731/2528
f 2531/2735/2532 2530/2734/2531 2529/2733/2530 2527/2731/2528
f 984/968/916 982/966/914 2531/2735/2532 2527/2731/2528
f 2533/2737/2534 2532/2736/2533 2530/2734/2531 2531/2735/2532
f 982/966/914 983/967/915 2533/2737/2534 2531/2735/2532
f 2535/2741/2536 2534/2740/2535 2532/2739/2533 2533/2738/2534
f 983/2743/915 2536/2742/2537 2535/2741/2536 2533/2738/2534
f 983/2743/915 951/929/879 948/926/876 2536/2742/2537
f 2538/2745/2539 2537/2744/2538 2535/2741/2536 2536/2742/2537
f 948/926/876 949/927/877 2538/2745/2539 2536/2742/2537
f 1374/1440/1361 1375/1441/1362 2537/2744/2538 2538/2745/2539
f 949/927/877 1378/1444/1365 1374/1440/1361 2538/2745/2539
f 2539/2746/2540 2534/2740/2535 2535/2741/2536 2537/2744/2538
f 1375/1441/1362 2540/2747/2541 2539/2746/2540 2537/2744/2538
f 2541/2748/2542 936/912/862 2539/2746/2540 2540/2747/2541
f 2543/2750/2544 2542/2749/2543 2541/2748/2542 2540/2747/2541
f 1375/1441/1362 1369/1435/1356 2543/2750/2544 2540/2747/2541
f 2545/2752/2546 2544/2751/2545 2542/2749/2543 2543/2750/2544
f 1369/1435/1356 1370/1436/1357 2545/2752/2546 2543/2750/2544
f 2547/2754/2548 2546/2753/2547 2544/2751/2545 2545/2752/2546
f 1370/1436/1357 2501/2705/2502 2547/2754/2548 2545/2752/2546
f 2504/2708/2505 956/935/885 2546/2753/2547 2547/2754/2548
f 2501/2705/2502 2502/2706/2503 2504/2708/2505 2547/2754/2548
f 2549/2756/2550 2548/2755/2549 2544/2751/2545 2546/2753/2547
f 956/935/885 957/936/886 2549/2756/2550 2546/2753/2547
f 2550/2758/2551 945/2757/872 2548/2755/2549 2549/2756/2550
f 957/936/886 960/939/889 2550/2759/2551 2549/2756/2550
f 2551/2761/2552 944/921/871 945/922/872 2550/2760/2551
f 960/939/889 2552/2763/2553 2551/2761/2552 2550/2762/2551
f 965/945/895 966/946/896 2551/2761/2552 2552/2763/2553
f 2553/2764/2554 964/944/894 965/945/895 2552/2763/2553
f 960/939/889 958/937/887 2553/2764/2554 2552/2763/2553
f 958/937/887 959/938/888 2554/2765/2555 2553/2764/2554
f 2554/2765/2555 2555/2766/2556 964/944/894 2553/2764/2554
f 2554/2765/2555 2508/2712/2509 2510/2714/2511 2555/2766/2556
f 2556/2767/2557 963/943/893 964/944/894 2555/2766/2556
f 2510/2714/2511 2557/2768/2558 2556/2767/2557 2555/2766/2556
f 2510/2714/2511 2511/2715/2512 2514/2718/2515 2557/2768/2558
f 2528/2732/2529 2558/2769/2559 2556/2767/2557 2557/2768/2558
f 2514/2718/2515 2526/2730/2527 2528/2732/2529 2557/2768/2558
f 962/942/892 963/943/893 2556/2767/2557 2558/2769/2559
f 2560/2771/2561 2559/2770/2560 962/942/892 2558/2769/2559
f 2528/2732/2529 2529/2733/2530 2560/2771/2561 2558/2769/2559
f 2562/2773/2563 2561/2772/2562 2559/2770/2560 2560/2771/2561
f 2529/2733/2530 2530/2734/2531 2562/2773/2563 2560/2771/2561
f 938/2775/864 939/2774/865 2561/2772/2562 2562/2773/2563
f 2530/2734/2531 2532/2736/2533 938/2775/864 2562/2773/2563
f 2564/2777/2565 2563/2776/2564 2559/2770/2560 2561/2772/2562
f 939/2774/865 940/2778/866 2564/2777/2565 2561/2772/2562
f 943/920/870 946/923/873 2563/2776/2564 2564/2777/2565
f 940/2778/866 942/919/869 943/920/870 2564/2777/2565
f 961/941/891 962/942/892 2559/2770/2560 2563/2776/2564
f 946/923/873 966/946/896 961/941/891 2563/2776/2564
f 959/938/888 2506/2710/2507 2508/2712/2509 2554/2765/2555
f 966/946/896 946/923/873 944/921/871 2551/2761/2552
f 2565/2779/2566 2542/2749/2543 2544/2751/2545 2548/2755/2549
f 945/2757/872 941/2780/868 2565/2779/2566 2548/2755/2549
f 2566/2781/2567 2541/2748/2542 2542/2749/2543 2565/2779/2566
f 941/2780/868 942/2782/869 2566/2781/2567 2565/2779/2566
f 935/911/861 936/912/862 2541/2748/2542 2566/2781/2567
f 942/2782/869 940/916/866 935/911/861 2566/2781/2567
f 936/912/862 937/913/863 2534/2740/2535 2539/2746/2540
f 937/913/863 938/914/864 2532/2739/2533 2534/2740/2535
f 2513/2717/2514 971/952/902 975/956/906 2518/2722/2519
f 959/938/888 955/934/884 2505/2709/2506 2506/2710/2507
f 955/934/884 956/935/885 2504/2708/2505 2505/2709/2506
f 1370/1436/1357 1371/1437/1358 2499/2703/2500 2501/2705/2502
f 1371/1437/1358 1372/1438/1359 2497/2701/2498 2499/2703/2500
f 1372/1438/1359 2400/2604/2401 2402/2606/2403 2497/2701/2498
f 1372/1438/1359 1373/1439/1360 2399/2603/2400 2400/2604/2401
f 1373/1439/1360 1376/1442/1363 2398/2602/2399 2399/2603/2400
f 1376/1442/1363 2567/2783/2568 2388/2590/2389 2398/2602/2399
f 2388/2590/2389 2389/2591/2390 2396/2600/2397 2398/2602/2399
f 2569/2785/2570 2568/2784/2569 2385/2586/2386 2567/2783/2568
f 1376/1442/1363 1377/1443/1364 2569/2785/2570 2567/2783/2568
f 2385/2586/2386 2386/2587/2387 2388/2590/2389 2567/2783/2568
f 2570/2786/2571 733/668/626 2568/2784/2569 2569/2785/2570
f 1377/1443/1364 1378/1444/1365 2570/2786/2571 2569/2785/2570
f 947/925/875 732/667/625 733/668/626 2570/2786/2571
f 1378/1444/1365 949/927/877 947/925/875 2570/2786/2571
f 733/668/626 729/669/622 2571/2787/2572 2568/2784/2569
f 2571/2787/2572 2383/2585/2384 2385/2586/2386 2568/2784/2569
f 729/662/622 730/663/623 2572/2789/2573 2571/2788/2572
f 2572/2789/2573 2381/2580/2382 2383/2582/2384 2571/2788/2572
f 730/663/623 2574/2791/2575 2573/2790/2574 2572/2789/2573
f 2573/2790/2574 2380/2579/2381 2381/2580/2382 2572/2789/2573
f 2577/2794/2578 2576/2793/2577 2575/2792/2576 2574/2791/2575
f 730/663/623 727/660/620 2577/2794/2578 2574/2791/2575
f 2575/2792/2576 2578/2795/2579 2573/2790/2574 2574/2791/2575
f 2575/2792/2576 2580/2797/2581 2579/2796/2580 2578/2795/2579
f 2379/2578/2380 2380/2579/2381 2573/2790/2574 2578/2795/2579
f 2579/2796/2580 2581/2798/2582 2379/2578/2380 2578/2795/2579
f 2579/2796/2580 2582/2799/2583 746/684/641 2581/2798/2582
f 2376/2575/2377 2377/2576/2378 2379/2578/2380 2581/2798/2582
f 746/684/641 740/678/635 2376/2575/2377 2581/2798/2582
f 770/712/669 83/706/663 765/707/664 2582/2799/2583
f 2579/2796/2580 2580/2797/2581 770/712/669 2582/2799/2583
f 765/707/664 745/683/640 746/684/641 2582/2799/2583
f 2583/2800/2584 769/711/668 770/712/669 2580/2797/2581
f 2575/2792/2576 2576/2793/2577 2583/2800/2584 2580/2797/2581
f 2585/2802/2586 2584/2801/2585 769/711/668 2583/2800/2584
f 2576/2793/2577 2586/2803/2587 2585/2802/2586 2583/2800/2584
f 735/672/629 2587/2804/2588 2585/2802/2586 2586/2803/2587
f 2588/2805/2589 734/671/628 735/672/629 2586/2803/2587
f 2576/2793/2577 2577/2794/2578 2588/2805/2589 2586/2803/2587
f 728/661/621 738/675/632 734/671/628 2588/2805/2589
f 2577/2794/2578 727/660/620 728/661/621 2588/2805/2589
f 2591/2808/2592 2590/2807/2591 2589/2806/2590 2587/2804/2588
f 735/672/629 736/673/630 2591/2808/2592 2587/2804/2588
f 2589/2806/2590 2584/2801/2585 2585/2802/2586 2587/2804/2588
f 751/690/647 747/686/643 2590/2807/2591 2591/2808/2592
f 736/673/630 739/676/633 751/690/647 2591/2808/2592
f 747/686/643 748/687/644 775/718/675 2590/2807/2591
f 775/718/675 776/719/676 2589/2806/2590 2590/2807/2591
f 776/719/676 783/726/683 2584/2801/2585 2589/2806/2590
f 783/726/683 768/710/667 769/711/668 2584/2801/2585
f 740/678/635 741/679/636 2372/2571/2373 2376/2575/2377
f 1338/1399/1320 717/648/608 712/643/603 2363/2562/2364
f 2360/2559/2361 1337/1398/1319 1338/1399/1320 2363/2562/2364
f 712/643/603 713/644/604 2362/2561/2363 2363/2562/2364
f 2154/2310/2151 2155/2311/2152 2158/2314/2155 2356/2554/2357
f 2592/2810/2593 512/2809/374 2350/2546/2351 2351/2547/2352
f 2163/2321/2160 2164/2322/2161 2592/2810/2593 2351/2547/2352
f 2168/2330/2165 511/405/373 512/406/374 2592/2811/2593
f 2164/2324/2161 2165/2325/2162 2168/2330/2165 2592/2811/2593
f 512/2809/374 513/2812/375 2349/2545/2350 2350/2546/2351
f 911/880/833 2346/2542/2347 2347/2543/2348 2349/2545/2350
f 513/2812/375 514/879/376 911/880/833 2349/2545/2350
f 2594/2814/2595 2593/2813/2594 2344/2540/2345 2346/2542/2347
f 911/880/833 912/881/834 2594/2814/2595 2346/2542/2347
f 2596/2816/2597 2595/2815/2596 2593/2813/2594 2594/2814/2595
f 912/881/834 913/882/835 2596/2816/2597 2594/2814/2595
f 2598/2818/2599 2597/2817/2598 2595/2815/2596 2596/2816/2597
f 913/882/835 914/884/836 2598/2818/2599 2596/2816/2597
f 2600/2820/2601 2599/2819/2600 2597/2817/2598 2598/2818/2599
f 914/884/836 2601/2821/2602 2600/2820/2601 2598/2818/2599
f 2603/2823/2604 2602/2822/2603 2600/2820/2601 2601/2821/2602
f 2605/2825/2606 2604/2824/2605 2603/2823/2604 2601/2821/2602
f 914/884/836 915/885/837 2605/2825/2606 2601/2821/2602
f 533/430/397 534/431/398 2604/2827/2605 2605/2826/2606
f 915/2828/837 535/432/399 533/430/397 2605/2826/2606
f 2607/2830/2608 2606/2829/2607 2603/2823/2604 2604/2824/2605
f 534/431/398 2608/2832/2609 2607/2831/2608 2604/2827/2605
f 538/436/403 541/439/406 2607/2831/2608 2608/2832/2609
f 2609/2833/2610 537/435/402 538/436/403 2608/2832/2609
f 534/431/398 529/426/393 2609/2833/2610 2608/2832/2609
f 2611/2835/2612 2610/2834/2611 537/435/402 2609/2833/2610
f 529/426/393 530/427/394 2611/2835/2612 2609/2833/2610
f 2613/2837/2614 2612/2836/2613 2610/2834/2611 2611/2835/2612
f 530/427/394 2614/2838/2615 2613/2837/2614 2611/2835/2612
f 530/427/394 531/428/395 2615/2839/2616 2614/2838/2615
f 2294/2488/2295 2296/2490/2297 2613/2837/2614 2614/2838/2615
f 2615/2839/2616 2293/2487/2294 2294/2488/2295 2614/2838/2615
f 531/428/395 532/429/396 2616/2840/2617 2615/2839/2616
f 2616/2840/2617 2278/2462/2279 2293/2487/2294 2615/2839/2616
f 532/2842/396 2272/2454/2273 2273/2455/2274 2616/2841/2617
f 2273/2458/2274 2275/2459/2276 2278/2462/2279 2616/2840/2617
f 2296/2490/2297 2298/2492/2299 2612/2836/2613 2613/2837/2614
f 2313/2509/2314 2617/2843/2618 2610/2834/2611 2612/2836/2613
f 2298/2492/2299 2311/2507/2312 2313/2509/2314 2612/2836/2613
f 536/434/401 537/435/402 2610/2834/2611 2617/2843/2618
f 2317/2513/2318 540/438/405 536/434/401 2617/2843/2618
f 2313/2509/2314 2314/2510/2315 2317/2513/2318 2617/2843/2618
f 541/2845/406 990/2844/923 2606/2829/2607 2607/2830/2608
f 990/2844/923 988/974/921 2618/2846/2619 2606/2829/2607
f 2618/2846/2619 2602/2822/2603 2603/2823/2604 2606/2829/2607
f 988/974/921 989/975/922 2321/2517/2322 2618/2846/2619
f 2321/2517/2322 2323/2519/2324 2602/2822/2603 2618/2846/2619
f 2323/2519/2324 2599/2819/2600 2600/2820/2601 2602/2822/2603
f 2323/2519/2324 2324/2520/2325 2326/2522/2327 2599/2819/2600
f 2326/2522/2327 2328/2524/2329 2597/2817/2598 2599/2819/2600
f 2328/2524/2329 2330/2526/2331 2595/2815/2596 2597/2817/2598
f 2330/2526/2331 2619/2847/2620 2593/2813/2594 2595/2815/2596
f 2330/2526/2331 2331/2527/2332 2333/2529/2334 2619/2847/2620
f 2342/2538/2343 2344/2540/2345 2593/2813/2594 2619/2847/2620
f 2333/2529/2334 2340/2536/2341 2342/2538/2343 2619/2847/2620
f 2333/2529/2334 2334/2530/2335 2336/2532/2337 2340/2536/2341
f 986/971/919 540/438/405 2317/2513/2318 2318/2514/2319
f 532/2842/396 526/2482/390 2271/2453/2272 2272/2454/2273
f 2202/2374/2199 2203/2375/2200 2266/2448/2267 2268/2450/2269
f 2203/2375/2200 2204/2376/2201 2207/2380/2204 2266/2448/2267
f 2209/2382/2206 2211/2384/2208 483/371/345 2263/2445/2264
f 480/368/342 481/369/343 2257/2439/2258 2258/2440/2259
f 481/369/343 2621/2849/2622 2620/2848/2621 2257/2439/2258
f 2620/2848/2621 2254/2436/2255 2255/2437/2256 2257/2439/2258
f 2213/2386/2210 2214/2387/2211 2216/2389/2213 2621/2849/2622
f 481/369/343 482/370/344 2213/2386/2210 2621/2849/2622
f 2216/2389/2213 2218/2391/2215 2620/2848/2621 2621/2849/2622
f 2218/2391/2215 2220/2393/2217 2254/2436/2255 2620/2848/2621
f 2220/2393/2217 2225/2398/2222 2252/2434/2253 2254/2436/2255
f 2225/2398/2222 2226/2399/2223 2230/2403/2227 2252/2434/2253
f 489/2417/2239 486/2850/2252 2239/2414/2236 2240/2415/2237
f 2622/2851/2623 432/300/288 433/301/289 2223/2396/2220
f 445/315/302 446/316/303 2622/2851/2623 2223/2396/2220
f 2623/2852/2624 393/251/242 432/300/288 2622/2851/2623
f 446/316/303 2624/2853/2625 2623/2852/2624 2622/2851/2623
f 561/462/429 554/453/420 2623/2852/2624 2624/2853/2625
f 2625/2854/2626 560/461/428 561/462/429 2624/2853/2625
f 446/316/303 447/317/304 2625/2854/2626 2624/2853/2625
f 2626/2856/2627 568/471/436 560/472/428 2625/2855/2626
f 447/2858/304 448/2857/305 2626/2856/2627 2625/2855/2626
f 594/503/467 595/504/468 568/471/436 2626/2856/2627
f 448/2857/305 2627/2859/2628 594/503/467 2626/2856/2627
f 2103/2860/2100 593/502/466 594/503/467 2627/2859/2628
f 2628/2862/2629 2102/2252/2099 2103/2253/2100 2627/2861/2628
f 448/319/305 442/311/299 2628/2862/2629 2627/2861/2628
f 1259/1304/1232 1256/1301/1229 2102/2252/2099 2628/2862/2629
f 442/311/299 443/312/300 1259/1304/1232 2628/2862/2629
f 554/453/420 391/249/240 393/251/242 2623/2852/2624
f 482/370/344 483/371/345 2211/2384/2208 2213/2386/2210
f 473/355/334 479/365/340 2179/2346/2176 2180/2347/2177
f 479/365/340 465/343/324 469/347/328 2179/2346/2176
f 469/347/328 466/344/325 2172/2335/2169 2174/2338/2171
f 466/344/325 467/345/326 2170/2332/2167 2172/2335/2169
f 467/345/326 510/404/372 2169/2331/2166 2170/2332/2167
f 510/404/372 511/405/373 2168/2330/2165 2169/2331/2166
f 721/653/613 722/654/614 2141/2297/2138 2142/2298/2139
f 686/614/574 687/615/575 1225/1265/1193 2137/2293/2134
f 253/89/83 254/90/84 2123/2279/2120 2124/2280/2121
f 248/2863/77 250/2274/79 2119/2275/2116 2123/2279/2120
f 254/90/84 247/84/76 248/2863/77 2123/2279/2120
f 2118/2273/2115 257/94/88 260/97/91 2122/2278/2119
f 250/85/79 243/74/71 2115/2269/2112 2116/2270/2113
f 2630/2865/2631 2629/2864/2630 2113/2266/2110 2115/2269/2112
f 243/74/71 241/70/67 2630/2865/2631 2115/2269/2112
f 2632/2867/2633 2631/2866/2632 2629/2864/2630 2630/2865/2631
f 241/70/67 242/71/68 2632/2867/2633 2630/2865/2631
f 2634/2869/2635 2633/2868/2634 2631/2866/2632 2632/2867/2633
f 242/71/68 244/75/72 2634/2869/2635 2632/2867/2633
f 2636/2873/2637 2635/2872/2636 2633/2871/2634 2634/2870/2635
f 244/78/72 245/79/74 2636/2873/2637 2634/2870/2635
f 2638/2875/2639 2637/2874/2638 2635/2872/2636 2636/2873/2637
f 245/79/74 2639/2876/2640 2638/2875/2639 2636/2873/2637
f 245/79/74 246/80/75 2640/2877/2641 2639/2876/2640
f 2641/2878/2642 219/42/42 2638/2875/2639 2639/2876/2640
f 2640/2877/2641 2642/2879/2643 2641/2878/2642 2639/2876/2640
f 2640/2877/2641 251/87/81 2643/2880/2644 2642/2879/2643
f 2645/2882/2646 2644/2881/2645 2641/2878/2642 2642/2879/2643
f 2643/2880/2644 2646/2883/2647 2645/2882/2646 2642/2879/2643
f 2643/2880/2644 1229/1269/1197 151/1263/1191 2646/2883/2647
f 2648/2885/2649 2647/2884/2648 2645/2882/2646 2646/2883/2647
f 151/1263/1191 1224/1264/1192 2648/2885/2649 2646/2883/2647
f 2650/2887/2651 2649/2886/2650 2647/2884/2648 2648/2885/2649
f 1224/1264/1192 2651/2888/2652 2650/2887/2651 2648/2885/2649
f 1224/1264/1192 687/615/575 683/611/571 2651/2888/2652
f 2653/2890/2654 2652/2889/2653 2650/2887/2651 2651/2888/2652
f 683/611/571 684/612/572 2653/2890/2654 2651/2888/2652
f 2655/2892/2656 2654/2891/2655 2652/2889/2653 2653/2890/2654
f 684/612/572 2656/2893/2657 2655/2892/2656 2653/2890/2654
f 684/612/572 685/613/573 2657/2894/2658 2656/2893/2657
f 2659/2896/2660 2658/2895/2659 2655/2892/2656 2656/2893/2657
f 2657/2894/2658 2660/2897/2661 2659/2896/2660 2656/2893/2657
f 2657/2894/2658 2662/2899/2663 2661/2898/2662 2660/2897/2661
f 2664/2901/2665 2663/2900/2664 2659/2896/2660 2660/2897/2661
f 2661/2898/2662 2665/2902/2666 2664/2901/2665 2660/2897/2661
f 2661/2898/2662 1333/1393/1314 2666/2903/2667 2665/2902/2666
f 2668/2905/2669 2667/2904/2668 2664/2901/2665 2665/2902/2666
f 2666/2903/2667 2669/2906/2670 2668/2905/2669 2665/2902/2666
f 2666/2903/2667 2671/2908/2672 2670/2907/2671 2669/2906/2670
f 2673/2910/2674 2672/2909/2673 2668/2905/2669 2669/2906/2670
f 2670/2907/2671 2674/2911/2675 2673/2910/2674 2669/2906/2670
f 2670/2907/2671 2676/2913/2677 2675/2912/2676 2674/2911/2675
f 863/822/777 861/820/775 2673/2910/2674 2674/2911/2675
f 2675/2912/2676 868/828/783 863/822/777 2674/2911/2675
f 2679/2916/2680 2678/2915/2679 2677/2914/2678 2676/2913/2677
f 2670/2907/2671 2671/2908/2672 2679/2916/2680 2676/2913/2677
f 2677/2914/2678 2680/2917/2681 2675/2912/2676 2676/2913/2677
f 2677/2914/2678 2682/2919/2683 2681/2918/2682 2680/2917/2681
f 867/827/782 868/828/783 2675/2912/2676 2680/2917/2681
f 2681/2918/2682 870/830/785 867/827/782 2680/2917/2681
f 2684/2921/2685 2683/2920/2684 891/854/809 2682/2919/2683
f 2677/2914/2678 2678/2915/2679 2684/2921/2685 2682/2919/2683
f 891/854/809 886/849/804 2681/2918/2682 2682/2919/2683
f 711/641/601 2685/2922/2686 2683/2920/2684 2684/2921/2685
f 2678/2915/2679 710/640/600 711/641/601 2684/2921/2685
f 2687/2924/2688 2686/2923/2687 2683/2920/2684 2685/2922/2686
f 708/638/598 893/857/812 2687/2924/2688 2685/2922/2686
f 711/641/601 74/632/592 708/638/598 2685/2922/2686
f 2689/2926/2690 2688/2925/2689 2686/2923/2687 2687/2924/2688
f 893/857/812 894/858/813 2689/2926/2690 2687/2924/2688
f 2691/2928/2692 2690/2927/2691 2688/2925/2689 2689/2926/2690
f 894/858/813 895/859/814 2691/2928/2692 2689/2926/2690
f 877/838/793 878/839/794 2690/2927/2691 2691/2928/2692
f 895/859/814 879/840/795 877/838/793 2691/2928/2692
f 885/847/802 889/852/807 2688/2925/2689 2690/2927/2691
f 878/839/794 884/846/801 885/847/802 2690/2927/2691
f 889/852/807 890/853/808 2686/2923/2687 2688/2925/2689
f 890/853/808 891/854/809 2683/2920/2684 2686/2923/2687
f 886/849/804 887/850/805 870/830/785 2681/2918/2682
f 1332/1392/1313 710/640/600 2678/2915/2679 2679/2916/2680
f 2671/2908/2672 1331/1391/1312 1332/1392/1313 2679/2916/2680
f 861/820/775 862/821/776 2672/2909/2673 2673/2910/2674
f 2692/2929/2693 2667/2904/2668 2668/2905/2669 2672/2909/2673
f 862/821/776 2693/2930/2694 2692/2929/2693 2672/2909/2673
f 2695/2932/2696 2694/2931/2695 2692/2929/2693 2693/2930/2694
f 2697/2934/2698 2696/2933/2697 2695/2932/2696 2693/2930/2694
f 862/821/776 858/817/772 2697/2934/2698 2693/2930/2694
f 2698/2935/2699 423/289/277 2696/2933/2697 2697/2934/2698
f 858/817/772 859/818/773 2698/2935/2699 2697/2934/2698
f 2699/2936/2700 422/288/276 423/289/277 2698/2935/2699
f 859/818/773 865/825/780 2699/2936/2700 2698/2935/2699
f 520/416/383 425/291/279 422/288/276 2699/2936/2700
f 865/825/780 866/826/781 520/416/383 2699/2936/2700
f 417/282/271 2700/2937/2701 2695/2932/2696 2696/2933/2697
f 423/289/277 416/281/270 417/282/271 2696/2933/2697
f 2701/2938/2702 2694/2931/2695 2695/2932/2696 2700/2937/2701
f 2703/2940/2704 2702/2939/2703 2701/2938/2702 2700/2937/2701
f 417/282/271 418/283/272 2703/2940/2704 2700/2937/2701
f 2704/2941/2705 231/58/55 2702/2939/2703 2703/2940/2704
f 418/283/272 419/284/273 2704/2941/2705 2703/2940/2704
f 2705/2942/2706 230/57/54 231/58/55 2704/2941/2705
f 419/284/273 2706/2943/2707 2705/2942/2706 2704/2941/2705
f 2708/2945/2709 2707/2944/2708 2705/2942/2706 2706/2943/2707
f 2710/2947/2711 2709/2946/2710 2708/2945/2709 2706/2943/2707
f 419/284/273 411/285/264 2710/2947/2711 2706/2943/2707
f 2712/2951/2713 2711/2950/2712 2709/2949/2710 2710/2948/2711
f 411/273/264 412/274/265 2712/2951/2713 2710/2948/2711
f 376/231/222 374/229/220 2711/2950/2712 2712/2951/2713
f 412/274/265 2713/2952/2714 376/231/222 2712/2951/2713
f 412/274/265 413/275/266 2714/2953/2715 2713/2952/2714
f 2715/2954/2716 369/224/215 376/231/222 2713/2952/2714
f 2714/2953/2715 2716/2955/2717 2715/2954/2716 2713/2952/2714
f 2714/2953/2715 2718/2957/2719 2717/2956/2718 2716/2955/2717
f 2720/2959/2721 2719/2958/2720 2715/2954/2716 2716/2955/2717
f 2717/2956/2718 2721/2960/2722 2720/2959/2721 2716/2955/2717
f 2717/2956/2718 2723/2962/2724 2722/2961/2723 2721/2960/2722
f 408/269/260 409/270/261 2720/2959/2721 2721/2960/2722
f 2722/2961/2723 407/267/258 408/269/260 2721/2960/2722
f 2725/2964/2726 2724/2963/2725 440/308/296 2723/2962/2724
f 2717/2956/2718 2718/2957/2719 2725/2964/2726 2723/2962/2724
f 440/308/296 429/296/284 2722/2961/2723 2723/2962/2724
f 2726/2965/2727 456/329/314 2724/2963/2725 2725/2964/2726
f 2718/2957/2719 414/276/267 2726/2965/2727 2725/2964/2726
f 420/2966/274 455/328/313 456/329/314 2726/2965/2727
f 414/276/267 415/277/268 420/2966/274 2726/2965/2727
f 456/329/314 452/325/310 2727/2967/2728 2724/2963/2725
f 2727/2967/2728 439/307/295 440/308/296 2724/2963/2725
f 452/325/310 453/326/311 1248/1292/1220 2727/2967/2728
f 1248/1292/1220 441/309/297 439/307/295 2727/2967/2728
f 429/296/284 404/264/255 407/267/258 2722/2961/2723
f 409/270/261 2728/2968/2729 2719/2958/2720 2720/2959/2721
f 2729/2969/2730 368/223/214 2719/2958/2720 2728/2968/2729
f 2731/2971/2732 2730/2970/2731 2729/2969/2730 2728/2968/2729
f 409/270/261 410/271/262 2731/2971/2732 2728/2968/2729
f 2732/2972/2733 398/257/248 2730/2970/2731 2731/2971/2732
f 410/271/262 406/266/257 2732/2972/2733 2731/2971/2732
f 2733/2973/2734 397/256/247 398/257/248 2732/2972/2733
f 406/266/257 402/262/253 2733/2973/2734 2732/2972/2733
f 427/294/282 401/260/251 397/256/247 2733/2973/2734
f 402/262/253 403/263/254 427/294/282 2733/2973/2734
f 2735/2975/2736 2734/2974/2735 2729/2969/2730 2730/2970/2731
f 398/257/248 394/253/244 2735/2975/2736 2730/2970/2731
f 2737/2977/2738 2736/2976/2737 2734/2974/2735 2735/2975/2736
f 394/253/244 395/254/245 2737/2977/2738 2735/2975/2736
f 2739/2979/2740 2738/2978/2739 2736/2976/2737 2737/2977/2738
f 395/254/245 2740/2980/2741 2739/2979/2740 2737/2977/2738
f 2741/2981/2742 365/219/210 2739/2979/2740 2740/2980/2741
f 2743/2983/2744 2742/2982/2743 2741/2981/2742 2740/2980/2741
f 395/254/245 396/255/246 2743/2983/2744 2740/2980/2741
f 383/239/230 2744/2984/2745 2742/2982/2743 2743/2983/2744
f 396/255/246 382/238/229 383/239/230 2743/2983/2744
f 2746/2986/2747 2745/2985/2746 2742/2982/2743 2744/2984/2745
f 2748/2988/2749 2747/2987/2748 2746/2986/2747 2744/2984/2745
f 383/239/230 380/236/227 2748/2988/2749 2744/2984/2745
f 2750/2990/2751 2749/2989/2750 2747/2987/2748 2748/2988/2749
f 380/236/227 381/237/228 2750/2990/2751 2748/2988/2749
f 2752/2992/2753 2751/2991/2752 2749/2989/2750 2750/2990/2751
f 381/237/228 2753/2993/2754 2752/2992/2753 2750/2990/2751
f 2755/2995/2756 2754/2994/2755 2752/2992/2753 2753/2993/2754
f 2757/2997/2758 2756/2996/2757 2755/2995/2756 2753/2993/2754
f 381/237/228 377/233/224 2757/2997/2758 2753/2993/2754
f 387/244/235 2758/2998/2759 2756/2996/2757 2757/2997/2758
f 377/233/224 378/234/225 387/244/235 2757/2997/2758
f 2760/3000/2761 2759/2999/2760 2756/2996/2757 2758/2998/2759
f 1292/1348/1269 1291/1347/1268 2760/3000/2761 2758/2998/2759
f 387/244/235 388/245/236 1292/1348/1269 2758/2998/2759
f 2762/3002/2763 2761/3001/2762 2759/2999/2760 2760/3000/2761
f 1291/1347/1268 270/108/102 2762/3002/2763 2760/3000/2761
f 265/103/97 2763/3003/2764 2761/3001/2762 2762/3002/2763
f 270/108/102 15/102/96 265/103/97 2762/3002/2763
f 2765/3005/2766 2764/3004/2765 2761/3001/2762 2763/3003/2764
f 2767/3007/2768 2766/3006/2767 2765/3005/2766 2763/3003/2764
f 265/103/97 266/104/98 2767/3007/2768 2763/3003/2764
f 266/104/98 2769/3009/2770 2768/3008/2769 2767/3007/2768
f 2768/3008/2769 2770/3010/2771 2766/3006/2767 2767/3007/2768
f 2768/3008/2769 2772/3012/2773 2771/3011/2772 2770/3010/2771
f 2774/3014/2775 2773/3013/2774 2766/3006/2767 2770/3010/2771
f 2771/3011/2772 2775/3015/2776 2774/3014/2775 2770/3010/2771
f 2771/3011/2772 2777/3017/2778 2776/3016/2777 2775/3015/2776
f 197/17/17 198/18/18 2774/3014/2775 2775/3015/2776
f 2776/3016/2777 2778/3018/2779 197/17/17 2775/3015/2776
f 2776/3016/2777 2780/3020/2781 2779/3019/2780 2778/3018/2779
f 2781/3021/2782 196/16/16 197/17/17 2778/3018/2779
f 2779/3019/2780 2782/3022/2783 2781/3021/2782 2778/3018/2779
f 2779/3019/2780 2784/3024/2785 2783/3023/2784 2782/3022/2783
f 2786/3026/2787 2785/3025/2786 2781/3021/2782 2782/3022/2783
f 2783/3023/2784 2787/3027/2788 2786/3026/2787 2782/3022/2783
f 2783/3023/2784 2789/3029/2790 2788/3028/2789 2787/3027/2788
f 2791/3031/2792 2790/3030/2791 2786/3026/2787 2787/3027/2788
f 2788/3028/2789 2792/3032/2793 2791/3031/2792 2787/3027/2788
f 2788/3028/2789 2794/3034/2795 2793/3033/2794 2792/3032/2793
f 2746/2986/2747 2747/2987/2748 2791/3031/2792 2792/3032/2793
f 2793/3033/2794 2745/2985/2746 2746/2986/2747 2792/3032/2793
f 2797/3037/2798 2796/3036/2797 2795/3035/2796 2794/3034/2795
f 2788/3028/2789 2789/3029/2790 2797/3037/2798 2794/3034/2795
f 2795/3035/2796 2798/3038/2799 2793/3033/2794 2794/3034/2795
f 2795/3035/2796 187/5/5 188/6/6 2798/3038/2799
f 2799/3039/2800 2745/2985/2746 2793/3033/2794 2798/3038/2799
f 188/6/6 364/218/209 2799/3039/2800 2798/3038/2799
f 2741/2981/2742 2742/2982/2743 2745/2985/2746 2799/3039/2800
f 364/218/209 365/219/210 2741/2981/2742 2799/3039/2800
f 2801/3041/2802 2800/3040/2801 2796/3036/2797 2797/3037/2798
f 2789/3029/2790 2802/3042/2803 2801/3041/2802 2797/3037/2798
f 202/23/23 203/24/24 2801/3041/2802 2802/3042/2803
f 2784/3024/2785 206/27/27 202/23/23 2802/3042/2803
f 2789/3029/2790 2783/3023/2784 2784/3024/2785 2802/3042/2803
f 203/24/24 2803/3043/2804 2800/3040/2801 2801/3041/2802
f 2804/3044/2805 370/225/216 371/226/217 2803/3043/2804
f 203/24/24 204/25/25 2804/3044/2805 2803/3043/2804
f 371/226/217 2805/3045/2806 2800/3040/2801 2803/3043/2804
f 371/226/217 372/227/218 2806/3046/2807 2805/3045/2806
f 189/7/7 2796/3036/2797 2800/3040/2801 2805/3045/2806
f 2806/3046/2807 186/4/4 189/7/7 2805/3045/2806
f 372/227/218 373/228/219 2807/3047/2808 2806/3046/2807
f 2807/3047/2808 185/3/3 186/4/4 2806/3046/2807
f 2738/2978/2739 366/220/211 185/3/3 2807/3047/2808
f 373/228/219 2736/2976/2737 2738/2978/2739 2807/3047/2808
f 2808/3048/2809 375/230/221 370/225/216 2804/3044/2805
f 204/25/25 210/31/31 2808/3048/2809 2804/3044/2805
f 224/48/47 225/49/48 375/230/221 2808/3048/2809
f 210/31/31 227/53/50 224/48/47 2808/3048/2809
f 189/7/7 187/5/5 2795/3035/2796 2796/3036/2797
f 2747/2987/2748 2749/2989/2750 2790/3030/2791 2791/3031/2792
f 2809/3049/2810 2785/3025/2786 2786/3026/2787 2790/3030/2791
f 2749/2989/2750 2751/2991/2752 2809/3049/2810 2790/3030/2791
f 2810/3050/2811 201/21/21 2785/3025/2786 2809/3049/2810
f 2751/2991/2752 2811/3051/2812 2810/3050/2811 2809/3049/2810
f 190/9/9 191/10/10 2810/3050/2811 2811/3051/2812
f 2754/2994/2755 195/14/14 190/9/9 2811/3051/2812
f 2751/2991/2752 2752/2992/2753 2754/2994/2755 2811/3051/2812
f 191/10/10 200/20/20 201/21/21 2810/3050/2811
f 201/21/21 196/16/16 2781/3021/2782 2785/3025/2786
f 2779/3019/2780 2780/3020/2781 206/27/27 2784/3024/2785
f 2812/3052/2813 205/26/26 206/27/27 2780/3020/2781
f 2776/3016/2777 2777/3017/2778 2812/3052/2813 2780/3020/2781
f 235/63/60 211/32/32 205/26/26 2812/3052/2813
f 2777/3017/2778 234/62/59 235/63/60 2812/3052/2813
f 2771/3011/2772 2772/3012/2773 234/62/59 2777/3017/2778
f 198/18/18 199/19/19 2773/3013/2774 2774/3014/2775
f 199/19/19 192/11/11 193/12/12 2773/3013/2774
f 193/12/12 2765/3005/2766 2766/3006/2767 2773/3013/2774
f 2813/3053/2814 8/61/58 234/62/59 2772/3012/2773
f 2768/3008/2769 2769/3009/2770 2813/3053/2814 2772/3012/2773
f 2814/3054/2815 240/68/65 8/61/58 2813/3053/2814
f 2769/3009/2770 2815/3055/2816 2814/3054/2815 2813/3053/2814
f 299/141/135 294/136/130 2814/3054/2815 2815/3055/2816
f 267/105/99 271/109/103 299/141/135 2815/3055/2816
f 2769/3009/2770 266/104/98 267/105/99 2815/3055/2816
f 294/136/130 295/137/131 240/68/65 2814/3054/2815
f 193/12/12 194/13/13 2764/3004/2765 2765/3005/2766
f 194/13/13 195/14/14 2816/3056/2817 2764/3004/2765
f 2816/3056/2817 2759/2999/2760 2761/3001/2762 2764/3004/2765
f 195/14/14 2754/2994/2755 2755/2995/2756 2816/3056/2817
f 2755/2995/2756 2756/2996/2757 2759/2999/2760 2816/3056/2817
f 365/219/210 366/220/211 2738/2978/2739 2739/2979/2740
f 373/228/219 367/222/213 2734/2974/2735 2736/2976/2737
f 367/222/213 368/223/214 2729/2969/2730 2734/2974/2735
f 368/223/214 369/224/215 2715/2954/2716 2719/2958/2720
f 2714/2953/2715 413/275/266 414/276/267 2718/2957/2719
f 225/49/48 221/50/44 2709/2949/2710 2711/2950/2712
f 374/229/220 375/230/221 225/49/48 2711/2950/2712
f 221/44/44 222/45/45 2708/2945/2709 2709/2946/2710
f 222/45/45 2817/3057/2818 2707/2944/2708 2708/2945/2709
f 2818/3058/2819 229/56/53 2707/2944/2708 2817/3057/2818
f 213/35/35 214/36/36 2818/3058/2819 2817/3057/2818
f 222/45/45 223/46/46 213/35/35 2817/3057/2818
f 2819/3059/2820 228/55/52 229/56/53 2818/3058/2819
f 214/36/36 217/39/39 2819/3059/2820 2818/3058/2819
f 217/39/39 2821/3061/2822 2820/3060/2821 2819/3059/2820
f 2820/3060/2821 233/60/57 228/55/52 2819/3059/2820
f 2822/3062/2823 2652/2889/2653 2654/2891/2655 2821/3061/2822
f 217/39/39 215/37/37 2822/3062/2823 2821/3061/2822
f 2654/2891/2655 2823/3063/2824 2820/3060/2821 2821/3061/2822
f 2654/2891/2655 2655/2892/2656 2658/2895/2659 2823/3063/2824
f 2824/3064/2825 233/60/57 2820/3060/2821 2823/3063/2824
f 2658/2895/2659 2825/3065/2826 2824/3064/2825 2823/3063/2824
f 2658/2895/2659 2659/2896/2660 2663/2900/2664 2825/3065/2826
f 2827/3067/2828 2826/3066/2827 2824/3064/2825 2825/3065/2826
f 2663/2900/2664 2828/3068/2829 2827/3067/2828 2825/3065/2826
f 2663/2900/2664 2664/2901/2665 2667/2904/2668 2828/3068/2829
f 2694/2931/2695 2701/2938/2702 2827/3067/2828 2828/3068/2829
f 2667/2904/2668 2692/2929/2693 2694/2931/2695 2828/3068/2829
f 2701/2938/2702 2702/2939/2703 2826/3066/2827 2827/3067/2828
f 232/59/56 233/60/57 2824/3064/2825 2826/3066/2827
f 2702/2939/2703 231/58/55 232/59/56 2826/3066/2827
f 2649/2886/2650 2650/2887/2651 2652/2889/2653 2822/3062/2823
f 215/37/37 216/38/38 2649/2886/2650 2822/3062/2823
f 229/56/53 230/57/54 2705/2942/2706 2707/2944/2708
f 2666/2903/2667 1333/1393/1314 1331/1391/1312 2671/2908/2672
f 688/616/576 1329/1389/1310 1330/1390/1311 2662/2899/2663
f 2657/2894/2658 685/613/573 688/616/576 2662/2899/2663
f 1330/1390/1311 1333/1393/1314 2661/2898/2662 2662/2899/2663
f 216/38/38 2829/3069/2830 2647/2884/2648 2649/2886/2650
f 2644/2881/2645 2645/2882/2646 2647/2884/2648 2829/3069/2830
f 226/51/49 218/41/41 2644/2881/2645 2829/3069/2830
f 216/38/38 212/34/34 226/51/49 2829/3069/2830
f 218/41/41 219/42/42 2641/2878/2642 2644/2881/2645
f 251/87/81 252/88/82 1229/1269/1197 2643/2880/2644
f 246/80/75 249/83/78 251/87/81 2640/2877/2641
f 219/42/42 220/43/43 2637/2874/2638 2638/2875/2639
f 2831/3073/2832 2830/3072/2831 2635/3071/2636 2637/3070/2638
f 220/52/43 227/53/50 2831/3073/2832 2637/3070/2638
f 207/28/28 208/29/29 2830/3072/2831 2831/3073/2832
f 227/53/50 210/31/31 207/28/28 2831/3073/2832
f 208/29/29 2833/3075/2834 2832/3074/2833 2830/3072/2831
f 2832/3074/2833 2633/2868/2634 2635/3071/2636 2830/3072/2831
f 2836/3078/2837 2835/3077/2836 2834/3076/2835 2833/3075/2834
f 208/29/29 209/30/30 2836/3078/2837 2833/3075/2834
f 2834/3076/2835 2837/3079/2838 2832/3074/2833 2833/3075/2834
f 2834/3076/2835 2839/3081/2840 2838/3080/2839 2837/3079/2838
f 2631/2866/2632 2633/2868/2634 2832/3074/2833 2837/3079/2838
f 2838/3080/2839 2629/2864/2630 2631/2866/2632 2837/3079/2838
f 2840/3082/2841 2109/2261/2106 2110/2262/2107 2839/3081/2840
f 2834/3076/2835 2835/3077/2836 2840/3082/2841 2839/3081/2840
f 2110/2262/2107 2111/2263/2108 2838/3080/2839 2839/3081/2840
f 2842/3084/2843 2841/3083/2842 2109/2261/2106 2840/3082/2841
f 2835/3077/2836 2843/3085/2844 2842/3084/2843 2840/3082/2841
f 237/65/62 2844/3086/2845 2842/3084/2843 2843/3085/2844
f 2845/3087/2846 236/64/61 237/65/62 2843/3085/2844
f 2835/3077/2836 2836/3078/2837 2845/3087/2846 2843/3085/2844
f 211/32/32 235/63/60 236/64/61 2845/3087/2846
f 2836/3078/2837 209/30/30 211/32/32 2845/3087/2846
f 2847/3089/2848 2095/2240/2092 2846/3088/2847 2844/3086/2845
f 237/65/62 238/66/63 2847/3089/2848 2844/3086/2845
f 2846/3088/2847 2841/3083/2842 2842/3084/2843 2844/3086/2845
f 2091/2236/2088 2092/2237/2089 2095/2240/2092 2847/3089/2848
f 238/66/63 239/67/64 2091/2236/2088 2847/3089/2848
f 2095/2240/2092 2096/2241/2093 2099/3090/2096 2846/3088/2847
f 2099/3090/2096 2105/3091/2102 2841/3083/2842 2846/3088/2847
f 2105/3091/2102 2106/2260/2103 2109/2261/2106 2841/3083/2842
f 2111/2263/2108 2113/2266/2110 2629/2864/2630 2838/3080/2839
f 2098/2244/2095 592/501/465 593/502/466 2103/2860/2100
f 316/161/155 317/162/156 592/501/465 2094/2245/2091
f 239/67/64 2088/2233/2085 2089/2234/2086 2091/2236/2088
f 295/137/131 296/138/132 2085/2230/2082 2088/2233/2085
f 239/67/64 240/68/65 295/137/131 2088/2233/2085
f 312/156/150 313/157/151 319/165/158 2087/2232/2084
f 2849/3093/2850 2848/3092/2849 2081/2226/2078 2082/2227/2079
f 297/139/133 298/140/134 2849/3093/2850 2082/2227/2079
f 271/109/103 272/110/104 2848/3092/2849 2849/3093/2850
f 298/140/134 299/141/135 271/109/103 2849/3093/2850
f 272/110/104 273/111/105 274/113/107 2848/3092/2849
f 274/113/107 2080/2225/2077 2081/2226/2078 2848/3092/2849
f 274/113/107 275/114/108 2850/3094/2851 2080/2225/2077
f 2850/3094/2851 2077/2222/2074 2078/2223/2075 2080/2225/2077
f 275/114/108 276/115/109 2851/3095/2852 2850/3094/2851
f 2851/3095/2852 2852/3096/2853 2077/2222/2074 2850/3094/2851
f 2851/3095/2852 304/147/141 2853/3097/2854 2852/3096/2853
f 2073/2218/2070 2074/2219/2071 2077/2222/2074 2852/3096/2853
f 2853/3097/2854 2854/3098/2855 2073/2218/2070 2852/3096/2853
f 2853/3097/2854 2855/3099/2856 2060/2200/2057 2854/3098/2855
f 2070/2215/2067 2071/2216/2068 2073/2218/2070 2854/3098/2855
f 2060/2200/2057 2061/2201/2058 2070/2215/2067 2854/3098/2855
f 305/148/142 309/152/146 2057/2197/2054 2855/3099/2856
f 2853/3097/2854 304/147/141 305/148/142 2855/3099/2856
f 2057/2197/2054 2058/2198/2055 2060/2200/2057 2855/3099/2856
f 276/115/109 303/146/140 304/147/141 2851/3095/2852
f 2061/2201/2058 2062/2202/2059 2066/2209/2063 2070/2215/2067
f 309/152/146 2031/2171/2028 2033/2173/2030 2057/2197/2054
f 309/152/146 307/150/144 2028/2168/2025 2031/2171/2028
f 336/186/177 325/174/165 326/175/166 2030/2170/2027
f 2024/2164/2021 347/199/190 348/200/191 2027/2167/2024
f 300/143/137 301/144/138 2021/2161/2018 2022/2162/2019
f 283/123/117 284/124/118 2019/2159/2016 2021/2161/2018
f 301/144/138 2856/3100/2857 283/123/117 2021/2161/2018
f 2857/3101/2858 282/122/116 283/123/117 2856/3100/2857
f 2859/3103/2860 2858/3102/2859 2857/3101/2858 2856/3100/2857
f 301/144/138 302/145/139 2859/3103/2860 2856/3100/2857
f 2861/3105/2862 2860/3104/2861 2858/3102/2859 2859/3103/2860
f 302/145/139 306/149/143 2861/3105/2862 2859/3103/2860
f 281/120/114 2862/3106/2863 2860/3104/2861 2861/3105/2862
f 306/149/143 277/116/110 281/120/114 2861/3105/2862
f 2864/3108/2865 2863/3107/2864 2860/3104/2861 2862/3106/2863
f 2866/3110/2867 2865/3109/2866 2864/3108/2865 2862/3106/2863
f 281/120/114 279/118/112 2866/3110/2867 2862/3106/2863
f 1233/1274/1202 1234/1275/1203 2865/3109/2866 2866/3110/2867
f 279/118/112 280/119/113 1233/1274/1202 2866/3110/2867
f 2868/3112/2869 2867/3111/2868 2864/3108/2865 2865/3109/2866
f 1234/1275/1203 2869/3113/2870 2868/3112/2869 2865/3109/2866
f 1996/2136/1993 1998/2138/1995 2868/3112/2869 2869/3113/2870
f 1993/2133/1990 1994/2134/1991 1996/2136/1993 2869/3113/2870
f 1234/1275/1203 1230/1271/1199 1993/2133/1990 2869/3113/2870
f 1998/2138/1995 2000/2140/1997 2867/3111/2868 2868/3112/2869
f 2870/3114/2871 2863/3107/2864 2864/3108/2865 2867/3111/2868
f 2000/2140/1997 2871/3115/2872 2870/3114/2871 2867/3111/2868
f 2873/3117/2874 2872/3116/2873 2870/3114/2871 2871/3115/2872
f 2003/2143/2000 2005/2145/2002 2873/3117/2874 2871/3115/2872
f 2000/2140/1997 2001/2141/1998 2003/2143/2000 2871/3115/2872
f 2875/3119/2876 2874/3118/2875 2872/3116/2873 2873/3117/2874
f 2005/2145/2002 2007/2147/2004 2875/3119/2876 2873/3117/2874
f 292/133/127 293/134/128 2874/3118/2875 2875/3119/2876
f 2007/2147/2004 291/132/126 292/133/127 2875/3119/2876
f 293/134/128 286/126/120 2876/3120/2877 2874/3118/2875
f 2876/3120/2877 2877/3121/2878 2872/3116/2873 2874/3118/2875
f 2876/3120/2877 2857/3101/2858 2858/3102/2859 2877/3121/2878
f 2863/3107/2864 2870/3114/2871 2872/3116/2873 2877/3121/2878
f 2858/3102/2859 2860/3104/2861 2863/3107/2864 2877/3121/2878
f 286/126/120 282/122/116 2857/3101/2858 2876/3120/2877
f 284/124/118 287/127/121 2018/2158/2015 2019/2159/2016
f 287/127/121 289/130/124 2017/2157/2014 2018/2158/2015
f 2011/2151/2008 2012/2152/2009 2014/2154/2011 2017/2157/2014
f 289/130/124 290/131/125 2011/2151/2008 2017/2157/2014
f 290/131/125 291/132/126 2009/2149/2006 2011/2151/2008
f 1230/1271/1199 1231/1272/1200 1991/2131/1988 1993/2133/1990
f 1231/1272/1200 1289/1345/1266 1290/1346/1267 1991/2131/1988
f 1286/1342/1263 1287/1343/1264 543/442/409 1989/2129/1986
f 545/444/411 2878/3122/2879 1986/2126/1983 1987/2127/1984
f 1295/1352/1273 1296/1353/1274 1986/2126/1983 2878/3122/2879
f 2879/3123/2880 556/456/423 1295/1352/1273 2878/3122/2879
f 545/444/411 546/445/412 2879/3123/2880 2878/3122/2879
f 2880/3124/2881 555/455/422 556/456/423 2879/3123/2880
f 546/445/412 547/446/413 2880/3124/2881 2879/3123/2880
f 548/447/414 549/448/415 555/455/422 2880/3124/2881
f 547/446/413 551/450/417 548/447/414 2880/3124/2881
f 1296/1353/1274 1978/2118/1975 1980/2120/1977 1986/2126/1983
f 1296/1353/1274 1294/1351/1272 1975/2115/1972 1978/2118/1975
f 1294/1351/1272 559/459/426 1974/2114/1971 1975/2115/1972
f 575/481/445 570/475/439 1303/1360/1281 1970/2110/1967
f 564/467/432 565/468/433 1942/2106/1939 1967/3125/1964
f 1921/2051/1918 1922/2052/1919 1924/2054/1921 1932/2062/1929
f 672/599/559 673/600/560 1914/2044/1911 1915/2045/1912
f 1905/2035/1902 1307/1365/1286 1308/1366/1287 1909/2039/1906
f 605/515/479 600/510/474 1902/2032/1899 1903/2033/1900
f 598/507/471 318/163/157 324/171/163 1896/2026/1893
f 1241/1283/1211 1235/1277/1205 1881/2009/1878 1884/2206/1881
f 1237/1279/1207 1238/1280/1208 1875/2001/1872 1876/2002/1873
f 1355/1418/1339 1356/1419/1340 1840/1956/1837 1871/1997/1868
f 1356/1419/1340 1357/1420/1341 1839/1955/1836 1840/1956/1837
f 1405/1475/1396 1406/1476/1397 1747/3126/1743 1749/1948/1745
f 1406/1476/1397 1742/3128/1738 1743/3127/1739 1747/3126/1743
f 1406/1476/1397 1407/1477/1398 1741/1995/1737 1742/3128/1738
f 1137/1156/1090 1138/1157/1091 1665/1761/1657 1720/1819/1715
f 1120/1142/1076 1121/1143/1077 1706/1805/1701 1708/1807/1703
f 1128/1835/1731 1125/1790/1686 1692/1791/1687 1694/1793/1689
f 2882/3130/2883 2881/3129/2882 1085/1099/1036 1691/1789/1685
f 1687/1783/1679 1688/1784/1680 2882/3130/2883 1691/1789/1685
f 1085/1099/1036 1086/1100/1037 1690/1788/1684 1691/1789/1685
f 1111/1131/1065 1433/1506/1425 2881/3129/2882 2882/3130/2883
f 1688/1784/1680 1110/1130/1064 1111/1131/1065 2882/3130/2883
f 1433/1506/1425 1434/1507/1426 1436/1509/1428 2881/3129/2882
f 1436/1509/1428 1084/1097/1034 1085/1099/1036 2881/3129/2882
f 1683/1779/1675 1113/1133/1067 1110/1130/1064 1688/1784/1680
f 1127/1785/1681 1128/1835/1731 1684/1780/1676 1685/1781/1677
f 1148/1168/1102 1114/1134/1068 1115/1135/1069 1673/1769/1665
f 1668/1764/1660 1145/1165/1099 1148/1168/1102 1673/1769/1665
f 1115/1135/1069 1116/1136/1070 1672/1768/1664 1673/1769/1665
f 1135/1154/1088 1132/1151/1085 1646/1739/1638 1648/1742/1640
f 2885/3133/2886 2884/3132/2885 2883/3131/2884 1637/1724/1629
f 1631/1718/1623 1632/1719/1624 2885/3133/2886 1637/1724/1629
f 2883/3131/2884 725/658/618 1636/1723/1628 1637/1724/1629
f 813/763/720 2886/3134/2887 2884/3132/2885 2885/3133/2886
f 1632/1719/1624 812/762/719 813/763/720 2885/3133/2886
f 752/691/648 750/689/646 2887/3135/2888 2886/3134/2887
f 813/763/720 806/756/713 752/691/648 2886/3134/2887
f 2887/3135/2888 2888/3136/2889 2884/3132/2885 2886/3134/2887
f 2887/3135/2888 739/676/633 737/674/631 2888/3136/2889
f 2889/3137/2890 2883/3131/2884 2884/3132/2885 2888/3136/2889
f 737/674/631 738/675/632 2889/3137/2890 2888/3136/2889
f 724/657/617 725/658/618 2883/3131/2884 2889/3137/2890
f 738/675/632 728/661/621 724/657/617 2889/3137/2890
f 750/689/646 751/690/647 739/676/633 2887/3135/2888
f 1627/1714/1619 814/764/721 812/762/719 1632/1719/1624
f 838/792/749 810/760/717 811/761/718 1623/1708/1615
f 1618/1709/1610 837/791/748 838/792/749 1623/1708/1615
f 811/761/718 814/764/721 1622/1707/1614 1623/1708/1615
f 803/752/709 800/749/706 1607/1691/1599 1608/1692/1600
f 1353/1416/1337 1350/1413/1334 1603/1687/1595 1605/1689/1597
f 1350/1413/1334 1351/1414/1335 1601/1685/1593 1603/1687/1595
f 362/215/206 363/216/207 1597/1681/1589 1599/1683/1591
f 1351/1414/1335 361/214/205 362/215/206 1599/1683/1591
f 363/216/207 2890/3138/2891 1596/1680/1588 1597/1681/1589
f 2893/3141/2894 2892/3140/2893 2891/3139/2892 2890/3138/2891
f 363/216/207 357/210/201 2893/3141/2894 2890/3138/2891
f 2891/3139/2892 1595/1679/1587 1596/1680/1588 2890/3138/2891
f 2895/3143/2896 2894/3142/2895 2892/3140/2893 2893/3141/2894
f 357/210/201 358/211/202 2895/3143/2896 2893/3141/2894
f 1247/1290/1218 2896/3144/2897 2894/3142/2895 2895/3143/2896
f 358/211/202 1244/1287/1215 1247/1290/1218 2895/3143/2896
f 2897/3145/2898 1560/1644/1552 1562/1646/1554 2896/3144/2897
f 1247/1290/1218 1245/1288/1216 2897/3145/2898 2896/3144/2897
f 1562/1646/1554 1564/1648/1556 2894/3142/2895 2896/3144/2897
f 2898/3146/2899 1559/1643/1551 1560/1644/1552 2897/3145/2898
f 1245/1288/1216 1246/1289/1217 2898/3146/2899 2897/3145/2898
f 346/197/188 1558/1642/1550 1559/1643/1551 2898/3146/2899
f 1246/1289/1217 339/190/181 346/197/188 2898/3146/2899
f 1564/1648/1556 2899/3147/2900 2892/3140/2893 2894/3142/2895
f 1564/1648/1556 1565/1649/1557 1568/1652/1560 2899/3147/2900
f 2900/3148/2901 2891/3139/2892 2892/3140/2893 2899/3147/2900
f 1568/1652/1560 2901/3149/2902 2900/3148/2901 2899/3147/2900
f 1568/1652/1560 1569/1653/1561 1573/1657/1565 2901/3149/2902
f 2903/3151/2904 2902/3150/2903 2900/3148/2901 2901/3149/2902
f 1573/1657/1565 1583/1667/1575 2903/3151/2904 2901/3149/2902
f 835/788/745 836/789/746 2902/3150/2903 2903/3151/2904
f 1583/1667/1575 834/787/744 835/788/745 2903/3151/2904
f 1595/1679/1587 2891/3139/2892 2900/3148/2901 2902/3150/2903
f 836/789/746 1593/1677/1585 1595/1679/1587 2902/3150/2903
f 832/785/742 833/786/743 1585/1669/1577 1587/1671/1579
f 668/594/554 656/581/541 659/584/544 1572/1656/1564
f 1567/1651/1559 665/591/551 668/594/554 1572/1656/1564
f 1552/1636/1544 1553/1637/1545 1555/1639/1547 1558/1642/1550
f 346/197/188 344/195/186 1552/1636/1544 1558/1642/1550
f 344/195/186 345/196/187 1542/1626/1534 1552/1636/1544
f 641/563/523 644/566/526 658/583/543 1551/1635/1543
f 1305/1363/1284 1520/1604/1512 1521/1605/1513 1524/1608/1516
f 1305/1363/1284 1306/1364/1285 1519/1603/1511 1520/1604/1512
f 1399/1469/1390 1400/1470/1391 1473/1557/1465 1474/1558/1466
f 1400/1470/1391 1030/1024/968 1056/1057/998 1473/1557/1465
f 1056/1057/998 1057/1058/999 1471/1555/1463 1473/1557/1465
f 2904/3153/2905 1450/3152/1442 1467/1551/1459 1469/1553/1461
f 1057/1058/999 1054/1059/995 2904/3153/2905 1469/1553/1461
f 1446/1522/1438 1447/1523/1439 1450/1526/1442 2904/3154/2905
f 1054/1052/995 1055/1053/996 1446/1522/1438 2904/3154/2905
f 1450/3152/1442 1451/1532/1443 1455/1533/1447 1467/1551/1459
f 2906/3156/2907 2905/3155/2906 1052/1049/993 1459/1538/1451
f 1453/1529/1445 1454/1530/1446 2906/3156/2907 1459/1538/1451
f 1052/1049/993 1053/1050/994 1458/1537/1450 1459/1538/1451
f 1069/1076/1016 1070/1077/1017 2905/3155/2906 2906/3156/2907
f 1454/1530/1446 1063/1069/1009 1069/1076/1016 2906/3156/2907
f 1070/1077/1017 2908/3158/2909 2907/3157/2908 2905/3155/2906
f 2907/3157/2908 1051/1048/992 1052/1049/993 2905/3155/2906
f 2911/3162/2912 2910/3161/2911 2909/3160/2910 2908/3159/2909
f 1070/1077/1017 1071/1078/1018 2911/3163/2912 2908/3158/2909
f 2909/3160/2910 2912/3165/2913 2907/3164/2908 2908/3159/2909
f 2909/3160/2910 1442/1518/1434 1444/1520/1436 2912/3165/2913
f 1055/1053/996 1051/1054/997 2907/3164/2908 2912/3165/2913
f 1444/1520/1436 1446/1522/1438 1055/1053/996 2912/3165/2913
f 1404/1474/1395 2913/3167/2914 2910/3166/2911 2911/3163/2912
f 1071/1078/1018 1072/1079/1019 1404/1474/1395 2911/3163/2912
f 1083/3169/1033 1437/1512/1429 1438/1513/1430 2913/3168/2914
f 1404/1474/1395 1082/1095/1032 1083/1096/1033 2913/3167/2914
f 1438/1513/1430 1440/1516/1432 2910/3161/2911 2913/3168/2914
f 1440/1516/1432 1442/1518/1434 2909/3160/2910 2910/3161/2911
f 1449/1525/1441 1062/1068/1008 1063/1069/1009 1454/1530/1446
f 1083/1096/1033 1084/1097/1034 1436/1509/1428 1437/1510/1429
f 1111/1131/1065 1107/1127/1061 1430/1503/1422 1433/1506/1425
f 1060/1066/1006 125/1060/1000 1401/1471/1392 1432/1515/1424
f 1108/1128/1062 1109/1129/1063 1424/1497/1416 1425/1498/1417
f 1109/1129/1063 1114/1134/1068 1423/1496/1415 1424/1497/1416
f 1114/1134/1068 1148/1168/1102 1146/1166/1100 1423/1496/1415
f 1146/1166/1100 1147/1167/1101 1421/1494/1413 1423/1496/1415
f 1182/1757/1143 1178/3170/1139 1413/1484/1405 1415/1486/1407
f 1178/3170/1139 1179/3171/1140 1411/1482/1403 1413/1484/1405
f 1179/3171/1140 1154/1176/1110 1155/1177/1111 1411/1482/1403
f 2915/3173/2916 2914/3172/2915 1395/1464/1385 1397/1466/1387
f 1345/1407/1328 1346/1408/1329 2915/3173/2916 1397/1466/1387
f 771/713/670 772/714/671 2914/3172/2915 2915/3173/2916
f 1346/1408/1329 1349/1411/1332 771/713/670 2915/3173/2916
f 2916/3174/2917 1394/1463/1384 1395/1464/1385 2914/3172/2915
f 772/714/671 773/715/672 2916/3174/2917 2914/3172/2915
f 778/721/678 2917/3175/2918 1394/1463/1384 2916/3174/2917
f 773/715/672 777/720/677 778/721/678 2916/3174/2917
f 2918/3176/2919 1393/1462/1383 1394/1463/1384 2917/3175/2918
f 2920/3178/2921 2919/3177/2920 2918/3176/2919 2917/3175/2918
f 778/721/678 779/722/679 2920/3178/2921 2917/3175/2918
f 2922/3180/2923 2921/3179/2922 2919/3177/2920 2920/3178/2921
f 779/722/679 782/725/682 2922/3180/2923 2920/3178/2921
f 2924/3182/2925 2923/3181/2924 2921/3179/2922 2922/3180/2923
f 782/725/682 2925/3183/2926 2924/3182/2925 2922/3180/2923
f 2927/3185/2928 2926/3184/2927 2924/3182/2925 2925/3183/2926
f 2929/3187/2930 2928/3186/2929 2927/3185/2928 2925/3183/2926
f 782/725/682 780/723/680 2929/3187/2930 2925/3183/2926
f 2931/3189/2932 2930/3188/2931 2928/3186/2929 2929/3187/2930
f 780/723/680 781/724/681 2931/3189/2932 2929/3187/2930
f 2933/3191/2934 2932/3190/2933 2930/3188/2931 2931/3189/2932
f 781/724/681 2934/3192/2935 2933/3191/2934 2931/3189/2932
f 808/758/715 2935/3193/2936 2933/3191/2934 2934/3192/2935
f 2936/3194/2937 807/757/714 808/758/715 2934/3192/2935
f 781/724/681 774/717/674 2936/3194/2937 2934/3192/2935
f 748/687/644 749/688/645 807/757/714 2936/3194/2937
f 774/717/674 775/718/675 748/687/644 2936/3194/2937
f 809/759/716 2938/3196/2939 2937/3195/2938 2935/3193/2936
f 808/758/715 90/755/712 809/759/716 2935/3193/2936
f 2937/3195/2938 2932/3190/2933 2933/3191/2934 2935/3193/2936
f 2941/3199/2942 2940/3198/2941 2939/3197/2940 2938/3196/2939
f 809/759/716 810/760/717 2941/3199/2942 2938/3196/2939
f 2939/3197/2940 2942/3200/2943 2937/3195/2938 2938/3196/2939
f 2939/3197/2940 2944/3202/2945 2943/3201/2944 2942/3200/2943
f 847/804/759 2932/3190/2933 2937/3195/2938 2942/3200/2943
f 2943/3201/2944 846/803/758 847/804/759 2942/3200/2943
f 2947/3205/2948 2946/3204/2947 2945/3203/2946 2944/3202/2945
f 2939/3197/2940 2940/3198/2941 2947/3205/2948 2944/3202/2945
f 2945/3203/2946 2948/3206/2949 2943/3201/2944 2944/3202/2945
f 2945/3203/2946 2950/3208/2951 2949/3207/2950 2948/3206/2949
f 850/807/762 846/803/758 2943/3201/2944 2948/3206/2949
f 2949/3207/2950 856/814/769 850/807/762 2948/3206/2949
f 2953/3211/2954 2952/3210/2953 2951/3209/2952 2950/3208/2951
f 2945/3203/2946 2946/3204/2947 2953/3211/2954 2950/3208/2951
f 2951/3209/2952 2954/3212/2955 2949/3207/2950 2950/3208/2951
f 2951/3209/2952 2956/3214/2957 2955/3213/2956 2954/3212/2955
f 855/813/768 856/814/769 2949/3207/2950 2954/3212/2955
f 2955/3213/2956 857/815/770 855/813/768 2954/3212/2955
f 2958/3216/2959 1204/1239/1168 2957/3215/2958 2956/3214/2957
f 2951/3209/2952 2952/3210/2953 2958/3216/2959 2956/3214/2957
f 2957/3215/2958 2959/3217/2960 2955/3213/2956 2956/3214/2957
f 2957/3215/2958 2961/3219/2962 2960/3218/2961 2959/3217/2960
f 2962/3220/2963 857/815/770 2955/3213/2956 2959/3217/2960
f 2960/3218/2961 2923/3181/2924 2962/3220/2963 2959/3217/2960
f 2926/3184/2927 854/812/767 857/815/770 2962/3220/2963
f 2923/3181/2924 2924/3182/2925 2926/3184/2927 2962/3220/2963
f 2957/3215/2958 1204/1239/1168 147/1234/1163 2961/3219/2962
f 1193/1227/1156 1199/1233/1162 2960/3218/2961 2961/3219/2962
f 147/1234/1163 1192/1226/1155 1193/1227/1156 2961/3219/2962
f 1199/1233/1162 2921/3179/2922 2923/3181/2924 2960/3218/2961
f 2952/3210/2953 2964/3222/2965 2963/3221/2964 2958/3216/2959
f 2963/3221/2964 1203/1238/1167 1204/1239/1168 2958/3216/2959
f 2967/3225/2968 2966/3224/2967 2965/3223/2966 2964/3222/2965
f 2952/3210/2953 2953/3211/2954 2967/3225/2968 2964/3222/2965
f 2965/3223/2966 2968/3226/2969 2963/3221/2964 2964/3222/2965
f 2965/3223/2966 2970/3228/2971 2969/3227/2970 2968/3226/2969
f 2971/3229/2972 1203/1238/1167 2963/3221/2964 2968/3226/2969
f 2969/3227/2970 2972/3230/2973 2971/3229/2972 2968/3226/2969
f 2969/3227/2970 1214/1251/1180 2973/3231/2974 2972/3230/2973
f 2975/3233/2976 2974/3232/2975 2971/3229/2972 2972/3230/2973
f 2973/3231/2974 2976/3234/2977 2975/3233/2976 2972/3230/2973
f 2973/3231/2974 2978/3236/2979 2977/3235/2978 2976/3234/2977
f 2979/3237/2980 1187/1217/1148 2975/3233/2976 2976/3234/2977
f 2977/3235/2978 2980/3238/2981 2979/3237/2980 2976/3234/2977
f 2977/3235/2978 1223/3240/1190 2981/3239/2982 2980/3238/2981
f 2983/3242/2984 2982/3241/2983 2979/3237/2980 2980/3238/2981
f 2981/3239/2982 2984/3243/2985 2983/3242/2984 2980/3238/2981
f 2981/3246/2982 2985/3245/2986 1206/1242/1171 2984/3244/2985
f 2987/3248/2988 2986/3247/2987 2983/3242/2984 2984/3243/2985
f 1206/1242/1171 1207/1243/1172 2987/3249/2988 2984/3244/2985
f 2989/3251/2990 2988/3250/2989 2986/3247/2987 2987/3248/2988
f 1207/1243/1172 1212/1248/1177 2989/3252/2990 2987/3249/2988
f 1212/1248/1177 2990/3254/2991 1169/3253/1128 2989/3252/2990
f 1169/1194/1128 1170/1195/1129 2988/3250/2989 2989/3251/2990
f 2993/3257/2994 2992/3256/2993 2991/3255/2992 2990/3254/2991
f 1212/1248/1177 1211/1247/1176 2993/3257/2994 2990/3254/2991
f 2991/3255/2992 1168/1199/1127 1169/3253/1128 2990/3254/2991
f 1166/1190/1124 1167/1191/1125 2992/3256/2993 2993/3257/2994
f 1211/1247/1176 1165/1189/1123 1166/1190/1124 2993/3257/2994
f 1167/1191/1125 2995/3259/2996 2994/3258/2995 2992/3256/2993
f 2994/3258/2995 2996/3260/2997 2991/3255/2992 2992/3256/2993
f 2994/3258/2995 1150/1171/1105 1151/1172/1106 2996/3260/2997
f 1172/1198/1131 1168/1199/1127 2991/3255/2992 2996/3260/2997
f 1151/1172/1106 1190/1221/1152 1172/1198/1131 2996/3260/2997
f 1160/1183/1117 1102/1121/1055 1103/1122/1056 2995/3259/2996
f 1167/1191/1125 1159/1182/1116 1160/1183/1117 2995/3259/2996
f 1103/1122/1056 1150/1171/1105 2994/3258/2995 2995/3259/2996
f 2998/3262/2999 2997/3261/2998 2986/3247/2987 2988/3250/2989
f 1170/1195/1129 1173/1200/1132 2998/3262/2999 2988/3250/2989
f 2999/3263/3000 1183/1213/1144 2997/3261/2998 2998/3262/2999
f 1173/1200/1132 1188/1223/1150 2999/3263/3000 2998/3262/2999
f 3000/3264/3001 1180/1210/1141 1183/1213/1144 2999/3263/3000
f 1188/1223/1150 1189/3265/1151 3000/3264/3001 2999/3263/3000
f 1154/3266/1110 1179/1209/1140 1180/1210/1141 3000/3264/3001
f 1189/3265/1151 1152/3267/1107 1154/3266/1110 3000/3264/3001
f 2982/3241/2983 2983/3242/2984 2986/3247/2987 2997/3261/2998
f 1183/1213/1144 1184/1214/1145 2982/3241/2983 2997/3261/2998
f 1221/1260/1188 1222/1261/1189 3001/3268/3002 2985/3245/2986
f 2981/3246/2982 1223/1262/1190 1221/1260/1188 2985/3245/2986
f 3001/3268/3002 1205/1241/1170 1206/1242/1171 2985/3245/2986
f 3002/3269/3003 1209/1245/1174 1205/1241/1170 3001/3268/3002
f 1222/1261/1189 3003/3270/3004 3002/3269/3003 3001/3268/3002
f 3005/3272/3006 3004/3271/3005 3002/3269/3003 3003/3270/3004
f 3007/3276/3008 3006/3275/3007 3005/3274/3006 3003/3273/3004
f 1222/3278/1189 1219/3277/1186 3007/3276/3008 3003/3273/3004
f 1216/1253/1182 1217/1254/1183 3006/3275/3007 3007/3276/3008
f 1219/3277/1186 1218/1255/1184 1216/1253/1182 3007/3276/3008
f 3009/3280/3010 3008/3279/3009 3005/3274/3006 3006/3275/3007
f 1217/1254/1183 3010/3281/3011 3009/3280/3010 3006/3275/3007
f 2966/3224/2967 3011/3282/3012 3009/3280/3010 3010/3281/3011
f 2970/3228/2971 2965/3223/2966 2966/3224/2967 3010/3281/3011
f 1217/1254/1183 1213/1250/1179 2970/3228/2971 3010/3281/3011
f 3012/3283/3013 3008/3279/3009 3009/3280/3010 3011/3282/3012
f 3014/3285/3015 3013/3284/3014 3012/3283/3013 3011/3282/3012
f 2966/3224/2967 2967/3225/2968 3014/3285/3015 3011/3282/3012
f 2946/3204/2947 2947/3205/2948 3013/3284/3014 3014/3285/3015
f 2967/3225/2968 2953/3211/2954 2946/3204/2947 3014/3285/3015
f 843/798/754 844/799/755 3012/3283/3013 3013/3284/3014
f 2947/3205/2948 2940/3198/2941 843/798/754 3013/3284/3014
f 844/3289/755 3015/3288/3016 3008/3287/3009 3012/3286/3013
f 3004/3271/3005 3005/3272/3006 3008/3287/3009 3015/3288/3016
f 840/795/751 3016/3290/3017 3004/3271/3005 3015/3288/3016
f 844/3289/755 94/794/747 840/795/751 3015/3288/3016
f 1209/1245/1174 3002/3269/3003 3004/3271/3005 3016/3290/3017
f 3017/3291/3018 1208/1244/1173 1209/1245/1174 3016/3290/3017
f 840/795/751 841/796/752 3017/3291/3018 3016/3290/3017
f 828/780/737 829/781/738 1208/1244/1173 3017/3291/3018
f 841/796/752 830/782/739 828/780/737 3017/3291/3018
f 1184/1214/1145 1187/1217/1148 2979/3237/2980 2982/3241/2983
f 1215/1252/1181 1218/1255/1184 1220/3292/1187 2978/3236/2979
f 2973/3231/2974 1214/1251/1180 1215/1252/1181 2978/3236/2979
f 1220/3292/1187 1223/3240/1190 2977/3235/2978 2978/3236/2979
f 1187/1217/1148 1185/1215/1146 2974/3232/2975 2975/3233/2976
f 1201/1236/1165 1203/1238/1167 2971/3229/2972 2974/3232/2975
f 1185/1215/1146 1186/1216/1147 1201/1236/1165 2974/3232/2975
f 1213/1250/1179 1214/1251/1180 2969/3227/2970 2970/3228/2971
f 839/793/750 843/798/754 2940/3198/2941 2941/3199/2942
f 810/760/717 838/792/749 839/793/750 2941/3199/2942
f 847/804/759 848/805/760 2930/3188/2931 2932/3190/2933
f 848/805/760 851/808/763 2928/3186/2929 2930/3188/2931
f 851/808/763 853/811/766 2927/3185/2928 2928/3186/2929
f 853/811/766 854/812/767 2926/3184/2927 2927/3185/2928
f 1199/1233/1162 1196/1230/1159 2919/3177/2920 2921/3179/2922
f 1196/1230/1159 1197/1231/1160 2918/3176/2919 2919/3177/2920
f 1197/1231/1160 1396/1465/1386 1393/1462/1383 2918/3176/2919
f 3019/3294/3020 3018/3293/3019 1390/1459/1380 1396/1465/1386
f 1197/1231/1160 1198/1232/1161 3019/3294/3020 1396/1465/1386
f 993/983/927 1000/990/934 3018/3293/3019 3019/3294/3020
f 1198/1232/1161 992/982/926 993/983/927 3019/3294/3020
f 1000/990/934 1010/1002/946 1006/998/942 3018/3293/3019
f 1006/998/942 1007/999/943 1390/1459/1380 3018/3293/3019
f 1380/1447/1368 1381/1448/1369 1387/1455/1376 1388/1456/1377
f 929/904/854 930/905/855 1361/1425/1346 1368/1433/1354
f 522/418/385 525/421/388 1360/1424/1345 1363/1428/1349
f 1328/1388/1309 705/635/595 710/640/600 1332/1392/1313
f 704/634/594 705/635/595 1328/1388/1309 1329/1389/1310
f 688/616/576 689/617/577 704/634/594 1329/1389/1310
f 1320/1378/1299 1047/1043/987 1041/1037/981 1321/1379/1300
f 1035/1030/974 1031/1026/970 1047/1043/987 1320/1378/1299
f 1546/1630/1538 56/485/449 582/489/453 1314/1372/1293
f 278/117/111 268/106/100 269/107/101 1293/1349/1270
f 1232/1273/1201 280/119/113 278/117/111 1293/1349/1270
f 1289/1345/1266 1231/1272/1200 1232/1273/1201 1293/1349/1270
f 388/245/236 389/246/237 1288/1344/1265 1292/1348/1269
f 389/246/237 3020/3295/3021 1287/1343/1264 1288/1344/1265
f 389/246/237 390/247/238 551/450/417 3020/3295/3021
f 542/441/408 543/442/409 1287/1343/1264 3020/3295/3021
f 551/450/417 547/446/413 542/441/408 3020/3295/3021
f 917/889/839 909/876/831 1284/3296/1260 1285/2485/1261
f 909/876/831 910/877/832 1283/3297/1259 1284/3296/1260
f 910/877/832 515/409/377 517/412/379 1283/3297/1259
f 444/320/301 449/321/306 1263/1310/1237 1264/1311/1238
f 3022/3299/3023 3021/3298/3022 1250/1294/1222 1251/1295/1223
f 453/326/311 454/327/312 3022/3299/3023 1251/1295/1223
f 462/3301/321 3023/3300/3024 3021/3298/3022 3022/3299/3023
f 454/327/312 461/336/319 462/3301/321 3022/3299/3023
f 3025/3303/3026 3024/3302/3025 3021/3298/3022 3023/3300/3024
f 3026/3304/3027 437/305/293 3025/3303/3026 3023/3300/3024
f 462/3301/321 463/3305/322 3026/3304/3027 3023/3300/3024
f 3027/3306/3028 436/304/292 437/305/293 3026/3304/3027
f 463/3305/322 464/3307/323 3027/3306/3028 3026/3304/3027
f 478/364/339 438/306/294 436/304/292 3027/3306/3028
f 464/3307/323 477/363/338 478/364/339 3027/3306/3028
f 3028/3308/3029 399/258/249 3024/3302/3025 3025/3303/3026
f 437/305/293 430/298/286 3028/3308/3029 3025/3303/3026
f 384/240/231 385/241/232 399/258/249 3028/3308/3029
f 430/298/286 386/242/233 384/240/231 3028/3308/3029
f 399/258/249 400/259/250 3029/3309/3030 3024/3302/3025
f 3029/3309/3030 1250/1294/1222 3021/3298/3022 3024/3302/3025
f 400/259/250 401/260/251 3030/3310/3031 3029/3309/3030
f 3030/3310/3031 1249/1293/1221 1250/1294/1222 3029/3309/3030
f 401/260/251 427/294/282 428/295/283 3030/3310/3031
f 428/295/283 441/309/297 1249/1293/1221 3030/3310/3031
f 1242/1285/1213 338/189/180 339/190/181 1246/1289/1217
f 358/211/202 359/212/203 1243/1286/1214 1244/1287/1215
f 3031/3311/3032 338/189/180 1242/1285/1213 1243/1286/1214
f 359/212/203 360/213/204 3031/3311/3032 1243/1286/1214
f 353/205/196 337/188/179 338/189/180 3031/3311/3032
f 360/213/204 352/204/195 353/205/196 3031/3311/3032
f 252/88/82 253/89/83 1228/1268/1196 1229/1269/1197
f 1151/1172/1106 1152/1173/1107 1189/1220/1151 1190/1221/1152
f 1101/1120/1054 1102/1121/1055 1160/1183/1117 1161/1184/1118
f 1149/1170/1104 1104/1123/1057 1105/1124/1058 1153/1175/1109
f 1103/1122/1056 1104/1123/1057 1149/1170/1104 1150/1171/1105
f 1093/1108/1045 1037/1032/976 1040/1035/979 1096/1111/1048
f 1036/1031/975 1037/1032/976 1093/1108/1045 1094/1109/1046
f 1031/1026/970 1032/1027/971 1046/1042/986 1047/1043/987
f 979/961/911 980/962/912 994/984/928 995/985/929
f 541/3313/406 539/3312/404 987/977/920 990/978/923
f 539/437/404 540/438/405 986/971/919 987/972/920
f 933/908/858 896/860/815 901/865/820 934/909/859
f 879/840/795 895/859/814 896/860/815 933/908/858
f 922/895/845 907/872/827 908/873/828 924/898/848
f 871/831/786 872/832/787 919/892/842 920/893/843
f 524/420/387 519/415/382 871/831/786 920/893/843
f 872/832/787 873/833/788 918/891/841 919/892/842
f 873/833/788 882/844/799 883/845/800 918/891/841
f 883/845/800 874/835/790 875/836/791 918/891/841
f 708/638/598 709/639/599 892/856/811 893/857/812
f 885/847/802 880/842/797 888/851/806 889/852/807
f 880/842/797 881/843/798 887/850/805 888/851/806
f 881/843/798 869/829/784 870/830/785 887/850/805
f 878/839/794 874/835/790 883/845/800 884/846/801
f 873/833/788 869/829/784 881/843/798 882/844/799
f 519/415/382 520/416/383 866/826/781 871/831/786
f 864/824/779 860/819/774 863/822/777 868/828/783
f 859/818/773 860/819/774 864/824/779 865/825/780
f 852/810/765 849/806/761 850/807/762 856/814/769
f 851/808/763 849/806/761 852/810/765 853/811/766
f 815/766/723 816/767/724 824/776/733 825/777/734
f 749/688/645 752/691/648 806/756/713 807/757/714
f 777/720/677 773/715/672 768/710/667 783/726/683
f 744/682/639 745/683/640 765/707/664 766/708/665
f 703/633/593 690/618/578 694/623/583 707/637/597
f 689/617/577 690/618/578 703/633/593 704/634/594
f 693/622/582 691/619/579 692/620/580 697/626/586
f 690/618/578 691/619/579 693/622/582 694/623/583
f 666/592/552 655/580/540 656/581/541 668/594/554
f 619/531/495 620/532/496 648/571/531 649/572/532
f 567/470/435 568/471/436 595/504/468 596/505/469
f 1541/1625/1533 581/488/452 56/485/449 1546/1630/1538
f 552/451/418 553/452/419 562/463/430 563/464/431
f 553/452/419 554/453/420 561/462/429 562/463/430
f 467/345/326 468/346/327 509/403/371 510/404/372
f 468/346/327 457/348/315 458/411/316 509/403/371
f 477/366/338 464/342/323 465/343/324 479/365/340
f 455/335/313 420/286/274 421/287/275 460/334/318
f 393/251/242 392/250/241 431/299/287 432/300/288
f 392/250/241 379/235/226 386/242/233 431/299/287
f 26/198/189 341/192/183 337/188/179 353/205/196
f 331/181/172 330/179/170 325/174/165 336/186/177
f 303/146/140 276/115/109 277/116/110 306/149/143
f 288/129/123 285/125/119 286/126/120 293/134/128
f 287/127/121 285/125/119 288/129/123 289/130/124
f 212/34/34 213/35/35 223/46/46 226/51/49
f 191/10/10 192/11/11 199/19/19 200/20/20
f 12/73/70 11/76/73 10/72/69 9/69/66
f 489/2420/2239 488/2421/2241 487/2425/2245 486/2432/2252
f 676/603/563 675/1927/1816 677/609/569 71/602/562
f 1128/1835/1731 1127/1785/1681 1126/1786/1682 1125/1790/1686
f 3034/3317/3033 3035/3316/3033 3033/3315/3033 3032/3314/3033
f 3033/3315/3033 3037/3320/3033 3036/3319/3033 3032/3318/3033
f 3036/3319/3033 3038/3322/3033 3034/3321/3033 3032/3318/3033
f 3035/3316/3033 3039/3323/3033 3037/3320/3033 3033/3315/3033
f 3038/3322/3033 3039/3325/3033 3035/3324/3033 3034/3321/3033
f 3037/3327/3033 3039/3326/3033 3038/3322/3033 3036/3319/3033
f 3042/3331/3033 3043/3330/3033 3041/3329/3033 3040/3328/3033
f 3041/3329/3033 3045/3334/3033 3044/3333/3033 3040/3332/3033
f 3044/3333/3033 3046/3336/3033 3042/3335/3033 3040/3332/3033
f 3043/3330/3033 3047/3337/3033 3045/3334/3033 3041/3329/3033
f 3046/3336/3033 3047/3339/3033 3043/3338/3033 3042/3335/3033
f 3045/3341/3033 3047/3340/3033 3046/3336/3033 3044/3333/3033

