# WaveFront *.obj file (generated by Cinema 4D)

mtllib ./entityCreatorOne_0024.mtl

v -0.464649 -0.130415 -0.110223
v -0.461729 -0.208488 -0.009370
v -0.412750 -0.207243 -0.119873
v -0.330222 -0.136564 -0.216548
v -0.110751 -0.464023 -0.087884
v -0.318493 -0.237499 -0.094931
v -0.190496 -0.198367 -0.197359
v -0.102083 -0.038422 0.033558
v -0.347815 0.198710 -0.204787
v -0.365499 0.145775 -0.091324
v -0.331826 0.176471 -0.212383
v -0.337928 0.320962 -0.094674
v -0.241257 0.060065 -0.203515
v -0.113698 0.059619 0.032980
v -0.104622 0.227612 -0.203000
v -0.075236 0.095030 -0.222519
v -0.075874 0.326765 0.008052
v -0.062372 0.382336 -0.113437
v -0.021841 0.441625 -0.026634
v -0.442700 -0.115717 0.121972
v -0.392033 -0.206669 0.078146
v -0.355954 -0.206346 0.104263
v -0.155988 -0.324056 0.000770
v -0.118234 -0.423088 0.139924
v -0.087957 -0.469135 -0.006861
v -0.072700 -0.415161 0.169616
v -0.058938 -0.375126 0.169704
v 0.052780 -0.379719 0.019206
v -0.311116 -0.218187 0.033687
v -0.318590 -0.102698 0.139340
v -0.258613 -0.211668 0.020252
v -0.256191 -0.224593 0.001696
v -0.299886 -0.195245 0.097722
v -0.325063 -0.110337 0.154217
v -0.219087 -0.122531 0.049737
v -0.062824 -0.328768 0.108348
v -0.035658 -0.322525 0.103415
v -0.002114 -0.021924 0.066724
v -0.360345 0.221800 0.079585
v -0.315703 0.162363 0.109161
v -0.319330 0.208678 0.144682
v -0.302799 0.162513 0.114549
v -0.269125 0.122670 0.065971
v -0.024665 0.318830 0.066289
v -0.031476 0.002622 0.058541
v -0.001159 0.276856 0.048700
v -0.300005 0.322718 0.099977
v -0.289589 0.273211 0.156827
v -0.216243 0.322734 -0.027753
v -0.076237 0.386967 0.116255
v -0.069541 0.385318 0.109158
v -0.073180 0.387777 0.115150
v -0.015508 0.394989 0.130354
v -0.048120 0.385537 0.035186
v 0.039716 -0.412693 0.005618
v 0.064521 -0.377564 -0.115859
v 0.026076 -0.438307 -0.034411
v 0.087973 -0.327606 0.004923
v 0.085137 -0.084762 -0.224927
v 0.064378 -0.285859 -0.195858
v 0.107145 -0.077776 0.031540
v 0.245864 -0.055735 -0.205216
v 0.304704 -0.222410 -0.215699
v 0.344002 -0.326695 -0.097004
v 0.369609 -0.150191 -0.090239
v 0.351973 -0.183763 -0.187653
v 0.089540 0.027390 0.031168
v 0.174263 0.189706 -0.202426
v 0.320322 0.241442 -0.083889
v 0.043657 0.368847 -0.218468
v 0.105581 0.460815 -0.100375
v 0.335996 0.143741 -0.216342
v 0.320232 0.220751 -0.174525
v 0.427721 0.200509 -0.102202
v 0.448563 0.210676 -0.020398
v 0.047805 -0.389926 0.024883
v 0.021427 -0.424897 0.056910
v 0.022707 -0.400683 0.125100
v 0.064089 -0.390254 0.117767
v 0.056722 -0.385598 0.111822
v 0.033955 -0.354724 0.097477
v 0.070020 -0.390507 0.121176
v 0.069839 -0.391028 0.121223
v 0.201120 -0.318069 -0.021055
v 0.288443 -0.262861 0.160888
v 0.320097 -0.325189 0.093713
v 0.039156 -0.284907 0.049263
v 0.022377 -0.015179 0.062207
v 0.261543 -0.112300 0.062533
v 0.291337 -0.137135 0.099781
v 0.317272 -0.122344 0.056900
v 0.301757 -0.157525 0.120622
v 0.306957 -0.142882 0.106212
v 0.317429 -0.214847 0.153034
v 0.358349 -0.225671 0.095204
v 0.331902 -0.160437 0.106544
v 0.003818 0.017924 0.064555
v 0.056069 0.171784 0.030057
v 0.075832 0.378082 0.160020
v 0.229252 0.151127 0.056193
v 0.322138 0.112708 0.147274
v 0.314511 0.224325 0.033750
v 0.319464 0.218520 0.056166
v 0.319188 0.109479 0.141779
v -0.054648 0.368081 0.011015
v 0.071354 0.410247 0.164337
v 0.092031 0.460371 -0.001996
v 0.149041 0.322664 0.007896
v 0.106153 0.421316 0.142935
v 0.350719 0.205140 0.097712
v 0.385207 0.207789 0.073296
v 0.425368 0.103518 0.130239
v -0.466229 -0.142378 0.001836
v -0.432137 -0.221051 -0.077873
v -0.383836 -0.028658 -0.014550
v -0.341725 -0.217020 -0.160894
v -0.164690 -0.350492 -0.027075
v -0.164133 -0.365603 -0.047210
v -0.033722 -0.347214 -0.217094
v -0.393378 0.239093 0.005790
v -0.354222 0.310729 -0.008625
v -0.016186 0.383867 -0.198588
v -0.034994 0.420662 -0.010307
v -0.389944 -0.135720 0.167689
v -0.299208 -0.112284 0.115983
v -0.088478 -0.182490 0.029199
v -0.218912 0.192004 0.082140
v -0.250791 0.217982 0.131239
v -0.058134 0.361747 0.103159
v -0.051610 0.374522 0.017713
v -0.004544 -0.419264 -0.177052
v 0.037749 -0.420231 -0.019039
v 0.360691 -0.315875 -0.014006
v 0.400671 -0.246441 0.000003
v 0.163559 0.358355 -0.051136
v 0.163616 0.322297 -0.010775
v 0.382972 0.030768 -0.010978
v 0.424084 0.219083 -0.080232
v 0.452819 0.123624 -0.095407
v 0.457036 0.142652 -0.012110
v 0.049911 -0.375647 0.106730
v 0.253694 -0.210294 0.131436
v 0.227351 -0.184629 0.082566
v 0.299645 0.120511 0.116118
v 0.405563 0.140295 0.155028
v -0.458877 -0.134195 -0.121275
v -0.452867 -0.119344 -0.123188
v -0.460895 -0.119360 -0.106964
v -0.468247 -0.138063 -0.100020
v -0.463308 -0.147383 -0.112529
v -0.466500 -0.124944 -0.090212
v -0.455053 -0.214895 -0.015731
v -0.461141 -0.209861 -0.030802
v -0.466875 -0.201648 -0.017677
v -0.458914 -0.205138 0.005066
v -0.447741 -0.214598 0.002470
v -0.466429 -0.193769 0.000049
v -0.439071 -0.196371 -0.108691
v -0.442785 -0.208247 -0.088203
v -0.425581 -0.216515 -0.093424
v -0.409127 -0.225205 -0.085054
v -0.391872 -0.222010 -0.106991
v -0.416118 -0.188251 -0.142054
v -0.437997 -0.180496 -0.127412
v -0.370757 -0.220759 -0.129305
v -0.385867 -0.208144 -0.143394
v -0.392284 -0.192319 -0.159227
v -0.342776 -0.132453 -0.212001
v -0.347466 -0.147211 -0.209403
v -0.328888 -0.147843 -0.215074
v -0.309602 -0.142585 -0.217919
v -0.317958 -0.128668 -0.217875
v -0.331565 -0.118219 -0.213027
v -0.106052 -0.461541 -0.101927
v -0.118251 -0.450266 -0.102099
v -0.119869 -0.456024 -0.082664
v -0.114701 -0.461606 -0.063090
v -0.103111 -0.468840 -0.076813
v -0.093363 -0.469262 -0.094429
v -0.348245 -0.235555 -0.069547
v -0.328725 -0.236183 -0.042550
v -0.302423 -0.240400 -0.059866
v -0.274733 -0.247581 -0.068767
v -0.281760 -0.245575 -0.098264
v -0.279521 -0.239634 -0.127870
v -0.309102 -0.232726 -0.130016
v -0.234564 -0.195838 -0.194377
v -0.239801 -0.219648 -0.174994
v -0.207435 -0.229351 -0.174793
v -0.202742 -0.159591 -0.211075
v -0.239297 -0.168323 -0.208242
v -0.180290 -0.249743 -0.172925
v -0.159373 -0.228991 -0.192244
v -0.148378 -0.177207 -0.210554
v -0.165007 -0.142258 -0.217043
v -0.128334 -0.210205 -0.206350
v -0.097642 0.004130 0.033994
v -0.074086 0.001977 0.037409
v -0.073896 -0.025280 0.037581
v -0.138014 -0.026003 0.033533
v -0.127573 0.014766 0.033095
v -0.121689 -0.078235 0.032160
v -0.152493 -0.064011 0.034298
v -0.078389 -0.066070 0.033383
v -0.093533 -0.095770 0.030857
v -0.061786 -0.047065 0.037589
v -0.348994 0.190643 -0.202394
v -0.340407 0.187359 -0.209858
v -0.340105 0.198607 -0.209237
v -0.341744 0.211751 -0.203299
v -0.351337 0.207324 -0.197781
v -0.356503 0.198478 -0.191633
v -0.355504 0.136364 -0.128547
v -0.362055 0.160235 -0.140819
v -0.372372 0.172857 -0.113109
v -0.382143 0.191990 -0.087676
v -0.377047 0.173268 -0.064999
v -0.370778 0.160010 -0.037616
v -0.362389 0.135261 -0.054538
v -0.355924 0.111515 -0.093704
v -0.348567 0.109181 -0.124231
v -0.355789 0.107962 -0.063165
v -0.339155 0.176597 -0.207210
v -0.333883 0.165162 -0.203401
v -0.324266 0.169260 -0.211123
v -0.329916 0.184793 -0.213972
v -0.317703 0.179395 -0.214752
v -0.346804 0.318244 -0.082575
v -0.352846 0.309041 -0.100157
v -0.338443 0.314562 -0.109123
v -0.320576 0.318629 -0.110185
v -0.324975 0.324698 -0.090115
v -0.332917 0.324894 -0.069015
v -0.258530 0.014907 -0.200873
v -0.225303 -0.003357 -0.212072
v -0.198194 0.034074 -0.214058
v -0.283208 0.055690 -0.186471
v -0.290496 0.021903 -0.185336
v -0.261760 0.098183 -0.201401
v -0.289937 0.086907 -0.187398
v -0.164898 0.074053 -0.216909
v -0.205112 0.098483 -0.211356
v -0.235785 0.123149 -0.209236
v -0.160362 0.021202 0.034440
v -0.153613 0.059638 0.035363
v -0.154288 0.096863 0.038248
v -0.121160 0.101973 0.034148
v -0.085842 0.038023 0.033651
v -0.079404 0.083131 0.031044
v -0.064740 0.060678 0.032878
v -0.088606 0.113852 0.031216
v -0.155412 0.221023 -0.199080
v -0.163167 0.179270 -0.208614
v -0.116659 0.171566 -0.212476
v -0.122220 0.266471 -0.184764
v -0.159172 0.255586 -0.183675
v -0.056079 0.212571 -0.213946
v -0.041482 0.253662 -0.212334
v -0.072810 0.267140 -0.201431
v -0.065480 0.160438 -0.218320
v -0.092362 0.289274 -0.185163
v -0.123172 0.044893 -0.222395
v -0.091129 0.004977 -0.226283
v -0.044277 0.038471 -0.226931
v -0.010022 0.112669 -0.224471
v -0.014084 0.163574 -0.221486
v 0.008207 0.063433 -0.227239
v -0.133860 0.119348 -0.216899
v -0.087778 0.338675 -0.014904
v -0.072767 0.353619 -0.012865
v -0.066476 0.346337 0.004567
v -0.058762 0.346552 0.018302
v -0.058939 0.332315 0.025527
v -0.067244 0.304571 0.023631
v -0.090132 0.293151 0.016875
v -0.100313 0.312277 0.002287
v -0.109819 0.326307 -0.017316
v -0.050335 0.315893 0.036605
v -0.090013 0.356177 -0.115299
v -0.086669 0.345039 -0.143261
v -0.063506 0.366194 -0.146547
v -0.071962 0.377680 -0.080719
v -0.094129 0.358234 -0.086873
v -0.043518 0.384714 -0.156282
v -0.039619 0.401369 -0.131946
v -0.029476 0.420403 -0.109358
v -0.045117 0.407414 -0.090424
v -0.054921 0.397658 -0.066758
v -0.012957 0.450364 -0.035078
v -0.007224 0.454004 -0.014848
v -0.020731 0.440534 -0.009402
v -0.030370 0.430563 -0.035108
v -0.021454 0.440621 -0.052233
v -0.446067 -0.116306 0.110801
v -0.438076 -0.106704 0.113096
v -0.435680 -0.109687 0.126281
v -0.441936 -0.122309 0.126023
v -0.448261 -0.127156 0.112210
v -0.433120 -0.116007 0.135296
v -0.407580 -0.214362 0.045879
v -0.428962 -0.204368 0.050613
v -0.419430 -0.195874 0.078256
v -0.368910 -0.216356 0.061086
v -0.384848 -0.222115 0.033883
v -0.368713 -0.207034 0.095420
v -0.353865 -0.212538 0.082591
v -0.393073 -0.193952 0.106616
v -0.372448 -0.198177 0.112889
v -0.414460 -0.185219 0.103785
v -0.344103 -0.208185 0.098928
v -0.355397 -0.200103 0.116046
v -0.339818 -0.201362 0.113052
v -0.156561 -0.356114 -0.007859
v -0.170476 -0.328601 -0.026328
v -0.141320 -0.341124 0.024454
v -0.147068 -0.366835 0.014903
v -0.138884 -0.299757 0.019694
v -0.127550 -0.318134 0.035804
v -0.168906 -0.293925 -0.006897
v -0.152021 -0.276546 0.010251
v -0.182011 -0.303284 -0.028745
v -0.120601 -0.425176 0.130451
v -0.120743 -0.413990 0.131966
v -0.116689 -0.414919 0.143157
v -0.110916 -0.417742 0.150656
v -0.113641 -0.427041 0.143241
v -0.115460 -0.433336 0.131472
v -0.104034 -0.466121 -0.039024
v -0.120207 -0.453412 -0.025409
v -0.111666 -0.456664 0.004756
v -0.108167 -0.456739 0.037521
v -0.088105 -0.465854 0.034557
v -0.060281 -0.472221 0.005535
v -0.050674 -0.475106 -0.025528
v -0.072547 -0.475219 -0.039983
v -0.090149 -0.473079 -0.059873
v -0.065158 -0.468597 0.039064
v -0.070510 -0.421278 0.164517
v -0.081688 -0.423439 0.163106
v -0.080154 -0.414287 0.169384
v -0.066097 -0.408875 0.170850
v -0.059143 -0.414994 0.165228
v -0.074334 -0.404935 0.172299
v -0.065897 -0.381313 0.171368
v -0.071110 -0.376408 0.167193
v -0.059952 -0.369857 0.165477
v -0.047348 -0.367632 0.162765
v -0.050657 -0.376093 0.168437
v -0.057544 -0.385010 0.171698
v 0.057893 -0.367212 0.018613
v 0.062258 -0.370603 0.000502
v 0.053873 -0.385242 0.003953
v 0.046765 -0.397489 0.010573
v 0.051869 -0.376497 0.029744
v 0.048861 -0.382619 0.036911
v -0.311130 -0.210136 0.065532
v -0.290307 -0.200109 0.067584
v -0.280007 -0.204586 0.043972
v -0.343634 -0.219729 0.047066
v -0.333920 -0.213643 0.072510
v -0.333825 -0.228458 0.003417
v -0.360453 -0.226302 0.019716
v -0.287373 -0.224034 0.006644
v -0.309331 -0.232312 -0.016193
v -0.325667 -0.096954 0.138055
v -0.319619 -0.095884 0.126167
v -0.311862 -0.106004 0.131322
v -0.320725 -0.106384 0.146459
v -0.329223 -0.100031 0.147682
v -0.313137 -0.113920 0.140961
v -0.270512 -0.231817 -0.011251
v -0.261250 -0.185664 0.053871
v -0.240282 -0.188191 0.036062
v -0.229959 -0.214776 0.011966
v -0.239444 -0.229580 -0.003952
v -0.215126 -0.193533 0.024965
v -0.251617 -0.239152 -0.021231
v -0.309820 -0.198613 0.101829
v -0.307404 -0.189298 0.112610
v -0.295956 -0.186933 0.103176
v -0.296191 -0.197400 0.085981
v -0.310672 -0.204521 0.087073
v -0.286622 -0.185665 0.090075
v -0.318832 -0.119550 0.150550
v -0.335183 -0.107196 0.160451
v -0.332447 -0.103883 0.155676
v -0.331683 -0.113277 0.160551
v -0.327492 -0.123017 0.158400
v -0.247977 -0.135792 0.067410
v -0.257525 -0.111811 0.072802
v -0.238787 -0.094667 0.057416
v -0.227161 -0.160377 0.045171
v -0.250587 -0.162530 0.061474
v -0.222263 -0.068180 0.047015
v -0.197703 -0.085671 0.042254
v -0.185561 -0.134449 0.037160
v -0.200120 -0.166794 0.033283
v -0.168430 -0.099752 0.035998
v -0.075659 -0.335041 0.109134
v -0.076224 -0.326725 0.095489
v -0.057428 -0.320576 0.097907
v -0.055011 -0.332630 0.116458
v -0.071666 -0.341420 0.121490
v -0.030073 -0.336301 0.121740
v -0.049942 -0.341030 0.129649
v -0.006483 -0.322369 0.096043
v -0.007353 -0.337165 0.113986
v -0.055003 -0.306975 0.082108
v -0.029897 -0.303853 0.082543
v -0.001894 -0.304112 0.077135
v -0.006311 -0.018125 0.067276
v -0.000944 -0.013547 0.069065
v 0.002856 -0.019715 0.067494
v -0.002869 -0.027154 0.063554
v -0.010237 -0.024240 0.063326
v 0.004568 -0.026391 0.063755
v -0.362472 0.198707 0.060452
v -0.376292 0.209668 0.036261
v -0.376714 0.230322 0.047682
v -0.376507 0.252757 0.049209
v -0.363341 0.250668 0.078040
v -0.350078 0.252225 0.104889
v -0.347024 0.229321 0.109179
v -0.346280 0.199856 0.097400
v -0.348452 0.184680 0.079442
v -0.338994 0.209629 0.117469
v -0.323822 0.165714 0.103522
v -0.322802 0.174962 0.115852
v -0.312574 0.168387 0.118231
v -0.309885 0.156253 0.102971
v -0.320193 0.155857 0.091966
v -0.323925 0.202937 0.137026
v -0.330362 0.216000 0.133759
v -0.321337 0.219368 0.145056
v -0.311825 0.205481 0.147565
v -0.315078 0.194726 0.139633
v -0.311190 0.218870 0.151428
v -0.308481 0.177687 0.129446
v -0.297118 0.172742 0.126459
v -0.284874 0.169291 0.120320
v -0.291223 0.157020 0.106984
v -0.293584 0.114262 0.051923
v -0.303624 0.131351 0.065993
v -0.287507 0.137803 0.080955
v -0.277315 0.151852 0.097082
v -0.259816 0.147990 0.086242
v -0.265477 0.093083 0.047637
v -0.288891 0.091587 0.038413
v -0.238027 0.150488 0.077736
v -0.239738 0.122438 0.062375
v -0.239492 0.093125 0.049149
v -0.300493 0.148039 0.093210
v -0.032390 0.298378 0.046272
v -0.043141 0.329220 0.051553
v 0.004638 0.303890 0.068062
v -0.014014 0.327827 0.088295
v 0.009482 0.319653 0.087099
v -0.037516 0.336844 0.077257
v -0.030728 0.338942 0.092573
v -0.045632 0.342583 0.063518
v -0.028825 -0.003372 0.060210
v -0.035590 -0.007427 0.055311
v -0.036857 0.002573 0.054690
v -0.033312 0.012018 0.054804
v -0.027456 0.008009 0.059862
v -0.022829 0.001982 0.063188
v -0.034260 0.259403 0.036826
v -0.052918 0.283310 0.033136
v 0.016741 0.243218 0.039675
v -0.018242 0.230696 0.034765
v 0.039470 0.280711 0.053119
v 0.052227 0.254912 0.041831
v 0.035868 0.302300 0.068972
v -0.307181 0.320616 0.103728
v -0.311406 0.324096 0.087331
v -0.299254 0.324641 0.087818
v -0.286907 0.319708 0.092037
v -0.292173 0.317966 0.105916
v -0.299000 0.315027 0.115207
v -0.284440 0.276108 0.153452
v -0.280109 0.263584 0.155807
v -0.288539 0.263375 0.158707
v -0.298385 0.265697 0.156752
v -0.296627 0.277674 0.153810
v -0.292163 0.285695 0.148824
v -0.175642 0.323074 -0.035928
v -0.164945 0.312550 -0.012007
v -0.195464 0.310347 -0.001545
v -0.220222 0.309279 0.017728
v -0.241627 0.321380 0.002209
v -0.255170 0.328491 -0.039102
v -0.246940 0.327355 -0.069805
v -0.212679 0.325766 -0.064176
v -0.269343 0.328349 -0.009413
v -0.177837 0.327291 -0.064392
v -0.077716 0.387246 0.117362
v -0.076669 0.386399 0.117442
v -0.074673 0.385436 0.114968
v -0.076944 0.387597 0.117226
v -0.076750 0.387299 0.117846
v -0.069084 0.379330 0.110188
v -0.065233 0.375205 0.102170
v -0.064086 0.382056 0.098288
v -0.071972 0.382286 0.115436
v -0.062008 0.391411 0.105299
v -0.064552 0.390741 0.113433
v -0.058579 0.390159 0.093743
v -0.073326 0.387154 0.117662
v -0.065888 0.387920 0.117937
v -0.025539 0.378887 0.130192
v -0.042928 0.381227 0.124942
v -0.038833 0.391715 0.123219
v -0.038367 0.400995 0.114994
v -0.019642 0.408605 0.117940
v 0.003010 0.386296 0.141433
v -0.007870 0.373023 0.136348
v 0.000467 0.419719 0.120226
v 0.007090 0.408814 0.134474
v 0.018838 0.399242 0.145990
v -0.049596 0.384598 0.014513
v -0.044452 0.400572 0.004573
v -0.040716 0.405314 0.026727
v -0.038842 0.409601 0.048804
v -0.047374 0.393745 0.055975
v -0.051374 0.372446 0.050854
v -0.051591 0.361726 0.039822
v -0.051187 0.370734 0.028217
v -0.052813 0.380983 0.065548
v 0.044647 -0.406177 -0.004294
v 0.033378 -0.422774 0.003193
v 0.040581 -0.407618 0.018084
v 0.032523 -0.419323 0.023089
v 0.062000 -0.359615 -0.150017
v 0.039043 -0.380589 -0.159565
v 0.039415 -0.397790 -0.135414
v 0.031826 -0.416780 -0.113831
v 0.048026 -0.403619 -0.094055
v 0.058500 -0.394483 -0.068769
v 0.076171 -0.373753 -0.080526
v 0.095136 -0.351003 -0.116146
v 0.089753 -0.337203 -0.146118
v 0.100733 -0.353642 -0.084924
v 0.017741 -0.446534 -0.042496
v 0.012298 -0.450110 -0.022795
v 0.025026 -0.437221 -0.018315
v 0.034121 -0.427856 -0.042109
v 0.025692 -0.437110 -0.058808
v 0.099175 -0.341371 -0.025871
v 0.079244 -0.359832 -0.024427
v 0.073036 -0.352271 0.000536
v 0.062716 -0.351592 0.021894
v 0.065285 -0.332205 0.028800
v 0.083054 -0.299860 0.023748
v 0.112390 -0.289332 0.016197
v 0.119594 -0.312198 -0.002395
v 0.127104 -0.327812 -0.028242
v 0.057727 -0.310201 0.040243
v 0.022258 -0.103358 -0.226494
v 0.028010 -0.152722 -0.223755
v 0.077264 -0.146294 -0.221581
v 0.054972 -0.030072 -0.227868
v 0.003438 -0.055137 -0.228488
v 0.131973 -0.036862 -0.223974
v 0.101484 0.002613 -0.226905
v 0.140311 -0.107752 -0.220845
v 0.171244 -0.065956 -0.219484
v 0.123907 -0.153358 -0.218616
v 0.038014 -0.322810 -0.195455
v 0.053532 -0.341113 -0.175501
v 0.080682 -0.316411 -0.172112
v 0.068960 -0.238873 -0.208406
v 0.029135 -0.239637 -0.215182
v 0.025095 -0.279237 -0.210123
v 0.013779 -0.312773 -0.208910
v 0.114566 -0.300239 -0.168184
v 0.108698 -0.271867 -0.188752
v 0.109929 -0.235186 -0.203232
v 0.080461 -0.053264 0.031560
v 0.089389 -0.016714 0.031518
v 0.118799 -0.029518 0.031222
v 0.114099 -0.123993 0.033191
v 0.083039 -0.137837 0.031119
v 0.075064 -0.104276 0.030301
v 0.061478 -0.079041 0.030984
v 0.151353 -0.036644 0.032883
v 0.145809 -0.077712 0.034514
v 0.146231 -0.118187 0.037034
v 0.208782 -0.091740 -0.214432
v 0.236892 -0.118582 -0.212491
v 0.264422 -0.095958 -0.203149
v 0.204963 -0.028073 -0.215623
v 0.293231 -0.086250 -0.188136
v 0.287511 -0.053356 -0.187373
v 0.264388 -0.010552 -0.201958
v 0.232640 0.008616 -0.213216
v 0.306491 -0.233780 -0.210715
v 0.320482 -0.229302 -0.208277
v 0.313282 -0.215767 -0.214508
v 0.301518 -0.204482 -0.217358
v 0.293215 -0.217301 -0.216962
v 0.289994 -0.232735 -0.211809
v 0.344087 -0.320884 -0.111043
v 0.327527 -0.325077 -0.112017
v 0.331989 -0.330521 -0.092519
v 0.339763 -0.330202 -0.072144
v 0.352448 -0.323794 -0.085299
v 0.357769 -0.314924 -0.102338
v 0.359245 -0.140363 -0.127320
v 0.365372 -0.165082 -0.139072
v 0.376033 -0.177884 -0.112309
v 0.359702 -0.114581 -0.092349
v 0.352197 -0.111902 -0.123227
v 0.367150 -0.139962 -0.052549
v 0.359664 -0.111388 -0.060811
v 0.386201 -0.197411 -0.087893
v 0.381932 -0.178726 -0.064928
v 0.376594 -0.165813 -0.036596
v 0.345808 -0.189283 -0.195440
v 0.354353 -0.201911 -0.187560
v 0.359305 -0.190753 -0.178553
v 0.348049 -0.172130 -0.185210
v 0.337294 -0.175129 -0.197038
v 0.358416 -0.176173 -0.170425
v 0.067342 -0.012128 0.034630
v 0.063945 0.016946 0.034723
v 0.126058 0.012599 0.031035
v 0.104500 0.065704 0.030094
v 0.136865 0.049669 0.031673
v 0.048811 0.039962 0.034957
v 0.062165 0.056995 0.030987
v 0.073501 0.084954 0.029242
v 0.128628 0.167106 -0.213612
v 0.143294 0.129355 -0.219501
v 0.183974 0.148595 -0.214633
v 0.221725 0.159671 -0.212697
v 0.218589 0.189058 -0.200707
v 0.145426 0.221080 -0.197321
v 0.110960 0.202059 -0.209574
v 0.226341 0.214381 -0.183646
v 0.195231 0.222709 -0.182383
v 0.169625 0.242573 -0.179886
v 0.284902 0.248636 -0.085275
v 0.278788 0.245652 -0.116449
v 0.305925 0.239343 -0.120972
v 0.346077 0.235436 -0.107034
v 0.369162 0.234712 -0.083940
v 0.352192 0.238331 -0.059417
v 0.310764 0.241832 -0.044828
v 0.281995 0.247989 -0.053360
v 0.339092 0.237730 -0.028747
v 0.045169 0.356405 -0.219369
v 0.059569 0.362901 -0.213022
v 0.052221 0.376919 -0.213033
v 0.033559 0.371781 -0.218494
v 0.030022 0.355426 -0.221229
v 0.041094 0.385648 -0.211979
v 0.101871 0.457442 -0.114037
v 0.113991 0.445998 -0.112757
v 0.114546 0.453237 -0.093997
v 0.097470 0.466424 -0.090917
v 0.088724 0.465208 -0.108293
v 0.107732 0.459913 -0.076125
v 0.324618 0.135131 -0.218275
v 0.337503 0.125405 -0.212533
v 0.347765 0.140202 -0.210915
v 0.351487 0.155372 -0.207952
v 0.334330 0.154739 -0.215191
v 0.316662 0.148519 -0.219007
v 0.322562 0.212987 -0.183753
v 0.339520 0.215106 -0.174066
v 0.330562 0.223831 -0.163692
v 0.306654 0.222394 -0.172600
v 0.303923 0.212029 -0.186696
v 0.315454 0.229289 -0.155330
v 0.406509 0.202323 -0.130298
v 0.410809 0.183853 -0.144489
v 0.429742 0.179043 -0.122049
v 0.445278 0.169935 -0.101772
v 0.445845 0.187815 -0.082799
v 0.414241 0.217198 -0.096538
v 0.396539 0.217301 -0.118283
v 0.434575 0.211346 -0.075450
v 0.447071 0.201571 -0.062093
v 0.452821 0.203457 -0.030108
v 0.454703 0.195719 -0.011211
v 0.447036 0.207502 -0.004933
v 0.440691 0.217161 -0.026759
v 0.445110 0.211660 -0.043741
v 0.435326 0.217027 -0.006784
v 0.042222 -0.400233 0.033315
v 0.045193 -0.390955 0.046939
v 0.020321 -0.432999 0.027526
v 0.003518 -0.448035 0.026134
v 0.000206 -0.443334 0.053876
v 0.034608 -0.411445 0.043170
v 0.014506 -0.424791 0.084677
v 0.030948 -0.410700 0.092059
v 0.034992 -0.408265 0.073413
v -0.005182 -0.439741 0.080756
v 0.040660 -0.400213 0.058902
v 0.027210 -0.408402 0.109366
v 0.008599 -0.421361 0.106751
v 0.001142 -0.415073 0.125301
v -0.010491 -0.408415 0.140909
v 0.005006 -0.395372 0.138839
v 0.015503 -0.383022 0.135744
v 0.031516 -0.387929 0.127538
v 0.043583 -0.395713 0.120192
v 0.043669 -0.399552 0.111060
v 0.047153 -0.389309 0.122977
v 0.052784 -0.391492 0.104896
v 0.055362 -0.393638 0.113694
v 0.057235 -0.392754 0.119381
v 0.065450 -0.391274 0.120294
v 0.068991 -0.390733 0.120407
v 0.065990 -0.389737 0.120155
v 0.059194 -0.387223 0.118909
v 0.052454 -0.379964 0.101610
v 0.050461 -0.386798 0.093559
v 0.050506 -0.379076 0.114046
v 0.049475 -0.383551 0.120377
v 0.044804 -0.361821 0.081721
v 0.048316 -0.372258 0.092462
v 0.044240 -0.368407 0.103430
v 0.040814 -0.372111 0.114909
v 0.027857 -0.363101 0.116618
v 0.035549 -0.339093 0.077778
v 0.046086 -0.350518 0.065963
v 0.010447 -0.354839 0.122626
v 0.014268 -0.343156 0.106021
v 0.017405 -0.328189 0.087386
v 0.069853 -0.390834 0.121578
v 0.066644 -0.390536 0.121274
v 0.182713 -0.299111 0.005830
v 0.208422 -0.295974 0.023544
v 0.227441 -0.313792 0.007821
v 0.160120 -0.319909 -0.027365
v 0.151061 -0.303599 -0.001944
v 0.196101 -0.326032 -0.058357
v 0.161326 -0.328599 -0.057728
v 0.238959 -0.327574 -0.033318
v 0.230121 -0.328924 -0.064415
v 0.253880 -0.325804 -0.004212
v 0.295415 -0.267058 0.158939
v 0.291669 -0.276022 0.153722
v 0.283889 -0.266645 0.156891
v 0.279609 -0.253983 0.158461
v 0.287502 -0.253026 0.162095
v 0.326413 -0.320490 0.097945
v 0.332730 -0.323258 0.080559
v 0.320870 -0.327652 0.080517
v 0.311067 -0.322417 0.099976
v 0.316579 -0.316571 0.110210
v 0.307678 -0.326030 0.084718
v 0.042858 -0.324584 0.058815
v 0.024709 -0.310051 0.068445
v 0.035352 -0.250767 0.043060
v 0.067939 -0.242482 0.035848
v 0.073908 -0.272563 0.034052
v 0.003143 -0.281776 0.060585
v 0.002130 -0.255328 0.049357
v 0.026113 -0.017067 0.058295
v 0.021890 -0.024472 0.058274
v 0.018322 -0.019005 0.063085
v 0.015518 -0.012430 0.066219
v 0.021009 -0.009254 0.063644
v 0.026569 -0.008108 0.059156
v 0.231712 -0.113124 0.056662
v 0.234051 -0.079979 0.045702
v 0.261056 -0.079699 0.045739
v 0.250340 -0.142353 0.079709
v 0.227820 -0.147138 0.068975
v 0.277145 -0.126362 0.078874
v 0.266732 -0.143033 0.091526
v 0.286120 -0.077100 0.038074
v 0.288167 -0.101822 0.051893
v 0.295199 -0.119390 0.068418
v 0.286330 -0.133444 0.091716
v 0.298159 -0.129383 0.085364
v 0.299575 -0.136208 0.098184
v 0.289001 -0.144812 0.107788
v 0.278721 -0.144091 0.101614
v 0.299089 -0.144256 0.108883
v 0.335615 -0.122877 0.030480
v 0.345336 -0.142995 0.041769
v 0.332736 -0.140070 0.064713
v 0.324239 -0.141510 0.084719
v 0.312438 -0.131966 0.081358
v 0.310692 -0.100066 0.037976
v 0.329183 -0.100806 0.017636
v 0.311859 -0.149653 0.111072
v 0.286772 -0.157502 0.118928
v 0.296188 -0.174173 0.134775
v 0.283440 -0.173022 0.130955
v 0.320802 -0.158092 0.114695
v 0.313973 -0.167011 0.125770
v 0.308501 -0.179913 0.137714
v 0.309171 -0.137864 0.096957
v 0.318251 -0.144508 0.099708
v 0.322339 -0.208363 0.146358
v 0.328127 -0.221641 0.143520
v 0.318760 -0.225564 0.153164
v 0.309034 -0.225353 0.158389
v 0.310129 -0.211628 0.155295
v 0.314140 -0.199872 0.148231
v 0.344409 -0.234171 0.121654
v 0.337284 -0.214315 0.129318
v 0.345851 -0.203512 0.111894
v 0.360629 -0.255517 0.093553
v 0.346532 -0.257202 0.117307
v 0.349104 -0.187494 0.097006
v 0.361586 -0.201000 0.079065
v 0.375224 -0.233892 0.064674
v 0.374336 -0.258118 0.066580
v 0.374850 -0.211113 0.055050
v 0.338331 -0.164381 0.098507
v 0.338688 -0.175922 0.108966
v 0.329274 -0.166823 0.115006
v 0.326186 -0.152982 0.103705
v 0.333367 -0.152849 0.090852
v 0.008177 0.013611 0.065393
v 0.002598 0.009834 0.067721
v -0.001433 0.016159 0.065577
v 0.004433 0.022521 0.061009
v 0.011898 0.018334 0.060912
v -0.003865 0.022563 0.061277
v 0.048384 0.130651 0.028574
v 0.010597 0.133908 0.028169
v 0.008073 0.166916 0.029369
v -0.003982 0.200039 0.031782
v 0.034548 0.210755 0.033752
v 0.069237 0.227805 0.034491
v 0.091246 0.200008 0.030521
v 0.098400 0.149259 0.030049
v 0.084495 0.116418 0.029108
v 0.120571 0.177584 0.030161
v 0.075828 0.373336 0.154459
v 0.063909 0.370150 0.155347
v 0.068252 0.378342 0.161361
v 0.082142 0.384670 0.160463
v 0.085978 0.380765 0.153628
v 0.074828 0.387188 0.164045
v 0.249395 0.123049 0.069083
v 0.232177 0.103503 0.056759
v 0.207833 0.123209 0.048561
v 0.196449 0.167352 0.040549
v 0.209419 0.192927 0.034697
v 0.235430 0.183031 0.047753
v 0.179167 0.140718 0.039444
v 0.259147 0.157643 0.074851
v 0.269138 0.134159 0.085937
v 0.259834 0.181512 0.063512
v 0.327935 0.115836 0.152811
v 0.331367 0.109978 0.153871
v 0.315784 0.120491 0.140788
v 0.323801 0.125323 0.148418
v 0.312817 0.113132 0.133274
v 0.328558 0.106850 0.149478
v 0.325250 0.104012 0.141938
v 0.289244 0.228892 0.014007
v 0.300551 0.237356 -0.013217
v 0.326898 0.233187 0.002182
v 0.296675 0.213774 0.051082
v 0.276448 0.217008 0.034162
v 0.310646 0.211153 0.067957
v 0.352647 0.229884 0.015680
v 0.341167 0.223543 0.043229
v 0.333728 0.217360 0.064708
v 0.325471 0.209852 0.080292
v 0.319477 0.103322 0.130858
v -0.057143 0.355561 0.014584
v -0.059740 0.359153 0.005333
v -0.053898 0.361654 0.020582
v -0.062088 0.366771 -0.007873
v -0.054421 0.377495 0.001149
v 0.078711 0.409336 0.164116
v 0.073072 0.400181 0.165852
v 0.064600 0.404194 0.164602
v 0.057698 0.410776 0.159729
v 0.069375 0.416661 0.159915
v 0.080344 0.418306 0.159089
v 0.108493 0.453983 -0.035168
v 0.123241 0.435929 -0.020261
v 0.113357 0.441785 0.010307
v 0.108519 0.443432 0.042824
v 0.090874 0.457110 0.038931
v 0.069425 0.464405 0.043042
v 0.065386 0.468740 0.010433
v 0.056527 0.473521 -0.019912
v 0.078013 0.470538 -0.034990
v 0.095412 0.466038 -0.056057
v 0.130689 0.302005 0.024994
v 0.117865 0.320519 0.039848
v 0.133151 0.341123 0.028643
v 0.139986 0.365090 0.016876
v 0.152345 0.351016 -0.005583
v 0.173800 0.305613 -0.015144
v 0.161563 0.296050 0.002220
v 0.165633 0.337493 -0.025451
v 0.144726 0.280217 0.016648
v 0.108409 0.423643 0.133797
v 0.109327 0.413343 0.135676
v 0.105273 0.413779 0.146184
v 0.099174 0.415772 0.152578
v 0.101074 0.424512 0.145593
v 0.102385 0.430862 0.134262
v 0.339753 0.207833 0.090541
v 0.349978 0.213744 0.076259
v 0.363009 0.206860 0.089791
v 0.349632 0.197480 0.109335
v 0.334581 0.198619 0.104012
v 0.366491 0.196601 0.107770
v 0.363320 0.218505 0.056123
v 0.398597 0.216500 0.040159
v 0.420100 0.206619 0.044463
v 0.411816 0.197631 0.073171
v 0.376354 0.224727 0.028813
v 0.386535 0.193813 0.102195
v 0.407825 0.186360 0.099676
v 0.428780 0.103265 0.120459
v 0.418281 0.096081 0.121234
v 0.416954 0.099720 0.133210
v 0.426833 0.109599 0.134314
v 0.433813 0.112238 0.122509
v 0.416309 0.105857 0.141354
v -0.472290 -0.161698 -0.026184
v -0.472157 -0.146915 -0.048738
v -0.465551 -0.128119 -0.030884
v -0.461762 -0.138925 0.039677
v -0.462558 -0.159471 0.044049
v -0.467246 -0.167126 0.014734
v -0.471109 -0.178949 -0.010474
v -0.455078 -0.114873 0.011600
v -0.454116 -0.117699 0.042554
v -0.453952 -0.105971 -0.018458
v -0.423658 -0.226202 -0.067833
v -0.443738 -0.216660 -0.070682
v -0.437741 -0.223193 -0.055021
v -0.412368 -0.053558 -0.025932
v -0.410836 -0.045758 -0.055142
v -0.389492 -0.021657 -0.048900
v -0.358461 -0.022206 0.010106
v -0.368261 -0.041472 0.028516
v -0.392658 -0.049454 0.013706
v -0.416965 -0.065686 0.002207
v -0.371704 0.004433 -0.048336
v -0.363055 0.001493 -0.021742
v -0.345611 0.001574 0.000296
v -0.325979 -0.220363 -0.158741
v -0.323564 -0.210198 -0.175266
v -0.344559 -0.208778 -0.171558
v -0.363917 -0.208590 -0.160656
v -0.353391 -0.219140 -0.148540
v -0.334833 -0.226368 -0.138890
v -0.176577 -0.334773 -0.050867
v -0.155326 -0.380592 -0.020432
v -0.148810 -0.406500 -0.031356
v -0.153687 -0.396655 -0.058127
v -0.154168 -0.389237 -0.085692
v -0.165922 -0.361832 -0.079635
v -0.178614 -0.334637 -0.077980
v -0.033712 -0.332519 -0.217715
v -0.050849 -0.337991 -0.214448
v -0.044441 -0.355381 -0.214002
v -0.034187 -0.367821 -0.211561
v -0.023241 -0.353058 -0.214953
v -0.016267 -0.333735 -0.215906
v -0.393538 0.228791 -0.005911
v -0.395541 0.241864 -0.020965
v -0.393315 0.251080 -0.000617
v -0.386745 0.253732 0.022365
v -0.387751 0.235966 0.022852
v -0.386949 0.219175 0.013309
v -0.372175 0.291480 0.005775
v -0.381606 0.284159 -0.024556
v -0.369591 0.300052 -0.041568
v -0.349329 0.310502 0.033343
v -0.363683 0.293581 0.039286
v -0.343013 0.320298 -0.043148
v -0.321314 0.327660 -0.029923
v -0.329211 0.324024 0.001795
v -0.330716 0.322245 0.035278
v -0.357896 0.311339 -0.063673
v -0.024495 0.373609 -0.196879
v -0.015317 0.366486 -0.206915
v -0.007509 0.382161 -0.204920
v -0.001616 0.396659 -0.197271
v -0.014580 0.394096 -0.190128
v -0.027601 0.384734 -0.183711
v -0.030432 0.424078 0.018423
v -0.017074 0.441343 0.014093
v -0.052156 0.389994 -0.012219
v -0.047368 0.404013 -0.029503
v -0.041530 0.415346 -0.050739
v -0.394167 -0.129162 0.166669
v -0.382026 -0.126740 0.169209
v -0.380278 -0.136324 0.168832
v -0.381704 -0.146491 0.164326
v -0.394230 -0.142148 0.163400
v -0.403540 -0.135131 0.161151
v -0.287071 -0.132358 0.108914
v -0.297482 -0.140511 0.124912
v -0.304816 -0.124677 0.132374
v -0.310737 -0.094557 0.110659
v -0.300400 -0.087489 0.092410
v -0.285653 -0.103963 0.093919
v -0.273570 -0.123499 0.090508
v -0.076079 -0.141223 0.029265
v -0.042128 -0.143423 0.029682
v -0.044752 -0.176134 0.031049
v -0.039583 -0.207603 0.035581
v -0.074669 -0.218741 0.034038
v -0.124748 -0.163196 0.027920
v -0.108212 -0.128761 0.029553
v -0.105523 -0.237513 0.029910
v -0.122125 -0.212336 0.024838
v -0.147052 -0.192793 0.023615
v -0.238691 0.176408 0.093521
v -0.243401 0.195495 0.109849
v -0.233587 0.210492 0.103179
v -0.214493 0.156595 0.068360
v -0.231222 0.232912 0.099670
v -0.216191 0.224835 0.081517
v -0.192429 0.192260 0.063381
v -0.188648 0.159961 0.056774
v -0.195762 0.222668 0.064285
v -0.256786 0.216392 0.137211
v -0.257402 0.230957 0.140363
v -0.249739 0.228956 0.130959
v -0.247569 0.209250 0.123110
v -0.255999 0.202650 0.129333
v -0.242755 0.222137 0.118955
v -0.058876 0.364881 0.108511
v -0.051229 0.359197 0.109000
v -0.052657 0.356637 0.100679
v -0.054743 0.357976 0.092544
v -0.060102 0.364655 0.098908
v -0.063401 0.369613 0.105920
v -0.009140 -0.428903 -0.167728
v 0.004487 -0.423819 -0.159512
v 0.005809 -0.411422 -0.174292
v -0.011648 -0.414117 -0.184894
v -0.021675 -0.426913 -0.176190
v 0.000285 -0.400994 -0.186986
v 0.021954 -0.436864 0.003278
v 0.053368 -0.393412 -0.013677
v 0.050187 -0.403488 -0.033161
v 0.044962 -0.412843 -0.055242
v 0.378656 -0.297180 -0.000476
v 0.387122 -0.289779 -0.029484
v 0.374853 -0.305398 -0.045753
v 0.356506 -0.315661 0.026471
v 0.371244 -0.299402 0.031528
v 0.363283 -0.316629 -0.067065
v 0.349449 -0.325432 -0.047160
v 0.329128 -0.332531 -0.034233
v 0.336457 -0.328699 -0.003428
v 0.338148 -0.326829 0.028977
v 0.400477 -0.235939 -0.010458
v 0.401437 -0.248362 -0.025322
v 0.400056 -0.257822 -0.006393
v 0.394608 -0.260987 0.015098
v 0.396358 -0.244037 0.015957
v 0.395239 -0.227418 0.008343
v 0.150857 0.376358 -0.022088
v 0.143085 0.403651 -0.035532
v 0.150181 0.391891 -0.063767
v 0.151614 0.383785 -0.092583
v 0.165031 0.355356 -0.086297
v 0.180224 0.328003 -0.085903
v 0.180937 0.326893 -0.058132
v 0.179503 0.316942 -0.034059
v 0.411027 0.057941 -0.020112
v 0.410701 0.050748 -0.050304
v 0.390020 0.024731 -0.045570
v 0.356578 0.022232 0.012066
v 0.365565 0.042209 0.030234
v 0.390527 0.051622 0.017803
v 0.414425 0.069464 0.009158
v 0.372755 -0.003023 -0.045681
v 0.363019 -0.001152 -0.018867
v 0.344418 -0.002728 0.002747
v 0.419109 0.225089 -0.067174
v 0.403339 0.226979 -0.083291
v 0.433073 0.219316 -0.055906
v 0.448228 0.110781 -0.092217
v 0.452805 0.117032 -0.071699
v 0.456279 0.132412 -0.082880
v 0.452608 0.142883 -0.098460
v 0.448179 0.127622 -0.108730
v 0.441221 0.110679 -0.111403
v 0.455727 0.127759 -0.046038
v 0.446428 0.105118 -0.035603
v 0.448030 0.113843 -0.004223
v 0.447625 0.116954 0.028623
v 0.454540 0.139677 0.027835
v 0.454624 0.161252 0.034110
v 0.457744 0.168595 0.003061
v 0.458863 0.180112 -0.023520
v 0.459678 0.161584 -0.040770
v 0.252450 -0.221719 0.131066
v 0.246419 -0.215266 0.119196
v 0.251445 -0.201753 0.123205
v 0.259275 -0.194411 0.129506
v 0.259417 -0.208245 0.137181
v 0.259276 -0.222949 0.140769
v 0.239096 -0.203786 0.103294
v 0.235740 -0.227482 0.099557
v 0.222398 -0.219664 0.080953
v 0.202489 -0.184466 0.063268
v 0.202565 -0.149243 0.057183
v 0.202967 -0.217608 0.063537
v 0.246630 -0.168829 0.094661
v 0.248655 -0.187979 0.110474
v 0.283749 0.113573 0.094436
v 0.286893 0.141650 0.103999
v 0.301116 0.148665 0.119076
v 0.308162 0.131887 0.130158
v 0.310630 0.102800 0.115334
v 0.299708 0.096954 0.097220
v 0.395982 0.141252 0.157338
v 0.397520 0.151500 0.150364
v 0.409858 0.146577 0.148508
v 0.417835 0.138570 0.146316
v 0.409180 0.133305 0.154687
v 0.397079 0.131132 0.159250
v 0.412548 0.123906 0.152128
v 0.399331 0.120835 0.157688
v 0.383690 0.119018 0.160527
v 0.382295 0.130281 0.161356
v 0.381325 0.142248 0.158376
v 0.365810 0.129842 0.161205
v 0.364909 0.142829 0.157540
v 0.364609 0.156642 0.150080
v 0.382058 0.154777 0.151137
v 0.365435 0.170696 0.139028
v 0.383520 0.167762 0.139436
v 0.400716 0.162757 0.138355
v 0.385543 0.180852 0.123338
v 0.404123 0.174524 0.121397
v 0.420172 0.165630 0.118891
v 0.414821 0.155504 0.136177
v 0.431925 0.154366 0.115626
v 0.425432 0.145985 0.133337
v 0.439314 0.141532 0.111946
v 0.432011 0.134777 0.129775
v 0.423427 0.128774 0.143117
v 0.434981 0.123201 0.125974
v 0.426230 0.118532 0.138905
v 0.415165 0.114360 0.147643
v 0.402488 0.102588 0.146041
v 0.401124 0.111009 0.153163
v 0.386063 0.100345 0.148992
v 0.385265 0.108957 0.156351
v 0.368980 0.099751 0.150617
v 0.368447 0.108034 0.157608
v 0.367368 0.118133 0.161204
v 0.352738 0.108181 0.157354
v 0.351451 0.117674 0.159948
v 0.349812 0.129264 0.158939
v 0.338001 0.117141 0.157067
v 0.335259 0.127993 0.154601
v 0.332667 0.141206 0.148856
v 0.348054 0.142631 0.154408
v 0.330579 0.156155 0.140375
v 0.347304 0.157127 0.146650
v 0.330229 0.171582 0.129698
v 0.347269 0.171872 0.135992
v 0.331353 0.186153 0.117295
v 0.348417 0.185763 0.123155
v 0.366264 0.184259 0.124663
v 0.313702 0.169855 0.120053
v 0.315011 0.185561 0.107695
v 0.318845 0.199171 0.094323
v 0.298285 0.184139 0.094930
v 0.303018 0.199330 0.081660
v 0.280609 0.182509 0.079827
v 0.286081 0.199816 0.066237
v 0.266347 0.201385 0.050315
v 0.244231 0.205400 0.035742
v 0.254730 0.222184 0.020076
v 0.221528 0.213902 0.024177
v 0.232974 0.230442 0.009385
v 0.243330 0.242986 -0.009462
v 0.265548 0.234644 0.000125
v 0.251467 0.251729 -0.032282
v 0.275034 0.243311 -0.024607
v 0.256548 0.256605 -0.058334
v 0.230294 0.263276 -0.036838
v 0.234277 0.268335 -0.061037
v 0.234270 0.269188 -0.087031
v 0.257440 0.257378 -0.086428
v 0.229890 0.265587 -0.113185
v 0.253141 0.254024 -0.114396
v 0.221772 0.257252 -0.138224
v 0.245502 0.246099 -0.140278
v 0.270472 0.238763 -0.143310
v 0.294717 0.233603 -0.148039
v 0.236192 0.233216 -0.163410
v 0.262184 0.227447 -0.166063
v 0.286418 0.224436 -0.169245
v 0.255571 0.211634 -0.185135
v 0.281498 0.211279 -0.186543
v 0.252000 0.191313 -0.200679
v 0.280026 0.194719 -0.200574
v 0.304159 0.197939 -0.199015
v 0.325598 0.200727 -0.194283
v 0.282074 0.175734 -0.211236
v 0.306652 0.181652 -0.208890
v 0.328713 0.185639 -0.203788
v 0.349608 0.187814 -0.194755
v 0.345537 0.202682 -0.184946
v 0.310800 0.164521 -0.215766
v 0.331785 0.169743 -0.210915
v 0.351676 0.171515 -0.202648
v 0.369773 0.153048 -0.196798
v 0.371650 0.170902 -0.190445
v 0.370142 0.188042 -0.181657
v 0.365530 0.203741 -0.170798
v 0.391591 0.168354 -0.174765
v 0.390698 0.186778 -0.164632
v 0.385866 0.203486 -0.152569
v 0.376839 0.217478 -0.139607
v 0.357514 0.216683 -0.158878
v 0.345708 0.226575 -0.146118
v 0.363903 0.227876 -0.124861
v 0.328664 0.233515 -0.133214
v 0.384172 0.227940 -0.103163
v 0.391227 0.232911 -0.064229
v 0.377928 0.235237 -0.040579
v 0.410640 0.229572 -0.048408
v 0.400129 0.231067 -0.025370
v 0.388599 0.229230 0.000787
v 0.365134 0.234159 -0.012951
v 0.427334 0.224128 -0.036188
v 0.419377 0.224911 -0.014044
v 0.409774 0.222261 0.011540
v 0.428314 0.213136 0.017197
v 0.442860 0.201793 0.017849
v 0.436983 0.194439 0.044214
v 0.430730 0.185811 0.071579
v 0.452746 0.187353 0.012834
v 0.448669 0.179534 0.040434
v 0.443451 0.171508 0.068072
v 0.437996 0.163108 0.093657
v 0.425240 0.175912 0.097039
v 0.450442 0.154887 0.063537
v 0.445253 0.148277 0.089679
v 0.451260 0.136354 0.059462
v 0.447127 0.132452 0.086155
v 0.441660 0.127867 0.108328
v 0.443216 0.116614 0.084070
v 0.439284 0.114753 0.105647
v 0.434098 0.102306 0.083777
v 0.431797 0.102948 0.104402
v 0.419971 0.090211 0.085097
v 0.419606 0.093420 0.105044
v 0.402085 0.081354 0.087681
v 0.403192 0.086260 0.106838
v 0.403490 0.090803 0.123164
v 0.403034 0.095799 0.136172
v 0.384197 0.082295 0.109190
v 0.385652 0.087622 0.125275
v 0.386324 0.093438 0.138649
v 0.366785 0.087294 0.127197
v 0.368352 0.092954 0.140372
v 0.348305 0.089760 0.128648
v 0.351209 0.094775 0.141418
v 0.352540 0.100668 0.151071
v 0.336247 0.098585 0.141849
v 0.338750 0.103101 0.150645
v 0.339516 0.108968 0.155900
v 0.332075 0.095241 0.129756
v 0.344029 0.084673 0.113320
v 0.325783 0.091501 0.114549
v 0.338334 0.077920 0.096276
v 0.318049 0.085227 0.097572
v 0.331625 0.068722 0.078884
v 0.309395 0.075645 0.080533
v 0.288443 0.086920 0.080104
v 0.300394 0.062518 0.064949
v 0.277411 0.072619 0.065030
v 0.254932 0.086375 0.062465
v 0.268650 0.102568 0.076637
v 0.267070 0.054468 0.052821
v 0.242784 0.066156 0.051235
v 0.217942 0.080350 0.047526
v 0.232254 0.042511 0.043205
v 0.206042 0.054280 0.040653
v 0.178461 0.067760 0.037203
v 0.191612 0.096379 0.042073
v 0.148950 0.082730 0.033505
v 0.162944 0.112814 0.036535
v 0.132227 0.130219 0.032208
v 0.150109 0.158292 0.033226
v 0.117632 0.099100 0.030808
v 0.142602 0.201837 0.028021
v 0.168466 0.183728 0.031862
v 0.162229 0.223138 0.022290
v 0.184979 0.206608 0.026316
v 0.179253 0.241552 0.012624
v 0.199584 0.226144 0.016398
v 0.193342 0.256995 -0.000978
v 0.212365 0.242075 0.002404
v 0.204226 0.269116 -0.018229
v 0.222776 0.254456 -0.015460
v 0.211396 0.278230 -0.038658
v 0.187774 0.286653 -0.017963
v 0.194590 0.296328 -0.037941
v 0.197283 0.303068 -0.061079
v 0.214740 0.283697 -0.061970
v 0.196354 0.304317 -0.086602
v 0.214119 0.284762 -0.087001
v 0.191332 0.300699 -0.112054
v 0.209369 0.281155 -0.112426
v 0.182064 0.292718 -0.136430
v 0.200453 0.272953 -0.136829
v 0.168351 0.281023 -0.158739
v 0.187453 0.260135 -0.159546
v 0.210244 0.243469 -0.161308
v 0.150045 0.266330 -0.178584
v 0.152554 0.304488 -0.159408
v 0.134613 0.291548 -0.178790
v 0.112511 0.278021 -0.194977
v 0.126325 0.249971 -0.195113
v 0.086285 0.265590 -0.207213
v 0.096912 0.234833 -0.207529
v 0.057068 0.255743 -0.215297
v 0.063488 0.222176 -0.215605
v 0.073088 0.185963 -0.217345
v 0.027003 0.213212 -0.219463
v 0.031725 0.172796 -0.221217
v 0.041148 0.129590 -0.223743
v 0.085961 0.147470 -0.220276
v 0.056835 0.086048 -0.226264
v 0.101494 0.108090 -0.223599
v 0.077070 0.043800 -0.227509
v 0.120098 0.069798 -0.225619
v 0.159904 0.094039 -0.223073
v 0.196845 0.115246 -0.220725
v 0.142885 0.033651 -0.225181
v 0.179864 0.061726 -0.223463
v 0.213608 0.086294 -0.222082
v 0.244196 0.106903 -0.221519
v 0.230856 0.132017 -0.219469
v 0.204159 0.032991 -0.220190
v 0.234032 0.061028 -0.219226
v 0.261323 0.084896 -0.218977
v 0.285834 0.105048 -0.219195
v 0.271719 0.124079 -0.221292
v 0.257876 0.039826 -0.212116
v 0.281361 0.066265 -0.212138
v 0.303053 0.088925 -0.212616
v 0.322080 0.108471 -0.212997
v 0.307288 0.121884 -0.219131
v 0.303326 0.051324 -0.201114
v 0.322252 0.075646 -0.201935
v 0.339489 0.097291 -0.202559
v 0.353761 0.116898 -0.202347
v 0.342159 0.065109 -0.187516
v 0.357983 0.087967 -0.188472
v 0.371677 0.109294 -0.188343
v 0.382104 0.129531 -0.186455
v 0.364101 0.135204 -0.200548
v 0.376194 0.080393 -0.171295
v 0.389504 0.102560 -0.171448
v 0.400143 0.123808 -0.169447
v 0.407344 0.144338 -0.164607
v 0.388785 0.149217 -0.182014
v 0.405991 0.096973 -0.152331
v 0.416690 0.118339 -0.150675
v 0.424331 0.138881 -0.145553
v 0.428624 0.158888 -0.136226
v 0.410984 0.164415 -0.156204
v 0.430704 0.113694 -0.130978
v 0.438298 0.133050 -0.126483
v 0.443065 0.151557 -0.116595
v 0.455163 0.158991 -0.082297
v 0.458703 0.145519 -0.063531
v 0.456020 0.175620 -0.063151
v 0.455606 0.191204 -0.044839
v 0.419936 0.092907 -0.131844
v 0.430832 0.091004 -0.110289
v 0.406644 0.070700 -0.130393
v 0.417276 0.069183 -0.107497
v 0.424643 0.070436 -0.082919
v 0.438420 0.092146 -0.087797
v 0.429018 0.074809 -0.056411
v 0.443449 0.097139 -0.063284
v 0.431601 0.081858 -0.027641
v 0.433761 0.090278 0.002233
v 0.417397 0.078958 0.036631
v 0.435065 0.096531 0.031889
v 0.419355 0.085760 0.062131
v 0.435116 0.100312 0.059348
v 0.446080 0.117621 0.058321
v 0.395948 0.065287 0.042918
v 0.399667 0.074663 0.066173
v 0.372404 0.057121 0.050436
v 0.377696 0.068108 0.071006
v 0.381526 0.076071 0.090825
v 0.354620 0.066106 0.075468
v 0.359898 0.074963 0.093924
v 0.363903 0.081601 0.111445
v 0.348218 0.054352 0.057273
v 0.324039 0.056289 0.062197
v 0.340611 0.038929 0.040392
v 0.315864 0.040399 0.047586
v 0.291339 0.045749 0.051578
v 0.307349 0.021025 0.036038
v 0.282607 0.025580 0.041555
v 0.257625 0.032863 0.043620
v 0.274621 0.002448 0.035309
v 0.249358 0.008181 0.038175
v 0.223288 0.015808 0.038134
v 0.242542 -0.019098 0.036439
v 0.215985 -0.013729 0.036513
v 0.188074 -0.006886 0.034755
v 0.196155 0.025176 0.036513
v 0.158351 0.001607 0.032684
v 0.167448 0.036409 0.033924
v 0.181918 -0.041722 0.035596
v 0.210388 -0.045636 0.037962
v 0.206514 -0.079378 0.042632
v 0.177643 -0.078454 0.038361
v 0.204179 -0.114182 0.049484
v 0.176126 -0.115543 0.042728
v 0.176157 -0.151630 0.047106
v 0.148237 -0.155452 0.039674
v 0.151132 -0.189947 0.040816
v 0.123054 -0.195723 0.035404
v 0.118738 -0.161766 0.034785
v 0.177561 -0.186246 0.050080
v 0.180415 -0.218611 0.049313
v 0.155300 -0.221831 0.039223
v 0.161421 -0.250876 0.033544
v 0.134117 -0.255883 0.027582
v 0.127915 -0.227068 0.033427
v 0.185969 -0.247917 0.044827
v 0.195021 -0.273802 0.036140
v 0.170279 -0.276777 0.022970
v 0.207159 -0.246959 0.059823
v 0.215600 -0.272568 0.053148
v 0.228461 -0.294322 0.043685
v 0.224670 -0.248168 0.077457
v 0.232138 -0.272796 0.071753
v 0.244007 -0.293752 0.064534
v 0.259706 -0.310670 0.056145
v 0.245886 -0.311802 0.032891
v 0.245050 -0.273997 0.090794
v 0.256047 -0.293637 0.084655
v 0.270230 -0.309667 0.077899
v 0.286618 -0.321474 0.070844
v 0.278310 -0.322941 0.047972
v 0.265530 -0.293120 0.103502
v 0.278538 -0.308136 0.097306
v 0.293019 -0.319262 0.090872
v 0.303783 -0.328355 0.064545
v 0.285467 -0.305262 0.114185
v 0.298671 -0.315750 0.107200
v 0.291810 -0.300560 0.127994
v 0.304349 -0.309965 0.120146
v 0.297514 -0.293380 0.139215
v 0.310042 -0.301416 0.130327
v 0.322539 -0.307048 0.118536
v 0.314838 -0.289682 0.138442
v 0.328021 -0.293934 0.125431
v 0.340614 -0.296563 0.108337
v 0.334089 -0.310819 0.103057
v 0.352396 -0.298282 0.086770
v 0.343414 -0.313209 0.082986
v 0.362484 -0.299379 0.060963
v 0.351025 -0.314813 0.057676
v 0.336534 -0.325222 0.057397
v 0.318472 -0.331552 0.033949
v 0.320730 -0.329807 0.059682
v 0.298359 -0.330080 0.040368
v 0.313678 -0.333257 0.005149
v 0.290530 -0.331546 0.013657
v 0.267482 -0.324255 0.022730
v 0.280526 -0.332821 -0.014464
v 0.305789 -0.335144 -0.024021
v 0.296887 -0.335701 -0.052236
v 0.269774 -0.333406 -0.043074
v 0.288694 -0.333780 -0.079062
v 0.261018 -0.332044 -0.071704
v 0.281890 -0.328083 -0.104460
v 0.254051 -0.327201 -0.098946
v 0.223742 -0.325775 -0.093667
v 0.248504 -0.317928 -0.124402
v 0.218657 -0.317601 -0.120495
v 0.187508 -0.318835 -0.117643
v 0.191691 -0.325845 -0.089526
v 0.155990 -0.323823 -0.116250
v 0.159413 -0.329696 -0.087783
v 0.125116 -0.333915 -0.116056
v 0.128745 -0.338872 -0.086656
v 0.129884 -0.336574 -0.057103
v 0.102503 -0.350077 -0.054944
v 0.080453 -0.367581 -0.051193
v 0.063520 -0.386148 -0.043655
v 0.064672 -0.377518 -0.020565
v 0.152098 -0.310755 -0.142585
v 0.120402 -0.320904 -0.143643
v 0.148350 -0.291246 -0.165795
v 0.180937 -0.287136 -0.165358
v 0.179962 -0.263733 -0.184130
v 0.146080 -0.265411 -0.185302
v 0.183748 -0.305839 -0.142968
v 0.214665 -0.304227 -0.144895
v 0.212010 -0.286398 -0.166419
v 0.241344 -0.287079 -0.168459
v 0.240272 -0.266849 -0.186196
v 0.211288 -0.264640 -0.184717
v 0.244218 -0.304466 -0.147676
v 0.271903 -0.304748 -0.150521
v 0.268653 -0.287938 -0.170513
v 0.276331 -0.318412 -0.128350
v 0.301578 -0.317631 -0.131332
v 0.297267 -0.304058 -0.152347
v 0.306609 -0.327584 -0.109200
v 0.323747 -0.315077 -0.132142
v 0.312762 -0.333183 -0.086157
v 0.320522 -0.334582 -0.061591
v 0.342680 -0.310221 -0.129338
v 0.339851 -0.296243 -0.148690
v 0.319986 -0.301331 -0.152047
v 0.335968 -0.279913 -0.167274
v 0.316147 -0.285078 -0.170821
v 0.293670 -0.287517 -0.171608
v 0.312454 -0.267367 -0.187401
v 0.290970 -0.269282 -0.188455
v 0.266882 -0.268727 -0.187752
v 0.289566 -0.250488 -0.202059
v 0.267039 -0.248483 -0.201639
v 0.241580 -0.244632 -0.200395
v 0.269723 -0.228280 -0.211541
v 0.245884 -0.221878 -0.210532
v 0.218662 -0.214345 -0.209513
v 0.213271 -0.240282 -0.199183
v 0.187984 -0.206868 -0.209211
v 0.182062 -0.236385 -0.198883
v 0.153458 -0.200228 -0.210311
v 0.147723 -0.234433 -0.200035
v 0.114801 -0.195836 -0.212792
v 0.164194 -0.164223 -0.216148
v 0.072559 -0.194575 -0.216461
v 0.029772 -0.197877 -0.219890
v -0.016720 -0.163960 -0.223868
v -0.010394 -0.204739 -0.221309
v -0.007182 -0.243035 -0.218666
v -0.047161 -0.214706 -0.219405
v -0.040271 -0.249575 -0.218050
v -0.036071 -0.281725 -0.217408
v -0.007228 -0.278143 -0.216647
v -0.034251 -0.309727 -0.217527
v -0.010881 -0.308823 -0.216014
v 0.002139 -0.339956 -0.209139
v -0.009395 -0.361488 -0.208822
v 0.004189 -0.372265 -0.198722
v 0.019487 -0.350207 -0.197275
v 0.014819 -0.384603 -0.184966
v 0.032104 -0.364694 -0.180482
v 0.020540 -0.398260 -0.168188
v 0.020505 -0.413010 -0.149180
v -0.001195 -0.437303 -0.142106
v 0.015032 -0.428813 -0.129374
v -0.009653 -0.450530 -0.122548
v 0.006982 -0.443390 -0.109037
v 0.022449 -0.433594 -0.093627
v -0.002272 -0.455679 -0.087827
v 0.013208 -0.446855 -0.073774
v 0.035825 -0.422578 -0.075863
v -0.011596 -0.464399 -0.065381
v 0.004571 -0.456206 -0.053279
v -0.020723 -0.469412 -0.040996
v -0.002898 -0.460896 -0.030726
v -0.029230 -0.470572 -0.014287
v -0.009706 -0.462180 -0.005628
v 0.007510 -0.450424 0.000356
v -0.015565 -0.460341 0.021582
v -0.036799 -0.468886 0.014679
v -0.042408 -0.465195 0.044795
v -0.020680 -0.456681 0.049899
v -0.047321 -0.460327 0.073519
v -0.025953 -0.451948 0.077288
v -0.052073 -0.454045 0.099446
v -0.031609 -0.446086 0.102108
v -0.011267 -0.434662 0.104457
v -0.037886 -0.438870 0.123628
v -0.018468 -0.428059 0.124816
v -0.044847 -0.430880 0.141460
v -0.027515 -0.420610 0.141723
v -0.052102 -0.422636 0.155397
v -0.037232 -0.412958 0.155063
v -0.022978 -0.401461 0.153282
v -0.047114 -0.405767 0.164719
v -0.035251 -0.394892 0.162592
v -0.024964 -0.383419 0.158437
v -0.010292 -0.389200 0.149855
v -0.017061 -0.371946 0.151977
v -0.000867 -0.377169 0.144192
v -0.011866 -0.360734 0.142439
v 0.005872 -0.365781 0.135421
v 0.022416 -0.372381 0.128545
v 0.037258 -0.378796 0.123596
v -0.008736 -0.349397 0.129839
v -0.029531 -0.358213 0.148941
v -0.028600 -0.347712 0.136658
v -0.046367 -0.358931 0.154063
v -0.047142 -0.349980 0.142854
v -0.061611 -0.363011 0.157671
v -0.064162 -0.355712 0.147027
v -0.067494 -0.348355 0.134646
v -0.079426 -0.364592 0.149318
v -0.083446 -0.358504 0.136886
v -0.087373 -0.352376 0.123198
v -0.090971 -0.346019 0.108635
v -0.097361 -0.371121 0.137249
v -0.101458 -0.366028 0.122817
v -0.105219 -0.360329 0.106991
v -0.108851 -0.353438 0.089861
v -0.093662 -0.338081 0.093157
v -0.112826 -0.381521 0.121255
v -0.116660 -0.377063 0.104326
v -0.120708 -0.371320 0.085843
v -0.125505 -0.363866 0.066144
v -0.113228 -0.344402 0.071922
v -0.124267 -0.394780 0.101224
v -0.128135 -0.390672 0.081363
v -0.132961 -0.384759 0.060034
v -0.139030 -0.376903 0.037729
v -0.132088 -0.353876 0.045719
v -0.130735 -0.409882 0.076916
v -0.134976 -0.405853 0.053841
v -0.140607 -0.399677 0.029611
v -0.147365 -0.391403 0.004834
v -0.131678 -0.425621 0.047877
v -0.136521 -0.421421 0.021604
v -0.142705 -0.414926 -0.004978
v -0.127158 -0.440711 0.013521
v -0.133368 -0.436037 -0.014680
v -0.139369 -0.429384 -0.041551
v -0.142902 -0.421564 -0.067208
v -0.127487 -0.448065 -0.051689
v -0.131431 -0.441491 -0.075531
v -0.130537 -0.434146 -0.098211
v -0.142601 -0.413616 -0.092471
v -0.137975 -0.404850 -0.116545
v -0.150309 -0.381110 -0.111668
v -0.125308 -0.425633 -0.120632
v -0.116303 -0.415557 -0.142073
v -0.129443 -0.394838 -0.139436
v -0.111993 -0.442638 -0.122288
v -0.102421 -0.433115 -0.142751
v -0.090356 -0.421697 -0.162010
v -0.104330 -0.404188 -0.162279
v -0.098040 -0.455697 -0.120610
v -0.087582 -0.446830 -0.140192
v -0.075468 -0.435847 -0.159222
v -0.062262 -0.423076 -0.176108
v -0.076666 -0.409128 -0.179415
v -0.071761 -0.456771 -0.134277
v -0.059683 -0.445975 -0.153365
v -0.047314 -0.433556 -0.170372
v -0.034879 -0.419906 -0.183977
v -0.048656 -0.409422 -0.190085
v -0.043323 -0.452078 -0.144993
v -0.032089 -0.439734 -0.162371
v -0.026495 -0.453514 -0.134529
v -0.016922 -0.441298 -0.152856
v -0.054838 -0.462510 -0.125124
v -0.037237 -0.464242 -0.113842
v -0.019356 -0.461701 -0.101233
v -0.048399 -0.471936 -0.091280
v -0.029740 -0.470018 -0.078198
v -0.060056 -0.475959 -0.066983
v -0.040186 -0.474441 -0.053150
v -0.066461 -0.470276 -0.103857
v -0.077993 -0.474040 -0.081798
v -0.083009 -0.464747 -0.114075
v -0.035036 -0.394786 -0.200170
v -0.047632 -0.381929 -0.204643
v -0.062124 -0.395605 -0.193761
v -0.022551 -0.405747 -0.193342
v -0.009577 -0.390189 -0.197898
v -0.021848 -0.379295 -0.206267
v -0.058993 -0.366400 -0.206558
v -0.074711 -0.378961 -0.195189
v -0.090170 -0.391696 -0.180122
v -0.086251 -0.359038 -0.194610
v -0.102826 -0.371427 -0.179053
v -0.117492 -0.383519 -0.160345
v -0.115121 -0.348560 -0.176736
v -0.130276 -0.360586 -0.157471
v -0.142178 -0.371570 -0.135550
v -0.143411 -0.336189 -0.154348
v -0.155184 -0.346887 -0.131877
v -0.162762 -0.355601 -0.107018
v -0.169247 -0.322239 -0.129083
v -0.176248 -0.330055 -0.104312
v -0.185307 -0.298903 -0.127547
v -0.191340 -0.306478 -0.102755
v -0.192826 -0.309888 -0.077358
v -0.208921 -0.285677 -0.101967
v -0.209072 -0.288769 -0.076771
v -0.204902 -0.287162 -0.052544
v -0.189626 -0.309125 -0.052204
v -0.196388 -0.281295 -0.030217
v -0.222418 -0.269487 -0.051534
v -0.213296 -0.263125 -0.029824
v -0.200970 -0.252627 -0.011071
v -0.183889 -0.270701 -0.010544
v -0.185983 -0.237191 0.004246
v -0.167520 -0.255200 0.005375
v -0.167828 -0.217403 0.015833
v -0.147341 -0.235579 0.017109
v -0.130994 -0.257432 0.022216
v -0.093749 -0.261566 0.038480
v -0.118375 -0.279309 0.031402
v -0.085465 -0.282492 0.050367
v -0.108512 -0.298766 0.044574
v -0.080052 -0.300435 0.064522
v -0.101515 -0.314790 0.060139
v -0.119114 -0.332937 0.053606
v -0.096786 -0.327913 0.076629
v -0.077207 -0.315052 0.080109
v -0.055412 -0.289971 0.066670
v -0.058874 -0.269975 0.053069
v -0.029429 -0.261097 0.052867
v -0.027775 -0.283948 0.065801
v -0.033763 -0.235855 0.042812
v -0.001292 -0.227770 0.041193
v -0.065262 -0.246469 0.042138
v -0.005627 -0.199243 0.035126
v 0.026894 -0.190911 0.033777
v 0.031218 -0.220550 0.037914
v 0.058189 -0.181566 0.032481
v 0.063009 -0.212149 0.034700
v 0.088702 -0.171343 0.032605
v 0.093591 -0.203510 0.033442
v 0.098769 -0.234158 0.032400
v 0.104875 -0.263077 0.027400
v 0.141955 -0.281630 0.016095
v 0.053063 -0.150901 0.030569
v 0.022656 -0.161540 0.030817
v 0.018925 -0.133332 0.029647
v 0.046958 -0.121647 0.029676
v 0.015363 -0.108194 0.030410
v 0.039420 -0.096756 0.030613
v 0.012308 -0.086845 0.033374
v 0.032209 -0.076786 0.033558
v 0.049333 -0.060989 0.033946
v 0.026236 -0.061034 0.038507
v 0.039588 -0.047898 0.038834
v 0.048726 -0.030454 0.039305
v 0.061940 -0.039258 0.034321
v 0.051952 -0.009884 0.039724
v 0.038961 -0.024416 0.045591
v 0.041122 -0.008651 0.046203
v 0.038063 0.007394 0.046782
v 0.048591 0.011152 0.040200
v 0.030346 0.021424 0.047391
v 0.038227 0.029066 0.040573
v 0.019141 0.031875 0.047804
v 0.023780 0.041710 0.041007
v 0.029437 0.055138 0.035115
v 0.007135 0.048593 0.041301
v 0.008458 0.062735 0.035439
v 0.009727 0.081375 0.031051
v 0.036044 0.073652 0.031002
v 0.010630 0.105113 0.028718
v 0.042163 0.099124 0.028764
v -0.016138 0.081483 0.031446
v -0.019986 0.104224 0.028920
v -0.024236 0.131204 0.028343
v -0.049532 0.096977 0.029771
v -0.056887 0.124286 0.029197
v -0.064183 0.153615 0.029994
v -0.030218 0.161042 0.029047
v -0.072766 0.183149 0.031061
v -0.039683 0.191238 0.030557
v -0.082460 0.211572 0.031510
v -0.051340 0.220260 0.031690
v -0.093216 0.238276 0.029870
v -0.064225 0.247323 0.031007
v -0.104445 0.262626 0.024897
v -0.077980 0.271518 0.026383
v -0.115581 0.284346 0.015683
v -0.131101 0.256222 0.028114
v -0.141733 0.278363 0.019468
v -0.153163 0.297346 0.006257
v -0.126072 0.303059 0.001808
v -0.135949 0.317592 -0.016756
v -0.143440 0.327705 -0.039301
v -0.116349 0.336154 -0.039455
v -0.093676 0.348250 -0.037050
v -0.146652 0.332491 -0.064752
v -0.119201 0.341894 -0.063815
v -0.095618 0.355005 -0.060768
v -0.075874 0.371049 -0.054714
v -0.076006 0.362533 -0.032420
v -0.118965 0.342699 -0.089706
v -0.146459 0.331824 -0.091153
v -0.143997 0.325062 -0.117225
v -0.116202 0.337948 -0.116375
v -0.139544 0.312185 -0.142078
v -0.111836 0.326433 -0.142088
v -0.132750 0.292898 -0.164639
v -0.104455 0.309868 -0.165303
v -0.080370 0.330065 -0.167126
v -0.069337 0.313696 -0.186778
v -0.051112 0.336854 -0.189644
v -0.059810 0.351076 -0.170854
v -0.036362 0.357282 -0.193453
v -0.042400 0.369919 -0.176997
v -0.026269 0.398891 -0.166504
v -0.021109 0.414813 -0.146213
v -0.010457 0.408007 -0.176011
v -0.003739 0.423513 -0.158226
v 0.005076 0.439011 -0.138321
v -0.012485 0.431484 -0.124966
v 0.005145 0.411902 -0.184767
v 0.013389 0.427395 -0.168552
v 0.023073 0.442460 -0.149734
v 0.033503 0.455729 -0.129272
v 0.015180 0.453096 -0.117102
v 0.030524 0.426910 -0.177019
v 0.040932 0.441499 -0.159145
v 0.051833 0.454450 -0.139421
v 0.062538 0.464398 -0.118838
v 0.044376 0.466264 -0.107602
v 0.058268 0.436452 -0.166033
v 0.069199 0.448970 -0.147099
v 0.079555 0.459057 -0.127355
v 0.073167 0.470536 -0.097817
v 0.085408 0.439676 -0.151450
v 0.094735 0.449927 -0.132269
v 0.100163 0.426214 -0.152574
v 0.108867 0.437171 -0.132494
v 0.113859 0.409052 -0.150725
v 0.122112 0.420019 -0.129586
v 0.126502 0.429928 -0.107359
v 0.125844 0.438507 -0.084891
v 0.134997 0.399167 -0.124534
v 0.138927 0.408843 -0.100317
v 0.138075 0.418146 -0.074552
v 0.132151 0.427467 -0.048258
v 0.119791 0.446821 -0.061360
v 0.134208 0.413794 -0.007820
v 0.125857 0.421547 0.020556
v 0.140252 0.389640 0.004407
v 0.131339 0.399312 0.030261
v 0.124572 0.406121 0.055804
v 0.119779 0.425825 0.048848
v 0.130210 0.376800 0.040051
v 0.122858 0.385377 0.062974
v 0.117395 0.391578 0.085162
v 0.119587 0.410148 0.079905
v 0.122473 0.354879 0.049195
v 0.114867 0.365446 0.070084
v 0.109470 0.373255 0.090375
v 0.105395 0.379238 0.109564
v 0.113253 0.395690 0.105544
v 0.101157 0.347539 0.076331
v 0.096282 0.356928 0.095312
v 0.093025 0.364371 0.113195
v 0.090560 0.370597 0.129480
v 0.102126 0.383862 0.126561
v 0.078937 0.343712 0.099186
v 0.076802 0.352501 0.116381
v 0.075923 0.360160 0.131705
v 0.075658 0.367066 0.144787
v 0.088506 0.376028 0.143062
v 0.057980 0.344545 0.118468
v 0.058788 0.353405 0.133387
v 0.060865 0.361934 0.145729
v 0.040265 0.350723 0.133849
v 0.044366 0.360411 0.145845
v 0.050066 0.370374 0.154972
v 0.057099 0.380290 0.161428
v 0.027117 0.362372 0.144314
v 0.034928 0.373375 0.153000
v 0.044547 0.384560 0.159131
v 0.019321 0.379003 0.148554
v 0.031564 0.390898 0.154199
v 0.044832 0.401911 0.157852
v 0.054894 0.395027 0.163036
v 0.065287 0.390413 0.164869
v 0.081858 0.397233 0.164092
v 0.087447 0.407531 0.161828
v 0.095368 0.405310 0.157027
v 0.089339 0.394386 0.159637
v 0.101445 0.402890 0.149461
v 0.094840 0.391246 0.151927
v 0.106001 0.400786 0.138266
v 0.098798 0.387759 0.140929
v 0.109650 0.398601 0.123542
v 0.112642 0.413126 0.120643
v 0.115821 0.412359 0.101847
v 0.110580 0.426011 0.118624
v 0.112858 0.427511 0.098818
v 0.115718 0.427728 0.075346
v 0.104411 0.440055 0.097079
v 0.105864 0.442556 0.071932
v 0.091120 0.448765 0.096809
v 0.090785 0.453589 0.070611
v 0.074270 0.453016 0.098068
v 0.071990 0.459273 0.072497
v 0.055275 0.452505 0.100005
v 0.051697 0.459554 0.075691
v 0.047650 0.465111 0.048600
v 0.031164 0.454920 0.078940
v 0.026789 0.460410 0.053776
v 0.021702 0.464003 0.027432
v 0.042519 0.469265 0.019851
v 0.015591 0.465517 0.001224
v 0.035193 0.471787 -0.008204
v 0.008546 0.464335 -0.023567
v 0.026763 0.471454 -0.034418
v 0.046435 0.474777 -0.047021
v 0.017504 0.467249 -0.058686
v 0.036192 0.471778 -0.071730
v 0.055158 0.472728 -0.085103
v 0.066297 0.474500 -0.061275
v 0.083665 0.471329 -0.077026
v 0.025626 0.464290 -0.094968
v 0.007710 0.458884 -0.081424
v -0.002532 0.446625 -0.103402
v -0.008411 0.450565 -0.067262
v -0.018617 0.437207 -0.088055
v -0.032132 0.426176 -0.070651
v 0.000745 0.459739 -0.046288
v -0.001870 0.455206 0.008669
v 0.003034 0.454339 0.033437
v -0.013401 0.441316 0.038336
v -0.010187 0.439398 0.061692
v -0.025487 0.425677 0.065101
v -0.027517 0.425872 0.042833
v 0.007357 0.451436 0.058161
v 0.011341 0.446383 0.081539
v -0.007160 0.435285 0.083571
v -0.003888 0.428666 0.103168
v -0.022110 0.417467 0.102963
v -0.023898 0.422935 0.085187
v 0.015478 0.439299 0.102884
v 0.020340 0.430311 0.121447
v 0.035389 0.447623 0.101745
v 0.039931 0.438872 0.121628
v 0.045141 0.429131 0.138074
v 0.026733 0.420305 0.136979
v 0.058841 0.444119 0.120867
v 0.062523 0.434875 0.137962
v 0.066165 0.425340 0.151051
v 0.051211 0.419517 0.150829
v 0.076420 0.445484 0.119616
v 0.078400 0.436910 0.136994
v 0.079922 0.427732 0.150102
v 0.092048 0.435449 0.135563
v 0.091871 0.427113 0.148216
v 0.090655 0.417705 0.156669
v 0.091664 0.442707 0.118440
v 0.103402 0.436018 0.117951
v 0.035220 0.410472 0.149220
v -0.038416 0.407344 0.102645
v -0.038268 0.410851 0.087165
v -0.038281 0.411512 0.069026
v -0.049933 0.399730 0.089891
v -0.048264 0.398226 0.074025
v -0.055427 0.386750 0.080242
v -0.059669 0.377361 0.086826
v -0.055695 0.370675 0.074900
v -0.061033 0.369887 0.093228
v -0.056087 0.362940 0.083764
v -0.050729 0.353797 0.074071
v -0.052269 0.362003 0.062765
v -0.050339 0.351566 0.051414
v -0.051433 0.341198 0.039316
v -0.053737 0.352514 0.029425
v -0.047129 0.349031 0.085341
v -0.043436 0.348713 0.097160
v -0.040072 0.352275 0.108081
v -0.025800 0.344252 0.106865
v -0.021088 0.351916 0.118922
v -0.003291 0.345613 0.119775
v -0.008040 0.336581 0.105249
v -0.036645 0.358526 0.117977
v -0.032029 0.367395 0.125508
v -0.015579 0.361392 0.129021
v -0.049384 0.364601 0.116448
v -0.046755 0.371971 0.122289
v -0.059113 0.369685 0.114737
v -0.058363 0.375732 0.119371
v -0.056757 0.382515 0.121366
v -0.054664 0.389453 0.119585
v -0.066747 0.379027 0.117065
v -0.066712 0.383701 0.119059
v -0.073273 0.385058 0.117844
v -0.065560 0.374368 0.112350
v -0.053288 0.395164 0.113371
v -0.051713 0.398689 0.103304
v 0.009540 0.366841 0.141313
v 0.002314 0.355736 0.131606
v 0.021046 0.351663 0.133436
v 0.016655 0.341544 0.119968
v 0.037405 0.340867 0.119824
v 0.035876 0.330456 0.103680
v 0.013003 0.331208 0.104681
v 0.035167 0.318154 0.086619
v 0.058271 0.334664 0.102152
v 0.060197 0.322976 0.084726
v 0.063973 0.308349 0.067804
v 0.082493 0.333094 0.081467
v 0.088340 0.319825 0.063824
v 0.096924 0.303494 0.047974
v 0.071100 0.289981 0.052352
v 0.109028 0.284150 0.035014
v 0.082954 0.268511 0.040467
v 0.123855 0.263010 0.026656
v 0.098917 0.245399 0.032368
v 0.141680 0.242110 0.022430
v 0.118697 0.222441 0.028220
v 0.160823 0.259786 0.012727
v 0.176352 0.274902 -0.000978
v 0.108063 0.335666 0.057598
v 0.147689 0.374957 -0.119161
v 0.126661 0.388231 -0.147281
v 0.139190 0.364926 -0.143002
v 0.152091 0.340077 -0.139435
v 0.160950 0.349127 -0.114533
v 0.166129 0.315539 -0.137133
v 0.175388 0.323640 -0.112627
v 0.138953 0.329141 -0.161351
v 0.126703 0.353549 -0.164500
v 0.110850 0.341744 -0.183042
v 0.122024 0.317039 -0.180512
v 0.092345 0.330342 -0.198475
v 0.101580 0.305006 -0.196253
v 0.071683 0.320617 -0.210081
v 0.078294 0.294345 -0.208304
v 0.049626 0.313649 -0.217622
v 0.052676 0.286286 -0.216129
v 0.026595 0.310340 -0.220760
v 0.025650 0.281916 -0.219596
v 0.025422 0.249566 -0.218944
v -0.002005 0.282011 -0.218457
v -0.007765 0.248415 -0.218073
v -0.012787 0.209156 -0.218996
v -0.028738 0.287339 -0.212672
v 0.003540 0.311029 -0.219532
v -0.018307 0.315841 -0.213895
v -0.037116 0.324667 -0.203946
v -0.052287 0.298161 -0.202053
v -0.009549 0.340280 -0.214981
v -0.025098 0.347432 -0.206011
v -0.001859 0.361188 -0.214605
v 0.013879 0.357322 -0.219517
v 0.019769 0.375518 -0.216115
v 0.005331 0.379110 -0.211350
v 0.008692 0.336027 -0.220255
v 0.028029 0.334888 -0.221649
v 0.047167 0.337348 -0.218925
v 0.065752 0.343744 -0.211930
v 0.083558 0.353250 -0.200711
v 0.074429 0.372757 -0.202382
v 0.089027 0.384577 -0.187904
v 0.076705 0.400963 -0.188603
v 0.063944 0.388299 -0.202688
v 0.100182 0.364521 -0.185875
v 0.114802 0.376574 -0.167771
v 0.102485 0.396901 -0.170528
v 0.089158 0.414016 -0.171500
v 0.074390 0.427148 -0.170239
v 0.062724 0.413578 -0.187143
v 0.047142 0.422147 -0.183343
v 0.036648 0.407155 -0.197896
v 0.051256 0.399459 -0.201382
v 0.027366 0.391628 -0.208988
v 0.020970 0.411321 -0.192262
v 0.012653 0.395505 -0.203915
v -0.169736 0.302849 -0.142801
v -0.164656 0.282616 -0.164769
v -0.200993 0.298069 -0.144549
v -0.197294 0.277528 -0.165730
v -0.194696 0.251916 -0.183838
v -0.228986 0.275990 -0.167575
v -0.227570 0.251704 -0.184883
v -0.229085 0.224511 -0.198449
v -0.195155 0.221281 -0.197901
v -0.234913 0.195664 -0.207301
v -0.202044 0.187527 -0.207148
v -0.245719 0.167812 -0.211186
v -0.215492 0.153800 -0.210959
v -0.179236 0.137596 -0.212792
v -0.261153 0.143048 -0.209554
v -0.271464 0.179185 -0.212394
v -0.283154 0.158715 -0.211391
v -0.297442 0.143127 -0.205073
v -0.280461 0.123877 -0.202449
v -0.313450 0.133721 -0.193741
v -0.301098 0.112616 -0.189772
v -0.329068 0.129989 -0.177331
v -0.320271 0.107643 -0.172414
v -0.313370 0.082432 -0.169182
v -0.336292 0.107104 -0.150491
v -0.331638 0.081611 -0.147463
v -0.331228 0.055290 -0.146005
v -0.311159 0.054629 -0.167542
v -0.336249 0.028720 -0.145823
v -0.316382 0.025884 -0.166836
v -0.346062 0.002959 -0.146799
v -0.327019 -0.001681 -0.167276
v -0.303789 -0.008358 -0.185256
v -0.341048 -0.027205 -0.168838
v -0.319795 -0.035175 -0.186246
v -0.296788 -0.046099 -0.200635
v -0.277291 -0.018647 -0.200109
v -0.273614 -0.061047 -0.211309
v -0.250141 -0.034730 -0.211238
v -0.251995 -0.079821 -0.218017
v -0.224609 -0.055794 -0.218372
v -0.194978 -0.027259 -0.219440
v -0.161942 0.006105 -0.220919
v -0.201960 -0.081045 -0.221665
v -0.168661 -0.055773 -0.223268
v -0.132216 -0.026937 -0.225001
v -0.146271 -0.087680 -0.224040
v -0.107642 -0.062857 -0.226408
v -0.065434 -0.036300 -0.228071
v -0.018987 -0.009026 -0.228677
v -0.087227 -0.100535 -0.225803
v -0.044084 -0.078217 -0.227801
v -0.070339 -0.139203 -0.223731
v -0.027288 -0.121075 -0.226258
v -0.057112 -0.177625 -0.221475
v -0.109915 -0.157851 -0.218806
v -0.094031 -0.193147 -0.215762
v -0.080827 -0.227065 -0.213840
v -0.111352 -0.241485 -0.204114
v -0.097836 -0.271242 -0.203600
v -0.070430 -0.259269 -0.212990
v -0.086868 -0.299335 -0.204293
v -0.062554 -0.289006 -0.213165
v -0.077523 -0.324936 -0.205554
v -0.056364 -0.315683 -0.213907
v -0.068596 -0.347581 -0.206652
v -0.097295 -0.336398 -0.193034
v -0.108840 -0.311341 -0.191162
v -0.127822 -0.324051 -0.174354
v -0.121947 -0.284802 -0.189988
v -0.142043 -0.298694 -0.172550
v -0.157826 -0.311507 -0.152055
v -0.159013 -0.273532 -0.172023
v -0.174576 -0.287826 -0.150859
v -0.194705 -0.266338 -0.150889
v -0.204096 -0.278353 -0.126966
v -0.218829 -0.248832 -0.151674
v -0.226221 -0.261348 -0.127040
v -0.229399 -0.268729 -0.101298
v -0.251540 -0.248791 -0.127260
v -0.253386 -0.255436 -0.100280
v -0.249833 -0.257770 -0.073363
v -0.228052 -0.271229 -0.075727
v -0.242321 -0.255543 -0.048650
v -0.263994 -0.245388 -0.042771
v -0.231946 -0.249359 -0.026979
v -0.219951 -0.238797 -0.008795
v -0.206688 -0.223696 0.006543
v -0.190759 -0.203206 0.018381
v -0.173251 -0.177849 0.026320
v -0.155444 -0.147547 0.030510
v -0.138383 -0.113862 0.031628
v -0.286715 -0.237880 -0.032629
v -0.246392 -0.237037 -0.152447
v -0.274868 -0.229539 -0.153540
v -0.270630 -0.214765 -0.175360
v -0.298795 -0.212086 -0.175725
v -0.302404 -0.224377 -0.155510
v -0.268657 -0.195722 -0.193294
v -0.297866 -0.196172 -0.192243
v -0.323712 -0.196280 -0.189722
v -0.299645 -0.178025 -0.204945
v -0.325067 -0.180065 -0.201587
v -0.348685 -0.180066 -0.195356
v -0.347074 -0.195744 -0.184114
v -0.371465 -0.178403 -0.185520
v -0.369442 -0.194555 -0.173795
v -0.394124 -0.175068 -0.172349
v -0.392362 -0.157131 -0.181887
v -0.413294 -0.151783 -0.167210
v -0.416128 -0.170170 -0.157115
v -0.370770 -0.161136 -0.194445
v -0.367136 -0.143774 -0.200191
v -0.387482 -0.138702 -0.187848
v -0.348976 -0.163481 -0.203943
v -0.326980 -0.163221 -0.210135
v -0.303656 -0.159612 -0.213555
v -0.277747 -0.152668 -0.215310
v -0.287130 -0.133045 -0.219120
v -0.271374 -0.174129 -0.206689
v -0.248687 -0.142612 -0.216487
v -0.216532 -0.128781 -0.218254
v -0.232849 -0.102452 -0.220356
v -0.261420 -0.119631 -0.219706
v -0.277141 -0.099842 -0.218097
v -0.299522 -0.116052 -0.218299
v -0.295624 -0.083196 -0.212064
v -0.315304 -0.102144 -0.212810
v -0.315911 -0.069745 -0.201825
v -0.333654 -0.090435 -0.203177
v -0.348715 -0.109182 -0.203805
v -0.353039 -0.080855 -0.189835
v -0.367567 -0.100940 -0.191035
v -0.379173 -0.120134 -0.190609
v -0.360117 -0.126507 -0.203089
v -0.386324 -0.093918 -0.175308
v -0.398312 -0.113761 -0.175505
v -0.407281 -0.133078 -0.173058
v -0.415972 -0.108262 -0.158434
v -0.425548 -0.127352 -0.156857
v -0.432120 -0.145748 -0.151551
v -0.440904 -0.122533 -0.139932
v -0.447797 -0.139565 -0.135898
v -0.452196 -0.155725 -0.126764
v -0.436224 -0.163380 -0.141838
v -0.454991 -0.171358 -0.113063
v -0.466055 -0.161172 -0.098607
v -0.467654 -0.175167 -0.081576
v -0.456351 -0.186263 -0.095896
v -0.467558 -0.188683 -0.063472
v -0.457466 -0.199092 -0.077393
v -0.465731 -0.200595 -0.046410
v -0.455932 -0.209596 -0.059738
v -0.451085 -0.217314 -0.042938
v -0.442924 -0.221846 -0.025310
v -0.427807 -0.227251 -0.037264
v -0.432962 -0.222405 -0.005037
v -0.414912 -0.228422 -0.016457
v -0.394881 -0.232145 -0.030992
v -0.410384 -0.230527 -0.051710
v -0.372701 -0.234193 -0.048717
v -0.391717 -0.231278 -0.069440
v -0.370895 -0.230690 -0.090698
v -0.349320 -0.229759 -0.114184
v -0.377910 -0.230762 -0.006836
v -0.353776 -0.233360 -0.023655
v -0.400534 -0.226456 0.007551
v -0.420934 -0.219794 0.018595
v -0.439023 -0.210658 0.024893
v -0.452926 -0.199354 0.026353
v -0.445714 -0.191999 0.051281
v -0.456890 -0.177185 0.048674
v -0.450772 -0.169098 0.074656
v -0.438184 -0.183510 0.077138
v -0.462636 -0.185173 0.022759
v -0.444478 -0.160602 0.098466
v -0.431986 -0.173840 0.101410
v -0.437916 -0.151768 0.118937
v -0.425879 -0.163601 0.122238
v -0.409962 -0.173962 0.125035
v -0.419293 -0.153319 0.139180
v -0.404976 -0.162568 0.141910
v -0.388186 -0.169917 0.143625
v -0.391281 -0.182040 0.127377
v -0.370279 -0.175032 0.144012
v -0.372094 -0.187244 0.129696
v -0.352419 -0.178090 0.142350
v -0.354061 -0.190253 0.129631
v -0.335451 -0.179358 0.137926
v -0.337180 -0.191514 0.126300
v -0.319712 -0.178795 0.131081
v -0.321434 -0.191198 0.120206
v -0.324132 -0.200847 0.107717
v -0.327782 -0.208005 0.092122
v -0.305682 -0.176776 0.121788
v -0.319450 -0.164651 0.140279
v -0.305811 -0.161885 0.130276
v -0.293567 -0.157548 0.117587
v -0.293259 -0.173540 0.110342
v -0.281406 -0.151665 0.102416
v -0.281502 -0.170038 0.095881
v -0.267018 -0.144817 0.085101
v -0.268051 -0.166200 0.079221
v -0.275929 -0.185181 0.072900
v -0.308354 -0.146321 0.137831
v -0.320768 -0.149719 0.148033
v -0.323686 -0.135474 0.154151
v -0.312962 -0.131538 0.144635
v -0.336619 -0.137256 0.161139
v -0.339131 -0.124713 0.164250
v -0.335078 -0.151197 0.155643
v -0.350656 -0.150958 0.160773
v -0.351324 -0.137641 0.165872
v -0.334634 -0.165539 0.147855
v -0.351170 -0.164719 0.152852
v -0.368173 -0.162155 0.155438
v -0.366719 -0.149331 0.163605
v -0.366407 -0.137173 0.168314
v -0.384748 -0.157833 0.155898
v -0.399554 -0.151687 0.154699
v -0.411878 -0.143479 0.152080
v -0.421580 -0.134115 0.147975
v -0.411154 -0.126397 0.157017
v -0.430410 -0.142744 0.135392
v -0.437986 -0.132043 0.130873
v -0.428621 -0.124470 0.142355
v -0.445424 -0.139227 0.115283
v -0.451736 -0.146213 0.095402
v -0.453340 -0.131437 0.093081
v -0.449406 -0.117400 0.092917
v -0.457260 -0.152861 0.071390
v -0.457805 -0.135407 0.069073
v -0.452059 -0.118095 0.069875
v -0.441005 -0.102638 0.073209
v -0.439894 -0.104715 0.095150
v -0.441052 -0.099257 0.047853
v -0.423875 -0.084266 0.054504
v -0.425397 -0.089845 0.078075
v -0.440072 -0.093586 0.020217
v -0.420984 -0.076372 0.028970
v -0.399032 -0.063363 0.038573
v -0.403543 -0.073265 0.061953
v -0.437540 -0.084928 -0.008038
v -0.451002 -0.096619 -0.046090
v -0.434175 -0.075440 -0.035915
v -0.446729 -0.089007 -0.071599
v -0.430320 -0.068128 -0.063003
v -0.440222 -0.084377 -0.095136
v -0.424725 -0.063590 -0.088459
v -0.407044 -0.041505 -0.082202
v -0.389162 -0.017971 -0.077302
v -0.416142 -0.062162 -0.112167
v -0.399873 -0.040087 -0.107201
v -0.383684 -0.017016 -0.103001
v -0.369640 0.007113 -0.100130
v -0.373528 0.006522 -0.074738
v -0.388811 -0.041429 -0.130354
v -0.373640 -0.018250 -0.126847
v -0.360330 0.005816 -0.124266
v -0.350497 0.030842 -0.122744
v -0.359082 0.031763 -0.098235
v -0.359201 -0.021738 -0.148856
v -0.374256 -0.045021 -0.151776
v -0.356547 -0.050968 -0.171103
v -0.389514 -0.067206 -0.154876
v -0.372135 -0.073003 -0.173583
v -0.336748 -0.059038 -0.188024
v -0.403838 -0.088158 -0.157477
v -0.404443 -0.063398 -0.134362
v -0.418896 -0.084381 -0.137937
v -0.431348 -0.104052 -0.140235
v -0.431155 -0.082862 -0.117196
v -0.443519 -0.102154 -0.121208
v -0.452654 -0.103231 -0.101613
v -0.458928 -0.108332 -0.080669
v -0.463244 -0.116779 -0.057450
v -0.470075 -0.134569 -0.070659
v -0.472755 -0.162401 -0.065832
v -0.471317 -0.149215 -0.084418
v -0.472840 -0.176407 -0.046816
v -0.470769 -0.190359 -0.030478
v -0.353086 0.057092 -0.096786
v -0.355095 0.056338 -0.071058
v -0.361985 0.031414 -0.072994
v -0.345094 0.056408 -0.122205
v -0.344610 0.082545 -0.122540
v -0.351998 0.083211 -0.095442
v -0.353125 0.081765 -0.068033
v -0.350098 0.103282 -0.035875
v -0.348570 0.078916 -0.042407
v -0.351386 0.054518 -0.046176
v -0.339090 0.075659 -0.019346
v -0.342226 0.051928 -0.023389
v -0.350013 0.027525 -0.024231
v -0.358967 0.029715 -0.047964
v -0.328325 0.049313 -0.003646
v -0.335115 0.025552 -0.003896
v -0.310691 0.046418 0.012292
v -0.316586 0.023097 0.012235
v -0.325107 0.000122 0.016732
v -0.295670 0.019442 0.024070
v -0.303298 -0.003400 0.028448
v -0.312232 -0.024470 0.037309
v -0.335158 -0.021280 0.026269
v -0.321429 -0.042519 0.050320
v -0.344454 -0.039648 0.040927
v -0.330092 -0.057172 0.066208
v -0.352615 -0.054194 0.058523
v -0.375794 -0.056108 0.048987
v -0.359409 -0.065307 0.077294
v -0.381675 -0.066909 0.069876
v -0.364890 -0.073558 0.096093
v -0.385988 -0.074944 0.090102
v -0.406647 -0.080465 0.083945
v -0.388941 -0.081275 0.108977
v -0.408359 -0.086062 0.103904
v -0.425844 -0.094106 0.099132
v -0.408881 -0.091251 0.121415
v -0.425189 -0.098007 0.116949
v -0.408209 -0.096851 0.136032
v -0.423630 -0.102840 0.131315
v -0.406356 -0.103740 0.147740
v -0.421072 -0.109311 0.142312
v -0.403259 -0.111750 0.156699
v -0.416993 -0.117509 0.150777
v -0.398983 -0.120636 0.162972
v -0.387858 -0.107976 0.160495
v -0.385028 -0.117051 0.166404
v -0.371860 -0.105961 0.162576
v -0.369862 -0.115295 0.167613
v -0.367795 -0.125761 0.169644
v -0.354982 -0.114559 0.167047
v -0.352903 -0.125366 0.167908
v -0.341729 -0.114192 0.164585
v -0.343603 -0.106156 0.162208
v -0.356499 -0.105545 0.162983
v -0.356838 -0.098201 0.155895
v -0.342916 -0.100169 0.156190
v -0.372931 -0.098042 0.154388
v -0.372926 -0.091310 0.143412
v -0.355838 -0.092159 0.145768
v -0.389930 -0.099818 0.151749
v -0.390833 -0.092933 0.140119
v -0.390531 -0.086915 0.125785
v -0.371616 -0.085524 0.129751
v -0.368957 -0.079918 0.113820
v -0.349827 -0.082088 0.118229
v -0.353594 -0.086988 0.133155
v -0.332923 -0.087573 0.122227
v -0.337800 -0.091053 0.135881
v -0.340989 -0.095185 0.147299
v -0.326138 -0.083158 0.106221
v -0.344544 -0.076307 0.101473
v -0.337901 -0.068251 0.083725
v -0.317976 -0.075675 0.088800
v -0.308885 -0.064500 0.071828
v -0.289412 -0.076149 0.075097
v -0.278103 -0.060381 0.060112
v -0.258047 -0.075184 0.060492
v -0.272102 -0.091902 0.075691
v -0.299227 -0.049589 0.056665
v -0.289612 -0.030892 0.044499
v -0.267220 -0.040453 0.048333
v -0.257537 -0.017065 0.040266
v -0.233742 -0.026930 0.041503
v -0.244973 -0.052834 0.049108
v -0.280664 -0.009247 0.036105
v -0.273256 0.014699 0.031906
v -0.249577 0.008611 0.036190
v -0.243849 0.035971 0.036158
v -0.218145 0.031426 0.037176
v -0.224740 0.001490 0.037502
v -0.267941 0.039919 0.032174
v -0.265296 0.066103 0.037143
v -0.240482 0.064194 0.040466
v -0.290402 0.043404 0.024258
v -0.287956 0.067577 0.029034
v -0.308136 0.069687 0.016671
v -0.308952 0.092103 0.025007
v -0.313175 0.112989 0.036714
v -0.325323 0.072391 0.000424
v -0.326059 0.094699 0.008148
v -0.329846 0.115615 0.018992
v -0.335723 0.134762 0.032337
v -0.320073 0.130976 0.050162
v -0.339919 0.098592 -0.012188
v -0.343945 0.120651 -0.001686
v -0.349777 0.141298 0.011741
v -0.355815 0.160646 0.027159
v -0.341831 0.152277 0.047137
v -0.354989 0.127208 -0.025928
v -0.361650 0.149725 -0.011612
v -0.368247 0.170522 0.004620
v -0.373392 0.190179 0.021128
v -0.360497 0.179349 0.043464
v -0.378230 0.181782 -0.019208
v -0.383831 0.201298 -0.001646
v -0.385380 0.195048 -0.042865
v -0.390853 0.213555 -0.022962
v -0.389554 0.210982 -0.064116
v -0.394233 0.227986 -0.041953
v -0.393588 0.243856 -0.059626
v -0.393533 0.257346 -0.035816
v -0.390257 0.227757 -0.083201
v -0.386875 0.244031 -0.100515
v -0.388994 0.259823 -0.076582
v -0.383944 0.210381 -0.106855
v -0.381981 0.227225 -0.123654
v -0.375715 0.241937 -0.138235
v -0.379570 0.258802 -0.116188
v -0.375669 0.193608 -0.130696
v -0.374906 0.210885 -0.145724
v -0.370182 0.225337 -0.158720
v -0.360999 0.236787 -0.169395
v -0.365449 0.254141 -0.150542
v -0.366786 0.196815 -0.166187
v -0.363434 0.210362 -0.176759
v -0.356198 0.220730 -0.185569
v -0.344303 0.227507 -0.192410
v -0.347771 0.245228 -0.177737
v -0.330349 0.250583 -0.183347
v -0.333012 0.269904 -0.166533
v -0.351056 0.263407 -0.160059
v -0.328465 0.231359 -0.197225
v -0.308603 0.232367 -0.199675
v -0.309413 0.253390 -0.186397
v -0.327494 0.213244 -0.207153
v -0.309724 0.212254 -0.209146
v -0.288196 0.208654 -0.209257
v -0.285474 0.231208 -0.200280
v -0.328237 0.197569 -0.212808
v -0.312593 0.194095 -0.214113
v -0.293833 0.188051 -0.213787
v -0.263456 0.203049 -0.208414
v -0.301887 0.170661 -0.213415
v -0.312510 0.158082 -0.208412
v -0.324717 0.151029 -0.198514
v -0.344561 0.165664 -0.191007
v -0.337867 0.149317 -0.183991
v -0.355670 0.170757 -0.174452
v -0.350381 0.152467 -0.164636
v -0.343430 0.131113 -0.156000
v -0.366007 0.180165 -0.153897
v -0.357707 0.186060 -0.183648
v -0.348564 0.179376 -0.197535
v -0.258914 0.228167 -0.199491
v -0.257730 0.253013 -0.186352
v -0.285030 0.253830 -0.187092
v -0.258946 0.275672 -0.169424
v -0.286574 0.275409 -0.170565
v -0.311366 0.273637 -0.169829
v -0.289428 0.294311 -0.151264
v -0.314130 0.292128 -0.150996
v -0.335582 0.287730 -0.147622
v -0.317240 0.307370 -0.130753
v -0.337562 0.303088 -0.127906
v -0.354621 0.296396 -0.120093
v -0.353690 0.280932 -0.140507
v -0.368971 0.286944 -0.107938
v -0.368364 0.271215 -0.129778
v -0.380536 0.274551 -0.092919
v -0.365969 0.300375 -0.085711
v -0.377681 0.288373 -0.068354
v -0.387355 0.273450 -0.051589
v -0.389590 0.267165 -0.011079
v -0.382160 0.272509 0.016125
v -0.372514 0.274116 0.045447
v -0.354149 0.293590 0.069846
v -0.361126 0.273856 0.074588
v -0.343386 0.292468 0.096386
v -0.348686 0.273781 0.100738
v -0.331526 0.290476 0.117929
v -0.335760 0.273031 0.122428
v -0.336948 0.253514 0.126188
v -0.322655 0.271389 0.138818
v -0.323933 0.253466 0.141988
v -0.323297 0.235348 0.143966
v -0.335056 0.233532 0.129809
v -0.311161 0.252251 0.152359
v -0.311289 0.234975 0.152888
v -0.298926 0.250384 0.157992
v -0.299242 0.233668 0.157156
v -0.299790 0.217172 0.154150
v -0.287431 0.232348 0.157485
v -0.288079 0.215632 0.153400
v -0.289719 0.199795 0.146755
v -0.301404 0.202185 0.148499
v -0.292827 0.185359 0.137549
v -0.304398 0.189128 0.140061
v -0.319224 0.184691 0.128514
v -0.334030 0.185023 0.108858
v -0.329556 0.194845 0.124223
v -0.335342 0.173185 0.093592
v -0.332770 0.160414 0.078900
v -0.346576 0.168699 0.062910
v -0.327270 0.146490 0.064446
v -0.313007 0.144720 0.079420
v -0.277917 0.198756 0.142408
v -0.280510 0.183476 0.132408
v -0.266347 0.199520 0.136267
v -0.267988 0.183770 0.125378
v -0.271171 0.167769 0.112073
v -0.255297 0.187230 0.117544
v -0.255976 0.169249 0.102815
v -0.265936 0.215196 0.143968
v -0.276507 0.214899 0.149783
v -0.276437 0.231642 0.154264
v -0.266240 0.231367 0.148342
v -0.268109 0.248040 0.149909
v -0.259245 0.247274 0.140985
v -0.277487 0.248256 0.156204
v -0.271697 0.264196 0.149238
v -0.287760 0.248878 0.159089
v -0.277624 0.278829 0.146389
v -0.269924 0.280285 0.136404
v -0.263436 0.264227 0.139570
v -0.261750 0.280335 0.123709
v -0.254849 0.262838 0.127375
v -0.250942 0.245037 0.129674
v -0.245567 0.259843 0.112759
v -0.242047 0.240131 0.115998
v -0.234239 0.255564 0.096289
v -0.252514 0.278888 0.108748
v -0.241615 0.276604 0.091834
v -0.227920 0.274233 0.074051
v -0.219924 0.251400 0.078678
v -0.211009 0.272932 0.056471
v -0.201713 0.249480 0.061851
v -0.190634 0.273015 0.040719
v -0.180529 0.249769 0.047123
v -0.172727 0.223496 0.050322
v -0.166836 0.194575 0.050094
v -0.156702 0.252000 0.035714
v -0.147815 0.226519 0.039714
v -0.140117 0.198614 0.040669
v -0.133378 0.168756 0.039106
v -0.161609 0.163624 0.046881
v -0.121118 0.231423 0.032895
v -0.112079 0.204381 0.034425
v -0.103760 0.175461 0.033925
v -0.096191 0.145170 0.032381
v -0.127177 0.136865 0.036619
v -0.157398 0.131279 0.042313
v -0.184703 0.094627 0.042735
v -0.185938 0.127559 0.049382
v -0.212748 0.093548 0.046957
v -0.213177 0.124867 0.056545
v -0.185708 0.060685 0.038243
v -0.214178 0.062375 0.040282
v -0.190563 0.026574 0.036126
v -0.169630 -0.015806 0.035027
v -0.198295 -0.006739 0.036842
v -0.182039 -0.051215 0.037580
v -0.208860 -0.038437 0.040314
v -0.167326 0.274733 0.027918
v -0.203710 0.292986 0.030829
v -0.179896 0.294326 0.015925
v -0.223519 0.292900 0.048715
v -0.239564 0.309100 0.038855
v -0.239601 0.293727 0.067614
v -0.254289 0.309401 0.060088
v -0.271689 0.320771 0.052137
v -0.259089 0.320921 0.028224
v -0.290932 0.327013 0.045154
v -0.281943 0.327745 0.018676
v -0.310941 0.327726 0.039418
v -0.305561 0.329004 0.010281
v -0.296478 0.330448 -0.019571
v -0.312116 0.329322 -0.058269
v -0.286038 0.330667 -0.048668
v -0.303981 0.327515 -0.083701
v -0.277679 0.328276 -0.076735
v -0.297984 0.320986 -0.107452
v -0.271096 0.321939 -0.102952
v -0.241096 0.321844 -0.098040
v -0.208907 0.322365 -0.094036
v -0.265985 0.310827 -0.127267
v -0.236171 0.311514 -0.123764
v -0.205047 0.312944 -0.120551
v -0.173793 0.317132 -0.118506
v -0.176764 0.325166 -0.092185
v -0.232119 0.295990 -0.146968
v -0.261844 0.295359 -0.149593
v -0.293209 0.309873 -0.130057
v -0.296512 0.326147 0.068634
v -0.312720 0.326175 0.065688
v -0.328568 0.320666 0.064584
v -0.323589 0.318245 0.089060
v -0.334662 0.307647 0.092076
v -0.342962 0.309462 0.065837
v -0.316130 0.314703 0.108231
v -0.324714 0.304474 0.113168
v -0.306522 0.309096 0.122841
v -0.313579 0.299934 0.129207
v -0.319169 0.287146 0.134638
v -0.302287 0.293552 0.140999
v -0.307141 0.282802 0.146415
v -0.309937 0.268677 0.150255
v -0.295970 0.301351 0.133618
v -0.285883 0.291141 0.141381
v -0.288865 0.306194 0.124337
v -0.278739 0.294554 0.131309
v -0.281638 0.308839 0.112596
v -0.270936 0.295940 0.118782
v -0.274220 0.309774 0.097859
v -0.262426 0.295943 0.103620
v -0.265542 0.309850 0.080028
v -0.252242 0.294922 0.086367
v -0.280545 0.320432 0.073827
v -0.182280 -0.110004 -0.221050
v -0.126982 -0.122067 -0.222110
v -0.138110 -0.257287 -0.190144
v 0.030185 0.016951 -0.228587
v -0.062461 0.376995 -0.024354
v -0.060208 0.387754 -0.044052
v -0.041136 0.074737 0.031963
v -0.033209 0.057637 0.036235
v -0.051570 0.045408 0.036661
v -0.012841 0.063504 0.035717
v -0.010034 0.049493 0.041703
v -0.026532 0.044805 0.041942
v -0.021052 0.034828 0.048727
v -0.032656 0.026928 0.048705
v -0.040939 0.034760 0.042309
v -0.007759 0.038637 0.048461
v -0.005751 0.029852 0.055398
v -0.016577 0.026726 0.055395
v 0.006075 0.037675 0.048230
v 0.005137 0.029207 0.055069
v 0.015395 0.024281 0.054838
v 0.024056 0.015703 0.054350
v 0.018712 0.010970 0.060715
v 0.013320 0.006775 0.065502
v 0.030298 0.004429 0.053764
v 0.023803 0.001706 0.060028
v 0.017957 -0.001294 0.064954
v 0.011820 -0.004999 0.067962
v 0.007400 0.002660 0.068561
v 0.000791 -0.001812 0.069704
v -0.004031 0.005530 0.068621
v 0.005443 -0.009162 0.069380
v -0.005785 -0.006726 0.069243
v 0.009162 -0.016295 0.067352
v 0.012048 -0.023249 0.063719
v 0.014655 -0.030467 0.058289
v 0.005742 -0.034203 0.058260
v 0.006766 -0.043644 0.051493
v -0.005334 -0.044858 0.051280
v -0.004054 -0.034968 0.057970
v 0.017737 -0.038661 0.051751
v 0.021434 -0.048621 0.044794
v 0.008124 -0.055129 0.044558
v 0.026327 -0.030587 0.051941
v 0.032154 -0.038125 0.045169
v 0.031721 -0.020112 0.052347
v 0.032943 -0.008029 0.052976
v 0.009879 -0.069340 0.038206
v -0.008201 -0.072450 0.038057
v -0.006780 -0.057192 0.044262
v -0.027001 -0.070109 0.037850
v -0.022034 -0.054407 0.044056
v -0.017689 -0.042019 0.050892
v -0.036482 -0.046712 0.043688
v -0.029143 -0.035136 0.050515
v -0.023012 -0.026018 0.057089
v -0.013813 -0.032106 0.057709
v -0.017471 -0.018522 0.062854
v -0.030599 -0.017404 0.056354
v -0.023971 -0.011125 0.061675
v -0.017659 -0.005138 0.065634
v -0.011985 -0.012198 0.066877
v -0.011043 0.000485 0.067831
v -0.016012 0.007621 0.065137
v -0.008636 0.012593 0.065784
v -0.020838 0.014295 0.060813
v -0.012583 0.019502 0.061404
v -0.026127 0.020424 0.055279
v -0.041170 0.015661 0.048800
v -0.045368 0.002289 0.048824
v -0.057313 0.001904 0.042798
v -0.051783 0.020095 0.042469
v -0.066155 0.026645 0.037227
v -0.044380 -0.011785 0.049360
v -0.056419 -0.017343 0.042996
v -0.038530 -0.024758 0.049868
v -0.048608 -0.034144 0.043423
v -0.045342 -0.061814 0.037772
v -0.055510 -0.082023 0.033177
v -0.032358 -0.089904 0.033223
v -0.037548 -0.114485 0.030389
v -0.065698 -0.108710 0.030480
v -0.009493 -0.091314 0.033225
v -0.010356 -0.114054 0.030431
v -0.010521 -0.140545 0.029713
v -0.009347 -0.169633 0.031301
v -0.122648 -0.442967 0.042382
v -0.127925 -0.427790 0.072885
v -0.119919 -0.443097 0.069591
v -0.106667 -0.454803 0.067471
v -0.118094 -0.441382 0.094041
v -0.106336 -0.451187 0.093600
v -0.090537 -0.456807 0.094503
v -0.089140 -0.462016 0.067112
v -0.072065 -0.457814 0.096664
v -0.068681 -0.463795 0.069765
v -0.092161 -0.450225 0.117394
v -0.075363 -0.450461 0.119612
v -0.057011 -0.446613 0.121797
v -0.078451 -0.442047 0.138333
v -0.062022 -0.438212 0.140272
v -0.080801 -0.432852 0.152865
v -0.066698 -0.429490 0.154550
v -0.093447 -0.442254 0.136013
v -0.093894 -0.433124 0.150241
v -0.092793 -0.423010 0.160448
v -0.105164 -0.430882 0.146968
v -0.102797 -0.420832 0.156265
v -0.098229 -0.409440 0.162428
v -0.089323 -0.412319 0.166984
v -0.091053 -0.397519 0.165983
v -0.083040 -0.401356 0.170600
v -0.081776 -0.386096 0.167455
v -0.074671 -0.390644 0.171892
v -0.066178 -0.394899 0.172977
v -0.047040 -0.389351 0.168707
v -0.056724 -0.399682 0.170676
v -0.038637 -0.378867 0.164726
v -0.032896 -0.368549 0.158191
v -0.087697 -0.381186 0.159971
v -0.075443 -0.370682 0.159597
v -0.098045 -0.393436 0.158654
v -0.103830 -0.389356 0.148692
v -0.092857 -0.376160 0.149748
v -0.105833 -0.406084 0.155594
v -0.111902 -0.402864 0.146370
v -0.116637 -0.400252 0.134179
v -0.108667 -0.385483 0.136145
v -0.120571 -0.397800 0.119002
v -0.124095 -0.413396 0.116723
v -0.127197 -0.412271 0.098132
v -0.122873 -0.427108 0.115135
v -0.125235 -0.428134 0.095580
v -0.116840 -0.438073 0.114850
v -0.106123 -0.439188 0.133525
v -0.106292 -0.445935 0.115745
v 0.198516 -0.176262 -0.215130
v 0.214641 -0.146265 -0.216286
v 0.181733 -0.127278 -0.217746
v 0.242030 -0.163533 -0.216408
v 0.260306 -0.141559 -0.212558
v 0.228118 -0.188388 -0.215309
v 0.253745 -0.199566 -0.216231
v 0.265481 -0.178961 -0.217265
v 0.285365 -0.192467 -0.217903
v 0.298137 -0.177719 -0.214420
v 0.280563 -0.160933 -0.213592
v 0.275631 -0.209438 -0.217056
v 0.312529 -0.165896 -0.206805
v 0.297880 -0.146858 -0.205344
v 0.281657 -0.124253 -0.203704
v 0.315632 -0.137847 -0.192677
v 0.303764 -0.114180 -0.189948
v 0.332295 -0.134025 -0.175847
v 0.323536 -0.109771 -0.171918
v 0.317041 -0.082766 -0.169305
v 0.315204 -0.053391 -0.167890
v 0.339918 -0.109562 -0.149747
v 0.335278 -0.082527 -0.147118
v 0.335064 -0.054735 -0.145886
v 0.340211 -0.026804 -0.145712
v 0.320853 -0.023381 -0.167154
v 0.348196 -0.083877 -0.121796
v 0.348569 -0.056334 -0.121589
v 0.353978 -0.029358 -0.122117
v 0.363770 -0.002929 -0.123424
v 0.350142 0.000304 -0.146447
v 0.356206 -0.057433 -0.095562
v 0.361991 -0.030707 -0.097027
v 0.372398 -0.004568 -0.098670
v 0.386192 0.021072 -0.100966
v 0.376943 0.022626 -0.125411
v 0.364270 -0.030834 -0.071088
v 0.375499 -0.004464 -0.072667
v 0.390757 0.021671 -0.074555
v 0.408047 0.046828 -0.078310
v 0.401887 0.045729 -0.104053
v 0.391757 0.047248 -0.127977
v 0.392702 0.074574 -0.151799
v 0.378026 0.051036 -0.150018
v 0.363248 0.026320 -0.148040
v 0.361135 0.056997 -0.170051
v 0.345821 0.032048 -0.168487
v 0.331730 0.005323 -0.167410
v 0.325370 0.040188 -0.186400
v 0.309234 0.012508 -0.185737
v 0.295499 -0.018602 -0.186099
v 0.283674 0.023304 -0.200934
v 0.360482 -0.029838 -0.045365
v 0.357736 -0.057166 -0.069036
v 0.353467 -0.055990 -0.043174
v 0.343557 -0.054365 -0.019344
v 0.350606 -0.028614 -0.021030
v 0.328629 -0.053058 0.001394
v 0.334614 -0.028054 -0.000469
v 0.309677 -0.051988 0.017892
v 0.314728 -0.027267 0.015600
v 0.322571 -0.003026 0.018346
v 0.331946 0.019629 0.026703
v 0.292244 -0.025673 0.026793
v 0.299128 -0.001323 0.029047
v 0.268031 -0.023077 0.033685
v 0.287676 -0.051210 0.029830
v 0.263374 -0.050470 0.036775
v 0.237443 -0.048592 0.039017
v 0.308171 -0.076518 0.025402
v 0.326810 -0.077374 0.007496
v 0.341418 -0.079312 -0.014121
v 0.343719 -0.103438 -0.005860
v 0.351429 -0.081676 -0.038853
v 0.354023 -0.107285 -0.031915
v 0.360311 -0.132431 -0.022098
v 0.349633 -0.126725 0.005065
v 0.368485 -0.156235 -0.008920
v 0.357924 -0.148593 0.017198
v 0.376567 -0.178262 0.005341
v 0.365745 -0.169494 0.030079
v 0.354008 -0.161847 0.053310
v 0.342370 -0.155967 0.073924
v 0.371872 -0.189934 0.042988
v 0.359543 -0.180756 0.065606
v 0.348167 -0.171517 0.084494
v 0.382744 -0.199224 0.019077
v 0.386630 -0.219487 0.030780
v 0.391555 -0.208973 -0.004313
v 0.387469 -0.239869 0.038451
v 0.386068 -0.260495 0.039958
v 0.389296 -0.278889 0.009163
v 0.380759 -0.280683 0.036936
v 0.370493 -0.280202 0.064668
v 0.358174 -0.279013 0.090624
v 0.345229 -0.278490 0.113134
v 0.331624 -0.277426 0.131121
v 0.333170 -0.258619 0.135655
v 0.320011 -0.258500 0.148838
v 0.320129 -0.241226 0.151638
v 0.331804 -0.239030 0.139574
v 0.318415 -0.275216 0.144483
v 0.305882 -0.271524 0.153682
v 0.307811 -0.256963 0.157306
v 0.302439 -0.283768 0.147642
v 0.286466 -0.283135 0.145301
v 0.280272 -0.288246 0.134141
v 0.270969 -0.273583 0.138273
v 0.277761 -0.270539 0.149278
v 0.264414 -0.256973 0.140936
v 0.271995 -0.255781 0.151064
v 0.260680 -0.239674 0.141632
v 0.268729 -0.239358 0.151138
v 0.277534 -0.238743 0.157850
v 0.267619 -0.222629 0.148752
v 0.277070 -0.222138 0.155195
v 0.287514 -0.222518 0.159059
v 0.286973 -0.238591 0.161808
v 0.298242 -0.223752 0.160329
v 0.297417 -0.239682 0.162139
v 0.296687 -0.254613 0.161729
v 0.308477 -0.240926 0.158959
v 0.289087 -0.206085 0.153864
v 0.300250 -0.208389 0.155690
v 0.292182 -0.190097 0.145648
v 0.303579 -0.193802 0.148107
v 0.319241 -0.188076 0.137996
v 0.324927 -0.176631 0.126126
v 0.334969 -0.188113 0.121609
v 0.329086 -0.199151 0.135068
v 0.280233 -0.189044 0.141662
v 0.278168 -0.205499 0.149709
v 0.267911 -0.206290 0.144027
v 0.269215 -0.190547 0.135909
v 0.259721 -0.179169 0.118086
v 0.271143 -0.174563 0.125393
v 0.261380 -0.161747 0.104954
v 0.274330 -0.158714 0.113215
v 0.256729 -0.256894 0.127936
v 0.253088 -0.238320 0.130157
v 0.248287 -0.254933 0.112854
v 0.245312 -0.234251 0.115981
v 0.238044 -0.251632 0.095561
v 0.255199 -0.275097 0.108595
v 0.263565 -0.275064 0.124753
v 0.273398 -0.291554 0.119998
v 0.395566 -0.273314 -0.016526
v 0.398692 -0.263280 -0.039891
v 0.391948 -0.279094 -0.055238
v 0.398023 -0.249701 -0.062376
v 0.392861 -0.265478 -0.079035
v 0.384123 -0.280344 -0.095062
v 0.382073 -0.293857 -0.071497
v 0.372638 -0.293003 -0.109751
v 0.370421 -0.306035 -0.088322
v 0.358769 -0.303046 -0.121693
v 0.371151 -0.277915 -0.130867
v 0.356916 -0.288409 -0.141514
v 0.367027 -0.261332 -0.150853
v 0.352996 -0.271998 -0.160651
v 0.361009 -0.244303 -0.169086
v 0.347628 -0.254716 -0.177886
v 0.331339 -0.262530 -0.184059
v 0.341164 -0.237653 -0.192462
v 0.326210 -0.245225 -0.197921
v 0.309148 -0.249722 -0.201032
v 0.333628 -0.221583 -0.203394
v 0.345332 -0.212153 -0.196328
v 0.335989 -0.197503 -0.203710
v 0.324557 -0.206796 -0.210467
v 0.353660 -0.227715 -0.184483
v 0.362960 -0.215889 -0.174651
v 0.370941 -0.231560 -0.157817
v 0.376891 -0.216572 -0.144692
v 0.368155 -0.202119 -0.163454
v 0.377666 -0.248256 -0.138468
v 0.384503 -0.233001 -0.123801
v 0.387285 -0.215947 -0.107137
v 0.378514 -0.198977 -0.129688
v 0.382359 -0.264844 -0.117333
v 0.390094 -0.249812 -0.101855
v 0.394078 -0.233435 -0.084653
v 0.394197 -0.216842 -0.065635
v 0.399493 -0.234146 -0.044848
v 0.397143 -0.220366 -0.025863
v 0.391002 -0.201217 -0.044118
v 0.385027 -0.188656 -0.019829
v 0.368755 -0.185434 -0.151631
v 0.353760 -0.157492 -0.162111
v 0.346879 -0.135027 -0.154476
v 0.340984 -0.155022 -0.180711
v 0.327204 -0.158048 -0.195538
v 0.325283 -0.182481 -0.206807
v 0.312821 -0.192658 -0.213733
v 0.356307 -0.083912 -0.065785
v 0.355367 -0.084923 -0.094096
v 0.295837 0.137968 -0.220782
v 0.287512 0.156371 -0.218038
v 0.260951 0.145457 -0.218937
v 0.254187 0.168450 -0.212015
v 0.170718 0.000472 -0.222013
v 0.280302 0.162500 0.092109
v 0.297694 0.166750 0.107429
v 0.315434 0.153444 0.131204
v 0.319069 0.137984 0.140791
v 0.052447 -0.340357 0.048466
v 0.054889 -0.355200 0.039773
v 0.050167 -0.362236 0.055479
v 0.053727 -0.367880 0.033530
v 0.050349 -0.373179 0.046080
v 0.047835 -0.381024 0.058594
v 0.048392 -0.370946 0.069560
v 0.046053 -0.389231 0.071180
v 0.049028 -0.379717 0.082020
v 0.044631 -0.396146 0.084567
v 0.043773 -0.399646 0.098550
v 0.058541 -0.390041 0.121080
v -0.279931 -0.359949 0.159920
v -0.279931 -0.359949 0.159920
v -0.279931 -0.359949 0.159920
v -0.279931 -0.359949 0.159920
v -0.280064 -0.359949 0.159920
v -0.280064 -0.359949 0.159920
v -0.280064 -0.359949 0.159920
v -0.280064 -0.359949 0.159920
v -0.280064 -0.359949 0.159920
v -0.279931 -0.359949 0.159920
v -0.280064 -0.359949 0.159920
v -0.279931 -0.359949 0.159920
v -0.279931 -0.359949 0.159920
v -0.280064 -0.359949 0.159920
v -0.279931 -0.359949 0.159920
v -0.280064 -0.359949 0.159920
v -0.279931 -0.359949 0.159920
v -0.280064 -0.359949 0.159920
v -0.199236 0.399792 0.159854
v -0.199236 0.399792 0.159854
v -0.199236 0.399792 0.159854
v -0.199236 0.399792 0.159854
v -0.199236 0.399792 0.159854
v -0.199236 0.399792 0.159854
v -0.199236 0.399792 0.159854
v -0.199236 0.399792 0.159854
v -0.199236 0.399792 0.159854
v -0.199236 0.399792 0.159854
v -0.199236 0.399792 0.159854
v -0.199236 0.399792 0.159854
v 0.199236 -0.399792 0.159854
v 0.199236 -0.399792 0.159854
v 0.199236 -0.399792 0.159854
v 0.199236 -0.399792 0.159854
v 0.199236 -0.399792 0.159854
v 0.199236 -0.399792 0.159854
v 0.199236 -0.399792 0.159854
v 0.199236 -0.399792 0.159854
v 0.199236 -0.399792 0.159854
v 0.199236 -0.399792 0.159854
v 0.199236 -0.399792 0.159854
v 0.199236 -0.399792 0.159854
v 0.280064 0.359949 0.159920
v 0.280064 0.359949 0.159920
v 0.280064 0.359949 0.159920
v 0.280064 0.359949 0.159920
v 0.279931 0.359949 0.159920
v 0.279931 0.359949 0.159920
v 0.279931 0.359949 0.159920
v 0.279931 0.359949 0.159920
v 0.279931 0.359949 0.159920
v 0.280064 0.359949 0.159920
v 0.279931 0.359949 0.159920
v 0.280064 0.359949 0.159920
v 0.280064 0.359949 0.159920
v 0.279931 0.359949 0.159920
v 0.280064 0.359949 0.159920
v 0.279931 0.359949 0.159920
v 0.280064 0.359949 0.159920
v 0.279931 0.359949 0.159920
# 3102 vertices

vn -0.910993 0.211308 -0.354175
vn -0.844345 0.103749 -0.525659
vn -0.783710 0.362677 -0.504247
vn -0.866024 0.409111 -0.287457
vn -0.966741 0.090271 -0.239299
vn -0.890166 -0.129775 -0.436764
vn -0.934877 0.341088 -0.098304
vn -0.745418 -0.642243 0.178539
vn -0.573565 -0.811254 0.113535
vn -0.745370 -0.665085 -0.045670
vn -0.890389 -0.447920 0.081089
vn -0.725149 -0.617910 0.303884
vn -0.468884 -0.841188 0.269352
vn -0.921356 -0.314840 0.227987
vn -0.439937 -0.763507 -0.472770
vn -0.605410 -0.621789 -0.496847
vn -0.595408 -0.680313 -0.427392
vn -0.397697 -0.818546 -0.414511
vn -0.223792 -0.932121 -0.284723
vn -0.261746 -0.910100 -0.321259
vn -0.550567 -0.600055 -0.580354
vn -0.643669 -0.520493 -0.561050
vn -0.287090 -0.900567 -0.326433
vn -0.410688 -0.782235 -0.468449
vn -0.492215 -0.630818 -0.599827
vn -0.225950 -0.011205 -0.974074
vn -0.352325 0.072031 -0.933102
vn -0.369364 -0.158833 -0.915610
vn -0.193390 -0.201163 -0.960278
vn -0.047739 -0.151958 -0.987233
vn -0.139998 0.069542 -0.987707
vn -0.278039 0.223210 -0.934276
vn -0.557752 -0.809599 -0.182930
vn -0.498467 -0.794570 -0.346684
vn -0.715265 -0.607935 -0.344690
vn -0.723591 -0.676032 -0.139276
vn -0.615316 -0.787806 0.027347
vn -0.409197 -0.909896 -0.068166
vn -0.258938 -0.935086 -0.242004
vn -0.169565 -0.980193 -0.102324
vn -0.098916 -0.994236 -0.041344
vn -0.061068 -0.993518 0.095878
vn -0.157271 -0.983135 0.093339
vn -0.287802 -0.952448 0.100062
vn -0.281250 -0.953660 -0.106914
vn -0.237945 -0.922014 -0.305404
vn -0.162889 -0.947513 -0.275112
vn -0.148713 -0.408292 -0.900656
vn -0.055262 -0.531695 -0.845131
vn -0.144768 -0.684365 -0.714623
vn -0.269008 -0.588378 -0.762526
vn -0.031855 -0.286233 -0.957630
vn 0.007090 -0.369370 -0.929256
vn -0.408963 -0.482401 -0.774622
vn -0.300806 -0.349465 -0.887350
vn -0.125666 -0.237531 -0.963217
vn -0.057323 -0.193604 -0.979404
vn -0.211491 -0.223619 -0.951455
vn -0.054301 -0.029924 0.998076
vn -0.080008 0.018872 0.996616
vn -0.222550 0.042031 0.974015
vn -0.209046 -0.051840 0.976531
vn 0.034209 -0.000029 0.999415
vn 0.014859 -0.001433 0.999889
vn 0.033506 -0.034657 0.998838
vn 0.092201 -0.003939 0.995733
vn -0.071073 -0.089508 0.993447
vn -0.006013 -0.051932 0.998632
vn -0.183159 -0.144225 0.972446
vn -0.671272 0.116287 -0.732032
vn -0.767495 -0.125529 -0.628645
vn -0.536548 -0.098763 -0.838070
vn -0.433604 0.194720 -0.879813
vn -0.433280 0.395797 -0.809699
vn -0.722692 0.234999 -0.649993
vn -0.877660 -0.037386 -0.477823
vn -0.945393 -0.312766 -0.091708
vn -0.907311 -0.332868 -0.256876
vn -0.900082 -0.364417 -0.238856
vn -0.935767 -0.317756 -0.152877
vn -0.954498 -0.279641 -0.103611
vn -0.938077 -0.345780 -0.021154
vn -0.917720 -0.387106 0.089104
vn -0.945006 -0.318133 0.075863
vn -0.973899 -0.193297 -0.118980
vn -0.924253 -0.226067 -0.307653
vn -0.978833 -0.190571 0.074618
vn -0.357562 -0.307549 -0.881795
vn -0.593494 -0.367833 -0.715865
vn -0.534106 -0.523533 -0.663810
vn -0.257069 -0.398843 -0.880250
vn -0.244326 -0.056176 -0.968064
vn -0.051482 -0.113194 -0.992238
vn -0.352170 0.903570 -0.244004
vn -0.504205 0.854248 -0.126642
vn -0.614856 0.730867 -0.296287
vn -0.376703 0.834046 -0.403066
vn -0.135117 0.903303 -0.407171
vn -0.174384 0.963044 -0.205273
vn -0.300613 0.953045 -0.036559
vn -0.276527 -0.007431 -0.960977
vn -0.329178 0.125002 -0.935957
vn -0.204974 0.105657 -0.973048
vn -0.172205 0.055560 -0.983493
vn -0.483674 -0.021961 -0.874972
vn -0.482735 0.148592 -0.863068
vn -0.272090 -0.163485 -0.948282
vn -0.478657 -0.204083 -0.853954
vn -0.116354 0.044843 -0.992195
vn -0.127587 -0.003910 -0.991820
vn -0.104154 -0.075908 -0.991660
vn 0.038883 0.001247 0.999243
vn 0.055695 -0.017327 0.998297
vn 0.082550 -0.055324 0.995050
vn 0.146307 -0.090283 0.985111
vn 0.113062 -0.035479 0.992954
vn -0.069534 0.064334 0.995503
vn 0.027711 0.041273 0.998764
vn -0.052920 0.116293 0.991804
vn 0.078019 -0.005520 0.996937
vn -0.172168 0.246836 -0.953640
vn -0.061007 0.312847 -0.947842
vn -0.036702 0.168810 -0.984965
vn -0.084662 0.139990 -0.986527
vn -0.244819 0.440745 -0.863602
vn -0.099988 0.479037 -0.872082
vn -0.140478 0.113722 -0.983531
vn -0.210066 0.103420 -0.972202
vn -0.315195 0.236758 -0.919020
vn -0.086286 0.095619 -0.991671
vn -0.400366 0.402193 -0.823376
vn -0.059526 0.063542 -0.996202
vn -0.081271 0.053079 -0.995278
vn -0.050329 0.033093 -0.998184
vn -0.033541 0.037471 -0.998735
vn -0.025723 0.056830 -0.998052
vn -0.039333 0.062388 -0.997277
vn -0.012976 0.040583 -0.999092
vn -0.074879 0.076949 -0.994219
vn -0.629222 0.422523 0.652345
vn -0.576628 0.635002 0.514075
vn -0.734866 0.520677 0.434589
vn -0.775976 0.417400 0.472903
vn -0.871434 0.294246 0.392457
vn -0.831169 0.157204 0.533333
vn -0.523564 0.177405 0.833312
vn -0.290933 0.359759 0.886528
vn -0.344989 0.572833 0.743536
vn -0.366270 0.745355 0.557039
vn -0.722723 -0.085626 0.685813
vn -0.709650 0.674073 -0.204992
vn -0.600726 0.757942 -0.254268
vn -0.593912 0.665783 -0.451665
vn -0.690722 0.609447 -0.389201
vn -0.713802 0.700166 -0.015944
vn -0.596035 0.801932 -0.040586
vn -0.723065 0.586567 -0.364850
vn -0.715665 0.646379 -0.264609
vn -0.702923 0.680921 -0.205539
vn -0.751884 0.647993 -0.121557
vn -0.783135 0.621850 -0.001227
vn -0.750989 0.659114 0.039808
vn -0.658054 0.752916 -0.009091
vn -0.601443 0.796090 0.067129
vn -0.743054 0.664030 0.083282
vn -0.839495 0.537139 0.082035
vn -0.797642 0.602874 0.017625
vn -0.720687 0.689622 -0.070936
vn -0.834704 0.396565 0.382107
vn -0.878992 0.420298 0.225214
vn -0.687431 0.694717 0.211676
vn -0.686077 0.597118 0.415629
vn -0.854544 0.125914 0.503886
vn -0.945105 0.053331 0.322385
vn -0.706361 0.342502 0.619473
vn -0.268058 -0.900873 0.341428
vn -0.251953 -0.912597 0.322004
vn -0.437516 -0.815336 0.379219
vn -0.439092 -0.804683 0.399604
vn -0.087372 -0.965374 0.245803
vn -0.103976 -0.962681 0.249867
vn -0.190404 -0.922470 0.335850
vn -0.039312 -0.970704 0.237039
vn -0.338023 -0.829887 0.443879
vn -0.241913 -0.846245 0.474708
vn -0.454106 -0.769349 0.449322
vn -0.084473 -0.918853 0.385453
vn 0.051938 -0.941223 0.333769
vn -0.071594 -0.855748 0.512415
vn 0.119553 -0.859382 0.497162
vn -0.823579 -0.089439 0.560106
vn -0.924103 -0.147504 0.352527
vn -0.919854 -0.233332 0.315317
vn -0.875427 -0.279459 0.394374
vn -0.856643 0.106674 0.504761
vn -0.935014 -0.039979 0.352349
vn -0.659144 0.077373 0.748026
vn -0.722048 0.246878 0.646295
vn -0.693414 -0.245005 0.677606
vn -0.551339 -0.095275 0.828823
vn -0.790046 -0.387182 0.475307
vn -0.865458 -0.241479 0.438942
vn -0.922977 -0.276687 0.267502
vn -0.956134 0.093520 0.277600
vn -0.873624 0.042162 0.484772
vn -0.710848 -0.155374 0.685970
vn -0.687136 -0.475272 0.549509
vn -0.700031 -0.631586 0.333250
vn -0.291252 -0.952803 0.085662
vn -0.461247 -0.883339 0.083449
vn -0.670104 -0.737239 0.086251
vn -0.588760 -0.804391 0.079481
vn -0.549011 -0.832829 0.070591
vn -0.272480 -0.957984 0.089559
vn -0.006223 -0.994455 0.104981
vn 0.063516 -0.995849 0.065199
vn -0.114931 -0.992356 0.044947
vn -0.258568 -0.965933 0.010756
vn -0.011517 -0.991494 0.129641
vn 0.079757 -0.464209 0.882128
vn 0.155751 -0.637773 0.754313
vn -0.095666 -0.643242 0.759663
vn -0.145880 -0.377670 0.914377
vn 0.189431 -0.325661 0.926316
vn 0.330865 -0.521324 0.786606
vn -0.072877 -0.132975 0.988436
vn 0.003388 0.450157 0.892943
vn -0.120278 0.317664 0.940544
vn -0.330828 0.539945 0.773959
vn -0.102099 0.640790 0.760897
vn 0.172377 0.596037 0.784236
vn 0.224189 0.329164 0.917273
vn 0.159952 0.096207 0.982425
vn 0.913379 -0.357296 0.195139
vn 0.894508 -0.354296 0.272634
vn 0.847485 -0.449654 0.282099
vn 0.880437 -0.428241 0.203569
vn 0.891688 -0.427481 0.148836
vn 0.917977 -0.372109 0.137303
vn 0.183704 -0.942497 0.279200
vn 0.297181 -0.924784 0.237609
vn 0.498713 -0.805842 0.319223
vn 0.389876 -0.817166 0.424543
vn 0.066354 -0.974584 0.213969
vn 0.126575 -0.968170 0.215928
vn 0.045178 -0.977830 0.204467
vn 0.009543 -0.979378 0.201810
vn 0.068819 -0.916712 0.393577
vn -0.012333 -0.971595 0.236327
vn 0.172705 -0.786499 0.592953
vn 0.653135 0.627534 0.423810
vn 0.479892 0.790099 0.381375
vn 0.544047 0.763759 0.347397
vn 0.732138 0.542011 0.412550
vn 0.671241 0.515945 0.532200
vn 0.448104 0.745126 0.493953
vn 0.789590 0.306642 0.531525
vn -0.005879 -0.830800 0.556539
vn -0.058559 -0.895170 0.441862
vn 0.553596 -0.607809 0.569297
vn 0.357517 -0.568639 0.740831
vn 0.025169 -0.661977 0.749101
vn -0.095001 -0.779954 0.618585
vn 0.145800 -0.484582 0.862510
vn -0.188991 -0.858199 0.477260
vn 0.548127 -0.728681 0.410585
vn 0.403722 -0.804754 0.435176
vn 0.503290 -0.634252 0.586875
vn 0.652805 -0.561647 0.508330
vn 0.548903 -0.770920 0.323091
vn 0.344672 -0.895717 0.280878
vn 0.712502 -0.554144 0.430425
vn 0.647682 0.364734 0.668937
vn 0.727879 0.129303 0.673404
vn 0.437528 0.640224 0.631413
vn 0.558819 -0.008490 0.829246
vn 0.490863 0.213158 0.844759
vn 0.415013 -0.064005 0.907561
vn 0.639164 -0.072925 0.765605
vn 0.587998 0.188709 0.786541
vn 0.419226 0.168021 0.892198
vn 0.435176 -0.339795 0.833764
vn 0.636161 -0.355012 0.685030
vn 0.254790 0.140989 0.956663
vn 0.246010 0.034402 0.968657
vn 0.222027 -0.129378 0.966419
vn 0.214050 -0.299225 0.929864
vn 0.171157 -0.029165 0.984812
vn -0.243043 0.810284 0.533263
vn -0.415600 0.760797 0.498463
vn -0.431086 0.738997 0.517733
vn -0.215486 0.791618 0.571757
vn 0.029002 0.787189 0.616029
vn -0.154159 0.814409 0.559439
vn -0.362970 0.770605 0.523853
vn 0.123809 0.801667 0.584809
vn -0.081546 0.819957 0.566586
vn 0.283968 0.701780 0.653350
vn 0.313893 0.740231 0.594583
vn -0.212825 0.707715 0.673680
vn 0.018982 0.687816 0.725636
vn 0.251447 0.602338 0.757603
vn -0.084524 -0.406015 0.909949
vn -0.215713 -0.295971 0.930521
vn -0.048241 -0.168153 0.984580
vn 0.077367 -0.347030 0.934657
vn -0.090132 -0.516412 0.851584
vn -0.285161 -0.425968 0.858624
vn 0.130182 -0.508716 0.851035
vn -0.893244 -0.165156 0.418136
vn -0.871126 -0.330126 0.363534
vn -0.895082 -0.299293 0.330533
vn -0.912471 -0.123383 0.390094
vn -0.916479 0.111643 0.384190
vn -0.904210 0.058194 0.423105
vn -0.878744 0.059584 0.473559
vn -0.875761 -0.094567 0.473391
vn -0.854346 -0.301962 0.422980
vn -0.832828 -0.405479 0.376808
vn -0.844961 -0.229277 0.483191
vn -0.440100 -0.729149 0.524074
vn -0.625793 -0.634935 0.453035
vn -0.630481 -0.551592 0.546113
vn -0.368899 -0.691235 0.621376
vn -0.299755 -0.808340 0.506688
vn -0.533568 -0.738466 0.412278
vn -0.101375 -0.780440 0.616957
vn -0.601796 -0.270765 0.751351
vn -0.695492 -0.339385 0.633332
vn -0.798825 -0.160420 0.579780
vn -0.651910 -0.119210 0.748867
vn -0.384392 -0.357544 0.851120
vn -0.465259 -0.498256 0.731625
vn -0.397903 -0.162112 0.902991
vn -0.279690 -0.650076 0.706523
vn 0.009034 -0.711685 0.702441
vn 0.216721 -0.713240 0.666574
vn 0.066446 -0.792340 0.606450
vn -0.019721 -0.624808 0.780529
vn -0.363146 -0.625977 0.690129
vn -0.355437 -0.752192 0.554862
vn -0.073230 -0.781547 0.619534
vn 0.188502 -0.736910 0.649177
vn 0.292041 -0.625658 0.723370
vn -0.173026 -0.425474 0.888276
vn -0.412786 -0.432579 0.801551
vn 0.395195 -0.464467 0.792522
vn 0.186709 -0.453114 0.871681
vn 0.030721 -0.350429 0.936085
vn -0.169437 -0.828516 0.533716
vn -0.545902 -0.616656 0.567209
vn -0.496808 -0.294503 0.816363
vn -0.827879 -0.346294 0.441244
vn -0.200119 -0.671039 0.713904
vn -0.178872 -0.391274 0.902723
vn -0.358107 -0.782394 0.509529
vn -0.154829 -0.794888 0.586670
vn -0.666444 -0.686776 0.290155
vn -0.476797 -0.780690 0.403966
vn -0.867447 -0.465660 0.175203
vn -0.538983 0.089685 0.837528
vn -0.503756 -0.042467 0.862802
vn -0.541241 -0.096387 0.835325
vn -0.566094 0.089389 0.819480
vn -0.509844 0.275427 0.814984
vn -0.474085 0.221148 0.852254
vn -0.419012 0.085458 0.903950
vn -0.198980 -0.131982 0.971076
vn -0.367460 -0.014814 0.929921
vn -0.039543 -0.235108 0.971164
vn -0.083327 -0.141284 0.986456
vn 0.071131 -0.472633 0.878384
vn 0.086793 -0.276087 0.957206
vn 0.069165 -0.668557 0.740437
vn 0.111487 0.950397 0.290373
vn -0.160372 0.914231 0.372106
vn -0.229493 0.955602 0.184816
vn 0.131836 0.978219 0.160332
vn 0.419495 0.880645 0.220200
vn 0.328712 0.873374 0.359397
vn 0.081070 0.855024 0.512213
vn 0.089710 0.355255 0.930455
vn 0.366351 0.453404 0.812534
vn 0.461093 0.207255 0.862808
vn 0.083397 0.151250 0.984971
vn -0.303020 0.172237 0.937290
vn -0.196639 0.419876 0.886024
vn 0.088140 0.623316 0.776987
vn 0.108454 0.975072 0.193576
vn -0.042840 0.959368 0.278886
vn 0.018915 0.855470 0.517507
vn 0.193437 0.871242 0.451130
vn 0.342260 0.854447 0.390870
vn 0.238171 0.948259 0.209951
vn 0.090057 0.995149 0.039600
vn 0.060469 0.994381 -0.086887
vn 0.013244 0.999661 -0.022413
vn 0.116792 0.989388 0.086431
vn -0.101446 0.994257 0.034094
vn -0.667926 0.140285 -0.730886
vn -0.665869 0.032334 -0.745368
vn -0.676859 -0.469002 0.567361
vn -0.791760 -0.419440 -0.444058
vn -0.404081 0.876772 -0.260750
vn -0.363293 0.900572 0.238722
vn -0.818959 0.240105 -0.521206
vn -0.877126 -0.437586 -0.197909
vn -0.927822 -0.271279 -0.256036
vn -0.908661 0.146591 -0.390956
vn -0.705864 -0.682486 0.189652
vn -0.634414 0.742982 -0.213300
vn -0.373861 0.911261 0.172719
vn -0.810347 0.509602 -0.289213
vn -0.082902 0.576697 0.812741
vn -0.181840 0.429604 0.884520
vn -0.189295 0.600887 0.776596
vn -0.381940 0.376204 0.844152
vn -0.333604 -0.027786 0.942304
vn -0.281870 0.031455 0.958937
vn -0.299271 0.460729 0.835563
vn -0.385762 0.739557 0.551582
vn -0.417302 0.677389 0.605808
vn -0.408727 0.104394 0.906667
vn -0.365220 -0.176724 0.913993
vn -0.436785 0.680766 0.588028
vn -0.430978 0.511428 0.743437
vn -0.429281 0.305714 0.849857
vn -0.966106 0.257983 -0.009136
vn -0.948541 0.290236 0.126619
vn -0.900852 0.421749 0.102927
vn -0.896865 0.441857 0.019887
vn -0.855363 0.517064 -0.031610
vn -0.922363 0.365597 -0.124841
vn -0.993764 0.074072 -0.083341
vn -0.996461 0.057928 0.060910
vn -0.980631 0.174341 0.089267
vn -0.964472 0.167507 -0.204293
vn -0.964796 0.218442 0.146466
vn 0.854207 -0.505342 0.122314
vn 0.864021 -0.487681 0.125040
vn 0.822848 -0.561540 0.087142
vn 0.808595 -0.575741 0.121230
vn 0.869259 -0.476237 0.132619
vn 0.808623 -0.570967 0.141863
vn 0.696619 -0.665774 -0.267332
vn 0.643965 -0.577971 -0.501257
vn 0.704148 -0.513577 -0.490320
vn 0.730745 -0.595079 -0.334503
vn 0.725237 -0.646120 -0.237824
vn 0.757402 -0.633332 -0.158845
vn 0.779818 -0.625184 -0.032079
vn 0.699535 -0.713208 -0.044560
vn 0.544472 -0.783359 -0.299831
vn 0.505815 -0.675764 -0.536184
vn 0.554014 -0.830960 -0.050739
vn 0.750092 -0.660363 0.035808
vn 0.670706 -0.741649 -0.010512
vn 0.621458 -0.779558 0.077970
vn 0.740814 -0.665178 0.093450
vn 0.794203 -0.607614 0.006762
vn 0.729889 -0.678721 -0.081243
vn 0.611034 -0.507569 0.607462
vn 0.564340 -0.730001 0.385511
vn 0.732742 -0.609995 0.301655
vn 0.777997 -0.485650 0.398579
vn 0.858582 -0.327918 0.394089
vn 0.798063 -0.205174 0.566568
vn 0.478901 -0.267419 0.836147
vn 0.241248 -0.437471 0.866267
vn 0.302924 -0.667175 0.680525
vn 0.330939 -0.841748 0.426543
vn 0.668000 -0.003811 0.744152
vn 0.049294 -0.043677 -0.997829
vn 0.024627 -0.044411 -0.998710
vn 0.041815 -0.068736 -0.996758
vn 0.057556 -0.086063 -0.994626
vn 0.028081 -0.017797 -0.999447
vn 0.009616 -0.020893 -0.999735
vn 0.077102 -0.033004 -0.996477
vn 0.044368 -0.013258 -0.998927
vn 0.065786 -0.043517 -0.996884
vn 0.119435 -0.021902 -0.992600
vn 0.047363 -0.103320 -0.993520
vn 0.321365 -0.327813 -0.888405
vn 0.463918 -0.290382 -0.836934
vn 0.576081 -0.445171 -0.685531
vn 0.442293 -0.528583 -0.724553
vn 0.171455 -0.225049 -0.959143
vn 0.149894 -0.137675 -0.979070
vn 0.244233 -0.149393 -0.958140
vn 0.327831 -0.146691 -0.933278
vn 0.285614 -0.613165 -0.736514
vn 0.206178 -0.447968 -0.869952
vn 0.123502 -0.301929 -0.945297
vn -0.045891 0.014075 0.998847
vn 0.055266 -0.034632 0.997871
vn 0.070543 -0.003928 0.997501
vn -0.023347 0.013799 0.999632
vn -0.098198 0.032731 0.994628
vn -0.051280 0.029626 0.998245
vn -0.025672 -0.004090 0.999662
vn 0.041985 -0.063355 0.997108
vn -0.070094 0.036036 0.996889
vn -0.104430 0.058543 0.992808
vn -0.159456 0.065193 0.985050
vn 0.295252 0.008661 -0.955380
vn 0.146575 0.028337 -0.988794
vn 0.145857 0.102763 -0.983954
vn 0.311330 0.156176 -0.937381
vn 0.177628 -0.045513 -0.983045
vn 0.505462 0.176013 -0.844705
vn 0.501042 0.009298 -0.865373
vn 0.341279 -0.127107 -0.931328
vn 0.209752 -0.104662 -0.972137
vn 0.143694 -0.245084 -0.958794
vn 0.158110 -0.407891 -0.899237
vn 0.378084 -0.318524 -0.869250
vn 0.291524 -0.126197 -0.948202
vn 0.142023 0.015365 -0.989744
vn 0.006924 -0.186298 -0.982469
vn -0.034649 -0.398363 -0.916573
vn 0.378945 -0.895741 -0.232484
vn 0.406431 -0.826903 -0.388646
vn 0.154143 -0.910100 -0.384654
vn 0.192961 -0.962740 -0.189468
vn 0.320075 -0.946934 -0.029453
vn 0.528403 -0.839840 -0.124335
vn 0.640178 -0.710248 -0.292779
vn 0.945046 0.309247 -0.106085
vn 0.909877 0.315924 -0.268915
vn 0.902466 0.340854 -0.263391
vn 0.935995 0.304182 -0.177164
vn 0.972961 0.197683 -0.119453
vn 0.926808 0.215720 -0.307396
vn 0.943222 0.327163 0.057421
vn 0.975747 0.208163 0.067711
vn 0.953268 0.271390 -0.132767
vn 0.938664 0.341700 -0.046373
vn 0.920111 0.386740 0.061880
vn 0.758629 0.258418 -0.598082
vn 0.661260 0.166252 -0.731502
vn 0.775450 0.015245 -0.631225
vn 0.853003 0.182466 -0.488971
vn 0.723491 0.381926 -0.575059
vn 0.563080 0.331171 -0.757143
vn 0.850939 0.338851 -0.401350
vn 0.053844 0.032179 0.998031
vn 0.225104 -0.015347 0.974214
vn 0.220977 0.077023 0.972233
vn -0.029764 0.005549 0.999542
vn -0.027281 0.010983 0.999568
vn -0.067722 -0.011356 0.997640
vn 0.196775 0.175853 0.964549
vn 0.070192 0.089355 0.993523
vn -0.001139 0.029366 0.999568
vn 0.108298 0.349451 -0.930675
vn 0.097252 0.193831 -0.976203
vn 0.040275 0.156113 -0.986918
vn 0.011383 0.230354 -0.973040
vn -0.036924 0.295405 -0.954658
vn 0.001307 0.461989 -0.886885
vn 0.258486 0.294521 -0.920023
vn 0.176215 0.176285 -0.968438
vn 0.074595 0.628681 -0.774077
vn 0.210003 0.533528 -0.819296
vn 0.356852 0.428956 -0.829852
vn 0.155756 0.986280 -0.054705
vn 0.253370 0.965964 -0.052126
vn 0.229158 0.946877 -0.225633
vn 0.154875 0.967553 -0.199638
vn 0.173038 0.972630 -0.155079
vn 0.174531 0.977678 -0.116981
vn 0.112401 0.993654 -0.004200
vn 0.124892 0.986459 0.106305
vn 0.231236 0.965006 0.123666
vn 0.068922 0.991943 0.106296
vn 0.208149 0.220898 -0.952826
vn 0.240363 0.079296 -0.967439
vn 0.425179 0.148756 -0.892801
vn 0.324278 0.315815 -0.891686
vn 0.030356 0.284039 -0.958332
vn 0.007805 0.091119 -0.995809
vn 0.127708 0.456928 -0.880288
vn 0.568219 0.796285 -0.207502
vn 0.510082 0.769295 -0.384710
vn 0.731032 0.586101 -0.349396
vn 0.731946 0.667880 -0.134872
vn 0.408753 0.906536 -0.105418
vn 0.253513 0.916628 -0.309070
vn 0.614038 0.788559 0.033640
vn 0.302559 0.008431 -0.953093
vn 0.202612 -0.082073 -0.975814
vn 0.352007 -0.218374 -0.910167
vn 0.438932 -0.059430 -0.896553
vn 0.457160 0.172093 -0.872576
vn 0.264947 0.192357 -0.944882
vn 0.095750 0.127191 -0.987246
vn 0.126066 0.846198 -0.517741
vn 0.161630 0.742438 -0.650124
vn 0.305895 0.773933 -0.554487
vn 0.204855 0.888023 -0.411642
vn 0.035080 0.863915 -0.502414
vn 0.015749 0.730444 -0.682791
vn 0.103001 0.937725 -0.331756
vn 0.703684 0.559671 -0.437718
vn 0.609872 0.628077 -0.483296
vn 0.691962 0.458335 -0.557780
vn 0.768309 0.407504 -0.493602
vn 0.863155 0.312084 -0.396947
vn 0.853285 0.390760 -0.345271
vn 0.503685 0.777235 -0.377103
vn 0.463626 0.797130 -0.386826
vn 0.686119 0.649930 -0.326851
vn 0.538304 0.778743 -0.322161
vn 0.829211 0.486895 -0.274487
vn 0.751069 0.655207 0.081239
vn 0.884559 0.465017 -0.036264
vn 0.933165 0.336025 0.127634
vn 0.741782 0.633110 0.221204
vn 0.574087 0.818108 0.033509
vn 0.730831 0.665301 -0.152514
vn 0.480743 0.851452 0.209561
vn 0.895091 -0.434144 0.101638
vn 0.932152 -0.358427 0.051222
vn 0.944214 -0.308712 0.114706
vn 0.697701 -0.702537 0.140193
vn 0.709472 -0.685356 0.164122
vn 0.577422 -0.796208 0.180657
vn 0.555759 -0.806597 0.201329
vn 0.829195 -0.550389 0.097509
vn 0.588511 -0.781027 0.208933
vn 0.621721 -0.774974 0.113484
vn 0.769560 -0.638257 0.020112
vn 0.514237 -0.820594 0.249371
vn 0.877759 -0.478978 0.010883
vn 0.411713 -0.599945 0.685973
vn 0.476521 -0.817601 0.323197
vn 0.508332 -0.781508 0.361724
vn 0.473389 -0.686900 0.551426
vn 0.474250 -0.534209 0.699791
vn 0.477405 -0.338840 0.810723
vn 0.480232 0.018026 0.876956
vn 0.386033 -0.082784 0.918763
vn 0.295129 -0.724406 0.623004
vn 0.474201 -0.868266 0.145765
vn 0.272357 -0.072481 0.959463
vn 0.675294 -0.188730 -0.712993
vn 0.872306 0.449797 -0.191739
vn 0.828319 -0.436946 -0.350664
vn 0.546495 -0.806529 -0.225507
vn 0.227361 -0.872365 0.432766
vn 0.106043 -0.978150 0.178824
vn 0.688693 -0.240980 -0.683835
vn 0.720641 0.666875 -0.189618
vn 0.298945 0.945670 0.127829
vn 0.416685 -0.903330 -0.101823
vn 0.403003 0.798311 0.447536
vn 0.943058 0.319173 -0.093646
vn 0.955651 -0.189672 -0.225293
vn 0.622199 0.700325 0.349875
vn 0.753409 0.635952 0.167152
vn 0.422487 0.557933 0.714294
vn 0.686361 0.594796 0.418481
vn 0.916454 0.348168 0.197205
vn 0.922810 0.384848 0.017694
vn 0.714482 0.649611 0.259848
vn 0.536957 0.662834 0.521852
vn 0.532723 0.623380 0.572366
vn 0.745074 0.424955 0.514079
vn 0.915979 0.200772 0.347379
vn 0.474375 0.635634 0.609047
vn 0.494657 0.661263 0.563955
vn 0.513929 0.586324 0.626180
vn 0.010846 0.795355 0.606047
vn 0.068653 0.773577 0.629973
vn -0.046817 -0.757666 0.650961
vn -0.115023 -0.805244 0.581680
vn -0.130272 -0.931367 0.339978
vn -0.190814 -0.756005 0.626137
vn -0.400691 -0.727805 0.556549
vn -0.326216 -0.872840 0.362951
vn 0.109069 -0.902291 0.417103
vn 0.058677 -0.732520 0.678212
vn -0.010791 -0.995876 0.090079
vn 0.159484 -0.976453 0.145274
vn -0.165221 -0.975673 0.144100
vn -0.101974 -0.994757 0.007779
vn -0.240685 -0.949871 0.199539
vn -0.188075 -0.307485 0.932781
vn 0.101475 -0.370333 0.923340
vn -0.150580 -0.574862 0.804276
vn -0.436486 -0.409364 0.801188
vn -0.542175 -0.160162 0.824860
vn -0.199715 -0.102558 0.974472
vn 0.161164 -0.932187 0.324119
vn 0.416513 -0.808209 0.416311
vn 0.492136 -0.839395 0.230691
vn 0.140283 -0.974132 0.177167
vn -0.089066 -0.920188 0.381210
vn 0.172947 -0.815152 0.552826
vn -0.200061 -0.958274 0.204175
vn 0.405604 0.218533 0.887541
vn 0.745545 0.242513 0.620766
vn 0.507300 0.448196 0.736048
vn 0.186872 0.190386 0.963759
vn 0.167035 0.042305 0.985043
vn 0.319963 -0.073418 0.944581
vn 0.191806 0.458890 0.867543
vn 0.101928 0.326702 0.939615
vn 0.560285 -0.200790 0.803595
vn 0.631510 -0.218120 0.744056
vn 0.488673 -0.407713 0.771342
vn 0.431084 -0.325729 0.841467
vn 0.368891 -0.148377 0.917553
vn 0.543823 -0.033580 0.838528
vn 0.666251 0.009805 0.745663
vn -0.108999 0.555748 0.824174
vn -0.238540 0.354966 0.903935
vn -0.073322 0.271418 0.959665
vn 0.101150 0.350253 0.931177
vn -0.455301 0.503347 0.734399
vn -0.450812 0.342294 0.824380
vn -0.169267 0.753463 0.635328
vn -0.433179 0.626752 0.647718
vn 0.344733 0.365595 0.864580
vn 0.265291 0.604680 0.750988
vn 0.175864 0.804478 0.567350
vn -0.137187 0.811436 0.568113
vn -0.187822 0.818258 0.543301
vn 0.119951 0.882281 0.455183
vn 0.074857 0.848665 0.523606
vn -0.211210 0.712953 0.668647
vn -0.384863 0.685616 0.617908
vn 0.037900 0.735696 0.676251
vn 0.528404 0.710732 0.464380
vn 0.736015 0.542688 0.404687
vn 0.761362 0.565404 0.317250
vn 0.677363 0.656644 0.331658
vn 0.593973 0.723996 0.350750
vn 0.406441 0.822381 0.398115
vn 0.546826 0.531478 0.646926
vn 0.746253 0.415419 0.520129
vn 0.064040 0.653757 0.753990
vn 0.239178 0.750703 0.615824
vn 0.319974 0.693177 0.645850
vn -0.244859 0.646420 0.722624
vn -0.035986 0.611893 0.790121
vn -0.284389 0.601957 0.746171
vn 0.438074 0.624593 0.646510
vn 0.324466 0.589800 0.739498
vn 0.232211 0.568216 0.789436
vn 0.324896 0.815877 0.478317
vn 0.493018 0.737288 0.461887
vn 0.544717 0.208685 0.812240
vn 0.647320 0.271145 0.712360
vn 0.756410 0.094612 0.647219
vn 0.594945 0.060343 0.801498
vn 0.334737 0.104297 0.936522
vn 0.323923 0.294281 0.899151
vn 0.408694 0.429308 0.805397
vn 0.879613 0.106014 0.463727
vn 0.844705 0.035703 0.534041
vn 0.817393 0.150395 0.556103
vn 0.848083 0.201825 0.489921
vn 0.876706 -0.070041 0.475900
vn 0.837296 -0.091755 0.538996
vn 0.859884 0.290538 0.419746
vn 0.882196 0.256899 0.394630
vn 0.900769 0.091871 0.424469
vn 0.898364 -0.100483 0.427604
vn 0.895608 0.251480 0.366938
vn 0.687031 0.544750 0.480870
vn 0.785641 0.481263 0.388786
vn 0.794308 0.357567 0.491142
vn 0.639568 0.486634 0.595097
vn 0.586343 0.659871 0.469864
vn 0.705502 0.626414 0.331469
vn 0.149279 0.491868 0.857777
vn 0.292695 0.380275 0.877337
vn 0.082300 0.265893 0.960483
vn -0.041407 0.430320 0.901726
vn 0.177015 0.595157 0.783871
vn 0.403619 0.490092 0.772594
vn -0.079842 0.576129 0.813450
vn -0.001152 -0.050246 0.998736
vn -0.011792 -0.010174 0.999879
vn -0.002425 -0.007803 0.999967
vn -0.008350 -0.055024 0.998450
vn -0.026108 -0.099629 0.994682
vn 0.005887 -0.134723 0.990866
vn 0.089441 -0.136438 0.986603
vn 0.051845 -0.028412 0.998251
vn -0.037194 -0.004621 0.999297
vn -0.032642 -0.005639 0.999451
vn -0.017719 0.043213 0.998909
vn 0.323725 -0.571947 0.753710
vn 0.393872 -0.709913 0.583856
vn 0.107916 -0.698570 0.707357
vn 0.083153 -0.483392 0.871446
vn 0.464666 -0.428859 0.774704
vn 0.620211 -0.580089 0.528049
vn 0.175480 -0.262306 0.948895
vn -0.446990 0.155976 0.880836
vn -0.537990 -0.107648 0.836050
vn -0.396675 -0.146584 0.906180
vn -0.341916 -0.011685 0.939658
vn -0.237998 0.211537 0.947950
vn -0.174255 0.411153 0.894756
vn -0.365130 0.447888 0.816135
vn -0.232213 0.056607 0.971016
vn -0.611792 0.223308 0.758844
vn -0.664734 -0.051932 0.745273
vn -0.511519 0.482792 0.710816
vn -0.704829 -0.269971 0.655997
vn -0.778781 -0.041768 0.625904
vn -0.607686 0.146271 0.780591
vn -0.531947 -0.059046 0.844717
vn -0.725134 -0.478421 0.495272
vn -0.795970 -0.387108 0.465380
vn -0.480783 -0.602224 0.637318
vn -0.538239 -0.720066 0.437955
vn -0.116118 0.946992 0.299538
vn -0.056726 0.925726 0.373915
vn 0.058313 0.968898 0.240493
vn 0.010126 0.977880 0.208920
vn -0.298108 0.853544 0.427311
vn -0.209140 0.835995 0.507319
vn -0.182419 0.930029 0.319013
vn -0.306911 0.859502 0.408732
vn 0.044685 0.976337 0.211588
vn 0.002676 0.966705 0.255878
vn -0.077979 0.944787 0.318272
vn -0.222585 0.875748 0.428395
vn -0.610693 -0.706264 0.358114
vn -0.931113 0.267214 0.248243
vn -0.863622 0.346268 0.366409
vn -0.837098 0.425392 0.343959
vn -0.908823 0.341490 0.239636
vn -0.950821 0.224048 0.213874
vn -0.088550 0.373164 0.923530
vn 0.134159 0.289308 0.947788
vn 0.042343 0.023211 0.998833
vn -0.201761 0.213201 0.955949
vn -0.324537 0.439743 0.837438
vn -0.147960 0.570207 0.808067
vn 0.106001 0.580045 0.807658
vn 0.482191 0.869691 0.105501
vn 0.637858 0.761377 0.115944
vn 0.788520 0.602897 0.121453
vn 0.741739 0.662141 0.106739
vn 0.723652 0.684898 0.085099
vn 0.471896 0.876962 0.090842
vn 0.197467 0.971762 0.129172
vn 0.181958 0.976896 0.112098
vn 0.084407 0.992833 0.084609
vn 0.289847 0.952965 0.088577
vn 0.455040 0.886501 0.083990
vn 0.759951 0.125862 0.637678
vn 0.585975 -0.072734 0.807059
vn 0.654561 -0.259187 0.710191
vn 0.814807 -0.094651 0.571953
vn 0.911572 0.081639 0.402954
vn 0.881869 0.228017 0.412693
vn 0.787437 0.303171 0.536685
vn 0.741329 0.363952 0.563889
vn 0.632670 0.242049 0.735623
vn 0.850045 0.357680 0.386638
vn 0.484424 0.101834 0.868886
vn 0.805669 0.352723 0.475904
vn 0.879127 0.379834 0.287857
vn 0.958440 -0.029381 0.283777
vn 0.849863 0.047287 0.524878
vn 0.608383 0.266930 0.747407
vn 0.561497 0.580759 0.589440
vn 0.585579 0.724601 0.363388
vn 0.016841 0.880093 0.474503
vn -0.108489 0.890219 0.442425
vn 0.046040 0.942021 0.332381
vn 0.157724 0.899126 0.408285
vn -0.032156 0.814011 0.579958
vn -0.234870 0.788273 0.568736
vn 0.169994 0.832249 0.527696
vn 0.262542 0.892549 0.366643
vn 0.123499 0.948815 0.290686
vn 0.268474 0.911032 0.312958
vn 0.444210 0.823954 0.351821
vn 0.429507 0.814955 0.389065
vn 0.141910 0.956576 0.254607
vn 0.289590 0.833951 0.469747
vn 0.420791 0.789731 0.446386
vn 0.642455 -0.652994 0.401061
vn 0.703661 -0.669748 0.237272
vn 0.461652 -0.854272 0.238949
vn 0.447398 -0.778578 0.440059
vn 0.729657 -0.429611 0.532011
vn 0.872247 -0.364918 0.325607
vn 0.490859 -0.575113 0.654448
vn -0.969460 0.220655 0.107048
vn -0.995404 0.064128 0.071125
vn -0.987060 0.156485 0.034991
vn -0.938204 0.334599 0.088417
vn -0.974428 0.196208 0.109508
vn -0.975823 -0.088103 0.200020
vn -0.982929 -0.043189 0.178846
vn -0.988029 -0.086097 0.128007
vn -0.882759 0.460113 0.095043
vn -0.889745 0.449788 0.077750
vn -0.863328 0.493592 0.105030
vn -0.397186 -0.864449 -0.308174
vn -0.271557 -0.944546 -0.184636
vn -0.544764 -0.790873 -0.278842
vn -0.405072 -0.907476 -0.111369
vn -0.677305 0.654121 0.336726
vn -0.715492 0.675019 0.180057
vn -0.755512 0.650550 0.077372
vn -0.782311 0.604834 0.148883
vn -0.526033 0.645049 0.554258
vn -0.425307 0.772369 0.471762
vn -0.565851 0.758051 0.324300
vn -0.673567 0.710022 0.205369
vn -0.842817 0.497938 0.204246
vn -0.752580 0.500484 0.427947
vn -0.614827 0.476596 0.628366
vn -0.206090 -0.860662 -0.465605
vn -0.122287 -0.888093 -0.443100
vn -0.111920 -0.776991 -0.619482
vn -0.243424 -0.765873 -0.595132
vn -0.363768 -0.771073 -0.522608
vn -0.264509 -0.887294 -0.377815
vn -0.162714 -0.944557 -0.285197
vn -0.938907 -0.321324 0.123305
vn -0.901226 -0.391785 0.185191
vn -0.949269 -0.245629 0.196353
vn -0.930923 -0.354402 0.088219
vn -0.932556 -0.360961 -0.006771
vn -0.915349 -0.369753 -0.159433
vn -0.916803 -0.387047 -0.098318
vn -0.889606 -0.454251 -0.047508
vn -0.027677 -0.135457 -0.990397
vn -0.039387 -0.040159 -0.998417
vn -0.263227 -0.079958 -0.961415
vn -0.188133 -0.201947 -0.961157
vn -0.015734 -0.317632 -0.948083
vn 0.147573 -0.201332 -0.968343
vn 0.200623 -0.083964 -0.976064
vn -0.977496 -0.040396 0.207052
vn -0.976615 -0.175488 0.124202
vn -0.999574 0.019038 0.022111
vn -0.974599 0.160041 0.156666
vn -0.935199 0.183330 0.302973
vn -0.944679 -0.079263 0.318276
vn -0.928263 -0.275799 0.249523
vn -0.599812 0.797081 0.069911
vn -0.785191 0.603875 0.137150
vn -0.835950 0.546172 0.053698
vn -0.731204 0.681998 0.014797
vn -0.640065 0.759113 0.118592
vn -0.794904 0.569741 0.208622
vn -0.448516 0.893166 0.032984
vn -0.241204 0.970070 0.028022
vn -0.341337 0.939152 0.038502
vn -0.411475 0.909554 0.058301
vn -0.629783 0.775964 -0.035398
vn -0.558668 0.481694 -0.675174
vn -0.636748 0.391921 -0.664041
vn -0.489518 0.277029 -0.826818
vn -0.420689 0.442085 -0.792200
vn -0.378103 0.619321 -0.688098
vn -0.562948 0.603728 -0.564449
vn -0.690330 0.528956 -0.493610
vn -0.820590 0.568491 0.058739
vn -0.712866 0.694945 0.094200
vn -0.877541 0.443544 0.182184
vn -0.843211 0.526619 0.108020
vn -0.806759 0.590781 0.010838
vn -0.262400 -0.221409 0.939215
vn -0.346055 0.008799 0.938173
vn -0.126925 0.087152 0.988076
vn -0.088667 -0.228016 0.969612
vn -0.137539 -0.477006 0.868072
vn -0.341721 -0.403164 0.848932
vn -0.504409 -0.200108 0.839957
vn 0.743642 0.418250 0.521598
vn 0.791858 0.135616 0.595457
vn 0.803594 0.022270 0.594760
vn 0.813505 0.181457 0.552525
vn 0.541927 0.702146 0.461851
vn 0.458400 0.644916 0.611517
vn 0.620876 0.429229 0.655954
vn 0.714117 0.179030 0.676746
vn -0.077042 0.026149 0.996685
vn -0.015843 -0.013856 0.999778
vn -0.012331 0.004427 0.999914
vn -0.033827 0.080421 0.996187
vn -0.056798 0.177375 0.982503
vn -0.150639 0.157837 0.975908
vn -0.011581 -0.072966 0.997267
vn 0.013668 -0.039015 0.999145
vn -0.275932 0.107813 0.955111
vn -0.184538 -0.035773 0.982174
vn -0.075490 -0.156805 0.984740
vn 0.642952 -0.169562 0.746901
vn 0.589871 -0.406014 0.698000
vn 0.718209 -0.340034 0.607086
vn 0.800809 -0.123320 0.586086
vn 0.436062 -0.294668 0.850306
vn 0.825342 0.097949 0.556073
vn 0.721615 0.088855 0.686569
vn 0.506589 -0.053965 0.860497
vn 0.394358 -0.166265 0.903791
vn 0.575664 0.119724 0.808874
vn 0.774519 -0.174530 0.607997
vn 0.674545 -0.238785 0.698549
vn 0.721487 -0.033916 0.691597
vn 0.819795 -0.008213 0.572599
vn 0.777095 -0.259800 0.573260
vn 0.644857 -0.397890 0.652567
vn 0.852987 -0.054057 0.519125
vn -0.714977 -0.680691 0.159586
vn -0.655030 -0.672358 0.344777
vn -0.493952 -0.733600 0.466736
vn -0.628879 -0.748046 0.211985
vn -0.794136 -0.607003 -0.029924
vn -0.845164 -0.531292 -0.058544
vn -0.844548 -0.532641 0.055072
vn 0.459738 -0.639529 -0.616152
vn 0.408314 -0.746911 -0.524790
vn 0.607113 -0.678099 -0.414242
vn 0.606911 -0.560976 -0.562996
vn 0.312916 -0.586016 -0.747441
vn 0.175096 -0.722758 -0.668552
vn 0.495779 -0.459275 -0.737069
vn 0.722776 -0.678020 0.133732
vn 0.853731 -0.494566 0.162936
vn 0.830362 -0.550132 0.088625
vn 0.803817 -0.594774 -0.011059
vn 0.600579 -0.797206 0.061385
vn 0.778706 -0.617312 0.111990
vn 0.834716 -0.550150 0.024168
vn 0.738264 -0.674509 -0.002143
vn 0.629069 -0.770054 0.106249
vn 0.784052 -0.591250 0.188908
vn 0.646724 -0.761520 -0.042831
vn 0.463242 -0.885596 0.033561
vn 0.248572 -0.967795 0.039820
vn 0.337124 -0.940295 0.046829
vn 0.390997 -0.918564 0.057968
vn 0.986477 0.008787 0.163664
vn 0.984549 0.153993 0.083361
vn 0.999110 -0.035537 -0.022740
vn 0.976120 -0.187052 0.110458
vn 0.937254 -0.225317 0.266060
vn 0.958180 0.036350 0.283849
vn 0.945023 0.245894 0.215566
vn 0.904093 0.407687 0.128090
vn 0.921532 0.313872 0.228612
vn 0.905202 0.407915 0.119225
vn 0.915188 0.402809 0.013263
vn 0.905007 0.394579 -0.158964
vn 0.890937 0.436676 -0.124681
vn 0.845144 0.521316 -0.118158
vn 0.850135 0.510198 0.130262
vn 0.810637 0.451963 0.372287
vn 0.694553 -0.628759 0.349656
vn 0.746010 -0.641349 0.179278
vn 0.790167 -0.606855 0.085809
vn 0.806088 -0.569948 0.159317
vn 0.529661 -0.612509 0.586763
vn 0.421819 -0.755315 0.501566
vn 0.574896 -0.748435 0.330665
vn 0.696851 -0.690974 0.192232
vn 0.858631 -0.463998 0.217849
vn 0.765633 -0.463445 0.446122
vn 0.620429 -0.425561 0.658760
vn 0.407015 0.895088 -0.182090
vn 0.310598 0.923193 -0.226369
vn 0.567850 0.807487 -0.159720
vn 0.939531 -0.234926 -0.249182
vn 0.892599 -0.404240 -0.199642
vn 0.938182 -0.344669 -0.031898
vn 0.981287 -0.128597 -0.143312
vn 0.942471 0.062924 -0.328312
vn 0.899432 -0.146453 -0.411793
vn 0.836509 -0.370559 -0.403657
vn 0.985456 -0.161896 0.051632
vn 0.965791 -0.257347 0.031952
vn 0.897927 -0.435541 0.063487
vn 0.911061 -0.406918 0.066214
vn 0.912996 -0.403797 0.058189
vn 0.984593 -0.158195 0.074504
vn 0.982892 0.108285 0.148991
vn 0.991391 0.075963 0.106643
vn 0.991416 0.128891 0.021923
vn 0.999402 0.015247 -0.031035
vn -0.803699 0.197943 0.561148
vn -0.847971 0.041003 0.528454
vn -0.880072 0.082727 0.467579
vn -0.808575 0.273914 0.520747
vn -0.679176 0.403812 0.612907
vn -0.704469 0.263128 0.659157
vn -0.753804 0.070813 0.653273
vn -0.676620 0.201676 0.708176
vn -0.832932 0.150851 0.532417
vn -0.856377 -0.063836 0.512390
vn -0.752619 -0.057168 0.655969
vn -0.523446 0.083469 0.847961
vn -0.397303 0.198054 0.896061
vn -0.596060 -0.094149 0.797401
vn -0.648113 0.415777 0.638027
vn -0.759112 0.345015 0.552009
vn -0.772036 -0.269784 0.575480
vn -0.648446 -0.329720 0.686151
vn -0.739716 0.042393 0.671582
vn -0.722905 0.190708 0.664107
vn -0.772245 0.047000 0.633584
vn -0.612735 -0.637627 0.466891
vn -0.530575 -0.589178 0.609393
vn 0.396912 0.349257 0.848811
vn 0.206184 0.369384 0.906114
vn 0.255903 0.596112 0.761028
vn 0.480672 0.502785 0.718444
vn 0.662476 0.284159 0.693094
vn 0.485619 0.120139 0.865876
vn 0.239558 0.056160 0.969256
vn 0.536264 -0.117665 0.835809
vn 0.301305 -0.210249 0.930059
vn 0.120828 -0.209668 0.970278
vn 0.065927 0.091499 0.993620
vn 0.046367 0.375657 0.925598
vn -0.071104 0.133014 0.988560
vn -0.092296 0.373849 0.922886
vn -0.060313 0.551762 0.831818
vn 0.093068 0.582886 0.807206
vn 0.010299 0.675379 0.737399
vn 0.172431 0.700736 0.692269
vn 0.337560 0.689412 0.640910
vn 0.246538 0.775465 0.581268
vn 0.394136 0.745956 0.536848
vn 0.578691 0.646406 0.497268
vn 0.537587 0.597894 0.594578
vn 0.765290 0.464126 0.446003
vn 0.724224 0.410536 0.554040
vn 0.902236 0.216006 0.373245
vn 0.844481 0.173291 0.506775
vn 0.736260 0.048494 0.674959
vn 0.897822 -0.082591 0.432543
vn 0.758617 -0.180589 0.626010
vn 0.537196 -0.342357 0.770852
vn 0.298106 -0.685138 0.664620
vn 0.320220 -0.458836 0.828812
vn 0.151894 -0.731827 0.664347
vn 0.154886 -0.498839 0.852743
vn 0.027978 -0.747945 0.663171
vn 0.027273 -0.493694 0.869208
vn -0.015747 -0.168095 0.985645
vn -0.089872 -0.465963 0.880228
vn -0.144355 -0.102959 0.984155
vn -0.214133 0.176669 0.960695
vn -0.296306 -0.017276 0.954937
vn -0.391057 0.203918 0.897492
vn -0.433027 0.340642 0.834536
vn -0.248918 0.368874 0.895529
vn -0.424266 0.453249 0.783942
vn -0.234392 0.513342 0.825555
vn -0.378132 0.568916 0.730309
vn -0.180205 0.631262 0.754344
vn -0.311576 0.681460 0.662218
vn -0.105911 0.729384 0.675857
vn 0.096112 0.763608 0.638486
vn -0.542027 0.484972 0.686301
vn -0.463655 0.626111 0.626904
vn -0.361925 0.760884 0.538577
vn -0.551785 0.569309 0.609443
vn -0.438711 0.731556 0.521879
vn -0.566938 0.522655 0.636721
vn -0.440010 0.711657 0.547664
vn -0.369726 0.687432 0.625092
vn -0.238912 0.648256 0.722970
vn -0.091479 0.797763 0.595991
vn -0.066645 0.589645 0.804908
vn 0.067406 0.733554 0.676280
vn 0.200557 0.833327 0.515115
vn 0.050513 0.893316 0.446582
vn 0.306397 0.891916 0.332577
vn 0.163139 0.943865 0.287237
vn 0.367587 0.919697 0.137979
vn 0.470059 0.803659 0.364934
vn 0.526738 0.837934 0.142880
vn 0.531769 0.842484 -0.086264
vn 0.379683 0.922747 -0.066176
vn 0.489794 0.816417 -0.305884
vn 0.345115 0.900047 -0.266103
vn 0.411521 0.758273 -0.505641
vn 0.270668 0.849212 -0.453408
vn 0.163112 0.904834 -0.393282
vn 0.097449 0.933708 -0.344520
vn 0.172860 0.759707 -0.626869
vn 0.075605 0.821012 -0.565883
vn 0.021876 0.855005 -0.518158
vn -0.001248 0.689020 -0.724741
vn -0.029275 0.722050 -0.691222
vn -0.049331 0.523631 -0.850516
vn -0.047331 0.563848 -0.824521
vn 0.032739 0.590680 -0.806242
vn 0.189175 0.616907 -0.763962
vn -0.046209 0.402178 -0.914395
vn 0.047144 0.452001 -0.890771
vn 0.209154 0.492687 -0.844698
vn 0.383728 0.510123 -0.769758
vn 0.350699 0.645044 -0.678917
vn 0.062880 0.304185 -0.950535
vn 0.231403 0.358626 -0.904345
vn 0.419860 0.358608 -0.833737
vn 0.576250 0.111703 -0.809604
vn 0.559358 0.324731 -0.762672
vn 0.518236 0.505899 -0.689564
vn 0.459824 0.663399 -0.590308
vn 0.654745 0.290010 -0.697999
vn 0.614166 0.488167 -0.620075
vn 0.536507 0.659735 -0.526222
vn 0.415451 0.813042 -0.407877
vn 0.372193 0.805414 -0.461281
vn 0.253934 0.912105 -0.321843
vn 0.274533 0.922426 -0.271592
vn 0.158416 0.961703 -0.223679
vn 0.291299 0.923784 -0.248532
vn 0.195769 0.977385 -0.079959
vn 0.128810 0.990997 0.036506
vn 0.275195 0.960809 -0.033361
vn 0.196821 0.976442 0.088451
vn 0.161094 0.969749 0.183400
vn 0.086937 0.987220 0.133560
vn 0.406938 0.913452 0.002798
vn 0.311731 0.938750 0.146873
vn 0.280302 0.927939 0.245681
vn 0.463338 0.833936 0.299780
vn 0.713834 0.632634 0.300359
vn 0.676225 0.653691 0.339719
vn 0.639013 0.673296 0.371934
vn 0.914602 0.342795 0.214463
vn 0.882247 0.393528 0.258412
vn 0.842303 0.445110 0.303978
vn 0.803444 0.471738 0.363237
vn 0.610068 0.671599 0.420444
vn 0.965320 0.162341 0.204456
vn 0.939353 0.204317 0.275446
vn 0.984558 -0.129071 0.118264
vn 0.978591 -0.096144 0.181976
vn 0.956907 -0.072615 0.281170
vn 0.910731 -0.396526 0.115480
vn 0.904176 -0.383095 0.188956
vn 0.753115 -0.649898 0.102232
vn 0.733043 -0.665489 0.140614
vn 0.559315 -0.816079 0.145541
vn 0.513492 -0.842232 0.164231
vn 0.370906 -0.901521 0.222912
vn 0.321895 -0.918544 0.229479
vn 0.283627 -0.911796 0.296956
vn 0.273778 -0.845293 0.458830
vn 0.152260 -0.943716 0.293628
vn 0.132091 -0.931005 0.340266
vn 0.134573 -0.872159 0.470350
vn -0.017340 -0.931354 0.363703
vn 0.002619 -0.881906 0.471417
vn -0.182207 -0.911511 0.368711
vn -0.139713 -0.878995 0.455904
vn -0.094258 -0.752660 0.651627
vn -0.313856 -0.847844 0.427381
vn -0.242847 -0.745789 0.620342
vn -0.227968 -0.420382 0.878242
vn -0.417764 -0.369716 0.829930
vn -0.378802 -0.853935 0.356797
vn -0.194848 -0.902548 0.383980
vn -0.397762 -0.816354 0.418750
vn -0.167285 -0.871832 0.460354
vn -0.355407 -0.768430 0.532166
vn -0.104553 -0.820069 0.562633
vn -0.275087 -0.711750 0.646328
vn -0.422243 -0.550345 0.720299
vn -0.171367 -0.629043 0.758247
vn -0.298395 -0.486149 0.821352
vn -0.377737 -0.320878 0.868535
vn -0.519921 -0.340556 0.783392
vn -0.175267 -0.395672 0.901513
vn -0.249972 -0.273395 0.928854
vn -0.273884 -0.159179 0.948498
vn -0.143889 -0.195471 0.970096
vn -0.175253 -0.124239 0.976653
vn -0.164187 -0.067765 0.984099
vn -0.245796 -0.068419 0.966904
vn -0.123079 -0.028431 0.991990
vn -0.179374 -0.013124 0.983693
vn -0.102179 0.007297 0.994739
vn -0.114223 0.073312 0.990746
vn -0.073260 -0.007637 0.997284
vn 0.034918 0.133587 0.990422
vn -0.088653 0.196463 0.976495
vn 0.127277 0.254107 0.958765
vn -0.012734 0.351404 0.936137
vn 0.251396 0.384312 0.888316
vn 0.101136 0.502917 0.858397
vn 0.391796 0.509656 0.765994
vn 0.236373 0.636198 0.734425
vn 0.521923 0.613484 0.592650
vn 0.367638 0.737682 0.566275
vn 0.620189 0.686224 0.380081
vn 0.646468 0.481326 0.591950
vn 0.734668 0.562153 0.379799
vn 0.781328 0.609675 0.133504
vn 0.672824 0.726434 0.140005
vn 0.778104 0.617351 -0.115897
vn 0.672979 0.732207 -0.104750
vn 0.733484 0.586918 -0.342824
vn 0.627910 0.703465 -0.332965
vn 0.657949 0.525456 -0.539443
vn 0.550357 0.641667 -0.534201
vn 0.563809 0.441058 -0.698275
vn 0.455276 0.548390 -0.701421
vn 0.312448 0.663542 -0.679771
vn 0.461530 0.341037 -0.818953
vn 0.640273 0.350321 -0.683612
vn 0.539093 0.262631 -0.800252
vn 0.429471 0.170410 -0.886857
vn 0.354845 0.232350 -0.905593
vn 0.311078 0.085950 -0.946490
vn 0.250276 0.134141 -0.958837
vn 0.182188 0.026213 -0.982914
vn 0.146982 0.067387 -0.986841
vn 0.106541 0.099731 -0.989294
vn 0.039080 0.038624 -0.998489
vn 0.030464 0.062251 -0.997596
vn 0.019145 0.069200 -0.997419
vn 0.064894 0.112159 -0.991569
vn 0.013587 0.055323 -0.998376
vn 0.035751 0.091765 -0.995139
vn 0.021983 0.022705 -0.999501
vn 0.032256 0.044129 -0.998505
vn 0.026674 0.076843 -0.996686
vn -0.000493 0.112638 -0.993636
vn 0.056400 -0.007934 -0.998377
vn 0.055383 -0.004278 -0.998456
vn 0.039342 -0.002166 -0.999223
vn 0.019222 0.000869 -0.999815
vn -0.033979 0.145727 -0.988741
vn 0.118234 -0.068927 -0.990591
vn 0.117120 -0.098201 -0.988251
vn 0.111922 -0.123782 -0.985977
vn 0.115589 -0.137430 -0.983744
vn 0.012675 0.014459 -0.999815
vn 0.222141 -0.166763 -0.960648
vn 0.228102 -0.216221 -0.949325
vn 0.241508 -0.248497 -0.938042
vn 0.278265 -0.255430 -0.925918
vn 0.139803 -0.130074 -0.981599
vn 0.353499 -0.280768 -0.892305
vn 0.366312 -0.317522 -0.874640
vn 0.402562 -0.316817 -0.858820
vn 0.468353 -0.258606 -0.844848
vn 0.478642 -0.365195 -0.798457
vn 0.504599 -0.355132 -0.786932
vn 0.555631 -0.285476 -0.780883
vn 0.617029 -0.139584 -0.774462
vn 0.542809 -0.107682 -0.832924
vn 0.590893 -0.393346 -0.704360
vn 0.628345 -0.318797 -0.709613
vn 0.679951 -0.173589 -0.712414
vn 0.721191 0.033270 -0.691937
vn 0.656797 0.068438 -0.750956
vn 0.692635 -0.365985 -0.621540
vn 0.736434 -0.220133 -0.639693
vn 0.778771 -0.007456 -0.627263
vn 0.792412 0.219572 -0.569097
vn 0.727672 0.258204 -0.635472
vn 0.788473 -0.287483 -0.543750
vn 0.837377 -0.065404 -0.542699
vn 0.864739 0.159095 -0.476356
vn 0.957702 0.158572 -0.240127
vn 0.996545 -0.047038 -0.068449
vn 0.959078 0.209033 -0.190982
vn 0.946713 0.291490 -0.137000
vn 0.750356 -0.427567 -0.504136
vn 0.801057 -0.488553 -0.345865
vn 0.733094 -0.494181 -0.467288
vn 0.784527 -0.542436 -0.300468
vn 0.814229 -0.567640 -0.121723
vn 0.843898 -0.512510 -0.158652
vn 0.821307 -0.569992 0.023768
vn 0.874921 -0.484206 -0.007649
vn 0.815923 -0.569720 0.098432
vn 0.806001 -0.582301 0.106243
vn 0.647911 -0.741802 0.173033
vn 0.790310 -0.605593 0.093104
vn 0.602684 -0.783144 0.153163
vn 0.771729 -0.629547 0.090025
vn 0.911717 -0.403490 0.077248
vn 0.493880 -0.818648 0.293083
vn 0.427130 -0.868563 0.251312
vn 0.326503 -0.841044 0.431324
vn 0.250223 -0.898322 0.361117
vn 0.192131 -0.931622 0.308490
vn 0.072839 -0.880971 0.467530
vn 0.015282 -0.921362 0.388405
vn -0.014919 -0.938614 0.344646
vn 0.154295 -0.812165 0.562655
vn -0.015130 -0.739498 0.672989
vn 0.254753 -0.707679 0.659008
vn 0.090595 -0.623606 0.776471
vn -0.057484 -0.515568 0.854918
vn 0.197912 -0.466796 0.861935
vn 0.049601 -0.370986 0.927313
vn -0.067140 -0.278770 0.958008
vn 0.133879 -0.202744 0.970037
vn 0.010571 -0.142881 0.989683
vn -0.070015 -0.098247 0.992696
vn 0.044708 0.001513 0.998999
vn -0.039280 0.005248 0.999214
vn -0.073950 0.003566 0.997256
vn -0.106075 -0.063633 0.992320
vn -0.067809 0.002460 0.997695
vn -0.101960 -0.035676 0.994148
vn -0.084667 0.065156 0.994277
vn -0.059538 0.102707 0.992928
vn -0.133483 0.180295 0.974513
vn -0.136900 0.110235 0.984432
vn -0.253246 0.219489 0.942174
vn -0.220139 0.127061 0.967158
vn -0.313372 0.100274 0.944322
vn -0.214645 0.043607 0.975718
vn -0.251291 -0.027256 0.967528
vn -0.117773 -0.029435 0.992604
vn -0.120338 0.023020 0.992466
vn -0.391761 0.010417 0.920008
vn -0.438679 -0.135546 0.888363
vn -0.264199 -0.153338 0.952201
vn -0.256532 -0.332199 0.907653
vn -0.044984 -0.304993 0.951292
vn -0.090459 -0.136331 0.986525
vn -0.454801 -0.320544 0.830908
vn -0.442701 -0.529903 0.723339
vn -0.231330 -0.546056 0.805176
vn -0.619199 -0.288599 0.730276
vn -0.599398 -0.493603 0.630142
vn -0.537894 -0.681888 0.495681
vn -0.751553 -0.263082 0.604943
vn -0.709998 -0.464360 0.529407
vn -0.630417 -0.647188 0.428628
vn -0.516164 -0.797430 0.312538
vn -0.439311 -0.830077 0.343479
vn -0.771690 -0.453413 0.445994
vn -0.680213 -0.626749 0.380125
vn -0.558026 -0.773740 0.299890
vn -0.402559 -0.890185 0.213346
vn -0.367253 -0.908121 0.201103
vn -0.688717 -0.621648 0.373126
vn -0.559591 -0.761559 0.326933
vn -0.403384 -0.873804 0.271565
vn -0.189555 -0.972766 0.133402
vn -0.499982 -0.761490 0.412493
vn -0.316368 -0.857877 0.404918
vn -0.352844 -0.758944 0.547270
vn -0.104579 -0.815430 0.569330
vn -0.118415 -0.714854 0.689174
vn 0.168251 -0.708586 0.685272
vn 0.428384 -0.658534 0.618725
vn 0.405811 -0.537688 0.739060
vn 0.602961 -0.474974 0.640966
vn 0.734380 -0.438951 0.517695
vn 0.616270 -0.624475 0.479835
vn 0.795273 -0.458121 0.397071
vn 0.688769 -0.650429 0.320219
vn 0.802825 -0.521405 0.289151
vn 0.672131 -0.713994 0.196092
vn 0.443680 -0.888316 0.118501
vn 0.097717 -0.993475 0.058808
vn 0.116720 -0.988889 0.092057
vn -0.168614 -0.979322 0.111792
vn 0.074057 -0.995708 0.055501
vn -0.149009 -0.982887 0.108298
vn -0.312869 -0.927241 0.205762
vn -0.132590 -0.986577 0.095321
vn 0.033746 -0.998352 0.046410
vn -0.013903 -0.999859 -0.009424
vn -0.116463 -0.992315 0.041798
vn -0.047670 -0.991099 -0.124296
vn -0.100026 -0.992317 -0.072812
vn -0.059157 -0.957779 -0.281356
vn -0.085058 -0.968235 -0.235130
vn -0.057407 -0.981210 -0.184204
vn -0.073031 -0.909896 -0.408358
vn -0.035416 -0.923505 -0.381949
vn 0.061166 -0.930421 -0.361352
vn 0.040620 -0.989782 -0.136684
vn 0.205978 -0.915961 -0.344366
vn 0.195840 -0.975439 -0.100825
vn 0.376233 -0.867454 -0.325535
vn 0.375383 -0.924096 -0.071651
vn 0.352593 -0.918934 0.176746
vn 0.550833 -0.815990 0.175338
vn 0.707781 -0.691608 0.143960
vn 0.795638 -0.595694 0.110042
vn 0.815180 -0.535243 0.221351
vn 0.190681 -0.806793 -0.559219
vn 0.344779 -0.756664 -0.555506
vn 0.154390 -0.667128 -0.728769
vn 0.039137 -0.696428 -0.716558
vn 0.007946 -0.549950 -0.835160
vn 0.103876 -0.510701 -0.853460
vn 0.058958 -0.827328 -0.558616
vn -0.031057 -0.828699 -0.558832
vn -0.041554 -0.709816 -0.703160
vn -0.074589 -0.716482 -0.693607
vn -0.091675 -0.596867 -0.797086
vn -0.062164 -0.575558 -0.815395
vn -0.068242 -0.822422 -0.564769
vn -0.048137 -0.813511 -0.579554
vn -0.051557 -0.720214 -0.691834
vn -0.054113 -0.895754 -0.441244
vn 0.024115 -0.875781 -0.482106
vn 0.036305 -0.797059 -0.602809
vn 0.016069 -0.944078 -0.329330
vn 0.178373 -0.834040 -0.522074
vn 0.047877 -0.986429 -0.157055
vn 0.134610 -0.990628 -0.023145
vn 0.415103 -0.748863 -0.516618
vn 0.413685 -0.678444 -0.607107
vn 0.194222 -0.758199 -0.622424
vn 0.407312 -0.611215 -0.678611
vn 0.196607 -0.685278 -0.701242
vn 0.037199 -0.715329 -0.697797
vn 0.188715 -0.611487 -0.768421
vn 0.023938 -0.629739 -0.776438
vn -0.067632 -0.617389 -0.783746
vn -0.003496 -0.532361 -0.846510
vn -0.092238 -0.497086 -0.862785
vn -0.111895 -0.460049 -0.880815
vn -0.106953 -0.341578 -0.933748
vn -0.116854 -0.298956 -0.947085
vn -0.090500 -0.270862 -0.958355
vn -0.084451 -0.428927 -0.899383
vn -0.040736 -0.249418 -0.967539
vn -0.024952 -0.398396 -0.916874
vn 0.016492 -0.226145 -0.973954
vn 0.050270 -0.359054 -0.931962
vn 0.066135 -0.193346 -0.978899
vn 0.018816 -0.109806 -0.993775
vn 0.093606 -0.148775 -0.984431
vn 0.077711 -0.101807 -0.991764
vn -0.004798 -0.064030 -0.997936
vn 0.013438 -0.070506 -0.997421
vn 0.054095 -0.070601 -0.996037
vn -0.079601 -0.071700 -0.994245
vn -0.076102 -0.050510 -0.995820
vn -0.063678 -0.023927 -0.997684
vn 0.110101 -0.056261 -0.992327
vn -0.050626 -0.008929 -0.998678
vn 0.163769 -0.046371 -0.985408
vn 0.368844 -0.178994 -0.912094
vn 0.318093 -0.264669 -0.910366
vn 0.468646 -0.329649 -0.819574
vn 0.508561 -0.289297 -0.810970
vn 0.602594 -0.409947 -0.684708
vn 0.627125 -0.406224 -0.664602
vn 0.687850 -0.510828 -0.515672
vn 0.699465 -0.610038 -0.372295
vn 0.544795 -0.763369 -0.347083
vn 0.664161 -0.689276 -0.289464
vn 0.471087 -0.832060 -0.292837
vn 0.606039 -0.759961 -0.234898
vn 0.697721 -0.692438 -0.183615
vn 0.527020 -0.831632 -0.175034
vn 0.639949 -0.756738 -0.133465
vn 0.760790 -0.639175 -0.112492
vn 0.432978 -0.896772 -0.091275
vn 0.561275 -0.825825 -0.054612
vn 0.340048 -0.940388 0.006112
vn 0.490415 -0.870525 0.040978
vn 0.263974 -0.960369 0.089492
vn 0.444109 -0.888101 0.118508
vn 0.597506 -0.789936 0.137798
vn 0.418583 -0.892073 0.170278
vn 0.221884 -0.965057 0.139404
vn 0.215103 -0.960666 0.175645
vn 0.406021 -0.890526 0.205207
vn 0.219911 -0.947938 0.230331
vn 0.389786 -0.884634 0.255908
vn 0.223924 -0.924625 0.308102
vn 0.371551 -0.863960 0.339885
vn 0.468221 -0.808567 0.356355
vn 0.361507 -0.819524 0.444627
vn 0.444910 -0.751048 0.487833
vn 0.358020 -0.749912 0.556286
vn 0.439997 -0.654361 0.614991
vn 0.354226 -0.654916 0.667540
vn 0.434617 -0.529463 0.728544
vn 0.476831 -0.372367 0.796226
vn 0.398517 -0.377102 0.836049
vn 0.441214 -0.207263 0.873139
vn 0.465462 0.028890 0.884596
vn 0.496647 -0.142245 0.856217
vn 0.450054 0.316150 0.835165
vn 0.495329 0.173143 0.851276
vn 0.401091 0.557862 0.726578
vn 0.476892 0.469275 0.743206
vn 0.486016 0.415670 0.768770
vn 0.435402 0.432063 0.789777
vn 0.352495 0.695417 0.626213
vn 0.269005 0.658393 0.702961
vn 0.192092 0.763280 0.616850
vn 0.068581 0.739659 0.669478
vn -0.012432 0.802349 0.596726
vn -0.184389 0.744678 0.641448
vn -0.246012 0.783072 0.571207
vn -0.303262 0.788545 0.535004
vn -0.456823 0.702088 0.546247
vn -0.504789 0.710293 0.490583
vn -0.552843 0.694888 0.459887
vn -0.591463 0.673843 0.442839
vn -0.664947 0.601403 0.442899
vn -0.705795 0.588316 0.394637
vn -0.736143 0.561007 0.378634
vn -0.751289 0.522178 0.403603
vn -0.606563 0.643322 0.467138
vn -0.827798 0.454321 0.329155
vn -0.853707 0.419114 0.309076
vn -0.868247 0.372654 0.327530
vn -0.872283 0.310345 0.377900
vn -0.753057 0.461626 0.468835
vn -0.942491 0.237352 0.235320
vn -0.951034 0.186743 0.246294
vn -0.951608 0.127869 0.279449
vn -0.945560 0.054979 0.320771
vn -0.868057 0.224664 0.442723
vn -0.984297 -0.047892 0.169902
vn -0.977844 -0.090155 0.188925
vn -0.967897 -0.135282 0.211835
vn -0.957324 -0.185970 0.221238
vn -0.930666 -0.345826 0.119435
vn -0.926095 -0.353590 0.131613
vn -0.926236 -0.354016 0.129459
vn -0.802324 -0.590304 0.088420
vn -0.835018 -0.543213 0.087551
vn -0.874479 -0.483642 0.037115
vn -0.896800 -0.436856 -0.070039
vn -0.771463 -0.635652 0.028126
vn -0.832753 -0.543393 -0.106050
vn -0.825561 -0.488427 -0.282643
vn -0.884558 -0.409534 -0.223246
vn -0.834685 -0.390759 -0.388082
vn -0.866902 -0.366569 -0.337799
vn -0.767525 -0.463325 -0.442984
vn -0.692237 -0.439506 -0.572400
vn -0.762080 -0.366271 -0.533928
vn -0.642980 -0.588360 -0.490316
vn -0.569865 -0.561866 -0.599634
vn -0.498631 -0.525001 -0.689740
vn -0.614026 -0.406852 -0.676345
vn -0.439142 -0.758146 -0.482046
vn -0.386785 -0.714720 -0.582728
vn -0.333002 -0.664935 -0.668558
vn -0.267250 -0.607233 -0.748229
vn -0.421770 -0.479708 -0.769409
vn -0.171924 -0.846523 -0.503825
vn -0.133040 -0.790856 -0.597368
vn -0.083779 -0.724892 -0.683749
vn -0.003550 -0.637570 -0.770385
vn -0.170259 -0.539020 -0.824906
vn 0.079746 -0.868241 -0.489691
vn 0.123228 -0.808390 -0.575604
vn 0.289322 -0.879122 -0.378732
vn 0.350853 -0.822723 -0.447246
vn 0.033497 -0.918516 -0.393963
vn 0.219254 -0.929993 -0.295027
vn 0.385697 -0.895112 -0.223635
vn 0.135233 -0.972883 -0.187645
vn 0.286999 -0.948895 -0.131261
vn 0.027209 -0.997593 -0.063778
vn 0.177013 -0.983862 -0.026110
vn -0.021425 -0.961295 -0.274685
vn -0.105956 -0.985855 -0.129856
vn -0.208343 -0.896940 -0.389990
vn -0.020123 -0.459959 -0.887712
vn -0.190662 -0.377525 -0.906159
vn -0.324503 -0.429090 -0.842959
vn 0.146536 -0.523033 -0.839621
vn 0.335252 -0.409485 -0.848486
vn 0.166733 -0.369369 -0.914203
vn -0.333197 -0.263122 -0.905398
vn -0.443127 -0.315816 -0.838987
vn -0.533391 -0.364845 -0.763140
vn -0.506398 -0.226108 -0.832128
vn -0.596691 -0.283844 -0.750594
vn -0.681022 -0.330729 -0.653320
vn -0.618834 -0.249030 -0.745003
vn -0.709570 -0.303051 -0.636137
vn -0.794575 -0.343171 -0.500883
vn -0.707189 -0.322987 -0.628938
vn -0.796579 -0.369324 -0.478603
vn -0.869578 -0.394375 -0.297156
vn -0.769607 -0.437756 -0.464839
vn -0.843993 -0.465237 -0.266889
vn -0.710982 -0.538724 -0.451973
vn -0.788594 -0.566608 -0.238905
vn -0.833362 -0.552728 -0.000960
vn -0.693577 -0.689891 -0.207369
vn -0.736234 -0.675472 0.041183
vn -0.730413 -0.615863 0.295314
vn -0.834255 -0.492088 0.248734
vn -0.673824 -0.515796 0.529071
vn -0.587793 -0.743176 0.319669
vn -0.526483 -0.652045 0.545575
vn -0.421789 -0.533563 0.733079
vn -0.568571 -0.385337 0.726803
vn -0.292927 -0.399598 0.868628
vn -0.432130 -0.247164 0.867279
vn -0.170793 -0.268129 0.948123
vn -0.299346 -0.127182 0.945630
vn -0.409665 0.024711 0.911901
vn -0.341949 0.261040 0.902734
vn -0.500167 0.188572 0.845147
vn -0.385513 0.418890 0.822138
vn -0.558997 0.351244 0.751099
vn -0.408800 0.559182 0.721248
vn -0.588103 0.483956 0.648014
vn -0.743867 0.371131 0.555809
vn -0.602398 0.581906 0.546353
vn -0.420577 0.667819 0.614111
vn -0.213669 0.588406 0.779823
vn -0.209449 0.443314 0.871552
vn -0.042986 0.416051 0.908325
vn -0.008261 0.560110 0.828377
vn -0.063448 0.289993 0.954923
vn 0.026738 0.241943 0.969922
vn -0.190606 0.295190 0.936233
vn -0.005859 0.161885 0.986792
vn 0.015841 0.121032 0.992522
vn 0.073384 0.161747 0.984100
vn 0.002599 0.072680 0.997352
vn 0.060493 0.073867 0.995432
vn -0.045231 0.035273 0.998354
vn -0.008676 0.005165 0.999949
vn 0.060596 -0.074431 0.995383
vn 0.153156 -0.228378 0.961450
vn 0.007922 -0.517027 0.855932
vn -0.018007 0.046097 0.998775
vn -0.003877 0.069273 0.997590
vn 0.001320 0.005394 0.999985
vn -0.006932 -0.002253 0.999973
vn 0.024179 -0.079134 0.996571
vn 0.036570 -0.076629 0.996389
vn 0.058889 -0.191688 0.979688
vn 0.109779 -0.180197 0.977485
vn 0.155875 -0.146195 0.976898
vn 0.197454 -0.301654 0.932747
vn 0.294516 -0.242074 0.924478
vn 0.373760 -0.143750 0.916319
vn 0.198357 -0.087718 0.976197
vn 0.414508 -0.017867 0.909870
vn 0.527712 -0.188833 0.828168
vn 0.577449 -0.013122 0.816321
vn 0.556332 0.170974 0.813180
vn 0.404615 0.127018 0.905623
vn 0.476256 0.341043 0.810475
vn 0.350495 0.269326 0.897004
vn 0.342447 0.478314 0.808669
vn 0.253720 0.379497 0.889724
vn 0.148974 0.250907 0.956479
vn 0.117486 0.444880 0.887851
vn 0.070847 0.297392 0.952123
vn 0.031982 0.158957 0.986767
vn 0.060529 0.131000 0.989533
vn 0.008170 0.057215 0.998328
vn 0.008488 0.044527 0.998972
vn -0.003556 0.166005 0.986119
vn 0.008477 0.063527 0.997944
vn 0.014720 -0.000528 0.999892
vn 0.014444 0.059445 0.998127
vn 0.042566 0.003443 0.999088
vn 0.055526 -0.021537 0.998225
vn 0.013306 -0.036693 0.999238
vn 0.055251 -0.016185 0.998341
vn -0.002108 -0.051518 0.998670
vn 0.038431 0.026694 0.998905
vn -0.043622 -0.039704 0.998259
vn 0.003707 0.121104 0.992633
vn -0.118550 0.027834 0.992558
vn -0.040829 0.270714 0.961794
vn -0.210919 0.169597 0.962679
vn -0.085121 0.456523 0.885631
vn 0.130603 0.322243 0.937605
vn 0.107571 0.508535 0.854295
vn 0.069998 0.698737 0.711946
vn -0.126000 0.652548 0.747198
vn -0.161566 0.815705 0.555447
vn -0.201843 0.922134 0.330044
vn -0.384905 0.850017 0.359610
vn -0.569399 0.740984 0.355989
vn -0.247923 0.964589 0.090017
vn -0.416836 0.898430 0.138099
vn -0.582003 0.796435 0.164205
vn -0.717641 0.677812 0.159884
vn -0.720063 0.616821 0.317870
vn -0.446787 0.890151 -0.089513
vn -0.284528 0.947652 -0.144910
vn -0.303172 0.877003 -0.372763
vn -0.463265 0.827896 -0.316185
vn -0.303234 0.760034 -0.574802
vn -0.462070 0.717955 -0.520607
vn -0.284299 0.609674 -0.739913
vn -0.444802 0.571277 -0.689778
vn -0.574930 0.533997 -0.619921
vn -0.519562 0.375175 -0.767658
vn -0.608023 0.348992 -0.713100
vn -0.670531 0.496498 -0.551251
vn -0.652233 0.346493 -0.674192
vn -0.714189 0.484985 -0.504702
vn -0.674718 0.626414 -0.390335
vn -0.650444 0.687777 -0.322313
vn -0.549888 0.690946 -0.469272
vn -0.524856 0.748410 -0.405474
vn -0.485370 0.798880 -0.355257
vn -0.617718 0.736326 -0.276132
vn -0.370427 0.720811 -0.585846
vn -0.349579 0.784960 -0.511499
vn -0.312800 0.837147 -0.448711
vn -0.258515 0.889257 -0.377350
vn -0.425659 0.853940 -0.299334
vn -0.146133 0.772952 -0.617406
vn -0.109256 0.829173 -0.548211
vn -0.065539 0.880914 -0.468717
vn -0.008505 0.932483 -0.361113
vn -0.180562 0.942623 -0.280819
vn 0.116603 0.763647 -0.635018
vn 0.156993 0.814030 -0.559204
vn 0.198270 0.866639 -0.457850
vn 0.083334 0.973697 -0.212062
vn 0.392490 0.685498 -0.613224
vn 0.447323 0.726825 -0.521179
vn 0.587246 0.533265 -0.608909
vn 0.658756 0.560735 -0.501614
vn 0.708392 0.412327 -0.572858
vn 0.779245 0.445259 -0.441045
vn 0.833657 0.481206 -0.271028
vn 0.831820 0.548823 -0.082874
vn 0.837731 0.383874 -0.388390
vn 0.882989 0.418913 -0.211758
vn 0.886369 0.460891 -0.043940
vn 0.849564 0.522655 0.071222
vn 0.757057 0.650747 0.058248
vn 0.893154 0.421171 0.157771
vn 0.890098 0.431425 0.146959
vn 0.934963 0.247223 0.254410
vn 0.952061 0.195101 0.235618
vn 0.968599 0.144732 0.202161
vn 0.896790 0.424844 0.123595
vn 0.932512 -0.026746 0.360147
vn 0.945560 -0.113290 0.305094
vn 0.948891 -0.182350 0.257593
vn 0.979607 0.097066 0.175920
vn 0.837699 -0.231866 0.494467
vn 0.847440 -0.335055 0.411805
vn 0.845788 -0.409665 0.341787
vn 0.835258 -0.460007 0.301225
vn 0.943488 -0.236464 0.232197
vn 0.695390 -0.514681 0.501534
vn 0.693388 -0.587689 0.416936
vn 0.682627 -0.632829 0.365443
vn 0.667257 -0.653754 0.356894
vn 0.819173 -0.487026 0.302919
vn 0.506574 -0.717510 0.478082
vn 0.493639 -0.756779 0.428493
vn 0.471328 -0.774202 0.422448
vn 0.439717 -0.766855 0.467528
vn 0.650251 -0.644664 0.401973
vn 0.282671 -0.823747 0.491465
vn 0.247541 -0.824823 0.508322
vn 0.188650 -0.794149 0.577701
vn 0.032907 -0.798339 0.601309
vn -0.037072 -0.714715 0.698432
vn -0.114573 -0.558129 0.821806
vn -0.140112 -0.336526 0.931192
vn -0.208244 -0.567244 0.796786
vn -0.274360 -0.362274 0.890777
vn -0.302696 -0.140597 0.942660
vn -0.372702 -0.135811 0.917959
vn -0.398367 0.085632 0.913220
vn -0.385947 0.273452 0.881061
vn -0.278035 0.050207 0.959258
vn -0.079164 -0.136702 0.987444
vn 0.312143 -0.098462 0.944919
vn 0.387069 0.154623 0.908994
vn 0.634845 -0.036959 0.771755
vn 0.578051 -0.260017 0.773465
vn 0.816725 -0.215942 0.535097
vn 0.739547 -0.410557 0.533397
vn 0.897778 -0.286983 0.334120
vn 0.795445 -0.480559 0.369229
vn 0.928957 -0.275770 0.246959
vn 0.981358 0.009775 0.191941
vn 0.984471 0.053136 0.167312
vn 0.903384 0.390425 0.177387
vn 0.906920 0.399994 0.132294
vn 0.903623 0.411784 0.117893
vn 0.686882 0.711650 0.147469
vn 0.708790 0.697847 0.103081
vn 0.399136 0.894208 0.202689
vn 0.442567 0.886980 0.131910
vn 0.128873 0.953700 0.271750
vn 0.172309 0.967054 0.187395
vn -0.094940 0.936900 0.336459
vn -0.066387 0.966923 0.246279
vn -0.055385 0.982500 0.177839
vn -0.262114 0.920801 0.288829
vn -0.275409 0.937701 0.211820
vn -0.310190 0.937854 0.155604
vn -0.077344 0.987761 0.135450
vn -0.367930 0.924121 0.103092
vn -0.150075 0.984656 0.089055
vn -0.440390 0.897184 0.033425
vn -0.259709 0.965648 0.008718
vn -0.071101 0.997458 -0.004601
vn -0.378693 0.921161 -0.089741
vn -0.219543 0.968393 -0.118384
vn -0.064906 0.986061 -0.153204
vn 0.098842 0.995019 -0.012914
vn 0.247467 0.968199 -0.036749
vn -0.339074 0.914148 -0.222178
vn -0.485932 0.856239 -0.175282
vn -0.565609 0.791015 -0.233198
vn -0.614005 0.778718 -0.128827
vn -0.673650 0.719411 -0.169244
vn -0.752287 0.652615 -0.090321
vn -0.527530 0.847692 -0.055951
vn -0.559478 0.821461 0.110387
vn -0.504834 0.849366 0.154016
vn -0.656933 0.744277 0.120377
vn -0.587498 0.789028 0.179671
vn -0.690064 0.716255 0.103877
vn -0.769904 0.635679 0.056209
vn -0.452351 0.865562 0.214896
vn -0.411487 0.859724 0.302579
vn -0.518851 0.807755 0.279867
vn -0.464863 0.778878 0.421012
vn -0.498048 0.777085 0.384821
vn -0.594998 0.775564 0.210897
vn -0.388787 0.821826 0.416471
vn -0.386562 0.743270 0.546003
vn -0.267205 0.882713 0.386548
vn -0.285562 0.818570 0.498395
vn -0.309313 0.726661 0.613424
vn -0.397479 0.622592 0.674084
vn -0.130849 0.886904 0.443036
vn -0.161938 0.813565 0.558470
vn -0.173169 0.713388 0.679036
vn -0.328491 0.605040 0.725273
vn 0.078975 0.921847 0.379422
vn 0.040905 0.860721 0.507432
vn 0.043640 0.755246 0.653987
vn 0.288000 0.846304 0.448135
vn 0.284860 0.715839 0.637518
vn 0.351572 0.467444 0.811106
vn 0.342995 0.888354 0.305258
vn 0.648903 0.726444 0.226283
vn -0.407240 0.466724 0.785064
vn -0.524002 0.805466 0.276851
vn -0.661884 0.744640 0.086146
vn -0.774197 0.632846 -0.011169
vn -0.731295 0.675897 -0.091494
vn -0.847012 0.510032 -0.149792
vn -0.907443 0.316199 -0.276704
vn -0.943960 0.033352 -0.328372
vn -0.968477 -0.083465 -0.234702
vn -0.927249 -0.276156 -0.252877
vn -0.915651 -0.361080 -0.176648
vn -0.898095 -0.438884 -0.028371
vn -0.982134 -0.163895 -0.092475
vn -0.980506 -0.172393 0.094281
vn -0.944979 -0.058584 0.321842
vn -0.963396 0.142062 0.227347
vn -0.898375 0.294110 0.326223
vn -0.735372 -0.668776 0.109395
vn -0.553201 -0.778967 0.295260
vn -0.423531 -0.758207 0.495725
vn -0.359278 -0.774850 0.520121
vn -0.314363 -0.674222 0.668282
vn -0.235234 -0.736305 0.634444
vn -0.262908 -0.796939 0.543845
vn -0.355930 -0.627228 0.692747
vn -0.327797 -0.380229 0.864856
vn -0.322663 -0.472710 0.820021
vn -0.405785 -0.604508 0.685499
vn -0.326138 -0.352430 0.877170
vn -0.536900 -0.612270 0.580400
vn -0.379942 -0.402378 0.832908
vn -0.257434 0.024952 0.965974
vn -0.251334 0.538178 0.804485
vn -0.507713 -0.550125 0.663016
vn -0.258734 -0.095522 0.961214
vn -0.348969 -0.390027 0.852115
vn -0.735325 -0.614457 0.285900
vn -0.374947 0.828708 0.415522
vn -0.563430 0.822075 0.082088
vn -0.319077 -0.382215 0.867238
vn -0.261482 -0.598871 0.756955
vn -0.141988 -0.714691 0.684877
vn -0.104751 -0.795786 0.596449
vn 0.074495 -0.832244 0.549382
vn 0.087571 -0.828107 0.553688
vn -0.109158 -0.821586 0.559537
vn 0.079474 -0.782066 0.618107
vn 0.298859 -0.797348 0.524328
vn 0.299883 -0.736850 0.605906
vn 0.289660 -0.625355 0.724588
vn 0.508680 -0.648530 0.566263
vn 0.497030 -0.537448 0.681257
vn 0.468536 -0.378762 0.798131
vn 0.271884 -0.452896 0.849096
vn 0.414930 -0.190445 0.889699
vn 0.245500 -0.260487 0.933743
vn 0.337503 -0.016389 0.941182
vn 0.202115 -0.098352 0.974411
vn 0.243160 0.129058 0.961362
vn 0.131966 0.033095 0.990702
vn 0.377969 0.245635 0.892638
vn 0.522602 0.370674 0.767781
vn 0.683984 -0.406463 0.605767
vn 0.859658 0.370418 -0.351821
vn 0.769013 0.343207 -0.539285
vn 0.788691 0.325864 -0.521324
vn 0.775238 0.357639 -0.520673
vn 0.847318 0.410909 -0.336461
vn 0.731533 0.427827 -0.530871
vn 0.803777 0.488607 -0.339419
vn 0.687499 0.288659 -0.666350
vn 0.706454 0.266213 -0.655784
vn 0.618983 0.194689 -0.760892
vn 0.591102 0.209838 -0.778824
vn 0.520094 0.114830 -0.846355
vn 0.483975 0.125976 -0.865967
vn 0.395448 0.035936 -0.917785
vn 0.359021 0.047648 -0.932113
vn 0.232902 -0.021725 -0.972257
vn 0.210985 -0.008476 -0.977453
vn 0.042511 -0.035732 -0.998457
vn 0.045019 -0.026291 -0.998640
vn 0.043713 0.003903 -0.999037
vn -0.123048 0.003792 -0.992393
vn -0.093377 0.026371 -0.995282
vn -0.063120 0.052220 -0.996639
vn -0.277587 0.084806 -0.956950
vn -0.148876 0.000949 -0.988855
vn -0.327111 0.080692 -0.941535
vn -0.487562 0.199503 -0.849989
vn -0.415282 0.215462 -0.883808
vn -0.347677 0.113657 -0.930700
vn -0.517411 0.212726 -0.828875
vn -0.328688 0.212673 -0.920182
vn -0.171781 0.152206 -0.973306
vn -0.134751 0.340887 -0.930397
vn -0.274761 0.391520 -0.878190
vn -0.167658 0.040369 -0.985018
vn 0.031935 -0.005891 -0.999473
vn 0.246371 -0.001480 -0.969175
vn 0.422321 0.061741 -0.904341
vn 0.536000 0.148255 -0.831098
vn 0.513381 0.241635 -0.823440
vn 0.577657 0.314282 -0.753352
vn 0.470042 0.449929 -0.759358
vn 0.410071 0.392642 -0.823209
vn 0.619140 0.226919 -0.751781
vn 0.694315 0.291670 -0.657917
vn 0.640302 0.369790 -0.673252
vn 0.525651 0.496119 -0.691055
vn 0.342296 0.642743 -0.685357
vn 0.290498 0.596163 -0.748465
vn 0.072781 0.709318 -0.701121
vn 0.017541 0.637836 -0.769972
vn 0.224936 0.540040 -0.811024
vn -0.057226 0.523134 -0.850327
vn -0.179964 0.697351 -0.693769
vn -0.218764 0.575463 -0.788026
vn -0.152880 0.781644 -0.604699
vn -0.133813 0.637452 -0.758781
vn -0.041012 0.785210 -0.617869
vn -0.028730 0.649137 -0.760129
vn -0.007535 0.499663 -0.866187
vn 0.030622 0.653769 -0.756074
vn 0.047511 0.515330 -0.855673
vn 0.064964 0.363546 -0.929309
vn 0.014931 0.339826 -0.940370
vn 0.068567 0.199446 -0.977507
vn 0.021492 0.182989 -0.982880
vn 0.033501 0.027469 -0.999061
vn -0.011358 0.040881 -0.999099
vn -0.054257 0.064753 -0.996425
vn -0.067652 -0.138892 -0.987994
vn 0.064904 0.037251 -0.997196
vn -0.032984 -0.174727 -0.984064
vn -0.225184 -0.361059 -0.904947
vn -0.248609 -0.275556 -0.928581
vn -0.465273 -0.457106 -0.758007
vn -0.471271 -0.346565 -0.811046
vn -0.676122 -0.450730 -0.582839
vn -0.675195 -0.338942 -0.655157
vn -0.671599 -0.184225 -0.717646
vn -0.828175 -0.284498 -0.482894
vn -0.825418 -0.131856 -0.548907
vn -0.804105 0.052065 -0.592203
vn -0.658583 0.004137 -0.752497
vn -0.761057 0.227160 -0.607610
vn -0.631796 0.181241 -0.753649
vn -0.707354 0.361811 -0.607242
vn -0.595230 0.309607 -0.741515
vn -0.469052 0.261414 -0.843595
vn -0.557994 0.396298 -0.729103
vn -0.447991 0.341559 -0.826221
vn -0.328947 0.282897 -0.900979
vn -0.335578 0.214681 -0.917224
vn -0.210106 0.210198 -0.954816
vn -0.213851 0.162983 -0.963174
vn -0.105807 0.111583 -0.988106
vn -0.119417 0.094431 -0.988343
vn -0.122257 0.073896 -0.989744
vn -0.108789 0.056296 -0.992469
vn -0.056465 0.003039 -0.998400
vn -0.067922 0.016660 -0.997552
vn -0.064813 0.025431 -0.997573
vn -0.045407 -0.051429 -0.997644
vn -0.041318 -0.019054 -0.998964
vn -0.027372 0.000066 -0.999625
vn -0.010636 0.008555 -0.999907
vn -0.038591 -0.059822 -0.997463
vn -0.014226 -0.031772 -0.999394
vn -0.052179 -0.082395 -0.995233
vn -0.009673 -0.052804 -0.998558
vn -0.069975 -0.084074 -0.994000
vn -0.094009 -0.141148 -0.985515
vn -0.141879 -0.136343 -0.980449
vn -0.183306 -0.111447 -0.976718
vn -0.285926 -0.186026 -0.940022
vn -0.342099 -0.142709 -0.928764
vn -0.213977 -0.077756 -0.973739
vn -0.381991 -0.110317 -0.917558
vn -0.235981 -0.047427 -0.970600
vn -0.405869 -0.108473 -0.907471
vn -0.254258 -0.038901 -0.966354
vn -0.401793 -0.157332 -0.902114
vn -0.520724 -0.183011 -0.833879
vn -0.502922 -0.187124 -0.843833
vn -0.609289 -0.260738 -0.748854
vn -0.460309 -0.227465 -0.858123
vn -0.571784 -0.312219 -0.758672
vn -0.675785 -0.384521 -0.628855
vn -0.505387 -0.391541 -0.768947
vn -0.612862 -0.477724 -0.629427
vn -0.515137 -0.588364 -0.623267
vn -0.614693 -0.659639 -0.432469
vn -0.381291 -0.704007 -0.599159
vn -0.483207 -0.778863 -0.399855
vn -0.559846 -0.810579 -0.171854
vn -0.345908 -0.869130 -0.353497
vn -0.410802 -0.901560 -0.135760
vn -0.437847 -0.894090 0.094308
vn -0.598243 -0.797886 0.074042
vn -0.420539 -0.849718 0.318004
vn -0.257860 -0.920206 0.294497
vn -0.357172 -0.772498 0.525048
vn -0.256877 -0.670301 0.696212
vn -0.135062 -0.539678 0.830967
vn -0.022453 -0.386777 0.921900
vn 0.052853 -0.242819 0.968631
vn 0.088307 -0.121506 0.988655
vn 0.080320 -0.051327 0.995447
vn -0.120365 -0.956595 0.265401
vn -0.251256 -0.797780 -0.548104
vn -0.164743 -0.856640 -0.488905
vn -0.085708 -0.746736 -0.659576
vn -0.067508 -0.777955 -0.624683
vn -0.112718 -0.887018 -0.447764
vn -0.022717 -0.601676 -0.798417
vn -0.041612 -0.641698 -0.765828
vn -0.129003 -0.652273 -0.746926
vn -0.029836 -0.496211 -0.867689
vn -0.144801 -0.521529 -0.840857
vn -0.300333 -0.511976 -0.804786
vn -0.274005 -0.644731 -0.713613
vn -0.440517 -0.483378 -0.756499
vn -0.408974 -0.638066 -0.652389
vn -0.538769 -0.450810 -0.711687
vn -0.562668 -0.232473 -0.793323
vn -0.629710 -0.170105 -0.757977
vn -0.607626 -0.407155 -0.681920
vn -0.469047 -0.293534 -0.832966
vn -0.481628 -0.072177 -0.873399
vn -0.557747 0.001795 -0.830009
vn -0.333289 -0.353819 -0.873916
vn -0.163967 -0.377803 -0.911252
vn -0.028491 -0.339413 -0.940206
vn 0.028072 -0.272377 -0.961781
vn -0.005780 -0.081621 -0.996647
vn 0.017977 -0.441781 -0.896943
vn 0.027517 -0.209848 -0.977347
vn -0.003103 -0.154046 -0.988059
vn -0.031573 -0.014781 -0.999392
vn -0.008688 -0.039601 -0.999178
vn -0.093905 0.119968 -0.988327
vn -0.098071 0.111754 -0.988885
vn -0.208231 0.242513 -0.947537
vn -0.225386 0.253274 -0.940773
vn -0.326550 0.324906 -0.887582
vn -0.344184 0.332541 -0.878040
vn -0.390160 0.285293 -0.875433
vn -0.443301 0.387850 -0.808119
vn -0.475257 0.334254 -0.813883
vn -0.522042 0.204594 -0.828017
vn -0.451296 0.144505 -0.880597
vn -0.546345 0.388405 -0.742057
vn -0.581596 0.267417 -0.768267
vn -0.616814 0.072627 -0.783751
vn -0.636637 0.341554 -0.691400
vn -0.670022 0.154250 -0.726139
vn -0.691617 -0.094310 -0.716081
vn -0.724443 0.253021 -0.641220
vn -0.761718 -0.002735 -0.647903
vn -0.780538 -0.243990 -0.575525
vn -0.682659 -0.336847 -0.648469
vn -0.779332 -0.395761 -0.485814
vn -0.912104 -0.232267 -0.337815
vn -0.918005 -0.290893 -0.269532
vn -0.773290 -0.476685 -0.418084
vn -0.910360 -0.356729 -0.209738
vn -0.765135 -0.544500 -0.343641
vn -0.864915 -0.482289 -0.138996
vn -0.707636 -0.669629 -0.225495
vn -0.565869 -0.820108 -0.084942
vn -0.401025 -0.914066 0.060520
vn -0.264628 -0.964271 0.012404
vn -0.298910 -0.935197 0.189895
vn -0.177492 -0.976866 0.119291
vn -0.097137 -0.993792 0.054238
vn -0.165518 -0.984658 -0.055249
vn -0.071594 -0.997434 0.000584
vn -0.129935 -0.983104 -0.128930
vn -0.154639 -0.972631 -0.173423
vn -0.180010 -0.961339 -0.208382
vn -0.045626 -0.988762 0.142364
vn -0.021197 -0.993497 0.111871
vn -0.131608 -0.970867 0.200241
vn -0.262626 -0.925092 0.274284
vn -0.449874 -0.824144 0.344095
vn -0.696477 -0.619306 0.362464
vn -0.664068 -0.641389 0.384232
vn -0.869329 -0.381841 0.313790
vn -0.830510 -0.435578 0.347167
vn -0.636091 -0.657543 0.403764
vn -0.899965 -0.326438 0.288965
vn -0.790606 -0.459589 0.404624
vn -0.618821 -0.645280 0.447967
vn -0.748687 -0.438425 0.497244
vn -0.600786 -0.599244 0.529115
vn -0.454941 -0.707419 0.540914
vn -0.577143 -0.517405 0.631821
vn -0.432086 -0.632424 0.642917
vn -0.286077 -0.687780 0.667172
vn -0.330604 -0.761460 0.557566
vn -0.133189 -0.696230 0.705354
vn -0.202071 -0.776021 0.597460
vn 0.046893 -0.676277 0.735153
vn -0.024481 -0.771828 0.635360
vn 0.243384 -0.632672 0.735180
vn 0.171432 -0.752411 0.635994
vn 0.433064 -0.560334 0.706032
vn 0.343935 -0.709997 0.614502
vn 0.261758 -0.848132 0.460601
vn 0.193200 -0.935293 0.296482
vn 0.602131 -0.459451 0.652950
vn 0.509231 -0.415727 0.753562
vn 0.672753 -0.294358 0.678791
vn 0.774270 -0.172908 0.608777
vn 0.728815 -0.365000 0.579313
vn 0.797393 -0.098994 0.595286
vn 0.777800 -0.327769 0.536278
vn 0.751375 -0.076819 0.655389
vn 0.743428 -0.341281 0.575189
vn 0.666189 -0.593128 0.452096
vn 0.720579 -0.139352 0.679225
vn 0.561209 -0.278203 0.779517
vn 0.580169 -0.150186 0.800530
vn 0.743179 -0.009387 0.669027
vn 0.386157 -0.222260 0.895256
vn 0.349293 -0.049697 0.935695
vn 0.370727 -0.369604 0.852029
vn 0.189605 -0.421713 0.886684
vn 0.214087 -0.240160 0.946832
vn 0.316941 -0.505259 0.802659
vn 0.125425 -0.562765 0.817046
vn -0.051530 -0.596858 0.800690
vn 0.026446 -0.456398 0.889383
vn 0.066392 -0.236986 0.969242
vn -0.219424 -0.600651 0.768812
vn -0.395040 -0.537999 0.744648
vn -0.550582 -0.389500 0.738342
vn -0.653212 -0.182914 0.734749
vn -0.566262 0.045647 0.822960
vn -0.704275 -0.351270 0.616933
vn -0.801391 -0.140266 0.581462
vn -0.705570 0.063013 0.705833
vn -0.874344 -0.225800 0.429578
vn -0.925118 -0.210399 0.316051
vn -0.973337 0.100270 0.206304
vn -0.891387 0.434179 0.130070
vn -0.957001 -0.154558 0.245479
vn -0.977793 0.152357 0.143904
vn -0.892039 0.442950 0.089788
vn -0.739115 0.666219 0.099303
vn -0.717405 0.684795 0.128005
vn -0.755211 0.647661 0.100951
vn -0.603341 0.780887 0.161849
vn -0.571045 0.806726 0.151990
vn -0.765238 0.632071 0.122052
vn -0.636619 0.747893 0.188074
vn -0.498357 0.817793 0.287846
vn -0.446031 0.860482 0.246226
vn -0.767589 0.626744 0.134157
vn -0.838108 0.541549 0.065566
vn -0.769905 0.629697 0.103575
vn -0.813103 0.581399 -0.028972
vn -0.773054 0.634234 0.011587
vn -0.778463 0.600275 -0.183480
vn -0.762313 0.631820 -0.140290
vn -0.771187 0.629830 -0.092656
vn -0.812995 0.580290 -0.047973
vn -0.727931 0.607167 -0.318535
vn -0.748687 0.599584 -0.282785
vn -0.795110 0.549892 -0.255772
vn -0.858359 0.455846 -0.235424
vn -0.875922 0.482261 -0.013612
vn -0.694284 0.553401 -0.460127
vn -0.738460 0.505533 -0.446220
vn -0.798245 0.413576 -0.437905
vn -0.860912 0.277006 -0.426729
vn -0.923241 0.318600 -0.214756
vn -0.656285 0.451802 -0.604289
vn -0.619627 0.497754 -0.606880
vn -0.532840 0.441188 -0.722104
vn -0.604057 0.499651 -0.620857
vn -0.528113 0.441432 -0.725420
vn -0.435615 0.385736 -0.813294
vn -0.611016 0.452000 -0.649889
vn -0.672316 0.558852 -0.485463
vn -0.672647 0.520721 -0.525733
vn -0.691968 0.426743 -0.582299
vn -0.730056 0.578208 -0.364272
vn -0.750374 0.505798 -0.425566
vn -0.813556 0.534721 -0.228474
vn -0.868459 0.492479 -0.056951
vn -0.907936 0.417078 0.041211
vn -0.970421 0.241065 -0.013054
vn -0.993574 -0.062883 -0.094106
vn -0.988622 -0.000409 -0.150424
vn -0.989761 -0.133054 -0.051670
vn -0.967211 -0.253968 -0.001964
vn -0.971670 0.144251 -0.187214
vn -0.985266 0.165504 0.043120
vn -0.939071 0.343360 0.015815
vn -0.909378 0.103656 -0.402850
vn -0.929268 -0.077127 -0.361265
vn -0.987374 -0.039315 -0.153453
vn -0.997632 -0.024891 0.064109
vn -0.942494 -0.215458 0.255504
vn -0.961199 -0.036704 0.273402
vn -0.948572 0.164070 0.270726
vn -0.881021 -0.074126 0.467234
vn -0.863751 0.137016 0.484934
vn -0.815540 0.336078 0.471112
vn -0.903584 0.350496 0.246348
vn -0.739090 0.087780 0.667862
vn -0.685256 0.295830 0.665514
vn -0.588965 0.029942 0.807604
vn -0.534906 0.242020 0.809508
vn -0.460752 0.434076 0.774135
vn -0.374408 0.186184 0.908380
vn -0.299396 0.377091 0.876450
vn -0.203440 0.549163 0.810575
vn -0.368044 0.608849 0.702742
vn -0.097227 0.690931 0.716352
vn -0.265328 0.747006 0.609576
vn 0.000472 0.794760 0.606924
vn -0.175712 0.839770 0.513723
vn -0.343177 0.848095 0.403689
vn -0.108428 0.900286 0.421578
vn -0.281525 0.898347 0.337220
vn -0.067902 0.934404 0.349684
vn -0.240015 0.926404 0.290117
vn -0.405701 0.886763 0.221492
vn -0.218878 0.934186 0.281759
vn -0.377502 0.896386 0.232346
vn -0.540583 0.822664 0.176052
vn -0.364912 0.881794 0.298796
vn -0.517770 0.815525 0.258520
vn -0.374056 0.819861 0.433486
vn -0.522548 0.738168 0.426675
vn -0.398823 0.685146 0.609520
vn -0.554630 0.552048 0.622598
vn -0.414700 0.484200 0.770438
vn -0.578323 0.301529 0.758039
vn -0.401169 0.254714 0.879878
vn -0.245754 0.573118 0.781754
vn -0.203313 0.344956 0.916335
vn -0.098262 0.587448 0.803274
vn -0.041014 0.325337 0.944708
vn 0.034489 0.042135 0.998516
vn 0.098867 0.260550 0.960385
vn 0.179231 -0.012944 0.983722
vn 0.261296 0.184432 0.947475
vn 0.190196 0.521501 0.831783
vn 0.382957 0.474692 0.792471
vn 0.033668 0.562526 0.826094
vn 0.027956 0.785659 0.618028
vn 0.192422 0.768990 0.609614
vn -0.109051 0.781785 0.613937
vn -0.089261 0.888502 0.450108
vn 0.059035 0.889986 0.452149
vn -0.248089 0.754734 0.607312
vn -0.230601 0.866581 0.442562
vn -0.216917 0.918828 0.329700
vn -0.066239 0.934555 0.349598
vn -0.055651 0.946119 0.319002
vn 0.120761 0.932141 0.341364
vn 0.094835 0.928825 0.358178
vn 0.319940 0.881669 0.346841
vn 0.275299 0.891168 0.360597
vn 0.232156 0.859097 0.456132
vn 0.322853 0.841761 0.432672
vn 0.117630 0.910086 0.397374
vn 0.075470 0.865492 0.495205
vn 0.268330 0.785394 0.557813
vn 0.179330 0.710766 0.680186
vn 0.350092 0.582175 0.733831
vn 0.220982 0.490291 0.843079
vn 0.345277 0.342352 0.873830
vn 0.495650 0.402975 0.769378
vn 0.068717 0.605645 0.792762
vn -0.046334 0.470287 0.881296
vn 0.091116 0.375017 0.922529
vn -0.014492 0.243898 0.969693
vn 0.081776 0.174566 0.981244
vn 0.196105 0.264085 0.944353
vn -0.146007 0.312016 0.938791
vn -0.217346 0.136935 0.966442
vn -0.081242 0.098436 0.991822
vn -0.100392 -0.056663 0.993333
vn 0.001376 -0.046330 0.998925
vn 0.016405 0.068149 0.997540
vn -0.250587 -0.051258 0.966736
vn -0.237818 -0.244031 0.940155
vn -0.064955 -0.212057 0.975096
vn -0.422541 -0.020815 0.906105
vn -0.435551 -0.233205 0.869432
vn -0.612184 -0.188433 0.767935
vn -0.603216 -0.389460 0.696026
vn -0.578175 -0.558066 0.595211
vn -0.762357 -0.129475 0.634073
vn -0.754142 -0.326189 0.569975
vn -0.731339 -0.476987 0.487469
vn -0.720996 -0.560072 0.408024
vn -0.575419 -0.658159 0.485509
vn -0.866849 -0.263772 0.423081
vn -0.837485 -0.405605 0.366200
vn -0.815972 -0.482569 0.318304
vn -0.817968 -0.491780 0.298464
vn -0.741476 -0.568745 0.356009
vn -0.908060 -0.351606 0.227599
vn -0.878907 -0.427687 0.211201
vn -0.870557 -0.439582 0.221130
vn -0.879095 -0.398448 0.261592
vn -0.841323 -0.439145 0.315160
vn -0.910963 -0.393862 0.122554
vn -0.917258 -0.358912 0.172686
vn -0.944439 -0.328135 0.019038
vn -0.959774 -0.273991 0.061340
vn -0.972535 -0.221817 -0.070520
vn -0.991547 -0.124784 -0.035534
vn -0.993165 0.057768 -0.101424
vn -0.974794 0.221819 -0.023949
vn -0.986656 -0.072097 -0.145983
vn -0.969554 0.105206 -0.221126
vn -0.957856 0.240217 -0.157501
vn -0.970585 -0.163810 -0.176439
vn -0.965586 0.002943 -0.260066
vn -0.908913 0.199160 -0.366349
vn -0.906327 0.286489 -0.310637
vn -0.950070 -0.231790 -0.208901
vn -0.954489 -0.077852 -0.287905
vn -0.906415 0.128593 -0.402338
vn -0.764385 0.344383 -0.545083
vn -0.776145 0.392317 -0.493646
vn -0.933337 -0.157841 -0.322441
vn -0.900141 0.057838 -0.431742
vn -0.748936 0.301201 -0.590231
vn -0.492718 0.462157 -0.737319
vn -0.537050 0.502253 -0.677731
vn -0.297447 0.570738 -0.765365
vn -0.337190 0.628381 -0.701027
vn -0.569936 0.542996 -0.616708
vn -0.243237 0.503833 -0.828848
vn -0.063385 0.480035 -0.874957
vn -0.109252 0.576868 -0.809498
vn -0.184832 0.399957 -0.897703
vn -0.016485 0.347294 -0.937611
vn 0.068662 0.282209 -0.956893
vn 0.040267 0.435837 -0.899124
vn -0.170124 0.211690 -0.962416
vn 0.000712 0.152137 -0.988359
vn 0.064087 0.080404 -0.994700
vn 0.090135 0.230600 -0.968865
vn -0.018087 -0.169904 -0.985295
vn -0.219568 -0.409510 -0.885490
vn -0.480239 -0.524369 -0.703141
vn -0.735080 -0.477094 -0.481703
vn -0.691984 -0.503601 -0.517247
vn -0.853442 -0.386060 -0.350135
vn -0.826144 -0.431612 -0.362211
vn -0.822430 -0.391884 -0.412353
vn -0.916888 -0.300219 -0.263030
vn -0.886595 -0.254554 -0.386202
vn -0.781980 -0.346484 -0.518127
vn 0.078644 0.394652 -0.915459
vn 0.055763 0.534379 -0.843404
vn 0.007040 0.557686 -0.830022
vn 0.036943 0.658109 -0.752016
vn -0.017284 0.662638 -0.748740
vn -0.141775 0.659325 -0.738370
vn -0.026578 0.760516 -0.648775
vn -0.157050 0.738941 -0.655211
vn -0.363801 0.688726 -0.627141
vn -0.153051 0.820899 -0.550182
vn -0.377880 0.756214 -0.534178
vn -0.616346 0.653328 -0.439637
vn -0.595988 0.592576 -0.541897
vn -0.782851 0.534380 -0.318719
vn -0.784582 0.453637 -0.422663
vn -0.888604 0.400293 -0.223939
vn -0.745821 0.641876 -0.178175
vn -0.835338 0.539629 -0.104931
vn -0.913981 0.401135 -0.061070
vn -0.925070 0.366450 0.099803
vn -0.886101 0.406980 0.221794
vn -0.883224 0.351877 0.309995
vn -0.810469 0.502726 0.300678
vn -0.881127 0.282865 0.378949
vn -0.795302 0.450157 0.406021
vn -0.855010 0.248998 0.454926
vn -0.731098 0.427915 0.531398
vn -0.790487 0.245730 0.561022
vn -0.813598 0.089626 0.574479
vn -0.682704 0.246159 0.687983
vn -0.697448 0.104748 0.708939
vn -0.684890 -0.002629 0.728642
vn -0.816307 -0.035155 0.576548
vn -0.517098 0.080737 0.852110
vn -0.467670 -0.031422 0.883344
vn -0.259047 0.022595 0.965600
vn -0.190550 -0.103788 0.976176
vn -0.124361 -0.253073 0.959421
vn 0.115868 -0.156505 0.980857
vn 0.142116 -0.312281 0.939300
vn 0.140875 -0.475810 0.868193
vn -0.111227 -0.433940 0.894049
vn 0.092400 -0.614718 0.783316
vn -0.178952 -0.578613 0.795728
vn -0.565235 -0.530897 0.631393
vn -0.776776 -0.427071 0.462849
vn -0.754157 -0.380715 0.535073
vn -0.756600 -0.516771 0.400629
vn -0.691789 -0.618578 0.372544
vn -0.786225 -0.512106 0.345830
vn -0.619073 -0.672627 0.405366
vn -0.426325 -0.778974 0.459833
vn 0.347900 -0.482885 0.803609
vn 0.303094 -0.612434 0.730108
vn 0.509018 -0.457007 0.729414
vn 0.463880 -0.572806 0.675802
vn 0.365759 -0.663997 0.652172
vn 0.601842 -0.488948 0.631440
vn 0.489033 -0.563757 0.665601
vn 0.541576 -0.294234 0.787478
vn 0.369146 -0.323307 0.871323
vn 0.390831 -0.152593 0.907726
vn 0.588309 -0.101575 0.802232
vn 0.637047 0.085598 0.766057
vn 0.759167 0.144714 0.634605
vn 0.425495 0.016900 0.904803
vn 0.650993 0.279776 0.705644
vn 0.091139 -0.013890 0.995741
vn 0.569433 0.492477 0.658188
vn 0.685890 0.493778 0.534545
vn 0.752946 0.317470 0.576442
vn 0.749067 0.482977 0.453466
vn 0.808777 0.323467 0.491171
vn 0.832175 0.163333 0.529912
vn 0.826518 0.308386 0.470920
vn 0.856135 0.137292 0.498180
vn 0.802942 0.289549 0.521005
vn 0.770710 0.471851 0.428207
vn 0.753034 0.467701 0.462813
vn 0.691954 0.475882 0.542896
vn 0.724930 0.286802 0.626276
vn 0.589729 0.496427 0.637008
vn 0.602545 0.305565 0.737272
vn 0.454863 0.519032 0.723675
vn 0.460552 0.329156 0.824347
vn 0.437840 0.157326 0.885181
vn 0.388907 0.014712 0.921160
vn 0.300230 0.338347 0.891842
vn 0.290584 0.175402 0.940636
vn 0.264434 0.051321 0.963037
vn 0.223052 -0.023946 0.974512
vn 0.315015 -0.076166 0.946025
vn 0.142831 0.166308 0.975675
vn 0.144396 0.056193 0.987923
vn 0.133296 -0.005010 0.991064
vn 0.111161 -0.022456 0.993549
vn 0.171612 -0.048931 0.983949
vn 0.229417 -0.105702 0.967572
vn 0.161401 -0.164233 0.973128
vn 0.269217 -0.192197 0.943707
vn 0.128735 -0.252036 0.959117
vn 0.262884 -0.307544 0.914499
vn 0.084504 -0.104720 0.990905
vn 0.039270 -0.158282 0.986613
vn 0.051646 -0.031953 0.998154
vn 0.073089 0.019048 0.997143
vn 0.068178 0.041906 0.996793
vn 0.137913 0.042893 0.989515
vn 0.135271 0.105216 0.985206
vn 0.290322 0.527194 0.798611
vn 0.415621 0.703491 0.576506
vn 0.254598 0.716324 0.649662
vn 0.536768 0.676147 0.504684
vn 0.443213 0.825196 0.350162
vn 0.623867 0.649755 0.434290
vn 0.516783 0.798779 0.308037
vn 0.361205 0.914553 0.181999
vn 0.308893 0.929829 0.200007
vn 0.144464 0.985908 0.084358
vn 0.134967 0.986804 0.089452
vn -0.129253 0.990745 0.041460
vn -0.085557 0.995656 0.036727
vn -0.037133 0.998839 0.030694
vn -0.126519 0.991292 -0.036503
vn 0.006319 0.999731 -0.022331
vn -0.044919 0.983317 -0.176268
vn 0.030948 0.989143 -0.143660
vn -0.016027 0.933457 -0.358332
vn 0.037151 0.948184 -0.315542
vn 0.037041 0.961382 -0.272714
vn -0.024950 0.972480 -0.231647
vn 0.031903 0.871860 -0.488714
vn 0.024359 0.886622 -0.461853
vn -0.040666 0.897814 -0.438492
vn -0.154711 0.897857 -0.412209
vn -0.139062 0.971444 -0.192247
vn 0.021948 0.779686 -0.625786
vn 0.029020 0.771386 -0.635705
vn -0.021602 0.853434 -0.520753
vn 0.145194 0.984542 0.097955
vn -0.177428 0.980527 0.084182
vn -0.471765 0.871468 0.134092
vn -0.502569 0.823511 0.263161
vn -0.684396 0.645760 0.338522
vn -0.680767 0.700927 0.212738
vn -0.427350 0.789486 0.440549
vn -0.614853 0.617687 0.490325
vn -0.209476 0.779786 0.589961
vn -0.454562 0.625572 0.634061
vn -0.612804 0.429233 0.663499
vn -0.213842 0.646155 0.732636
vn -0.439938 0.436213 0.784967
vn -0.526506 0.226216 0.819523
vn 0.080568 0.757444 0.647910
vn 0.362549 0.668976 0.648867
vn 0.342152 0.776057 0.529781
vn 0.546613 0.654543 0.522291
vn 0.513044 0.761256 0.396580
vn 0.649564 0.632229 0.422318
vn 0.574636 0.759344 0.305270
vn 0.686900 0.623556 0.373291
vn 0.563415 0.775653 0.284473
vn 0.674980 0.630840 0.382680
vn 0.399687 0.899066 0.178694
vn -0.033482 -0.099381 -0.994486
vn -0.056039 -0.111580 -0.992174
vn -0.393482 -0.287295 -0.873289
vn 0.005780 0.012533 -0.999905
vn -0.820718 0.510129 0.257273
vn -0.804207 0.578384 0.136833
vn -0.034312 0.151279 0.987895
vn -0.101875 0.275000 0.956032
vn -0.165003 0.212855 0.963051
vn -0.018991 0.305710 0.951935
vn -0.033758 0.453236 0.890751
vn -0.172863 0.405148 0.897760
vn -0.226425 0.501632 0.834924
vn -0.367913 0.391997 0.843195
vn -0.282310 0.314667 0.906248
vn -0.045649 0.565487 0.823493
vn -0.059626 0.613331 0.787572
vn -0.253136 0.531502 0.808349
vn 0.157735 0.560420 0.813049
vn 0.180001 0.617143 0.765985
vn 0.396412 0.521239 0.755756
vn 0.540882 0.369694 0.755495
vn 0.527186 0.341957 0.777908
vn 0.409867 0.256998 0.875192
vn 0.630928 0.195365 0.750841
vn 0.612112 0.188572 0.767958
vn 0.491180 0.126967 0.861755
vn 0.309837 0.020157 0.950576
vn 0.213135 0.150785 0.965317
vn 0.011994 0.055881 0.998365
vn -0.108227 0.184682 0.976821
vn 0.130717 -0.082092 0.988015
vn -0.169674 -0.046461 0.984404
vn 0.229595 -0.261833 0.937406
vn 0.288763 -0.431576 0.854610
vn 0.315527 -0.507907 0.801544
vn 0.129645 -0.561545 0.817227
vn 0.131015 -0.533152 0.835813
vn -0.050695 -0.519880 0.852733
vn -0.076524 -0.553254 0.829490
vn 0.313809 -0.490581 0.812929
vn 0.272826 -0.414154 0.868356
vn 0.121558 -0.446362 0.886557
vn 0.486669 -0.388265 0.782562
vn 0.416299 -0.328993 0.847619
vn 0.619847 -0.214705 0.754779
vn 0.667140 -0.002673 0.744927
vn 0.095459 -0.322725 0.941667
vn -0.001032 -0.310197 0.950672
vn -0.022691 -0.432366 0.901413
vn -0.083534 -0.271893 0.958695
vn -0.147144 -0.378889 0.913669
vn -0.210193 -0.454850 0.865408
vn -0.244506 -0.297630 0.922840
vn -0.331860 -0.354700 0.874104
vn -0.385524 -0.362596 0.848466
vn -0.260125 -0.476416 0.839859
vn -0.388515 -0.301918 0.870575
vn -0.472318 -0.237133 0.848931
vn -0.454137 -0.177116 0.873149
vn -0.378420 -0.055415 0.923974
vn -0.315963 -0.178080 0.931909
vn -0.260922 0.078435 0.962168
vn -0.327702 0.224069 0.917826
vn -0.207670 0.338409 0.917798
vn -0.377087 0.356796 0.854694
vn -0.253670 0.475241 0.842495
vn -0.398439 0.415842 0.817509
vn -0.466739 0.248056 0.848895
vn -0.508264 0.079291 0.857543
vn -0.380112 0.062889 0.922800
vn -0.354122 0.194553 0.914739
vn -0.206596 0.128375 0.969968
vn -0.485634 -0.089832 0.869534
vn -0.361809 -0.072623 0.929419
vn -0.421103 -0.234332 0.876220
vn -0.314443 -0.197318 0.928542
vn -0.145864 -0.214741 0.965717
vn -0.063502 -0.129190 0.989585
vn -0.034299 -0.161736 0.986238
vn -0.009330 -0.067980 0.997643
vn -0.018238 -0.060719 0.997988
vn 0.008855 -0.183780 0.982927
vn 0.007370 -0.075058 0.997152
vn -0.001427 0.010401 0.999945
vn -0.010003 0.085327 0.996303
vn -0.785641 -0.613582 0.079279
vn -0.936095 -0.332762 0.114002
vn -0.774888 -0.625300 0.092460
vn -0.520134 -0.847696 0.104266
vn -0.762305 -0.634204 0.129139
vn -0.490656 -0.855377 0.166092
vn -0.212232 -0.953297 0.214898
vn -0.242659 -0.960064 0.139258
vn 0.028229 -0.964019 0.264329
vn 0.007749 -0.982520 0.185994
vn -0.188096 -0.929234 0.318031
vn 0.041103 -0.930622 0.363665
vn 0.226066 -0.886206 0.404391
vn 0.035021 -0.876236 0.480608
vn 0.221976 -0.829976 0.511729
vn -0.006836 -0.790846 0.611977
vn 0.203701 -0.753555 0.625029
vn -0.185841 -0.872488 0.451915
vn -0.231678 -0.753754 0.614964
vn -0.323074 -0.538000 0.778575
vn -0.456559 -0.652658 0.604642
vn -0.527829 -0.372503 0.763307
vn -0.566794 -0.055548 0.821985
vn -0.377533 -0.236776 0.895213
vn -0.530498 0.200156 0.823717
vn -0.331389 0.025437 0.943151
vn -0.448372 0.384287 0.807023
vn -0.233569 0.186397 0.954307
vn 0.047824 -0.014955 0.998744
vn 0.343484 -0.049873 0.937834
vn 0.277048 -0.198637 0.940100
vn 0.381457 0.184436 0.905800
vn 0.349727 0.458956 0.816731
vn -0.556276 0.517642 0.650080
vn -0.406962 0.655347 0.636319
vn -0.656532 0.351350 0.667472
vn -0.735285 0.443044 0.512902
vn -0.617348 0.583900 0.527202
vn -0.713474 0.136786 0.687200
vn -0.820741 0.274461 0.501054
vn -0.886887 0.311689 0.341002
vn -0.789369 0.470292 0.394615
vn -0.923202 0.282753 0.260284
vn -0.979994 0.043382 0.194240
vn -0.985924 -0.004936 0.167119
vn -0.939921 -0.298056 0.166468
vn -0.940073 -0.316755 0.126210
vn -0.740332 -0.641780 0.200065
vn -0.432357 -0.803872 0.408482
vn -0.457468 -0.849683 0.262224
vn -0.022199 -0.107462 -0.993961
vn 0.038125 0.016320 -0.999140
vn 0.061090 -0.019443 -0.997943
vn 0.016988 0.045151 -0.998836
vn 0.142264 0.166279 -0.975762
vn -0.060181 -0.107170 -0.992418
vn -0.080093 -0.116658 -0.989937
vn 0.012588 0.059955 -0.998122
vn 0.044762 0.054766 -0.997495
vn 0.194097 0.200768 -0.960218
vn 0.151948 0.202906 -0.967337
vn -0.067341 -0.141383 -0.987662
vn 0.355720 0.311043 -0.881315
vn 0.323861 0.308906 -0.894255
vn 0.314577 0.251152 -0.915404
vn 0.512903 0.374768 -0.772320
vn 0.509980 0.295104 -0.807981
vn 0.692203 0.388380 -0.608289
vn 0.692130 0.292888 -0.659676
vn 0.686171 0.156020 -0.710512
vn 0.670849 -0.016665 -0.741407
vn 0.835323 0.256649 -0.486176
vn 0.833087 0.114700 -0.541119
vn 0.813444 -0.057262 -0.578817
vn 0.774540 -0.221041 -0.592645
vn 0.645090 -0.181559 -0.742223
vn 0.933440 0.073609 -0.351101
vn 0.916850 -0.098749 -0.386827
vn 0.873995 -0.263102 -0.408546
vn 0.819525 -0.390218 -0.419653
vn 0.728312 -0.345227 -0.591929
vn 0.976777 -0.128864 -0.171172
vn 0.934615 -0.296836 -0.195918
vn 0.877958 -0.426994 -0.216484
vn 0.825298 -0.512367 -0.237408
vn 0.770702 -0.471652 -0.428443
vn 0.948736 -0.314465 0.031812
vn 0.893127 -0.449794 0.003143
vn 0.839898 -0.541756 -0.032740
vn 0.809963 -0.581315 -0.077671
vn 0.791618 -0.550609 -0.264898
vn 0.739799 -0.506726 -0.442635
vn 0.666879 -0.440290 -0.601180
vn 0.665719 -0.456663 -0.590150
vn 0.688307 -0.424023 -0.588589
vn 0.577854 -0.409082 -0.706213
vn 0.588395 -0.376419 -0.715612
vn 0.614747 -0.300043 -0.729425
vn 0.475903 -0.330716 -0.814949
vn 0.487143 -0.258169 -0.834291
vn 0.496945 -0.151846 -0.854394
vn 0.350708 -0.215951 -0.911246
vn 0.913443 -0.314343 0.258475
vn 0.988715 -0.139293 0.055138
vn 0.952750 -0.125054 0.276821
vn 0.869235 -0.079777 0.487921
vn 0.825794 -0.288172 0.484791
vn 0.739562 -0.004178 0.673075
vn 0.690732 -0.227381 0.686431
vn 0.569564 0.081124 0.817934
vn 0.527886 -0.147704 0.836373
vn 0.457581 -0.358697 0.813607
vn 0.363569 -0.552892 0.749752
vn 0.351055 -0.072692 0.933529
vn 0.288872 -0.278403 0.915994
vn 0.180798 -0.021006 0.983296
vn 0.374175 0.145447 0.915881
vn 0.175953 0.167022 0.970126
vn 0.021243 0.144356 0.989298
vn 0.572498 0.313128 0.757757
vn 0.755778 0.221074 0.616381
vn 0.881011 0.134172 0.453671
vn 0.864928 0.316032 0.389902
vn 0.960306 0.075195 0.268621
vn 0.939503 0.247157 0.237164
vn 0.907908 0.370137 0.196729
vn 0.841444 0.438466 0.315783
vn 0.886992 0.427927 0.173562
vn 0.835612 0.482595 0.262403
vn 0.888191 0.420650 0.184850
vn 0.853682 0.454458 0.254351
vn 0.814506 0.501598 0.291513
vn 0.770910 0.561318 0.301031
vn 0.878899 0.374768 0.295103
vn 0.860220 0.392216 0.325864
vn 0.837181 0.426841 0.341958
vn 0.902081 0.363849 0.232087
vn 0.917725 0.252088 0.306973
vn 0.930289 0.339603 0.138683
vn 0.927200 0.066798 0.368561
vn 0.917847 -0.165341 0.360858
vn 0.880701 -0.435367 0.186607
vn 0.874958 -0.390829 0.285835
vn 0.872646 -0.313524 0.374423
vn 0.853401 -0.259892 0.451844
vn 0.802658 -0.257229 0.538121
vn 0.704437 -0.295841 0.645172
vn 0.754052 -0.142757 0.641113
vn 0.619014 -0.183186 0.763718
vn 0.624725 -0.061130 0.778448
vn 0.770325 -0.024528 0.637179
vn 0.556320 -0.346013 0.755502
vn 0.359575 -0.378902 0.852725
vn 0.430316 -0.181527 0.884237
vn 0.153069 -0.586143 0.795617
vn -0.397913 -0.637575 0.659669
vn -0.562197 -0.640906 0.522661
vn -0.711666 -0.473046 0.519384
vn -0.612400 -0.460036 0.642910
vn -0.786166 -0.286366 0.547665
vn -0.701397 -0.240261 0.671057
vn -0.794305 -0.107099 0.598004
vn -0.687195 -0.040759 0.725329
vn -0.505205 0.037038 0.862204
vn -0.629199 0.146031 0.763402
vn -0.451423 0.211122 0.866975
vn -0.209231 0.231556 0.950055
vn -0.208268 0.073019 0.975342
vn 0.064599 0.188490 0.979948
vn 0.124376 0.032229 0.991712
vn 0.182703 -0.128543 0.974729
vn 0.401761 -0.037415 0.914980
vn -0.181445 0.391613 0.902063
vn 0.060975 0.364580 0.929174
vn -0.118550 0.525695 0.842372
vn 0.133330 0.502622 0.854163
vn 0.508059 0.457718 0.729637
vn 0.578182 0.460470 0.673552
vn 0.760946 0.313981 0.567783
vn 0.716963 0.299256 0.629611
vn -0.340810 0.511440 0.788846
vn -0.395700 0.375935 0.837911
vn -0.568763 0.327911 0.754310
vn -0.528567 0.468931 0.707616
vn -0.651537 0.474025 0.592283
vn -0.495880 0.553418 0.669202
vn -0.577731 0.537248 0.614485
vn -0.454667 0.607831 0.651014
vn -0.835187 -0.297152 0.462778
vn -0.860789 -0.129329 0.492257
vn -0.852021 -0.282378 0.440821
vn -0.883938 -0.104381 0.455804
vn -0.830336 -0.262888 0.491358
vn -0.787699 -0.458291 0.411703
vn -0.767230 -0.468659 0.437855
vn -0.653312 -0.629046 0.421290
vn 0.922206 -0.382145 0.059177
vn 0.970965 -0.230230 -0.064971
vn 0.912206 -0.399084 -0.092804
vn 0.988273 -0.061957 -0.139564
vn 0.953294 -0.234790 -0.190010
vn 0.890356 -0.382503 -0.246896
vn 0.840703 -0.526754 -0.125494
vn 0.796864 -0.507052 -0.328492
vn 0.761089 -0.621164 -0.186813
vn 0.645782 -0.627750 -0.434621
vn 0.797936 -0.417128 -0.435089
vn 0.633507 -0.557799 -0.536218
vn 0.786809 -0.342259 -0.513605
vn 0.618945 -0.491439 -0.612695
vn 0.766300 -0.274572 -0.580856
vn 0.601932 -0.421243 -0.678405
vn 0.398575 -0.540255 -0.741123
vn 0.577753 -0.331800 -0.745728
vn 0.390282 -0.451961 -0.802129
vn 0.174118 -0.527998 -0.831205
vn 0.530459 -0.198075 -0.824244
vn 0.658132 -0.092313 -0.747222
vn 0.544640 0.072020 -0.835572
vn 0.427712 -0.017515 -0.903745
vn 0.728884 -0.199592 -0.654898
vn 0.845289 -0.053103 -0.531664
vn 0.880038 -0.109615 -0.462080
vn 0.937206 0.063908 -0.342872
vn 0.909215 0.118106 -0.399223
vn 0.897460 -0.176381 -0.404296
vn 0.953533 -0.003478 -0.301268
vn 0.964915 0.155054 -0.211890
vn 0.945386 0.213346 -0.246432
vn 0.903004 -0.265082 -0.338106
vn 0.961518 -0.100200 -0.255817
vn 0.981026 0.067591 -0.181714
vn 0.971124 0.214397 -0.104651
vn 0.990596 0.114682 -0.074610
vn 0.965072 0.260849 0.024375
vn 0.947256 0.320203 -0.013240
vn 0.919193 0.383382 0.090012
vn 0.914069 0.267705 -0.304650
vn 0.829209 0.392092 -0.398342
vn 0.828681 0.356836 -0.431227
vn 0.698541 0.425328 -0.575444
vn 0.527335 0.394751 -0.752389
vn 0.427458 0.232843 -0.873535
vn 0.291432 0.134369 -0.947107
vn 0.996489 0.048255 0.068423
vn 0.988393 0.049371 -0.143672
vn 0.030754 0.051626 -0.998193
vn -0.024831 0.234849 -0.971715
vn -0.048600 0.183172 -0.981879
vn -0.066693 0.351518 -0.933802
vn 0.105678 -0.043382 -0.993454
vn -0.668157 0.294326 0.683329
vn -0.645046 0.385346 0.659867
vn -0.601435 0.348497 0.718906
vn -0.628440 0.244739 0.738353
vn 0.888127 0.025838 0.458872
vn 0.937160 -0.160289 0.309900
vn 0.978357 -0.033784 0.204149
vn 0.940556 -0.266349 0.210745
vn 0.969725 -0.208563 0.127022
vn 0.976384 -0.214325 0.027199
vn 0.997320 0.029736 0.066842
vn 0.947224 -0.313036 -0.069096
vn 0.995525 -0.020008 -0.092351
vn 0.858647 -0.498184 -0.120574
vn 0.694387 -0.715107 -0.080304
vn 0.937069 -0.306515 0.167185
vn 0.174633 -0.009182 0.984591
vn 0.878058 -0.336178 -0.340585
vn -0.443303 0.272461 0.853960
vn 0.000000 0.000000 0.000000
# 3047 normals

vt 0.677219 0.207881 0.000000
vt 0.679400 0.202294 0.000000
vt 0.673409 0.201367 0.000000
vt 0.672751 0.209382 0.000000
vt 0.680314 0.211122 0.000000
vt 0.684968 0.204370 0.000000
vt 0.674893 0.215738 0.000000
vt 0.715030 0.226320 0.000000
vt 0.718749 0.223268 0.000000
vt 0.714260 0.220236 0.000000
vt 0.711085 0.225444 0.000000
vt 0.716795 0.231620 0.000000
vt 0.723272 0.228461 0.000000
vt 0.710244 0.233213 0.000000
vt 0.712650 0.187911 0.000000
vt 0.706001 0.197134 0.000000
vt 0.711587 0.203320 0.000000
vt 0.717642 0.198505 0.000000
vt 0.726988 0.195437 0.000000
vt 0.726133 0.185147 0.000000
vt 0.702620 0.183704 0.000000
vt 0.698501 0.192644 0.000000
vt 0.726914 0.173866 0.000000
vt 0.715762 0.174177 0.000000
vt 0.707386 0.172148 0.000000
vt 0.693097 0.132751 0.000000
vt 0.689072 0.137779 0.000000
vt 0.695712 0.142720 0.000000
vt 0.698811 0.134777 0.000000
vt 0.700763 0.125925 0.000000
vt 0.692683 0.125453 0.000000
vt 0.216046 0.999833 0.000000
vt 0.231365 0.998276 0.000000
vt 0.226501 0.977642 0.000000
vt 0.207705 0.987212 0.000000
vt 0.871597 0.063715 0.000000
vt 0.868071 0.059197 0.000000
vt 0.862235 0.067356 0.000000
vt 0.869111 0.071101 0.000000
vt 0.790490 0.502353 0.000000
vt 0.802465 0.506026 0.000000
vt 0.801769 0.489833 0.000000
vt 0.788635 0.489326 0.000000
vt 0.775910 0.489314 0.000000
vt 0.781195 0.506026 0.000000
vt 0.759479 0.169256 0.000000
vt 0.754727 0.182937 0.000000
vt 0.768157 0.190682 0.000000
vt 0.774514 0.182848 0.000000
vt 0.782080 0.176873 0.000000
vt 0.772024 0.165488 0.000000
vt 0.759085 0.148371 0.000000
vt 0.747143 0.152904 0.000000
vt 0.744241 0.094405 0.000000
vt 0.736008 0.109603 0.000000
vt 0.748334 0.117266 0.000000
vt 0.759160 0.110455 0.000000
vt 0.725488 0.091049 0.000000
vt 0.723269 0.105317 0.000000
vt 0.771143 0.106642 0.000000
vt 0.760031 0.089727 0.000000
vt 0.737519 0.074677 0.000000
vt 0.723222 0.075366 0.000000
vt 0.751137 0.072328 0.000000
vt 0.498301 0.070856 0.000000
vt 0.505171 0.092937 0.000000
vt 0.511355 0.090930 0.000000
vt 0.507040 0.074560 0.000000
vt 0.886281 0.246098 0.000000
vt 0.882224 0.253915 0.000000
vt 0.892668 0.269132 0.000000
vt 0.895794 0.263560 0.000000
vt 0.876508 0.236589 0.000000
vt 0.872429 0.244348 0.000000
vt 0.887300 0.232526 0.000000
vt 0.880483 0.226295 0.000000
vt 0.509138 0.061348 0.000000
vt 0.502911 0.055936 0.000000
vt 0.414532 0.815269 0.000000
vt 0.409598 0.816037 0.000000
vt 0.412039 0.822985 0.000000
vt 0.418009 0.819427 0.000000
vt 0.423137 0.814190 0.000000
vt 0.416500 0.810064 0.000000
vt 0.409382 0.807902 0.000000
vt 0.366933 0.769407 0.000000
vt 0.364002 0.791907 0.000000
vt 0.378655 0.793962 0.000000
vt 0.383654 0.778360 0.000000
vt 0.391497 0.767656 0.000000
vt 0.381221 0.759020 0.000000
vt 0.374105 0.747757 0.000000
vt 0.362094 0.752348 0.000000
vt 0.347829 0.771623 0.000000
vt 0.346726 0.793734 0.000000
vt 0.346720 0.754128 0.000000
vt 0.409508 0.832114 0.000000
vt 0.405441 0.826330 0.000000
vt 0.399359 0.830631 0.000000
vt 0.408270 0.837808 0.000000
vt 0.416055 0.830151 0.000000
vt 0.419542 0.837529 0.000000
vt 0.447875 0.772417 0.000000
vt 0.444176 0.768312 0.000000
vt 0.441396 0.772489 0.000000
vt 0.447567 0.775985 0.000000
vt 0.453953 0.776130 0.000000
vt 0.452120 0.770942 0.000000
vt 0.448344 0.764495 0.000000
vt 0.382343 0.911517 0.000000
vt 0.346792 0.916632 0.000000
vt 0.360364 0.948131 0.000000
vt 0.393718 0.946406 0.000000
vt 0.348596 0.878663 0.000000
vt 0.324210 0.885387 0.000000
vt 0.391433 0.887763 0.000000
vt 0.363602 0.868110 0.000000
vt 0.429098 0.946367 0.000000
vt 0.424512 0.916417 0.000000
vt 0.422744 0.893935 0.000000
vt 0.904803 0.284029 0.000000
vt 0.888070 0.273899 0.000000
vt 0.895768 0.288115 0.000000
vt 0.899291 0.298084 0.000000
vt 0.907664 0.295494 0.000000
vt 0.907664 0.275055 0.000000
vt 0.508455 0.118508 0.000000
vt 0.524458 0.125743 0.000000
vt 0.526978 0.118240 0.000000
vt 0.514021 0.110045 0.000000
vt 0.509355 0.132164 0.000000
vt 0.523816 0.134159 0.000000
vt 0.532412 0.889461 0.000000
vt 0.510885 0.871402 0.000000
vt 0.484756 0.896418 0.000000
vt 0.495603 0.921425 0.000000
vt 0.546582 0.849503 0.000000
vt 0.524452 0.842574 0.000000
vt 0.541278 0.927530 0.000000
vt 0.567986 0.908675 0.000000
vt 0.563311 0.880509 0.000000
vt 0.508463 0.955051 0.000000
vt 0.567986 0.850997 0.000000
vt 0.665248 0.013496 0.000000
vt 0.671870 0.032684 0.000000
vt 0.684656 0.029052 0.000000
vt 0.681708 0.013496 0.000000
vt 0.675556 0.506026 0.000000
vt 0.683493 0.470226 0.000000
vt 0.657462 0.462861 0.000000
vt 0.645249 0.487489 0.000000
vt 0.709696 0.505879 0.000000
vt 0.709696 0.475607 0.000000
vt 0.473310 0.984333 0.000000
vt 0.463245 0.940367 0.000000
vt 0.432164 0.982430 0.000000
vt 0.428946 0.419328 0.000000
vt 0.440171 0.423806 0.000000
vt 0.445619 0.414223 0.000000
vt 0.438893 0.409735 0.000000
vt 0.435112 0.404720 0.000000
vt 0.425977 0.409290 0.000000
vt 0.413715 0.422720 0.000000
vt 0.413567 0.437337 0.000000
vt 0.426605 0.436844 0.000000
vt 0.437748 0.438449 0.000000
vt 0.412457 0.412024 0.000000
vt 0.498600 0.422641 0.000000
vt 0.495329 0.438985 0.000000
vt 0.513013 0.444629 0.000000
vt 0.516304 0.431261 0.000000
vt 0.482474 0.422616 0.000000
vt 0.480935 0.435493 0.000000
vt 0.522242 0.417968 0.000000
vt 0.512702 0.409589 0.000000
vt 0.507458 0.398339 0.000000
vt 0.496547 0.405995 0.000000
vt 0.484735 0.409543 0.000000
vt 0.488665 0.375862 0.000000
vt 0.493131 0.371367 0.000000
vt 0.488857 0.364804 0.000000
vt 0.482255 0.373092 0.000000
vt 0.474866 0.385970 0.000000
vt 0.487133 0.384105 0.000000
vt 0.495151 0.379996 0.000000
vt 0.037923 0.614551 0.000000
vt 0.040170 0.626559 0.000000
vt 0.056474 0.620065 0.000000
vt 0.047636 0.606391 0.000000
vt 0.025005 0.608087 0.000000
vt 0.020613 0.625776 0.000000
vt 0.035583 0.593153 0.000000
vt 0.749108 0.246033 0.000000
vt 0.741721 0.237152 0.000000
vt 0.732372 0.244081 0.000000
vt 0.736675 0.253534 0.000000
vt 0.757111 0.234812 0.000000
vt 0.750415 0.227898 0.000000
vt 0.759145 0.247236 0.000000
vt 0.762634 0.240796 0.000000
vt 0.749336 0.257002 0.000000
vt 0.758199 0.253721 0.000000
vt 0.738443 0.262413 0.000000
vt 0.765135 0.249076 0.000000
vt 0.768398 0.246636 0.000000
vt 0.766343 0.253240 0.000000
vt 0.771234 0.251468 0.000000
vt 0.902247 0.472093 0.000000
vt 0.887746 0.485324 0.000000
vt 0.896738 0.498042 0.000000
vt 0.907436 0.489038 0.000000
vt 0.891092 0.462296 0.000000
vt 0.880651 0.473934 0.000000
vt 0.908138 0.454209 0.000000
vt 0.898670 0.447475 0.000000
vt 0.852697 0.144366 0.000000
vt 0.845056 0.156739 0.000000
vt 0.852320 0.164623 0.000000
vt 0.859354 0.155400 0.000000
vt 0.845670 0.139649 0.000000
vt 0.838453 0.151359 0.000000
vt 0.844087 0.422169 0.000000
vt 0.843539 0.425059 0.000000
vt 0.847765 0.425354 0.000000
vt 0.846640 0.421402 0.000000
vt 0.845323 0.418526 0.000000
vt 0.842433 0.420457 0.000000
vt 0.840292 0.423578 0.000000
vt 0.803657 0.447978 0.000000
vt 0.801040 0.469984 0.000000
vt 0.812126 0.472413 0.000000
vt 0.813916 0.455045 0.000000
vt 0.819321 0.443404 0.000000
vt 0.812414 0.434846 0.000000
vt 0.797497 0.430248 0.000000
vt 0.787115 0.433879 0.000000
vt 0.789514 0.449996 0.000000
vt 0.788234 0.470048 0.000000
vt 0.807056 0.424097 0.000000
vt 0.842372 0.406708 0.000000
vt 0.839174 0.407075 0.000000
vt 0.840432 0.410720 0.000000
vt 0.844122 0.409022 0.000000
vt 0.843091 0.403639 0.000000
vt 0.838576 0.402084 0.000000
vt 0.846358 0.405949 0.000000
vt 0.852971 0.395414 0.000000
vt 0.852587 0.399317 0.000000
vt 0.855822 0.400909 0.000000
vt 0.855907 0.395120 0.000000
vt 0.854293 0.388795 0.000000
vt 0.850889 0.391669 0.000000
vt 0.848987 0.396548 0.000000
vt 0.740963 0.348823 0.000000
vt 0.736692 0.340999 0.000000
vt 0.728478 0.348720 0.000000
vt 0.735391 0.356008 0.000000
vt 0.743720 0.359702 0.000000
vt 0.750231 0.350440 0.000000
vt 0.781398 0.218161 0.000000
vt 0.778595 0.230502 0.000000
vt 0.788007 0.231196 0.000000
vt 0.793679 0.221852 0.000000
vt 0.766052 0.227050 0.000000
vt 0.768996 0.235421 0.000000
vt 0.772316 0.209136 0.000000
vt 0.760526 0.217896 0.000000
vt 0.788628 0.208966 0.000000
vt 0.779857 0.200711 0.000000
vt 0.801491 0.213293 0.000000
vt 0.798859 0.287073 0.000000
vt 0.800756 0.290819 0.000000
vt 0.806331 0.286647 0.000000
vt 0.800818 0.281920 0.000000
vt 0.795489 0.288028 0.000000
vt 0.795861 0.292503 0.000000
vt 0.795999 0.281265 0.000000
vt 0.799248 0.207594 0.000000
vt 0.793325 0.203115 0.000000
vt 0.804085 0.228885 0.000000
vt 0.813374 0.221097 0.000000
vt 0.814795 0.205752 0.000000
vt 0.807943 0.200932 0.000000
vt 0.824545 0.212827 0.000000
vt 0.800425 0.196064 0.000000
vt 0.782903 0.244374 0.000000
vt 0.779509 0.245781 0.000000
vt 0.781960 0.250623 0.000000
vt 0.786123 0.247582 0.000000
vt 0.784633 0.238980 0.000000
vt 0.778010 0.239464 0.000000
vt 0.790885 0.243085 0.000000
vt 0.792328 0.288478 0.000000
vt 0.791516 0.281516 0.000000
vt 0.791807 0.293369 0.000000
vt 0.786461 0.283077 0.000000
vt 0.787244 0.289126 0.000000
vt 0.836682 0.237849 0.000000
vt 0.818847 0.244694 0.000000
vt 0.822307 0.253479 0.000000
vt 0.836469 0.250401 0.000000
vt 0.824138 0.228638 0.000000
vt 0.812741 0.236430 0.000000
vt 0.850941 0.252423 0.000000
vt 0.854936 0.244066 0.000000
vt 0.845825 0.228934 0.000000
vt 0.833536 0.221161 0.000000
vt 0.860133 0.236678 0.000000
vt 0.874631 0.393599 0.000000
vt 0.875470 0.401174 0.000000
vt 0.881289 0.402994 0.000000
vt 0.878744 0.391033 0.000000
vt 0.874009 0.380589 0.000000
vt 0.870889 0.390367 0.000000
vt 0.870677 0.399189 0.000000
vt 0.865486 0.377450 0.000000
vt 0.866462 0.387898 0.000000
vt 0.870475 0.363758 0.000000
vt 0.862611 0.364659 0.000000
vt 0.886163 0.390841 0.000000
vt 0.882851 0.376742 0.000000
vt 0.879850 0.361154 0.000000
vt 0.543751 0.069340 0.000000
vt 0.542963 0.071262 0.000000
vt 0.545128 0.071760 0.000000
vt 0.545577 0.069341 0.000000
vt 0.542401 0.066583 0.000000
vt 0.539923 0.068954 0.000000
vt 0.545415 0.065378 0.000000
vt 0.408823 0.720155 0.000000
vt 0.400869 0.721135 0.000000
vt 0.401108 0.730192 0.000000
vt 0.408813 0.729915 0.000000
vt 0.415295 0.731801 0.000000
vt 0.416238 0.724107 0.000000
vt 0.418273 0.719066 0.000000
vt 0.413208 0.715426 0.000000
vt 0.405222 0.712640 0.000000
vt 0.400060 0.713772 0.000000
vt 0.408629 0.710891 0.000000
vt 0.398253 0.698035 0.000000
vt 0.398865 0.701447 0.000000
vt 0.402117 0.701485 0.000000
vt 0.401683 0.697543 0.000000
vt 0.396809 0.695810 0.000000
vt 0.395002 0.700383 0.000000
vt 0.401083 0.693765 0.000000
vt 0.411370 0.703970 0.000000
vt 0.408780 0.704524 0.000000
vt 0.411394 0.708709 0.000000
vt 0.414079 0.706092 0.000000
vt 0.412263 0.701544 0.000000
vt 0.408522 0.701032 0.000000
vt 0.416456 0.703277 0.000000
vt 0.405293 0.697559 0.000000
vt 0.405833 0.694460 0.000000
vt 0.407024 0.689638 0.000000
vt 0.400104 0.687875 0.000000
vt 0.386207 0.669316 0.000000
vt 0.373988 0.683505 0.000000
vt 0.383489 0.692208 0.000000
vt 0.391619 0.684596 0.000000
vt 0.400544 0.682433 0.000000
vt 0.403377 0.672429 0.000000
vt 0.368229 0.656488 0.000000
vt 0.358745 0.673279 0.000000
vt 0.410122 0.661016 0.000000
vt 0.395881 0.652066 0.000000
vt 0.377832 0.639383 0.000000
vt 0.394515 0.691319 0.000000
vt 0.400650 0.404388 0.000000
vt 0.400650 0.413554 0.000000
vt 0.411256 0.401958 0.000000
vt 0.423056 0.242676 0.000000
vt 0.443543 0.240842 0.000000
vt 0.440114 0.227806 0.000000
vt 0.418945 0.234032 0.000000
vt 0.434007 0.262895 0.000000
vt 0.447123 0.251915 0.000000
vt 0.419957 0.255514 0.000000
vt 0.427056 0.265569 0.000000
vt 0.412460 0.238902 0.000000
vt 0.410767 0.249420 0.000000
vt 0.537885 0.081861 0.000000
vt 0.537863 0.078741 0.000000
vt 0.531344 0.078332 0.000000
vt 0.533260 0.083809 0.000000
vt 0.536826 0.087898 0.000000
vt 0.540553 0.082718 0.000000
vt 0.541268 0.079051 0.000000
vt 0.576796 0.175109 0.000000
vt 0.563646 0.176715 0.000000
vt 0.560284 0.187715 0.000000
vt 0.566406 0.190541 0.000000
vt 0.580879 0.160390 0.000000
vt 0.567062 0.163869 0.000000
vt 0.594531 0.167350 0.000000
vt 0.596394 0.156319 0.000000
vt 0.463873 0.241366 0.000000
vt 0.465603 0.231277 0.000000
vt 0.437687 0.721477 0.000000
vt 0.435505 0.721529 0.000000
vt 0.436455 0.725122 0.000000
vt 0.439795 0.723666 0.000000
vt 0.442077 0.719923 0.000000
vt 0.438437 0.718678 0.000000
vt 0.435742 0.717932 0.000000
vt 0.431051 0.707563 0.000000
vt 0.432550 0.706889 0.000000
vt 0.430262 0.704637 0.000000
vt 0.428870 0.706405 0.000000
vt 0.427552 0.709210 0.000000
vt 0.430063 0.710416 0.000000
vt 0.432223 0.710472 0.000000
vt 0.489084 0.733423 0.000000
vt 0.518356 0.726775 0.000000
vt 0.516796 0.713244 0.000000
vt 0.491476 0.717343 0.000000
vt 0.476317 0.718005 0.000000
vt 0.472302 0.730723 0.000000
vt 0.472008 0.749770 0.000000
vt 0.478977 0.757965 0.000000
vt 0.496631 0.747037 0.000000
vt 0.463505 0.743512 0.000000
vt 0.522791 0.742019 0.000000
vt 0.213151 0.509186 0.000000
vt 0.209848 0.507058 0.000000
vt 0.205227 0.509980 0.000000
vt 0.208123 0.514780 0.000000
vt 0.216590 0.519882 0.000000
vt 0.218591 0.516272 0.000000
vt 0.217103 0.509291 0.000000
vt 0.210510 0.524646 0.000000
vt 0.400650 0.298029 0.000000
vt 0.405690 0.296598 0.000000
vt 0.404231 0.290993 0.000000
vt 0.400650 0.289781 0.000000
vt 0.402814 0.307895 0.000000
vt 0.408145 0.304366 0.000000
vt 0.409349 0.330895 0.000000
vt 0.419223 0.332921 0.000000
vt 0.420445 0.323058 0.000000
vt 0.409617 0.322803 0.000000
vt 0.410515 0.339734 0.000000
vt 0.419585 0.342085 0.000000
vt 0.412754 0.314478 0.000000
vt 0.408327 0.316751 0.000000
vt 0.406069 0.320317 0.000000
vt 0.419408 0.314022 0.000000
vt 0.441342 0.308305 0.000000
vt 0.435957 0.298284 0.000000
vt 0.430957 0.301856 0.000000
vt 0.433452 0.310453 0.000000
vt 0.434646 0.319092 0.000000
vt 0.442216 0.318201 0.000000
vt 0.446676 0.299507 0.000000
vt 0.441709 0.292324 0.000000
vt 0.452768 0.318614 0.000000
vt 0.452748 0.311088 0.000000
vt 0.454407 0.304152 0.000000
vt 0.442849 0.385281 0.000000
vt 0.449532 0.393335 0.000000
vt 0.461232 0.391440 0.000000
vt 0.455590 0.383520 0.000000
vt 0.447990 0.371277 0.000000
vt 0.437084 0.370923 0.000000
vt 0.430168 0.381035 0.000000
vt 0.431111 0.390254 0.000000
vt 0.440039 0.392477 0.000000
vt 0.426329 0.367512 0.000000
vt 0.444636 0.393808 0.000000
vt 0.745516 0.371178 0.000000
vt 0.739003 0.370389 0.000000
vt 0.741744 0.384845 0.000000
vt 0.749479 0.378786 0.000000
vt 0.751703 0.363787 0.000000
vt 0.758699 0.369874 0.000000
vt 0.090371 0.199457 0.000000
vt 0.121780 0.163806 0.000000
vt 0.104912 0.135506 0.000000
vt 0.077036 0.159068 0.000000
vt 0.047922 0.177828 0.000000
vt 0.058005 0.205144 0.000000
vt 0.058176 0.231046 0.000000
vt 0.077571 0.237927 0.000000
vt 0.113848 0.221685 0.000000
vt 0.138261 0.187862 0.000000
vt 0.097191 0.251786 0.000000
vt 0.750728 0.402961 0.000000
vt 0.754052 0.409177 0.000000
vt 0.762672 0.405567 0.000000
vt 0.754450 0.396062 0.000000
vt 0.740210 0.398243 0.000000
vt 0.741754 0.408895 0.000000
vt 0.048882 0.333838 0.000000
vt 0.065339 0.307007 0.000000
vt 0.051058 0.295052 0.000000
vt 0.036103 0.317519 0.000000
vt 0.022295 0.333913 0.000000
vt 0.025659 0.348113 0.000000
vt 0.052132 0.358649 0.000000
vt 0.084974 0.361050 0.000000
vt 0.083852 0.337836 0.000000
vt 0.092316 0.316150 0.000000
vt 0.027861 0.366417 0.000000
vt 0.368964 0.117305 0.000000
vt 0.349971 0.067193 0.000000
vt 0.316226 0.079865 0.000000
vt 0.322676 0.118231 0.000000
vt 0.405861 0.088357 0.000000
vt 0.382351 0.051534 0.000000
vt 0.409609 0.153532 0.000000
vt 0.434201 0.125229 0.000000
vt 0.359334 0.168694 0.000000
vt 0.395585 0.192104 0.000000
vt 0.322882 0.157899 0.000000
vt 0.193517 0.130314 0.000000
vt 0.163587 0.104632 0.000000
vt 0.145455 0.134010 0.000000
vt 0.163858 0.159028 0.000000
vt 0.238885 0.125859 0.000000
vt 0.240846 0.092506 0.000000
vt 0.205235 0.088062 0.000000
vt 0.178032 0.073924 0.000000
vt 0.181256 0.191917 0.000000
vt 0.206952 0.172922 0.000000
vt 0.242319 0.160891 0.000000
vt 0.584980 0.018395 0.000000
vt 0.580902 0.027995 0.000000
vt 0.589305 0.046509 0.000000
vt 0.593835 0.040388 0.000000
vt 0.582521 0.000500 0.000000
vt 0.567151 0.000500 0.000000
vt 0.568417 0.012472 0.000000
vt 0.567423 0.020552 0.000000
vt 0.599737 0.036041 0.000000
vt 0.594970 0.016542 0.000000
vt 0.592837 0.000500 0.000000
vt 0.652057 0.626519 0.000000
vt 0.626584 0.577650 0.000000
vt 0.598386 0.595679 0.000000
vt 0.614926 0.636786 0.000000
vt 0.686398 0.590063 0.000000
vt 0.659814 0.550974 0.000000
vt 0.621716 0.682612 0.000000
vt 0.648940 0.685341 0.000000
vt 0.690224 0.660929 0.000000
vt 0.715481 0.629681 0.000000
vt 0.310034 0.309993 0.000000
vt 0.302052 0.311192 0.000000
vt 0.305335 0.321647 0.000000
vt 0.314819 0.317130 0.000000
vt 0.322114 0.310321 0.000000
vt 0.312054 0.302582 0.000000
vt 0.299703 0.300125 0.000000
vt 0.250381 0.347285 0.000000
vt 0.253757 0.344553 0.000000
vt 0.248305 0.339704 0.000000
vt 0.245355 0.345109 0.000000
vt 0.243147 0.353608 0.000000
vt 0.250212 0.353796 0.000000
vt 0.256384 0.352686 0.000000
vt 0.326169 0.429770 0.000000
vt 0.347936 0.412800 0.000000
vt 0.333865 0.395075 0.000000
vt 0.316117 0.403169 0.000000
vt 0.348168 0.448064 0.000000
vt 0.367284 0.429326 0.000000
vt 0.315175 0.450243 0.000000
vt 0.334531 0.466594 0.000000
vt 0.299036 0.404371 0.000000
vt 0.301150 0.422729 0.000000
vt 0.297493 0.439696 0.000000
vt 0.329899 0.356786 0.000000
vt 0.327688 0.348589 0.000000
vt 0.317512 0.352641 0.000000
vt 0.323640 0.361992 0.000000
vt 0.338905 0.359847 0.000000
vt 0.339707 0.346942 0.000000
vt 0.333017 0.371409 0.000000
vt 0.593078 0.071174 0.000000
vt 0.584270 0.050276 0.000000
vt 0.586225 0.069615 0.000000
vt 0.599786 0.061581 0.000000
vt 0.598936 0.084057 0.000000
vt 0.605339 0.074489 0.000000
vt 0.580750 0.086253 0.000000
vt 0.585280 0.090714 0.000000
vt 0.590280 0.097370 0.000000
vt 0.680028 0.349743 0.000000
vt 0.687344 0.384550 0.000000
vt 0.709696 0.388452 0.000000
vt 0.709696 0.360694 0.000000
vt 0.709696 0.340378 0.000000
vt 0.687682 0.330797 0.000000
vt 0.659278 0.354047 0.000000
vt 0.666635 0.383541 0.000000
vt 0.670523 0.319199 0.000000
vt 0.658655 0.327109 0.000000
vt 0.645017 0.333781 0.000000
vt 0.886409 0.818247 0.000000
vt 0.909369 0.819843 0.000000
vt 0.908738 0.791237 0.000000
vt 0.887052 0.787651 0.000000
vt 0.862257 0.806335 0.000000
vt 0.849635 0.820797 0.000000
vt 0.863084 0.832594 0.000000
vt 0.888264 0.845286 0.000000
vt 0.907063 0.845067 0.000000
vt 0.868239 0.849570 0.000000
vt 0.573209 0.388735 0.000000
vt 0.578017 0.390477 0.000000
vt 0.578659 0.382947 0.000000
vt 0.571872 0.384153 0.000000
vt 0.568686 0.392472 0.000000
vt 0.573544 0.397769 0.000000
vt 0.565032 0.387144 0.000000
vt 0.540775 0.344550 0.000000
vt 0.543056 0.347445 0.000000
vt 0.546591 0.344292 0.000000
vt 0.541856 0.341512 0.000000
vt 0.536144 0.345317 0.000000
vt 0.537462 0.350176 0.000000
vt 0.535689 0.340456 0.000000
vt 0.806319 0.737123 0.000000
vt 0.804434 0.729403 0.000000
vt 0.792937 0.735065 0.000000
vt 0.800754 0.743327 0.000000
vt 0.809601 0.750432 0.000000
vt 0.814455 0.740059 0.000000
vt 0.817386 0.728457 0.000000
vt 0.853691 0.762535 0.000000
vt 0.848324 0.758710 0.000000
vt 0.842958 0.769805 0.000000
vt 0.852579 0.771542 0.000000
vt 0.863694 0.757609 0.000000
vt 0.858453 0.748774 0.000000
vt 0.866220 0.770341 0.000000
vt 0.810822 0.814673 0.000000
vt 0.817158 0.803311 0.000000
vt 0.807065 0.796588 0.000000
vt 0.801190 0.805278 0.000000
vt 0.794747 0.812149 0.000000
vt 0.801695 0.821103 0.000000
vt 0.819945 0.817606 0.000000
vt 0.826221 0.807915 0.000000
vt 0.812418 0.826009 0.000000
vt 0.817124 0.824336 0.000000
vt 0.806494 0.828951 0.000000
vt 0.808795 0.840421 0.000000
vt 0.805567 0.837339 0.000000
vt 0.803053 0.843061 0.000000
vt 0.809018 0.845630 0.000000
vt 0.813867 0.839861 0.000000
vt 0.810387 0.834451 0.000000
vt 0.815958 0.846763 0.000000
vt 0.758999 0.354682 0.000000
vt 0.763695 0.348405 0.000000
vt 0.753619 0.344935 0.000000
vt 0.781166 0.367281 0.000000
vt 0.768183 0.379029 0.000000
vt 0.779075 0.392747 0.000000
vt 0.789868 0.386368 0.000000
vt 0.767992 0.359731 0.000000
vt 0.798802 0.369893 0.000000
vt 0.798977 0.358698 0.000000
vt 0.785855 0.354465 0.000000
vt 0.801727 0.384863 0.000000
vt 0.774288 0.351395 0.000000
vt 0.824212 0.367283 0.000000
vt 0.812317 0.363623 0.000000
vt 0.811472 0.374494 0.000000
vt 0.821068 0.378699 0.000000
vt 0.828316 0.382327 0.000000
vt 0.831499 0.372949 0.000000
vt 0.836379 0.366277 0.000000
vt 0.832239 0.361282 0.000000
vt 0.821262 0.356955 0.000000
vt 0.811334 0.354495 0.000000
vt 0.828266 0.354082 0.000000
vt 0.809802 0.338804 0.000000
vt 0.802102 0.333176 0.000000
vt 0.800765 0.341209 0.000000
vt 0.810004 0.346866 0.000000
vt 0.818251 0.348184 0.000000
vt 0.816764 0.339850 0.000000
vt 0.829232 0.326164 0.000000
vt 0.824646 0.324309 0.000000
vt 0.819780 0.326283 0.000000
vt 0.824175 0.333697 0.000000
vt 0.813919 0.330231 0.000000
vt 0.809564 0.333382 0.000000
vt 0.829603 0.339383 0.000000
vt 0.834386 0.331303 0.000000
vt 0.794272 0.331223 0.000000
vt 0.792494 0.337525 0.000000
vt 0.839024 0.340092 0.000000
vt 0.843191 0.334364 0.000000
vt 0.842271 0.327870 0.000000
vt 0.834121 0.347319 0.000000
vt 0.854672 0.339454 0.000000
vt 0.858216 0.324309 0.000000
vt 0.849528 0.326097 0.000000
vt 0.848235 0.336967 0.000000
vt 0.843444 0.346274 0.000000
vt 0.847421 0.351969 0.000000
vt 0.866834 0.335724 0.000000
vt 0.869669 0.324309 0.000000
vt 0.852300 0.359419 0.000000
vt 0.858798 0.353231 0.000000
vt 0.867313 0.348959 0.000000
vt 0.817347 0.329272 0.000000
vt 0.821116 0.336946 0.000000
vt 0.168431 0.345074 0.000000
vt 0.154237 0.360488 0.000000
vt 0.168984 0.371706 0.000000
vt 0.180880 0.363534 0.000000
vt 0.129303 0.327837 0.000000
vt 0.121171 0.347639 0.000000
vt 0.169252 0.323593 0.000000
vt 0.135479 0.306427 0.000000
vt 0.195080 0.346046 0.000000
vt 0.194373 0.332616 0.000000
vt 0.197311 0.358995 0.000000
vt 0.205631 0.414663 0.000000
vt 0.208897 0.414487 0.000000
vt 0.207390 0.412118 0.000000
vt 0.204293 0.414274 0.000000
vt 0.204360 0.418743 0.000000
vt 0.206698 0.418658 0.000000
vt 0.214002 0.398084 0.000000
vt 0.216244 0.400470 0.000000
vt 0.219469 0.397175 0.000000
vt 0.215284 0.394761 0.000000
vt 0.211514 0.398921 0.000000
vt 0.213530 0.402296 0.000000
vt 0.210747 0.394228 0.000000
vt 0.892417 0.346412 0.000000
vt 0.894017 0.334516 0.000000
vt 0.880007 0.334500 0.000000
vt 0.878403 0.346572 0.000000
vt 0.022763 0.384685 0.000000
vt 0.028750 0.409702 0.000000
vt 0.058192 0.409101 0.000000
vt 0.055644 0.380940 0.000000
vt 0.000167 0.391744 0.000000
vt 0.004265 0.414244 0.000000
vt 0.890461 0.361860 0.000000
vt 0.553735 0.066447 0.000000
vt 0.556480 0.063480 0.000000
vt 0.553322 0.060697 0.000000
vt 0.551262 0.065879 0.000000
vt 0.550423 0.069420 0.000000
vt 0.553602 0.069204 0.000000
vt 0.558385 0.067472 0.000000
vt 0.568986 0.972860 0.000000
vt 0.575233 0.999833 0.000000
vt 0.610690 0.999833 0.000000
vt 0.608556 0.974969 0.000000
vt 0.205369 0.491766 0.000000
vt 0.194095 0.471298 0.000000
vt 0.179183 0.472126 0.000000
vt 0.184039 0.497805 0.000000
vt 0.212839 0.474483 0.000000
vt 0.204642 0.466675 0.000000
vt 0.607919 0.953631 0.000000
vt 0.577546 0.953191 0.000000
vt 0.224648 0.497805 0.000000
vt 0.222255 0.478809 0.000000
vt 0.217634 0.458222 0.000000
vt 0.215643 0.463633 0.000000
vt 0.220772 0.465728 0.000000
vt 0.220547 0.458578 0.000000
vt 0.216131 0.456163 0.000000
vt 0.211575 0.460407 0.000000
vt 0.219778 0.455808 0.000000
vt 0.235750 0.478386 0.000000
vt 0.257457 0.479259 0.000000
vt 0.253620 0.464783 0.000000
vt 0.239835 0.464090 0.000000
vt 0.231266 0.459364 0.000000
vt 0.226944 0.464428 0.000000
vt 0.240455 0.497805 0.000000
vt 0.263293 0.497805 0.000000
vt 0.218996 0.451534 0.000000
vt 0.223687 0.455406 0.000000
vt 0.223963 0.453137 0.000000
vt 0.213941 0.452868 0.000000
vt 0.215097 0.446421 0.000000
vt 0.210790 0.447494 0.000000
vt 0.225254 0.449509 0.000000
vt 0.222049 0.447728 0.000000
vt 0.218609 0.444726 0.000000
vt 0.224306 0.457970 0.000000
vt 0.226890 0.455173 0.000000
vt 0.218778 0.434854 0.000000
vt 0.221427 0.436818 0.000000
vt 0.222120 0.430676 0.000000
vt 0.217799 0.429801 0.000000
vt 0.213690 0.429402 0.000000
vt 0.216061 0.435612 0.000000
vt 0.218942 0.439688 0.000000
vt 0.233840 0.424997 0.000000
vt 0.226311 0.424127 0.000000
vt 0.226457 0.431815 0.000000
vt 0.230846 0.433726 0.000000
vt 0.230442 0.415396 0.000000
vt 0.224922 0.416714 0.000000
vt 0.235082 0.437480 0.000000
vt 0.240147 0.432387 0.000000
vt 0.240759 0.419918 0.000000
vt 0.236914 0.412238 0.000000
vt 0.246847 0.427983 0.000000
vt 0.229449 0.447107 0.000000
vt 0.232923 0.446121 0.000000
vt 0.230548 0.442013 0.000000
vt 0.227268 0.445521 0.000000
vt 0.228561 0.450996 0.000000
vt 0.233350 0.452692 0.000000
vt 0.549683 0.079455 0.000000
vt 0.550729 0.077473 0.000000
vt 0.548308 0.076806 0.000000
vt 0.547759 0.079281 0.000000
vt 0.551487 0.082610 0.000000
vt 0.554646 0.079919 0.000000
vt 0.548318 0.084026 0.000000
vt 0.589408 0.128525 0.000000
vt 0.583507 0.117983 0.000000
vt 0.568792 0.128088 0.000000
vt 0.570320 0.137687 0.000000
vt 0.569576 0.150171 0.000000
vt 0.584631 0.145746 0.000000
vt 0.599615 0.144364 0.000000
vt 0.605567 0.131273 0.000000
vt 0.603772 0.111634 0.000000
vt 0.595938 0.104360 0.000000
vt 0.614485 0.118060 0.000000
vt 0.472521 0.284546 0.000000
vt 0.473632 0.281641 0.000000
vt 0.467269 0.281832 0.000000
vt 0.468746 0.285827 0.000000
vt 0.477311 0.287280 0.000000
vt 0.480473 0.284966 0.000000
vt 0.474184 0.289594 0.000000
vt 0.846050 0.954426 0.000000
vt 0.820892 0.954667 0.000000
vt 0.818842 0.983475 0.000000
vt 0.842518 0.989655 0.000000
vt 0.876476 0.971649 0.000000
vt 0.885230 0.951360 0.000000
vt 0.861393 0.936656 0.000000
vt 0.868027 0.999833 0.000000
vt 0.833595 0.932407 0.000000
vt 0.817577 0.936347 0.000000
vt 0.846405 0.926297 0.000000
vt 0.793412 0.910445 0.000000
vt 0.797694 0.913306 0.000000
vt 0.799205 0.909559 0.000000
vt 0.794960 0.908020 0.000000
vt 0.792109 0.912956 0.000000
vt 0.793958 0.916177 0.000000
vt 0.791285 0.909023 0.000000
vt 0.789512 0.911967 0.000000
vt 0.855666 0.888436 0.000000
vt 0.872746 0.889782 0.000000
vt 0.882180 0.869760 0.000000
vt 0.865491 0.869595 0.000000
vt 0.851848 0.901379 0.000000
vt 0.866143 0.903943 0.000000
vt 0.843997 0.892087 0.000000
vt 0.840460 0.898952 0.000000
vt 0.848990 0.867591 0.000000
vt 0.843322 0.880181 0.000000
vt 0.838141 0.887359 0.000000
vt 0.833230 0.894790 0.000000
vt 0.788191 0.916585 0.000000
vt 0.444727 0.397275 0.000000
vt 0.443961 0.403744 0.000000
vt 0.450945 0.406566 0.000000
vt 0.452235 0.399365 0.000000
vt 0.439022 0.397133 0.000000
vt 0.476995 0.300549 0.000000
vt 0.479431 0.299370 0.000000
vt 0.476255 0.295656 0.000000
vt 0.473706 0.298747 0.000000
vt 0.472063 0.302992 0.000000
vt 0.477288 0.303757 0.000000
vt 0.480919 0.303348 0.000000
vt 0.512530 0.333617 0.000000
vt 0.526348 0.334545 0.000000
vt 0.528643 0.327669 0.000000
vt 0.518034 0.325698 0.000000
vt 0.509375 0.321800 0.000000
vt 0.503606 0.327841 0.000000
vt 0.496136 0.331677 0.000000
vt 0.501441 0.338397 0.000000
vt 0.505006 0.344580 0.000000
vt 0.514872 0.341608 0.000000
vt 0.526343 0.340664 0.000000
vt 0.537364 0.277961 0.000000
vt 0.525331 0.259305 0.000000
vt 0.518276 0.263508 0.000000
vt 0.527532 0.279359 0.000000
vt 0.532043 0.293978 0.000000
vt 0.539730 0.295675 0.000000
vt 0.546579 0.286059 0.000000
vt 0.553030 0.274083 0.000000
vt 0.544408 0.263955 0.000000
vt 0.548168 0.295674 0.000000
vt 0.533254 0.251016 0.000000
vt 0.489677 0.303300 0.000000
vt 0.491822 0.304483 0.000000
vt 0.492455 0.300745 0.000000
vt 0.489090 0.300792 0.000000
vt 0.486344 0.301494 0.000000
vt 0.487919 0.304476 0.000000
vt 0.489963 0.307174 0.000000
vt 0.824332 0.889151 0.000000
vt 0.828219 0.891466 0.000000
vt 0.830555 0.884227 0.000000
vt 0.822968 0.884250 0.000000
vt 0.821306 0.891865 0.000000
vt 0.824688 0.896102 0.000000
vt 0.817560 0.886596 0.000000
vt 0.820486 0.875859 0.000000
vt 0.832020 0.876773 0.000000
vt 0.823370 0.865320 0.000000
vt 0.814884 0.863165 0.000000
vt 0.811950 0.871235 0.000000
vt 0.835267 0.866765 0.000000
vt 0.813639 0.881359 0.000000
vt 0.808224 0.876698 0.000000
vt 0.784975 0.877775 0.000000
vt 0.784048 0.875337 0.000000
vt 0.780533 0.880012 0.000000
vt 0.783311 0.881789 0.000000
vt 0.787217 0.878427 0.000000
vt 0.787409 0.874693 0.000000
vt 0.785939 0.883245 0.000000
vt 0.690948 0.244055 0.000000
vt 0.696182 0.231713 0.000000
vt 0.687463 0.226868 0.000000
vt 0.681279 0.234871 0.000000
vt 0.030576 0.737030 0.000000
vt 0.022201 0.698220 0.000000
vt 0.000167 0.696976 0.000000
vt 0.000167 0.728727 0.000000
vt 0.702611 0.243409 0.000000
vt 0.703430 0.233554 0.000000
vt 0.061442 0.724569 0.000000
vt 0.049370 0.692441 0.000000
vt 0.057951 0.767148 0.000000
vt 0.080126 0.754486 0.000000
vt 0.719360 0.204498 0.000000
vt 0.725318 0.204561 0.000000
vt 0.716115 0.208700 0.000000
vt 0.721973 0.210922 0.000000
vt 0.192470 0.712659 0.000000
vt 0.154777 0.741916 0.000000
vt 0.168467 0.760584 0.000000
vt 0.202545 0.741741 0.000000
vt 0.214859 0.675574 0.000000
vt 0.191600 0.660673 0.000000
vt 0.165541 0.691146 0.000000
vt 0.137095 0.719861 0.000000
vt 0.244420 0.735679 0.000000
vt 0.242286 0.711521 0.000000
vt 0.250226 0.684067 0.000000
vt 0.723733 0.156146 0.000000
vt 0.729743 0.150925 0.000000
vt 0.724512 0.145835 0.000000
vt 0.719607 0.153912 0.000000
vt 0.717285 0.163175 0.000000
vt 0.725514 0.163062 0.000000
vt 0.735047 0.158952 0.000000
vt 0.849211 0.129457 0.000000
vt 0.847726 0.119102 0.000000
vt 0.840914 0.133238 0.000000
vt 0.872165 0.491119 0.000000
vt 0.881400 0.502717 0.000000
vt 0.852548 0.492994 0.000000
vt 0.858299 0.503976 0.000000
vt 0.853431 0.104813 0.000000
vt 0.847566 0.101778 0.000000
vt 0.841947 0.114779 0.000000
vt 0.834633 0.127479 0.000000
vt 0.804783 0.029692 0.000000
vt 0.798742 0.032561 0.000000
vt 0.801823 0.039340 0.000000
vt 0.808753 0.033036 0.000000
vt 0.812872 0.025101 0.000000
vt 0.805677 0.023018 0.000000
vt 0.797089 0.023666 0.000000
vt 0.410078 0.744948 0.000000
vt 0.406233 0.746753 0.000000
vt 0.410940 0.750928 0.000000
vt 0.413853 0.746738 0.000000
vt 0.415149 0.739866 0.000000
vt 0.409550 0.738841 0.000000
vt 0.402788 0.739281 0.000000
vt 0.434566 0.747590 0.000000
vt 0.426371 0.744217 0.000000
vt 0.424839 0.750709 0.000000
vt 0.431225 0.754954 0.000000
vt 0.431864 0.737792 0.000000
vt 0.426235 0.736139 0.000000
vt 0.442198 0.756883 0.000000
vt 0.447199 0.753797 0.000000
vt 0.440551 0.745555 0.000000
vt 0.436858 0.737642 0.000000
vt 0.438207 0.761679 0.000000
vt 0.546948 0.408057 0.000000
vt 0.545713 0.414135 0.000000
vt 0.553385 0.412208 0.000000
vt 0.551602 0.405324 0.000000
vt 0.547111 0.398923 0.000000
vt 0.542388 0.404372 0.000000
vt 0.537093 0.412167 0.000000
vt 0.466455 0.378102 0.000000
vt 0.475918 0.368013 0.000000
vt 0.462939 0.399657 0.000000
vt 0.474873 0.398405 0.000000
vt 0.486406 0.396301 0.000000
vt 0.751907 0.289990 0.000000
vt 0.749276 0.294908 0.000000
vt 0.759131 0.295172 0.000000
vt 0.759183 0.288312 0.000000
vt 0.757438 0.281322 0.000000
vt 0.748954 0.286654 0.000000
vt 0.742890 0.291856 0.000000
vt 0.804454 0.272976 0.000000
vt 0.801509 0.263494 0.000000
vt 0.795206 0.265998 0.000000
vt 0.796282 0.273477 0.000000
vt 0.811774 0.280234 0.000000
vt 0.818887 0.275097 0.000000
vt 0.814107 0.266816 0.000000
vt 0.810396 0.258779 0.000000
vt 0.880571 0.193993 0.000000
vt 0.883925 0.206635 0.000000
vt 0.896066 0.199943 0.000000
vt 0.895997 0.189501 0.000000
vt 0.896584 0.179857 0.000000
vt 0.885510 0.180260 0.000000
vt 0.865256 0.208559 0.000000
vt 0.871926 0.218402 0.000000
vt 0.873493 0.177761 0.000000
vt 0.867265 0.188421 0.000000
vt 0.856797 0.200826 0.000000
vt 0.434801 0.665644 0.000000
vt 0.420886 0.671676 0.000000
vt 0.425077 0.679680 0.000000
vt 0.433000 0.679766 0.000000
vt 0.420230 0.650472 0.000000
vt 0.441260 0.684765 0.000000
vt 0.447718 0.676522 0.000000
vt 0.445578 0.653438 0.000000
vt 0.431455 0.638201 0.000000
vt 0.457252 0.667887 0.000000
vt 0.426348 0.690780 0.000000
vt 0.424551 0.692392 0.000000
vt 0.428004 0.694898 0.000000
vt 0.429880 0.692221 0.000000
vt 0.425993 0.686971 0.000000
vt 0.421996 0.688562 0.000000
vt 0.431758 0.687245 0.000000
vt 0.412114 0.284758 0.000000
vt 0.414141 0.289046 0.000000
vt 0.421204 0.283325 0.000000
vt 0.416634 0.278690 0.000000
vt 0.411321 0.274977 0.000000
vt 0.407788 0.284315 0.000000
vt 0.408065 0.291019 0.000000
vt 0.068554 0.075663 0.000000
vt 0.043648 0.087485 0.000000
vt 0.051656 0.109972 0.000000
vt 0.079131 0.088213 0.000000
vt 0.072592 0.059766 0.000000
vt 0.039828 0.064016 0.000000
vt 0.092893 0.070974 0.000000
vt 0.759991 0.389501 0.000000
vt 0.730593 0.367137 0.000000
vt 0.728487 0.380014 0.000000
vt 0.726246 0.392812 0.000000
vt 0.240317 0.379552 0.000000
vt 0.244769 0.389307 0.000000
vt 0.252210 0.385660 0.000000
vt 0.250260 0.376389 0.000000
vt 0.233728 0.389292 0.000000
vt 0.237700 0.395071 0.000000
vt 0.249942 0.364502 0.000000
vt 0.241927 0.365267 0.000000
vt 0.234563 0.363924 0.000000
vt 0.232684 0.376377 0.000000
vt 0.228636 0.385328 0.000000
vt 0.260450 0.404106 0.000000
vt 0.265583 0.406144 0.000000
vt 0.265038 0.398733 0.000000
vt 0.258581 0.399300 0.000000
vt 0.251535 0.402831 0.000000
vt 0.255471 0.408834 0.000000
vt 0.261759 0.414466 0.000000
vt 0.550341 0.305392 0.000000
vt 0.541000 0.306648 0.000000
vt 0.539521 0.318427 0.000000
vt 0.546729 0.319463 0.000000
vt 0.554703 0.321880 0.000000
vt 0.559561 0.309753 0.000000
vt 0.569730 0.297867 0.000000
vt 0.562058 0.290455 0.000000
vt 0.557779 0.282460 0.000000
vt 0.723062 0.860909 0.000000
vt 0.744419 0.842998 0.000000
vt 0.737940 0.833288 0.000000
vt 0.717559 0.845012 0.000000
vt 0.716834 0.887688 0.000000
vt 0.734203 0.888324 0.000000
vt 0.740824 0.868577 0.000000
vt 0.752839 0.852827 0.000000
vt 0.687778 0.848465 0.000000
vt 0.689742 0.867513 0.000000
vt 0.689209 0.890164 0.000000
vt 0.822089 0.829009 0.000000
vt 0.828958 0.822585 0.000000
vt 0.816164 0.832300 0.000000
vt 0.774799 0.809906 0.000000
vt 0.769531 0.810715 0.000000
vt 0.772117 0.818388 0.000000
vt 0.778254 0.815031 0.000000
vt 0.782983 0.810500 0.000000
vt 0.776558 0.805854 0.000000
vt 0.769302 0.804013 0.000000
vt 0.786240 0.841456 0.000000
vt 0.777663 0.828540 0.000000
vt 0.770056 0.830981 0.000000
vt 0.776787 0.842952 0.000000
vt 0.781198 0.853281 0.000000
vt 0.788873 0.852829 0.000000
vt 0.795352 0.854601 0.000000
vt 0.795622 0.846411 0.000000
vt 0.797587 0.839411 0.000000
vt 0.791371 0.832902 0.000000
vt 0.198331 0.432946 0.000000
vt 0.195815 0.429273 0.000000
vt 0.190473 0.432053 0.000000
vt 0.194764 0.437931 0.000000
vt 0.199413 0.440857 0.000000
vt 0.200260 0.434322 0.000000
vt 0.199407 0.429219 0.000000
vt 0.175034 0.446172 0.000000
vt 0.184486 0.437143 0.000000
vt 0.181281 0.425014 0.000000
vt 0.172029 0.425097 0.000000
vt 0.161831 0.445167 0.000000
vt 0.163868 0.471026 0.000000
vt 0.161083 0.423470 0.000000
vt 0.190518 0.454715 0.000000
vt 0.191121 0.444932 0.000000
vt 0.800203 0.924501 0.000000
vt 0.802300 0.936433 0.000000
vt 0.814726 0.924719 0.000000
vt 0.813652 0.916564 0.000000
vt 0.804370 0.916229 0.000000
vt 0.788453 0.924355 0.000000
vt 0.786635 0.934490 0.000000
vt 0.795094 0.887911 0.000000
vt 0.795887 0.890727 0.000000
vt 0.799557 0.888161 0.000000
vt 0.796984 0.885158 0.000000
vt 0.794503 0.882965 0.000000
vt 0.792892 0.886957 0.000000
vt 0.792379 0.891162 0.000000
vt 0.790581 0.885624 0.000000
vt 0.789641 0.890534 0.000000
vt 0.789873 0.895153 0.000000
vt 0.793524 0.895040 0.000000
vt 0.797836 0.894216 0.000000
vt 0.795723 0.898899 0.000000
vt 0.800857 0.898206 0.000000
vt 0.805800 0.896078 0.000000
vt 0.802231 0.891792 0.000000
vt 0.809839 0.893212 0.000000
vt 0.805960 0.888623 0.000000
vt 0.802683 0.884753 0.000000
vt 0.809528 0.885216 0.000000
vt 0.805369 0.881007 0.000000
vt 0.801218 0.877718 0.000000
vt 0.799236 0.881450 0.000000
vt 0.797660 0.875172 0.000000
vt 0.796142 0.879085 0.000000
vt 0.794273 0.873219 0.000000
vt 0.793285 0.877314 0.000000
vt 0.792011 0.881279 0.000000
vt 0.790473 0.875797 0.000000
vt 0.789705 0.879899 0.000000
vt 0.788295 0.884485 0.000000
vt 0.784419 0.888843 0.000000
vt 0.786977 0.889691 0.000000
vt 0.783930 0.894950 0.000000
vt 0.786711 0.895154 0.000000
vt 0.785018 0.900397 0.000000
vt 0.788128 0.899873 0.000000
vt 0.791482 0.899370 0.000000
vt 0.790093 0.903337 0.000000
vt 0.793617 0.902707 0.000000
vt 0.797902 0.902486 0.000000
vt 0.794859 0.905626 0.000000
vt 0.799210 0.905937 0.000000
vt 0.804792 0.906242 0.000000
vt 0.803323 0.902230 0.000000
vt 0.810871 0.905404 0.000000
vt 0.808729 0.900636 0.000000
vt 0.816437 0.903050 0.000000
vt 0.813581 0.898082 0.000000
vt 0.821167 0.899798 0.000000
vt 0.817632 0.895036 0.000000
vt 0.813622 0.889983 0.000000
vt 0.819204 0.908199 0.000000
vt 0.824841 0.904536 0.000000
vt 0.829312 0.900563 0.000000
vt 0.829511 0.910150 0.000000
vt 0.835404 0.905254 0.000000
vt 0.836493 0.917639 0.000000
vt 0.844845 0.911201 0.000000
vt 0.857172 0.916686 0.000000
vt 0.872837 0.923411 0.000000
vt 0.882572 0.909408 0.000000
vt 0.893719 0.934058 0.000000
vt 0.902099 0.916807 0.000000
vt 0.911555 0.898034 0.000000
vt 0.889510 0.892306 0.000000
vt 0.921482 0.875714 0.000000
vt 0.898477 0.871146 0.000000
vt 0.928400 0.847853 0.000000
vt 0.615269 0.251502 0.000000
vt 0.606005 0.236976 0.000000
vt 0.594953 0.246593 0.000000
vt 0.604074 0.258274 0.000000
vt 0.612751 0.270993 0.000000
vt 0.623627 0.264868 0.000000
vt 0.928400 0.820714 0.000000
vt 0.621837 0.283829 0.000000
vt 0.633144 0.277643 0.000000
vt 0.928400 0.794480 0.000000
vt 0.632423 0.297176 0.000000
vt 0.644644 0.290536 0.000000
vt 0.928400 0.767167 0.000000
vt 0.907411 0.765712 0.000000
vt 0.885197 0.767478 0.000000
vt 0.928400 0.737401 0.000000
vt 0.902903 0.742857 0.000000
vt 0.881967 0.749703 0.000000
vt 0.893879 0.723620 0.000000
vt 0.873350 0.736216 0.000000
vt 0.878566 0.708654 0.000000
vt 0.861645 0.726836 0.000000
vt 0.850813 0.741600 0.000000
vt 0.841773 0.754139 0.000000
vt 0.848611 0.720146 0.000000
vt 0.840698 0.736076 0.000000
vt 0.834009 0.748982 0.000000
vt 0.827402 0.761579 0.000000
vt 0.835348 0.766158 0.000000
vt 0.829801 0.731662 0.000000
vt 0.824836 0.744643 0.000000
vt 0.818955 0.756403 0.000000
vt 0.803146 0.760886 0.000000
vt 0.812483 0.767480 0.000000
vt 0.820952 0.773556 0.000000
vt 0.829837 0.778890 0.000000
vt 0.805004 0.778747 0.000000
vt 0.814092 0.785518 0.000000
vt 0.823553 0.791536 0.000000
vt 0.833426 0.796339 0.000000
vt 0.839461 0.783045 0.000000
vt 0.851244 0.785689 0.000000
vt 0.846152 0.800992 0.000000
vt 0.866928 0.786676 0.000000
vt 0.837085 0.813068 0.000000
vt 0.838374 0.830054 0.000000
vt 0.846055 0.840594 0.000000
vt 0.828263 0.835989 0.000000
vt 0.833549 0.844914 0.000000
vt 0.835892 0.855276 0.000000
vt 0.850906 0.853664 0.000000
vt 0.820446 0.838830 0.000000
vt 0.823664 0.846610 0.000000
vt 0.824802 0.855633 0.000000
vt 0.816326 0.854592 0.000000
vt 0.809226 0.852513 0.000000
vt 0.807957 0.860314 0.000000
vt 0.805904 0.867626 0.000000
vt 0.802355 0.849711 0.000000
vt 0.801722 0.857248 0.000000
vt 0.800754 0.864599 0.000000
vt 0.799131 0.870545 0.000000
vt 0.803539 0.873187 0.000000
vt 0.795292 0.862383 0.000000
vt 0.795031 0.868340 0.000000
vt 0.789745 0.861087 0.000000
vt 0.790377 0.867167 0.000000
vt 0.790749 0.871912 0.000000
vt 0.785304 0.867031 0.000000
vt 0.786761 0.871475 0.000000
vt 0.779140 0.868949 0.000000
vt 0.781930 0.872869 0.000000
vt 0.773052 0.874391 0.000000
vt 0.777288 0.877705 0.000000
vt 0.768507 0.882871 0.000000
vt 0.773981 0.885210 0.000000
vt 0.778027 0.886881 0.000000
vt 0.781534 0.887958 0.000000
vt 0.771993 0.894226 0.000000
vt 0.777056 0.894652 0.000000
vt 0.780689 0.894884 0.000000
vt 0.777684 0.902091 0.000000
vt 0.781708 0.901091 0.000000
vt 0.779759 0.908592 0.000000
vt 0.783730 0.906113 0.000000
vt 0.786964 0.904514 0.000000
vt 0.786430 0.909775 0.000000
vt 0.789248 0.907329 0.000000
vt 0.791590 0.905972 0.000000
vt 0.792337 0.907669 0.000000
vt 0.783210 0.913633 0.000000
vt 0.774534 0.912046 0.000000
vt 0.779637 0.919491 0.000000
vt 0.767425 0.916489 0.000000
vt 0.774806 0.927326 0.000000
vt 0.758401 0.921518 0.000000
vt 0.767446 0.936209 0.000000
vt 0.781843 0.948373 0.000000
vt 0.755956 0.945909 0.000000
vt 0.771496 0.964984 0.000000
vt 0.794756 0.976528 0.000000
vt 0.800611 0.953975 0.000000
vt 0.653302 0.079679 0.000000
vt 0.660086 0.072084 0.000000
vt 0.652022 0.066404 0.000000
vt 0.644200 0.073693 0.000000
vt 0.636674 0.080170 0.000000
vt 0.646827 0.086746 0.000000
vt 0.635615 0.066765 0.000000
vt 0.627400 0.072272 0.000000
vt 0.619790 0.077570 0.000000
vt 0.629428 0.086132 0.000000
vt 0.640423 0.093375 0.000000
vt 0.612673 0.083779 0.000000
vt 0.622259 0.092347 0.000000
vt 0.631972 0.099860 0.000000
vt 0.614185 0.100183 0.000000
vt 0.623820 0.107663 0.000000
vt 0.605505 0.092249 0.000000
vt 0.625484 0.123420 0.000000
vt 0.633476 0.113758 0.000000
vt 0.641994 0.106106 0.000000
vt 0.541587 0.197566 0.000000
vt 0.526902 0.204696 0.000000
vt 0.540007 0.218287 0.000000
vt 0.552807 0.209760 0.000000
vt 0.565250 0.201902 0.000000
vt 0.555880 0.191541 0.000000
vt 0.552634 0.230111 0.000000
vt 0.563624 0.220075 0.000000
vt 0.573724 0.210814 0.000000
vt 0.563930 0.240057 0.000000
vt 0.574335 0.229007 0.000000
vt 0.583373 0.218637 0.000000
vt 0.574152 0.248583 0.000000
vt 0.584960 0.237346 0.000000
vt 0.594415 0.226268 0.000000
vt 0.583236 0.257436 0.000000
vt 0.562854 0.260671 0.000000
vt 0.570235 0.269123 0.000000
vt 0.577128 0.278216 0.000000
vt 0.591672 0.267390 0.000000
vt 0.584839 0.287730 0.000000
vt 0.599981 0.278597 0.000000
vt 0.594335 0.298944 0.000000
vt 0.608936 0.290726 0.000000
vt 0.605383 0.311846 0.000000
vt 0.619661 0.304027 0.000000
vt 0.617023 0.325514 0.000000
vt 0.631458 0.318115 0.000000
vt 0.644624 0.311406 0.000000
vt 0.657273 0.304850 0.000000
vt 0.629665 0.340589 0.000000
vt 0.602866 0.333309 0.000000
vt 0.614851 0.347504 0.000000
vt 0.625565 0.364653 0.000000
vt 0.642390 0.359567 0.000000
vt 0.628941 0.384628 0.000000
vt 0.646907 0.384082 0.000000
vt 0.625118 0.405433 0.000000
vt 0.643827 0.409024 0.000000
vt 0.664769 0.411399 0.000000
vt 0.638570 0.431316 0.000000
vt 0.662420 0.436849 0.000000
vt 0.686381 0.440843 0.000000
vt 0.686544 0.414567 0.000000
vt 0.709696 0.446371 0.000000
vt 0.709696 0.416436 0.000000
vt 0.858676 0.553199 0.000000
vt 0.856124 0.507026 0.000000
vt 0.805355 0.507026 0.000000
vt 0.814343 0.553562 0.000000
vt 0.828601 0.595881 0.000000
vt 0.867011 0.596616 0.000000
vt 0.837352 0.634922 0.000000
vt 0.873258 0.638896 0.000000
vt 0.768691 0.556208 0.000000
vt 0.786281 0.598710 0.000000
vt 0.803637 0.636229 0.000000
vt 0.812662 0.667497 0.000000
vt 0.840721 0.666803 0.000000
vt 0.749332 0.609165 0.000000
vt 0.770688 0.644791 0.000000
vt 0.785857 0.673227 0.000000
vt 0.795302 0.697356 0.000000
vt 0.816891 0.693112 0.000000
vt 0.741183 0.661498 0.000000
vt 0.760685 0.686434 0.000000
vt 0.774642 0.706020 0.000000
vt 0.785381 0.723329 0.000000
vt 0.800995 0.715682 0.000000
vt 0.739097 0.706410 0.000000
vt 0.756584 0.722304 0.000000
vt 0.771252 0.735548 0.000000
vt 0.782779 0.745528 0.000000
vt 0.743743 0.742756 0.000000
vt 0.760511 0.752351 0.000000
vt 0.773307 0.759285 0.000000
vt 0.785136 0.765638 0.000000
vt 0.792797 0.753564 0.000000
vt 0.753152 0.769579 0.000000
vt 0.766639 0.773879 0.000000
vt 0.778444 0.778068 0.000000
vt 0.788766 0.783342 0.000000
vt 0.795387 0.771979 0.000000
vt 0.763179 0.786359 0.000000
vt 0.774156 0.788711 0.000000
vt 0.783761 0.792476 0.000000
vt 0.792323 0.798188 0.000000
vt 0.797995 0.789457 0.000000
vt 0.770823 0.797225 0.000000
vt 0.779634 0.799966 0.000000
vt 0.787424 0.804878 0.000000
vt 0.789272 0.817832 0.000000
vt 0.783720 0.823269 0.000000
vt 0.796117 0.826487 0.000000
vt 0.801611 0.833274 0.000000
vt 0.761000 0.796641 0.000000
vt 0.760226 0.804723 0.000000
vt 0.747868 0.796914 0.000000
vt 0.747793 0.806918 0.000000
vt 0.749437 0.816163 0.000000
vt 0.761308 0.812857 0.000000
vt 0.753497 0.825086 0.000000
vt 0.764207 0.821217 0.000000
vt 0.759289 0.834288 0.000000
vt 0.766031 0.845437 0.000000
vt 0.761158 0.862517 0.000000
vt 0.771581 0.855778 0.000000
vt 0.767735 0.869745 0.000000
vt 0.775916 0.863863 0.000000
vt 0.783511 0.861175 0.000000
vt 0.752184 0.874746 0.000000
vt 0.761324 0.879451 0.000000
vt 0.746529 0.890148 0.000000
vt 0.757195 0.891870 0.000000
vt 0.765193 0.893397 0.000000
vt 0.755608 0.906306 0.000000
vt 0.764700 0.904718 0.000000
vt 0.771879 0.903422 0.000000
vt 0.744860 0.907593 0.000000
vt 0.747066 0.926693 0.000000
vt 0.731472 0.909668 0.000000
vt 0.733396 0.932008 0.000000
vt 0.740455 0.955385 0.000000
vt 0.716081 0.938363 0.000000
vt 0.722192 0.964359 0.000000
vt 0.731499 0.990401 0.000000
vt 0.752296 0.978945 0.000000
vt 0.699499 0.970732 0.000000
vt 0.706803 0.999833 0.000000
vt 0.644621 0.059960 0.000000
vt 0.637429 0.051741 0.000000
vt 0.628048 0.057715 0.000000
vt 0.630175 0.041208 0.000000
vt 0.620661 0.046359 0.000000
vt 0.612938 0.050557 0.000000
vt 0.619457 0.063112 0.000000
vt 0.605750 0.055319 0.000000
vt 0.611857 0.068533 0.000000
vt 0.607020 0.032877 0.000000
vt 0.615078 0.030682 0.000000
vt 0.612732 0.014861 0.000000
vt 0.603528 0.015770 0.000000
vt 0.611573 0.000500 0.000000
vt 0.602193 0.000500 0.000000
vt 0.147918 0.497805 0.000000
vt 0.147918 0.470198 0.000000
vt 0.130403 0.469767 0.000000
vt 0.130142 0.497805 0.000000
vt 0.165789 0.497805 0.000000
vt 0.131112 0.444135 0.000000
vt 0.111352 0.444351 0.000000
vt 0.110739 0.469756 0.000000
vt 0.110880 0.497805 0.000000
vt 0.147445 0.444767 0.000000
vt 0.148419 0.421529 0.000000
vt 0.132387 0.419908 0.000000
vt 0.137043 0.397109 0.000000
vt 0.115201 0.392661 0.000000
vt 0.112863 0.418356 0.000000
vt 0.152421 0.401498 0.000000
vt 0.159886 0.385137 0.000000
vt 0.144277 0.377576 0.000000
vt 0.164915 0.405979 0.000000
vt 0.171007 0.392782 0.000000
vt 0.178721 0.383237 0.000000
vt 0.174983 0.410428 0.000000
vt 0.180451 0.400087 0.000000
vt 0.186099 0.392171 0.000000
vt 0.193403 0.385781 0.000000
vt 0.187879 0.375799 0.000000
vt 0.188173 0.405569 0.000000
vt 0.192895 0.399102 0.000000
vt 0.197774 0.393639 0.000000
vt 0.204370 0.389545 0.000000
vt 0.202217 0.381028 0.000000
vt 0.197778 0.403866 0.000000
vt 0.201824 0.399199 0.000000
vt 0.206061 0.395625 0.000000
vt 0.211155 0.388079 0.000000
vt 0.204693 0.403199 0.000000
vt 0.208317 0.400550 0.000000
vt 0.206861 0.406008 0.000000
vt 0.210432 0.404079 0.000000
vt 0.208877 0.408468 0.000000
vt 0.212393 0.406949 0.000000
vt 0.215603 0.405392 0.000000
vt 0.214123 0.409768 0.000000
vt 0.217544 0.408479 0.000000
vt 0.221253 0.406957 0.000000
vt 0.218977 0.403603 0.000000
vt 0.225597 0.404678 0.000000
vt 0.222718 0.400659 0.000000
vt 0.230976 0.400670 0.000000
vt 0.227596 0.396190 0.000000
vt 0.223564 0.392212 0.000000
vt 0.221085 0.381808 0.000000
vt 0.217964 0.389107 0.000000
vt 0.211720 0.379469 0.000000
vt 0.223579 0.373016 0.000000
vt 0.212674 0.369734 0.000000
vt 0.199621 0.370161 0.000000
vt 0.212953 0.358883 0.000000
vt 0.225455 0.361863 0.000000
vt 0.226589 0.350379 0.000000
vt 0.213425 0.347464 0.000000
vt 0.228505 0.340375 0.000000
vt 0.214337 0.336207 0.000000
vt 0.231587 0.331255 0.000000
vt 0.217054 0.325154 0.000000
vt 0.196898 0.316766 0.000000
vt 0.222327 0.314015 0.000000
vt 0.204475 0.301707 0.000000
vt 0.185127 0.286031 0.000000
vt 0.174987 0.304514 0.000000
vt 0.160685 0.263283 0.000000
vt 0.146482 0.284343 0.000000
vt 0.136007 0.240960 0.000000
vt 0.119129 0.267085 0.000000
vt 0.104654 0.292723 0.000000
vt 0.081742 0.280123 0.000000
vt 0.064725 0.267731 0.000000
vt 0.049082 0.256771 0.000000
vt 0.038546 0.281933 0.000000
vt 0.722048 0.361248 0.000000
vt 0.717659 0.374704 0.000000
vt 0.026475 0.304852 0.000000
vt 0.713621 0.387705 0.000000
vt 0.179396 0.243011 0.000000
vt 0.157375 0.214785 0.000000
vt 0.198771 0.224325 0.000000
vt 0.217493 0.253345 0.000000
vt 0.236172 0.237151 0.000000
vt 0.221593 0.207901 0.000000
vt 0.199455 0.268207 0.000000
vt 0.216065 0.287981 0.000000
vt 0.230901 0.274607 0.000000
vt 0.242715 0.291125 0.000000
vt 0.258543 0.279026 0.000000
vt 0.248815 0.260238 0.000000
vt 0.230622 0.302651 0.000000
vt 0.243239 0.313992 0.000000
vt 0.253077 0.304047 0.000000
vt 0.236096 0.322188 0.000000
vt 0.245734 0.328802 0.000000
vt 0.252272 0.321488 0.000000
vt 0.241034 0.335212 0.000000
vt 0.252612 0.334331 0.000000
vt 0.237815 0.342949 0.000000
vt 0.235780 0.352403 0.000000
vt 0.258311 0.341612 0.000000
vt 0.264570 0.337692 0.000000
vt 0.259058 0.328974 0.000000
vt 0.272796 0.333637 0.000000
vt 0.267755 0.323473 0.000000
vt 0.261335 0.313516 0.000000
vt 0.279017 0.318241 0.000000
vt 0.273526 0.306524 0.000000
vt 0.266578 0.293980 0.000000
vt 0.286917 0.301644 0.000000
vt 0.282574 0.288348 0.000000
vt 0.276928 0.270541 0.000000
vt 0.298539 0.286890 0.000000
vt 0.296877 0.268877 0.000000
vt 0.294010 0.246538 0.000000
vt 0.269872 0.249520 0.000000
vt 0.289954 0.220361 0.000000
vt 0.261007 0.224625 0.000000
vt 0.285268 0.190467 0.000000
vt 0.250979 0.194982 0.000000
vt 0.282157 0.156565 0.000000
vt 0.320729 0.194243 0.000000
vt 0.281077 0.121283 0.000000
vt 0.278853 0.087809 0.000000
vt 0.749273 0.013496 0.000000
vt 0.735536 0.013496 0.000000
vt 0.736363 0.027350 0.000000
vt 0.750013 0.025431 0.000000
vt 0.763895 0.025603 0.000000
vt 0.762841 0.014191 0.000000
vt 0.752537 0.038361 0.000000
vt 0.765977 0.037460 0.000000
vt 0.778234 0.036404 0.000000
vt 0.776337 0.025181 0.000000
vt 0.775179 0.013496 0.000000
vt 0.789328 0.034885 0.000000
vt 0.787379 0.024485 0.000000
vt 0.785818 0.013496 0.000000
vt 0.796395 0.013496 0.000000
vt 0.806172 0.013496 0.000000
vt 0.153641 0.057295 0.000000
vt 0.129209 0.041764 0.000000
vt 0.121596 0.067758 0.000000
vt 0.141967 0.085463 0.000000
vt 0.109724 0.089879 0.000000
vt 0.126232 0.110916 0.000000
vt 0.090500 0.111239 0.000000
vt 0.063524 0.132559 0.000000
vt 0.019256 0.128770 0.000000
vt 0.033488 0.152917 0.000000
vt 0.710696 0.432979 0.000000
vt 0.710896 0.447563 0.000000
vt 0.731109 0.444238 0.000000
vt 0.729386 0.430917 0.000000
vt 0.728112 0.418338 0.000000
vt 0.710696 0.417434 0.000000
vt 0.746593 0.429409 0.000000
vt 0.744603 0.418968 0.000000
vt 0.726169 0.405365 0.000000
vt 0.710696 0.401313 0.000000
vt 0.761352 0.427588 0.000000
vt 0.758498 0.417788 0.000000
vt 0.773201 0.425308 0.000000
vt 0.769150 0.414778 0.000000
vt 0.783470 0.421989 0.000000
vt 0.778382 0.411197 0.000000
vt 0.770662 0.400130 0.000000
vt 0.787660 0.405636 0.000000
vt 0.793615 0.417902 0.000000
vt 0.802782 0.413478 0.000000
vt 0.797003 0.401502 0.000000
vt 0.811504 0.409987 0.000000
vt 0.806729 0.399314 0.000000
vt 0.819183 0.408857 0.000000
vt 0.815589 0.399085 0.000000
vt 0.812475 0.386475 0.000000
vt 0.822556 0.399642 0.000000
vt 0.820901 0.389204 0.000000
vt 0.828432 0.400483 0.000000
vt 0.827683 0.391828 0.000000
vt 0.833682 0.401300 0.000000
vt 0.833547 0.394065 0.000000
vt 0.834192 0.385390 0.000000
vt 0.838989 0.396148 0.000000
vt 0.840025 0.388847 0.000000
vt 0.842556 0.381739 0.000000
vt 0.837133 0.377187 0.000000
vt 0.846279 0.376488 0.000000
vt 0.841304 0.370961 0.000000
vt 0.850939 0.372081 0.000000
vt 0.846504 0.365465 0.000000
vt 0.841790 0.359695 0.000000
vt 0.837975 0.354198 0.000000
vt 0.856488 0.368029 0.000000
vt 0.855005 0.379724 0.000000
vt 0.859934 0.377702 0.000000
vt 0.857932 0.387524 0.000000
vt 0.862068 0.386964 0.000000
vt 0.859367 0.395241 0.000000
vt 0.862914 0.395935 0.000000
vt 0.866663 0.397327 0.000000
vt 0.862252 0.403970 0.000000
vt 0.865812 0.406125 0.000000
vt 0.870161 0.408899 0.000000
vt 0.875306 0.412260 0.000000
vt 0.862839 0.414186 0.000000
vt 0.866721 0.417338 0.000000
vt 0.871495 0.421783 0.000000
vt 0.877054 0.427157 0.000000
vt 0.881479 0.416085 0.000000
vt 0.861218 0.424123 0.000000
vt 0.864988 0.428901 0.000000
vt 0.870305 0.435596 0.000000
vt 0.876113 0.443567 0.000000
vt 0.883261 0.433415 0.000000
vt 0.857548 0.433901 0.000000
vt 0.861788 0.441698 0.000000
vt 0.867263 0.451456 0.000000
vt 0.873266 0.462301 0.000000
vt 0.883468 0.452874 0.000000
vt 0.852138 0.445158 0.000000
vt 0.855146 0.455900 0.000000
vt 0.859961 0.468449 0.000000
vt 0.865550 0.479767 0.000000
vt 0.841841 0.455925 0.000000
vt 0.842600 0.468287 0.000000
vt 0.845999 0.480848 0.000000
vt 0.826866 0.462605 0.000000
vt 0.826554 0.477190 0.000000
vt 0.831662 0.492688 0.000000
vt 0.837611 0.506026 0.000000
vt 0.814928 0.490161 0.000000
vt 0.818471 0.506026 0.000000
vt 0.865505 0.080580 0.000000
vt 0.858133 0.076767 0.000000
vt 0.853201 0.088031 0.000000
vt 0.860117 0.092024 0.000000
vt 0.846593 0.082970 0.000000
vt 0.840432 0.096051 0.000000
vt 0.851868 0.071766 0.000000
vt 0.845083 0.065909 0.000000
vt 0.839701 0.076450 0.000000
vt 0.856599 0.062565 0.000000
vt 0.850247 0.056260 0.000000
vt 0.842993 0.049515 0.000000
vt 0.837166 0.058893 0.000000
vt 0.863312 0.052629 0.000000
vt 0.856859 0.046492 0.000000
vt 0.849338 0.040390 0.000000
vt 0.841192 0.033466 0.000000
vt 0.834835 0.042215 0.000000
vt 0.731236 0.506026 0.000000
vt 0.749733 0.506026 0.000000
vt 0.748216 0.489160 0.000000
vt 0.731170 0.490452 0.000000
vt 0.710696 0.491874 0.000000
vt 0.710696 0.506026 0.000000
vt 0.005085 0.041995 0.000000
vt 0.040233 0.039598 0.000000
vt 0.042991 0.013013 0.000000
vt 0.009500 0.013013 0.000000
vt 0.731390 0.473422 0.000000
vt 0.710696 0.476787 0.000000
vt 0.003012 0.073112 0.000000
vt 0.731723 0.457443 0.000000
vt 0.710696 0.461895 0.000000
vt 0.008476 0.102690 0.000000
vt 0.748843 0.471033 0.000000
vt 0.751352 0.452881 0.000000
vt 0.749371 0.440705 0.000000
vt 0.765194 0.451973 0.000000
vt 0.764274 0.437901 0.000000
vt 0.777305 0.451769 0.000000
vt 0.776110 0.436667 0.000000
vt 0.762485 0.470389 0.000000
vt 0.775755 0.470450 0.000000
vt 0.762806 0.488972 0.000000
vt 0.766343 0.506026 0.000000
vt 0.833263 0.026070 0.000000
vt 0.824547 0.019799 0.000000
vt 0.819992 0.029093 0.000000
vt 0.827068 0.035023 0.000000
vt 0.072781 0.038197 0.000000
vt 0.075652 0.013013 0.000000
vt 0.099860 0.050830 0.000000
vt 0.104883 0.026450 0.000000
vt 0.815542 0.015634 0.000000
vt 0.813920 0.038079 0.000000
vt 0.820370 0.044316 0.000000
vt 0.828569 0.051622 0.000000
vt 0.813173 0.053269 0.000000
vt 0.822059 0.061236 0.000000
vt 0.831383 0.069030 0.000000
vt 0.814330 0.071151 0.000000
vt 0.824358 0.080030 0.000000
vt 0.832406 0.088544 0.000000
vt 0.815456 0.090875 0.000000
vt 0.824767 0.100355 0.000000
vt 0.834177 0.109128 0.000000
vt 0.816134 0.111547 0.000000
vt 0.826537 0.121044 0.000000
vt 0.804630 0.122556 0.000000
vt 0.815152 0.131555 0.000000
vt 0.824438 0.139717 0.000000
vt 0.802392 0.143135 0.000000
vt 0.811951 0.151415 0.000000
vt 0.820308 0.158622 0.000000
vt 0.832087 0.146077 0.000000
vt 0.827959 0.164289 0.000000
vt 0.809454 0.170307 0.000000
vt 0.817961 0.176248 0.000000
vt 0.826396 0.181259 0.000000
vt 0.835556 0.169649 0.000000
vt 0.835872 0.186575 0.000000
vt 0.844379 0.175550 0.000000
vt 0.846665 0.193379 0.000000
vt 0.855199 0.182164 0.000000
vt 0.862067 0.172339 0.000000
vt 0.877700 0.169470 0.000000
vt 0.867739 0.164115 0.000000
vt 0.913428 0.437528 0.000000
vt 0.915719 0.419984 0.000000
vt 0.905327 0.414064 0.000000
vt 0.903736 0.431437 0.000000
vt 0.896316 0.409250 0.000000
vt 0.895508 0.425909 0.000000
vt 0.890708 0.440711 0.000000
vt 0.888319 0.420622 0.000000
vt 0.888264 0.405468 0.000000
vt 0.894831 0.392966 0.000000
vt 0.904656 0.397256 0.000000
vt 0.903813 0.381157 0.000000
vt 0.892516 0.377687 0.000000
vt 0.903177 0.365110 0.000000
vt 0.915719 0.386164 0.000000
vt 0.915719 0.369116 0.000000
vt 0.915719 0.402796 0.000000
vt 0.887957 0.171150 0.000000
vt 0.897715 0.170163 0.000000
vt 0.907664 0.168472 0.000000
vt 0.907664 0.177815 0.000000
vt 0.003965 0.437463 0.000000
vt 0.001453 0.460961 0.000000
vt 0.028254 0.459905 0.000000
vt 0.029862 0.435203 0.000000
vt 0.056057 0.462711 0.000000
vt 0.057885 0.437042 0.000000
vt 0.085425 0.467881 0.000000
vt 0.086456 0.442578 0.000000
vt 0.087631 0.415040 0.000000
vt 0.087073 0.386873 0.000000
vt 0.117856 0.369219 0.000000
vt 0.054935 0.485675 0.000000
vt 0.083647 0.491647 0.000000
vt 0.027361 0.483330 0.000000
vt 0.550924 0.000500 0.000000
vt 0.536307 0.000500 0.000000
vt 0.537595 0.010561 0.000000
vt 0.551967 0.010750 0.000000
vt 0.538895 0.019342 0.000000
vt 0.552498 0.019424 0.000000
vt 0.540228 0.028091 0.000000
vt 0.552610 0.027819 0.000000
vt 0.565130 0.028773 0.000000
vt 0.552449 0.035878 0.000000
vt 0.562867 0.037149 0.000000
vt 0.572091 0.042679 0.000000
vt 0.576810 0.035488 0.000000
vt 0.578587 0.054356 0.000000
vt 0.567093 0.049929 0.000000
vt 0.572248 0.058840 0.000000
vt 0.572956 0.070220 0.000000
vt 0.579824 0.069317 0.000000
vt 0.569542 0.080797 0.000000
vt 0.575298 0.083364 0.000000
vt 0.563519 0.088666 0.000000
vt 0.567570 0.093788 0.000000
vt 0.571619 0.099196 0.000000
vt 0.559468 0.100412 0.000000
vt 0.562123 0.107252 0.000000
vt 0.564562 0.113899 0.000000
vt 0.575518 0.104721 0.000000
vt 0.566888 0.120839 0.000000
vt 0.579715 0.110975 0.000000
vt 0.552911 0.118777 0.000000
vt 0.553659 0.126409 0.000000
vt 0.554316 0.133948 0.000000
vt 0.539785 0.128753 0.000000
vt 0.539305 0.136858 0.000000
vt 0.539138 0.146050 0.000000
vt 0.554809 0.142813 0.000000
vt 0.539058 0.156050 0.000000
vt 0.554544 0.153619 0.000000
vt 0.538705 0.166890 0.000000
vt 0.552982 0.165773 0.000000
vt 0.538346 0.178905 0.000000
vt 0.551245 0.177436 0.000000
vt 0.539192 0.190541 0.000000
vt 0.550846 0.188118 0.000000
vt 0.564420 0.662229 0.000000
vt 0.541806 0.662243 0.000000
vt 0.541844 0.680422 0.000000
vt 0.564796 0.678775 0.000000
vt 0.400650 0.437893 0.000000
vt 0.400650 0.424129 0.000000
vt 0.517363 0.663955 0.000000
vt 0.515931 0.683099 0.000000
vt 0.516080 0.698754 0.000000
vt 0.543504 0.695741 0.000000
vt 0.567986 0.694254 0.000000
vt 0.544144 0.710074 0.000000
vt 0.567986 0.707948 0.000000
vt 0.545877 0.724114 0.000000
vt 0.567986 0.722915 0.000000
vt 0.449959 0.441735 0.000000
vt 0.452106 0.427615 0.000000
vt 0.547943 0.740082 0.000000
vt 0.567986 0.739926 0.000000
vt 0.464179 0.445479 0.000000
vt 0.466246 0.432297 0.000000
vt 0.468938 0.420634 0.000000
vt 0.456252 0.417818 0.000000
vt 0.479085 0.448637 0.000000
vt 0.567986 0.757912 0.000000
vt 0.548549 0.757455 0.000000
vt 0.548759 0.776686 0.000000
vt 0.567986 0.776278 0.000000
vt 0.493898 0.452373 0.000000
vt 0.548021 0.798018 0.000000
vt 0.567986 0.798205 0.000000
vt 0.511063 0.458499 0.000000
vt 0.547581 0.821204 0.000000
vt 0.567986 0.823227 0.000000
vt 0.530781 0.465213 0.000000
vt 0.531747 0.450591 0.000000
vt 0.550783 0.452325 0.000000
vt 0.547580 0.436977 0.000000
vt 0.532560 0.436221 0.000000
vt 0.553387 0.469519 0.000000
vt 0.545367 0.424097 0.000000
vt 0.533705 0.423074 0.000000
vt 0.529465 0.407201 0.000000
vt 0.522327 0.399434 0.000000
vt 0.535791 0.398553 0.000000
vt 0.529128 0.391094 0.000000
vt 0.523430 0.382348 0.000000
vt 0.516036 0.389788 0.000000
vt 0.541677 0.392405 0.000000
vt 0.535784 0.384670 0.000000
vt 0.530060 0.376677 0.000000
vt 0.525258 0.368512 0.000000
vt 0.518356 0.373238 0.000000
vt 0.542694 0.379819 0.000000
vt 0.538086 0.371794 0.000000
vt 0.534287 0.364570 0.000000
vt 0.531570 0.358087 0.000000
vt 0.521782 0.360604 0.000000
vt 0.546236 0.368312 0.000000
vt 0.542923 0.361328 0.000000
vt 0.539821 0.355416 0.000000
vt 0.529272 0.352173 0.000000
vt 0.549705 0.358189 0.000000
vt 0.546187 0.352374 0.000000
vt 0.555373 0.354581 0.000000
vt 0.550829 0.348641 0.000000
vt 0.560198 0.349981 0.000000
vt 0.554627 0.343915 0.000000
vt 0.549283 0.339477 0.000000
vt 0.543463 0.336777 0.000000
vt 0.558386 0.337315 0.000000
vt 0.551733 0.332583 0.000000
vt 0.545085 0.329875 0.000000
vt 0.537702 0.328601 0.000000
vt 0.536130 0.335142 0.000000
vt 0.531259 0.317971 0.000000
vt 0.522697 0.316944 0.000000
vt 0.533177 0.306193 0.000000
vt 0.525341 0.305431 0.000000
vt 0.516062 0.304476 0.000000
vt 0.513929 0.314008 0.000000
vt 0.523338 0.293667 0.000000
vt 0.514866 0.293291 0.000000
vt 0.506699 0.293916 0.000000
vt 0.507940 0.303207 0.000000
vt 0.519229 0.280349 0.000000
vt 0.510933 0.282168 0.000000
vt 0.503796 0.283610 0.000000
vt 0.497361 0.285816 0.000000
vt 0.500217 0.294628 0.000000
vt 0.504035 0.270433 0.000000
vt 0.497706 0.273841 0.000000
vt 0.492293 0.276998 0.000000
vt 0.487691 0.280315 0.000000
vt 0.492550 0.287519 0.000000
vt 0.488249 0.265840 0.000000
vt 0.484120 0.271057 0.000000
vt 0.479951 0.275281 0.000000
vt 0.476572 0.278698 0.000000
vt 0.483723 0.282808 0.000000
vt 0.474072 0.267867 0.000000
vt 0.470805 0.272822 0.000000
vt 0.468317 0.277352 0.000000
vt 0.461609 0.272697 0.000000
vt 0.461149 0.278761 0.000000
vt 0.462075 0.284082 0.000000
vt 0.465350 0.288653 0.000000
vt 0.454214 0.282128 0.000000
vt 0.456844 0.287923 0.000000
vt 0.461336 0.292581 0.000000
vt 0.451759 0.293157 0.000000
vt 0.457441 0.297818 0.000000
vt 0.465358 0.300977 0.000000
vt 0.468008 0.296186 0.000000
vt 0.471158 0.292399 0.000000
vt 0.479025 0.293639 0.000000
vt 0.481906 0.298302 0.000000
vt 0.484638 0.297307 0.000000
vt 0.482091 0.292040 0.000000
vt 0.487704 0.296418 0.000000
vt 0.485234 0.290616 0.000000
vt 0.491289 0.295573 0.000000
vt 0.488471 0.289088 0.000000
vt 0.495557 0.294785 0.000000
vt 0.496359 0.301355 0.000000
vt 0.501666 0.302228 0.000000
vt 0.495568 0.306302 0.000000
vt 0.500263 0.308631 0.000000
vt 0.506473 0.311318 0.000000
vt 0.496896 0.313386 0.000000
vt 0.502334 0.317644 0.000000
vt 0.492631 0.316878 0.000000
vt 0.497203 0.322020 0.000000
vt 0.487632 0.319363 0.000000
vt 0.491216 0.325091 0.000000
vt 0.481720 0.321351 0.000000
vt 0.484556 0.327596 0.000000
vt 0.488474 0.334646 0.000000
vt 0.476303 0.330435 0.000000
vt 0.480230 0.338098 0.000000
vt 0.485051 0.345416 0.000000
vt 0.493160 0.341586 0.000000
vt 0.490353 0.352393 0.000000
vt 0.497364 0.348116 0.000000
vt 0.494859 0.359183 0.000000
vt 0.501086 0.354615 0.000000
vt 0.508191 0.350921 0.000000
vt 0.504778 0.361759 0.000000
vt 0.510998 0.357427 0.000000
vt 0.519410 0.354156 0.000000
vt 0.517071 0.347841 0.000000
vt 0.527377 0.346519 0.000000
vt 0.514087 0.364765 0.000000
vt 0.507727 0.369899 0.000000
vt 0.511447 0.379601 0.000000
vt 0.501677 0.374945 0.000000
vt 0.504080 0.386136 0.000000
vt 0.496084 0.391862 0.000000
vt 0.498556 0.366270 0.000000
vt 0.483080 0.358388 0.000000
vt 0.476489 0.351760 0.000000
vt 0.466816 0.360455 0.000000
vt 0.459238 0.348805 0.000000
vt 0.449631 0.353356 0.000000
vt 0.457607 0.367755 0.000000
vt 0.469734 0.343386 0.000000
vt 0.465763 0.333988 0.000000
vt 0.454521 0.336967 0.000000
vt 0.453322 0.326693 0.000000
vt 0.443382 0.328095 0.000000
vt 0.444843 0.339762 0.000000
vt 0.463435 0.325334 0.000000
vt 0.462631 0.318277 0.000000
vt 0.473923 0.323310 0.000000
vt 0.472096 0.317449 0.000000
vt 0.471422 0.312330 0.000000
vt 0.462561 0.312144 0.000000
vt 0.479630 0.316091 0.000000
vt 0.478367 0.311845 0.000000
vt 0.477682 0.307760 0.000000
vt 0.471289 0.307658 0.000000
vt 0.485006 0.314572 0.000000
vt 0.483287 0.310573 0.000000
vt 0.481969 0.306996 0.000000
vt 0.486983 0.309162 0.000000
vt 0.485166 0.305869 0.000000
vt 0.483722 0.302453 0.000000
vt 0.489304 0.312682 0.000000
vt 0.492921 0.310071 0.000000
vt 0.463501 0.306312 0.000000
vt 0.434907 0.329757 0.000000
vt 0.435806 0.341716 0.000000
vt 0.440336 0.355784 0.000000
vt 0.427947 0.342438 0.000000
vt 0.431086 0.355257 0.000000
vt 0.422146 0.353015 0.000000
vt 0.412978 0.350045 0.000000
vt 0.416309 0.363702 0.000000
vt 0.400650 0.268485 0.000000
vt 0.400650 0.280520 0.000000
vt 0.404710 0.282374 0.000000
vt 0.406550 0.271534 0.000000
vt 0.408558 0.260390 0.000000
vt 0.400650 0.255446 0.000000
vt 0.418903 0.376981 0.000000
vt 0.400650 0.244264 0.000000
vt 0.420364 0.388519 0.000000
vt 0.401580 0.234148 0.000000
vt 0.422486 0.399368 0.000000
vt 0.431609 0.397712 0.000000
vt 0.439510 0.401789 0.000000
vt 0.415671 0.265213 0.000000
vt 0.421779 0.271223 0.000000
vt 0.426690 0.277210 0.000000
vt 0.431584 0.272414 0.000000
vt 0.435221 0.278464 0.000000
vt 0.441390 0.274299 0.000000
vt 0.437585 0.268588 0.000000
vt 0.429722 0.283125 0.000000
vt 0.432813 0.289788 0.000000
vt 0.438176 0.284885 0.000000
vt 0.424298 0.288582 0.000000
vt 0.427430 0.294341 0.000000
vt 0.417453 0.293379 0.000000
vt 0.421000 0.298357 0.000000
vt 0.424645 0.304843 0.000000
vt 0.427278 0.311827 0.000000
vt 0.413658 0.301945 0.000000
vt 0.416489 0.308112 0.000000
vt 0.411211 0.310071 0.000000
vt 0.405665 0.312695 0.000000
vt 0.410161 0.295861 0.000000
vt 0.427537 0.320954 0.000000
vt 0.427507 0.331833 0.000000
vt 0.447445 0.286894 0.000000
vt 0.444488 0.280249 0.000000
vt 0.452836 0.275522 0.000000
vt 0.451858 0.268385 0.000000
vt 0.462825 0.266358 0.000000
vt 0.463843 0.259772 0.000000
vt 0.449943 0.261060 0.000000
vt 0.463823 0.250462 0.000000
vt 0.476160 0.261627 0.000000
vt 0.479007 0.254169 0.000000
vt 0.481963 0.245998 0.000000
vt 0.492856 0.260203 0.000000
vt 0.498571 0.255184 0.000000
vt 0.504170 0.249532 0.000000
vt 0.486483 0.238136 0.000000
vt 0.510368 0.243466 0.000000
vt 0.493501 0.230263 0.000000
vt 0.609750 0.162972 0.000000
vt 0.611333 0.154233 0.000000
vt 0.518097 0.236019 0.000000
vt 0.502261 0.222319 0.000000
vt 0.614235 0.144857 0.000000
vt 0.528310 0.227378 0.000000
vt 0.513591 0.213628 0.000000
vt 0.619022 0.134324 0.000000
vt 0.542273 0.240555 0.000000
vt 0.553817 0.251428 0.000000
vt 0.511175 0.266766 0.000000
vt 0.563942 0.327748 0.000000
vt 0.565077 0.343912 0.000000
vt 0.572187 0.336121 0.000000
vt 0.581087 0.328123 0.000000
vt 0.569912 0.317331 0.000000
vt 0.591844 0.319997 0.000000
vt 0.580556 0.307679 0.000000
vt 0.591341 0.339911 0.000000
vt 0.580827 0.346313 0.000000
vt 0.590312 0.358172 0.000000
vt 0.601984 0.353352 0.000000
vt 0.596631 0.371159 0.000000
vt 0.610210 0.368589 0.000000
vt 0.598470 0.384349 0.000000
vt 0.612451 0.384882 0.000000
vt 0.595765 0.397262 0.000000
vt 0.609146 0.401581 0.000000
vt 0.588914 0.409168 0.000000
vt 0.600793 0.416466 0.000000
vt 0.617766 0.424302 0.000000
vt 0.592819 0.429336 0.000000
vt 0.609208 0.440540 0.000000
vt 0.630752 0.452252 0.000000
vt 0.596370 0.455451 0.000000
vt 0.617074 0.470247 0.000000
vt 0.582150 0.441044 0.000000
vt 0.580119 0.419173 0.000000
vt 0.571379 0.427177 0.000000
vt 0.560877 0.433690 0.000000
vt 0.567553 0.449001 0.000000
vt 0.576710 0.466704 0.000000
vt 0.564074 0.416821 0.000000
vt 0.555664 0.421276 0.000000
vt 0.560641 0.408510 0.000000
vt 0.567431 0.403759 0.000000
vt 0.562741 0.397025 0.000000
vt 0.557062 0.401167 0.000000
vt 0.572516 0.410926 0.000000
vt 0.580296 0.403130 0.000000
vt 0.585420 0.393388 0.000000
vt 0.587051 0.383316 0.000000
vt 0.585176 0.373219 0.000000
vt 0.576627 0.375021 0.000000
vt 0.572411 0.366290 0.000000
vt 0.565030 0.369968 0.000000
vt 0.568863 0.377582 0.000000
vt 0.580610 0.362352 0.000000
vt 0.572903 0.352295 0.000000
vt 0.566834 0.357460 0.000000
vt 0.560516 0.361828 0.000000
vt 0.553631 0.365312 0.000000
vt 0.557640 0.373281 0.000000
vt 0.550107 0.376376 0.000000
vt 0.554326 0.383888 0.000000
vt 0.561338 0.380567 0.000000
vt 0.558661 0.390565 0.000000
vt 0.547859 0.387629 0.000000
vt 0.552373 0.394491 0.000000
vt 0.526467 0.796783 0.000000
vt 0.525962 0.817466 0.000000
vt 0.505936 0.793985 0.000000
vt 0.505010 0.812668 0.000000
vt 0.503957 0.834657 0.000000
vt 0.487459 0.807668 0.000000
vt 0.485570 0.826975 0.000000
vt 0.479046 0.845839 0.000000
vt 0.494225 0.858163 0.000000
vt 0.463936 0.860875 0.000000
vt 0.473333 0.877152 0.000000
vt 0.444486 0.870773 0.000000
vt 0.449216 0.889257 0.000000
vt 0.455240 0.911397 0.000000
vt 0.422642 0.875641 0.000000
vt 0.440876 0.854566 0.000000
vt 0.423519 0.858639 0.000000
vt 0.404205 0.856854 0.000000
vt 0.398035 0.871530 0.000000
vt 0.386123 0.845992 0.000000
vt 0.376147 0.856596 0.000000
vt 0.372729 0.829570 0.000000
vt 0.360639 0.836354 0.000000
vt 0.346710 0.843698 0.000000
vt 0.351180 0.815324 0.000000
vt 0.335856 0.820527 0.000000
vt 0.318017 0.826135 0.000000
vt 0.330580 0.850652 0.000000
vt 0.297119 0.831513 0.000000
vt 0.308607 0.856606 0.000000
vt 0.272646 0.836638 0.000000
vt 0.284389 0.862642 0.000000
vt 0.299964 0.891375 0.000000
vt 0.259296 0.869683 0.000000
vt 0.275558 0.898749 0.000000
vt 0.290830 0.928391 0.000000
vt 0.317280 0.922161 0.000000
vt 0.300647 0.957068 0.000000
vt 0.328598 0.951589 0.000000
vt 0.304202 0.982330 0.000000
vt 0.331513 0.978789 0.000000
vt 0.362917 0.977943 0.000000
vt 0.396736 0.979662 0.000000
vt 0.684344 0.063869 0.000000
vt 0.689203 0.077698 0.000000
vt 0.699491 0.075849 0.000000
vt 0.694596 0.061204 0.000000
vt 0.689155 0.045653 0.000000
vt 0.678203 0.048916 0.000000
vt 0.706816 0.060144 0.000000
vt 0.701663 0.044989 0.000000
vt 0.698218 0.029123 0.000000
vt 0.695744 0.013496 0.000000
vt 0.713812 0.044557 0.000000
vt 0.710738 0.029320 0.000000
vt 0.709494 0.013496 0.000000
vt 0.726045 0.043148 0.000000
vt 0.723347 0.028977 0.000000
vt 0.722458 0.013496 0.000000
vt 0.739029 0.041108 0.000000
vt 0.731207 0.058251 0.000000
vt 0.744235 0.055735 0.000000
vt 0.757198 0.053127 0.000000
vt 0.763945 0.069301 0.000000
vt 0.775716 0.065402 0.000000
vt 0.769686 0.050981 0.000000
vt 0.786871 0.060133 0.000000
vt 0.781478 0.048138 0.000000
vt 0.797365 0.053848 0.000000
vt 0.792532 0.044513 0.000000
vt 0.806531 0.046028 0.000000
vt 0.804570 0.062331 0.000000
vt 0.794827 0.071364 0.000000
vt 0.805275 0.081240 0.000000
vt 0.784191 0.079088 0.000000
vt 0.795243 0.091268 0.000000
vt 0.805648 0.101177 0.000000
vt 0.783728 0.099993 0.000000
vt 0.794284 0.111905 0.000000
vt 0.781950 0.120139 0.000000
vt 0.792352 0.132992 0.000000
vt 0.770285 0.126251 0.000000
vt 0.780796 0.140158 0.000000
vt 0.791032 0.152431 0.000000
vt 0.769729 0.145722 0.000000
vt 0.780675 0.159754 0.000000
vt 0.790688 0.170577 0.000000
vt 0.800650 0.162369 0.000000
vt 0.799806 0.180081 0.000000
vt 0.791498 0.187585 0.000000
vt 0.808470 0.186972 0.000000
vt 0.817283 0.191752 0.000000
vt 0.826313 0.196801 0.000000
vt 0.835656 0.203732 0.000000
vt 0.844764 0.211745 0.000000
vt 0.853421 0.220167 0.000000
vt 0.865528 0.228715 0.000000
vt 0.784946 0.193933 0.000000
vt 0.758868 0.129780 0.000000
vt 0.748229 0.135408 0.000000
vt 0.738443 0.127694 0.000000
vt 0.730850 0.137298 0.000000
vt 0.738321 0.143510 0.000000
vt 0.728635 0.121830 0.000000
vt 0.723390 0.133318 0.000000
vt 0.718991 0.142338 0.000000
vt 0.715906 0.130256 0.000000
vt 0.712504 0.139643 0.000000
vt 0.708711 0.148858 0.000000
vt 0.714599 0.151413 0.000000
vt 0.704767 0.158495 0.000000
vt 0.710938 0.161316 0.000000
vt 0.700232 0.169109 0.000000
vt 0.693516 0.165522 0.000000
vt 0.688424 0.176233 0.000000
vt 0.695299 0.179900 0.000000
vt 0.698336 0.155333 0.000000
vt 0.691349 0.151501 0.000000
vt 0.686296 0.161644 0.000000
vt 0.702437 0.146182 0.000000
vt 0.705907 0.137218 0.000000
vt 0.708720 0.127790 0.000000
vt 0.710772 0.116447 0.000000
vt 0.702049 0.115088 0.000000
vt 0.719509 0.118387 0.000000
vt 0.712528 0.103165 0.000000
vt 0.712801 0.089605 0.000000
vt 0.702199 0.089416 0.000000
vt 0.702780 0.102395 0.000000
vt 0.692259 0.090314 0.000000
vt 0.693295 0.102232 0.000000
vt 0.692845 0.114421 0.000000
vt 0.254261 0.993924 0.000000
vt 0.279577 0.988239 0.000000
vt 0.274831 0.963936 0.000000
vt 0.249288 0.970587 0.000000
vt 0.265282 0.935871 0.000000
vt 0.240056 0.945009 0.000000
vt 0.217160 0.954942 0.000000
vt 0.225757 0.917433 0.000000
vt 0.204250 0.928728 0.000000
vt 0.184331 0.940173 0.000000
vt 0.196706 0.965477 0.000000
vt 0.683350 0.146500 0.000000
vt 0.678285 0.157520 0.000000
vt 0.188292 0.901929 0.000000
vt 0.170393 0.914653 0.000000
vt 0.673662 0.169082 0.000000
vt 0.681279 0.172705 0.000000
vt 0.669318 0.179644 0.000000
vt 0.677076 0.182814 0.000000
vt 0.684137 0.185705 0.000000
vt 0.673833 0.192450 0.000000
vt 0.681208 0.194566 0.000000
vt 0.688140 0.197056 0.000000
vt 0.690990 0.188970 0.000000
vt 0.695415 0.200437 0.000000
vt 0.690809 0.207691 0.000000
vt 0.697168 0.211658 0.000000
vt 0.701337 0.204504 0.000000
vt 0.703649 0.215427 0.000000
vt 0.707309 0.209143 0.000000
vt 0.709404 0.218176 0.000000
vt 0.712786 0.213044 0.000000
vt 0.718085 0.215768 0.000000
vt 0.723989 0.218794 0.000000
vt 0.729043 0.213006 0.000000
vt 0.729637 0.223423 0.000000
vt 0.736325 0.216494 0.000000
vt 0.743473 0.207155 0.000000
vt 0.734201 0.205007 0.000000
vt 0.750565 0.195457 0.000000
vt 0.738347 0.194661 0.000000
vt 0.739639 0.183201 0.000000
vt 0.740325 0.171474 0.000000
vt 0.752808 0.210844 0.000000
vt 0.762141 0.200375 0.000000
vt 0.743418 0.221488 0.000000
vt 0.735354 0.229725 0.000000
vt 0.727735 0.235340 0.000000
vt 0.719979 0.238933 0.000000
vt 0.723356 0.248490 0.000000
vt 0.714752 0.251717 0.000000
vt 0.717983 0.261684 0.000000
vt 0.726630 0.258079 0.000000
vt 0.711361 0.241818 0.000000
vt 0.706214 0.255297 0.000000
vt 0.720597 0.271097 0.000000
vt 0.729052 0.267107 0.000000
vt 0.723858 0.279123 0.000000
vt 0.731831 0.274683 0.000000
vt 0.740566 0.269592 0.000000
vt 0.735186 0.280993 0.000000
vt 0.743165 0.275707 0.000000
vt 0.752473 0.270146 0.000000
vt 0.750488 0.264006 0.000000
vt 0.761320 0.266168 0.000000
vt 0.759428 0.259993 0.000000
vt 0.769225 0.263833 0.000000
vt 0.767520 0.258291 0.000000
vt 0.775290 0.260803 0.000000
vt 0.773291 0.255934 0.000000
vt 0.780241 0.258173 0.000000
vt 0.777899 0.253361 0.000000
vt 0.775358 0.248596 0.000000
vt 0.772314 0.242796 0.000000
vt 0.784984 0.255670 0.000000
vt 0.782561 0.263534 0.000000
vt 0.787601 0.261228 0.000000
vt 0.792885 0.258840 0.000000
vt 0.789873 0.252686 0.000000
vt 0.798927 0.255799 0.000000
vt 0.795369 0.249019 0.000000
vt 0.807304 0.250997 0.000000
vt 0.802740 0.243619 0.000000
vt 0.796952 0.236366 0.000000
vt 0.789731 0.267632 0.000000
vt 0.784319 0.269530 0.000000
vt 0.785588 0.276301 0.000000
vt 0.790832 0.274365 0.000000
vt 0.780323 0.278641 0.000000
vt 0.781384 0.285740 0.000000
vt 0.779152 0.272150 0.000000
vt 0.773380 0.275421 0.000000
vt 0.774950 0.282423 0.000000
vt 0.777297 0.266202 0.000000
vt 0.771236 0.269437 0.000000
vt 0.763449 0.272423 0.000000
vt 0.765796 0.279210 0.000000
vt 0.767642 0.286715 0.000000
vt 0.754879 0.275879 0.000000
vt 0.746005 0.281433 0.000000
vt 0.738744 0.286841 0.000000
vt 0.732427 0.292372 0.000000
vt 0.738087 0.297491 0.000000
vt 0.727610 0.286466 0.000000
vt 0.720182 0.292087 0.000000
vt 0.725815 0.298820 0.000000
vt 0.715029 0.284448 0.000000
vt 0.000167 0.620414 0.000000
vt 0.006886 0.597654 0.000000
vt 0.712151 0.275003 0.000000
vt 0.000167 0.644880 0.000000
vt 0.021514 0.646398 0.000000
vt 0.043394 0.644457 0.000000
vt 0.000167 0.669992 0.000000
vt 0.021438 0.669866 0.000000
vt 0.045472 0.666749 0.000000
vt 0.070975 0.657960 0.000000
vt 0.064240 0.637446 0.000000
vt 0.078515 0.682033 0.000000
vt 0.106519 0.666593 0.000000
vt 0.095814 0.644294 0.000000
vt 0.090212 0.712661 0.000000
vt 0.120218 0.693987 0.000000
vt 0.148038 0.669455 0.000000
vt 0.133569 0.647602 0.000000
vt 0.106507 0.741490 0.000000
vt 0.099239 0.779827 0.000000
vt 0.124364 0.766438 0.000000
vt 0.116532 0.800296 0.000000
vt 0.140395 0.783773 0.000000
vt 0.131901 0.818426 0.000000
vt 0.155661 0.801511 0.000000
vt 0.183644 0.782379 0.000000
vt 0.213925 0.767014 0.000000
vt 0.169405 0.820284 0.000000
vt 0.196366 0.804308 0.000000
vt 0.225334 0.792178 0.000000
vt 0.255052 0.784999 0.000000
vt 0.248613 0.759779 0.000000
vt 0.208537 0.827087 0.000000
vt 0.235871 0.817433 0.000000
vt 0.262980 0.810453 0.000000
vt 0.288457 0.805745 0.000000
vt 0.283656 0.780813 0.000000
vt 0.246843 0.842266 0.000000
vt 0.220646 0.850834 0.000000
vt 0.234641 0.877738 0.000000
vt 0.193803 0.863259 0.000000
vt 0.209221 0.889267 0.000000
vt 0.250970 0.906986 0.000000
vt 0.171940 0.878196 0.000000
vt 0.181487 0.840519 0.000000
vt 0.157977 0.855927 0.000000
vt 0.139717 0.870280 0.000000
vt 0.154989 0.892644 0.000000
vt 0.145643 0.837002 0.000000
vt 0.126406 0.850441 0.000000
vt 0.665248 0.190697 0.000000
vt 0.665248 0.201268 0.000000
vt 0.112455 0.829833 0.000000
vt 0.665248 0.211579 0.000000
vt 0.096958 0.810780 0.000000
vt 0.668161 0.220230 0.000000
vt 0.079271 0.789518 0.000000
vt 0.673783 0.227739 0.000000
vt 0.680277 0.221687 0.000000
vt 0.692611 0.219165 0.000000
vt 0.685956 0.214875 0.000000
vt 0.699813 0.222914 0.000000
vt 0.705983 0.224890 0.000000
vt 0.307887 0.777443 0.000000
vt 0.306693 0.755159 0.000000
vt 0.280863 0.757304 0.000000
vt 0.310242 0.801125 0.000000
vt 0.329742 0.796946 0.000000
vt 0.327624 0.774160 0.000000
vt 0.328013 0.754241 0.000000
vt 0.347282 0.736475 0.000000
vt 0.329662 0.735134 0.000000
vt 0.306768 0.734544 0.000000
vt 0.330218 0.719080 0.000000
vt 0.307279 0.716139 0.000000
vt 0.279032 0.713108 0.000000
vt 0.279224 0.734865 0.000000
vt 0.308601 0.696743 0.000000
vt 0.282099 0.690264 0.000000
vt 0.313223 0.675022 0.000000
vt 0.289640 0.666191 0.000000
vt 0.262865 0.656579 0.000000
vt 0.299697 0.641050 0.000000
vt 0.276087 0.629957 0.000000
vt 0.253475 0.619085 0.000000
vt 0.235960 0.645386 0.000000
vt 0.234050 0.607527 0.000000
vt 0.214137 0.633284 0.000000
vt 0.216832 0.595237 0.000000
vt 0.196068 0.619413 0.000000
vt 0.174219 0.644476 0.000000
vt 0.179820 0.604152 0.000000
vt 0.157270 0.626237 0.000000
vt 0.164727 0.588416 0.000000
vt 0.141750 0.607531 0.000000
vt 0.118942 0.627079 0.000000
vt 0.128558 0.590273 0.000000
vt 0.105114 0.608556 0.000000
vt 0.084419 0.625108 0.000000
vt 0.093679 0.592686 0.000000
vt 0.073777 0.608166 0.000000
vt 0.083241 0.578757 0.000000
vt 0.063001 0.593329 0.000000
vt 0.073564 0.565692 0.000000
vt 0.051476 0.579120 0.000000
vt 0.064667 0.552858 0.000000
vt 0.039866 0.564907 0.000000
vt 0.020510 0.579644 0.000000
vt 0.733510 0.304452 0.000000
vt 0.744268 0.307350 0.000000
vt 0.746877 0.300987 0.000000
vt 0.757508 0.307350 0.000000
vt 0.758418 0.301219 0.000000
vt 0.770128 0.307350 0.000000
vt 0.769065 0.301038 0.000000
vt 0.768352 0.294394 0.000000
vt 0.776708 0.295962 0.000000
vt 0.775618 0.289824 0.000000
vt 0.782635 0.291716 0.000000
vt 0.784442 0.296785 0.000000
vt 0.788503 0.293928 0.000000
vt 0.778534 0.301352 0.000000
vt 0.134503 0.511894 0.000000
vt 0.141112 0.523154 0.000000
vt 0.154433 0.512267 0.000000
vt 0.148607 0.502859 0.000000
vt 0.116527 0.524476 0.000000
vt 0.123246 0.536221 0.000000
vt 0.131138 0.547484 0.000000
vt 0.148952 0.533573 0.000000
vt 0.091840 0.538593 0.000000
vt 0.099901 0.550889 0.000000
vt 0.108238 0.562911 0.000000
vt 0.117555 0.576020 0.000000
vt 0.140343 0.559602 0.000000
vt 0.151305 0.572873 0.000000
vt 0.171117 0.556279 0.000000
vt 0.158728 0.544033 0.000000
vt 0.185932 0.540817 0.000000
vt 0.172041 0.530894 0.000000
vt 0.162011 0.521439 0.000000
vt 0.181196 0.518776 0.000000
vt 0.172216 0.510888 0.000000
vt 0.165416 0.504028 0.000000
vt 0.195805 0.525445 0.000000
vt 0.201771 0.550307 0.000000
vt 0.215145 0.531088 0.000000
vt 0.185333 0.569196 0.000000
vt 0.200787 0.582222 0.000000
vt 0.218861 0.561047 0.000000
vt 0.235156 0.572136 0.000000
vt 0.249763 0.551912 0.000000
vt 0.232805 0.540605 0.000000
vt 0.827293 0.271551 0.000000
vt 0.835948 0.270936 0.000000
vt 0.836259 0.260856 0.000000
vt 0.824865 0.262526 0.000000
vt 0.251901 0.583868 0.000000
vt 0.266909 0.562817 0.000000
vt 0.270078 0.594468 0.000000
vt 0.284596 0.573000 0.000000
vt 0.844543 0.271851 0.000000
vt 0.852880 0.275362 0.000000
vt 0.857972 0.266131 0.000000
vt 0.847608 0.261879 0.000000
vt 0.289571 0.605161 0.000000
vt 0.303214 0.583285 0.000000
vt 0.311424 0.616218 0.000000
vt 0.324072 0.594787 0.000000
vt 0.861520 0.280934 0.000000
vt 0.868726 0.288984 0.000000
vt 0.876347 0.283205 0.000000
vt 0.867896 0.272705 0.000000
vt 0.331684 0.628928 0.000000
vt 0.344855 0.608871 0.000000
vt 0.351180 0.643240 0.000000
vt 0.361715 0.626277 0.000000
vt 0.321464 0.651697 0.000000
vt 0.340922 0.662654 0.000000
vt 0.333886 0.683271 0.000000
vt 0.351746 0.689836 0.000000
vt 0.367197 0.695947 0.000000
vt 0.330271 0.702347 0.000000
vt 0.348944 0.706133 0.000000
vt 0.362680 0.707446 0.000000
vt 0.374627 0.709943 0.000000
vt 0.378438 0.700848 0.000000
vt 0.347615 0.720196 0.000000
vt 0.360782 0.720965 0.000000
vt 0.371620 0.721002 0.000000
vt 0.382552 0.721274 0.000000
vt 0.384920 0.711837 0.000000
vt 0.359970 0.735721 0.000000
vt 0.371181 0.733795 0.000000
vt 0.381536 0.731912 0.000000
vt 0.392487 0.731024 0.000000
vt 0.392118 0.721464 0.000000
vt 0.384508 0.743197 0.000000
vt 0.394281 0.740549 0.000000
vt 0.391155 0.753026 0.000000
vt 0.399461 0.749173 0.000000
vt 0.399456 0.760212 0.000000
vt 0.406120 0.754965 0.000000
vt 0.412528 0.758423 0.000000
vt 0.416292 0.753492 0.000000
vt 0.407246 0.764964 0.000000
vt 0.413990 0.767752 0.000000
vt 0.418130 0.761240 0.000000
vt 0.401218 0.772833 0.000000
vt 0.409625 0.776482 0.000000
vt 0.417504 0.779931 0.000000
vt 0.420813 0.771282 0.000000
vt 0.395152 0.783191 0.000000
vt 0.405013 0.786239 0.000000
vt 0.413945 0.789058 0.000000
vt 0.422761 0.793174 0.000000
vt 0.426156 0.784598 0.000000
vt 0.401566 0.796982 0.000000
vt 0.410912 0.798892 0.000000
vt 0.419381 0.802200 0.000000
vt 0.427467 0.806911 0.000000
vt 0.431041 0.798328 0.000000
vt 0.439369 0.803831 0.000000
vt 0.442742 0.794611 0.000000
vt 0.434582 0.789807 0.000000
vt 0.435410 0.812633 0.000000
vt 0.443420 0.818882 0.000000
vt 0.448243 0.809250 0.000000
vt 0.430057 0.819974 0.000000
vt 0.437184 0.826992 0.000000
vt 0.445284 0.835506 0.000000
vt 0.452982 0.826065 0.000000
vt 0.423479 0.825825 0.000000
vt 0.429106 0.833313 0.000000
vt 0.435255 0.842700 0.000000
vt 0.455076 0.846820 0.000000
vt 0.422502 0.846754 0.000000
vt 0.407046 0.845572 0.000000
vt 0.392909 0.836970 0.000000
vt 0.393400 0.819983 0.000000
vt 0.383584 0.823921 0.000000
vt 0.390900 0.807897 0.000000
vt 0.379196 0.809325 0.000000
vt 0.365504 0.811389 0.000000
vt 0.390938 0.795383 0.000000
vt 0.400505 0.807357 0.000000
vt 0.401975 0.817452 0.000000
vt 0.464390 0.834850 0.000000
vt 0.470223 0.819786 0.000000
vt 0.458633 0.814392 0.000000
vt 0.472713 0.803950 0.000000
vt 0.461061 0.801271 0.000000
vt 0.451408 0.798585 0.000000
vt 0.461993 0.790339 0.000000
vt 0.453196 0.789318 0.000000
vt 0.444979 0.786885 0.000000
vt 0.454002 0.781974 0.000000
vt 0.446560 0.780619 0.000000
vt 0.439494 0.777269 0.000000
vt 0.437335 0.782729 0.000000
vt 0.431913 0.771951 0.000000
vt 0.429387 0.777233 0.000000
vt 0.424298 0.765465 0.000000
vt 0.434745 0.766864 0.000000
vt 0.428025 0.760561 0.000000
vt 0.421709 0.756198 0.000000
vt 0.419091 0.748347 0.000000
vt 0.420623 0.741798 0.000000
vt 0.420783 0.734115 0.000000
vt 0.425984 0.728823 0.000000
vt 0.421304 0.726948 0.000000
vt 0.426105 0.723571 0.000000
vt 0.422453 0.721847 0.000000
vt 0.427055 0.719740 0.000000
vt 0.423858 0.718118 0.000000
vt 0.419878 0.715592 0.000000
vt 0.425253 0.715069 0.000000
vt 0.421873 0.712555 0.000000
vt 0.418037 0.709126 0.000000
vt 0.415762 0.712322 0.000000
vt 0.423668 0.709591 0.000000
vt 0.420415 0.706066 0.000000
vt 0.425030 0.706727 0.000000
vt 0.422104 0.703512 0.000000
vt 0.418056 0.700915 0.000000
vt 0.423388 0.701208 0.000000
vt 0.419466 0.698650 0.000000
vt 0.415157 0.696580 0.000000
vt 0.413611 0.699034 0.000000
vt 0.410500 0.695123 0.000000
vt 0.409261 0.697985 0.000000
vt 0.405232 0.701147 0.000000
vt 0.402823 0.706498 0.000000
vt 0.405866 0.705623 0.000000
vt 0.399055 0.706761 0.000000
vt 0.394230 0.706209 0.000000
vt 0.393186 0.713265 0.000000
vt 0.387129 0.704176 0.000000
vt 0.389918 0.697518 0.000000
vt 0.416976 0.693756 0.000000
vt 0.412132 0.691641 0.000000
vt 0.419195 0.690770 0.000000
vt 0.414378 0.687353 0.000000
vt 0.408878 0.684076 0.000000
vt 0.418517 0.682773 0.000000
vt 0.413347 0.677219 0.000000
vt 0.422790 0.694165 0.000000
vt 0.420935 0.696346 0.000000
vt 0.424654 0.698994 0.000000
vt 0.426168 0.696930 0.000000
vt 0.429365 0.699968 0.000000
vt 0.431364 0.697850 0.000000
vt 0.427820 0.701978 0.000000
vt 0.431797 0.703162 0.000000
vt 0.426385 0.704181 0.000000
vt 0.433551 0.706392 0.000000
vt 0.435348 0.705576 0.000000
vt 0.433771 0.701699 0.000000
vt 0.437966 0.704493 0.000000
vt 0.436375 0.699991 0.000000
vt 0.433906 0.695348 0.000000
vt 0.440076 0.697344 0.000000
vt 0.437150 0.691195 0.000000
vt 0.446104 0.693225 0.000000
vt 0.441645 0.703132 0.000000
vt 0.447351 0.701044 0.000000
vt 0.455360 0.698511 0.000000
vt 0.453709 0.687891 0.000000
vt 0.465613 0.695708 0.000000
vt 0.463590 0.682304 0.000000
vt 0.477769 0.692222 0.000000
vt 0.476198 0.675654 0.000000
vt 0.469920 0.658077 0.000000
vt 0.458222 0.641226 0.000000
vt 0.494154 0.667346 0.000000
vt 0.485920 0.645941 0.000000
vt 0.474166 0.626782 0.000000
vt 0.460175 0.609496 0.000000
vt 0.444439 0.624703 0.000000
vt 0.513158 0.165968 0.000000
vt 0.514386 0.178105 0.000000
vt 0.525612 0.177880 0.000000
vt 0.524724 0.165782 0.000000
vt 0.523939 0.154526 0.000000
vt 0.512110 0.154447 0.000000
vt 0.523727 0.144076 0.000000
vt 0.510782 0.143115 0.000000
vt 0.444926 0.593173 0.000000
vt 0.429340 0.577850 0.000000
vt 0.413219 0.592611 0.000000
vt 0.429095 0.608400 0.000000
vt 0.399789 0.607807 0.000000
vt 0.415964 0.623139 0.000000
vt 0.387902 0.623563 0.000000
vt 0.404765 0.637657 0.000000
vt 0.884029 0.304029 0.000000
vt 0.891578 0.301023 0.000000
vt 0.888885 0.291127 0.000000
vt 0.881247 0.294487 0.000000
vt 0.873685 0.298694 0.000000
vt 0.876998 0.307350 0.000000
vt 0.882982 0.278334 0.000000
vt 0.878138 0.260398 0.000000
vt 0.873175 0.266136 0.000000
vt 0.867681 0.251089 0.000000
vt 0.863044 0.258004 0.000000
vt 0.515793 0.190541 0.000000
vt 0.526964 0.189971 0.000000
vt 0.493650 0.687531 0.000000
vt 0.477121 0.706095 0.000000
vt 0.491965 0.703916 0.000000
vt 0.465149 0.706819 0.000000
vt 0.464861 0.716885 0.000000
vt 0.455300 0.707463 0.000000
vt 0.455415 0.715956 0.000000
vt 0.453578 0.724648 0.000000
vt 0.462058 0.727901 0.000000
vt 0.449306 0.731779 0.000000
vt 0.455906 0.737661 0.000000
vt 0.442999 0.735928 0.000000
vt 0.447707 0.742531 0.000000
vt 0.454180 0.749855 0.000000
vt 0.453504 0.761181 0.000000
vt 0.461009 0.757197 0.000000
vt 0.458028 0.768057 0.000000
vt 0.466253 0.764453 0.000000
vt 0.460735 0.774720 0.000000
vt 0.470031 0.772027 0.000000
vt 0.484387 0.767149 0.000000
vt 0.502561 0.761031 0.000000
vt 0.472395 0.780442 0.000000
vt 0.487469 0.778495 0.000000
vt 0.506600 0.776850 0.000000
vt 0.527404 0.776428 0.000000
vt 0.526187 0.758691 0.000000
vt 0.488493 0.791285 0.000000
vt 0.473110 0.790481 0.000000
vt 0.461985 0.781909 0.000000
vt 0.443698 0.727033 0.000000
vt 0.439145 0.729837 0.000000
vt 0.434617 0.730644 0.000000
vt 0.433217 0.725212 0.000000
vt 0.429767 0.724707 0.000000
vt 0.430363 0.730164 0.000000
vt 0.432916 0.721164 0.000000
vt 0.429966 0.720577 0.000000
vt 0.433142 0.717597 0.000000
vt 0.430650 0.717114 0.000000
vt 0.428130 0.716299 0.000000
vt 0.431389 0.713840 0.000000
vt 0.429052 0.713369 0.000000
vt 0.426537 0.712131 0.000000
vt 0.433772 0.714029 0.000000
vt 0.434139 0.710139 0.000000
vt 0.436257 0.714106 0.000000
vt 0.436180 0.709717 0.000000
vt 0.439089 0.714314 0.000000
vt 0.438700 0.709328 0.000000
vt 0.442873 0.714676 0.000000
vt 0.442228 0.708806 0.000000
vt 0.448041 0.715092 0.000000
vt 0.447520 0.708175 0.000000
vt 0.446842 0.721852 0.000000
vt 0.159323 0.498805 0.000000
vt 0.709642 0.265332 0.000000
vt 0.711099 0.075103 0.000000
vt 0.718730 0.059766 0.000000
vt 0.772766 0.085572 0.000000
vt 0.415854 0.032838 0.000000
vt 0.440558 0.069418 0.000000
vt 0.474518 0.052144 0.000000
vt 0.450332 0.013013 0.000000
vt 0.466192 0.107556 0.000000
vt 0.497301 0.091532 0.000000
vt 0.460896 0.408517 0.000000
vt 0.472793 0.409760 0.000000
vt 0.540290 0.120965 0.000000
vt 0.540947 0.113399 0.000000
vt 0.529943 0.110846 0.000000
vt 0.552103 0.111603 0.000000
vt 0.551099 0.104300 0.000000
vt 0.541966 0.106268 0.000000
vt 0.543301 0.098128 0.000000
vt 0.536860 0.097027 0.000000
vt 0.532937 0.104168 0.000000
vt 0.550145 0.097097 0.000000
vt 0.549378 0.090024 0.000000
vt 0.544692 0.090609 0.000000
vt 0.556891 0.093899 0.000000
vt 0.554414 0.087936 0.000000
vt 0.559094 0.083854 0.000000
vt 0.562793 0.078140 0.000000
vt 0.557077 0.076355 0.000000
vt 0.552297 0.075007 0.000000
vt 0.565202 0.071273 0.000000
vt 0.558374 0.071888 0.000000
vt 0.553460 0.072089 0.000000
vt 0.549923 0.071901 0.000000
vt 0.549106 0.074524 0.000000
vt 0.546863 0.074274 0.000000
vt 0.546278 0.076606 0.000000
vt 0.547387 0.071887 0.000000
vt 0.544631 0.074000 0.000000
vt 0.547908 0.069183 0.000000
vt 0.548451 0.065206 0.000000
vt 0.549203 0.059675 0.000000
vt 0.544752 0.059737 0.000000
vt 0.543943 0.052644 0.000000
vt 0.537665 0.054536 0.000000
vt 0.540213 0.061479 0.000000
vt 0.550541 0.052248 0.000000
vt 0.551681 0.043916 0.000000
vt 0.542979 0.044470 0.000000
vt 0.556408 0.053835 0.000000
vt 0.559988 0.045277 0.000000
vt 0.561793 0.057287 0.000000
vt 0.565049 0.063655 0.000000
vt 0.541681 0.036520 0.000000
vt 0.531773 0.038478 0.000000
vt 0.534808 0.046936 0.000000
vt 0.522835 0.043430 0.000000
vt 0.527346 0.050755 0.000000
vt 0.531588 0.057737 0.000000
vt 0.520841 0.056962 0.000000
vt 0.526877 0.062842 0.000000
vt 0.533039 0.068109 0.000000
vt 0.536070 0.064289 0.000000
vt 0.538132 0.071792 0.000000
vt 0.531416 0.073007 0.000000
vt 0.537499 0.075250 0.000000
vt 0.541456 0.076175 0.000000
vt 0.541992 0.073446 0.000000
vt 0.544066 0.076457 0.000000
vt 0.543596 0.079336 0.000000
vt 0.545727 0.079502 0.000000
vt 0.542622 0.083734 0.000000
vt 0.545387 0.084303 0.000000
vt 0.540331 0.090030 0.000000
vt 0.530713 0.093331 0.000000
vt 0.525637 0.086608 0.000000
vt 0.518035 0.089047 0.000000
vt 0.524829 0.098778 0.000000
vt 0.519444 0.104244 0.000000
vt 0.522763 0.077884 0.000000
vt 0.514631 0.076480 0.000000
vt 0.523476 0.069630 0.000000
vt 0.516145 0.065579 0.000000
vt 0.515184 0.050915 0.000000
vt 0.509611 0.044772 0.000000
vt 0.517707 0.035909 0.000000
vt 0.899268 0.216043 0.000000
vt 0.897032 0.208737 0.000000
vt 0.887233 0.216141 0.000000
vt 0.892308 0.222663 0.000000
vt 0.528443 0.029928 0.000000
vt 0.907664 0.211728 0.000000
vt 0.907664 0.204154 0.000000
vt 0.907664 0.196304 0.000000
vt 0.525573 0.021000 0.000000
vt 0.523502 0.011576 0.000000
vt 0.907664 0.187128 0.000000
vt 0.522171 0.000500 0.000000
vt 0.000167 0.484125 0.000000
vt 0.829206 0.450723 0.000000
vt 0.841971 0.445116 0.000000
vt 0.832443 0.441077 0.000000
vt 0.825116 0.434833 0.000000
vt 0.835723 0.433821 0.000000
vt 0.830360 0.428768 0.000000
vt 0.826049 0.422920 0.000000
vt 0.819800 0.427416 0.000000
vt 0.822600 0.416283 0.000000
vt 0.815713 0.418869 0.000000
vt 0.831011 0.419887 0.000000
vt 0.828186 0.414565 0.000000
vt 0.825074 0.407985 0.000000
vt 0.832591 0.413337 0.000000
vt 0.830259 0.407794 0.000000
vt 0.836553 0.412015 0.000000
vt 0.834818 0.407516 0.000000
vt 0.834958 0.417677 0.000000
vt 0.838480 0.415462 0.000000
vt 0.841997 0.413641 0.000000
vt 0.840413 0.418127 0.000000
vt 0.843736 0.416199 0.000000
vt 0.847341 0.413965 0.000000
vt 0.845718 0.411489 0.000000
vt 0.850936 0.410947 0.000000
vt 0.848755 0.408349 0.000000
vt 0.854047 0.406751 0.000000
vt 0.851134 0.404231 0.000000
vt 0.847905 0.401610 0.000000
vt 0.844940 0.392671 0.000000
vt 0.843819 0.398726 0.000000
vt 0.847409 0.386707 0.000000
vt 0.850869 0.382475 0.000000
vt 0.856830 0.409125 0.000000
vt 0.859014 0.402265 0.000000
vt 0.853083 0.413648 0.000000
vt 0.855444 0.416634 0.000000
vt 0.859590 0.411400 0.000000
vt 0.849054 0.416573 0.000000
vt 0.850892 0.419857 0.000000
vt 0.852705 0.423703 0.000000
vt 0.858187 0.420173 0.000000
vt 0.855013 0.428378 0.000000
vt 0.848588 0.430213 0.000000
vt 0.849922 0.437137 0.000000
vt 0.843001 0.430037 0.000000
vt 0.842347 0.436814 0.000000
vt 0.838097 0.428043 0.000000
vt 0.837336 0.420975 0.000000
vt 0.834101 0.424463 0.000000
vt 0.319829 0.224656 0.000000
vt 0.348861 0.235199 0.000000
vt 0.353791 0.205920 0.000000
vt 0.376890 0.252405 0.000000
vt 0.384915 0.225718 0.000000
vt 0.342673 0.260800 0.000000
vt 0.368368 0.278143 0.000000
vt 0.318978 0.250153 0.000000
vt 0.316666 0.273358 0.000000
vt 0.336240 0.282934 0.000000
vt 0.328849 0.299456 0.000000
vt 0.341311 0.312521 0.000000
vt 0.353500 0.298531 0.000000
vt 0.314571 0.290531 0.000000
vt 0.350254 0.328330 0.000000
vt 0.366920 0.320117 0.000000
vt 0.389090 0.310893 0.000000
vt 0.585507 0.644215 0.000000
vt 0.568986 0.609147 0.000000
vt 0.373584 0.346766 0.000000
vt 0.395978 0.349276 0.000000
vt 0.593244 0.682340 0.000000
vt 0.371210 0.372205 0.000000
vt 0.391242 0.381137 0.000000
vt 0.593179 0.716104 0.000000
vt 0.619267 0.719993 0.000000
vt 0.644948 0.724501 0.000000
vt 0.589548 0.745624 0.000000
vt 0.613778 0.750094 0.000000
vt 0.639115 0.753222 0.000000
vt 0.664770 0.759223 0.000000
vt 0.671235 0.734128 0.000000
vt 0.607436 0.778082 0.000000
vt 0.633200 0.780080 0.000000
vt 0.658886 0.783248 0.000000
vt 0.684770 0.788958 0.000000
vt 0.689199 0.768439 0.000000
vt 0.627853 0.805315 0.000000
vt 0.655636 0.806214 0.000000
vt 0.683137 0.809129 0.000000
vt 0.708315 0.812652 0.000000
vt 0.708368 0.795409 0.000000
vt 0.654374 0.828151 0.000000
vt 0.684890 0.829564 0.000000
vt 0.711105 0.829421 0.000000
vt 0.732431 0.822258 0.000000
vt 0.729180 0.809783 0.000000
vt 0.729451 0.796892 0.000000
vt 0.749332 0.784534 0.000000
vt 0.731846 0.782126 0.000000
vt 0.711246 0.777656 0.000000
vt 0.735689 0.763840 0.000000
vt 0.716996 0.756756 0.000000
vt 0.695144 0.746689 0.000000
vt 0.724380 0.731693 0.000000
vt 0.703501 0.718852 0.000000
vt 0.678107 0.701910 0.000000
vt 0.717534 0.687401 0.000000
vt 0.656114 0.849222 0.000000
vt 0.624761 0.829759 0.000000
vt 0.625651 0.853742 0.000000
vt 0.626699 0.876321 0.000000
vt 0.657282 0.870771 0.000000
vt 0.629496 0.899400 0.000000
vt 0.659469 0.893641 0.000000
vt 0.633656 0.923711 0.000000
vt 0.662444 0.918017 0.000000
vt 0.689801 0.915307 0.000000
vt 0.714240 0.913380 0.000000
vt 0.666959 0.944216 0.000000
vt 0.693629 0.942201 0.000000
vt 0.672039 0.971221 0.000000
vt 0.638008 0.948528 0.000000
vt 0.641742 0.973383 0.000000
vt 0.644320 0.999833 0.000000
vt 0.677264 0.999833 0.000000
vt 0.625035 0.028305 0.000000
vt 0.622474 0.014422 0.000000
vt 0.605097 0.930848 0.000000
vt 0.600571 0.904841 0.000000
vt 0.573992 0.909190 0.000000
vt 0.579495 0.935084 0.000000
vt 0.596058 0.879987 0.000000
vt 0.568986 0.881767 0.000000
vt 0.595893 0.855111 0.000000
vt 0.568986 0.851264 0.000000
vt 0.289485 0.497805 0.000000
vt 0.314193 0.482524 0.000000
vt 0.298607 0.466944 0.000000
vt 0.278321 0.476185 0.000000
vt 0.285570 0.453850 0.000000
vt 0.269606 0.460786 0.000000
vt 0.273332 0.441523 0.000000
vt 0.261421 0.447425 0.000000
vt 0.250168 0.452277 0.000000
vt 0.240648 0.453503 0.000000
vt 0.253752 0.437011 0.000000
vt 0.245434 0.441318 0.000000
vt 0.238920 0.444313 0.000000
vt 0.262904 0.430194 0.000000
vt 0.254886 0.422105 0.000000
vt 0.270446 0.422051 0.000000
vt 0.248470 0.414631 0.000000
vt 0.244140 0.407748 0.000000
vt 0.248197 0.396302 0.000000
vt 0.240903 0.401118 0.000000
vt 0.234114 0.405938 0.000000
vt 0.228149 0.409252 0.000000
vt 0.223284 0.411196 0.000000
vt 0.219160 0.412283 0.000000
vt 0.220616 0.417300 0.000000
vt 0.216704 0.417400 0.000000
vt 0.216952 0.423263 0.000000
vt 0.221519 0.423675 0.000000
vt 0.215609 0.413040 0.000000
vt 0.212256 0.413829 0.000000
vt 0.212959 0.417772 0.000000
vt 0.210786 0.410926 0.000000
vt 0.205389 0.410414 0.000000
vt 0.203445 0.408938 0.000000
vt 0.200861 0.412865 0.000000
vt 0.202929 0.413746 0.000000
vt 0.199282 0.417823 0.000000
vt 0.201997 0.418534 0.000000
vt 0.198432 0.423544 0.000000
vt 0.201684 0.423920 0.000000
vt 0.204412 0.423936 0.000000
vt 0.202409 0.429551 0.000000
vt 0.205272 0.429672 0.000000
vt 0.208006 0.429620 0.000000
vt 0.207081 0.423763 0.000000
vt 0.210706 0.429438 0.000000
vt 0.209860 0.423427 0.000000
vt 0.209816 0.418408 0.000000
vt 0.212951 0.423205 0.000000
vt 0.209848 0.435732 0.000000
vt 0.212897 0.435682 0.000000
vt 0.212200 0.441405 0.000000
vt 0.215680 0.440921 0.000000
vt 0.221710 0.442204 0.000000
vt 0.224658 0.444139 0.000000
vt 0.227730 0.439689 0.000000
vt 0.224609 0.438182 0.000000
vt 0.208331 0.441597 0.000000
vt 0.206546 0.435781 0.000000
vt 0.203184 0.435357 0.000000
vt 0.203810 0.441936 0.000000
vt 0.199109 0.448756 0.000000
vt 0.205777 0.448678 0.000000
vt 0.199953 0.456957 0.000000
vt 0.208194 0.455094 0.000000
vt 0.195866 0.416796 0.000000
vt 0.194615 0.423152 0.000000
vt 0.190980 0.415556 0.000000
vt 0.188971 0.423748 0.000000
vt 0.183618 0.413580 0.000000
vt 0.194043 0.409035 0.000000
vt 0.198036 0.411363 0.000000
vt 0.200952 0.406779 0.000000
vt 0.255210 0.393063 0.000000
vt 0.262409 0.391425 0.000000
vt 0.259837 0.384015 0.000000
vt 0.270474 0.391393 0.000000
vt 0.267818 0.383581 0.000000
vt 0.265949 0.373782 0.000000
vt 0.258323 0.374483 0.000000
vt 0.264660 0.361275 0.000000
vt 0.257568 0.363033 0.000000
vt 0.262196 0.350305 0.000000
vt 0.271303 0.359667 0.000000
vt 0.268483 0.347746 0.000000
vt 0.280443 0.356443 0.000000
vt 0.276624 0.344509 0.000000
vt 0.290697 0.352188 0.000000
vt 0.286880 0.340655 0.000000
vt 0.283223 0.329346 0.000000
vt 0.298095 0.336523 0.000000
vt 0.294566 0.325588 0.000000
vt 0.290762 0.313933 0.000000
vt 0.309111 0.332302 0.000000
vt 0.312944 0.342480 0.000000
vt 0.324102 0.338184 0.000000
vt 0.319874 0.327583 0.000000
vt 0.301920 0.347377 0.000000
vt 0.306877 0.357963 0.000000
vt 0.295630 0.363850 0.000000
vt 0.301591 0.375121 0.000000
vt 0.313531 0.368991 0.000000
vt 0.284618 0.368648 0.000000
vt 0.289319 0.379395 0.000000
vt 0.294103 0.390600 0.000000
vt 0.308667 0.387774 0.000000
vt 0.274301 0.372808 0.000000
vt 0.277431 0.382470 0.000000
vt 0.281270 0.391315 0.000000
vt 0.284244 0.402669 0.000000
vt 0.273277 0.400284 0.000000
vt 0.273892 0.411107 0.000000
vt 0.285909 0.416614 0.000000
vt 0.282551 0.431230 0.000000
vt 0.322658 0.381128 0.000000
vt 0.346879 0.382049 0.000000
vt 0.361744 0.393552 0.000000
vt 0.353582 0.365210 0.000000
vt 0.354825 0.346769 0.000000
vt 0.336734 0.333547 0.000000
vt 0.330471 0.321118 0.000000
vt 0.380274 0.405815 0.000000
vt 0.597180 0.829018 0.000000
vt 0.568986 0.823247 0.000000
vt 0.601509 0.804298 0.000000
vt 0.573917 0.800051 0.000000
vt 0.582986 0.772575 0.000000
vt 0.621264 0.000500 0.000000
vt 0.818191 0.713730 0.000000
vt 0.834154 0.715630 0.000000
vt 0.838882 0.693084 0.000000
vt 0.859098 0.698300 0.000000
vt 0.871057 0.671298 0.000000
vt 0.901124 0.688925 0.000000
vt 0.725567 0.566534 0.000000
vt 0.752022 0.507026 0.000000
vt 0.700961 0.521338 0.000000
vt 0.919757 0.710646 0.000000
vt 0.826549 0.921821 0.000000
vt 0.822013 0.914457 0.000000
vt 0.812413 0.910684 0.000000
vt 0.805358 0.910842 0.000000
vt 0.898789 0.324309 0.000000
vt 0.883414 0.324309 0.000000
vt 0.754490 0.324309 0.000000
vt 0.740003 0.324309 0.000000
vt 0.737630 0.332589 0.000000
vt 0.750196 0.331682 0.000000
vt 0.762220 0.332447 0.000000
vt 0.767371 0.324309 0.000000
vt 0.746396 0.337733 0.000000
vt 0.757522 0.339282 0.000000
vt 0.768692 0.341447 0.000000
vt 0.773798 0.333465 0.000000
vt 0.778893 0.324309 0.000000
vt 0.779404 0.342949 0.000000
vt 0.783855 0.335179 0.000000
vt 0.787419 0.327949 0.000000
vt 0.789814 0.345920 0.000000
vt 0.799777 0.349491 0.000000
vt 0.745437 0.343268 0.000000
vt 0.824106 0.345142 0.000000
vt 0.015005 0.322509 0.000000
vt 0.814136 0.324309 0.000000
vt 0.400650 0.315099 0.000000
vt 0.662203 0.297829 0.000000
vt 0.662203 0.297543 0.000000
vt 0.661684 0.297620 0.000000
vt 0.661811 0.297867 0.000000
vt 0.662524 0.298078 0.000000
vt 0.662728 0.297447 0.000000
vt 0.661544 0.298365 0.000000
vt 0.662168 0.290150 0.000000
vt 0.662214 0.290437 0.000000
vt 0.662745 0.290458 0.000000
vt 0.662565 0.289761 0.000000
vt 0.661530 0.289761 0.000000
vt 0.661779 0.290126 0.000000
vt 0.661694 0.290402 0.000000
vt 0.662080 0.297288 0.000000
vt 0.662372 0.296871 0.000000
vt 0.661339 0.297021 0.000000
vt 0.661690 0.297336 0.000000
vt 0.662133 0.290728 0.000000
vt 0.662371 0.291069 0.000000
vt 0.661746 0.290669 0.000000
vt 0.661350 0.291069 0.000000
vt 0.661086 0.297741 0.000000
vt 0.661086 0.290394 0.000000
vt 0.376323 0.625470 0.000000
vt 0.375053 0.625470 0.000000
vt 0.375053 0.626725 0.000000
vt 0.376323 0.626725 0.000000
vt 0.376323 0.624583 0.000000
vt 0.375053 0.624583 0.000000
vt 0.377578 0.625470 0.000000
vt 0.377578 0.624583 0.000000
vt 0.373798 0.624583 0.000000
vt 0.373798 0.625470 0.000000
vt 0.378848 0.625470 0.000000
vt 0.378848 0.624583 0.000000
vt 0.376323 0.623696 0.000000
vt 0.377578 0.623696 0.000000
vt 0.375053 0.623696 0.000000
vt 0.376323 0.622441 0.000000
vt 0.375053 0.622441 0.000000
vt 0.373798 0.623696 0.000000
vt 0.378848 0.623696 0.000000
vt 0.376323 0.630754 0.000000
vt 0.375053 0.630754 0.000000
vt 0.375053 0.632009 0.000000
vt 0.376323 0.632009 0.000000
vt 0.376323 0.629867 0.000000
vt 0.375053 0.629867 0.000000
vt 0.377578 0.630754 0.000000
vt 0.377578 0.629867 0.000000
vt 0.373798 0.629867 0.000000
vt 0.373798 0.630754 0.000000
vt 0.378848 0.630754 0.000000
vt 0.378848 0.629867 0.000000
vt 0.376323 0.628980 0.000000
vt 0.377578 0.628980 0.000000
vt 0.375053 0.628980 0.000000
vt 0.376323 0.627725 0.000000
vt 0.375053 0.627725 0.000000
vt 0.373798 0.628980 0.000000
vt 0.378848 0.628980 0.000000
vt 0.662203 0.295336 0.000000
vt 0.662203 0.295049 0.000000
vt 0.661684 0.295127 0.000000
vt 0.661811 0.295373 0.000000
vt 0.662523 0.295585 0.000000
vt 0.662728 0.294953 0.000000
vt 0.661544 0.295871 0.000000
vt 0.662168 0.292459 0.000000
vt 0.662214 0.292746 0.000000
vt 0.662745 0.292767 0.000000
vt 0.662565 0.292069 0.000000
vt 0.661530 0.292069 0.000000
vt 0.661779 0.292434 0.000000
vt 0.661694 0.292710 0.000000
vt 0.662080 0.294794 0.000000
vt 0.662372 0.294378 0.000000
vt 0.661339 0.294528 0.000000
vt 0.661689 0.294843 0.000000
vt 0.662133 0.293036 0.000000
vt 0.662371 0.293378 0.000000
vt 0.661746 0.292977 0.000000
vt 0.661350 0.293378 0.000000
vt 0.661086 0.295247 0.000000
vt 0.661086 0.292703 0.000000
# 3373 texture coordinates

o Volume_Mesher_remesh_24
usemtl default
f 148/4/4 147/3/3 146/2/2 1/1/1
f 146/2/2 150/6/6 149/5/5 1/1/1
f 149/5/5 151/7/7 148/4/4 1/1/1
f 154/11/11 153/10/10 152/9/9 2/8/8
f 152/9/9 156/13/13 155/12/12 2/8/8
f 155/12/12 157/14/14 154/11/11 2/8/8
f 160/18/18 159/17/17 158/16/16 3/15/15
f 162/20/20 161/19/19 160/18/18 3/15/15
f 158/16/16 164/22/22 163/21/21 3/15/15
f 166/24/24 165/23/23 162/20/20 3/15/15
f 163/21/21 167/25/25 166/24/24 3/15/15
f 170/29/29 169/28/28 168/27/27 4/26/26
f 172/31/31 171/30/30 170/29/29 4/26/26
f 168/35/27 173/34/32 172/33/31 4/32/26
f 176/39/36 175/38/35 174/37/34 5/36/33
f 178/43/38 177/42/37 176/41/36 5/40/33
f 174/45/34 179/44/39 178/43/38 5/40/33
f 182/49/43 181/48/42 180/47/41 6/46/40
f 184/51/45 183/50/44 182/49/43 6/46/40
f 186/53/47 185/52/46 184/51/45 6/46/40
f 189/57/51 188/56/50 187/55/49 7/54/48
f 187/55/49 191/59/53 190/58/52 7/54/48
f 193/61/55 192/60/54 189/57/51 7/54/48
f 190/58/52 195/63/57 194/62/56 7/54/48
f 194/62/56 196/64/58 193/61/55 7/54/48
f 199/68/62 198/67/61 197/66/60 8/65/59
f 197/72/60 201/71/64 200/70/63 8/69/59
f 200/70/63 203/74/66 202/73/65 8/69/59
f 202/73/65 205/76/68 204/75/67 8/69/59
f 204/78/67 206/77/69 199/68/62 8/65/59
f 209/82/73 208/81/72 207/80/71 9/79/70
f 211/84/75 210/83/74 209/82/73 9/79/70
f 207/80/71 212/85/76 211/84/75 9/79/70
f 215/89/80 214/88/79 213/87/78 10/86/77
f 217/91/82 216/90/81 215/89/80 10/86/77
f 219/93/84 218/92/83 217/91/82 10/86/77
f 213/87/78 221/95/86 220/94/85 10/86/77
f 220/94/85 222/96/87 219/93/84 10/86/77
f 225/100/91 224/99/90 223/98/89 11/97/88
f 223/98/89 208/81/72 226/101/92 11/97/88
f 226/101/92 227/102/93 225/100/91 11/97/88
f 230/106/97 229/105/96 228/104/95 12/103/94
f 232/108/99 231/107/98 230/106/97 12/103/94
f 228/104/95 233/109/100 232/108/99 12/103/94
f 236/113/104 235/112/103 234/111/102 13/110/101
f 234/111/102 238/115/106 237/114/105 13/110/101
f 237/114/105 240/117/108 239/116/107 13/110/101
f 242/119/110 241/118/109 236/113/104 13/110/101
f 239/116/107 243/120/111 242/119/110 13/110/101
f 245/123/114 244/122/113 201/71/64 14/121/112
f 247/125/116 246/124/115 245/123/114 14/121/112
f 201/71/64 197/72/60 248/126/117 14/121/112
f 248/130/117 250/129/119 249/128/118 14/127/112
f 249/128/118 251/132/120 247/131/116 14/127/112
f 254/136/124 253/135/123 252/134/122 15/133/121
f 252/134/122 256/138/126 255/137/125 15/133/121
f 259/141/129 258/140/128 257/139/127 15/133/121
f 257/139/127 260/142/130 254/136/124 15/133/121
f 255/137/125 261/143/131 259/141/129 15/133/121
f 264/147/135 263/146/134 262/145/133 16/144/132
f 260/151/130 266/150/137 265/149/136 16/148/132
f 265/149/136 267/153/138 264/152/135 16/148/132
f 268/155/139 254/136/124 260/142/130 16/154/132
f 262/156/133 241/118/109 268/155/139 16/154/132
f 271/160/143 270/159/142 269/158/141 17/157/140
f 273/162/145 272/161/144 271/160/143 17/157/140
f 276/165/148 275/164/147 274/163/146 17/157/140
f 269/158/141 277/166/149 276/165/148 17/157/140
f 274/163/146 278/167/150 273/162/145 17/157/140
f 281/171/154 280/170/153 279/169/152 18/168/151
f 279/169/152 283/173/156 282/172/155 18/168/151
f 285/175/158 284/174/157 281/171/154 18/168/151
f 287/177/160 286/176/159 285/175/158 18/168/151
f 282/172/155 288/178/161 287/177/160 18/168/151
f 291/182/165 290/181/164 289/180/163 19/179/162
f 292/184/167 123/183/166 291/182/165 19/179/162
f 289/180/163 293/185/168 292/184/167 19/179/162
f 296/189/172 295/188/171 294/187/170 20/186/169
f 294/187/170 298/191/174 297/190/173 20/186/169
f 297/190/173 299/192/175 296/189/172 20/186/169
f 302/196/179 301/195/178 300/194/177 21/193/176
f 300/194/177 304/198/181 303/197/180 21/193/176
f 303/197/180 306/200/183 305/199/182 21/193/176
f 305/199/182 308/202/185 307/201/184 21/193/176
f 307/201/184 309/203/186 302/196/179 21/193/176
f 305/199/182 306/200/183 310/205/188 22/204/187
f 311/206/189 308/202/185 305/199/182 22/204/187
f 310/205/188 312/207/190 311/206/189 22/204/187
f 314/211/194 117/210/193 313/209/192 23/208/191
f 313/209/192 316/213/196 315/212/195 23/208/191
f 315/212/195 318/215/198 317/214/197 23/208/191
f 317/219/197 320/218/200 319/217/199 23/216/191
f 319/217/199 321/221/201 314/220/194 23/216/191
f 324/225/205 323/224/204 322/223/203 24/222/202
f 326/227/207 325/226/206 324/225/205 24/222/202
f 322/223/203 327/228/208 326/227/207 24/222/202
f 330/232/212 329/231/211 328/230/210 25/229/209
f 332/234/214 331/233/213 330/232/212 25/229/209
f 335/237/217 334/236/216 333/235/215 25/229/209
f 328/230/210 336/238/218 335/237/217 25/229/209
f 333/235/215 337/239/219 332/234/214 25/229/209
f 340/243/223 339/242/222 338/241/221 26/240/220
f 338/241/221 342/245/225 341/244/224 26/240/220
f 341/244/224 343/246/226 340/243/223 26/240/220
f 346/250/230 345/249/229 344/248/228 27/247/227
f 348/252/232 347/251/231 346/250/230 27/247/227
f 344/248/228 349/253/233 348/252/232 27/247/227
f 352/257/237 351/256/236 350/255/235 28/254/234
f 76/259/239 353/258/238 352/257/237 28/254/234
f 358/263/243 357/262/242 356/261/241 29/260/240
f 356/261/241 360/265/245 359/264/244 29/260/240
f 359/264/244 362/267/247 361/266/246 29/260/240
f 361/266/246 364/269/249 363/268/248 29/260/240
f 363/268/248 31/270/250 358/263/243 29/260/240
f 367/274/254 366/273/253 365/272/252 30/271/251
f 365/272/252 369/276/256 368/275/255 30/271/251
f 368/275/255 370/277/257 367/274/254 30/271/251
f 363/268/248 371/279/259 32/278/258 31/270/250
f 373/281/261 372/280/260 358/263/243 31/270/250
f 32/278/258 375/283/263 374/282/262 31/270/250
f 374/282/262 376/284/264 373/281/261 31/270/250
f 371/279/259 377/285/265 375/283/263 32/278/258
f 380/289/269 379/288/268 378/287/267 33/286/266
f 378/287/267 382/291/271 381/290/270 33/286/266
f 381/290/270 383/292/272 380/289/269 33/286/266
f 384/294/274 370/277/257 368/275/255 34/293/273
f 368/275/255 369/276/256 386/295/275 34/293/273
f 387/297/277 388/296/276 384/294/274 34/293/273
f 391/301/281 390/300/280 389/299/279 35/298/278
f 389/299/279 393/303/283 392/302/282 35/298/278
f 395/305/285 394/304/284 391/301/281 35/298/278
f 392/302/282 397/307/287 396/306/286 35/298/278
f 396/306/286 398/308/288 395/305/285 35/298/278
f 401/312/292 400/311/291 399/310/290 36/309/289
f 402/314/294 37/313/293 401/312/292 36/309/289
f 399/310/290 403/315/295 402/314/294 36/309/289
f 402/314/294 405/317/297 404/316/296 37/313/293
f 404/316/296 407/319/299 406/318/298 37/313/293
f 409/321/301 408/320/300 401/312/292 37/313/293
f 406/318/298 410/322/302 409/321/301 37/313/293
f 413/326/306 412/325/305 411/324/304 38/323/303
f 411/324/304 415/328/308 414/327/307 38/323/303
f 414/327/307 416/329/309 413/326/306 38/323/303
f 419/333/313 418/332/312 417/331/311 39/330/310
f 421/335/315 420/334/314 419/333/313 39/330/310
f 423/337/317 422/336/316 421/335/315 39/330/310
f 417/331/311 425/339/319 424/338/318 39/330/310
f 424/338/318 426/340/320 423/337/317 39/330/310
f 429/344/324 428/343/323 427/342/322 40/341/321
f 427/342/322 431/346/326 430/345/325 40/341/321
f 430/345/325 42/347/327 429/344/324 40/341/321
f 434/351/331 433/350/330 432/349/329 41/348/328
f 432/349/329 436/353/333 435/352/332 41/348/328
f 435/352/332 437/354/334 434/351/331 41/348/328
f 439/356/336 438/355/335 429/344/324 42/347/327
f 441/358/338 440/357/337 439/356/336 42/347/327
f 444/362/342 443/361/341 442/360/340 43/359/339
f 446/364/344 445/363/343 444/362/342 43/359/339
f 442/360/340 448/366/346 447/365/345 43/359/339
f 450/368/348 449/367/347 446/364/344 43/359/339
f 447/365/345 451/369/349 450/368/348 43/359/339
f 430/345/325 452/370/350 441/358/338 42/347/327
f 454/373/353 278/167/150 453/372/352 44/371/351
f 453/377/352 46/376/355 455/375/354 44/374/351
f 455/375/354 457/379/357 456/378/356 44/374/351
f 456/378/356 459/381/359 458/380/358 44/374/351
f 458/380/358 460/383/360 454/382/353 44/374/351
f 463/387/364 462/386/363 461/385/362 45/384/361
f 465/389/366 464/388/365 463/387/364 45/384/361
f 461/385/362 466/390/367 465/389/366 45/384/361
f 453/394/352 468/393/369 467/392/368 46/391/355
f 467/392/368 470/396/371 469/395/370 46/391/355
f 469/395/370 472/398/373 471/397/372 46/391/355
f 471/400/372 473/399/374 455/375/354 46/376/355
f 476/404/378 475/403/377 474/402/376 47/401/375
f 478/406/380 477/405/379 476/404/378 47/401/375
f 474/402/376 479/407/381 478/406/380 47/401/375
f 482/411/385 481/410/384 480/409/383 48/408/382
f 484/413/387 483/412/386 482/411/385 48/408/382
f 480/409/383 485/414/388 484/413/387 48/408/382
f 488/418/392 487/417/391 486/416/390 49/415/389
f 490/420/394 489/419/393 488/418/392 49/415/389
f 493/423/397 492/422/396 491/421/395 49/415/389
f 491/421/395 494/424/398 490/420/394 49/415/389
f 486/416/390 495/425/399 493/423/397 49/415/389
f 498/429/403 497/428/402 496/427/401 50/426/400
f 496/432/401 499/431/405 52/430/404 50/426/400
f 52/430/404 51/433/406 498/429/403 50/426/400
f 503/437/409 502/436/408 501/435/407 51/434/406
f 501/435/407 504/439/410 498/438/403 51/434/406
f 52/443/404 506/442/412 505/441/411 51/440/406
f 505/441/411 507/445/413 503/444/409 51/440/406
f 499/448/405 500/447/415 508/446/414 52/443/404
f 508/446/414 509/449/416 506/442/412 52/443/404
f 512/453/420 511/452/419 510/451/418 53/450/417
f 514/455/422 513/454/421 512/453/420 53/450/417
f 510/451/418 516/457/424 515/456/423 53/450/417
f 518/459/426 517/458/425 514/455/422 53/450/417
f 515/456/423 519/460/427 518/459/426 53/450/417
f 522/464/431 521/463/430 520/462/429 54/461/428
f 524/466/433 523/465/432 522/464/431 54/461/428
f 527/469/436 526/468/435 525/467/434 54/461/428
f 525/467/434 528/470/437 524/466/433 54/461/428
f 520/462/429 130/471/438 527/469/436 54/461/428
f 530/475/442 132/474/441 529/473/440 55/472/439
f 529/473/440 353/258/238 531/476/443 55/472/439
f 531/476/443 532/477/444 530/475/442 55/472/439
f 535/481/448 534/480/447 533/479/446 56/478/445
f 537/483/450 536/482/449 535/481/448 56/478/445
f 539/485/452 538/484/451 537/483/450 56/478/445
f 533/479/446 541/487/454 540/486/453 56/478/445
f 540/486/453 542/488/455 539/485/452 56/478/445
f 545/492/459 544/491/458 543/490/457 57/489/456
f 546/493/460 132/474/441 545/492/459 57/489/456
f 543/490/457 547/494/461 546/493/460 57/489/456
f 550/498/465 549/497/464 548/496/463 58/495/462
f 552/500/467 551/499/466 550/498/465 58/495/462
f 555/503/470 554/502/469 553/501/468 58/495/462
f 548/496/463 556/504/471 555/503/470 58/495/462
f 553/501/468 557/505/472 552/500/467 58/495/462
f 560/509/476 559/508/475 558/507/474 59/506/473
f 558/507/474 562/511/478 561/510/477 59/506/473
f 561/510/477 564/513/480 563/512/479 59/506/473
f 563/512/479 566/515/482 565/514/481 59/506/473
f 565/514/481 567/516/483 560/509/476 59/506/473
f 570/520/487 569/519/486 568/518/485 60/517/484
f 573/523/490 572/522/489 571/521/488 60/517/484
f 568/518/485 574/524/491 573/523/490 60/517/484
f 576/526/493 575/525/492 570/520/487 60/517/484
f 571/521/488 577/527/494 576/526/493 60/517/484
f 580/531/498 579/530/497 578/529/496 61/528/495
f 583/534/501 582/533/500 581/532/499 61/528/495
f 578/529/496 584/535/502 583/534/501 61/528/495
f 586/537/504 585/536/503 580/531/498 61/528/495
f 581/532/499 587/538/505 586/537/504 61/528/495
f 590/542/509 589/541/508 588/540/507 62/539/506
f 588/540/507 566/544/482 591/543/510 62/539/506
f 593/546/512 592/545/511 590/542/509 62/539/506
f 591/543/510 595/548/514 594/547/513 62/539/506
f 598/552/518 597/551/517 596/550/516 63/549/515
f 600/554/520 599/553/519 598/552/518 63/549/515
f 596/550/516 601/555/521 600/554/520 63/549/515
f 604/559/525 603/558/524 602/557/523 64/556/522
f 606/561/527 605/560/526 604/559/525 64/556/522
f 602/557/523 607/562/528 606/561/527 64/556/522
f 610/566/532 609/565/531 608/564/530 65/563/529
f 608/564/530 612/568/534 611/567/533 65/563/529
f 611/567/533 614/570/536 613/569/535 65/563/529
f 616/572/538 615/571/537 610/566/532 65/563/529
f 613/569/535 617/573/539 616/572/538 65/563/529
f 620/577/543 619/576/542 618/575/541 66/574/540
f 618/575/541 622/579/545 621/578/544 66/574/540
f 621/578/544 623/580/546 620/577/543 66/574/540
f 625/583/549 624/582/548 579/530/497 67/581/547
f 579/530/497 580/531/498 626/584/550 67/581/547
f 626/584/550 628/586/552 627/585/551 67/581/547
f 630/588/554 629/587/553 625/583/549 67/581/547
f 627/585/551 631/589/555 630/588/554 67/581/547
f 634/593/559 633/592/558 632/591/557 68/590/556
f 636/595/561 635/594/560 634/593/559 68/590/556
f 632/591/557 638/597/563 637/596/562 68/590/556
f 640/599/565 639/598/564 636/595/561 68/590/556
f 637/596/562 641/600/566 640/599/565 68/590/556
f 644/604/570 643/603/569 642/602/568 69/601/567
f 647/607/573 646/606/572 645/605/571 69/601/567
f 642/602/568 649/609/575 648/608/574 69/601/567
f 648/608/574 650/610/576 647/607/573 69/601/567
f 653/614/580 652/613/579 651/612/578 70/611/577
f 651/612/578 655/616/582 654/615/581 70/611/577
f 654/615/581 656/617/583 653/614/580 70/611/577
f 659/621/587 658/620/586 657/619/585 71/618/584
f 657/619/585 661/623/589 660/622/588 71/618/584
f 660/622/588 662/624/590 659/621/587 71/618/584
f 665/628/594 664/627/593 663/626/592 72/625/591
f 667/630/596 666/629/595 665/628/594 72/625/591
f 663/626/592 668/631/597 667/630/596 72/625/591
f 671/635/601 670/634/600 669/633/599 73/632/598
f 669/633/599 673/637/603 672/636/602 73/632/598
f 672/636/602 674/638/604 671/635/601 73/632/598
f 677/642/608 676/641/607 675/640/606 74/639/605
f 679/644/610 678/643/609 677/642/608 74/639/605
f 675/640/606 681/646/612 680/645/611 74/639/605
f 680/645/611 138/648/614 682/647/613 74/639/605
f 682/647/613 683/649/615 679/644/610 74/639/605
f 686/653/619 685/652/618 684/651/617 75/650/616
f 684/651/617 688/655/621 687/654/620 75/650/616
f 687/654/620 689/656/622 686/653/619 75/650/616
f 690/657/623 531/476/443 353/258/238 76/259/239
f 355/659/625 691/658/624 690/657/623 76/259/239
f 694/663/629 693/662/628 692/661/627 77/660/626
f 692/661/627 532/477/444 695/664/630 77/660/626
f 698/667/633 697/666/632 696/665/631 77/660/626
f 696/665/631 699/668/634 694/663/629 77/660/626
f 695/664/630 700/669/635 698/667/633 77/660/626
f 703/673/639 702/672/638 701/671/637 78/670/636
f 705/675/641 704/674/640 703/673/639 78/670/636
f 707/677/643 706/676/642 705/675/641 78/670/636
f 701/671/637 709/679/645 708/678/644 78/670/636
f 708/678/644 710/680/646 707/677/643 78/670/636
f 712/684/650 711/683/649 80/682/648 79/681/647
f 714/686/652 713/685/651 712/684/650 79/681/647
f 716/690/655 82/689/654 715/688/653 79/687/647
f 715/692/653 83/691/656 714/686/652 79/681/647
f 80/694/648 717/693/657 716/690/655 79/687/647
f 711/683/649 719/696/659 718/695/658 80/682/648
f 718/699/658 141/698/661 720/697/660 80/694/648
f 720/697/660 721/700/662 717/693/657 80/694/648
f 724/704/666 723/703/665 722/702/664 81/701/663
f 726/706/668 725/705/667 724/704/666 81/701/663
f 722/702/664 728/708/670 727/707/669 81/701/663
f 730/710/672 729/709/671 726/706/668 81/701/663
f 727/707/669 731/711/673 730/710/672 81/701/663
f 716/690/655 733/713/675 732/712/674 82/689/654
f 732/712/677 733/713/676 714/686/652 83/691/656
f 736/717/681 735/716/680 734/715/679 84/714/678
f 734/715/679 738/719/683 737/718/682 84/714/678
f 737/718/682 740/721/685 739/720/684 84/714/678
f 739/720/684 742/723/687 741/722/686 84/714/678
f 741/722/686 743/724/688 736/717/681 84/714/678
f 746/728/692 745/727/691 744/726/690 85/725/689
f 748/730/694 747/729/693 746/728/692 85/725/689
f 751/734/698 750/733/697 749/732/696 86/731/695
f 749/732/696 753/736/700 752/735/699 86/731/695
f 752/735/699 754/737/701 751/734/698 86/731/695
f 756/741/704 755/740/703 557/739/472 87/738/702
f 759/745/707 758/744/706 757/743/705 87/742/702
f 557/505/472 553/501/468 759/745/707 87/742/702
f 757/743/705 761/747/709 760/746/708 87/742/702
f 760/748/708 410/322/302 756/741/704 87/738/702
f 764/752/713 763/751/712 762/750/711 88/749/710
f 766/754/715 765/753/714 764/752/713 88/749/710
f 762/750/711 767/755/716 766/754/715 88/749/710
f 770/759/720 769/758/719 768/757/718 89/756/717
f 768/763/718 772/762/722 771/761/721 89/760/717
f 771/761/721 774/765/724 773/764/723 89/760/717
f 776/767/726 775/766/725 770/759/720 89/756/717
f 773/764/723 777/769/727 776/768/726 89/760/717
f 780/773/731 779/772/730 778/771/729 90/770/728
f 778/771/729 782/775/733 781/774/732 90/770/728
f 781/774/732 783/776/734 780/773/731 90/770/728
f 786/780/738 785/779/737 784/778/736 91/777/735
f 788/782/740 787/781/739 786/780/738 91/777/735
f 777/769/727 779/772/730 788/782/740 91/777/735
f 784/778/736 790/784/742 789/783/741 91/777/735
f 789/783/741 776/768/726 777/769/727 91/777/735
f 791/787/745 93/786/744 783/776/734 92/785/743
f 783/776/734 781/774/732 792/788/746 92/785/743
f 792/788/746 794/790/748 793/789/747 92/785/743
f 796/792/750 795/791/749 791/787/745 92/785/743
f 793/789/747 797/793/751 796/792/750 92/785/743
f 791/787/745 799/795/753 798/794/752 93/786/744
f 798/794/752 780/773/731 783/776/734 93/786/744
f 802/799/757 801/798/756 800/797/755 94/796/754
f 804/801/759 803/800/758 802/799/757 94/796/754
f 800/797/755 805/802/760 804/801/759 94/796/754
f 808/806/764 807/805/763 806/804/762 95/803/761
f 806/804/762 810/808/766 809/807/765 95/803/761
f 812/810/768 811/809/767 808/806/764 95/803/761
f 809/807/765 814/812/770 813/811/769 95/803/761
f 813/811/769 815/813/771 812/810/768 95/803/761
f 818/817/775 817/816/774 816/815/773 96/814/772
f 816/815/773 820/819/777 819/818/776 96/814/772
f 819/818/776 795/791/749 818/817/775 96/814/772
f 823/823/781 822/822/780 821/821/779 97/820/778
f 821/821/779 825/825/783 824/824/782 97/820/778
f 824/824/782 826/826/784 823/823/781 97/820/778
f 829/830/788 828/829/787 827/828/786 98/827/785
f 831/832/790 830/831/789 829/830/788 98/827/785
f 833/834/792 832/833/791 831/832/790 98/827/785
f 827/828/786 835/836/794 834/835/793 98/827/785
f 834/835/793 836/837/795 833/834/792 98/827/785
f 839/841/799 838/840/798 837/839/797 99/838/796
f 837/839/797 841/843/801 840/842/800 99/838/796
f 840/842/800 842/844/802 839/841/799 99/838/796
f 845/848/806 844/847/805 843/846/804 100/845/803
f 848/851/809 847/850/808 846/849/807 100/845/803
f 846/849/807 849/852/810 845/848/806 100/845/803
f 843/846/804 851/854/812 850/853/811 100/845/803
f 850/853/811 852/855/813 848/851/809 100/845/803
f 853/859/817 856/858/816 855/857/815 101/856/814
f 855/857/815 857/861/819 104/860/818 101/856/814
f 104/860/818 859/863/821 858/862/820 101/856/814
f 862/867/825 861/866/824 860/865/823 102/864/822
f 860/865/823 864/869/827 863/868/826 102/864/822
f 863/868/826 865/871/829 103/870/828 102/864/822
f 867/873/831 866/872/830 862/867/825 102/864/822
f 103/870/828 868/874/832 867/873/831 102/864/822
f 865/871/829 869/875/833 868/874/832 103/870/828
f 857/861/819 870/876/834 859/863/821 104/860/818
f 875/880/838 874/879/837 872/878/836 105/877/835
f 130/471/438 520/462/429 875/880/838 105/877/835
f 873/881/839 527/469/436 130/471/438 105/877/835
f 878/885/843 877/884/842 876/883/841 106/882/840
f 880/887/845 879/886/844 878/885/843 106/882/840
f 876/883/841 881/888/846 880/887/845 106/882/840
f 884/892/850 883/891/849 882/890/848 107/889/847
f 886/894/852 885/893/851 884/892/850 107/889/847
f 888/896/854 887/895/853 886/894/852 107/889/847
f 890/898/856 889/897/855 888/896/854 107/889/847
f 882/890/848 891/899/857 890/898/856 107/889/847
f 894/903/861 893/902/860 892/901/859 108/900/858
f 896/905/863 895/904/862 894/903/861 108/900/858
f 898/908/866 897/907/865 136/906/864 108/900/858
f 136/906/864 899/909/867 896/905/863 108/900/858
f 892/901/859 900/910/868 898/908/866 108/900/858
f 903/914/872 902/913/871 901/912/870 109/911/869
f 905/916/874 904/915/873 903/914/872 109/911/869
f 901/912/870 906/917/875 905/916/874 109/911/869
f 909/921/879 908/920/878 907/919/877 110/918/876
f 907/919/877 911/923/881 910/922/880 110/918/876
f 910/922/880 912/924/882 909/921/879 110/918/876
f 913/926/884 908/920/878 909/921/879 111/925/883
f 916/929/887 915/928/886 914/927/885 111/925/883
f 914/927/885 917/930/888 913/926/884 111/925/883
f 909/921/879 912/924/882 918/931/889 111/925/883
f 918/931/889 919/932/890 916/929/887 111/925/883
f 922/936/894 921/935/893 920/934/892 112/933/891
f 920/934/892 924/938/896 923/937/895 112/933/891
f 923/937/895 925/939/897 922/936/894 112/933/891
f 928/943/901 927/942/900 926/941/899 113/940/898
f 931/947/904 930/946/903 929/945/902 113/944/898
f 926/941/899 932/949/905 931/948/904 113/940/898
f 929/945/902 934/951/907 933/950/906 113/944/898
f 933/950/906 935/953/908 928/952/901 113/944/898
f 160/18/18 161/19/19 936/955/910 114/954/909
f 937/956/911 159/17/17 160/18/18 114/954/909
f 936/955/910 938/957/912 937/956/911 114/954/909
f 941/961/916 940/960/915 939/959/914 115/958/913
f 944/964/919 943/963/918 942/962/917 115/958/913
f 939/959/914 945/965/920 944/964/919 115/958/913
f 947/967/922 946/966/921 941/961/916 115/958/913
f 942/962/917 948/968/923 947/967/922 115/958/913
f 951/972/927 950/971/926 949/970/925 116/969/924
f 953/974/929 952/973/928 951/972/927 116/969/924
f 949/970/925 954/975/930 953/974/929 116/969/924
f 314/220/194 955/978/932 118/977/931 117/976/193
f 118/980/931 956/979/933 313/209/192 117/210/193
f 958/982/935 957/981/934 956/979/933 118/980/931
f 960/985/937 959/984/936 958/983/935 118/977/931
f 955/978/932 961/986/938 960/985/937 118/977/931
f 964/990/942 963/989/941 962/988/940 119/987/939
f 966/992/944 965/991/943 964/990/942 119/987/939
f 962/988/940 967/993/945 966/992/944 119/987/939
f 970/997/949 969/996/948 968/995/947 120/994/946
f 972/999/951 971/998/950 970/997/949 120/994/946
f 968/995/947 973/1000/952 972/999/951 120/994/946
f 976/1004/956 975/1003/955 974/1002/954 121/1001/953
f 974/1002/954 978/1006/958 977/1005/957 121/1001/953
f 981/1009/961 980/1008/960 979/1007/959 121/1001/953
f 977/1005/957 982/1010/962 981/1009/961 121/1001/953
f 979/1007/959 983/1011/963 976/1004/956 121/1001/953
f 986/1015/967 985/1014/966 984/1013/965 122/1012/964
f 988/1017/969 987/1016/968 986/1015/967 122/1012/964
f 984/1013/965 989/1018/970 988/1017/969 122/1012/964
f 521/463/430 522/464/431 990/1019/971 123/183/166
f 990/1019/971 991/1020/972 291/182/165 123/183/166
f 993/1022/974 992/1021/973 521/463/430 123/183/166
f 292/184/167 994/1023/975 993/1022/974 123/183/166
f 997/1027/979 996/1026/978 995/1025/977 124/1024/976
f 999/1029/981 998/1028/980 997/1027/979 124/1024/976
f 995/1025/977 1000/1030/982 999/1029/981 124/1024/976
f 1003/1034/986 1002/1033/985 1001/1032/984 125/1031/983
f 1004/1035/987 366/273/253 367/274/254 125/1031/983
f 367/274/254 370/277/257 1003/1034/986 125/1031/983
f 1006/1037/989 1005/1036/988 1004/1035/987 125/1031/983
f 1001/1032/984 1007/1038/990 1006/1037/989 125/1031/983
f 1010/1042/994 1009/1041/993 1008/1040/992 126/1039/991
f 1012/1044/996 1011/1043/995 1010/1042/994 126/1039/991
f 1008/1040/992 1014/1046/998 1013/1045/997 126/1039/991
f 1016/1048/1000 1015/1047/999 1012/1044/996 126/1039/991
f 1013/1045/997 1017/1049/1001 1016/1048/1000 126/1039/991
f 1020/1053/1005 1019/1052/1004 1018/1051/1003 127/1050/1002
f 1018/1051/1003 449/367/347 1021/1054/1006 127/1050/1002
f 1023/1056/1008 1022/1055/1007 1020/1053/1005 127/1050/1002
f 1021/1054/1006 1025/1058/1010 1024/1057/1009 127/1050/1002
f 1024/1057/1009 1026/1059/1011 1023/1056/1008 127/1050/1002
f 1029/1063/1015 1028/1062/1014 1027/1061/1013 128/1060/1012
f 1027/1061/1013 1031/1065/1017 1030/1064/1016 128/1060/1012
f 1030/1064/1016 1032/1066/1018 1029/1063/1015 128/1060/1012
f 1035/1070/1022 1034/1069/1021 1033/1068/1020 129/1067/1019
f 1037/1072/1024 1036/1071/1023 1035/1070/1022 129/1067/1019
f 1033/1068/1020 1038/1073/1025 1037/1072/1024 129/1067/1019
f 1041/1077/1029 1040/1076/1028 1039/1075/1027 131/1074/1026
f 1039/1075/1027 1043/1079/1031 1042/1078/1030 131/1074/1026
f 1042/1078/1030 1044/1080/1032 1041/1077/1029 131/1074/1026
f 530/475/442 1045/1081/1033 545/492/459 132/474/441
f 1047/1083/1035 1046/1082/1034 529/473/440 132/474/441
f 546/493/460 1048/1084/1036 1047/1083/1035 132/474/441
f 1051/1088/1040 1050/1087/1039 1049/1086/1038 133/1085/1037
f 1049/1086/1038 1053/1090/1042 1052/1089/1041 133/1085/1037
f 1055/1092/1044 1054/1091/1043 1051/1088/1040 133/1085/1037
f 1057/1094/1046 1056/1093/1045 1055/1092/1044 133/1085/1037
f 1052/1089/1041 1058/1095/1047 1057/1094/1046 133/1085/1037
f 1061/1099/1051 1060/1098/1050 1059/1097/1049 134/1096/1048
f 1063/1101/1053 1062/1100/1052 1061/1099/1051 134/1096/1048
f 1059/1097/1049 1064/1102/1054 1063/1101/1053 134/1096/1048
f 1067/1106/1058 1066/1105/1057 1065/1104/1056 135/1103/1055
f 1069/1108/1060 1068/1107/1059 1067/1106/1058 135/1103/1055
f 1065/1104/1056 896/905/863 899/909/867 135/1103/1055
f 1071/1110/1062 1070/1109/1061 1069/1108/1060 135/1103/1055
f 899/909/867 1072/1111/1063 1071/1110/1062 135/1103/1055
f 897/907/865 1072/1111/1063 899/909/867 136/906/864
f 1075/1115/1067 1074/1114/1066 1073/1113/1065 137/1112/1064
f 1078/1118/1070 1077/1117/1069 1076/1116/1068 137/1112/1064
f 1073/1113/1065 1079/1119/1071 1078/1118/1070 137/1112/1064
f 1081/1121/1073 1080/1120/1072 1075/1115/1067 137/1112/1064
f 1076/1116/1068 1082/1122/1074 1081/1121/1073 137/1112/1064
f 680/645/611 1084/1124/1076 1083/1123/1075 138/648/614
f 1083/1123/1075 1085/1125/1077 682/647/613 138/648/614
f 1088/1129/1081 1087/1128/1080 1086/1127/1079 139/1126/1078
f 1090/1131/1083 1089/1130/1082 1088/1129/1081 139/1126/1078
f 1086/1127/1079 1091/1132/1084 1090/1131/1083 139/1126/1078
f 1094/1136/1088 1093/1135/1087 1092/1134/1086 140/1133/1085
f 1096/1138/1090 1095/1137/1089 1094/1136/1088 140/1133/1085
f 1098/1140/1092 1097/1139/1091 1096/1138/1090 140/1133/1085
f 1100/1142/1094 1099/1141/1093 1098/1140/1092 140/1133/1085
f 718/699/658 723/703/665 724/704/666 141/698/661
f 724/704/666 725/705/667 720/697/660 141/698/661
f 1103/1146/1098 1102/1145/1097 1101/1144/1096 142/1143/1095
f 1105/1148/1100 1104/1147/1099 1103/1146/1098 142/1143/1095
f 1101/1144/1096 1106/1149/1101 1105/1148/1100 142/1143/1095
f 1109/1153/1105 1108/1152/1104 1107/1151/1103 143/1150/1102
f 772/762/722 1111/1155/1107 1110/1154/1106 143/1150/1102
f 1110/1154/1106 1112/1156/1108 1109/1153/1105 143/1150/1102
f 1113/1157/1109 771/761/721 772/762/722 143/1150/1102
f 1107/1151/1103 1114/1158/1110 1113/1157/1109 143/1150/1102
f 1116/1161/1113 851/854/812 1115/1160/1112 144/1159/1111
f 1118/1163/1115 1117/1162/1114 1116/1161/1113 144/1159/1111
f 1115/1160/1112 1120/1165/1117 1119/1164/1116 144/1159/1111
f 1119/1164/1116 870/876/834 857/861/819 144/1159/1111
f 857/861/819 855/857/815 1118/1163/1115 144/1159/1111
f 1123/1169/1121 1122/1168/1120 1121/1167/1119 145/1166/1118
f 1125/1171/1123 1124/1170/1122 1123/1169/1121 145/1166/1118
f 1121/1167/1119 1126/1172/1124 1125/1171/1123 145/1166/1118
f 1128/1174/1126 1127/1173/1125 1125/1171/1123 1126/1172/1124
f 1130/1176/1128 1129/1175/1127 1128/1174/1126 1126/1172/1124
f 1121/1167/1119 1131/1177/1129 1130/1176/1128 1126/1172/1124
f 1133/1179/1131 1132/1178/1130 1130/1176/1128 1131/1177/1129
f 1135/1181/1133 1134/1180/1132 1133/1179/1131 1131/1177/1129
f 1121/1167/1119 1122/1168/1120 1135/1181/1133 1131/1177/1129
f 1137/1183/1135 1136/1182/1134 1134/1180/1132 1135/1181/1133
f 1122/1168/1120 1138/1184/1136 1137/1183/1135 1135/1181/1133
f 1140/1186/1138 1139/1185/1137 1137/1183/1135 1138/1184/1136
f 1142/1188/1140 1141/1187/1139 1140/1186/1138 1138/1184/1136
f 1122/1168/1120 1123/1169/1121 1142/1188/1140 1138/1184/1136
f 1144/1190/1142 1143/1189/1141 1141/1187/1139 1142/1188/1140
f 1123/1169/1121 1124/1170/1122 1144/1190/1142 1142/1188/1140
f 1146/1192/1144 1145/1191/1143 1143/1189/1141 1144/1190/1142
f 1124/1170/1122 1147/1193/1145 1146/1192/1144 1144/1190/1142
f 1124/1170/1122 1125/1171/1123 1127/1173/1125 1147/1193/1145
f 1149/1195/1147 1148/1194/1146 1146/1192/1144 1147/1193/1145
f 1127/1173/1125 1150/1196/1148 1149/1195/1147 1147/1193/1145
f 925/939/897 923/937/895 1149/1195/1147 1150/1196/1148
f 1152/1198/1150 1151/1197/1149 925/939/897 1150/1196/1148
f 1127/1173/1125 1128/1174/1126 1152/1198/1150 1150/1196/1148
f 1154/1200/1152 1153/1199/1151 1151/1197/1149 1152/1198/1150
f 1128/1174/1126 1129/1175/1127 1154/1200/1152 1152/1198/1150
f 1156/1202/1154 1155/1201/1153 1153/1199/1151 1154/1200/1152
f 1129/1175/1127 1157/1203/1155 1156/1202/1154 1154/1200/1152
f 1129/1175/1127 1130/1176/1128 1132/1178/1130 1157/1203/1155
f 1159/1205/1157 1158/1204/1156 1156/1202/1154 1157/1203/1155
f 1132/1178/1130 1160/1206/1158 1159/1205/1157 1157/1203/1155
f 1162/1208/1160 1161/1207/1159 1159/1205/1157 1160/1206/1158
f 1164/1210/1162 1163/1209/1161 1162/1208/1160 1160/1206/1158
f 1132/1178/1130 1133/1179/1131 1164/1210/1162 1160/1206/1158
f 1166/1212/1164 1165/1211/1163 1163/1209/1161 1164/1210/1162
f 1133/1179/1131 1134/1180/1132 1166/1212/1164 1164/1210/1162
f 1168/1214/1166 1167/1213/1165 1165/1211/1163 1166/1212/1164
f 1134/1180/1132 1136/1182/1134 1168/1214/1166 1166/1212/1164
f 1170/1216/1168 1169/1215/1167 1167/1213/1165 1168/1214/1166
f 1136/1182/1134 1171/1217/1169 1170/1216/1168 1168/1214/1166
f 912/924/882 910/922/880 1170/1216/1168 1171/1217/1169
f 1139/1185/1137 918/931/889 912/924/882 1171/1217/1169
f 1136/1182/1134 1137/1183/1135 1139/1185/1137 1171/1217/1169
f 910/922/880 911/923/881 1169/1215/1167 1170/1216/1168
f 1173/1219/1171 1172/1218/1170 1167/1213/1165 1169/1215/1167
f 911/923/881 1174/1220/1172 1173/1219/1171 1169/1215/1167
f 1176/1222/1174 1175/1221/1173 1173/1219/1171 1174/1220/1172
f 869/875/833 865/871/829 1176/1222/1174 1174/1220/1172
f 911/923/881 907/919/877 869/875/833 1174/1220/1172
f 1178/1224/1176 1177/1223/1175 1175/1221/1173 1176/1222/1174
f 865/871/829 863/868/826 1178/1224/1176 1176/1222/1174
f 1179/1225/1177 852/855/813 1177/1223/1175 1178/1224/1176
f 863/868/826 864/869/827 1179/1225/1177 1178/1224/1176
f 1180/1226/1178 848/851/809 852/855/813 1179/1225/1177
f 864/869/827 1181/1227/1179 1180/1226/1178 1179/1225/1177
f 1183/1229/1181 1182/1228/1180 1180/1226/1178 1181/1227/1179
f 1185/1231/1183 1184/1230/1182 1183/1229/1181 1181/1227/1179
f 864/869/827 860/865/823 1185/1231/1183 1181/1227/1179
f 1187/1233/1185 1186/1232/1184 1184/1230/1182 1185/1231/1183
f 860/865/823 861/866/824 1187/1233/1185 1185/1231/1183
f 649/609/575 1188/1234/1186 1186/1232/1184 1187/1233/1185
f 861/866/824 648/608/574 649/609/575 1187/1233/1185
f 1190/1238/1188 1189/1237/1187 1186/1236/1184 1188/1235/1186
f 1192/1240/1190 1191/1239/1189 1190/1238/1188 1188/1235/1186
f 649/609/575 642/602/568 1192/1241/1190 1188/1234/1186
f 1194/1243/1192 1193/1242/1191 1191/1239/1189 1192/1240/1190
f 642/602/568 643/603/569 1194/1244/1192 1192/1241/1190
f 1196/1246/1194 1195/1245/1193 1193/1242/1191 1194/1243/1192
f 643/603/569 1197/1248/1195 1196/1247/1194 1194/1244/1192
f 643/603/569 644/604/570 1198/1249/1196 1197/1248/1195
f 1200/1251/1198 1199/1250/1197 1196/1247/1194 1197/1248/1195
f 1198/1249/1196 1201/1252/1199 1200/1251/1198 1197/1248/1195
f 1198/1249/1196 674/638/604 672/636/602 1201/1252/1199
f 1203/1254/1201 1202/1253/1200 1200/1251/1198 1201/1252/1199
f 672/636/602 673/637/603 1203/1254/1201 1201/1252/1199
f 1205/1256/1203 1204/1255/1202 1202/1253/1200 1203/1254/1201
f 673/637/603 1206/1257/1204 1205/1256/1203 1203/1254/1201
f 673/637/603 669/633/599 1207/1258/1205 1206/1257/1204
f 1209/1260/1207 1208/1259/1206 1205/1256/1203 1206/1257/1204
f 1207/1258/1205 1210/1261/1208 1209/1260/1207 1206/1257/1204
f 1207/1258/1205 1212/1263/1210 1211/1262/1209 1210/1261/1208
f 1214/1265/1212 1213/1264/1211 1209/1260/1207 1210/1261/1208
f 1211/1262/1209 1215/1266/1213 1214/1265/1212 1210/1261/1208
f 666/629/595 667/630/596 1214/1265/1212 1215/1266/1213
f 1217/1268/1215 1216/1267/1214 666/629/595 1215/1266/1213
f 1211/1262/1209 1218/1269/1216 1217/1268/1215 1215/1266/1213
f 1211/1262/1209 1212/1263/1210 1219/1270/1217 1218/1269/1216
f 1221/1272/1219 1220/1271/1218 1217/1268/1215 1218/1269/1216
f 1219/1270/1217 1222/1273/1220 1221/1272/1219 1218/1269/1216
f 1219/1270/1217 1224/1275/1222 1223/1274/1221 1222/1273/1220
f 675/640/606 676/641/607 1221/1272/1219 1222/1273/1220
f 1223/1274/1221 681/646/612 675/640/606 1222/1273/1220
f 670/634/600 671/635/601 1225/1276/1223 1224/1275/1222
f 1219/1270/1217 1212/1263/1210 670/634/600 1224/1275/1222
f 1225/1276/1223 1226/1277/1224 1223/1274/1221 1224/1275/1222
f 1225/1276/1223 1227/1278/1225 645/605/571 1226/1277/1224
f 1228/1279/1226 681/646/612 1223/1274/1221 1226/1277/1224
f 645/605/571 646/606/572 1228/1279/1226 1226/1277/1224
f 1084/1124/1076 680/645/611 681/646/612 1228/1279/1226
f 646/606/572 1229/1280/1227 1084/1124/1076 1228/1279/1226
f 646/606/572 647/607/573 1230/1281/1228 1229/1280/1227
f 1231/1282/1229 1083/1123/1075 1084/1124/1076 1229/1280/1227
f 1230/1281/1228 1232/1283/1230 1231/1282/1229 1229/1280/1227
f 1230/1281/1228 1234/1285/1232 1233/1284/1231 1232/1283/1230
f 1236/1287/1234 1235/1286/1233 1231/1282/1229 1232/1283/1230
f 1233/1284/1231 1237/1288/1235 1236/1287/1234 1232/1283/1230
f 1233/1284/1231 917/930/888 914/927/885 1237/1288/1235
f 1238/1289/1236 689/656/622 1236/1287/1234 1237/1288/1235
f 914/927/885 915/928/886 1238/1289/1236 1237/1288/1235
f 1239/1290/1237 686/653/619 689/656/622 1238/1289/1236
f 915/928/886 1240/1291/1238 1239/1290/1237 1238/1289/1236
f 915/928/886 916/929/887 1241/1292/1239 1240/1291/1238
f 1243/1294/1241 1242/1293/1240 1239/1290/1237 1240/1291/1238
f 1241/1292/1239 1244/1295/1242 1243/1294/1241 1240/1291/1238
f 1241/1292/1239 1246/1297/1244 1245/1296/1243 1244/1295/1242
f 1247/1298/1245 1097/1139/1091 1243/1294/1241 1244/1295/1242
f 1245/1296/1243 1248/1299/1246 1247/1298/1245 1244/1295/1242
f 1245/1296/1243 1143/1189/1141 1145/1191/1143 1248/1299/1246
f 1250/1301/1248 1249/1300/1247 1247/1298/1245 1248/1299/1246
f 1145/1191/1143 1251/1302/1249 1250/1301/1248 1248/1299/1246
f 1145/1191/1143 1146/1192/1144 1148/1194/1146 1251/1302/1249
f 1253/1304/1251 1252/1303/1250 1250/1301/1248 1251/1302/1249
f 1148/1194/1146 924/938/896 1253/1304/1251 1251/1302/1249
f 1255/1306/1253 1254/1305/1252 1252/1303/1250 1253/1304/1251
f 924/938/896 920/934/892 1255/1306/1253 1253/1304/1251
f 1257/1308/1255 1256/1307/1254 1254/1305/1252 1255/1306/1253
f 920/934/892 921/935/893 1257/1308/1255 1255/1306/1253
f 1259/1310/1257 1258/1309/1256 1256/1307/1254 1257/1308/1255
f 921/935/893 1260/1311/1258 1259/1310/1257 1257/1308/1255
f 921/935/893 922/936/894 1261/1312/1259 1260/1311/1258
f 1263/1314/1261 1262/1313/1260 1259/1310/1257 1260/1311/1258
f 1261/1312/1259 1264/1315/1262 1263/1314/1261 1260/1311/1258
f 1261/1312/1259 1151/1197/1149 1153/1199/1151 1264/1315/1262
f 1266/1317/1264 1265/1316/1263 1263/1314/1261 1264/1315/1262
f 1153/1199/1151 1155/1201/1153 1266/1317/1264 1264/1315/1262
f 1268/1319/1266 1267/1318/1265 1265/1316/1263 1266/1317/1264
f 1155/1201/1153 1269/1320/1267 1268/1319/1266 1266/1317/1264
f 1155/1201/1153 1156/1202/1154 1158/1204/1156 1269/1320/1267
f 1271/1322/1269 1270/1321/1268 1268/1319/1266 1269/1320/1267
f 1158/1204/1156 1272/1323/1270 1271/1322/1269 1269/1320/1267
f 1158/1204/1156 1159/1205/1157 1161/1207/1159 1272/1323/1270
f 854/1324/1271 858/862/820 1271/1322/1269 1272/1323/1270
f 1161/1207/1159 853/859/817 854/1324/1271 1272/1323/1270
f 858/862/820 859/863/821 1270/1321/1268 1271/1322/1269
f 1273/1325/1272 1267/1318/1265 1268/1319/1266 1270/1321/1268
f 859/863/821 870/876/834 1273/1325/1272 1270/1321/1268
f 1275/1327/1274 1274/1326/1273 1267/1318/1265 1273/1325/1272
f 870/876/834 1119/1164/1116 1275/1327/1274 1273/1325/1272
f 1277/1329/1276 1276/1328/1275 1274/1326/1273 1275/1327/1274
f 1119/1164/1116 1120/1165/1117 1277/1329/1276 1275/1327/1274
f 1279/1331/1278 1278/1330/1277 1276/1328/1275 1277/1329/1276
f 1120/1165/1117 1280/1332/1279 1279/1331/1278 1277/1329/1276
f 1282/1334/1281 1281/1333/1280 1279/1331/1278 1280/1332/1279
f 1284/1336/1283 1283/1335/1282 1282/1334/1281 1280/1332/1279
f 1120/1165/1117 1115/1160/1112 1284/1336/1283 1280/1332/1279
f 843/846/804 844/847/805 1283/1335/1282 1284/1336/1283
f 1115/1160/1112 851/854/812 843/846/804 1284/1336/1283
f 1286/1340/1285 1285/1339/1284 1282/1338/1281 1283/1337/1282
f 844/1342/805 1287/1341/1286 1286/1340/1285 1283/1337/1282
f 1289/1344/1288 1288/1343/1287 1286/1340/1285 1287/1341/1286
f 1291/1346/1290 1290/1345/1289 1289/1344/1288 1287/1341/1286
f 844/1342/805 845/1347/806 1291/1346/1290 1287/1341/1286
f 1293/1349/1292 1292/1348/1291 1290/1345/1289 1291/1346/1290
f 845/1347/806 849/1350/810 1293/1349/1292 1291/1346/1290
f 849/1350/810 1295/1352/1294 1294/1351/1293 1293/1349/1292
f 1294/1351/1293 1296/1353/1295 1292/1348/1291 1293/1349/1292
f 1294/1351/1293 834/835/793 835/836/794 1296/1353/1295
f 627/585/551 628/586/552 1292/1348/1291 1296/1353/1295
f 835/836/794 631/589/555 627/585/551 1296/1353/1295
f 1298/1355/1297 1297/1354/1296 836/837/795 1295/1352/1294
f 849/1350/810 846/1356/807 1298/1355/1297 1295/1352/1294
f 836/837/795 834/835/793 1294/1351/1293 1295/1352/1294
f 1300/1360/1299 1299/1359/1298 1297/1358/1296 1298/1357/1297
f 846/1362/807 847/1361/808 1300/1360/1299 1298/1357/1297
f 1302/1364/1301 1301/1363/1300 1299/1359/1298 1300/1360/1299
f 847/1361/808 1182/1365/1180 1302/1364/1301 1300/1360/1299
f 1304/1367/1303 1303/1366/1302 1301/1363/1300 1302/1364/1301
f 1182/1365/1180 1183/1368/1181 1304/1367/1303 1302/1364/1301
f 1306/1370/1305 1305/1369/1304 1303/1366/1302 1304/1367/1303
f 1183/1368/1181 1184/1371/1182 1306/1370/1305 1304/1367/1303
f 1189/1237/1187 1307/1372/1306 1305/1369/1304 1306/1370/1305
f 1184/1371/1182 1186/1236/1184 1189/1237/1187 1306/1370/1305
f 1309/1374/1308 1308/1373/1307 1305/1369/1304 1307/1372/1306
f 1311/1376/1310 1310/1375/1309 1309/1374/1308 1307/1372/1306
f 1189/1237/1187 1190/1238/1188 1311/1376/1310 1307/1372/1306
f 1313/1378/1312 1312/1377/1311 1310/1375/1309 1311/1376/1310
f 1190/1238/1188 1191/1239/1189 1313/1378/1312 1311/1376/1310
f 1315/1380/1314 1314/1379/1313 1312/1377/1311 1313/1378/1312
f 1191/1239/1189 1193/1242/1191 1315/1380/1314 1313/1378/1312
f 1317/1382/1316 1316/1381/1315 1314/1379/1313 1315/1380/1314
f 1193/1242/1191 1195/1245/1193 1317/1382/1316 1315/1380/1314
f 1319/1384/1318 1318/1383/1317 1316/1381/1315 1317/1382/1316
f 1195/1245/1193 1320/1385/1319 1319/1384/1318 1317/1382/1316
f 640/599/565 641/600/566 1319/1384/1318 1320/1385/1319
f 1199/1386/1197 639/598/564 640/599/565 1320/1385/1319
f 1195/1245/1193 1196/1246/1194 1199/1386/1197 1320/1385/1319
f 641/600/566 1321/1387/1320 1318/1383/1317 1319/1384/1318
f 1323/1389/1322 1322/1388/1321 1318/1383/1317 1321/1387/1320
f 1325/1391/1324 1324/1390/1323 1323/1389/1322 1321/1387/1320
f 641/600/566 637/596/562 1325/1391/1324 1321/1387/1320
f 1327/1393/1326 1326/1392/1325 1324/1390/1323 1325/1391/1324
f 637/596/562 638/597/563 1327/1393/1326 1325/1391/1324
f 1329/1395/1328 1328/1394/1327 1326/1392/1325 1327/1393/1326
f 638/597/563 1330/1396/1329 1329/1395/1328 1327/1393/1326
f 1332/1398/1331 1331/1397/1330 1329/1395/1328 1330/1396/1329
f 1334/1400/1333 1333/1399/1332 1332/1398/1331 1330/1396/1329
f 638/597/563 632/591/557 1334/1400/1333 1330/1396/1329
f 1336/1402/1335 1335/1401/1334 1333/1399/1332 1334/1400/1333
f 632/591/557 633/592/558 1336/1402/1335 1334/1400/1333
f 1338/1406/1337 1337/1405/1336 1335/1404/1334 1336/1403/1335
f 633/1408/558 1339/1407/1338 1338/1406/1337 1336/1403/1335
f 633/1408/558 634/1410/559 1340/1409/1339 1339/1407/1338
f 1342/1412/1341 1341/1411/1340 1338/1406/1337 1339/1407/1338
f 1340/1409/1339 1343/1413/1342 1342/1412/1341 1339/1407/1338
f 1340/1409/1339 1345/1415/1344 1344/1414/1343 1343/1413/1342
f 1347/1417/1346 1346/1416/1345 1342/1412/1341 1343/1413/1342
f 1344/1414/1343 1348/1418/1347 1347/1417/1346 1343/1413/1342
f 1344/1414/1343 1350/1420/1349 1349/1419/1348 1348/1418/1347
f 1352/1422/1351 1351/1421/1350 1347/1417/1346 1348/1418/1347
f 1349/1419/1348 1353/1423/1352 1352/1422/1351 1348/1418/1347
f 1349/1419/1348 1355/1425/1354 1354/1424/1353 1353/1423/1352
f 1357/1427/1356 1356/1426/1355 1352/1422/1351 1353/1423/1352
f 1354/1424/1353 1358/1428/1357 1357/1427/1356 1353/1423/1352
f 1354/1424/1353 664/627/593 1359/1429/1358 1358/1428/1357
f 1361/1431/1360 1360/1430/1359 1357/1427/1356 1358/1428/1357
f 1359/1429/1358 1362/1432/1361 1361/1431/1360 1358/1428/1357
f 1359/1429/1358 1364/1434/1363 1363/1433/1362 1362/1432/1361
f 1366/1436/1365 1365/1435/1364 1361/1431/1360 1362/1432/1361
f 1363/1433/1362 1367/1437/1366 1366/1436/1365 1362/1432/1361
f 1363/1433/1362 1369/1439/1368 1368/1438/1367 1367/1437/1366
f 1371/1441/1370 1370/1440/1369 1366/1436/1365 1367/1437/1366
f 1368/1438/1367 1372/1442/1371 1371/1441/1370 1367/1437/1366
f 1368/1438/1367 1374/1444/1373 1373/1443/1372 1372/1442/1371
f 1376/1446/1375 1375/1445/1374 1371/1441/1370 1372/1442/1371
f 1373/1443/1372 1377/1447/1376 1376/1446/1375 1372/1442/1371
f 1373/1443/1372 677/642/608 678/643/609 1377/1447/1376
f 1089/1130/1082 1090/1131/1083 1376/1446/1375 1377/1447/1376
f 678/643/609 1378/1448/1377 1089/1130/1082 1377/1447/1376
f 1379/1449/1378 1088/1129/1081 1089/1130/1082 1378/1448/1377
f 1380/1450/1379 1100/1142/1094 1379/1449/1378 1378/1448/1377
f 678/643/609 679/644/610 1380/1450/1379 1378/1448/1377
f 1381/1451/1380 1099/1141/1093 1100/1142/1094 1380/1450/1379
f 679/644/610 683/649/615 1381/1451/1380 1380/1450/1379
f 684/651/617 685/652/618 1099/1141/1093 1381/1451/1380
f 683/649/615 688/655/621 684/651/617 1381/1451/1380
f 1092/1134/1086 1087/1128/1080 1088/1129/1081 1379/1449/1378
f 1100/1142/1094 140/1133/1085 1092/1134/1086 1379/1449/1378
f 1090/1131/1083 1091/1132/1084 1375/1445/1374 1376/1446/1375
f 1382/1452/1381 1370/1440/1369 1371/1441/1370 1375/1445/1374
f 1091/1132/1084 1383/1453/1382 1382/1452/1381 1375/1445/1374
f 1385/1455/1384 1384/1454/1383 1382/1452/1381 1383/1453/1382
f 1387/1457/1386 1386/1456/1385 1385/1455/1384 1383/1453/1382
f 1091/1132/1084 1086/1127/1079 1387/1457/1386 1383/1453/1382
f 1389/1459/1388 1388/1458/1387 1386/1456/1385 1387/1457/1386
f 1086/1127/1079 1087/1128/1080 1389/1459/1388 1387/1457/1386
f 1093/1135/1087 1390/1460/1389 1388/1458/1387 1389/1459/1388
f 1087/1128/1080 1092/1134/1086 1093/1135/1087 1389/1459/1388
f 1073/1113/1065 1074/1114/1066 1388/1458/1387 1390/1460/1389
f 1391/1461/1390 1079/1119/1071 1073/1113/1065 1390/1460/1389
f 1093/1135/1087 1094/1136/1088 1391/1461/1390 1390/1460/1389
f 1393/1463/1392 1392/1462/1391 1079/1119/1071 1391/1461/1390
f 1094/1136/1088 1095/1137/1089 1393/1463/1392 1391/1461/1390
f 1395/1465/1394 1394/1464/1393 1392/1462/1391 1393/1463/1392
f 1095/1137/1089 1396/1466/1395 1395/1465/1394 1393/1463/1392
f 1095/1137/1089 1096/1138/1090 1249/1300/1247 1396/1466/1395
f 1252/1303/1250 1254/1305/1252 1395/1465/1394 1396/1466/1395
f 1249/1300/1247 1250/1301/1248 1252/1303/1250 1396/1466/1395
f 1254/1305/1252 1256/1307/1254 1394/1464/1393 1395/1465/1394
f 1398/1468/1397 1397/1467/1396 1392/1462/1391 1394/1464/1393
f 1256/1307/1254 1258/1309/1256 1398/1468/1397 1394/1464/1393
f 1400/1470/1399 1399/1469/1398 1397/1467/1396 1398/1468/1397
f 1258/1309/1256 1401/1471/1400 1400/1470/1399 1398/1468/1397
f 1258/1309/1256 1259/1310/1257 1262/1313/1260 1401/1471/1400
f 1403/1473/1402 1402/1472/1401 1400/1470/1399 1401/1471/1400
f 1262/1313/1260 1404/1474/1403 1403/1473/1402 1401/1471/1400
f 1262/1313/1260 1263/1314/1261 1265/1316/1263 1404/1474/1403
f 1274/1326/1273 1276/1328/1275 1403/1473/1402 1404/1474/1403
f 1265/1316/1263 1267/1318/1265 1274/1326/1273 1404/1474/1403
f 1276/1328/1275 1278/1330/1277 1402/1472/1401 1403/1473/1402
f 1405/1475/1404 1399/1469/1398 1400/1470/1399 1402/1472/1401
f 1278/1330/1277 1406/1476/1405 1405/1475/1404 1402/1472/1401
f 1408/1478/1407 1407/1477/1406 1405/1475/1404 1406/1476/1405
f 1281/1333/1280 1409/1479/1408 1408/1478/1407 1406/1476/1405
f 1278/1330/1277 1279/1331/1278 1281/1333/1280 1406/1476/1405
f 1411/1481/1410 1410/1480/1409 1408/1478/1407 1409/1479/1408
f 1285/1483/1284 1412/1482/1411 1411/1481/1410 1409/1479/1408
f 1281/1333/1280 1282/1334/1281 1285/1483/1284 1409/1479/1408
f 1414/1485/1413 1413/1484/1412 1411/1481/1410 1412/1482/1411
f 1288/1343/1287 1415/1488/1414 1414/1487/1413 1412/1486/1411
f 1285/1339/1284 1286/1340/1285 1288/1343/1287 1412/1486/1411
f 1417/1490/1416 1416/1489/1415 1414/1487/1413 1415/1488/1414
f 1419/1492/1418 1418/1491/1417 1417/1490/1416 1415/1488/1414
f 1288/1343/1287 1289/1344/1288 1419/1492/1418 1415/1488/1414
f 1421/1494/1420 1420/1493/1419 1418/1491/1417 1419/1492/1418
f 1289/1344/1288 1290/1345/1289 1421/1494/1420 1419/1492/1418
f 628/586/552 626/584/550 1420/1493/1419 1421/1494/1420
f 1290/1345/1289 1292/1348/1291 628/586/552 1421/1494/1420
f 585/536/503 1422/1495/1421 1418/1491/1417 1420/1493/1419
f 626/584/550 580/531/498 585/536/503 1420/1493/1419
f 1423/1496/1422 1417/1490/1416 1418/1491/1417 1422/1495/1421
f 1425/1498/1424 1424/1497/1423 1423/1496/1422 1422/1495/1421
f 585/536/503 586/537/504 1425/1498/1424 1422/1495/1421
f 1427/1500/1426 1426/1499/1425 1424/1497/1423 1425/1498/1424
f 586/537/504 587/538/505 1427/1500/1426 1425/1498/1424
f 587/1504/505 1429/1503/1428 1428/1502/1427 1427/1501/1426
f 1428/1502/1427 1111/1155/1107 1426/1505/1425 1427/1501/1426
f 1432/1508/1431 1431/1507/1430 1430/1506/1429 1429/1503/1428
f 587/1504/505 581/1509/499 1432/1508/1431 1429/1503/1428
f 1430/1506/1429 1433/1510/1432 1428/1502/1427 1429/1503/1428
f 1430/1506/1429 1435/1512/1434 1434/1511/1433 1433/1510/1432
f 1110/1154/1106 1111/1155/1107 1428/1502/1427 1433/1510/1432
f 1434/1511/1433 1112/1156/1108 1110/1154/1106 1433/1510/1432
f 1438/1515/1437 1437/1514/1436 1436/1513/1435 1435/1512/1434
f 1430/1506/1429 1431/1507/1430 1438/1515/1437 1435/1512/1434
f 1436/1513/1435 1439/1516/1438 1434/1511/1433 1435/1512/1434
f 1436/1513/1435 1441/1518/1440 1440/1517/1439 1439/1516/1438
f 1442/1519/1441 1112/1156/1108 1434/1511/1433 1439/1516/1438
f 1440/1517/1439 1443/1520/1442 1442/1519/1441 1439/1516/1438
f 1440/1517/1439 735/716/680 1444/1521/1443 1443/1520/1442
f 1446/1523/1445 1445/1522/1444 1442/1519/1441 1443/1520/1442
f 1444/1521/1443 1447/1524/1446 1446/1523/1445 1443/1520/1442
f 1444/1521/1443 1449/1526/1448 1448/1525/1447 1447/1524/1446
f 1451/1528/1450 1450/1527/1449 1446/1523/1445 1447/1524/1446
f 1448/1525/1447 1452/1529/1451 1451/1528/1450 1447/1524/1446
f 1448/1525/1447 1454/1531/1453 1453/1530/1452 1452/1529/1451
f 1456/1533/1455 1455/1532/1454 1451/1528/1450 1452/1529/1451
f 1453/1530/1452 1457/1534/1456 1456/1533/1455 1452/1529/1451
f 1453/1530/1452 1458/1535/1457 754/737/701 1457/1534/1456
f 1460/1537/1459 1459/1536/1458 1456/1533/1455 1457/1534/1456
f 754/737/701 752/735/699 1460/1537/1459 1457/1534/1456
f 1462/1539/1461 1461/1538/1460 1459/1536/1458 1460/1537/1459
f 752/735/699 753/736/700 1462/1539/1461 1460/1537/1459
f 1464/1541/1463 1463/1540/1462 1461/1538/1460 1462/1539/1461
f 753/736/700 1465/1542/1464 1464/1541/1463 1462/1539/1461
f 1467/1544/1466 1466/1543/1465 1464/1541/1463 1465/1542/1464
f 1469/1546/1468 1468/1545/1467 1467/1544/1466 1465/1542/1464
f 753/736/700 749/732/696 1469/1546/1468 1465/1542/1464
f 1471/1548/1470 1470/1547/1469 1468/1545/1467 1469/1546/1468
f 749/732/696 750/733/697 1471/1548/1470 1469/1546/1468
f 1473/1550/1472 1472/1549/1471 1470/1547/1469 1471/1548/1470
f 750/733/697 1474/1551/1473 1473/1550/1472 1471/1548/1470
f 1058/1095/1047 1052/1089/1041 1473/1550/1472 1474/1551/1473
f 1476/1553/1475 1475/1552/1474 1058/1095/1047 1474/1551/1473
f 750/733/697 751/734/698 1476/1553/1475 1474/1551/1473
f 1458/1535/1457 1477/1554/1476 1475/1552/1474 1476/1553/1475
f 751/734/698 754/737/701 1458/1535/1457 1476/1553/1475
f 1479/1556/1478 1478/1555/1477 1475/1552/1474 1477/1554/1476
f 1454/1531/1453 1480/1557/1479 1479/1556/1478 1477/1554/1476
f 1458/1535/1457 1453/1530/1452 1454/1531/1453 1477/1554/1476
f 743/724/688 1481/1558/1480 1479/1556/1478 1480/1557/1479
f 1449/1526/1448 736/717/681 743/724/688 1480/1557/1479
f 1454/1531/1453 1448/1525/1447 1449/1526/1448 1480/1557/1479
f 1484/1561/1483 1483/1560/1482 1482/1559/1481 1481/1558/1480
f 743/724/688 741/722/686 1484/1561/1483 1481/1558/1480
f 1482/1559/1481 1478/1555/1477 1479/1556/1478 1481/1558/1480
f 1486/1563/1485 1485/1562/1484 1483/1560/1482 1484/1561/1483
f 741/722/686 742/723/687 1486/1563/1485 1484/1561/1483
f 1488/1565/1487 1487/1564/1486 1485/1562/1484 1486/1563/1485
f 742/723/687 1489/1566/1488 1488/1565/1487 1486/1563/1485
f 1491/1568/1490 1490/1567/1489 1488/1565/1487 1489/1566/1488
f 1493/1570/1492 1492/1569/1491 1491/1568/1490 1489/1566/1488
f 742/723/687 739/720/684 1493/1570/1492 1489/1566/1488
f 1495/1572/1494 1494/1571/1493 1492/1569/1491 1493/1570/1492
f 739/720/684 740/721/685 1495/1572/1494 1493/1570/1492
f 1497/1574/1496 1496/1573/1495 1494/1571/1493 1495/1572/1494
f 740/721/685 1498/1575/1497 1497/1574/1496 1495/1572/1494
f 1499/1576/1498 542/488/455 1497/1574/1496 1498/1575/1497
f 556/504/471 548/496/463 1499/1576/1498 1498/1575/1497
f 740/721/685 737/718/682 556/504/471 1498/1575/1497
f 1500/1577/1499 539/485/452 542/488/455 1499/1576/1498
f 548/496/463 549/497/464 1500/1577/1499 1499/1576/1498
f 1501/1578/1500 538/484/451 539/485/452 1500/1577/1499
f 549/497/464 1502/1579/1501 1501/1578/1500 1500/1577/1499
f 1046/1082/1034 1047/1083/1035 1501/1581/1500 1502/1580/1501
f 351/256/236 352/257/237 1046/1082/1034 1502/1580/1501
f 549/497/464 550/498/465 351/1582/236 1502/1579/1501
f 1047/1083/1035 1048/1084/1036 538/1583/451 1501/1581/1500
f 542/488/455 540/486/453 1496/1573/1495 1497/1574/1496
f 1504/1585/1503 1503/1584/1502 1494/1571/1493 1496/1573/1495
f 540/486/453 541/487/454 1504/1585/1503 1496/1573/1495
f 575/525/492 1505/1586/1504 1503/1584/1502 1504/1585/1503
f 541/487/454 570/520/487 575/525/492 1504/1585/1503
f 1508/1589/1507 1507/1588/1506 1506/1587/1505 1505/1586/1504
f 575/525/492 576/526/493 1508/1589/1507 1505/1586/1504
f 1506/1587/1505 1509/1590/1508 1503/1584/1502 1505/1586/1504
f 1506/1587/1505 1511/1592/1510 1510/1591/1509 1509/1590/1508
f 1492/1569/1491 1494/1571/1493 1503/1584/1502 1509/1590/1508
f 1510/1591/1509 1491/1568/1490 1492/1569/1491 1509/1590/1508
f 1514/1595/1513 1513/1594/1512 1512/1593/1511 1511/1592/1510
f 1506/1587/1505 1507/1588/1506 1514/1595/1513 1511/1592/1510
f 1512/1593/1511 1515/1596/1514 1510/1591/1509 1511/1592/1510
f 1512/1593/1511 1517/1598/1516 1516/1597/1515 1515/1596/1514
f 1490/1567/1489 1491/1568/1490 1510/1591/1509 1515/1596/1514
f 1516/1597/1515 1518/1599/1517 1490/1567/1489 1515/1596/1514
f 1516/1597/1515 1520/1601/1519 1519/1600/1518 1518/1599/1517
f 1487/1564/1486 1488/1565/1487 1490/1567/1489 1518/1599/1517
f 1519/1600/1518 1521/1602/1520 1487/1564/1486 1518/1599/1517
f 1519/1600/1518 1522/1603/1521 603/558/524 1521/1602/1520
f 1523/1604/1522 1485/1562/1484 1487/1564/1486 1521/1602/1520
f 603/558/524 604/559/525 1523/1604/1522 1521/1602/1520
f 1524/1605/1523 1483/1560/1482 1485/1562/1484 1523/1604/1522
f 604/559/525 605/560/526 1524/1605/1523 1523/1604/1522
f 1056/1093/1045 1482/1559/1481 1483/1560/1482 1524/1605/1523
f 605/560/526 1055/1092/1044 1056/1093/1045 1524/1605/1523
f 1527/1608/1526 1526/1607/1525 1525/1606/1524 1522/1603/1521
f 1519/1600/1518 1520/1601/1519 1527/1608/1526 1522/1603/1521
f 1525/1606/1524 602/557/523 603/558/524 1522/1603/1521
f 1529/1610/1528 1528/1609/1527 1526/1607/1525 1527/1608/1526
f 1520/1601/1519 1530/1611/1529 1529/1610/1528 1527/1608/1526
f 1532/1613/1531 1531/1612/1530 1529/1610/1528 1530/1611/1529
f 1517/1598/1516 1533/1614/1532 1532/1613/1531 1530/1611/1529
f 1520/1601/1519 1516/1597/1515 1517/1598/1516 1530/1611/1529
f 1535/1616/1534 1534/1615/1533 1532/1613/1531 1533/1614/1532
f 1513/1594/1512 1536/1617/1535 1535/1616/1534 1533/1614/1532
f 1517/1598/1516 1512/1593/1511 1513/1594/1512 1533/1614/1532
f 1538/1619/1537 1537/1618/1536 1535/1616/1534 1536/1617/1535
f 1540/1621/1539 1539/1620/1538 1538/1619/1537 1536/1617/1535
f 1513/1594/1512 1514/1595/1513 1540/1621/1539 1536/1617/1535
f 1542/1623/1541 1541/1622/1540 1539/1620/1538 1540/1621/1539
f 1514/1595/1513 1507/1588/1506 1542/1623/1541 1540/1621/1539
f 1544/1625/1543 1543/1624/1542 1541/1622/1540 1542/1623/1541
f 1507/1588/1506 1508/1589/1507 1544/1625/1543 1542/1623/1541
f 577/527/494 1545/1626/1544 1543/1624/1542 1544/1625/1543
f 1508/1589/1507 576/526/493 577/527/494 1544/1625/1543
f 567/516/483 1546/1627/1545 1543/1624/1542 1545/1626/1544
f 1547/1628/1546 560/509/476 567/516/483 1545/1626/1544
f 577/527/494 571/521/488 1547/1628/1546 1545/1626/1544
f 1548/1629/1547 559/508/475 560/509/476 1547/1628/1546
f 571/521/488 572/522/489 1548/1629/1547 1547/1628/1546
f 1550/1633/1549 1549/1632/1548 559/1631/475 1548/1630/1547
f 572/1635/489 1551/1634/1550 1550/1633/1549 1548/1630/1547
f 1553/1637/1552 1552/1636/1551 1550/1633/1549 1551/1634/1550
f 1555/1639/1554 1554/1638/1553 1553/1637/1552 1551/1634/1550
f 572/1635/489 573/1640/490 1555/1639/1554 1551/1634/1550
f 1557/1642/1556 1556/1641/1555 1554/1638/1553 1555/1639/1554
f 573/1640/490 574/1643/491 1557/1642/1556 1555/1639/1554
f 967/993/945 962/988/940 1556/1641/1555 1557/1642/1556
f 574/1643/491 1558/1644/1557 967/993/945 1557/1642/1556
f 1559/1645/1558 966/992/944 967/993/945 1558/1644/1557
f 1561/1649/1560 1560/1648/1559 1559/1647/1558 1558/1646/1557
f 574/524/491 568/518/485 1561/1649/1560 1558/1646/1557
f 1563/1651/1562 1562/1650/1561 1560/1648/1559 1561/1649/1560
f 568/518/485 569/519/486 1563/1651/1562 1561/1649/1560
f 534/480/447 1564/1652/1563 1562/1650/1561 1563/1651/1562
f 569/519/486 533/479/446 534/480/447 1563/1651/1562
f 1041/1077/1029 1044/1080/1032 1562/1650/1561 1564/1652/1563
f 1565/1653/1564 1040/1076/1028 1041/1077/1029 1564/1652/1563
f 534/480/447 535/481/448 1565/1653/1564 1564/1652/1563
f 1567/1655/1566 1566/1654/1565 1040/1076/1028 1565/1653/1564
f 535/481/448 536/482/449 1567/1655/1566 1565/1653/1564
f 1569/1659/1568 1568/1658/1567 1566/1657/1565 1567/1656/1566
f 536/1661/449 1570/1660/1569 1569/1659/1568 1567/1656/1566
f 1572/1663/1571 1571/1662/1570 1569/1659/1568 1570/1660/1569
f 1573/1664/1572 547/494/461 1572/1663/1571 1570/1660/1569
f 536/1661/449 537/1665/450 1573/1664/1572 1570/1660/1569
f 1048/1084/1036 546/493/460 547/494/461 1573/1664/1572
f 537/1665/450 538/1583/451 1048/1084/1036 1573/1664/1572
f 1575/1667/1574 1574/1666/1573 1571/1662/1570 1572/1663/1571
f 547/494/461 543/490/457 1575/1667/1574 1572/1663/1571
f 1577/1669/1576 1576/1668/1575 1574/1666/1573 1575/1667/1574
f 543/490/457 544/491/458 1577/1669/1576 1575/1667/1574
f 1579/1671/1578 1578/1670/1577 1576/1668/1575 1577/1669/1576
f 544/491/458 1580/1672/1579 1579/1671/1578 1577/1669/1576
f 693/662/628 1581/1673/1580 1579/1671/1578 1580/1672/1579
f 1045/1081/1033 692/661/627 693/662/628 1580/1672/1579
f 544/491/458 545/492/459 1045/1081/1033 1580/1672/1579
f 1582/1674/1581 1578/1670/1577 1579/1671/1578 1581/1673/1580
f 1584/1676/1583 1583/1675/1582 1582/1674/1581 1581/1673/1580
f 693/662/628 694/663/629 1584/1676/1583 1581/1673/1580
f 1586/1678/1585 1585/1677/1584 1583/1675/1582 1584/1676/1583
f 694/663/629 699/668/634 1586/1678/1585 1584/1676/1583
f 1588/1680/1587 1587/1679/1586 1585/1677/1584 1586/1678/1585
f 699/668/634 1589/1681/1588 1588/1680/1587 1586/1678/1585
f 1591/1683/1590 1590/1682/1589 1588/1680/1587 1589/1681/1588
f 702/672/638 703/673/639 1591/1683/1590 1589/1681/1588
f 699/668/634 696/665/631 702/672/638 1589/1681/1588
f 1593/1685/1592 1592/1684/1591 1590/1682/1589 1591/1683/1590
f 703/673/639 704/674/640 1593/1685/1592 1591/1683/1590
f 1595/1687/1594 1594/1686/1593 1592/1684/1591 1593/1685/1592
f 704/674/640 1596/1688/1595 1595/1687/1594 1593/1685/1592
f 1598/1690/1597 1597/1689/1596 1595/1687/1594 1596/1688/1595
f 1600/1692/1599 1599/1691/1598 1598/1690/1597 1596/1688/1595
f 704/674/640 705/675/641 1600/1692/1599 1596/1688/1595
f 1602/1694/1601 1601/1693/1600 1599/1691/1598 1600/1692/1599
f 705/675/641 706/676/642 1602/1694/1601 1600/1692/1599
f 1604/1696/1603 1603/1695/1602 1601/1693/1600 1602/1694/1601
f 706/676/642 1605/1697/1604 1604/1696/1603 1602/1694/1601
f 706/676/642 707/677/643 1606/1698/1605 1605/1697/1604
f 726/706/668 729/709/671 1604/1696/1603 1605/1697/1604
f 1606/1698/1605 725/705/667 726/706/668 1605/1697/1604
f 707/677/643 710/680/646 721/700/662 1606/1698/1605
f 721/700/662 720/697/660 725/705/667 1606/1698/1605
f 729/709/671 1607/1699/1606 1603/1695/1602 1604/1696/1603
f 1609/1701/1608 1608/1700/1607 1603/1695/1602 1607/1699/1606
f 407/319/299 404/316/296 1609/1701/1608 1607/1699/1606
f 729/709/671 730/710/672 407/319/299 1607/1699/1606
f 1611/1703/1610 1610/1702/1609 1608/1700/1607 1609/1701/1608
f 404/316/296 405/317/297 1611/1703/1610 1609/1701/1608
f 1613/1705/1612 1612/1704/1611 1610/1702/1609 1611/1703/1610
f 405/317/297 1614/1706/1613 1613/1705/1612 1611/1703/1610
f 405/317/297 402/314/294 403/315/295 1614/1706/1613
f 1616/1708/1615 1615/1707/1614 1613/1705/1612 1614/1706/1613
f 403/315/295 1617/1709/1616 1616/1708/1615 1614/1706/1613
f 403/315/295 399/310/290 1618/1710/1617 1617/1709/1616
f 1620/1712/1619 1619/1711/1618 1616/1708/1615 1617/1709/1616
f 1618/1710/1617 1621/1713/1620 1620/1712/1619 1617/1709/1616
f 1618/1710/1617 1623/1715/1622 1622/1714/1621 1621/1713/1620
f 1625/1717/1624 1624/1716/1623 1620/1712/1619 1621/1713/1620
f 1622/1714/1621 1626/1718/1625 1625/1717/1624 1621/1713/1620
f 1622/1714/1621 1628/1720/1627 1627/1719/1626 1626/1718/1625
f 1630/1722/1629 1629/1721/1628 1625/1717/1624 1626/1718/1625
f 1627/1719/1626 1631/1723/1630 1630/1722/1629 1626/1718/1625
f 1627/1719/1626 1633/1725/1632 1632/1724/1631 1631/1723/1630
f 1635/1727/1634 1634/1726/1633 1630/1722/1629 1631/1723/1630
f 1632/1724/1631 1636/1728/1635 1635/1727/1634 1631/1723/1630
f 1632/1724/1631 316/213/196 1637/1729/1636 1636/1728/1635
f 1639/1731/1638 1638/1730/1637 1635/1727/1634 1636/1728/1635
f 1637/1729/1636 1640/1732/1639 1639/1731/1638 1636/1728/1635
f 1637/1729/1636 956/979/933 957/981/934 1640/1732/1639
f 1642/1734/1641 1641/1733/1640 1639/1731/1638 1640/1732/1639
f 957/981/934 1643/1735/1642 1642/1734/1641 1640/1732/1639
f 957/981/934 958/982/935 1644/1736/1643 1643/1735/1642
f 1645/1737/1644 329/231/211 1642/1734/1641 1643/1735/1642
f 1644/1736/1643 1646/1738/1645 1645/1737/1644 1643/1735/1642
f 1644/1742/1643 1648/1741/1647 1647/1740/1646 1646/1739/1645
f 176/41/36 177/42/37 1645/1737/1644 1646/1738/1645
f 1647/1740/1646 175/38/35 176/39/36 1646/1739/1645
f 959/984/936 1650/1744/1649 1649/1743/1648 1648/1741/1647
f 1644/1742/1643 958/983/935 959/984/936 1648/1741/1647
f 1649/1743/1648 1651/1745/1650 1647/1740/1646 1648/1741/1647
f 1649/1743/1648 1653/1747/1652 1652/1746/1651 1651/1745/1650
f 1654/1748/1653 175/38/35 1647/1740/1646 1651/1745/1650
f 1652/1746/1651 1655/1749/1654 1654/1748/1653 1651/1745/1650
f 1652/1746/1651 1657/1751/1656 1656/1750/1655 1655/1749/1654
f 1659/1753/1658 1658/1752/1657 1654/1748/1653 1655/1749/1654
f 1656/1750/1655 1660/1754/1659 1659/1753/1658 1655/1749/1654
f 1656/1750/1655 1662/1756/1661 1661/1755/1660 1660/1754/1659
f 1664/1760/1663 1663/1759/1662 1659/1758/1658 1660/1757/1659
f 1661/1762/1660 1665/1761/1664 1664/1760/1663 1660/1757/1659
f 1661/1766/1660 1667/1765/1666 1666/1764/1665 1665/1763/1664
f 1669/1768/1668 1668/1767/1667 1664/1760/1663 1665/1761/1664
f 1666/1764/1665 1043/1079/1031 1669/1769/1668 1665/1763/1664
f 1671/1771/1670 1670/1770/1669 1668/1767/1667 1669/1768/1668
f 1043/1079/1031 1039/1075/1027 1671/1772/1670 1669/1769/1668
f 1566/1657/1565 1568/1658/1567 1670/1770/1669 1671/1771/1670
f 1039/1075/1027 1040/1076/1028 1566/1654/1565 1671/1772/1670
f 1673/1774/1672 1672/1773/1671 1668/1767/1667 1670/1770/1669
f 1568/1658/1567 1674/1775/1673 1673/1774/1672 1670/1770/1669
f 1676/1777/1675 1675/1776/1674 1673/1774/1672 1674/1775/1673
f 1571/1662/1570 1574/1666/1573 1676/1777/1675 1674/1775/1673
f 1568/1658/1567 1569/1659/1568 1571/1662/1570 1674/1775/1673
f 1678/1779/1677 1677/1778/1676 1675/1776/1674 1676/1777/1675
f 1574/1666/1573 1576/1668/1575 1678/1779/1677 1676/1777/1675
f 334/236/216 335/237/217 1677/1778/1676 1678/1779/1677
f 1576/1668/1575 1578/1670/1577 334/236/216 1678/1779/1677
f 1680/1781/1679 1679/1780/1678 1675/1776/1674 1677/1778/1676
f 335/237/217 336/238/218 1680/1781/1679 1677/1778/1676
f 179/44/39 1681/1782/1680 1679/1780/1678 1680/1781/1679
f 336/238/218 178/43/38 179/44/39 1680/1781/1679
f 1658/1783/1657 1659/1758/1658 1663/1759/1662 1681/1782/1680
f 179/44/39 174/45/34 1658/1783/1657 1681/1782/1680
f 1663/1759/1662 1672/1773/1671 1679/1780/1678 1681/1782/1680
f 1672/1773/1671 1673/1774/1672 1675/1776/1674 1679/1780/1678
f 1663/1759/1662 1664/1760/1663 1668/1767/1667 1672/1773/1671
f 1684/1787/1683 1683/1786/1682 1682/1785/1681 1667/1784/1666
f 1661/1755/1660 1662/1756/1661 1684/1787/1683 1667/1784/1666
f 1682/1789/1681 1685/1788/1684 1666/1764/1665 1667/1765/1666
f 1682/1789/1681 1687/1791/1686 1686/1790/1685 1685/1788/1684
f 1042/1078/1030 1043/1079/1031 1666/1764/1665 1685/1788/1684
f 1686/1790/1685 1044/1080/1032 1042/1078/1030 1685/1788/1684
f 965/991/943 966/992/944 1559/1645/1558 1687/1792/1686
f 1682/1785/1681 1683/1786/1682 965/991/943 1687/1792/1686
f 1559/1647/1558 1560/1648/1559 1686/1790/1685 1687/1791/1686
f 1560/1648/1559 1562/1650/1561 1044/1080/1032 1686/1790/1685
f 1689/1794/1688 1688/1793/1687 1683/1786/1682 1684/1787/1683
f 1662/1756/1661 1690/1795/1689 1689/1794/1688 1684/1787/1683
f 1692/1797/1691 1691/1796/1690 1689/1794/1688 1690/1795/1689
f 1657/1751/1656 1693/1798/1692 1692/1797/1691 1690/1795/1689
f 1662/1756/1661 1656/1750/1655 1657/1751/1656 1690/1795/1689
f 1695/1800/1694 1694/1799/1693 1692/1797/1691 1693/1798/1692
f 1653/1747/1652 1696/1801/1695 1695/1800/1694 1693/1798/1692
f 1657/1751/1656 1652/1746/1651 1653/1747/1652 1693/1798/1692
f 1698/1803/1697 1697/1802/1696 1695/1800/1694 1696/1801/1695
f 1650/1744/1649 1699/1804/1698 1698/1803/1697 1696/1801/1695
f 1653/1747/1652 1649/1743/1648 1650/1744/1649 1696/1801/1695
f 1701/1806/1700 1700/1805/1699 1698/1803/1697 1699/1804/1698
f 960/985/937 961/986/938 1701/1806/1700 1699/1804/1698
f 1650/1744/1649 959/984/936 960/985/937 1699/1804/1698
f 1703/1808/1702 1702/1807/1701 1700/1805/1699 1701/1806/1700
f 961/986/938 1704/1809/1703 1703/1808/1702 1701/1806/1700
f 1706/1811/1705 1705/1810/1704 1703/1808/1702 1704/1809/1703
f 1708/1813/1707 1707/1812/1706 1706/1811/1705 1704/1809/1703
f 961/986/938 955/978/932 1708/1813/1707 1704/1809/1703
f 321/221/201 1709/1814/1708 1707/1812/1706 1708/1813/1707
f 955/978/932 314/220/194 321/221/201 1708/1813/1707
f 1711/1816/1710 1710/1815/1709 1707/1812/1706 1709/1814/1708
f 1713/1818/1712 1712/1817/1711 1711/1816/1710 1709/1814/1708
f 321/221/201 319/217/199 1713/1818/1712 1709/1814/1708
f 1715/1820/1714 1714/1819/1713 1712/1817/1711 1713/1818/1712
f 319/217/199 320/218/200 1715/1820/1714 1713/1818/1712
f 1717/1822/1716 1716/1821/1715 1714/1819/1713 1715/1820/1714
f 320/218/200 1718/1823/1717 1717/1822/1716 1715/1820/1714
f 1015/1047/999 1016/1048/1000 1717/1822/1716 1718/1823/1717
f 1720/1825/1719 1719/1824/1718 1015/1047/999 1718/1823/1717
f 320/218/200 317/219/197 1720/1825/1719 1718/1823/1717
f 1722/1829/1721 1721/1828/1720 1719/1827/1718 1720/1826/1719
f 317/214/197 318/215/198 1722/1829/1721 1720/1826/1719
f 1724/1831/1723 1723/1830/1722 1721/1828/1720 1722/1829/1721
f 318/215/198 1725/1832/1724 1724/1831/1723 1722/1829/1721
f 1628/1720/1627 1726/1833/1725 1724/1831/1723 1725/1832/1724
f 1633/1725/1632 1627/1719/1626 1628/1720/1627 1725/1832/1724
f 318/215/198 315/212/195 1633/1725/1632 1725/1832/1724
f 1727/1834/1726 1723/1830/1722 1724/1831/1723 1726/1833/1725
f 1623/1715/1622 400/311/291 1727/1834/1726 1726/1833/1725
f 1628/1720/1627 1622/1714/1621 1623/1715/1622 1726/1833/1725
f 408/320/300 1728/1835/1727 1723/1830/1722 1727/1834/1726
f 400/311/291 401/312/292 408/320/300 1727/1834/1726
f 1731/1838/1730 1730/1837/1729 1729/1836/1728 1728/1835/1727
f 408/320/300 409/321/301 1731/1838/1730 1728/1835/1727
f 1729/1836/1728 1721/1828/1720 1723/1830/1722 1728/1835/1727
f 760/748/708 761/1839/709 1730/1837/1729 1731/1838/1730
f 409/321/301 410/322/302 760/748/708 1731/1838/1730
f 761/1839/709 1733/1841/1732 1732/1840/1731 1730/1837/1729
f 1732/1840/1731 1734/1842/1733 1729/1836/1728 1730/1837/1729
f 1732/1844/1731 1011/1043/995 1012/1044/996 1734/1843/1733
f 1719/1827/1718 1721/1828/1720 1729/1836/1728 1734/1842/1733
f 1012/1044/996 1015/1047/999 1719/1824/1718 1734/1843/1733
f 1735/1846/1734 1011/1043/995 1732/1844/1731 1733/1845/1732
f 1737/1850/1736 1736/1849/1735 1735/1848/1734 1733/1847/1732
f 761/747/709 757/743/705 1737/1850/1736 1733/1847/1732
f 1739/1852/1738 1738/1851/1737 1736/1849/1735 1737/1850/1736
f 757/743/705 758/744/706 1739/1852/1738 1737/1850/1736
f 1741/1854/1740 1740/1853/1739 1738/1851/1737 1739/1852/1738
f 758/744/706 1742/1855/1741 1741/1854/1740 1739/1852/1738
f 758/744/706 759/745/707 1743/1856/1742 1742/1855/1741
f 1438/1515/1437 1431/1507/1430 1741/1854/1740 1742/1855/1741
f 1743/1856/1742 1437/1514/1436 1438/1515/1437 1742/1855/1741
f 759/745/707 553/501/468 554/502/469 1743/1856/1742
f 554/502/469 1744/1857/1743 1437/1514/1436 1743/1856/1742
f 554/502/469 555/503/470 738/719/683 1744/1857/1743
f 1441/1518/1440 1436/1513/1435 1437/1514/1436 1744/1857/1743
f 738/719/683 734/715/679 1441/1518/1440 1744/1857/1743
f 1431/1507/1430 1432/1508/1431 1740/1853/1739 1741/1854/1740
f 582/1859/500 1745/1858/1744 1738/1851/1737 1740/1853/1739
f 1432/1508/1431 581/1509/499 582/1859/500 1740/1853/1739
f 1746/1860/1745 1736/1849/1735 1738/1851/1737 1745/1858/1744
f 1748/1864/1747 1747/1863/1746 1746/1862/1745 1745/1861/1744
f 582/533/500 583/534/501 1748/1864/1747 1745/1861/1744
f 1750/1866/1749 1749/1865/1748 1747/1863/1746 1748/1864/1747
f 583/534/501 584/535/502 1750/1866/1749 1748/1864/1747
f 1752/1868/1751 1751/1867/1750 1749/1865/1748 1750/1866/1749
f 584/535/502 1753/1869/1752 1752/1868/1751 1750/1866/1749
f 1755/1871/1754 1754/1870/1753 1752/1868/1751 1753/1869/1752
f 1757/1873/1756 1756/1872/1755 1755/1871/1754 1753/1869/1752
f 584/535/502 578/529/496 1757/1873/1756 1753/1869/1752
f 624/582/548 1758/1874/1757 1756/1872/1755 1757/1873/1756
f 578/529/496 579/530/497 624/582/548 1757/1873/1756
f 1760/1876/1759 1759/1875/1758 1756/1872/1755 1758/1874/1757
f 1762/1878/1761 1761/1877/1760 1760/1876/1759 1758/1874/1757
f 624/582/548 625/583/549 1762/1878/1761 1758/1874/1757
f 1764/1880/1763 1763/1879/1762 1761/1877/1760 1762/1878/1761
f 625/583/549 629/587/553 1764/1880/1763 1762/1878/1761
f 1766/1882/1765 1765/1881/1764 1763/1879/1762 1764/1880/1763
f 629/587/553 1767/1883/1766 1766/1882/1765 1764/1880/1763
f 1769/1885/1768 1768/1884/1767 1766/1882/1765 1767/1883/1766
f 1771/1887/1770 1770/1886/1769 1769/1885/1768 1767/1883/1766
f 629/587/553 630/588/554 1771/1887/1770 1767/1883/1766
f 1773/1889/1772 1772/1888/1771 1770/1886/1769 1771/1887/1770
f 630/588/554 631/589/555 1773/1889/1772 1771/1887/1770
f 827/828/786 828/829/787 1772/1888/1771 1773/1889/1772
f 631/589/555 835/836/794 827/828/786 1773/1889/1772
f 1775/1891/1774 1774/1890/1773 1770/1886/1769 1772/1888/1771
f 828/829/787 1776/1892/1775 1775/1891/1774 1772/1888/1771
f 1778/1894/1777 1777/1893/1776 1775/1891/1774 1776/1892/1775
f 1780/1896/1779 1779/1895/1778 1778/1894/1777 1776/1892/1775
f 828/829/787 829/830/788 1780/1896/1779 1776/1892/1775
f 1782/1898/1781 1781/1897/1780 1779/1895/1778 1780/1896/1779
f 829/830/788 830/831/789 1782/1898/1781 1780/1896/1779
f 1784/1900/1783 1783/1899/1782 1781/1897/1780 1782/1898/1781
f 830/831/789 470/396/371 1784/1900/1783 1782/1898/1781
f 1786/1902/1785 1785/1901/1784 1783/1899/1782 1784/1900/1783
f 470/396/371 467/392/368 1786/1902/1785 1784/1900/1783
f 1788/1904/1787 1787/1903/1786 1785/1901/1784 1786/1902/1785
f 467/392/368 468/393/369 1788/1904/1787 1786/1902/1785
f 275/1908/147 1789/1907/1788 1787/1906/1786 1788/1905/1787
f 468/1910/369 274/163/146 275/164/147 1788/1909/1787
f 1791/1912/1790 1790/1911/1789 1787/1906/1786 1789/1907/1788
f 1793/1914/1792 1792/1913/1791 1791/1912/1790 1789/1907/1788
f 275/1908/147 276/1915/148 1793/1914/1792 1789/1907/1788
f 1794/1916/1793 487/417/391 1792/1913/1791 1793/1914/1792
f 276/1915/148 277/1917/149 1794/1916/1793 1793/1914/1792
f 1795/1918/1794 486/416/390 487/417/391 1794/1916/1793
f 277/1917/149 1796/1919/1795 1795/1918/1794 1794/1916/1793
f 277/166/149 269/158/141 1797/1921/1796 1796/1920/1795
f 1799/1923/1798 1798/1922/1797 1795/1918/1794 1796/1919/1795
f 1797/1921/1796 1800/1925/1799 1799/1924/1798 1796/1920/1795
f 1797/1921/1796 1802/1927/1801 1801/1926/1800 1800/1925/1799
f 283/173/156 1803/1928/1802 1799/1924/1798 1800/1925/1799
f 1801/1926/1800 282/172/155 283/173/156 1800/1925/1799
f 1804/1930/1803 1798/1922/1797 1799/1923/1798 1803/1929/1802
f 1806/1932/1805 1805/1931/1804 1804/1930/1803 1803/1929/1802
f 283/173/156 279/169/152 1806/1933/1805 1803/1928/1802
f 1808/1935/1807 1807/1934/1806 1805/1931/1804 1806/1932/1805
f 279/169/152 280/170/153 1808/1936/1807 1806/1933/1805
f 1810/1938/1809 1809/1937/1808 1807/1934/1806 1808/1935/1807
f 280/170/153 1811/1940/1810 1810/1939/1809 1808/1936/1807
f 1814/1943/1813 1813/1942/1812 1812/1941/1811 1811/1940/1810
f 280/170/153 281/171/154 1814/1943/1813 1811/1940/1810
f 1812/1941/1811 261/1944/131 1810/1939/1809 1811/1940/1810
f 1816/1946/1815 1815/1945/1814 1813/1942/1812 1814/1943/1813
f 281/171/154 284/174/157 1816/1946/1815 1814/1943/1813
f 989/1018/970 984/1013/965 1815/1945/1814 1816/1946/1815
f 284/174/157 1817/1947/1816 989/1018/970 1816/1946/1815
f 284/174/157 285/175/158 1818/1948/1817 1817/1947/1816
f 1819/1949/1818 988/1017/969 989/1018/970 1817/1947/1816
f 1818/1948/1817 1820/1950/1819 1819/1949/1818 1817/1947/1816
f 1818/1948/1817 1822/1952/1821 1821/1951/1820 1820/1950/1819
f 1824/1954/1823 1823/1953/1822 1819/1949/1818 1820/1950/1819
f 1821/1951/1820 1825/1955/1824 1824/1954/1823 1820/1950/1819
f 1821/1951/1820 1827/1957/1826 1826/1956/1825 1825/1955/1824
f 1829/1959/1828 1828/1958/1827 1824/1954/1823 1825/1955/1824
f 1826/1956/1825 1830/1960/1829 1829/1959/1828 1825/1955/1824
f 1826/1956/1825 1832/1962/1831 1831/1961/1830 1830/1960/1829
f 1834/1964/1833 1833/1963/1832 1829/1959/1828 1830/1960/1829
f 1831/1961/1830 1835/1965/1834 1834/1964/1833 1830/1960/1829
f 1831/1961/1830 1836/1966/1835 661/623/589 1835/1965/1834
f 1838/1968/1837 1837/1967/1836 1834/1964/1833 1835/1965/1834
f 661/623/589 657/619/585 1838/1968/1837 1835/1965/1834
f 1840/1970/1839 1839/1969/1838 1837/1967/1836 1838/1968/1837
f 657/619/585 658/620/586 1840/1970/1839 1838/1968/1837
f 1842/1972/1841 1841/1971/1840 1839/1969/1838 1840/1970/1839
f 658/620/586 1843/1973/1842 1842/1972/1841 1840/1970/1839
f 658/620/586 659/621/587 1844/1974/1843 1843/1973/1842
f 1846/1976/1845 1845/1975/1844 1842/1972/1841 1843/1973/1842
f 1844/1974/1843 1847/1977/1846 1846/1976/1845 1843/1973/1842
f 1844/1974/1843 1849/1979/1848 1848/1978/1847 1847/1977/1846
f 1067/1106/1058 1068/1107/1059 1846/1976/1845 1847/1977/1846
f 1848/1978/1847 1066/1105/1057 1067/1106/1058 1847/1977/1846
f 662/624/590 891/899/857 882/890/848 1849/1979/1848
f 1844/1974/1843 659/621/587 662/624/590 1849/1979/1848
f 882/890/848 883/891/849 1848/1978/1847 1849/1979/1848
f 883/891/849 1850/1980/1849 1066/1105/1057 1848/1978/1847
f 883/891/849 884/892/850 1851/1981/1850 1850/1980/1849
f 1852/1982/1851 1065/1104/1056 1066/1105/1057 1850/1980/1849
f 1851/1981/1850 1853/1983/1852 1852/1982/1851 1850/1980/1849
f 1851/1981/1850 1855/1985/1854 1854/1984/1853 1853/1983/1852
f 1856/1986/1855 895/904/862 1852/1982/1851 1853/1983/1852
f 1854/1984/1853 1857/1987/1856 1856/1986/1855 1853/1983/1852
f 1854/1984/1853 1859/1989/1858 1858/1988/1857 1857/1987/1856
f 1861/1991/1860 1860/1990/1859 1856/1986/1855 1857/1987/1856
f 1858/1988/1857 1862/1992/1861 1861/1991/1860 1857/1987/1856
f 1858/1988/1857 1864/1994/1863 1863/1993/1862 1862/1992/1861
f 1866/1996/1865 1865/1995/1864 1861/1991/1860 1862/1992/1861
f 1863/1993/1862 1867/1997/1866 1866/1996/1865 1862/1992/1861
f 1863/1993/1862 1869/1999/1868 1868/1998/1867 1867/1997/1866
f 1871/2001/1870 1870/2000/1869 1866/1996/1865 1867/1997/1866
f 1868/1998/1867 1872/2002/1871 1871/2001/1870 1867/1997/1866
f 1868/1998/1867 1874/2004/1873 1873/2003/1872 1872/2002/1871
f 1876/2006/1875 1875/2005/1874 1871/2001/1870 1872/2002/1871
f 1873/2003/1872 1877/2007/1876 1876/2006/1875 1872/2002/1871
f 1873/2003/1872 837/839/797 838/840/798 1877/2007/1876
f 1879/2009/1878 1878/2008/1877 1876/2006/1875 1877/2007/1876
f 838/840/798 1880/2010/1879 1879/2009/1878 1877/2007/1876
f 838/840/798 839/841/799 1881/2011/1880 1880/2010/1879
f 1883/2013/1882 1882/2012/1881 1879/2009/1878 1880/2010/1879
f 1881/2011/1880 1884/2014/1883 1883/2013/1882 1880/2010/1879
f 1886/2016/1885 1885/2015/1884 1883/2013/1882 1884/2014/1883
f 1888/2018/1887 1887/2017/1886 1886/2016/1885 1884/2014/1883
f 1881/2011/1880 1889/2019/1888 1888/2018/1887 1884/2014/1883
f 877/884/842 878/885/843 1888/2018/1887 1889/2019/1888
f 842/844/802 1890/2020/1889 877/884/842 1889/2019/1888
f 1881/2011/1880 839/841/799 842/844/802 1889/2019/1888
f 1891/2021/1890 876/883/841 877/884/842 1890/2020/1889
f 1893/2023/1892 1892/2022/1891 1891/2021/1890 1890/2020/1889
f 842/844/802 840/842/800 1893/2023/1892 1890/2020/1889
f 1895/2025/1894 1894/2024/1893 1892/2022/1891 1893/2023/1892
f 840/842/800 841/843/801 1895/2025/1894 1893/2023/1892
f 1897/2027/1896 1896/2026/1895 1894/2024/1893 1895/2025/1894
f 841/843/801 1874/2004/1873 1897/2027/1896 1895/2025/1894
f 1869/1999/1868 1898/2028/1897 1896/2026/1895 1897/2027/1896
f 1874/2004/1873 1868/1998/1867 1869/1999/1868 1897/2027/1896
f 1899/2029/1898 902/913/871 1896/2026/1895 1898/2028/1897
f 1864/1994/1863 1900/2030/1899 1899/2029/1898 1898/2028/1897
f 1869/1999/1868 1863/1993/1862 1864/1994/1863 1898/2028/1897
f 1902/2032/1901 1901/2031/1900 1899/2029/1898 1900/2030/1899
f 1859/1989/1858 1903/2033/1902 1902/2032/1901 1900/2030/1899
f 1864/1994/1863 1858/1988/1857 1859/1989/1858 1900/2030/1899
f 1905/2035/1904 1904/2034/1903 1902/2032/1901 1903/2033/1902
f 1855/1985/1854 885/893/851 1905/2035/1904 1903/2033/1902
f 1859/1989/1858 1854/1984/1853 1855/1985/1854 1903/2033/1902
f 1907/2037/1906 1906/2036/1905 1904/2034/1903 1905/2035/1904
f 885/893/851 886/894/852 1907/2037/1906 1905/2035/1904
f 1909/2039/1908 1908/2038/1907 1906/2036/1905 1907/2037/1906
f 886/894/852 887/895/853 1909/2039/1908 1907/2037/1906
f 1911/2041/1910 1910/2040/1909 1908/2038/1907 1909/2039/1908
f 887/895/853 1912/2042/1911 1911/2041/1910 1909/2039/1908
f 1914/2044/1913 1913/2043/1912 1911/2041/1910 1912/2042/1911
f 1916/2046/1915 1915/2045/1914 1914/2044/1913 1912/2042/1911
f 887/895/853 888/896/854 1916/2046/1915 1912/2042/1911
f 1918/2048/1917 1917/2047/1916 1915/2045/1914 1916/2046/1915
f 888/896/854 889/897/855 1918/2048/1917 1916/2046/1915
f 1920/2050/1919 1919/2049/1918 1917/2047/1916 1918/2048/1917
f 889/897/855 1921/2051/1920 1920/2050/1919 1918/2048/1917
f 1923/2053/1922 1922/2052/1921 1920/2050/1919 1921/2051/1920
f 1925/2055/1924 1924/2054/1923 1923/2053/1922 1921/2051/1920
f 889/897/855 890/898/856 1925/2055/1924 1921/2051/1920
f 1926/2056/1925 1836/1966/1835 1924/2054/1923 1925/2055/1924
f 890/898/856 891/899/857 1926/2056/1925 1925/2055/1924
f 660/622/588 661/623/589 1836/1966/1835 1926/2056/1925
f 891/899/857 662/624/590 660/622/588 1926/2056/1925
f 1832/1962/1831 1927/2057/1926 1923/2053/1922 1924/2054/1923
f 1836/1966/1835 1831/1961/1830 1832/1962/1831 1924/2054/1923
f 1928/2058/1927 1922/2052/1921 1923/2053/1922 1927/2057/1926
f 1827/1957/1826 1929/2059/1928 1928/2058/1927 1927/2057/1926
f 1832/1962/1831 1826/1956/1825 1827/1957/1826 1927/2057/1926
f 1931/2061/1930 1930/2060/1929 1928/2058/1927 1929/2059/1928
f 1822/1952/1821 286/176/159 1931/2061/1930 1929/2059/1928
f 1827/1957/1826 1821/1951/1820 1822/1952/1821 1929/2059/1928
f 1932/2062/1931 293/185/168 1930/2060/1929 1931/2061/1930
f 286/176/159 287/177/160 1932/2062/1931 1931/2061/1930
f 994/1023/975 292/184/167 293/185/168 1932/2062/1931
f 287/177/160 288/178/161 994/1023/975 1932/2062/1931
f 293/185/168 289/180/163 1933/2063/1932 1930/2060/1929
f 1933/2063/1932 1922/2052/1921 1928/2058/1927 1930/2060/1929
f 289/180/163 290/181/164 1919/2049/1918 1933/2063/1932
f 1919/2049/1918 1920/2050/1919 1922/2052/1921 1933/2063/1932
f 290/181/164 1934/2064/1933 1917/2047/1916 1919/2049/1918
f 991/1020/972 1936/2066/1935 1935/2065/1934 1934/2064/1933
f 290/181/164 291/182/165 991/1020/972 1934/2064/1933
f 1935/2065/1934 1915/2045/1914 1917/2047/1916 1934/2064/1933
f 1939/2069/1938 1938/2068/1937 1937/2067/1936 1936/2066/1935
f 991/1020/972 990/1019/971 1939/2069/1938 1936/2066/1935
f 1937/2067/1936 1940/2070/1939 1935/2065/1934 1936/2066/1935
f 1937/2067/1936 1942/2072/1941 1941/2071/1940 1940/2070/1939
f 1914/2044/1913 1915/2045/1914 1935/2065/1934 1940/2070/1939
f 1941/2071/1940 1913/2043/1912 1914/2044/1913 1940/2070/1939
f 1945/2075/1944 1944/2074/1943 1943/2073/1942 1942/2072/1941
f 1937/2067/1936 1938/2068/1937 1945/2075/1944 1942/2072/1941
f 1943/2073/1942 1946/2076/1945 1941/2071/1940 1942/2072/1941
f 1943/2073/1942 517/458/425 1947/2077/1946 1946/2076/1945
f 1948/2078/1947 1913/2043/1912 1941/2071/1940 1946/2076/1945
f 1947/2077/1946 1949/2079/1948 1948/2078/1947 1946/2076/1945
f 1947/2077/1946 1951/2081/1950 1950/2080/1949 1949/2079/1948
f 1952/2082/1951 1910/2040/1909 1948/2078/1947 1949/2079/1948
f 1950/2080/1949 1953/2083/1952 1952/2082/1951 1949/2079/1948
f 1950/2080/1949 1955/2085/1954 1954/2084/1953 1953/2083/1952
f 1957/2087/1956 1956/2086/1955 1952/2082/1951 1953/2083/1952
f 1954/2084/1953 1958/2088/1957 1957/2087/1956 1953/2083/1952
f 1954/2084/1953 880/887/845 881/888/846 1958/2088/1957
f 1960/2090/1959 1959/2089/1958 1957/2087/1956 1958/2088/1957
f 881/888/846 1961/2091/1960 1960/2090/1959 1958/2088/1957
f 881/888/846 876/883/841 1891/2021/1890 1961/2091/1960
f 904/915/873 905/916/874 1960/2090/1959 1961/2091/1960
f 1891/2021/1890 1892/2022/1891 904/915/873 1961/2091/1960
f 905/916/874 906/917/875 1959/2089/1958 1960/2090/1959
f 1962/2092/1961 1956/2086/1955 1957/2087/1956 1959/2089/1958
f 906/917/875 1963/2093/1962 1962/2092/1961 1959/2089/1958
f 1904/2034/1903 1906/2036/1905 1962/2092/1961 1963/2093/1962
f 1901/2031/1900 1902/2032/1901 1904/2034/1903 1963/2093/1962
f 906/917/875 901/912/870 1901/2031/1900 1963/2093/1962
f 1906/2036/1905 1908/2038/1907 1956/2086/1955 1962/2092/1961
f 1908/2038/1907 1910/2040/1909 1952/2082/1951 1956/2086/1955
f 1964/2094/1963 1887/2017/1886 879/886/844 1955/2085/1954
f 1950/2080/1949 1951/2081/1950 1964/2094/1963 1955/2085/1954
f 879/886/844 880/887/845 1954/2084/1953 1955/2085/1954
f 519/460/427 1886/2016/1885 1887/2017/1886 1964/2094/1963
f 1951/2081/1950 518/459/426 519/460/427 1964/2094/1963
f 1947/2077/1946 517/458/425 518/459/426 1951/2081/1950
f 1910/2040/1909 1911/2041/1910 1913/2043/1912 1948/2078/1947
f 1966/2096/1965 1965/2095/1964 1944/2074/1943 1945/2075/1944
f 1938/2068/1937 1967/2097/1966 1966/2096/1965 1945/2075/1944
f 1969/2099/1968 1968/2098/1967 1966/2096/1965 1967/2097/1966
f 523/465/432 524/466/433 1969/2099/1968 1967/2097/1966
f 1938/2068/1937 1939/2069/1938 523/465/432 1967/2097/1966
f 1970/2100/1969 507/445/413 1968/2098/1967 1969/2099/1968
f 524/466/433 528/470/437 1970/2100/1969 1969/2099/1968
f 1971/2101/1970 503/444/409 507/445/413 1970/2100/1969
f 528/470/437 1972/2102/1971 1971/2101/1970 1970/2100/1969
f 1974/2106/1973 1973/2105/1972 1971/2104/1970 1972/2103/1971
f 1976/2108/1975 1975/2107/1974 1974/2106/1973 1972/2103/1971
f 528/470/437 525/467/434 1976/2109/1975 1972/2102/1971
f 1977/2110/1976 460/383/360 1975/2107/1974 1976/2108/1975
f 525/467/434 526/468/435 1977/2111/1976 1976/2109/1975
f 1978/2112/1977 454/382/353 460/383/360 1977/2110/1976
f 526/468/435 1979/2114/1978 1978/2113/1977 1977/2111/1976
f 272/161/144 273/162/145 1978/2113/1977 1979/2114/1978
f 873/881/839 871/2115/1979 272/161/144 1979/2114/1978
f 526/468/435 527/469/436 873/881/839 1979/2114/1978
f 273/162/145 278/167/150 454/373/353 1978/2113/1977
f 1980/2116/1980 1036/1071/1023 1974/2106/1973 1975/2107/1974
f 460/383/360 458/380/358 1980/2116/1980 1975/2107/1974
f 1981/2117/1981 1035/1070/1022 1036/1071/1023 1980/2116/1980
f 458/380/358 459/381/359 1981/2117/1981 1980/2116/1980
f 1982/2118/1982 1034/1069/1021 1035/1070/1022 1981/2117/1981
f 459/381/359 1983/2119/1983 1982/2118/1982 1981/2117/1981
f 1986/2122/1986 1985/2121/1985 1984/2120/1984 1983/2119/1983
f 459/381/359 456/378/356 1986/2122/1986 1983/2119/1983
f 1984/2120/1984 1987/2123/1987 1982/2118/1982 1983/2119/1983
f 1984/2120/1984 1989/2125/1989 1988/2124/1988 1987/2123/1987
f 1990/2126/1990 1034/1069/1021 1982/2118/1982 1987/2123/1987
f 1988/2124/1988 1991/2127/1991 1990/2126/1990 1987/2123/1987
f 1988/2124/1988 510/451/418 511/452/419 1991/2127/1991
f 1993/2129/1993 1992/2128/1992 1990/2126/1990 1991/2127/1991
f 511/452/419 1994/2130/1994 1993/2129/1993 1991/2127/1991
f 511/452/419 512/453/420 1995/2131/1995 1994/2130/1994
f 1997/2133/1997 1996/2132/1996 1993/2129/1993 1994/2130/1994
f 1995/2131/1995 509/449/416 1997/2133/1997 1994/2130/1994
f 1998/2134/1998 504/439/410 1996/2132/1996 1997/2133/1997
f 509/449/416 508/446/414 1998/2134/1998 1997/2133/1997
f 497/2135/402 498/438/403 504/439/410 1998/2134/1998
f 508/446/414 500/447/415 497/2135/402 1998/2134/1998
f 1999/2136/1999 1992/2128/1992 1993/2129/1993 1996/2132/1996
f 504/439/410 501/435/407 1999/2136/1999 1996/2132/1996
f 1038/1073/1025 1033/1068/1020 1992/2128/1992 1999/2136/1999
f 501/435/407 502/436/408 1038/1073/1025 1999/2136/1999
f 512/453/420 513/454/421 2000/2137/2000 1995/2131/1995
f 2000/2137/2000 506/442/412 509/449/416 1995/2131/1995
f 513/454/421 1965/2095/1964 2001/2138/2001 2000/2137/2000
f 2001/2138/2001 505/441/411 506/442/412 2000/2137/2000
f 1968/2098/1967 507/445/413 505/441/411 2001/2138/2001
f 1965/2095/1964 1966/2096/1965 1968/2098/1967 2001/2138/2001
f 1033/1068/1020 1034/1069/1021 1990/2126/1990 1992/2128/1992
f 2003/2140/2003 2002/2139/2002 516/457/424 1989/2125/1989
f 1984/2120/1984 1985/2121/1985 2003/2140/2003 1989/2125/1989
f 516/457/424 510/451/418 1988/2124/1988 1989/2125/1989
f 2004/2141/2004 1882/2012/1881 2002/2139/2002 2003/2140/2003
f 1985/2121/1985 2005/2142/2005 2004/2141/2004 2003/2140/2003
f 2006/2143/2006 1878/2008/1877 2004/2141/2004 2005/2142/2005
f 2008/2145/2008 2007/2144/2007 2006/2143/2006 2005/2142/2005
f 1985/2121/1985 1986/2122/1986 2008/2145/2008 2005/2142/2005
f 457/379/357 2009/2146/2009 2007/2144/2007 2008/2145/2008
f 1986/2122/1986 456/378/356 457/379/357 2008/2145/2008
f 2011/2148/2011 2010/2147/2010 2007/2144/2007 2009/2146/2009
f 473/399/374 2012/2149/2012 2011/2148/2011 2009/2146/2009
f 457/379/357 455/375/354 473/399/374 2009/2146/2009
f 2014/2151/2014 2013/2150/2013 2011/2148/2011 2012/2149/2012
f 2016/2153/2016 2015/2152/2015 2014/2151/2014 2012/2149/2012
f 473/399/374 471/400/372 2016/2153/2016 2012/2149/2012
f 2018/2155/2018 2017/2154/2017 2015/2152/2015 2016/2153/2016
f 471/397/372 472/398/373 2018/2157/2018 2016/2156/2016
f 2020/2159/2020 2019/2158/2019 2017/2154/2017 2018/2155/2018
f 472/398/373 832/833/791 2020/2160/2020 2018/2157/2018
f 2022/2162/2022 2021/2161/2021 2019/2158/2019 2020/2159/2020
f 832/833/791 833/834/792 2022/2163/2022 2020/2160/2020
f 1297/1358/1296 1299/1359/1298 2021/2161/2021 2022/2162/2022
f 833/834/792 836/837/795 1297/1354/1296 2022/2163/2022
f 2023/2164/2023 900/910/868 2019/2158/2019 2021/2161/2021
f 1299/1359/1298 1301/1363/1300 2023/2164/2023 2021/2161/2021
f 2024/2165/2024 898/908/866 900/910/868 2023/2164/2023
f 1301/1363/1300 1303/1366/1302 2024/2165/2024 2023/2164/2023
f 1308/1373/1307 897/907/865 898/908/866 2024/2165/2024
f 1303/1366/1302 1305/1369/1304 1308/1373/1307 2024/2165/2024
f 900/910/868 892/901/859 2017/2154/2017 2019/2158/2019
f 892/901/859 893/902/860 2015/2152/2015 2017/2154/2017
f 893/902/860 2025/2166/2025 2014/2151/2014 2015/2152/2015
f 1860/1990/1859 1861/1991/1860 1865/1995/1864 2025/2166/2025
f 893/902/860 894/903/861 1860/1990/1859 2025/2166/2025
f 1865/1995/1864 2013/2150/2013 2014/2151/2014 2025/2166/2025
f 1865/1995/1864 1866/1996/1865 1870/2000/1869 2013/2150/2013
f 1870/2000/1869 2010/2147/2010 2011/2148/2011 2013/2150/2013
f 1870/2000/1869 1871/2001/1870 1875/2005/1874 2010/2147/2010
f 1875/2005/1874 2006/2143/2006 2007/2144/2007 2010/2147/2010
f 1875/2005/1874 1876/2006/1875 1878/2008/1877 2006/2143/2006
f 1878/2008/1877 1879/2009/1878 1882/2012/1881 2004/2141/2004
f 1882/2012/1881 1883/2013/1882 1885/2015/1884 2002/2139/2002
f 1885/2015/1884 515/456/423 516/457/424 2002/2139/2002
f 1036/1071/1023 1037/1072/1024 1973/2105/1972 1974/2106/1973
f 1037/1072/1024 1038/1073/1025 502/436/408 1973/2105/1972
f 502/436/408 503/437/409 1971/2104/1970 1973/2105/1972
f 513/454/421 514/455/422 1944/2074/1943 1965/2095/1964
f 514/455/422 517/458/425 1943/2073/1942 1944/2074/1943
f 990/1019/971 522/464/431 523/465/432 1939/2069/1938
f 901/912/870 902/913/871 1899/2029/1898 1901/2031/1900
f 902/913/871 903/914/872 1894/2024/1893 1896/2026/1895
f 903/914/872 904/915/873 1892/2022/1891 1894/2024/1893
f 878/885/843 879/886/844 1887/2017/1886 1888/2018/1887
f 519/460/427 515/456/423 1885/2015/1884 1886/2016/1885
f 841/843/801 837/839/797 1873/2003/1872 1874/2004/1873
f 894/903/861 895/904/862 1856/1986/1855 1860/1990/1859
f 1851/1981/1850 884/892/850 885/893/851 1855/1985/1854
f 895/904/862 896/905/863 1065/1104/1056 1852/1982/1851
f 1068/1107/1059 2026/2167/2026 1845/1975/1844 1846/1976/1845
f 2028/2169/2028 2027/2168/2027 1845/1975/1844 2026/2167/2026
f 2030/2171/2030 2029/2170/2029 2028/2169/2028 2026/2167/2026
f 1068/1107/1059 1069/1108/1060 2030/2171/2030 2026/2167/2026
f 2032/2173/2032 2031/2172/2031 2029/2170/2029 2030/2171/2030
f 1069/1108/1060 1070/1109/1061 2032/2173/2032 2030/2171/2030
f 1314/1379/1313 1316/1381/1315 2031/2172/2031 2032/2173/2032
f 1070/1109/1061 1312/1377/1311 1314/1379/1313 2032/2173/2032
f 1322/1388/1321 2033/2174/2033 2029/2170/2029 2031/2172/2031
f 1316/1381/1315 1318/1383/1317 1322/1388/1321 2031/2172/2031
f 2034/2175/2034 2028/2169/2028 2029/2170/2029 2033/2174/2033
f 2036/2177/2036 2035/2176/2035 2034/2175/2034 2033/2174/2033
f 1322/1388/1321 1323/1389/1322 2036/2177/2036 2033/2174/2033
f 2038/2179/2038 2037/2178/2037 2035/2176/2035 2036/2177/2036
f 1323/1389/1322 1324/1390/1323 2038/2179/2038 2036/2177/2036
f 2040/2181/2040 2039/2180/2039 2037/2178/2037 2038/2179/2038
f 1324/1390/1323 1326/1392/1325 2040/2181/2040 2038/2179/2038
f 2042/2183/2042 2041/2182/2041 2039/2180/2039 2040/2181/2040
f 1326/1392/1325 1328/1394/1327 2042/2183/2042 2040/2181/2040
f 2044/2185/2044 2043/2184/2043 2041/2182/2041 2042/2183/2042
f 1328/1394/1327 2045/2186/2045 2044/2185/2044 2042/2183/2042
f 2047/2188/2047 2046/2187/2046 2044/2185/2044 2045/2186/2045
f 1331/1397/1330 2048/2189/2048 2047/2188/2047 2045/2186/2045
f 1328/1394/1327 1329/1395/1328 1331/1397/1330 2045/2186/2045
f 257/2191/127 258/2190/128 2047/2188/2047 2048/2189/2048
f 266/150/137 260/151/130 257/2191/127 2048/2189/2048
f 1331/1397/1330 1332/1398/1331 266/150/137 2048/2189/2048
f 258/2190/128 2049/2192/2049 2046/2187/2046 2047/2188/2047
f 2051/2194/2051 2050/2193/2050 2046/2187/2046 2049/2192/2049
f 2053/2196/2053 2052/2195/2052 2051/2194/2051 2049/2192/2049
f 258/2190/128 259/2197/129 2053/2196/2053 2049/2192/2049
f 1812/1941/1811 1813/1942/1812 2052/2195/2052 2053/2196/2053
f 259/2197/129 261/1944/131 1812/1941/1811 2053/2196/2053
f 2055/2199/2055 2054/2198/2054 2051/2194/2051 2052/2195/2052
f 1813/1942/1812 1815/1945/1814 2055/2199/2055 2052/2195/2052
f 985/1014/966 2056/2200/2056 2054/2198/2054 2055/2199/2055
f 1815/1945/1814 984/1013/965 985/1014/966 2055/2199/2055
f 2059/2203/2059 2058/2202/2058 2057/2201/2057 2056/2200/2056
f 985/1014/966 986/1015/967 2059/2203/2059 2056/2200/2056
f 2057/2201/2057 2060/2204/2060 2054/2198/2054 2056/2200/2056
f 2057/2201/2057 655/616/582 2061/2205/2061 2060/2204/2060
f 2050/2193/2050 2051/2194/2051 2054/2198/2054 2060/2204/2060
f 2061/2205/2061 2043/2184/2043 2050/2193/2050 2060/2204/2060
f 655/616/582 651/612/578 2062/2206/2062 2061/2205/2061
f 2062/2206/2062 2041/2182/2041 2043/2184/2043 2061/2205/2061
f 651/612/578 652/613/579 2063/2207/2063 2062/2206/2062
f 2063/2207/2063 2039/2180/2039 2041/2182/2041 2062/2206/2062
f 652/613/579 2065/2209/2065 2064/2208/2064 2063/2207/2063
f 2064/2208/2064 2037/2178/2037 2039/2180/2039 2063/2207/2063
f 2068/2212/2068 2067/2211/2067 2066/2210/2066 2065/2209/2065
f 652/613/579 653/614/580 2068/2212/2068 2065/2209/2065
f 2066/2210/2066 2069/2213/2069 2064/2208/2064 2065/2209/2065
f 2066/2210/2066 2071/2215/2071 2070/2214/2070 2069/2213/2069
f 2035/2176/2035 2037/2178/2037 2064/2208/2064 2069/2213/2069
f 2070/2214/2070 2034/2175/2034 2035/2176/2035 2069/2213/2069
f 2072/2216/2072 1839/1969/1838 1841/1971/1840 2071/2215/2071
f 2066/2210/2066 2067/2211/2067 2072/2216/2072 2071/2215/2071
f 1841/1971/1840 2027/2168/2027 2070/2214/2070 2071/2215/2071
f 2073/2217/2073 1837/1967/1836 1839/1969/1838 2072/2216/2072
f 2067/2211/2067 2074/2218/2074 2073/2217/2073 2072/2216/2072
f 2075/2219/2075 1833/1963/1832 2073/2217/2073 2074/2218/2074
f 2077/2221/2077 2076/2220/2076 2075/2219/2075 2074/2218/2074
f 2067/2211/2067 2068/2212/2068 2077/2221/2077 2074/2218/2074
f 656/617/583 2078/2222/2078 2076/2220/2076 2077/2221/2077
f 2068/2212/2068 653/614/580 656/617/583 2077/2221/2077
f 2080/2224/2080 2079/2223/2079 2076/2220/2076 2078/2222/2078
f 2058/2202/2058 2059/2203/2059 2080/2224/2080 2078/2222/2078
f 656/617/583 654/615/581 2058/2202/2058 2078/2222/2078
f 987/1016/968 1823/1953/1822 2079/2223/2079 2080/2224/2080
f 2059/2203/2059 986/1015/967 987/1016/968 2080/2224/2080
f 1823/1953/1822 1824/1954/1823 1828/1958/1827 2079/2223/2079
f 1828/1958/1827 2075/2219/2075 2076/2220/2076 2079/2223/2079
f 1828/1958/1827 1829/1959/1828 1833/1963/1832 2075/2219/2075
f 1833/1963/1832 1834/1964/1833 1837/1967/1836 2073/2217/2073
f 2027/2168/2027 2028/2169/2028 2034/2175/2034 2070/2214/2070
f 654/615/581 655/616/582 2057/2201/2057 2058/2202/2058
f 2043/2184/2043 2044/2185/2044 2046/2187/2046 2050/2193/2050
f 1841/1971/1840 1842/1972/1841 1845/1975/1844 2027/2168/2027
f 987/1016/968 988/1017/969 1819/1949/1818 1823/1953/1822
f 1818/1948/1817 285/175/158 286/176/159 1822/1952/1821
f 261/143/131 255/137/125 1809/1937/1808 1810/1938/1809
f 2082/2226/2082 2081/2225/2081 1807/1934/1806 1809/1937/1808
f 255/137/125 256/138/126 2082/2226/2082 1809/1937/1808
f 2084/2228/2084 2083/2227/2083 2081/2225/2081 2082/2226/2082
f 256/138/126 2085/2229/2085 2084/2228/2084 2082/2226/2082
f 2087/2231/2087 2086/2230/2086 2084/2228/2084 2085/2229/2085
f 2089/2233/2089 2088/2232/2088 2087/2231/2087 2085/2229/2085
f 256/138/126 252/134/122 2089/2233/2089 2085/2229/2085
f 2091/2235/2091 2090/2234/2090 2088/2232/2088 2089/2233/2089
f 252/134/122 253/135/123 2091/2235/2091 2089/2233/2089
f 2093/2237/2093 2092/2236/2092 2090/2234/2090 2091/2235/2091
f 253/135/123 2094/2238/2094 2093/2237/2093 2091/2235/2091
f 253/135/123 254/136/124 268/155/139 2094/2238/2094
f 242/119/110 243/120/111 2093/2237/2093 2094/2238/2094
f 268/155/139 241/118/109 242/119/110 2094/2238/2094
f 243/120/111 2095/2239/2095 2092/2236/2092 2093/2237/2093
f 2097/2241/2097 2096/2240/2096 2092/2236/2092 2095/2239/2095
f 2099/2243/2099 2098/2242/2098 2097/2241/2097 2095/2239/2095
f 243/120/111 239/116/107 2099/2243/2099 2095/2239/2095
f 2101/2245/2101 2100/2244/2100 2098/2242/2098 2099/2243/2099
f 239/116/107 240/117/108 2101/2245/2101 2099/2243/2099
f 2103/2247/2103 2102/2246/2102 2100/2244/2100 2101/2245/2101
f 240/117/108 2104/2248/2104 2103/2247/2103 2101/2245/2101
f 2106/2250/2106 2105/2249/2105 2103/2247/2103 2104/2248/2104
f 2108/2252/2108 2107/2251/2107 2106/2250/2106 2104/2248/2104
f 240/117/108 237/114/105 2108/2252/2108 2104/2248/2104
f 2110/2254/2110 2109/2253/2109 2107/2251/2107 2108/2252/2108
f 237/114/105 238/115/106 2110/2254/2110 2108/2252/2108
f 2112/2256/2112 2111/2255/2111 2109/2253/2109 2110/2254/2110
f 238/115/106 2113/2257/2113 2112/2256/2112 2110/2254/2110
f 2115/2259/2115 2114/2258/2114 2112/2256/2112 2113/2257/2113
f 2117/2261/2117 2116/2260/2116 2115/2259/2115 2113/2257/2113
f 238/115/106 234/111/102 2117/2261/2117 2113/2257/2113
f 2119/2263/2119 2118/2262/2118 2116/2260/2116 2117/2261/2117
f 234/111/102 235/112/103 2119/2263/2119 2117/2261/2117
f 2121/2265/2121 2120/2264/2120 2118/2262/2118 2119/2263/2119
f 235/112/103 2122/2266/2122 2121/2265/2121 2119/2263/2119
f 235/112/103 236/113/104 2123/2267/2123 2122/2266/2122
f 2125/2271/2125 2124/2270/2124 2121/2269/2121 2122/2268/2122
f 2123/2273/2123 2126/2272/2126 2125/2271/2125 2122/2268/2122
f 2123/2273/2123 262/145/133 263/146/134 2126/2272/2126
f 2128/2275/2128 2127/2274/2127 2125/2271/2125 2126/2272/2126
f 263/146/134 2129/2276/2129 2128/2275/2128 2126/2272/2126
f 263/146/134 264/147/135 2130/2277/2130 2129/2276/2129
f 2132/2279/2132 2131/2278/2131 2128/2275/2128 2129/2276/2129
f 2130/2277/2130 562/2280/478 2132/2279/2132 2129/2276/2129
f 2134/2282/2134 2133/2281/2133 2131/2278/2131 2132/2279/2132
f 562/2280/478 558/2283/474 2134/2282/2134 2132/2279/2132
f 1549/1632/1548 2135/2284/2135 2133/2281/2133 2134/2282/2134
f 558/2283/474 559/1631/475 1549/1632/1548 2134/2282/2134
f 2137/2286/2137 2136/2285/2136 2133/2281/2133 2135/2284/2135
f 1552/1636/1551 2138/2287/2138 2137/2286/2137 2135/2284/2135
f 1549/1632/1548 1550/1633/1549 1552/1636/1551 2135/2284/2135
f 2139/2288/2139 196/64/58 2137/2286/2137 2138/2287/2138
f 2141/2290/2141 2140/2289/2140 2139/2288/2139 2138/2287/2138
f 1552/1636/1551 1553/1637/1552 2141/2290/2141 2138/2287/2138
f 2143/2292/2143 2142/2291/2142 2140/2289/2140 2141/2290/2141
f 1553/1637/1552 1554/1638/1553 2143/2292/2143 2141/2290/2141
f 2145/2294/2145 2144/2293/2144 2142/2291/2142 2143/2292/2143
f 1554/1638/1553 1556/1641/1555 2145/2294/2145 2143/2292/2143
f 963/989/941 2146/2295/2146 2144/2293/2144 2145/2294/2145
f 1556/1641/1555 962/988/940 963/989/941 2145/2294/2145
f 1691/1796/1690 2147/2296/2147 2144/2293/2144 2146/2295/2146
f 1688/1793/1687 1689/1794/1688 1691/1796/1690 2146/2295/2146
f 963/989/941 964/990/942 1688/1793/1687 2146/2295/2146
f 2148/2297/2148 2142/2291/2142 2144/2293/2144 2147/2296/2147
f 1694/1799/1693 2149/2298/2149 2148/2297/2148 2147/2296/2147
f 1691/1796/1690 1692/1797/1691 1694/1799/1693 2147/2296/2147
f 2151/2300/2151 2150/2299/2150 2148/2297/2148 2149/2298/2149
f 1697/1802/1696 2152/2301/2152 2151/2300/2151 2149/2298/2149
f 1694/1799/1693 1695/1800/1694 1697/1802/1696 2149/2298/2149
f 2154/2303/2154 2153/2302/2153 2151/2300/2151 2152/2301/2152
f 1700/1805/1699 1702/1807/1701 2154/2303/2154 2152/2301/2152
f 1697/1802/1696 1698/1803/1697 1700/1805/1699 2152/2301/2152
f 2155/2304/2155 192/60/54 2153/2302/2153 2154/2303/2154
f 1702/1807/1701 2156/2305/2156 2155/2304/2155 2154/2303/2154
f 2158/2307/2158 2157/2306/2157 2155/2304/2155 2156/2305/2156
f 1705/1810/1704 2159/2308/2159 2158/2307/2158 2156/2305/2156
f 1702/1807/1701 1703/1808/1702 1705/1810/1704 2156/2305/2156
f 2161/2310/2161 2160/2309/2160 2158/2307/2158 2159/2308/2159
f 2163/2312/2163 2162/2311/2162 2161/2310/2161 2159/2308/2159
f 1705/1810/1704 1706/1811/1705 2163/2312/2163 2159/2308/2159
f 1710/1815/1709 2164/2313/2164 2162/2311/2162 2163/2312/2163
f 1706/1811/1705 1707/1812/1706 1710/1815/1709 2163/2312/2163
f 2165/2314/2165 183/50/44 2162/2311/2162 2164/2313/2164
f 2166/2315/2166 377/285/265 2165/2314/2165 2164/2313/2164
f 1710/1815/1709 1711/1816/1710 2166/2315/2166 2164/2313/2164
f 2167/2316/2167 375/283/263 377/285/265 2166/2315/2166
f 1711/1816/1710 1712/1817/1711 2167/2316/2167 2166/2315/2166
f 2168/2317/2168 374/282/262 375/283/263 2167/2316/2167
f 1712/1817/1711 1714/1819/1713 2168/2317/2168 2167/2316/2167
f 2169/2318/2169 376/284/264 374/282/262 2168/2317/2168
f 1714/1819/1713 1716/1821/1715 2169/2318/2169 2168/2317/2168
f 2170/2319/2170 397/307/287 376/284/264 2169/2318/2169
f 1716/1821/1715 1017/1049/1001 2170/2319/2170 2169/2318/2169
f 2171/2320/2171 396/306/286 397/307/287 2170/2319/2170
f 1017/1049/1001 1013/1045/997 2171/2320/2171 2170/2319/2170
f 2172/2321/2172 398/308/288 396/306/286 2171/2320/2171
f 1013/1045/997 1014/1046/998 2172/2321/2172 2171/2320/2171
f 202/73/65 203/74/66 398/308/288 2172/2321/2172
f 1014/1046/998 205/76/68 202/73/65 2172/2321/2172
f 2173/2322/2173 182/49/43 183/50/44 2165/2314/2165
f 377/285/265 371/279/259 2173/2322/2173 2165/2314/2165
f 364/269/249 181/48/42 182/49/43 2173/2322/2173
f 371/279/259 363/268/248 364/269/249 2173/2322/2173
f 183/50/44 184/51/45 2161/2310/2161 2162/2311/2162
f 184/51/45 185/52/46 2160/2309/2160 2161/2310/2161
f 185/52/46 2175/2324/2175 2174/2323/2174 2160/2309/2160
f 2174/2323/2174 2157/2306/2157 2158/2307/2158 2160/2309/2160
f 2176/2325/2176 188/56/50 2174/2323/2174 2175/2324/2175
f 2178/2327/2178 2177/2326/2177 2176/2325/2176 2175/2324/2175
f 185/52/46 186/53/47 2178/2327/2178 2175/2324/2175
f 949/970/925 950/971/926 2177/2326/2177 2178/2327/2178
f 186/53/47 954/975/930 949/970/925 2178/2327/2178
f 2180/2329/2180 2179/2328/2179 2176/2325/2176 2177/2326/2177
f 950/971/926 2181/2330/2181 2180/2329/2180 2177/2326/2177
f 2183/2332/2183 2182/2331/2182 2180/2329/2180 2181/2330/2181
f 2185/2334/2185 2184/2333/2184 2183/2332/2183 2181/2330/2181
f 950/971/926 951/972/927 2185/2334/2185 2181/2330/2181
f 2187/2336/2187 2186/2335/2186 2184/2333/2184 2185/2334/2185
f 951/972/927 952/973/928 2187/2336/2187 2185/2334/2185
f 167/25/25 2188/2337/2188 2186/2335/2186 2187/2336/2187
f 952/973/928 166/24/24 167/25/25 2187/2336/2187
f 2191/2340/2191 2190/2339/2190 2189/2338/2189 2188/2337/2188
f 167/25/25 163/21/21 2191/2340/2191 2188/2337/2188
f 2189/2338/2189 2192/2341/2192 2186/2335/2186 2188/2337/2188
f 2189/2338/2189 2194/2343/2194 2193/2342/2193 2192/2341/2192
f 2195/2344/2195 2184/2333/2184 2186/2335/2186 2192/2341/2192
f 2193/2342/2193 169/28/28 2195/2344/2195 2192/2341/2192
f 2196/2345/2196 2183/2332/2183 2184/2333/2184 2195/2344/2195
f 169/28/28 170/29/29 2196/2345/2196 2195/2344/2195
f 170/29/29 171/30/30 2197/2346/2197 2196/2345/2196
f 2197/2346/2197 2182/2331/2182 2183/2332/2183 2196/2345/2196
f 171/30/30 2199/2348/2199 2198/2347/2198 2197/2346/2197
f 2198/2347/2198 2200/2349/2200 2182/2331/2182 2197/2346/2197
f 2198/2347/2198 2201/2350/2201 191/59/53 2200/2349/2200
f 2179/2328/2179 2180/2329/2180 2182/2331/2182 2200/2349/2200
f 191/59/53 187/55/49 2179/2328/2179 2200/2349/2200
f 2204/2353/2204 2203/2352/2203 2202/2351/2202 2201/2350/2201
f 2198/2347/2198 2199/2348/2199 2204/2353/2204 2201/2350/2201
f 2202/2351/2202 190/58/52 191/59/53 2201/2350/2201
f 2205/2355/2205 2120/2354/2120 2203/2352/2203 2204/2353/2204
f 2199/2348/2199 2206/2356/2206 2205/2355/2205 2204/2353/2204
f 2208/2360/2208 2207/2359/2207 2205/2358/2205 2206/2357/2206
f 172/33/31 173/34/32 2208/2360/2208 2206/2357/2206
f 2199/2348/2199 171/30/30 172/31/31 2206/2356/2206
f 2210/2362/2210 2209/2361/2209 2207/2359/2207 2208/2360/2208
f 173/34/32 2211/2363/2211 2210/2362/2210 2208/2360/2208
f 2213/2365/2213 2212/2364/2212 2210/2362/2210 2211/2363/2211
f 2215/2367/2215 2214/2366/2214 2213/2365/2213 2211/2363/2211
f 173/34/32 168/35/27 2215/2367/2215 2211/2363/2211
f 2193/2342/2193 2194/2343/2194 2214/2369/2214 2215/2368/2215
f 168/27/27 169/28/28 2193/2342/2193 2215/2368/2215
f 2217/2371/2217 2216/2370/2216 2213/2365/2213 2214/2366/2214
f 2194/2343/2194 2218/2373/2218 2217/2372/2217 2214/2369/2214
f 2220/2375/2220 2219/2374/2219 2217/2372/2217 2218/2373/2218
f 2190/2339/2190 2221/2376/2221 2220/2375/2220 2218/2373/2218
f 2194/2343/2194 2189/2338/2189 2190/2339/2190 2218/2373/2218
f 2223/2378/2223 2222/2377/2222 2220/2375/2220 2221/2376/2221
f 2225/2380/2225 2224/2379/2224 2223/2378/2223 2221/2376/2221
f 2190/2339/2190 2191/2340/2191 2225/2380/2225 2221/2376/2221
f 164/22/22 2226/2381/2226 2224/2379/2224 2225/2380/2225
f 2191/2340/2191 163/21/21 164/22/22 2225/2380/2225
f 2227/2382/2227 150/6/6 2224/2379/2224 2226/2381/2226
f 2229/2384/2229 2228/2383/2228 2227/2382/2227 2226/2381/2226
f 164/22/22 158/16/16 2229/2384/2229 2226/2381/2226
f 2231/2386/2231 2230/2385/2230 2228/2383/2228 2229/2384/2229
f 158/16/16 159/17/17 2231/2386/2231 2229/2384/2229
f 2233/2388/2233 2232/2387/2232 2230/2385/2230 2231/2386/2231
f 159/17/17 937/956/911 2233/2388/2233 2231/2386/2231
f 2234/2389/2234 153/10/10 2232/2387/2232 2233/2388/2233
f 937/956/911 938/957/912 2234/2389/2234 2233/2388/2233
f 2235/2390/2235 152/9/9 153/10/10 2234/2389/2234
f 938/957/912 2236/2391/2236 2235/2390/2235 2234/2389/2234
f 2238/2393/2238 2237/2392/2237 2235/2390/2235 2236/2391/2236
f 2240/2395/2240 2239/2394/2239 2238/2393/2238 2236/2391/2236
f 938/957/912 936/955/910 2240/2395/2240 2236/2391/2236
f 2242/2397/2242 2241/2396/2241 2239/2394/2239 2240/2395/2240
f 936/955/910 161/19/19 2242/2397/2242 2240/2395/2240
f 2243/2398/2243 180/47/41 2241/2396/2241 2242/2397/2242
f 161/19/19 162/20/20 2243/2398/2243 2242/2397/2242
f 2244/2399/2244 6/46/40 180/47/41 2243/2398/2243
f 162/20/20 165/23/23 2244/2399/2244 2243/2398/2243
f 954/975/930 186/53/47 6/46/40 2244/2399/2244
f 165/23/23 953/974/929 954/975/930 2244/2399/2244
f 2246/2401/2246 2245/2400/2245 2239/2394/2239 2241/2396/2241
f 180/47/41 181/48/42 2246/2401/2246 2241/2396/2241
f 361/266/246 362/267/247 2245/2400/2245 2246/2401/2246
f 181/48/42 364/269/249 361/266/246 2246/2401/2246
f 362/267/247 304/198/181 2247/2402/2247 2245/2400/2245
f 2247/2402/2247 2238/2393/2238 2239/2394/2239 2245/2400/2245
f 304/198/181 300/194/177 2248/2403/2248 2247/2402/2247
f 2248/2403/2248 2237/2392/2237 2238/2393/2238 2247/2402/2247
f 300/194/177 301/195/178 2249/2404/2249 2248/2403/2248
f 2249/2404/2249 156/13/13 2237/2392/2237 2248/2403/2248
f 301/195/178 2251/2406/2251 2250/2405/2250 2249/2404/2249
f 2250/2405/2250 155/12/12 156/13/13 2249/2404/2249
f 2254/2409/2254 2253/2408/2253 2252/2407/2252 2251/2406/2251
f 301/195/178 302/196/179 2254/2409/2254 2251/2406/2251
f 2252/2407/2252 2255/2410/2255 2250/2405/2250 2251/2406/2251
f 2252/2407/2252 930/2411/903 931/948/904 2255/2410/2255
f 157/14/14 155/12/12 2250/2405/2250 2255/2410/2255
f 931/948/904 932/949/905 157/14/14 2255/2410/2255
f 2257/2413/2257 2256/2412/2256 2253/2408/2253 2254/2409/2254
f 302/196/179 309/203/186 2257/2413/2257 2254/2409/2254
f 2259/2415/2259 2258/2414/2258 2256/2412/2256 2257/2413/2257
f 309/203/186 2260/2416/2260 2259/2415/2259 2257/2413/2257
f 2262/2418/2262 2261/2417/2261 2259/2415/2259 2260/2416/2260
f 2264/2420/2264 2263/2419/2263 2262/2418/2262 2260/2416/2260
f 309/203/186 307/201/184 2264/2420/2264 2260/2416/2260
f 2266/2422/2266 2265/2421/2265 2263/2419/2263 2264/2420/2264
f 307/201/184 308/202/185 2266/2422/2266 2264/2420/2264
f 2268/2424/2268 2267/2423/2267 2265/2421/2265 2266/2422/2266
f 308/202/185 311/206/189 2268/2424/2268 2266/2422/2266
f 2270/2426/2270 2269/2425/2269 2267/2423/2267 2268/2424/2268
f 311/206/189 312/207/190 2270/2426/2270 2268/2424/2268
f 2272/2428/2272 2271/2427/2271 2269/2425/2269 2270/2426/2270
f 312/207/190 2273/2429/2273 2272/2428/2272 2270/2426/2270
f 378/287/267 379/288/268 2272/2428/2272 2273/2429/2273
f 2274/2430/2274 382/291/271 378/287/267 2273/2429/2273
f 312/207/190 310/205/188 2274/2430/2274 2273/2429/2273
f 360/265/245 356/261/241 382/291/271 2274/2430/2274
f 310/205/188 306/200/183 360/265/245 2274/2430/2274
f 379/288/268 2275/2431/2275 2271/2427/2271 2272/2428/2272
f 2277/2433/2277 2276/2432/2276 2271/2427/2271 2275/2431/2275
f 2279/2435/2279 2278/2434/2278 2277/2433/2277 2275/2431/2275
f 379/288/268 380/289/269 2279/2435/2279 2275/2431/2275
f 2281/2437/2281 2280/2436/2280 2278/2434/2278 2279/2435/2279
f 380/289/269 383/292/272 2281/2437/2281 2279/2435/2279
f 2283/2439/2283 2282/2438/2282 2280/2436/2280 2281/2437/2281
f 383/292/272 2284/2440/2284 2283/2439/2283 2281/2437/2281
f 372/280/260 393/303/283 2283/2439/2283 2284/2440/2284
f 357/262/242 358/263/243 372/280/260 2284/2440/2284
f 383/292/272 381/290/270 357/262/242 2284/2440/2284
f 393/303/283 389/299/279 2282/2438/2282 2283/2439/2283
f 1007/1038/990 1001/1032/984 2280/2436/2280 2282/2438/2282
f 389/299/279 390/300/280 1007/1038/990 2282/2438/2282
f 1001/1032/984 1002/1033/985 2278/2434/2278 2280/2436/2280
f 1002/1033/985 2285/2441/2285 2277/2433/2277 2278/2434/2278
f 2288/2444/2288 2287/2443/2287 2286/2442/2286 2285/2441/2285
f 1002/1033/985 1003/1034/986 2288/2444/2288 2285/2441/2285
f 2286/2442/2286 2276/2432/2276 2277/2433/2277 2285/2441/2285
f 384/294/274 388/296/276 2287/2443/2287 2288/2444/2288
f 1003/1034/986 370/277/257 384/294/274 2288/2444/2288
f 388/296/276 2290/2446/2290 2289/2445/2289 2287/2443/2287
f 2289/2445/2289 2291/2447/2291 2286/2442/2286 2287/2443/2287
f 2289/2445/2289 2293/2449/2293 2292/2448/2292 2291/2447/2291
f 2294/2450/2294 2276/2432/2276 2286/2442/2286 2291/2447/2291
f 2292/2448/2292 2295/2451/2295 2294/2450/2294 2291/2447/2291
f 2292/2448/2292 2297/2453/2297 2296/2452/2296 2295/2451/2295
f 2267/2423/2267 2269/2425/2269 2294/2450/2294 2295/2451/2295
f 2296/2452/2296 2265/2421/2265 2267/2423/2267 2295/2451/2295
f 2298/2454/2298 997/1027/979 998/1028/980 2297/2453/2297
f 2292/2448/2292 2293/2449/2293 2298/2454/2298 2297/2453/2297
f 998/1028/980 2299/2455/2299 2296/2452/2296 2297/2453/2297
f 998/1028/980 999/1029/981 2300/2456/2300 2299/2455/2299
f 2263/2419/2263 2265/2421/2265 2296/2452/2296 2299/2455/2299
f 2300/2456/2300 2262/2418/2262 2263/2419/2263 2299/2455/2299
f 999/1029/981 1000/1030/982 2301/2457/2301 2300/2456/2300
f 2301/2457/2301 2261/2417/2261 2262/2418/2262 2300/2456/2300
f 1000/1030/982 2303/2459/2303 2302/2458/2302 2301/2457/2301
f 2302/2458/2302 2304/2460/2304 2261/2417/2261 2301/2457/2301
f 2302/2458/2302 2306/2462/2306 2305/2461/2305 2304/2460/2304
f 2258/2414/2258 2259/2415/2259 2261/2417/2261 2304/2460/2304
f 2305/2461/2305 2307/2463/2307 2258/2414/2258 2304/2460/2304
f 2305/2465/2305 297/190/173 298/191/174 2307/2464/2307
f 2308/2466/2308 2256/2412/2256 2258/2414/2258 2307/2463/2307
f 298/191/174 2309/2468/2309 2308/2467/2308 2307/2464/2307
f 298/191/174 294/187/170 2310/2469/2310 2309/2468/2309
f 2312/2471/2312 2311/2470/2311 2308/2467/2308 2309/2468/2309
f 2310/2469/2310 2313/2472/2313 2312/2471/2312 2309/2468/2309
f 2310/2469/2310 2315/2474/2315 2314/2473/2314 2313/2472/2313
f 934/951/907 929/945/902 2312/2471/2312 2313/2472/2313
f 2314/2473/2314 2316/2475/2316 934/951/907 2313/2472/2313
f 2314/2473/2314 2318/2477/2318 2317/2476/2317 2316/2475/2316
f 2319/2478/2319 933/950/906 934/951/907 2316/2475/2316
f 2317/2476/2317 2320/2479/2320 2319/2478/2319 2316/2475/2316
f 2317/2476/2317 2322/2481/2322 2321/2480/2321 2320/2479/2320
f 945/965/920 2323/2482/2323 2319/2478/2319 2320/2479/2320
f 2321/2480/2321 944/964/919 945/965/920 2320/2479/2320
f 935/953/908 933/950/906 2319/2478/2319 2323/2482/2323
f 2325/2484/2325 2324/2483/2324 935/953/908 2323/2482/2323
f 945/965/920 939/959/914 2325/2484/2325 2323/2482/2323
f 2327/2486/2327 2326/2485/2326 2324/2483/2324 2325/2484/2325
f 939/959/914 940/960/915 2327/2486/2327 2325/2484/2325
f 2329/2488/2329 2328/2487/2328 2326/2485/2326 2327/2486/2327
f 940/960/915 2330/2489/2330 2329/2488/2329 2327/2486/2327
f 940/960/915 941/961/916 2331/2490/2331 2330/2489/2330
f 2333/2492/2333 2332/2491/2332 2329/2488/2329 2330/2489/2330
f 2331/2490/2331 2334/2493/2334 2333/2492/2333 2330/2489/2330
f 2331/2490/2331 2336/2495/2336 2335/2494/2335 2334/2493/2334
f 2338/2497/2338 2337/2496/2337 2333/2492/2333 2334/2493/2334
f 2335/2494/2335 2339/2498/2339 2338/2497/2338 2334/2493/2334
f 2335/2494/2335 2341/2500/2341 2340/2499/2340 2339/2498/2339
f 2111/2255/2111 2342/2501/2342 2338/2497/2338 2339/2498/2339
f 2340/2499/2340 2109/2253/2109 2111/2255/2111 2339/2498/2339
f 2343/2502/2343 2337/2496/2337 2338/2497/2338 2342/2501/2342
f 2114/2258/2114 2344/2503/2344 2343/2502/2343 2342/2501/2342
f 2111/2255/2111 2112/2256/2112 2114/2258/2114 2342/2501/2342
f 2346/2505/2346 2345/2504/2345 2343/2502/2343 2344/2503/2344
f 2347/2506/2347 2212/2364/2212 2346/2505/2346 2344/2503/2344
f 2114/2258/2114 2115/2259/2115 2347/2506/2347 2344/2503/2344
f 2209/2361/2209 2210/2362/2210 2212/2364/2212 2347/2506/2347
f 2115/2259/2115 2116/2260/2116 2209/2361/2209 2347/2506/2347
f 2216/2370/2216 2348/2507/2348 2345/2504/2345 2346/2505/2346
f 2212/2364/2212 2213/2365/2213 2216/2370/2216 2346/2505/2346
f 2350/2509/2350 2349/2508/2349 2345/2504/2345 2348/2507/2348
f 2219/2511/2219 2351/2510/2351 2350/2509/2350 2348/2507/2348
f 2216/2370/2216 2217/2371/2217 2219/2511/2219 2348/2507/2348
f 2353/2513/2353 2352/2512/2352 2350/2509/2350 2351/2510/2351
f 2222/2377/2222 147/3/3 2353/2515/2353 2351/2514/2351
f 2219/2374/2219 2220/2375/2220 2222/2377/2222 2351/2514/2351
f 2354/2516/2354 2328/2487/2328 2352/2512/2352 2353/2513/2353
f 147/3/3 148/4/4 2354/2517/2354 2353/2515/2353
f 2355/2518/2355 2326/2485/2326 2328/2487/2328 2354/2516/2354
f 148/4/4 151/7/7 2355/2519/2355 2354/2517/2354
f 2356/2520/2356 2324/2483/2324 2326/2485/2326 2355/2518/2355
f 151/7/7 2357/2522/2357 2356/2521/2356 2355/2519/2355
f 927/942/900 928/943/901 2356/2521/2356 2357/2522/2357
f 2359/2524/2359 2358/2523/2358 927/942/900 2357/2522/2357
f 151/7/7 149/5/5 2359/2524/2359 2357/2522/2357
f 2227/2382/2227 2228/2383/2228 2358/2523/2358 2359/2524/2359
f 149/5/5 150/6/6 2227/2382/2227 2359/2524/2359
f 2360/2525/2360 926/941/899 927/942/900 2358/2523/2358
f 2228/2383/2228 2230/2385/2230 2360/2525/2360 2358/2523/2358
f 2361/2526/2361 932/949/905 926/941/899 2360/2525/2360
f 2230/2385/2230 2232/2387/2232 2361/2526/2361 2360/2525/2360
f 154/11/11 157/14/14 932/949/905 2361/2526/2361
f 2232/2387/2232 153/10/10 154/11/11 2361/2526/2361
f 928/952/901 935/953/908 2324/2483/2324 2356/2520/2356
f 2328/2487/2328 2329/2488/2329 2332/2491/2332 2352/2512/2352
f 2332/2491/2332 2349/2508/2349 2350/2509/2350 2352/2512/2352
f 2332/2491/2332 2333/2492/2333 2337/2496/2337 2349/2508/2349
f 2337/2496/2337 2343/2502/2343 2345/2504/2345 2349/2508/2349
f 2364/2529/2364 2363/2528/2363 2362/2527/2362 2341/2500/2341
f 2335/2494/2335 2336/2495/2336 2364/2529/2364 2341/2500/2341
f 2362/2527/2362 2365/2530/2365 2340/2499/2340 2341/2500/2341
f 2362/2527/2362 2367/2532/2367 2366/2531/2366 2365/2530/2365
f 2107/2251/2107 2109/2253/2109 2340/2499/2340 2365/2530/2365
f 2366/2531/2366 2106/2250/2106 2107/2251/2107 2365/2530/2365
f 2368/2533/2368 222/96/87 220/94/85 2367/2532/2367
f 2362/2527/2362 2363/2528/2363 2368/2533/2368 2367/2532/2367
f 220/94/85 221/95/86 2366/2531/2366 2367/2532/2367
f 2370/2535/2370 2369/2534/2369 222/96/87 2368/2533/2368
f 2363/2528/2363 2371/2536/2371 2370/2535/2370 2368/2533/2368
f 2373/2538/2373 2372/2537/2372 2370/2535/2370 2371/2536/2371
f 2375/2540/2375 2374/2539/2374 2373/2538/2373 2371/2536/2371
f 2363/2528/2363 2364/2529/2364 2375/2540/2375 2371/2536/2371
f 946/966/921 947/967/922 2374/2539/2374 2375/2540/2375
f 2364/2529/2364 2336/2495/2336 946/966/921 2375/2540/2375
f 2377/2542/2377 2376/2541/2376 2373/2538/2373 2374/2539/2374
f 947/967/922 948/968/923 2377/2542/2377 2374/2539/2374
f 2379/2544/2379 2378/2543/2378 2376/2541/2376 2377/2542/2377
f 948/968/923 2380/2545/2380 2379/2544/2379 2377/2542/2377
f 2382/2547/2382 2381/2546/2381 2379/2544/2379 2380/2545/2380
f 2384/2549/2384 2383/2548/2383 2382/2547/2382 2380/2545/2380
f 948/968/923 942/962/917 2384/2549/2384 2380/2545/2380
f 2386/2551/2386 2385/2550/2385 2383/2548/2383 2384/2549/2384
f 942/962/917 943/963/918 2386/2551/2386 2384/2549/2384
f 2388/2553/2388 2387/2552/2387 2385/2550/2385 2386/2551/2386
f 943/963/918 2389/2554/2389 2388/2553/2388 2386/2551/2386
f 2391/2556/2391 2390/2555/2390 2388/2553/2388 2389/2554/2389
f 2321/2480/2321 2322/2481/2322 2391/2556/2391 2389/2554/2389
f 943/963/918 944/964/919 2321/2480/2321 2389/2554/2389
f 2393/2558/2393 2392/2557/2392 2390/2555/2390 2391/2556/2391
f 2322/2481/2322 2394/2559/2394 2393/2558/2393 2391/2556/2391
f 2396/2561/2396 2395/2560/2395 2393/2558/2393 2394/2559/2394
f 2318/2477/2318 2397/2562/2397 2396/2561/2396 2394/2559/2394
f 2322/2481/2322 2317/2476/2317 2318/2477/2318 2394/2559/2394
f 2399/2564/2399 2398/2563/2398 2396/2561/2396 2397/2562/2397
f 2315/2474/2315 295/188/171 2399/2564/2399 2397/2562/2397
f 2318/2477/2318 2314/2473/2314 2315/2474/2315 2397/2562/2397
f 2401/2566/2401 2400/2565/2400 2398/2563/2398 2399/2564/2399
f 295/188/171 296/189/172 2401/2566/2401 2399/2564/2399
f 2403/2568/2403 2402/2567/2402 2400/2565/2400 2401/2566/2401
f 296/189/172 299/192/175 2403/2568/2403 2401/2566/2401
f 2405/2570/2405 2404/2569/2404 2402/2567/2402 2403/2568/2403
f 299/192/175 2306/2571/2306 2405/2570/2405 2403/2568/2403
f 2303/2459/2303 2406/2574/2406 2404/2573/2404 2405/2572/2405
f 2306/2462/2306 2302/2458/2302 2303/2459/2303 2405/2572/2405
f 2408/2576/2408 2407/2575/2407 2404/2573/2404 2406/2574/2406
f 995/1025/977 996/1026/978 2408/2576/2408 2406/2574/2406
f 2303/2459/2303 1000/1030/982 995/1025/977 2406/2574/2406
f 2410/2578/2410 2409/2577/2409 2407/2575/2407 2408/2576/2408
f 996/1026/978 2411/2579/2411 2410/2578/2410 2408/2576/2408
f 2413/2581/2413 2412/2580/2412 2410/2578/2410 2411/2579/2411
f 2298/2454/2298 2293/2449/2293 2413/2581/2413 2411/2579/2411
f 996/1026/978 997/1027/979 2298/2454/2298 2411/2579/2411
f 2290/2446/2290 2414/2582/2414 2412/2580/2412 2413/2581/2413
f 2293/2449/2293 2289/2445/2289 2290/2446/2290 2413/2581/2413
f 387/297/277 385/2584/2416 2415/2583/2415 2414/2582/2414
f 2290/2446/2290 388/296/276 387/297/277 2414/2582/2414
f 2415/2583/2415 2416/2585/2417 2412/2580/2412 2414/2582/2414
f 2415/2589/2415 2418/2588/2419 2417/2587/2418 2416/2586/2417
f 2409/2577/2409 2410/2578/2410 2412/2580/2412 2416/2585/2417
f 2417/2587/2418 2419/2591/2420 2409/2590/2409 2416/2586/2417
f 2417/2587/2418 2421/2593/2422 2420/2592/2421 2419/2591/2420
f 2422/2595/2423 2407/2594/2407 2409/2590/2409 2419/2591/2420
f 2420/2592/2421 2423/2596/2424 2422/2595/2423 2419/2591/2420
f 2420/2592/2421 2425/2598/2426 2424/2597/2425 2423/2596/2424
f 2400/2565/2400 2402/2567/2402 2422/2595/2423 2423/2596/2424
f 2424/2597/2425 2398/2563/2398 2400/2565/2400 2423/2596/2424
f 2428/2601/2429 2427/2600/2428 2426/2599/2427 2425/2598/2426
f 2420/2592/2421 2421/2593/2422 2428/2601/2429 2425/2598/2426
f 2426/2599/2427 2395/2560/2395 2424/2597/2425 2425/2598/2426
f 2430/2603/2431 2429/2602/2430 2427/2600/2428 2428/2601/2429
f 2421/2593/2422 2431/2604/2432 2430/2603/2431 2428/2601/2429
f 369/2606/256 365/2605/252 2430/2603/2431 2431/2604/2432
f 2418/2588/2419 386/2607/275 369/2606/256 2431/2604/2432
f 2421/2593/2422 2417/2587/2418 2418/2588/2419 2431/2604/2432
f 365/2605/252 366/2608/253 2429/2602/2430 2430/2603/2431
f 366/2608/253 1004/2610/987 2432/2609/2433 2429/2602/2430
f 2432/2609/2433 2433/2611/2434 2427/2600/2428 2429/2602/2430
f 2432/2609/2433 2435/2613/2436 2434/2612/2435 2433/2611/2434
f 2392/2557/2392 2426/2599/2427 2427/2600/2428 2433/2611/2434
f 2434/2612/2435 2390/2555/2390 2392/2557/2392 2433/2611/2434
f 1005/2616/988 2437/2615/2438 2436/2614/2437 2435/2613/2436
f 2432/2609/2433 1004/2610/987 1005/2616/988 2435/2613/2436
f 2436/2614/2437 2387/2552/2387 2434/2612/2435 2435/2613/2436
f 2440/2620/2441 2439/2619/2440 2438/2618/2439 2437/2617/2438
f 1005/1036/988 1006/1037/989 2440/2620/2441 2437/2617/2438
f 2438/2622/2439 2441/2621/2442 2436/2614/2437 2437/2615/2438
f 2438/2622/2439 2443/2624/2444 2442/2623/2443 2441/2621/2442
f 2385/2550/2385 2387/2552/2387 2436/2614/2437 2441/2621/2442
f 2442/2623/2443 2383/2548/2383 2385/2550/2385 2441/2621/2442
f 2446/2628/2447 2445/2627/2446 2444/2626/2445 2443/2625/2444
f 2438/2618/2439 2439/2619/2440 2446/2628/2447 2443/2625/2444
f 2444/2630/2445 2447/2629/2448 2442/2623/2443 2443/2624/2444
f 2444/2630/2445 2449/2632/2450 2448/2631/2449 2447/2629/2448
f 2382/2547/2382 2383/2548/2383 2442/2623/2443 2447/2629/2448
f 2448/2631/2449 2381/2546/2381 2382/2547/2382 2447/2629/2448
f 2452/2636/2453 2451/2635/2452 2450/2634/2451 2449/2633/2450
f 2444/2626/2445 2445/2627/2446 2452/2636/2453 2449/2633/2450
f 2450/2638/2451 2453/2637/2454 2448/2631/2449 2449/2632/2450
f 2450/2638/2451 2455/2640/2456 2454/2639/2455 2453/2637/2454
f 2456/2641/2457 2381/2546/2381 2448/2631/2449 2453/2637/2454
f 2454/2639/2455 2457/2642/2458 2456/2641/2457 2453/2637/2454
f 2454/2639/2455 447/365/345 448/366/346 2457/2642/2458
f 2458/2643/2459 2378/2543/2378 2456/2641/2457 2457/2642/2458
f 448/366/346 2459/2644/2460 2458/2643/2459 2457/2642/2458
f 448/366/346 442/360/340 2460/2645/2461 2459/2644/2460
f 2462/2647/2463 2461/2646/2462 2458/2643/2459 2459/2644/2460
f 2460/2645/2461 2463/2648/2464 2462/2647/2463 2459/2644/2460
f 2460/2645/2461 2465/2650/2466 2464/2649/2465 2463/2648/2464
f 2467/2652/2468 2466/2651/2467 2462/2647/2463 2463/2648/2464
f 2464/2649/2465 2468/2653/2469 2467/2652/2468 2463/2648/2464
f 2464/2649/2465 2470/2655/2471 2469/2654/2470 2468/2653/2469
f 2472/2657/2473 2471/2656/2472 2467/2652/2468 2468/2653/2469
f 2469/2654/2470 2473/2658/2474 2472/2657/2473 2468/2653/2469
f 2469/2654/2470 2475/2660/2476 2474/2659/2475 2473/2658/2474
f 2476/2661/2477 218/92/83 2472/2657/2473 2473/2658/2474
f 2474/2659/2475 2477/2662/2478 2476/2661/2477 2473/2658/2474
f 2474/2659/2475 418/332/312 973/1000/952 2477/2662/2478
f 2479/2664/2480 2478/2663/2479 2476/2661/2477 2477/2662/2478
f 973/1000/952 968/995/947 2479/2664/2480 2477/2662/2478
f 2481/2666/2482 2480/2665/2481 2478/2663/2479 2479/2664/2480
f 968/995/947 969/996/948 2481/2666/2482 2479/2664/2480
f 969/996/948 2483/2668/2484 2482/2667/2483 2481/2666/2482
f 2482/2667/2483 2484/2669/2485 2480/2665/2481 2481/2666/2482
f 2482/2667/2483 2486/2671/2487 2485/2670/2486 2484/2669/2485
f 2487/2672/2488 216/90/81 2480/2665/2481 2484/2669/2485
f 2485/2670/2486 2488/2673/2489 2487/2672/2488 2484/2669/2485
f 2485/2670/2486 2490/2675/2491 2489/2674/2490 2488/2673/2489
f 2492/2677/2493 2491/2676/2492 2487/2672/2488 2488/2673/2489
f 2489/2674/2490 2493/2678/2494 2492/2677/2493 2488/2673/2489
f 2489/2674/2490 2495/2680/2496 2494/2679/2495 2493/2678/2494
f 2497/2682/2498 2496/2681/2497 2492/2677/2493 2493/2678/2494
f 2494/2679/2495 2498/2683/2499 2497/2682/2498 2493/2678/2494
f 2494/2679/2495 2500/2685/2501 2499/2684/2500 2498/2683/2499
f 211/84/75 212/85/76 2497/2682/2498 2498/2683/2499
f 2499/2684/2500 210/83/74 211/84/75 2498/2683/2499
f 2503/2688/2504 2502/2687/2503 2501/2686/2502 2500/2685/2501
f 2494/2679/2495 2495/2680/2496 2503/2688/2504 2500/2685/2501
f 2501/2686/2502 2504/2689/2505 2499/2684/2500 2500/2685/2501
f 2501/2686/2502 2506/2691/2507 2505/2690/2506 2504/2689/2505
f 2507/2692/2508 210/83/74 2499/2684/2500 2504/2689/2505
f 2505/2690/2506 2508/2693/2509 2507/2692/2508 2504/2689/2505
f 2505/2690/2506 2510/2695/2511 2509/2694/2510 2508/2693/2509
f 2512/2697/2513 2511/2696/2512 2507/2692/2508 2508/2693/2509
f 2509/2694/2510 2513/2698/2514 2512/2697/2513 2508/2693/2509
f 2509/2694/2510 2514/2699/2515 2096/2240/2096 2513/2698/2514
f 2515/2700/2516 227/102/93 2512/2697/2513 2513/2698/2514
f 2096/2240/2096 2097/2241/2097 2515/2700/2516 2513/2698/2514
f 2516/2701/2517 225/100/91 227/102/93 2515/2700/2516
f 2097/2241/2097 2098/2242/2098 2516/2701/2517 2515/2700/2516
f 2517/2702/2518 224/99/90 225/100/91 2516/2701/2517
f 2098/2242/2098 2100/2244/2100 2517/2702/2518 2516/2701/2517
f 2519/2704/2520 2518/2703/2519 224/99/90 2517/2702/2518
f 2100/2244/2100 2102/2246/2102 2519/2704/2520 2517/2702/2518
f 2521/2706/2522 2520/2705/2521 2518/2703/2519 2519/2704/2520
f 2102/2246/2102 2522/2707/2523 2521/2706/2522 2519/2704/2520
f 213/87/78 214/88/79 2521/2706/2522 2522/2707/2523
f 2105/2249/2105 221/95/86 213/87/78 2522/2707/2523
f 2102/2246/2102 2103/2247/2103 2105/2249/2105 2522/2707/2523
f 214/88/79 2523/2708/2524 2520/2705/2521 2521/2706/2522
f 2491/2676/2492 2492/2677/2493 2496/2681/2497 2523/2708/2524
f 214/88/79 215/89/80 2491/2676/2492 2523/2708/2524
f 2496/2681/2497 2524/2709/2525 2520/2705/2521 2523/2708/2524
f 2496/2681/2497 2497/2682/2498 212/85/76 2524/2709/2525
f 2525/2710/2526 2518/2703/2519 2520/2705/2521 2524/2709/2525
f 212/85/76 207/80/71 2525/2710/2526 2524/2709/2525
f 223/98/89 224/99/90 2518/2703/2519 2525/2710/2526
f 207/80/71 208/81/72 223/98/89 2525/2710/2526
f 2526/2711/2527 2088/2232/2088 2090/2234/2090 2514/2699/2515
f 2509/2694/2510 2510/2695/2511 2526/2711/2527 2514/2699/2515
f 2090/2234/2090 2092/2236/2092 2096/2240/2096 2514/2699/2515
f 2527/2712/2528 2087/2231/2087 2088/2232/2088 2526/2711/2527
f 2510/2695/2511 2528/2713/2529 2527/2712/2528 2526/2711/2527
f 2530/2715/2531 2529/2714/2530 2527/2712/2528 2528/2713/2529
f 2506/2691/2507 2531/2716/2532 2530/2715/2531 2528/2713/2529
f 2510/2695/2511 2505/2690/2506 2506/2691/2507 2528/2713/2529
f 2533/2718/2534 2532/2717/2533 2530/2715/2531 2531/2716/2532
f 2502/2687/2503 2534/2719/2535 2533/2718/2534 2531/2716/2532
f 2506/2691/2507 2501/2686/2502 2502/2687/2503 2531/2716/2532
f 2536/2721/2537 2535/2720/2536 2533/2718/2534 2534/2719/2535
f 2538/2723/2539 2537/2722/2538 2536/2721/2537 2534/2719/2535
f 2502/2687/2503 2503/2688/2504 2538/2723/2539 2534/2719/2535
f 2540/2725/2541 2539/2724/2540 2537/2722/2538 2538/2723/2539
f 2503/2688/2504 2495/2680/2496 2540/2725/2541 2538/2723/2539
f 2490/2675/2491 2541/2726/2542 2539/2724/2540 2540/2725/2541
f 2495/2680/2496 2489/2674/2490 2490/2675/2491 2540/2725/2541
f 2543/2728/2544 2542/2727/2543 2539/2724/2540 2541/2726/2542
f 2486/2671/2487 2544/2729/2545 2543/2728/2544 2541/2726/2542
f 2490/2675/2491 2485/2670/2486 2486/2671/2487 2541/2726/2542
f 975/1003/955 976/1004/956 2543/2728/2544 2544/2729/2545
f 2483/2668/2484 2545/2730/2546 975/1003/955 2544/2729/2545
f 2486/2671/2487 2482/2667/2483 2483/2668/2484 2544/2729/2545
f 2546/2731/2547 974/1002/954 975/1003/955 2545/2730/2546
f 970/997/949 971/998/950 2546/2731/2547 2545/2730/2546
f 2483/2668/2484 969/996/948 970/997/949 2545/2730/2546
f 2547/2732/2548 978/1006/958 974/1002/954 2546/2731/2547
f 971/998/950 420/334/314 2547/2732/2548 2546/2731/2547
f 2549/2734/2550 2548/2733/2549 978/1006/958 2547/2732/2548
f 420/334/314 421/335/315 2549/2734/2550 2547/2732/2548
f 2551/2736/2552 2550/2735/2551 2548/2733/2549 2549/2734/2550
f 421/335/315 422/336/316 2551/2736/2552 2549/2734/2550
f 2553/2738/2554 2552/2737/2553 2550/2735/2551 2551/2736/2552
f 422/336/316 2554/2739/2555 2553/2738/2554 2551/2736/2552
f 2556/2741/2557 2555/2740/2556 2553/2738/2554 2554/2739/2555
f 2558/2743/2559 2557/2742/2558 2556/2741/2557 2554/2739/2555
f 422/336/316 423/337/317 2558/2743/2559 2554/2739/2555
f 433/350/330 434/351/331 2557/2742/2558 2558/2743/2559
f 423/337/317 426/340/320 433/350/330 2558/2743/2559
f 2560/2745/2561 2559/2744/2560 2556/2741/2557 2557/2742/2558
f 434/351/331 437/354/334 2560/2745/2561 2557/2742/2558
f 2562/2747/2563 2561/2746/2562 2559/2744/2560 2560/2745/2561
f 437/354/334 2563/2748/2564 2562/2747/2563 2560/2745/2561
f 2565/2750/2566 2564/2749/2565 2562/2747/2563 2563/2748/2564
f 2567/2752/2568 2566/2751/2567 2565/2750/2566 2563/2748/2564
f 437/354/334 435/352/332 2567/2752/2568 2563/2748/2564
f 2569/2754/2570 2568/2753/2569 2566/2751/2567 2567/2752/2568
f 435/352/332 436/353/333 2569/2754/2570 2567/2752/2568
f 438/355/335 439/356/336 2568/2753/2569 2569/2754/2570
f 436/353/333 2570/2755/2571 438/355/335 2569/2754/2570
f 428/343/323 429/344/324 438/355/335 2570/2755/2571
f 2572/2757/2573 2571/2756/2572 428/343/323 2570/2755/2571
f 436/353/333 432/349/329 2572/2757/2573 2570/2755/2571
f 426/340/320 424/338/318 2571/2756/2572 2572/2757/2573
f 432/349/329 433/350/330 426/340/320 2572/2757/2573
f 2573/2758/2574 427/342/322 428/343/323 2571/2756/2572
f 424/338/318 425/339/319 2573/2758/2574 2571/2756/2572
f 2574/2759/2575 431/346/326 427/342/322 2573/2758/2574
f 425/339/319 2575/2760/2576 2574/2759/2575 2573/2758/2574
f 2470/2655/2471 2576/2761/2577 2574/2759/2575 2575/2760/2576
f 2475/2660/2476 2469/2654/2470 2470/2655/2471 2575/2760/2576
f 425/339/319 417/331/311 2475/2660/2476 2575/2760/2576
f 2577/2762/2578 431/346/326 2574/2759/2575 2576/2761/2577
f 2465/2650/2466 443/361/341 2577/2762/2578 2576/2761/2577
f 2470/2655/2471 2464/2649/2465 2465/2650/2466 2576/2761/2577
f 452/370/350 430/345/325 431/346/326 2577/2762/2578
f 443/361/341 444/362/342 452/370/350 2577/2762/2578
f 2579/2764/2580 2578/2763/2579 2566/2751/2567 2568/2753/2569
f 439/356/336 440/357/337 2579/2764/2580 2568/2753/2569
f 2581/2766/2582 2580/2765/2581 2578/2763/2579 2579/2764/2580
f 440/357/337 2582/2767/2583 2581/2766/2582 2579/2764/2580
f 2584/2769/2585 2583/2768/2584 2581/2766/2582 2582/2767/2583
f 445/363/343 446/364/344 2584/2769/2585 2582/2767/2583
f 440/357/337 441/358/338 445/363/343 2582/2767/2583
f 1018/1051/1003 1019/1052/1004 2583/2768/2584 2584/2769/2585
f 446/364/344 449/367/347 1018/1051/1003 2584/2769/2585
f 1019/1052/1004 1030/1064/1016 1031/1065/1017 2583/2768/2584
f 1031/1065/1017 2580/2765/2581 2581/2766/2582 2583/2768/2584
f 1031/1065/1017 1027/1061/1013 2585/2770/2586 2580/2765/2581
f 2585/2770/2586 2586/2771/2587 2578/2763/2579 2580/2765/2581
f 2585/2770/2586 2588/2773/2589 2587/2772/2588 2586/2771/2587
f 2565/2750/2566 2566/2751/2567 2578/2763/2579 2586/2771/2587
f 2587/2772/2588 2564/2749/2565 2565/2750/2566 2586/2771/2587
f 1028/1062/1014 2590/2775/2591 2589/2774/2590 2588/2773/2589
f 2585/2770/2586 1027/1061/1013 1028/1062/1014 2588/2773/2589
f 2589/2774/2590 2591/2776/2592 2587/2772/2588 2588/2773/2589
f 2589/2774/2590 2592/2777/2593 481/410/384 2591/2776/2592
f 2593/2778/2594 2564/2749/2565 2587/2772/2588 2591/2776/2592
f 481/410/384 482/411/385 2593/2778/2594 2591/2776/2592
f 2561/2746/2562 2562/2747/2563 2564/2749/2565 2593/2778/2594
f 482/411/385 483/412/386 2561/2746/2562 2593/2778/2594
f 2594/2779/2595 480/409/383 481/410/384 2592/2777/2593
f 2596/2781/2597 2595/2780/2596 2594/2779/2595 2592/2777/2593
f 2589/2774/2590 2590/2775/2591 2596/2781/2597 2592/2777/2593
f 2598/2783/2599 2597/2782/2598 2595/2780/2596 2596/2781/2597
f 2590/2775/2591 2599/2784/2600 2598/2783/2599 2596/2781/2597
f 2590/2775/2591 1028/1062/1014 1029/1063/1015 2599/2784/2600
f 2601/2786/2602 2600/2785/2601 2598/2783/2599 2599/2784/2600
f 1029/1063/1015 1032/1066/1018 2601/2786/2602 2599/2784/2600
f 1022/1055/1007 2602/2787/2603 2600/2785/2601 2601/2786/2602
f 1032/1066/1018 1020/1053/1005 1022/1055/1007 2601/2786/2602
f 2604/2789/2605 2603/2788/2604 2600/2785/2601 2602/2787/2603
f 2606/2791/2607 2605/2790/2606 2604/2789/2605 2602/2787/2603
f 1022/1055/1007 1023/1056/1008 2606/2791/2607 2602/2787/2603
f 2608/2793/2609 2607/2792/2608 2605/2790/2606 2606/2791/2607
f 1023/1056/1008 1026/1059/1011 2608/2793/2609 2606/2791/2607
f 2610/2795/2611 2609/2794/2610 2607/2792/2608 2608/2793/2609
f 1026/1059/1011 2611/2796/2612 2610/2795/2611 2608/2793/2609
f 1026/1059/1011 1024/1057/1009 2612/2797/2613 2611/2796/2612
f 2614/2799/2615 2613/2798/2614 2610/2795/2611 2611/2796/2612
f 2612/2797/2613 2615/2800/2616 2614/2799/2615 2611/2796/2612
f 2612/2797/2613 2617/2802/2618 2616/2801/2617 2615/2800/2616
f 2619/2806/2620 2618/2805/2619 2614/2804/2615 2615/2803/2616
f 2616/2808/2617 2620/2807/2621 2619/2806/2620 2615/2803/2616
f 2616/2808/2617 2622/2810/2623 2621/2809/2622 2620/2807/2621
f 1781/1897/1780 1783/1899/1782 2619/2806/2620 2620/2807/2621
f 2621/2809/2622 1779/1895/1778 1781/1897/1780 2620/2807/2621
f 2623/2814/2624 246/2813/115 247/2812/116 2622/2811/2623
f 2616/2801/2617 2617/2802/2618 2623/2814/2624 2622/2811/2623
f 247/131/116 251/132/120 2621/2809/2622 2622/2810/2623
f 2625/2816/2626 2624/2815/2625 246/2813/115 2623/2814/2624
f 2617/2802/2618 1025/1058/1010 2625/2816/2626 2623/2814/2624
f 2627/2818/2628 2626/2817/2627 2624/2815/2625 2625/2816/2626
f 1025/1058/1010 1021/1054/1006 2627/2818/2628 2625/2816/2626
f 450/368/348 451/369/349 2626/2817/2627 2627/2818/2628
f 1021/1054/1006 449/367/347 450/368/348 2627/2818/2628
f 2629/2822/2630 2628/2821/2629 2624/2820/2625 2626/2819/2627
f 451/2824/349 2455/2823/2456 2629/2822/2630 2626/2819/2627
f 2451/2635/2452 2630/2825/2631 2628/2821/2629 2629/2822/2630
f 2455/2823/2456 2450/2634/2451 2451/2635/2452 2629/2822/2630
f 244/122/113 245/123/114 2628/2821/2629 2630/2825/2631
f 2632/2827/2633 2631/2826/2632 244/122/113 2630/2825/2631
f 2451/2635/2452 2452/2636/2453 2632/2827/2633 2630/2825/2631
f 2634/2829/2635 2633/2828/2634 2631/2826/2632 2632/2827/2633
f 2452/2636/2453 2445/2627/2446 2634/2829/2635 2632/2827/2633
f 394/304/284 395/305/285 2633/2828/2634 2634/2829/2635
f 2445/2627/2446 2446/2628/2447 394/304/284 2634/2829/2635
f 203/74/66 200/70/63 2631/2826/2632 2633/2828/2634
f 395/305/285 398/308/288 203/74/66 2633/2828/2634
f 200/70/63 201/71/64 244/122/113 2631/2826/2632
f 245/123/114 246/124/115 2624/2820/2625 2628/2821/2629
f 251/132/120 1778/1894/1777 1779/1895/1778 2621/2809/2622
f 1783/1899/1782 1785/1901/1784 2618/2805/2619 2619/2806/2620
f 1790/2831/1789 2613/2830/2614 2614/2804/2615 2618/2805/2619
f 1785/1901/1784 1787/1903/1786 1790/2831/1789 2618/2805/2619
f 2612/2797/2613 1024/1057/1009 1025/1058/1010 2617/2802/2618
f 2635/2832/2636 2609/2794/2610 2610/2795/2611 2613/2798/2614
f 1790/1911/1789 1791/1912/1790 2635/2832/2636 2613/2798/2614
f 2637/2834/2638 2636/2833/2637 2609/2794/2610 2635/2832/2636
f 1791/1912/1790 1792/1913/1791 2637/2834/2638 2635/2832/2636
f 488/418/392 489/419/393 2636/2833/2637 2637/2834/2638
f 1792/1913/1791 487/417/391 488/418/392 2637/2834/2638
f 2638/2835/2639 2607/2792/2608 2609/2794/2610 2636/2833/2637
f 489/419/393 2639/2836/2640 2638/2835/2639 2636/2833/2637
f 2641/2838/2642 2640/2837/2641 2638/2835/2639 2639/2836/2640
f 2643/2840/2644 2642/2839/2643 2641/2838/2642 2639/2836/2640
f 489/419/393 490/420/394 2643/2840/2644 2639/2836/2640
f 2645/2842/2646 2644/2841/2645 2642/2839/2643 2643/2840/2644
f 490/420/394 494/424/398 2645/2842/2646 2643/2840/2644
f 2647/2844/2648 2646/2843/2647 2644/2841/2645 2645/2842/2646
f 494/424/398 2648/2845/2649 2647/2844/2648 2645/2842/2646
f 980/1008/960 981/1009/961 2647/2844/2648 2648/2845/2649
f 2650/2847/2651 2649/2846/2650 980/1008/960 2648/2845/2649
f 494/424/398 491/421/395 2650/2847/2651 2648/2845/2649
f 2652/2849/2653 2651/2848/2652 2649/2846/2650 2650/2847/2651
f 491/421/395 492/422/396 2652/2849/2653 2650/2847/2651
f 2654/2851/2655 2653/2850/2654 2651/2848/2652 2652/2849/2653
f 492/422/396 2655/2852/2656 2654/2851/2655 2652/2849/2653
f 492/422/396 493/423/397 2656/2853/2657 2655/2852/2656
f 2658/2855/2659 2657/2854/2658 2654/2851/2655 2655/2852/2656
f 2656/2853/2657 2659/2856/2660 2658/2855/2659 2655/2852/2656
f 2656/2853/2657 2661/2858/2662 2660/2857/2661 2659/2856/2660
f 2083/2227/2083 2662/2859/2663 2658/2855/2659 2659/2856/2660
f 2660/2857/2661 2081/2225/2081 2083/2227/2083 2659/2856/2660
f 2663/2860/2664 2657/2854/2658 2658/2855/2659 2662/2859/2663
f 2086/2230/2086 2529/2714/2530 2663/2860/2664 2662/2859/2663
f 2083/2227/2083 2084/2228/2084 2086/2230/2086 2662/2859/2663
f 2532/2717/2533 2664/2861/2665 2657/2854/2658 2663/2860/2664
f 2529/2714/2530 2530/2715/2531 2532/2717/2533 2663/2860/2664
f 2653/2850/2654 2654/2851/2655 2657/2854/2658 2664/2861/2665
f 2535/2720/2536 231/107/98 2653/2850/2654 2664/2861/2665
f 2532/2717/2533 2533/2718/2534 2535/2720/2536 2664/2861/2665
f 495/425/399 1798/1922/1797 1804/1930/1803 2661/2858/2662
f 2656/2853/2657 493/423/397 495/425/399 2661/2858/2662
f 1804/1930/1803 1805/1931/1804 2660/2857/2661 2661/2858/2662
f 1805/1931/1804 1807/1934/1806 2081/2225/2081 2660/2857/2661
f 231/107/98 232/108/99 2651/2848/2652 2653/2850/2654
f 232/108/99 233/109/100 2649/2846/2650 2651/2848/2652
f 233/109/100 979/1007/959 980/1008/960 2649/2846/2650
f 981/1009/961 982/1010/962 2646/2843/2647 2647/2844/2648
f 2666/2863/2667 2665/2862/2666 2644/2841/2645 2646/2843/2647
f 982/1010/962 2667/2864/2668 2666/2863/2667 2646/2843/2647
f 2668/2865/2669 475/403/377 2666/2863/2667 2667/2864/2668
f 2670/2867/2671 2669/2866/2670 2668/2865/2669 2667/2864/2668
f 982/1010/962 977/1005/957 2670/2867/2671 2667/2864/2668
f 2548/2733/2549 2550/2735/2551 2669/2866/2670 2670/2867/2671
f 977/1005/957 978/1006/958 2548/2733/2549 2670/2867/2671
f 2672/2869/2673 2671/2868/2672 2668/2865/2669 2669/2866/2670
f 2550/2735/2551 2552/2737/2553 2672/2869/2673 2669/2866/2670
f 2674/2871/2675 2673/2870/2674 2671/2868/2672 2672/2869/2673
f 2552/2737/2553 2675/2872/2676 2674/2871/2675 2672/2869/2673
f 2677/2874/2678 2676/2873/2677 2674/2871/2675 2675/2872/2676
f 2555/2740/2556 2678/2875/2679 2677/2874/2678 2675/2872/2676
f 2552/2737/2553 2553/2738/2554 2555/2740/2556 2675/2872/2676
f 483/412/386 484/413/387 2677/2874/2678 2678/2875/2679
f 2559/2744/2560 2561/2746/2562 483/412/386 2678/2875/2679
f 2555/2740/2556 2556/2741/2557 2559/2744/2560 2678/2875/2679
f 484/413/387 485/414/388 2676/2873/2677 2677/2874/2678
f 485/414/388 2680/2877/2681 2679/2876/2680 2676/2873/2677
f 2679/2876/2680 2673/2870/2674 2674/2871/2675 2676/2873/2677
f 485/414/388 480/409/383 2594/2779/2595 2680/2877/2681
f 2682/2879/2683 2681/2878/2682 2679/2876/2680 2680/2877/2681
f 2594/2779/2595 2595/2780/2596 2682/2879/2683 2680/2877/2681
f 2684/2881/2685 2683/2880/2684 2681/2878/2682 2682/2879/2683
f 2595/2780/2596 2597/2782/2598 2684/2881/2685 2682/2879/2683
f 2686/2883/2687 2685/2882/2686 2683/2880/2684 2684/2881/2685
f 2597/2782/2598 2603/2788/2604 2686/2883/2687 2684/2881/2685
f 2688/2885/2689 2687/2884/2688 2685/2882/2686 2686/2883/2687
f 2603/2788/2604 2604/2789/2605 2688/2885/2689 2686/2883/2687
f 2640/2837/2641 2641/2838/2642 2687/2884/2688 2688/2885/2689
f 2604/2789/2605 2605/2790/2606 2640/2837/2641 2688/2885/2689
f 2689/2886/2690 477/405/379 2685/2882/2686 2687/2884/2688
f 2641/2838/2642 2642/2839/2643 2689/2886/2690 2687/2884/2688
f 2665/2862/2666 476/404/378 477/405/379 2689/2886/2690
f 2642/2839/2643 2644/2841/2645 2665/2862/2666 2689/2886/2690
f 477/405/379 478/406/380 2683/2880/2684 2685/2882/2686
f 478/406/380 479/407/381 2681/2878/2682 2683/2880/2684
f 479/407/381 2673/2870/2674 2679/2876/2680 2681/2878/2682
f 479/407/381 474/402/376 2671/2868/2672 2673/2870/2674
f 474/402/376 475/403/377 2668/2865/2669 2671/2868/2672
f 475/403/377 476/404/378 2665/2862/2666 2666/2863/2667
f 2605/2790/2606 2607/2792/2608 2638/2835/2639 2640/2837/2641
f 2597/2782/2598 2598/2783/2599 2600/2785/2601 2603/2788/2604
f 976/1004/956 983/1011/963 2542/2727/2543 2543/2728/2544
f 983/1011/963 228/104/95 229/105/96 2542/2727/2543
f 229/105/96 2537/2722/2538 2539/2724/2540 2542/2727/2543
f 229/105/96 230/106/97 2536/2721/2537 2537/2722/2538
f 230/106/97 231/107/98 2535/2720/2536 2536/2721/2537
f 2086/2230/2086 2087/2231/2087 2527/2712/2528 2529/2714/2530
f 227/102/93 226/101/92 2511/2696/2512 2512/2697/2513
f 209/82/73 210/83/74 2507/2692/2508 2511/2696/2512
f 226/101/92 208/81/72 209/82/73 2511/2696/2512
f 215/89/80 216/90/81 2487/2672/2488 2491/2676/2492
f 216/90/81 217/91/82 2478/2663/2479 2480/2665/2481
f 217/91/82 218/92/83 2476/2661/2477 2478/2663/2479
f 417/331/311 418/332/312 2474/2659/2475 2475/2660/2476
f 218/92/83 219/93/84 2471/2656/2472 2472/2657/2473
f 2369/2534/2369 2466/2651/2467 2467/2652/2468 2471/2656/2472
f 219/93/84 222/96/87 2369/2534/2369 2471/2656/2472
f 2372/2537/2372 2461/2646/2462 2462/2647/2463 2466/2651/2467
f 2369/2534/2369 2370/2535/2370 2372/2537/2372 2466/2651/2467
f 2460/2645/2461 442/360/340 443/361/341 2465/2650/2466
f 2376/2541/2376 2378/2543/2378 2458/2643/2459 2461/2646/2462
f 2372/2537/2372 2373/2538/2373 2376/2541/2376 2461/2646/2462
f 2378/2543/2378 2379/2544/2379 2381/2546/2381 2456/2641/2457
f 451/369/349 447/365/345 2454/2639/2455 2455/2640/2456
f 2439/2619/2440 391/301/281 394/304/284 2446/2628/2447
f 390/300/280 391/301/281 2439/2619/2440 2440/2620/2441
f 1006/1037/989 1007/1038/990 390/300/280 2440/2620/2441
f 2387/2552/2387 2388/2553/2388 2390/2555/2390 2434/2612/2435
f 2392/2557/2392 2393/2558/2393 2395/2560/2395 2426/2599/2427
f 2395/2560/2395 2396/2561/2396 2398/2563/2398 2424/2597/2425
f 2402/2567/2402 2404/2569/2404 2407/2594/2407 2422/2595/2423
f 2415/2589/2415 385/2887/2416 386/2607/275 2418/2588/2419
f 221/95/86 2105/2249/2105 2106/2250/2106 2366/2531/2366
f 2331/2490/2331 941/961/916 946/966/921 2336/2495/2336
f 2310/2469/2310 294/187/170 295/188/171 2315/2474/2315
f 929/945/902 930/946/903 2311/2470/2311 2312/2471/2312
f 2253/2408/2253 2256/2412/2256 2308/2466/2308 2311/2888/2311
f 930/2411/903 2252/2407/2252 2253/2408/2253 2311/2888/2311
f 299/192/175 297/190/173 2305/2465/2305 2306/2571/2306
f 2269/2425/2269 2271/2427/2271 2276/2432/2276 2294/2450/2294
f 156/13/13 152/9/9 2235/2390/2235 2237/2392/2237
f 150/6/6 146/2/2 2223/2378/2223 2224/2379/2224
f 146/2/2 147/3/3 2222/2377/2222 2223/2378/2223
f 2116/2260/2116 2118/2262/2118 2207/2359/2207 2209/2361/2209
f 2118/2262/2118 2120/2264/2120 2205/2358/2205 2207/2359/2207
f 2120/2354/2120 2121/2269/2121 2124/2270/2124 2203/2352/2203
f 2124/2270/2124 2690/2889/2691 2202/2351/2202 2203/2352/2203
f 2124/2270/2124 2125/2271/2125 2127/2274/2127 2690/2889/2691
f 195/63/57 190/58/52 2202/2351/2202 2690/2889/2691
f 2127/2274/2127 2691/2890/2692 195/63/57 2690/2889/2691
f 2127/2274/2127 2128/2275/2128 2131/2278/2131 2691/2890/2692
f 2136/2285/2136 194/62/56 195/63/57 2691/2890/2692
f 2131/2278/2131 2133/2281/2133 2136/2285/2136 2691/2890/2692
f 187/55/49 188/56/50 2176/2325/2176 2179/2328/2179
f 188/56/50 189/57/51 2157/2306/2157 2174/2323/2174
f 189/57/51 192/60/54 2155/2304/2155 2157/2306/2157
f 192/60/54 193/61/55 2692/2891/2693 2153/2302/2153
f 2692/2891/2693 2150/2299/2150 2151/2300/2151 2153/2302/2153
f 193/61/55 196/64/58 2139/2288/2139 2692/2891/2693
f 2139/2288/2139 2140/2289/2140 2150/2299/2150 2692/2891/2693
f 2140/2289/2140 2142/2291/2142 2148/2297/2148 2150/2299/2150
f 196/64/58 194/62/56 2136/2285/2136 2137/2286/2137
f 264/2895/135 267/2894/138 2693/2893/2694 2130/2892/2130
f 2693/2893/2694 561/510/477 562/511/478 2130/2892/2130
f 267/2894/138 1335/2897/1334 1337/2896/1336 2693/2893/2694
f 1337/2896/1336 564/513/480 561/510/477 2693/2893/2694
f 236/113/104 241/118/109 262/156/133 2123/2267/2123
f 270/159/142 874/879/837 2694/2898/2695 1802/1927/1801
f 1797/1921/1796 269/158/141 270/159/142 1802/1927/1801
f 2694/2898/2695 2695/2899/2696 1801/1926/1800 1802/1927/1801
f 2694/2898/2695 992/1021/973 993/1022/974 2695/2899/2696
f 288/178/161 282/172/155 1801/1926/1800 2695/2899/2696
f 993/1022/974 994/1023/975 288/178/161 2695/2899/2696
f 874/879/837 875/880/838 992/1021/973 2694/2898/2695
f 495/425/399 486/416/390 1795/1918/1794 1798/1922/1797
f 251/132/120 249/128/118 1777/1893/1776 1778/1894/1777
f 249/128/118 250/129/119 2696/2900/2697 1777/1893/1776
f 2696/2900/2697 1774/1890/1773 1775/1891/1774 1777/1893/1776
f 250/129/119 2698/2902/2699 2697/2901/2698 2696/2900/2697
f 2697/2901/2698 2699/2903/2700 1774/1890/1773 2696/2900/2697
f 2697/2901/2698 2701/2905/2702 2700/2904/2701 2699/2903/2700
f 1769/1885/1768 1770/1886/1769 1774/1890/1773 2699/2903/2700
f 2700/2904/2701 1768/1884/1767 1769/1885/1768 2699/2903/2700
f 2704/2908/2705 2703/2907/2704 2702/2906/2703 2701/2905/2702
f 2697/2901/2698 2698/2902/2699 2704/2908/2705 2701/2905/2702
f 2702/2906/2703 2705/2909/2706 2700/2904/2701 2701/2905/2702
f 2702/2906/2703 2707/2911/2708 2706/2910/2707 2705/2909/2706
f 2708/2912/2709 1768/1884/1767 2700/2904/2701 2705/2909/2706
f 2706/2910/2707 2709/2913/2710 2708/2912/2709 2705/2909/2706
f 2706/2910/2707 826/826/784 824/824/782 2709/2913/2710
f 2710/2914/2711 1765/1881/1764 2708/2912/2709 2709/2913/2710
f 824/824/782 825/825/783 2710/2914/2711 2709/2913/2710
f 2711/2915/2712 1763/1879/1762 1765/1881/1764 2710/2914/2711
f 825/825/783 2712/2916/2713 2711/2915/2712 2710/2914/2711
f 825/825/783 821/821/779 2713/2917/2714 2712/2916/2713
f 2715/2919/2716 2714/2918/2715 2711/2915/2712 2712/2916/2713
f 2713/2917/2714 2716/2920/2717 2715/2919/2716 2712/2916/2713
f 2713/2917/2714 2718/2922/2719 2717/2921/2718 2716/2920/2717
f 766/754/715 767/755/716 2715/2919/2716 2716/2920/2717
f 2717/2921/2718 765/753/714 766/754/715 2716/2920/2717
f 822/822/780 2720/2924/2721 2719/2923/2720 2718/2922/2719
f 2713/2917/2714 821/821/779 822/822/780 2718/2922/2719
f 2719/2923/2720 2721/2925/2722 2717/2921/2718 2718/2922/2719
f 2719/2923/2720 2722/2926/2723 412/325/305 2721/2925/2722
f 2723/2927/2724 765/753/714 2717/2921/2718 2721/2925/2722
f 412/325/305 413/326/306 2723/2927/2724 2721/2925/2722
f 2724/2928/2725 764/752/713 765/753/714 2723/2927/2724
f 413/326/306 416/329/309 2724/2928/2725 2723/2927/2724
f 416/329/309 2726/2930/2727 2725/2929/2726 2724/2928/2725
f 2725/2929/2726 763/751/712 764/752/713 2724/2928/2725
f 2729/2933/2730 2728/2932/2729 2727/2931/2728 2726/2930/2727
f 416/329/309 414/327/307 2729/2933/2730 2726/2930/2727
f 2727/2931/2728 2730/2934/2731 2725/2929/2726 2726/2930/2727
f 2727/2931/2728 2732/2936/2733 2731/2935/2732 2730/2934/2731
f 2733/2937/2734 763/751/712 2725/2929/2726 2730/2934/2731
f 2731/2935/2732 2734/2938/2735 2733/2937/2734 2730/2934/2731
f 2731/2935/2732 1754/1870/1753 1755/1871/1754 2734/2938/2735
f 1759/1875/1758 2735/2939/2736 2733/2937/2734 2734/2938/2735
f 1755/1871/1754 1756/1872/1755 1759/1875/1758 2734/2938/2735
f 762/750/711 763/751/712 2733/2937/2734 2735/2939/2736
f 2736/2940/2737 767/755/716 762/750/711 2735/2939/2736
f 1759/1875/1758 1760/1876/1759 2736/2940/2737 2735/2939/2736
f 2714/2918/2715 2715/2919/2716 767/755/716 2736/2940/2737
f 1760/1876/1759 1761/1877/1760 2714/2918/2715 2736/2940/2737
f 2739/2943/2740 2738/2942/2739 2737/2941/2738 2732/2936/2733
f 2727/2931/2728 2728/2932/2729 2739/2943/2740 2732/2936/2733
f 2737/2941/2738 1754/1870/1753 2731/2935/2732 2732/2936/2733
f 2741/2945/2742 2740/2944/2741 2738/2942/2739 2739/2943/2740
f 2728/2932/2729 2742/2946/2743 2741/2945/2742 2739/2943/2740
f 2744/2948/2745 2743/2947/2744 2741/2945/2742 2742/2946/2743
f 2746/2950/2747 2745/2949/2746 2744/2948/2745 2742/2946/2743
f 2728/2932/2729 2729/2933/2730 2746/2950/2747 2742/2946/2743
f 415/328/308 2747/2951/2748 2745/2949/2746 2746/2950/2747
f 2729/2933/2730 414/327/307 415/328/308 2746/2950/2747
f 2749/2953/2750 2748/2952/2749 2745/2949/2746 2747/2951/2748
f 2751/2955/2752 2750/2954/2751 2749/2953/2750 2747/2951/2748
f 415/328/308 411/324/304 2751/2955/2752 2747/2951/2748
f 2722/2926/2723 2752/2956/2753 2750/2954/2751 2751/2955/2752
f 411/324/304 412/325/305 2722/2926/2723 2751/2955/2752
f 2753/2957/2754 466/390/367 2750/2954/2751 2752/2956/2753
f 2720/2924/2721 2754/2958/2755 2753/2957/2754 2752/2956/2753
f 2722/2926/2723 2719/2923/2720 2720/2924/2721 2752/2956/2753
f 2756/2960/2757 2755/2959/2756 2753/2957/2754 2754/2958/2755
f 823/823/781 826/826/784 2756/2960/2757 2754/2958/2755
f 2720/2924/2721 822/822/780 823/823/781 2754/2958/2755
f 2707/2911/2708 2757/2961/2758 2755/2959/2756 2756/2960/2757
f 826/826/784 2706/2910/2707 2707/2911/2708 2756/2960/2757
f 464/388/365 465/389/366 2755/2959/2756 2757/2961/2758
f 2703/2907/2704 2758/2962/2759 464/388/365 2757/2961/2758
f 2707/2911/2708 2702/2906/2703 2703/2907/2704 2757/2961/2758
f 2759/2963/2760 463/387/364 464/388/365 2758/2962/2759
f 2761/2965/2762 2760/2964/2761 2759/2963/2760 2758/2962/2759
f 2703/2907/2704 2704/2908/2705 2761/2965/2762 2758/2962/2759
f 2762/2966/2763 198/67/61 2760/2964/2761 2761/2965/2762
f 2704/2908/2705 2698/2902/2699 2762/2966/2763 2761/2965/2762
f 248/130/117 197/66/60 198/67/61 2762/2966/2763
f 2698/2902/2699 250/129/119 248/130/117 2762/2966/2763
f 2764/2968/2765 2763/2967/2764 2759/2963/2760 2760/2964/2761
f 198/67/61 199/68/62 2764/2968/2765 2760/2964/2761
f 2766/2970/2767 2765/2969/2766 2763/2967/2764 2764/2968/2765
f 199/68/62 206/77/69 2766/2970/2767 2764/2968/2765
f 2743/2947/2744 2744/2948/2745 2765/2969/2766 2766/2970/2767
f 206/77/69 2767/2971/2768 2743/2947/2744 2766/2970/2767
f 206/77/69 204/78/67 2768/2972/2769 2767/2971/2768
f 2740/2944/2741 2741/2945/2742 2743/2947/2744 2767/2971/2768
f 2768/2972/2769 2769/2973/2770 2740/2944/2741 2767/2971/2768
f 2768/2977/2769 2771/2976/2772 2770/2975/2771 2769/2974/2770
f 2772/2978/2773 2738/2942/2739 2740/2944/2741 2769/2973/2770
f 2770/2975/2771 2773/2980/2774 2772/2979/2773 2769/2974/2770
f 2770/2975/2771 1009/1041/993 2774/2981/2775 2773/2980/2774
f 1749/1865/1748 1751/1867/1750 2772/2978/2773 2773/2982/2774
f 2774/2983/2775 1747/1863/1746 1749/1865/1748 2773/2982/2774
f 1009/1041/993 1010/1042/994 2775/2984/2776 2774/2981/2775
f 2775/2985/2776 1746/1862/1745 1747/1863/1746 2774/2983/2775
f 1010/1042/994 1011/1043/995 1735/1846/1734 2775/2984/2776
f 1735/1848/1734 1736/1849/1735 1746/1860/1745 2775/2986/2776
f 1751/1867/1750 2737/2941/2738 2738/2942/2739 2772/2978/2773
f 205/76/68 1014/1046/998 1008/1040/992 2771/2976/2772
f 2768/2977/2769 204/75/67 205/76/68 2771/2976/2772
f 1008/1040/992 1009/1041/993 2770/2975/2771 2771/2976/2772
f 2748/2952/2749 462/386/363 2763/2967/2764 2765/2969/2766
f 2744/2948/2745 2745/2949/2746 2748/2952/2749 2765/2969/2766
f 462/386/363 463/387/364 2759/2963/2760 2763/2967/2764
f 465/389/366 466/390/367 2753/2957/2754 2755/2959/2756
f 466/390/367 461/385/362 2749/2953/2750 2750/2954/2751
f 461/385/362 462/386/363 2748/2952/2749 2749/2953/2750
f 1751/1867/1750 1752/1868/1751 1754/1870/1753 2737/2941/2738
f 1761/1877/1760 1763/1879/1762 2711/2915/2712 2714/2918/2715
f 1765/1881/1764 1766/1882/1765 1768/1884/1767 2708/2912/2709
f 1016/1048/1000 1017/1049/1001 1716/1821/1715 1717/1822/1716
f 964/990/942 965/991/943 1683/1786/1682 1688/1793/1687
f 174/37/34 175/38/35 1654/1748/1653 1658/1752/1657
f 177/42/37 328/230/210 329/231/211 1645/1737/1644
f 329/231/211 330/232/212 1641/1733/1640 1642/1734/1641
f 2776/2987/2777 1638/1730/1637 1639/1731/1638 1641/1733/1640
f 330/232/212 331/233/213 2776/2987/2777 1641/1733/1640
f 2778/2989/2779 2777/2988/2778 1638/1730/1637 2776/2987/2777
f 331/233/213 2779/2990/2780 2778/2989/2779 2776/2987/2777
f 2781/2992/2782 2780/2991/2781 2778/2989/2779 2779/2990/2780
f 2783/2994/2784 2782/2993/2783 2781/2992/2782 2779/2990/2780
f 331/233/213 332/234/214 2783/2994/2784 2779/2990/2780
f 2785/2996/2786 2784/2995/2785 2782/2993/2783 2783/2994/2784
f 332/234/214 337/239/219 2785/2996/2786 2783/2994/2784
f 1585/1677/1584 1587/1679/1586 2784/2995/2785 2785/2996/2786
f 337/239/219 1583/1675/1582 1585/1677/1584 2785/2996/2786
f 2787/2998/2788 2786/2997/2787 2782/2993/2783 2784/2995/2785
f 1587/1679/1586 2788/2999/2789 2787/2998/2788 2784/2995/2785
f 2790/3001/2791 2789/3000/2790 2787/2998/2788 2788/2999/2789
f 1590/1682/1589 1592/1684/1591 2790/3001/2791 2788/2999/2789
f 1587/1679/1586 1588/1680/1587 1590/1682/1589 2788/2999/2789
f 2792/3003/2793 2791/3002/2792 2789/3000/2790 2790/3001/2791
f 1592/1684/1591 1594/1686/1593 2792/3003/2793 2790/3001/2791
f 338/241/221 339/242/222 2791/3002/2792 2792/3003/2793
f 1594/1686/1593 342/245/225 338/241/221 2792/3003/2793
f 2794/3005/2795 2793/3004/2794 2789/3000/2790 2791/3002/2792
f 339/242/222 2795/3006/2796 2794/3005/2795 2791/3002/2792
f 2797/3008/2798 2796/3007/2797 2794/3005/2795 2795/3006/2796
f 2799/3010/2800 2798/3009/2799 2797/3008/2798 2795/3006/2796
f 339/242/222 340/243/223 2799/3010/2800 2795/3006/2796
f 2801/3012/2802 2800/3011/2801 2798/3009/2799 2799/3010/2800
f 340/243/223 343/246/226 2801/3012/2802 2799/3010/2800
f 2803/3014/2804 2802/3013/2803 2800/3011/2801 2801/3012/2802
f 343/246/226 2804/3015/2805 2803/3014/2804 2801/3012/2802
f 349/253/233 344/248/228 2803/3014/2804 2804/3015/2805
f 2806/3017/2807 2805/3016/2806 349/253/233 2804/3015/2805
f 343/246/226 341/244/224 2806/3017/2807 2804/3015/2805
f 341/244/224 342/245/225 1597/1689/1596 2806/3017/2807
f 1597/1689/1596 1598/1690/1597 2805/3016/2806 2806/3017/2807
f 2807/3018/2808 348/252/232 349/253/233 2805/3016/2806
f 1598/1690/1597 1599/1691/1598 2807/3018/2808 2805/3016/2806
f 2808/3019/2809 347/251/231 348/252/232 2807/3018/2808
f 1599/1691/1598 1601/1693/1600 2808/3019/2809 2807/3018/2808
f 1608/1700/1607 1610/1702/1609 347/251/231 2808/3019/2809
f 1601/1693/1600 1603/1695/1602 1608/1700/1607 2808/3019/2809
f 344/248/228 345/249/229 2802/3013/2803 2803/3014/2804
f 345/249/229 2810/3021/2811 2809/3020/2810 2802/3013/2803
f 2809/3020/2810 2811/3022/2812 2800/3011/2801 2802/3013/2803
f 2809/3020/2810 2813/3024/2814 2812/3023/2813 2811/3022/2812
f 2814/3025/2815 2798/3009/2799 2800/3011/2801 2811/3022/2812
f 2812/3023/2813 2815/3026/2816 2814/3025/2815 2811/3022/2812
f 2812/3023/2813 2817/3028/2818 2816/3027/2817 2815/3026/2816
f 324/225/205 325/226/206 2814/3025/2815 2815/3026/2816
f 2816/3027/2817 323/224/204 324/225/205 2815/3026/2816
f 1619/1711/1618 1620/1712/1619 1624/1716/1623 2817/3028/2818
f 2812/3023/2813 2813/3024/2814 1619/1711/1618 2817/3028/2818
f 1624/1716/1623 2818/3029/2819 2816/3027/2817 2817/3028/2818
f 1624/1716/1623 1625/1717/1624 1629/1721/1628 2818/3029/2819
f 2819/3030/2820 323/224/204 2816/3027/2817 2818/3029/2819
f 1629/1721/1628 2820/3031/2821 2819/3030/2820 2818/3029/2819
f 1629/1721/1628 1630/1722/1629 1634/1726/1633 2820/3031/2821
f 2822/3033/2823 2821/3032/2822 2819/3030/2820 2820/3031/2821
f 1634/1726/1633 2777/2988/2778 2822/3033/2823 2820/3031/2821
f 2780/2991/2781 2823/3034/2824 2821/3032/2822 2822/3033/2823
f 2777/2988/2778 2778/2989/2779 2780/2991/2781 2822/3033/2823
f 327/228/208 322/223/203 2821/3032/2822 2823/3034/2824
f 2825/3036/2826 2824/3035/2825 327/228/208 2823/3034/2824
f 2780/2991/2781 2781/2992/2782 2825/3036/2826 2823/3034/2824
f 2786/2997/2787 2793/3004/2794 2824/3035/2825 2825/3036/2826
f 2781/2992/2782 2782/2993/2783 2786/2997/2787 2825/3036/2826
f 2796/3007/2797 326/227/207 327/228/208 2824/3035/2825
f 2793/3004/2794 2794/3005/2795 2796/3007/2797 2824/3035/2825
f 322/223/203 323/224/204 2819/3030/2820 2821/3032/2822
f 325/226/206 2797/3008/2798 2798/3009/2799 2814/3025/2815
f 1615/1707/1614 1616/1708/1615 1619/1711/1618 2813/3024/2814
f 2809/3020/2810 2810/3021/2811 1615/1707/1614 2813/3024/2814
f 1612/1704/1611 1613/1705/1612 1615/1707/1614 2810/3021/2811
f 345/249/229 346/250/230 1612/1704/1611 2810/3021/2811
f 325/226/206 326/227/207 2796/3007/2797 2797/3008/2798
f 2786/2997/2787 2787/2998/2788 2789/3000/2790 2793/3004/2794
f 1634/1726/1633 1635/1727/1634 1638/1730/1637 2777/2988/2778
f 316/213/196 313/209/192 956/979/933 1637/1729/1636
f 315/212/195 316/213/196 1632/1724/1631 1633/1725/1632
f 1618/1710/1617 399/310/290 400/311/291 1623/1715/1622
f 346/250/230 347/251/231 1610/1702/1609 1612/1704/1611
f 342/245/225 1594/1686/1593 1595/1687/1594 1597/1689/1596
f 337/239/219 333/235/215 1582/1674/1581 1583/1675/1582
f 333/235/215 334/236/216 1578/1670/1577 1582/1674/1581
f 2828/3039/2829 2827/3038/2828 2826/3037/2827 1546/1627/1545
f 567/516/483 565/514/481 2828/3039/2829 1546/1627/1545
f 2826/3037/2827 1541/1622/1540 1543/1624/1542 1546/1627/1545
f 588/3041/507 589/3040/508 2827/3038/2828 2828/3039/2829
f 565/514/481 566/515/482 588/3041/507 2828/3039/2829
f 589/3040/508 2830/3043/2831 2829/3042/2830 2827/3038/2828
f 2829/3042/2830 2831/3044/2832 2826/3037/2827 2827/3038/2828
f 2829/3042/2830 2833/3046/2834 2832/3045/2833 2831/3044/2832
f 1539/1620/1538 1541/1622/1540 2826/3037/2827 2831/3044/2832
f 2832/3045/2833 1538/1619/1537 1539/1620/1538 2831/3044/2832
f 2836/3049/2837 2835/3048/2836 2834/3047/2835 2833/3046/2834
f 2829/3042/2830 2830/3043/2831 2836/3049/2837 2833/3046/2834
f 2834/3047/2835 2837/3050/2838 2832/3045/2833 2833/3046/2834
f 2834/3047/2835 599/553/519 600/554/520 2837/3050/2838
f 1537/1618/1536 1538/1619/1537 2832/3045/2833 2837/3050/2838
f 600/554/520 601/555/521 1537/1618/1536 2837/3050/2838
f 2839/3052/2840 2838/3051/2839 2835/3048/2836 2836/3049/2837
f 2830/3043/2831 2840/3053/2841 2839/3052/2840 2836/3049/2837
f 2830/3055/2831 589/541/508 590/542/509 2840/3054/2841
f 2842/3057/2843 2841/3056/2842 2839/3052/2840 2840/3053/2841
f 590/542/509 592/545/511 2842/3058/2843 2840/3054/2841
f 2844/3060/2845 2843/3059/2844 2841/3056/2842 2842/3057/2843
f 592/545/511 2845/3062/2846 2844/3061/2845 2842/3058/2843
f 592/545/511 593/546/512 2846/3063/2847 2845/3062/2846
f 2848/3065/2849 2847/3064/2848 2844/3061/2845 2845/3062/2846
f 2846/3063/2847 2849/3066/2850 2848/3065/2849 2845/3062/2846
f 2846/3063/2847 2851/3068/2852 2850/3067/2851 2849/3066/2850
f 2853/3070/2854 2852/3069/2853 2848/3065/2849 2849/3066/2850
f 2850/3067/2851 2854/3071/2855 2853/3070/2854 2849/3066/2850
f 2850/3067/2851 2856/3073/2857 2855/3072/2856 2854/3071/2855
f 2858/3075/2859 2857/3074/2858 2853/3070/2854 2854/3071/2855
f 2855/3072/2856 2859/3076/2860 2858/3075/2859 2854/3071/2855
f 2855/3072/2856 2861/3078/2862 2860/3077/2861 2859/3076/2860
f 2863/3080/2864 2862/3079/2863 2858/3075/2859 2859/3076/2860
f 2860/3077/2861 2864/3081/2865 2863/3080/2864 2859/3076/2860
f 2860/3077/2861 2866/3083/2867 2865/3082/2866 2864/3081/2865
f 1075/1115/1067 1080/1120/1072 2863/3080/2864 2864/3081/2865
f 2865/3082/2866 1074/1114/1066 1075/1115/1067 2864/3081/2865
f 2867/3084/2868 1384/1454/1383 1385/1455/1384 2866/3083/2867
f 2860/3077/2861 2861/3078/2862 2867/3084/2868 2866/3083/2867
f 1385/1455/1384 1386/1456/1385 2865/3082/2866 2866/3083/2867
f 2869/3086/2870 2868/3085/2869 1384/1454/1383 2867/3084/2868
f 2861/3078/2862 2870/3087/2871 2869/3086/2870 2867/3084/2868
f 2872/3089/2873 2871/3088/2872 2869/3086/2870 2870/3087/2871
f 2856/3073/2857 2873/3090/2874 2872/3089/2873 2870/3087/2871
f 2861/3078/2862 2855/3072/2856 2856/3073/2857 2870/3087/2871
f 2875/3092/2876 2874/3091/2875 2872/3089/2873 2873/3090/2874
f 2851/3068/2852 2876/3093/2877 2875/3092/2876 2873/3090/2874
f 2856/3073/2857 2850/3067/2851 2851/3068/2852 2873/3090/2874
f 594/547/513 2877/3094/2878 2875/3092/2876 2876/3093/2877
f 593/546/512 62/539/506 594/547/513 2876/3093/2877
f 2851/3068/2852 2846/3063/2847 593/546/512 2876/3093/2877
f 1351/1421/1350 1352/1422/1351 1356/1426/1355 2877/3094/2878
f 594/547/513 595/548/514 1351/1421/1350 2877/3094/2878
f 1356/1426/1355 2874/3091/2875 2875/3092/2876 2877/3094/2878
f 1356/1426/1355 1357/1427/1356 1360/1430/1359 2874/3091/2875
f 1360/1430/1359 2871/3088/2872 2872/3089/2873 2874/3091/2875
f 1360/1430/1359 1361/1431/1360 1365/1435/1364 2871/3088/2872
f 1365/1435/1364 2868/3085/2869 2869/3086/2870 2871/3088/2872
f 1365/1435/1364 1366/1436/1365 1370/1440/1369 2868/3085/2869
f 1370/1440/1369 1382/1452/1381 1384/1454/1383 2868/3085/2869
f 1386/1456/1385 1388/1458/1387 1074/1114/1066 2865/3082/2866
f 1080/1120/1072 2878/3095/2879 2862/3079/2863 2863/3080/2864
f 2880/3097/2881 2879/3096/2880 2862/3079/2863 2878/3095/2879
f 2882/3099/2883 2881/3098/2882 2880/3097/2881 2878/3095/2879
f 1080/1120/1072 1081/1121/1073 2882/3099/2883 2878/3095/2879
f 2884/3101/2885 2883/3100/2884 2881/3098/2882 2882/3099/2883
f 1081/1121/1073 1082/1122/1074 2884/3101/2885 2882/3099/2883
f 2886/3103/2887 2885/3102/2886 2883/3100/2884 2884/3101/2885
f 1082/1122/1074 2887/3104/2888 2886/3103/2887 2884/3101/2885
f 1082/1122/1074 1076/1116/1068 2888/3105/2889 2887/3104/2888
f 2890/3107/2891 2889/3106/2890 2886/3103/2887 2887/3104/2888
f 2888/3105/2889 1410/1480/1409 2890/3107/2891 2887/3104/2888
f 1413/1484/1412 2891/3108/2892 2889/3106/2890 2890/3107/2891
f 1410/1480/1409 1411/1481/1410 1413/1484/1412 2890/3107/2891
f 2893/3110/2894 2892/3109/2893 2889/3106/2890 2891/3108/2892
f 1416/3112/1415 2894/3111/2895 2893/3110/2894 2891/3108/2892
f 1413/1484/1412 1414/1485/1413 1416/3112/1415 2891/3108/2892
f 769/758/719 770/759/720 2893/3110/2894 2894/3111/2895
f 1423/1496/1422 1424/1497/1423 769/3114/719 2894/3113/2895
f 1416/1489/1415 1417/1490/1416 1423/1496/1422 2894/3113/2895
f 770/759/720 775/766/725 2892/3109/2893 2893/3110/2894
f 2885/3102/2886 2886/3103/2887 2889/3106/2890 2892/3109/2893
f 775/766/725 2895/3115/2896 2885/3102/2886 2892/3109/2893
f 2896/3116/2897 2883/3100/2884 2885/3102/2886 2895/3115/2896
f 789/3118/741 790/3117/742 2896/3116/2897 2895/3115/2896
f 775/766/725 776/767/726 789/3118/741 2895/3115/2896
f 2897/3119/2898 2881/3098/2882 2883/3100/2884 2896/3116/2897
f 790/3117/742 2898/3120/2899 2897/3119/2898 2896/3116/2897
f 2900/3122/2901 2899/3121/2900 2897/3119/2898 2898/3120/2899
f 2902/3126/2903 2901/3125/2902 2900/3124/2901 2898/3123/2899
f 790/784/742 784/778/736 2902/3126/2903 2898/3123/2899
f 2904/3128/2905 2903/3127/2904 2901/3125/2902 2902/3126/2903
f 784/778/736 785/779/737 2904/3128/2905 2902/3126/2903
f 2906/3130/2907 2905/3129/2906 2903/3127/2904 2904/3128/2905
f 785/779/737 2907/3131/2908 2906/3130/2907 2904/3128/2905
f 785/779/737 786/780/738 2908/3132/2909 2907/3131/2908
f 2910/3134/2911 2909/3133/2910 2906/3130/2907 2907/3131/2908
f 2908/3132/2909 2911/3135/2912 2910/3134/2911 2907/3131/2908
f 2908/3132/2909 820/819/777 816/815/773 2911/3135/2912
f 811/809/767 812/810/768 2910/3134/2911 2911/3135/2912
f 816/815/773 817/816/774 811/809/767 2911/3135/2912
f 812/810/768 815/813/771 2909/3133/2910 2910/3134/2911
f 2912/3136/2913 2905/3129/2906 2906/3130/2907 2909/3133/2910
f 815/813/771 2913/3137/2914 2912/3136/2913 2909/3133/2910
f 1064/1102/1054 2914/3138/2915 2912/3136/2913 2913/3137/2914
f 2915/3139/2916 1063/1101/1053 1064/1102/1054 2913/3137/2914
f 815/813/771 813/811/769 2915/3139/2916 2913/3137/2914
f 2916/3140/2917 1062/1100/1052 1063/1101/1053 2915/3139/2916
f 813/811/769 814/812/770 2916/3140/2917 2915/3139/2916
f 2918/3142/2919 2917/3141/2918 1062/1100/1052 2916/3140/2917
f 814/812/770 2919/3143/2920 2918/3142/2919 2916/3140/2917
f 814/812/770 809/807/765 2920/3144/2921 2919/3143/2920
f 1472/1549/1471 1053/1090/1042 2918/3142/2919 2919/3143/2920
f 2920/3144/2921 1470/1547/1469 1472/1549/1471 2919/3143/2920
f 809/807/765 810/808/766 2921/3145/2922 2920/3144/2921
f 2921/3145/2922 1468/1545/1467 1470/1547/1469 2920/3144/2921
f 810/808/766 2923/3147/2924 2922/3146/2923 2921/3145/2922
f 2922/3146/2923 1467/1544/1466 1468/1545/1467 2921/3145/2922
f 2926/3150/2927 2925/3149/2926 2924/3148/2925 2923/3147/2924
f 810/808/766 806/804/762 2926/3150/2927 2923/3147/2924
f 2924/3148/2925 2927/3151/2928 2922/3146/2923 2923/3147/2924
f 2924/3148/2925 2929/3153/2930 2928/3152/2929 2927/3151/2928
f 1466/1543/1465 1467/1544/1466 2922/3146/2923 2927/3151/2928
f 2928/3152/2929 2930/3154/2931 1466/1543/1465 2927/3151/2928
f 2928/3152/2929 744/726/690 745/727/691 2930/3154/2931
f 1463/1540/1462 1464/1541/1463 1466/1543/1465 2930/3154/2931
f 745/727/691 2931/3155/2932 1463/1540/1462 2930/3154/2931
f 2932/3156/2933 1461/1538/1460 1463/1540/1462 2931/3155/2932
f 2934/3158/2935 2933/3157/2934 2932/3156/2933 2931/3155/2932
f 745/727/691 746/728/692 2934/3158/2935 2931/3155/2932
f 2936/3160/2937 2935/3159/2936 2933/3157/2934 2934/3158/2935
f 746/728/692 747/729/693 2936/3160/2937 2934/3158/2935
f 2938/3162/2939 2937/3161/2938 2935/3159/2936 2936/3160/2937
f 747/729/693 2939/3163/2940 2938/3162/2939 2936/3160/2937
f 2941/3165/2942 2940/3164/2941 2938/3162/2939 2939/3163/2940
f 2943/3167/2944 2942/3166/2943 2941/3165/2942 2939/3163/2940
f 747/729/693 748/730/694 2943/3167/2944 2939/3163/2940
f 2945/3169/2946 2944/3168/2945 2942/3166/2943 2943/3167/2944
f 748/730/694 2946/3170/2947 2945/3169/2946 2943/3167/2944
f 2929/3153/2930 2947/3171/2948 2945/3169/2946 2946/3170/2947
f 744/726/690 2928/3152/2929 2929/3153/2930 2946/3170/2947
f 748/730/694 85/725/689 744/726/690 2946/3170/2947
f 803/800/758 2944/3168/2945 2945/3169/2946 2947/3171/2948
f 2925/3149/2926 802/799/757 803/800/758 2947/3171/2948
f 2929/3153/2930 2924/3148/2925 2925/3149/2926 2947/3171/2948
f 2949/3173/2950 2948/3172/2949 2942/3166/2943 2944/3168/2945
f 803/800/758 804/801/759 2949/3173/2950 2944/3168/2945
f 2951/3175/2952 2950/3174/2951 2948/3172/2949 2949/3173/2950
f 804/801/759 805/802/760 2951/3175/2952 2949/3173/2950
f 797/793/751 793/789/747 2950/3174/2951 2951/3175/2952
f 805/802/760 2952/3176/2953 797/793/751 2951/3175/2952
f 2953/3177/2954 796/792/750 797/793/751 2952/3176/2953
f 2955/3179/2956 2954/3178/2955 2953/3177/2954 2952/3176/2953
f 805/802/760 800/797/755 2955/3179/2956 2952/3176/2953
f 807/805/763 808/806/764 2954/3178/2955 2955/3179/2956
f 800/797/755 801/798/756 807/805/763 2955/3179/2956
f 817/816/774 818/817/775 2953/3177/2954 2954/3178/2955
f 808/806/764 811/809/767 817/816/774 2954/3178/2955
f 818/817/775 795/791/749 796/792/750 2953/3177/2954
f 793/789/747 794/790/748 2956/3180/2957 2950/3174/2951
f 2956/3180/2957 2957/3181/2958 2948/3172/2949 2950/3174/2951
f 2956/3180/2957 2959/3183/2960 2958/3182/2959 2957/3181/2958
f 2941/3165/2942 2942/3166/2943 2948/3172/2949 2957/3181/2958
f 2958/3182/2959 2940/3164/2941 2941/3165/2942 2957/3181/2958
f 2961/3185/2962 2960/3184/2961 1104/1147/1099 2959/3183/2960
f 2956/3180/2957 794/790/748 2961/3185/2962 2959/3183/2960
f 1104/1147/1099 1105/1148/1100 2958/3182/2959 2959/3183/2960
f 2963/3187/2964 2962/3186/2963 2960/3184/2961 2961/3185/2962
f 794/790/748 792/788/746 2963/3187/2964 2961/3185/2962
f 782/775/733 774/765/724 2962/3186/2963 2963/3187/2964
f 792/788/746 781/774/732 782/775/733 2963/3187/2964
f 774/765/724 771/761/721 1113/1157/1109 2962/3186/2963
f 1113/1157/1109 1114/1158/1110 2960/3184/2961 2962/3186/2963
f 1114/1158/1110 1103/1146/1098 1104/1147/1099 2960/3184/2961
f 1105/1148/1100 1106/1149/1101 2940/3164/2941 2958/3182/2959
f 1106/1149/1101 2937/3161/2938 2938/3162/2939 2940/3164/2941
f 2965/3189/2966 2964/3188/2965 2935/3159/2936 2937/3161/2938
f 1106/1149/1101 1101/1144/1096 2965/3189/2966 2937/3161/2938
f 2967/3191/2968 2966/3190/2967 2964/3188/2965 2965/3189/2966
f 1101/1144/1096 1102/1145/1097 2967/3191/2968 2965/3189/2966
f 1108/1152/1104 2968/3192/2969 2966/3190/2967 2967/3191/2968
f 1102/1145/1097 1107/1151/1103 1108/1152/1104 2967/3191/2968
f 1445/1522/1444 1446/1523/1445 1450/1527/1449 2968/3192/2969
f 1108/1152/1104 1109/1153/1105 1445/1522/1444 2968/3192/2969
f 1450/1527/1449 2969/3193/2970 2966/3190/2967 2968/3192/2969
f 1450/1527/1449 1451/1528/1450 1455/1532/1454 2969/3193/2970
f 2970/3194/2971 2964/3188/2965 2966/3190/2967 2969/3193/2970
f 1455/1532/1454 2971/3195/2972 2970/3194/2971 2969/3193/2970
f 1455/1532/1454 1456/1533/1455 1459/1536/1458 2971/3195/2972
f 2932/3156/2933 2933/3157/2934 2970/3194/2971 2971/3195/2972
f 1459/1536/1458 1461/1538/1460 2932/3156/2933 2971/3195/2972
f 2933/3157/2934 2935/3159/2936 2964/3188/2965 2970/3194/2971
f 801/798/756 802/799/757 2925/3149/2926 2926/3150/2927
f 806/804/762 807/805/763 801/798/756 2926/3150/2927
f 1053/1090/1042 1049/1086/1038 2917/3141/2918 2918/3142/2919
f 2972/3196/2973 1061/1099/1051 1062/1100/1052 2917/3141/2918
f 1049/1086/1038 1050/1087/1039 2972/3196/2973 2917/3141/2918
f 2973/3197/2974 1060/1098/1050 1061/1099/1051 2972/3196/2973
f 1050/1087/1039 2974/3198/2975 2973/3197/2974 2972/3196/2973
f 2976/3200/2977 2975/3199/2976 2973/3197/2974 2974/3198/2975
f 2978/3202/2979 2977/3201/2978 2976/3200/2977 2974/3198/2975
f 1050/1087/1039 1051/1088/1040 2978/3202/2979 2974/3198/2975
f 2980/3204/2981 2979/3203/2980 2977/3201/2978 2978/3202/2979
f 1051/1088/1040 1054/1091/1043 2980/3204/2981 2978/3202/2979
f 607/562/528 2981/3205/2982 2979/3203/2980 2980/3204/2981
f 1054/1091/1043 606/561/527 607/562/528 2980/3204/2981
f 2983/3207/2984 2982/3206/2983 2979/3203/2980 2981/3205/2982
f 1525/1606/1524 1526/1607/1525 2983/3207/2984 2981/3205/2982
f 607/562/528 602/557/523 1525/1606/1524 2981/3205/2982
f 2985/3209/2986 2984/3208/2985 2982/3206/2983 2983/3207/2984
f 1526/1607/1525 1528/1609/1527 2985/3209/2986 2983/3207/2984
f 2987/3211/2988 2986/3210/2987 2984/3208/2985 2985/3209/2986
f 1528/1609/1527 2988/3212/2989 2987/3211/2988 2985/3209/2986
f 2990/3214/2991 2989/3213/2990 2987/3211/2988 2988/3212/2989
f 1531/1612/1530 2991/3215/2992 2990/3214/2991 2988/3212/2989
f 1528/1609/1527 1529/1610/1528 1531/1612/1530 2988/3212/2989
f 596/550/516 597/551/517 2990/3214/2991 2991/3215/2992
f 1534/1615/1533 601/555/521 596/550/516 2991/3215/2992
f 1531/1612/1530 1532/1613/1531 1534/1615/1533 2991/3215/2992
f 597/551/517 2992/3216/2993 2989/3213/2990 2990/3214/2991
f 2995/3219/2996 2994/3218/2995 2993/3217/2994 2992/3216/2993
f 597/551/517 598/552/518 2995/3219/2996 2992/3216/2993
f 2993/3217/2994 2996/3220/2997 2989/3213/2990 2992/3216/2993
f 2993/3217/2994 619/576/542 2997/3221/2998 2996/3220/2997
f 2986/3210/2987 2987/3211/2988 2989/3213/2990 2996/3220/2997
f 2997/3221/2998 2998/3222/2999 2986/3210/2987 2996/3220/2997
f 2997/3221/2998 3000/3224/3001 2999/3223/3000 2998/3222/2999
f 3001/3225/3002 2984/3208/2985 2986/3210/2987 2998/3222/2999
f 2999/3223/3000 3002/3226/3003 3001/3225/3002 2998/3222/2999
f 2999/3223/3000 3004/3228/3005 3003/3227/3004 3002/3226/3003
f 3006/3230/3007 3005/3229/3006 3001/3225/3002 3002/3226/3003
f 3003/3227/3004 3007/3231/3008 3006/3230/3007 3002/3226/3003
f 3003/3227/3004 615/571/537 3008/3232/3009 3007/3231/3008
f 2975/3199/2976 2976/3200/2977 3006/3230/3007 3007/3231/3008
f 3008/3232/3009 3009/3233/3010 2975/3199/2976 3007/3231/3008
f 3008/3232/3009 3011/3235/3012 3010/3234/3011 3009/3233/3010
f 1060/1098/1050 2973/3197/2974 2975/3199/2976 3009/3233/3010
f 3010/3234/3011 1059/1097/1049 1060/1098/1050 3009/3233/3010
f 616/572/538 617/573/539 3012/3236/3013 3011/3235/3012
f 3008/3232/3009 615/571/537 616/572/538 3011/3235/3012
f 3012/3236/3013 2914/3138/2915 3010/3234/3011 3011/3235/3012
f 617/573/539 2903/3127/2904 2905/3129/2906 3012/3236/3013
f 2905/3129/2906 2912/3136/2913 2914/3138/2915 3012/3236/3013
f 2914/3138/2915 1064/1102/1054 1059/1097/1049 3010/3234/3011
f 2976/3200/2977 2977/3201/2978 3005/3229/3006 3006/3230/3007
f 2982/3206/2983 2984/3208/2985 3001/3225/3002 3005/3229/3006
f 2977/3201/2978 2979/3203/2980 2982/3206/2983 3005/3229/3006
f 3013/3237/3014 609/565/531 610/566/532 3004/3228/3005
f 2999/3223/3000 3000/3224/3001 3013/3237/3014 3004/3228/3005
f 610/566/532 615/571/537 3003/3227/3004 3004/3228/3005
f 623/580/546 3014/3238/3015 609/565/531 3013/3237/3014
f 3000/3224/3001 620/577/543 623/580/546 3013/3237/3014
f 3016/3240/3017 2843/3059/2844 3015/3239/3016 3014/3238/3015
f 623/580/546 621/578/544 3016/3240/3017 3014/3238/3015
f 3015/3239/3016 608/564/530 609/565/531 3014/3238/3015
f 3017/3241/3018 2841/3056/2842 2843/3059/2844 3016/3240/3017
f 621/578/544 622/579/545 3017/3241/3018 3016/3240/3017
f 2838/3051/2839 2839/3052/2840 2841/3056/2842 3017/3241/3018
f 622/579/545 3018/3242/3019 2838/3051/2839 3017/3241/3018
f 3019/3243/3020 2835/3048/2836 2838/3051/2839 3018/3242/3019
f 2994/3218/2995 2995/3219/2996 3019/3243/3020 3018/3242/3019
f 622/579/545 618/575/541 2994/3218/2995 3018/3242/3019
f 599/553/519 2834/3047/2835 2835/3048/2836 3019/3243/3020
f 2995/3219/2996 598/552/518 599/553/519 3019/3243/3020
f 2843/3059/2844 2844/3060/2845 2847/3244/2848 3015/3239/3016
f 2847/3244/2848 612/568/534 608/564/530 3015/3239/3016
f 2997/3221/2998 619/576/542 620/577/543 3000/3224/3001
f 618/575/541 619/576/542 2993/3217/2994 2994/3218/2995
f 786/780/738 787/781/739 820/819/777 2908/3132/2909
f 617/573/539 613/569/535 2901/3125/2902 2903/3127/2904
f 613/569/535 614/570/536 2900/3124/2901 2901/3125/2902
f 614/3246/536 3020/3245/3021 2899/3121/2900 2900/3122/2901
f 3021/3247/3022 2857/3074/2858 2879/3096/2880 3020/3245/3021
f 614/3246/536 611/3248/533 3021/3247/3022 3020/3245/3021
f 2879/3096/2880 2880/3097/2881 2899/3121/2900 3020/3245/3021
f 2852/3069/2853 2853/3070/2854 2857/3074/2858 3021/3247/3022
f 611/3248/533 612/3249/534 2852/3069/2853 3021/3247/3022
f 2880/3097/2881 2881/3098/2882 2897/3119/2898 2899/3121/2900
f 1076/1116/1068 1077/1117/1069 1407/1477/1406 2888/3105/2889
f 1407/1477/1406 1408/1478/1407 1410/1480/1409 2888/3105/2889
f 2857/3074/2858 2858/3075/2859 2862/3079/2863 2879/3096/2880
f 612/3249/534 2847/3064/2848 2848/3065/2849 2852/3069/2853
f 601/555/521 1534/1615/1533 1535/1616/1534 1537/1618/1536
f 1056/1093/1045 1057/1094/1046 1478/1555/1477 1482/1559/1481
f 1057/1094/1046 1058/1095/1047 1475/1552/1474 1478/1555/1477
f 1052/1089/1041 1053/1090/1042 1472/1549/1471 1473/1550/1472
f 1444/1521/1443 735/716/680 736/717/681 1449/1526/1448
f 1109/1153/1105 1112/1156/1108 1442/1519/1441 1445/1522/1444
f 734/715/679 735/716/680 1440/1517/1439 1441/1518/1440
f 768/3250/718 769/3114/719 1424/1497/1423 1426/1499/1425
f 1111/1155/1107 772/762/722 768/763/718 1426/1505/1425
f 1077/1117/1069 1399/1469/1398 1405/1475/1404 1407/1477/1406
f 1077/1117/1069 1078/1118/1070 1397/1467/1396 1399/1469/1398
f 1078/1118/1070 1079/1119/1071 1392/1462/1391 1397/1467/1396
f 1220/1271/1218 1221/1272/1219 676/641/607 1374/1444/1373
f 1368/1438/1367 1369/1439/1368 1220/1271/1218 1374/1444/1373
f 676/641/607 677/642/608 1373/1443/1372 1374/1444/1373
f 1216/1267/1214 1217/1268/1215 1220/1271/1218 1369/1439/1368
f 1363/1433/1362 1364/1434/1363 1216/1267/1214 1369/1439/1368
f 665/628/594 666/629/595 1216/1267/1214 1364/1434/1363
f 1359/1429/1358 664/627/593 665/628/594 1364/1434/1363
f 3022/3251/3023 668/631/597 663/626/592 1355/1425/1354
f 1349/1419/1348 1350/1420/1349 3022/3251/3023 1355/1425/1354
f 663/626/592 664/627/593 1354/1424/1353 1355/1425/1354
f 3023/3252/3024 1213/1264/1211 668/631/597 3022/3251/3023
f 1350/1420/1349 3024/3253/3025 3023/3252/3024 3022/3251/3023
f 3025/3254/3026 1208/1259/1206 3023/3252/3024 3024/3253/3025
f 1345/1415/1344 635/3255/560 3025/3254/3026 3024/3253/3025
f 1350/1420/1349 1344/1414/1343 1345/1415/1344 3024/3253/3025
f 1204/1255/1202 1205/1256/1203 1208/1259/1206 3025/3254/3026
f 635/3255/560 636/3256/561 1204/1255/1202 3025/3254/3026
f 1208/1259/1206 1209/1260/1207 1213/1264/1211 3023/3252/3024
f 595/548/514 1346/1416/1345 1347/1417/1346 1351/1421/1350
f 3026/3257/3027 1341/1411/1340 1342/1412/1341 1346/1416/1345
f 595/548/514 591/543/510 3026/3257/3027 1346/1416/1345
f 563/3259/479 564/3258/480 1341/1411/1340 3026/3257/3027
f 591/543/510 566/544/482 563/3259/479 3026/3257/3027
f 1340/1409/1339 634/1410/559 635/3255/560 1345/1415/1344
f 564/3258/480 1337/1405/1336 1338/1406/1337 1341/1411/1340
f 267/153/138 265/149/136 1333/1399/1332 1335/1401/1334
f 265/149/136 266/150/137 1332/1398/1331 1333/1399/1332
f 1070/1109/1061 1071/1110/1062 1310/1375/1309 1312/1377/1311
f 1071/1110/1062 1072/1111/1063 1309/1374/1308 1310/1375/1309
f 1072/1111/1063 897/907/865 1308/1373/1307 1309/1374/1308
f 922/936/894 925/939/897 1151/1197/1149 1261/1312/1259
f 1096/1138/1090 1097/1139/1091 1247/1298/1245 1249/1300/1247
f 919/932/890 1140/1186/1138 1141/1187/1139 1246/1297/1244
f 1241/1292/1239 916/929/887 919/932/890 1246/1297/1244
f 1141/1187/1139 1143/1189/1141 1245/1296/1243 1246/1297/1244
f 1097/1139/1091 1098/1140/1092 1242/1293/1240 1243/1294/1241
f 685/652/618 686/653/619 1239/1290/1237 1242/1293/1240
f 1098/1140/1092 1099/1141/1093 685/652/618 1242/1293/1240
f 689/656/622 687/654/620 1235/1286/1233 1236/1287/1234
f 1085/1125/1077 1083/1123/1075 1231/1282/1229 1235/1286/1233
f 687/654/620 688/655/621 1085/1125/1077 1235/1286/1233
f 650/610/576 862/867/825 866/872/830 1234/1285/1232
f 1230/1281/1228 647/607/573 650/610/576 1234/1285/1232
f 866/872/830 917/930/888 1233/1284/1231 1234/1285/1232
f 674/638/604 1198/1249/1196 644/604/570 1227/1278/1225
f 1225/1276/1223 671/635/601 674/638/604 1227/1278/1225
f 644/604/570 69/601/567 645/605/571 1227/1278/1225
f 667/630/596 668/631/597 1213/1264/1211 1214/1265/1212
f 1207/1258/1205 669/633/599 670/634/600 1212/1263/1210
f 636/3256/561 639/3260/564 1202/1253/1200 1204/1255/1202
f 639/3260/564 1199/1250/1197 1200/1251/1198 1202/1253/1200
f 847/850/808 848/851/809 1180/1226/1178 1182/1228/1180
f 852/855/813 850/853/811 3027/3261/3028 1177/1223/1175
f 3027/3261/3028 3028/3262/3029 1175/1221/1173 1177/1223/1175
f 3027/3261/3028 1116/1161/1113 1117/1162/1114 3028/3262/3029
f 1172/1218/1170 1173/1219/1171 1175/1221/1173 3028/3262/3029
f 1117/1162/1114 3029/3263/3030 1172/1218/1170 3028/3262/3029
f 1117/1162/1114 1118/1163/1115 3030/3264/3031 3029/3263/3030
f 1165/1211/1163 1167/1213/1165 1172/1218/1170 3029/3263/3030
f 3030/3264/3031 1163/1209/1161 1165/1211/1163 3029/3263/3030
f 1118/1163/1115 855/857/815 856/858/816 3030/3264/3031
f 856/858/816 1162/1208/1160 1163/1209/1161 3030/3264/3031
f 850/853/811 851/854/812 1116/1161/1113 3027/3261/3028
f 856/858/816 853/859/817 1161/1207/1159 1162/1208/1160
f 923/937/895 924/938/896 1148/1194/1146 1149/1195/1147
f 919/932/890 918/931/889 1139/1185/1137 1140/1186/1138
f 1107/1151/1103 1102/1145/1097 1103/1146/1098 1114/1158/1110
f 688/655/621 683/649/615 682/647/613 1085/1125/1077
f 605/560/526 606/561/527 1054/1091/1043 1055/1092/1044
f 352/257/237 353/258/238 529/473/440 1046/1082/1034
f 530/475/442 532/477/444 692/661/627 1045/1081/1033
f 1030/1064/1016 1019/1052/1004 1020/1053/1005 1032/1066/1018
f 875/880/838 520/462/429 521/463/430 992/1021/973
f 979/1007/959 233/109/100 228/104/95 983/1011/963
f 418/332/312 419/333/313 972/999/951 973/1000/952
f 419/333/313 420/334/314 971/998/950 972/999/951
f 165/23/23 166/24/24 952/973/928 953/974/929
f 866/872/830 867/873/831 913/926/884 917/930/888
f 867/873/831 868/874/832 908/920/878 913/926/884
f 868/874/832 869/875/833 907/919/877 908/920/878
f 270/159/142 271/160/143 872/878/836 874/879/837
f 271/160/143 272/161/144 871/2115/1979 872/878/836
f 650/610/576 648/608/574 861/866/824 862/867/825
f 472/398/373 469/395/370 831/832/790 832/833/791
f 469/395/370 470/396/371 830/831/789 831/832/790
f 787/781/739 799/795/753 819/818/776 820/819/777
f 799/795/753 791/787/745 795/791/749 819/818/776
f 787/781/739 788/782/740 798/794/752 799/795/753
f 788/782/740 779/772/730 780/773/731 798/794/752
f 778/771/729 773/764/723 774/765/724 782/775/733
f 777/769/727 773/764/723 778/771/729 779/772/730
f 731/711/673 727/707/669 755/740/703 756/741/704
f 410/322/302 406/318/298 731/711/673 756/741/704
f 3031/3266/3032 552/3265/467 557/739/472 755/740/703
f 727/707/669 728/708/670 3031/3266/3032 755/740/703
f 3032/3270/3033 551/3269/466 552/3268/467 3031/3267/3032
f 728/3272/670 3033/3271/3034 3032/3270/3033 3031/3267/3032
f 3035/3274/3036 3034/3273/3035 3032/3270/3033 3033/3271/3034
f 3037/3276/3038 3036/3275/3037 3035/3274/3036 3033/3271/3034
f 728/3272/670 722/3277/664 3037/3276/3038 3033/3271/3034
f 3039/3279/3040 3038/3278/3039 3036/3275/3037 3037/3276/3038
f 722/3277/664 723/3280/665 3039/3279/3040 3037/3276/3038
f 719/696/659 3040/3281/3041 3038/3278/3039 3039/3279/3040
f 723/3280/665 718/695/658 719/696/659 3039/3279/3040
f 698/667/633 700/669/635 3038/3278/3039 3040/3281/3041
f 3041/3282/3042 697/666/632 698/667/633 3040/3281/3041
f 719/696/659 711/683/649 3041/3282/3042 3040/3281/3041
f 709/679/645 701/671/637 697/666/632 3041/3282/3042
f 711/683/649 712/684/650 709/679/645 3041/3282/3042
f 700/669/635 691/658/624 3036/3275/3037 3038/3278/3039
f 691/658/624 355/659/625 3035/3274/3036 3036/3275/3037
f 355/659/625 354/3283/3043 3034/3273/3035 3035/3274/3036
f 354/3283/3043 28/254/234 350/255/235 3034/3273/3035
f 350/255/235 551/3269/466 3032/3270/3033 3034/3273/3035
f 555/503/470 556/504/471 737/718/682 738/719/683
f 3042/3284/3044 713/685/651 714/686/652 733/713/676
f 716/690/655 717/693/657 3042/3284/3044 733/713/675
f 710/680/646 708/678/644 713/685/651 3042/3284/3044
f 717/693/657 721/700/662 710/680/646 3042/3284/3044
f 406/318/298 407/319/299 730/710/672 731/711/673
f 708/678/644 709/679/645 712/684/650 713/685/651
f 696/665/631 697/666/632 701/671/637 702/672/638
f 695/664/630 690/657/623 691/658/624 700/669/635
f 532/477/444 531/476/443 690/657/623 695/664/630
f 541/487/454 533/479/446 569/519/486 570/520/487
f 350/3285/235 351/1582/236 550/498/465 551/499/466
f 453/372/352 278/167/150 274/163/146 468/1910/369
f 444/362/342 445/363/343 441/358/338 452/370/350
f 392/302/282 373/281/261 376/284/264 397/307/287
f 372/280/260 373/281/261 392/302/282 393/303/283
f 356/261/241 357/262/242 381/290/270 382/291/271
f 359/264/244 303/197/180 304/198/181 362/267/247
f 306/200/183 303/197/180 359/264/244 360/265/245
f 328/230/210 177/42/37 178/43/38 336/238/218
f 354/3283/3043 355/659/625 76/259/239 28/254/234
f 386/295/275 385/2584/2416 387/297/277 34/293/273
f 732/712/3045 83/691/656 715/3286/653 82/689/654
f 858/862/820 854/1324/1271 853/859/817 101/856/814
f 872/878/836 871/2115/1979 873/881/839 105/877/835
f 497/2135/402 500/447/415 499/448/405 496/3287/3046
f 3047/3291/3047 3052/3290/3047 3051/3289/3047 3043/3288/3047
f 3051/3289/3047 3054/3293/3047 3053/3292/3047 3043/3288/3047
f 3053/3292/3047 3055/3294/3047 3047/3291/3047 3043/3288/3047
f 3053/3298/3047 3054/3297/3047 3056/3296/3047 3044/3295/3047
f 3048/3300/3047 3055/3299/3047 3053/3298/3047 3044/3295/3047
f 3056/3296/3047 3057/3301/3047 3048/3300/3047 3044/3295/3047
f 3058/3303/3047 3054/3293/3047 3051/3289/3047 3045/3302/3047
f 3049/3305/3047 3059/3304/3047 3058/3303/3047 3045/3302/3047
f 3051/3289/3047 3052/3290/3047 3049/3305/3047 3045/3302/3047
f 3056/3296/3047 3054/3297/3047 3058/3307/3047 3046/3306/3047
f 3050/3308/3047 3057/3301/3047 3056/3296/3047 3046/3306/3047
f 3058/3307/3047 3059/3309/3047 3050/3308/3047 3046/3306/3047
f 3055/3294/3047 3060/3310/3047 3052/3290/3047 3047/3291/3047
f 3057/3301/3047 3060/3311/3047 3055/3299/3047 3048/3300/3047
f 3052/3290/3047 3060/3310/3047 3059/3304/3047 3049/3305/3047
f 3059/3309/3047 3060/3311/3047 3057/3301/3047 3050/3308/3047
f 3063/3315/3047 3064/3314/3047 3062/3313/3047 3061/3312/3047
f 3062/3313/3047 3070/3317/3047 3069/3316/3047 3061/3312/3047
f 3069/3316/3047 3071/3319/3047 3063/3318/3047 3061/3312/3047
f 3064/3321/3047 3072/3320/3047 3070/3317/3047 3062/3313/3047
f 3071/3319/3047 3072/3323/3047 3064/3322/3047 3063/3318/3047
f 3067/3325/3047 3071/3319/3047 3069/3316/3047 3065/3324/3047
f 3069/3316/3047 3070/3317/3047 3066/3326/3047 3065/3324/3047
f 3066/3326/3047 3068/3328/3047 3067/3327/3047 3065/3324/3047
f 3070/3317/3047 3072/3320/3047 3068/3329/3047 3066/3326/3047
f 3071/3319/3047 3067/3325/3047 3068/3330/3047 3072/3323/3047
f 3075/3334/3047 3076/3333/3047 3074/3332/3047 3073/3331/3047
f 3074/3332/3047 3082/3336/3047 3081/3335/3047 3073/3331/3047
f 3081/3335/3047 3083/3338/3047 3075/3337/3047 3073/3331/3047
f 3076/3340/3047 3084/3339/3047 3082/3336/3047 3074/3332/3047
f 3083/3338/3047 3084/3342/3047 3076/3341/3047 3075/3337/3047
f 3079/3344/3047 3083/3338/3047 3081/3335/3047 3077/3343/3047
f 3081/3335/3047 3082/3336/3047 3078/3345/3047 3077/3343/3047
f 3078/3345/3047 3080/3347/3047 3079/3346/3047 3077/3343/3047
f 3082/3336/3047 3084/3339/3047 3080/3348/3047 3078/3345/3047
f 3083/3338/3047 3079/3344/3047 3080/3349/3047 3084/3342/3047
f 3089/3353/3047 3094/3352/3047 3093/3351/3047 3085/3350/3047
f 3093/3351/3047 3096/3355/3047 3095/3354/3047 3085/3350/3047
f 3095/3354/3047 3097/3356/3047 3089/3353/3047 3085/3350/3047
f 3095/3360/3047 3096/3359/3047 3098/3358/3047 3086/3357/3047
f 3090/3362/3047 3097/3361/3047 3095/3360/3047 3086/3357/3047
f 3098/3358/3047 3099/3363/3047 3090/3362/3047 3086/3357/3047
f 3100/3365/3047 3096/3355/3047 3093/3351/3047 3087/3364/3047
f 3091/3367/3047 3101/3366/3047 3100/3365/3047 3087/3364/3047
f 3093/3351/3047 3094/3352/3047 3091/3367/3047 3087/3364/3047
f 3098/3358/3047 3096/3359/3047 3100/3369/3047 3088/3368/3047
f 3092/3370/3047 3099/3363/3047 3098/3358/3047 3088/3368/3047
f 3100/3369/3047 3101/3371/3047 3092/3370/3047 3088/3368/3047
f 3097/3356/3047 3102/3372/3047 3094/3352/3047 3089/3353/3047
f 3099/3363/3047 3102/3373/3047 3097/3361/3047 3090/3362/3047
f 3094/3352/3047 3102/3372/3047 3101/3366/3047 3091/3367/3047
f 3101/3371/3047 3102/3373/3047 3099/3363/3047 3092/3370/3047

