# WaveFront *.obj file (generated by Cinema 4D)

mtllib ./entityCreatorOne_0038.mtl

v -0.579789 -0.236138 -0.104627
v -0.559317 -0.152191 -0.075196
v -0.567389 -0.241162 -0.117944
v -0.548260 -0.229476 -0.081689
v -0.544475 -0.140517 -0.115357
v -0.514565 -0.210328 -0.120910
v -0.508440 -0.177484 -0.049248
v -0.480554 -0.174578 -0.115874
v -0.352728 -0.137038 -0.102433
v -0.088846 -0.613680 -0.091654
v -0.150086 -0.536977 -0.058911
v -0.055689 -0.387289 -0.113197
v -0.079946 -0.587083 -0.125200
v -0.048097 -0.425808 -0.015475
v -0.254782 -0.221277 -0.097541
v -0.258969 -0.240525 -0.016529
v -0.218053 -0.185888 -0.132117
v -0.203666 -0.187640 -0.128752
v -0.164574 -0.231616 -0.111518
v -0.098928 -0.286535 -0.108953
v -0.114267 -0.137292 -0.034840
v -0.111995 -0.011790 -0.025650
v -0.085629 -0.047661 -0.021509
v -0.449643 0.362523 -0.118574
v -0.401106 0.339209 -0.114529
v -0.482176 0.386483 -0.084298
v -0.475874 0.367231 -0.074184
v -0.387682 0.413150 -0.071593
v -0.362709 0.378334 -0.121636
v -0.278580 0.150004 -0.109055
v -0.248196 0.102643 -0.132760
v -0.290130 0.262875 -0.114130
v -0.237123 0.038407 -0.068631
v -0.246405 0.102990 -0.132140
v -0.184901 0.273952 -0.120364
v -0.201592 0.098570 -0.051401
v -0.093098 0.286053 -0.155922
v -0.093992 0.288318 -0.155578
v -0.132981 0.207903 -0.089980
v -0.107685 0.172893 -0.052773
v -0.063050 0.065783 -0.021859
v -0.010967 0.126086 -0.008458
v -0.236992 0.279081 -0.118130
v -0.209980 0.286257 -0.118478
v -0.082190 0.331710 -0.096508
v -0.465248 -0.024337 0.155944
v -0.456544 -0.040366 0.168318
v -0.437391 -0.062525 0.021706
v -0.428190 -0.072200 0.102255
v -0.330456 -0.163008 0.105093
v -0.218759 -0.401422 0.181562
v -0.207206 -0.412161 0.167276
v -0.209051 -0.418094 0.183617
v -0.194916 -0.375193 0.121808
v -0.148698 -0.392505 0.134377
v -0.098917 -0.539819 -0.053429
v -0.171716 -0.092555 -0.027287
v -0.160618 -0.059725 -0.014180
v -0.225847 -0.297804 0.046290
v -0.223074 -0.176869 0.199357
v -0.155219 -0.082878 -0.007764
v -0.158846 -0.076606 -0.006548
v 0.005772 -0.248613 0.058634
v -0.005355 -0.178788 0.074232
v -0.030012 -0.248355 0.233116
v -0.464707 -0.011976 0.181034
v -0.465122 -0.008251 0.175964
v -0.406124 -0.002244 0.090369
v -0.411586 0.356823 -0.044708
v -0.314293 0.194526 0.072645
v -0.269537 0.125805 0.196170
v -0.191947 0.117357 0.020889
v -0.184246 0.117980 0.037718
v -0.165219 0.099731 0.032425
v -0.167553 0.115392 0.039537
v -0.065839 0.232221 0.237389
v -0.028716 0.266505 0.056178
v -0.080552 0.322644 0.055238
v -0.076506 0.322569 0.086796
v 0.007763 0.182479 0.065776
v 0.003374 0.193954 0.066023
v 0.004696 0.199765 0.066589
v -0.260524 0.344227 0.099494
v -0.243363 0.371400 0.194543
v -0.233420 0.388621 0.144514
v -0.242628 0.407054 0.165467
v -0.243175 0.407452 0.174971
v -0.207758 0.366150 0.125068
v -0.229217 0.395567 0.175399
v -0.233373 0.403314 0.172235
v -0.010099 0.342805 0.112336
v -0.077564 -0.607850 -0.117220
v 0.057920 -0.312441 -0.133335
v 0.072763 -0.340568 -0.075013
v 0.217244 -0.285826 -0.119364
v 0.230172 -0.303967 -0.114545
v 0.018228 -0.238165 -0.074532
v 0.012019 -0.135260 -0.004106
v 0.054753 -0.056043 -0.021902
v 0.075011 -0.274402 -0.133420
v 0.108417 -0.174640 -0.050230
v 0.129945 -0.207266 -0.087044
v 0.168327 -0.251747 -0.117684
v 0.192648 -0.096986 -0.040483
v 0.246531 -0.101386 -0.125471
v 0.247772 -0.051634 -0.071658
v 0.287821 -0.147759 -0.095947
v 0.376189 -0.401424 -0.121971
v 0.391983 -0.416524 -0.076970
v 0.476453 -0.366132 -0.123428
v 0.479103 -0.380041 -0.082853
v 0.471095 -0.355089 -0.076313
v 0.377326 -0.331219 -0.124798
v 0.434631 -0.354048 -0.133415
v 0.081900 0.056468 -0.025727
v 0.105946 0.017072 -0.028507
v 0.119107 0.132038 -0.044703
v 0.120509 0.293876 -0.113452
v 0.148105 0.056317 -0.027550
v 0.211873 0.172036 -0.142668
v 0.212559 0.187616 -0.144435
v 0.208188 0.190500 -0.142451
v 0.164764 0.230552 -0.115073
v 0.180577 0.096204 -0.043958
v 0.251359 0.251711 0.021017
v 0.206279 0.197745 -0.137029
v 0.275991 0.230425 -0.004950
v 0.289033 0.208710 -0.097536
v 0.077790 0.586436 -0.128818
v 0.050765 0.391400 -0.108194
v 0.096317 0.543994 -0.055847
v 0.149229 0.539978 -0.063006
v 0.079873 0.617355 -0.120331
v 0.075418 0.603339 -0.086568
v 0.086024 0.619980 -0.094500
v 0.346956 0.145455 -0.112584
v 0.480664 0.179290 -0.120006
v 0.515566 0.213556 -0.122635
v 0.504348 0.183253 -0.044876
v 0.527887 0.136229 -0.118059
v 0.546809 0.232735 -0.080235
v 0.568955 0.243057 -0.116672
v 0.556656 0.153870 -0.065965
v 0.580510 0.238220 -0.102163
v 0.001512 -0.350876 0.052870
v 0.007432 -0.337317 0.095860
v 0.206489 -0.366066 0.135532
v 0.228660 -0.388389 0.179060
v 0.226213 -0.378049 0.143211
v 0.239317 -0.398732 0.169167
v 0.240590 -0.400027 0.173612
v 0.260713 -0.341088 0.099970
v 0.244769 -0.370038 0.192898
v 0.004461 -0.215669 0.068796
v -0.001534 -0.208261 0.070524
v -0.004028 -0.178773 0.073942
v 0.078527 -0.314966 0.041140
v 0.020529 -0.231620 0.045063
v 0.111826 -0.326081 0.124089
v 0.070787 -0.264403 0.228072
v 0.162204 -0.117997 0.035601
v 0.158360 -0.101414 0.029287
v 0.179311 -0.120103 0.033563
v 0.317747 -0.204398 0.059980
v 0.249747 -0.142372 0.208828
v 0.410877 -0.354390 -0.044292
v 0.416188 0.001381 0.079779
v 0.458819 0.003999 0.186619
v 0.476595 0.018379 0.137329
v 0.467278 0.006752 0.183019
v -0.006769 0.244262 0.052959
v 0.009574 0.179526 0.063343
v 0.230417 0.285079 0.055663
v 0.215019 0.176822 0.194960
v 0.185361 0.058931 -0.031950
v 0.184567 0.086684 -0.037189
v 0.050635 0.432310 -0.009232
v 0.165124 0.404289 0.117832
v 0.189545 0.391040 0.113397
v 0.202336 0.418686 0.173792
v 0.218005 0.408285 0.176855
v 0.334333 0.158114 0.106094
v 0.452191 0.061558 0.010676
v 0.444225 0.066709 0.087122
v 0.476740 0.016532 0.136586
v -0.388318 -0.187615 -0.051128
v -0.092498 -0.589909 -0.072747
v -0.180065 -0.417964 -0.064517
v -0.251601 -0.059988 -0.077288
v -0.185855 -0.111861 -0.063265
v -0.242175 -0.262798 0.010558
v -0.480628 0.358955 -0.101963
v -0.305671 0.137933 -0.047926
v -0.237406 0.129906 -0.124969
v -0.183257 -0.003950 -0.043503
v -0.038565 0.223435 -0.063711
v -0.277551 0.370088 -0.026931
v -0.204364 -0.406225 0.193787
v -0.043207 -0.052692 0.264088
v -0.055732 0.300636 0.187540
v -0.008882 0.232810 0.232587
v -0.041058 0.321366 0.043452
v 0.272263 -0.371527 -0.038817
v 0.198327 -0.004579 -0.049715
v 0.235437 -0.124310 -0.118354
v 0.314471 -0.254656 -0.110505
v 0.302924 -0.142341 -0.057338
v 0.183275 0.109827 -0.063686
v 0.271843 0.054632 -0.078208
v 0.177520 0.421828 -0.062323
v 0.377608 0.198680 -0.058591
v 0.054816 -0.310104 0.175521
v 0.187084 -0.118884 0.015192
v 0.077016 0.067630 0.257131
v -0.578739 -0.237181 -0.109787
v -0.580760 -0.227104 -0.109447
v -0.580856 -0.228273 -0.102448
v -0.576287 -0.229814 -0.095954
v -0.575641 -0.238610 -0.101297
v -0.573754 -0.242210 -0.107424
v -0.560213 -0.147682 -0.081435
v -0.547558 -0.136896 -0.074054
v -0.549229 -0.146890 -0.068133
v -0.563695 -0.163694 -0.077019
v -0.568347 -0.161870 -0.086254
v -0.552152 -0.162018 -0.067564
v -0.559855 -0.240600 -0.117583
v -0.558681 -0.232934 -0.122241
v -0.568675 -0.235150 -0.120477
v -0.570781 -0.242800 -0.113730
v -0.562337 -0.243841 -0.111186
v -0.574942 -0.236679 -0.115709
v -0.544205 -0.233245 -0.086150
v -0.556522 -0.237955 -0.091610
v -0.557495 -0.230640 -0.084831
v -0.540698 -0.219771 -0.075230
v -0.530448 -0.223483 -0.078642
v -0.553510 -0.218494 -0.077705
v -0.547172 -0.151140 -0.119462
v -0.531589 -0.145595 -0.119698
v -0.532631 -0.133717 -0.113447
v -0.549875 -0.139800 -0.109929
v -0.557502 -0.153654 -0.114429
v -0.536627 -0.128139 -0.104983
v -0.513010 -0.216626 -0.115652
v -0.493570 -0.204481 -0.111363
v -0.502699 -0.197711 -0.119562
v -0.520770 -0.198378 -0.124971
v -0.527554 -0.213654 -0.124085
v -0.529673 -0.224106 -0.119350
v -0.527666 -0.202734 -0.064931
v -0.545990 -0.200947 -0.069430
v -0.537171 -0.179543 -0.060825
v -0.533820 -0.157705 -0.056410
v -0.509351 -0.150994 -0.042273
v -0.489669 -0.191602 -0.053839
v -0.512655 -0.208867 -0.068115
v -0.482262 -0.139089 -0.022859
v -0.474953 -0.160964 -0.027363
v -0.460494 -0.177400 -0.035595
v -0.511994 -0.178170 -0.123679
v -0.480365 -0.148655 -0.115781
v -0.509302 -0.156531 -0.121445
v -0.467622 -0.188871 -0.105900
v -0.432462 -0.175847 -0.099459
v -0.439665 -0.158303 -0.108217
v -0.446152 -0.136256 -0.109278
v -0.399023 -0.146400 -0.103537
v -0.393826 -0.167379 -0.095045
v -0.353506 -0.165075 -0.095100
v -0.375097 -0.109354 -0.099293
v -0.410733 -0.123279 -0.103579
v -0.312154 -0.151917 -0.106658
v -0.297221 -0.132234 -0.108260
v -0.323928 -0.113430 -0.102157
v -0.346049 -0.091129 -0.095018
v -0.317066 -0.172898 -0.098696
v -0.095319 -0.611342 -0.090551
v -0.095188 -0.606326 -0.083466
v -0.086947 -0.609673 -0.087337
v -0.085470 -0.614536 -0.097258
v -0.093339 -0.612767 -0.098645
v -0.081381 -0.609771 -0.093699
v -0.153197 -0.536078 -0.065905
v -0.158559 -0.514820 -0.058743
v -0.151112 -0.523059 -0.051735
v -0.141875 -0.548410 -0.060125
v -0.144138 -0.554174 -0.069989
v -0.139733 -0.534040 -0.050473
v -0.089797 -0.395611 -0.118263
v -0.092707 -0.433831 -0.117960
v -0.069562 -0.430341 -0.110618
v -0.052968 -0.432711 -0.096506
v -0.035412 -0.398847 -0.097838
v -0.060128 -0.351330 -0.119115
v -0.092080 -0.359192 -0.119088
v -0.010327 -0.371995 -0.101175
v -0.022474 -0.359746 -0.114775
v -0.029117 -0.338140 -0.121466
v -0.083305 -0.592061 -0.125045
v -0.078094 -0.598834 -0.121946
v -0.075515 -0.589695 -0.121679
v -0.082367 -0.575713 -0.125195
v -0.089850 -0.579229 -0.126242
v -0.076367 -0.575256 -0.120518
v -0.078111 -0.437400 0.003618
v -0.072601 -0.412058 0.034131
v -0.040903 -0.397549 0.023934
v -0.008667 -0.375385 0.015252
v -0.014693 -0.393661 -0.019735
v -0.067301 -0.466299 -0.035779
v -0.087216 -0.469098 -0.019090
v -0.041274 -0.432366 -0.050675
v -0.057780 -0.466999 -0.058614
v -0.017164 -0.401692 -0.051312
v -0.259605 -0.196915 -0.110866
v -0.286078 -0.184586 -0.104297
v -0.285842 -0.202504 -0.090742
v -0.262007 -0.230922 -0.076877
v -0.243626 -0.252801 -0.075702
v -0.234797 -0.250391 -0.092569
v -0.219426 -0.250550 -0.105627
v -0.231893 -0.225271 -0.111295
v -0.238441 -0.203986 -0.119071
v -0.285937 -0.214246 -0.072737
v -0.260783 -0.239835 -0.026619
v -0.272092 -0.230137 -0.020522
v -0.265043 -0.235328 -0.008452
v -0.256651 -0.243242 -0.000344
v -0.252326 -0.248072 -0.012969
v -0.250842 -0.250764 -0.026121
v -0.225473 -0.181494 -0.130196
v -0.225788 -0.192146 -0.128909
v -0.215510 -0.193578 -0.130850
v -0.213363 -0.182839 -0.130943
v -0.220225 -0.174467 -0.128899
v -0.208178 -0.190988 -0.130722
v -0.200286 -0.200303 -0.126788
v -0.195900 -0.191858 -0.124772
v -0.206368 -0.180254 -0.127715
v -0.196724 -0.181045 -0.121466
v -0.186843 -0.213071 -0.120397
v -0.199058 -0.221806 -0.121641
v -0.184772 -0.243270 -0.116053
v -0.164572 -0.206892 -0.106843
v -0.182912 -0.198927 -0.117024
v -0.136352 -0.231362 -0.099103
v -0.143468 -0.209487 -0.093884
v -0.148304 -0.263745 -0.111180
v -0.121457 -0.256983 -0.103045
v -0.171547 -0.271123 -0.113230
v -0.133911 -0.295525 -0.113079
v -0.126065 -0.330144 -0.116118
v -0.095430 -0.324118 -0.116642
v -0.062643 -0.320847 -0.118465
v -0.061688 -0.292906 -0.111935
v -0.079835 -0.263416 -0.095380
v -0.100245 -0.246429 -0.090013
v -0.052837 -0.271415 -0.100241
v -0.114979 -0.158611 -0.043495
v -0.095397 -0.163971 -0.029074
v -0.090831 -0.147873 -0.022953
v -0.080147 -0.133630 -0.017248
v -0.098240 -0.121871 -0.024296
v -0.138925 -0.138257 -0.050009
v -0.135769 -0.156635 -0.058449
v -0.127988 -0.118928 -0.032544
v -0.145660 -0.121858 -0.042452
v -0.113970 -0.109061 -0.025134
v -0.131087 -0.036192 -0.023085
v -0.116226 -0.054387 -0.019805
v -0.149294 -0.006048 -0.032619
v -0.152953 -0.029026 -0.028219
v -0.120179 0.023482 -0.026581
v -0.148966 0.020561 -0.032668
v -0.052024 -0.024271 -0.022531
v -0.073988 0.007947 -0.023943
v -0.091362 0.038924 -0.023486
v -0.114796 -0.073053 -0.018483
v -0.093482 -0.076727 -0.019890
v -0.071316 -0.090447 -0.018107
v -0.054983 -0.071055 -0.018925
v -0.029100 -0.052828 -0.020460
v -0.452015 0.355444 -0.114879
v -0.432140 0.348504 -0.114669
v -0.435976 0.362285 -0.119835
v -0.457110 0.369799 -0.117821
v -0.464844 0.362974 -0.113674
v -0.443123 0.374377 -0.119678
v -0.409446 0.323570 -0.101901
v -0.382407 0.302052 -0.096444
v -0.369583 0.312578 -0.109143
v -0.351523 0.325087 -0.116955
v -0.376322 0.348189 -0.120182
v -0.435392 0.337722 -0.105499
v -0.483807 0.385237 -0.089581
v -0.475298 0.392451 -0.090384
v -0.474117 0.390988 -0.082250
v -0.482071 0.381202 -0.080610
v -0.486486 0.377852 -0.086928
v -0.472081 0.384941 -0.076013
v -0.479771 0.373783 -0.076994
v -0.468409 0.375695 -0.070741
v -0.464968 0.365340 -0.068805
v -0.477458 0.362445 -0.078466
v -0.484181 0.369912 -0.082732
v -0.464122 0.355831 -0.071863
v -0.383801 0.414020 -0.078781
v -0.364769 0.408419 -0.071788
v -0.376187 0.407624 -0.063951
v -0.392971 0.404657 -0.061531
v -0.401609 0.412071 -0.072120
v -0.402847 0.414686 -0.082693
v -0.374660 0.374112 -0.122832
v -0.358953 0.358917 -0.121993
v -0.348045 0.369566 -0.120220
v -0.345107 0.381170 -0.115063
v -0.365107 0.387513 -0.117978
v -0.383808 0.387345 -0.120219
v -0.256512 0.135460 -0.138313
v -0.254018 0.139285 -0.137798
v -0.257402 0.142196 -0.137154
v -0.259661 0.138255 -0.136252
v -0.267040 0.136891 -0.125317
v -0.263634 0.146429 -0.130532
v -0.269086 0.161906 -0.122229
v -0.292839 0.146063 -0.082081
v -0.281717 0.118022 -0.088496
v -0.272761 0.123544 -0.108565
v -0.264831 0.122371 -0.123194
v -0.274964 0.188053 -0.116525
v -0.290142 0.183483 -0.102511
v -0.304605 0.180683 -0.080179
v -0.248436 0.100640 -0.128998
v -0.244934 0.100930 -0.127931
v -0.249427 0.106138 -0.133523
v -0.252112 0.104178 -0.130027
v -0.246041 0.106644 -0.132459
v -0.317377 0.252570 -0.102180
v -0.301889 0.217455 -0.100859
v -0.281133 0.220492 -0.113983
v -0.257548 0.214913 -0.120551
v -0.252709 0.246766 -0.119167
v -0.323027 0.297915 -0.114362
v -0.342078 0.284703 -0.104948
v -0.275972 0.296132 -0.116736
v -0.308573 0.318891 -0.117400
v -0.262735 0.050889 -0.070501
v -0.271892 0.028635 -0.064589
v -0.249711 0.012433 -0.066041
v -0.211547 0.015750 -0.056773
v -0.199012 0.034951 -0.053140
v -0.217681 0.050433 -0.065611
v -0.226565 -0.006334 -0.060344
v -0.243007 0.063687 -0.082217
v -0.260152 0.070874 -0.082212
v -0.228395 0.066917 -0.079295
v -0.241971 0.105555 -0.126778
v -0.209427 0.254341 -0.119448
v -0.189807 0.233444 -0.115527
v -0.167887 0.249680 -0.118060
v -0.145491 0.261161 -0.124030
v -0.155096 0.279040 -0.125803
v -0.156552 0.297080 -0.121873
v -0.182270 0.298385 -0.116983
v -0.208919 0.304850 -0.114059
v -0.208968 0.085295 -0.064902
v -0.198364 0.073695 -0.050577
v -0.192988 0.084171 -0.037812
v -0.211137 0.107831 -0.075227
v -0.217827 0.095533 -0.082698
v -0.199542 0.115387 -0.050068
v -0.205293 0.122135 -0.070806
v -0.188961 0.090713 -0.021386
v -0.194829 0.101178 -0.027979
v -0.195345 0.113040 -0.029672
v -0.096274 0.284113 -0.153354
v -0.089793 0.281013 -0.151704
v -0.087985 0.286099 -0.154308
v -0.098104 0.288368 -0.153268
v -0.089707 0.290288 -0.154133
v -0.094946 0.293500 -0.150577
v -0.162416 0.195854 -0.090901
v -0.159333 0.176740 -0.072318
v -0.135905 0.180217 -0.065847
v -0.101167 0.201811 -0.075367
v -0.151729 0.229585 -0.108436
v -0.174258 0.214441 -0.106279
v -0.113672 0.231583 -0.105744
v -0.131643 0.245059 -0.117415
v -0.090004 0.224502 -0.093719
v -0.143714 0.162050 -0.047362
v -0.126301 0.155415 -0.038088
v -0.115414 0.140786 -0.027949
v -0.097047 0.148879 -0.035414
v -0.074650 0.154309 -0.034207
v -0.078123 0.177620 -0.047081
v -0.073999 0.201045 -0.063544
v -0.041054 0.028961 -0.023021
v -0.007666 0.046731 -0.022020
v -0.026048 0.079402 -0.019609
v -0.037283 0.111471 -0.017908
v -0.064553 0.102713 -0.021987
v -0.092927 0.078872 -0.019792
v -0.108656 0.059142 -0.020753
v -0.088857 0.103521 -0.021206
v 0.003818 0.093990 -0.015637
v 0.029432 0.106118 -0.012918
v 0.015273 0.128461 -0.003260
v 0.009542 0.146195 0.009466
v -0.006941 0.149014 0.005897
v -0.029322 0.148020 -0.010732
v -0.047559 0.137488 -0.020667
v -0.020000 0.160994 0.002422
v -0.237296 0.309855 -0.113316
v -0.269294 0.322624 -0.113332
v -0.100705 0.318659 -0.116080
v -0.084256 0.313065 -0.129117
v -0.065388 0.323278 -0.118252
v -0.115229 0.331753 -0.086470
v -0.124134 0.321519 -0.106352
v -0.039478 0.334171 -0.111934
v -0.048409 0.343518 -0.091546
v -0.080850 0.340963 -0.065393
v -0.110393 0.338603 -0.060819
v -0.051684 0.349891 -0.065585
v -0.460323 -0.028061 0.145573
v -0.461732 -0.022187 0.149182
v -0.461306 -0.031364 0.149933
v -0.465886 -0.027590 0.162278
v -0.460927 -0.035307 0.156434
v -0.462137 -0.015832 0.154978
v -0.466992 -0.017910 0.161756
v -0.468194 -0.021149 0.167613
v -0.459183 -0.038390 0.163318
v -0.463642 -0.031509 0.168081
v -0.458174 -0.035989 0.172770
v -0.447659 -0.042937 0.175442
v -0.448132 -0.047091 0.168003
v -0.449983 -0.047545 0.159118
v -0.460614 -0.085069 -0.010495
v -0.456836 -0.074736 -0.030335
v -0.432987 -0.054843 -0.011136
v -0.410775 -0.031340 0.002346
v -0.417369 -0.031112 0.036429
v -0.422476 -0.028218 0.073937
v -0.432000 -0.054463 0.064807
v -0.431022 -0.081275 0.064067
v -0.441927 -0.090889 0.028596
v -0.461743 -0.104771 -0.001116
v -0.420822 -0.077275 0.128728
v -0.397412 -0.101927 0.120753
v -0.408105 -0.103687 0.091534
v -0.442366 -0.051969 0.126655
v -0.438720 -0.058478 0.140162
v -0.435142 -0.047761 0.098426
v -0.444929 -0.038814 0.122021
v -0.419817 -0.109013 0.059150
v -0.358912 -0.158672 0.068740
v -0.384816 -0.131730 0.081825
v -0.368305 -0.129396 0.113918
v -0.358867 -0.119982 0.145179
v -0.322307 -0.145759 0.146407
v -0.283070 -0.171790 0.155404
v -0.289220 -0.190559 0.121070
v -0.312905 -0.190073 0.072270
v -0.337902 -0.181022 0.047393
v -0.285032 -0.208428 0.089051
v -0.216562 -0.392703 0.180045
v -0.213788 -0.392999 0.186299
v -0.217500 -0.403375 0.185571
v -0.218959 -0.404676 0.178189
v -0.216694 -0.395217 0.173048
v -0.218453 -0.409830 0.182774
v -0.212432 -0.410936 0.169662
v -0.212634 -0.415728 0.175397
v -0.205532 -0.414566 0.171575
v -0.194084 -0.409576 0.164720
v -0.200681 -0.406864 0.160229
v -0.208042 -0.403140 0.160790
v -0.211248 -0.417855 0.180411
v -0.214786 -0.416541 0.183608
v -0.210620 -0.416435 0.186726
v -0.202163 -0.415388 0.182912
v -0.203284 -0.415973 0.177159
v -0.202674 -0.413398 0.187769
v -0.201351 -0.391199 0.146584
v -0.188962 -0.398398 0.146463
v -0.174601 -0.389874 0.124900
v -0.163317 -0.390634 0.095226
v -0.183773 -0.376943 0.088341
v -0.207081 -0.366149 0.142405
v -0.209722 -0.385041 0.155684
v -0.205273 -0.348564 0.106024
v -0.210376 -0.341792 0.131079
v -0.198502 -0.355331 0.076341
v -0.176462 -0.401403 0.153506
v -0.170910 -0.401079 0.166555
v -0.144383 -0.389386 0.159575
v -0.137289 -0.394956 0.100660
v -0.109053 -0.382371 0.131664
v -0.104494 -0.390076 0.100923
v -0.110928 -0.375419 0.157671
v -0.109776 -0.562080 -0.059796
v -0.125049 -0.547342 -0.053338
v -0.119293 -0.525125 -0.042669
v -0.094441 -0.502459 -0.037220
v -0.077221 -0.501762 -0.050757
v -0.081672 -0.534852 -0.063514
v -0.114596 -0.496668 -0.027548
v -0.173869 -0.087388 -0.025076
v -0.179491 -0.087619 -0.033251
v -0.174006 -0.095530 -0.034041
v -0.166267 -0.093969 -0.024028
v -0.168028 -0.088279 -0.019476
v -0.165401 -0.099790 -0.031052
v -0.165352 -0.062052 -0.014934
v -0.161649 -0.066831 -0.010920
v -0.156561 -0.063160 -0.011787
v -0.151073 -0.057980 -0.014758
v -0.159195 -0.054293 -0.017526
v -0.167828 -0.055428 -0.020322
v -0.217153 -0.317003 0.019236
v -0.225793 -0.296829 0.001383
v -0.232556 -0.282304 0.018313
v -0.211559 -0.329034 0.062824
v -0.205479 -0.342213 0.034620
v -0.241381 -0.265989 0.024684
v -0.240812 -0.268747 0.048282
v -0.227652 -0.292238 0.083250
v -0.215517 -0.321239 0.093670
v -0.241956 -0.264907 0.077883
v -0.201577 -0.227176 0.194372
v -0.224150 -0.237383 0.167272
v -0.247147 -0.201391 0.164473
v -0.273352 -0.148486 0.185996
v -0.270916 -0.116399 0.207988
v -0.223533 -0.127458 0.221165
v -0.170061 -0.178020 0.224283
v -0.166091 -0.225261 0.215192
v -0.171871 -0.128509 0.237064
v -0.158504 -0.083531 -0.008875
v -0.156121 -0.087548 -0.011887
v -0.151770 -0.084839 -0.009845
v -0.154932 -0.079698 -0.006840
v -0.159093 -0.079731 -0.007081
v -0.149877 -0.080283 -0.008622
v -0.155577 -0.075594 -0.006756
v -0.157922 -0.071295 -0.008149
v -0.161688 -0.074412 -0.008096
v -0.163246 -0.078520 -0.009274
v -0.006826 -0.239442 0.045553
v -0.001576 -0.246484 0.041734
v 0.008105 -0.256369 0.053094
v 0.016922 -0.270196 0.061284
v 0.018134 -0.266211 0.066492
v 0.023166 -0.264287 0.070591
v 0.013329 -0.248296 0.066381
v -0.003095 -0.232396 0.058812
v -0.013366 -0.228744 0.048001
v 0.004957 -0.232893 0.065501
v -0.005309 -0.181158 0.074453
v -0.002994 -0.181131 0.073873
v -0.004389 -0.177628 0.070793
v -0.006772 -0.177755 0.071370
v -0.008578 -0.180308 0.071635
v -0.074044 -0.290029 0.219398
v -0.105116 -0.277300 0.223065
v -0.081681 -0.234553 0.234474
v -0.013377 -0.284168 0.215422
v -0.055311 -0.309662 0.206345
v -0.066940 -0.183334 0.246974
v -0.012327 -0.192614 0.249740
v 0.029803 -0.239115 0.238631
v 0.032271 -0.270133 0.222628
v 0.040686 -0.198603 0.251614
v -0.465876 -0.014713 0.179906
v -0.467945 -0.011863 0.176342
v -0.465533 -0.009710 0.178799
v -0.458974 -0.013019 0.182985
v -0.459203 -0.017896 0.183303
v -0.459296 -0.009398 0.179984
v -0.466509 -0.009489 0.172616
v -0.460758 -0.007792 0.169118
v -0.459761 -0.007311 0.175215
v -0.397668 -0.004995 0.047403
v -0.426141 -0.010700 0.116266
v -0.432624 -0.027485 0.103635
v -0.376630 0.019220 0.051134
v -0.380725 0.022432 0.087675
v -0.401797 0.007951 0.125152
v -0.421955 -0.001596 0.136298
v -0.379368 0.024958 0.121331
v -0.417963 0.336982 -0.050472
v -0.444032 0.348013 -0.062975
v -0.443966 0.362044 -0.059355
v -0.450027 0.377154 -0.063750
v -0.425505 0.379348 -0.055388
v -0.381273 0.335745 -0.025090
v -0.391852 0.319478 -0.035502
v -0.383865 0.368319 -0.035526
v -0.361349 0.349878 -0.017140
v -0.401083 0.386108 -0.050047
v -0.320680 0.171936 0.029045
v -0.326901 0.206266 0.011441
v -0.322565 0.228453 0.041525
v -0.319299 0.143804 0.079684
v -0.322598 0.133576 0.040251
v -0.313539 0.259319 0.062131
v -0.304607 0.241095 0.091191
v -0.302360 0.188272 0.118848
v -0.310340 0.143109 0.120150
v -0.295015 0.232307 0.124551
v -0.296057 0.081343 0.187459
v -0.311786 0.096624 0.155876
v -0.295331 0.137026 0.157845
v -0.268866 0.182299 0.186284
v -0.246147 0.192449 0.208885
v -0.235488 0.147830 0.220347
v -0.249320 0.081678 0.222160
v -0.280417 0.053449 0.211757
v -0.216327 0.106588 0.236066
v -0.191961 0.117851 0.013966
v -0.192153 0.113102 0.014916
v -0.191285 0.114380 0.023203
v -0.190183 0.119577 0.023425
v -0.189887 0.121936 0.015352
v -0.189875 0.116670 0.028563
v -0.186176 0.116162 0.036091
v -0.182969 0.113858 0.038534
v -0.181468 0.117054 0.039536
v -0.179826 0.120163 0.037087
v -0.184037 0.120368 0.034949
v -0.187223 0.118910 0.032264
v -0.169129 0.099984 0.032862
v -0.167814 0.096043 0.026414
v -0.162866 0.097187 0.027683
v -0.164112 0.102707 0.034453
v -0.168885 0.103986 0.036879
v -0.159584 0.100678 0.029067
v -0.164231 0.116113 0.035998
v -0.167559 0.119514 0.035218
v -0.170678 0.117101 0.039608
v -0.172357 0.113838 0.041265
v -0.167744 0.112422 0.040045
v -0.163061 0.111858 0.036441
v -0.096659 0.256286 0.229512
v -0.071620 0.260612 0.223832
v -0.102173 0.238319 0.238117
v -0.031810 0.272603 0.212855
v -0.024337 0.252569 0.054709
v -0.026302 0.259806 0.061050
v -0.032204 0.274570 0.063191
v -0.025763 0.267472 0.053989
v -0.016418 0.253914 0.046213
v -0.019782 0.251685 0.045672
v -0.020662 0.243574 0.045100
v -0.040573 0.286478 0.060954
v -0.036260 0.284144 0.056957
v -0.041457 0.291098 0.067578
v -0.117332 0.334132 0.058889
v -0.123844 0.338325 0.028636
v -0.093537 0.333014 0.024809
v -0.068759 0.332644 0.019476
v -0.059553 0.319439 0.043361
v -0.114936 0.333205 0.089236
v -0.047450 0.301721 0.054236
v -0.055838 0.304370 0.061494
v -0.054511 0.307327 0.073994
v -0.043886 0.311434 0.078600
v -0.049244 0.323740 0.093847
v -0.083221 0.326806 0.119448
v -0.117466 0.333225 0.119239
v -0.048570 0.328529 0.120145
v 0.006375 0.186251 0.065934
v 0.003504 0.183905 0.063148
v 0.007096 0.180419 0.063477
v 0.010727 0.181673 0.064389
v 0.010665 0.186155 0.064972
v -0.000562 0.189980 0.062081
v 0.010122 0.192669 0.064889
v 0.001262 0.206139 0.066063
v -0.002162 0.202164 0.064953
v -0.005834 0.197850 0.060599
v 0.009240 0.199846 0.064707
v 0.006687 0.207880 0.063688
v -0.267870 0.342290 0.066109
v -0.241088 0.351624 0.066258
v -0.235207 0.355670 0.095579
v -0.283826 0.317625 0.087747
v -0.291433 0.324332 0.059948
v -0.267464 0.338624 0.122837
v -0.281331 0.310501 0.112900
v -0.247808 0.364126 0.123678
v -0.256948 0.361412 0.135331
v -0.230612 0.367260 0.120335
v -0.240799 0.360255 0.197660
v -0.247026 0.358357 0.195534
v -0.247337 0.373646 0.192167
v -0.245006 0.384198 0.189434
v -0.240147 0.377279 0.192701
v -0.234587 0.364827 0.196389
v -0.229062 0.391401 0.149493
v -0.235866 0.397493 0.154102
v -0.239349 0.390949 0.147630
v -0.231914 0.380214 0.136281
v -0.220987 0.380878 0.141075
v -0.242364 0.379743 0.138350
v -0.245500 0.402696 0.163011
v -0.241538 0.401158 0.158499
v -0.239059 0.405677 0.163325
v -0.243054 0.407790 0.169438
v -0.247363 0.403316 0.168574
v -0.238270 0.407450 0.168552
v -0.238082 0.406781 0.173429
v -0.244894 0.405442 0.178481
v -0.247825 0.400908 0.179315
v -0.248063 0.402595 0.174288
v -0.241166 0.406220 0.177886
v -0.236823 0.403345 0.177511
v -0.242728 0.403638 0.180724
v -0.178372 0.353906 0.120808
v -0.178058 0.354344 0.144647
v -0.200314 0.368133 0.146946
v -0.208431 0.356963 0.094979
v -0.179184 0.351085 0.092834
v -0.215526 0.382237 0.152914
v -0.231655 0.389802 0.183348
v -0.238489 0.398603 0.182184
v -0.217783 0.380687 0.176313
v -0.222342 0.376099 0.185543
v -0.232757 0.403072 0.167102
v -0.225691 0.394919 0.166547
v -0.214831 0.382202 0.165186
v -0.026950 0.332154 0.088138
v -0.014482 0.343836 0.070032
v 0.006048 0.358654 0.081933
v 0.035872 0.374834 0.090047
v 0.030310 0.360966 0.119631
v -0.009021 0.332303 0.149218
v -0.051165 0.321253 0.152353
v 0.030777 0.348933 0.149227
v -0.081548 -0.605020 -0.119958
v -0.085716 -0.609149 -0.114792
v -0.078792 -0.610923 -0.112284
v -0.074587 -0.605815 -0.109944
v -0.074357 -0.602816 -0.116815
v 0.046430 -0.318628 -0.130117
v 0.056371 -0.323669 -0.122631
v 0.068055 -0.313506 -0.129591
v 0.058341 -0.305148 -0.136281
v 0.042321 -0.309654 -0.134309
v 0.073287 -0.303278 -0.134363
v 0.092175 -0.326739 -0.099076
v 0.071429 -0.326300 -0.111783
v 0.052641 -0.339976 -0.098303
v 0.026910 -0.356688 -0.088570
v 0.037999 -0.357264 -0.064302
v 0.071625 -0.342913 -0.041000
v 0.102108 -0.338018 -0.040856
v 0.108692 -0.334974 -0.068728
v 0.041974 -0.354498 -0.035018
v 0.119706 -0.325764 -0.091555
v 0.252532 -0.285733 -0.119991
v 0.227767 -0.270864 -0.121409
v 0.201294 -0.261027 -0.120738
v 0.194349 -0.281790 -0.119141
v 0.193514 -0.300920 -0.113492
v 0.220856 -0.324957 -0.101669
v 0.255016 -0.337561 -0.102659
v 0.267483 -0.321254 -0.114181
v 0.187578 -0.318125 -0.101659
v 0.008555 -0.256422 -0.096725
v 0.033400 -0.256753 -0.106907
v 0.044638 -0.239839 -0.091375
v 0.059712 -0.221459 -0.076942
v 0.039103 -0.219868 -0.061698
v -0.011040 -0.244297 -0.070518
v -0.017986 -0.257548 -0.090153
v 0.010584 -0.230159 -0.049010
v -0.009109 -0.236518 -0.048890
v 0.026578 -0.217733 -0.043051
v 0.002271 -0.106801 -0.011754
v -0.019843 -0.114331 -0.007855
v -0.010037 -0.134437 0.001593
v 0.007574 -0.154591 0.010880
v 0.017821 -0.166818 0.008136
v 0.025689 -0.155823 -0.005594
v -0.006335 -0.150153 0.014348
v 0.040627 -0.147528 -0.016451
v 0.033940 -0.124824 -0.014706
v 0.027019 -0.097657 -0.016871
v 0.053760 -0.091676 -0.019955
v 0.077647 -0.094307 -0.019520
v 0.084222 -0.070692 -0.020122
v 0.101502 -0.052255 -0.022225
v 0.084189 -0.031426 -0.024727
v 0.018040 -0.067395 -0.019828
v 0.034068 -0.019380 -0.023552
v 0.000843 -0.035981 -0.022071
v 0.067522 0.000082 -0.025382
v 0.063903 -0.273040 -0.130968
v 0.060377 -0.283831 -0.135534
v 0.075649 -0.282058 -0.135870
v 0.090974 -0.277797 -0.132696
v 0.085191 -0.268120 -0.129283
v 0.072804 -0.262077 -0.123874
v 0.098390 -0.202062 -0.072889
v 0.135361 -0.179964 -0.062390
v 0.079805 -0.179364 -0.046814
v 0.072520 -0.201261 -0.062214
v 0.100483 -0.153486 -0.033269
v 0.079579 -0.158542 -0.034287
v 0.144198 -0.162275 -0.042679
v 0.127708 -0.157406 -0.034000
v 0.118086 -0.145303 -0.024033
v 0.105553 -0.231613 -0.102132
v 0.122614 -0.245478 -0.114107
v 0.148630 -0.228913 -0.106704
v 0.082809 -0.224569 -0.089708
v 0.173646 -0.210522 -0.104474
v 0.161225 -0.193089 -0.087976
v 0.158806 -0.174933 -0.068099
v 0.134520 -0.262681 -0.121593
v 0.137025 -0.281573 -0.122891
v 0.165537 -0.278653 -0.119654
v 0.215144 -0.238866 -0.120736
v 0.191321 -0.226837 -0.115494
v 0.181277 -0.085294 -0.026624
v 0.180107 -0.092760 -0.011277
v 0.187370 -0.101630 -0.018338
v 0.190026 -0.112504 -0.020801
v 0.193883 -0.113541 -0.040710
v 0.195522 -0.082076 -0.052162
v 0.182224 -0.073622 -0.037953
v 0.203758 -0.104075 -0.064603
v 0.207599 -0.090118 -0.070173
v 0.200519 -0.118746 -0.061717
v 0.244251 -0.097353 -0.121727
v 0.243174 -0.101159 -0.123173
v 0.247458 -0.098408 -0.122839
v 0.243496 -0.108099 -0.124570
v 0.248536 -0.106239 -0.126813
v 0.251851 -0.102708 -0.123581
v 0.224411 -0.026879 -0.061522
v 0.212542 -0.042044 -0.063153
v 0.229849 -0.058638 -0.076143
v 0.239381 -0.074329 -0.090735
v 0.252723 -0.075589 -0.087960
v 0.271685 -0.068672 -0.067493
v 0.279640 -0.047710 -0.057005
v 0.259399 -0.029634 -0.062799
v 0.268879 -0.087998 -0.083198
v 0.238425 -0.009601 -0.060080
v 0.263137 -0.136312 -0.134692
v 0.261429 -0.140495 -0.135053
v 0.265293 -0.142657 -0.133552
v 0.266857 -0.138415 -0.131445
v 0.280261 -0.160571 -0.114375
v 0.289928 -0.186235 -0.108783
v 0.304145 -0.183625 -0.089453
v 0.273925 -0.135619 -0.116928
v 0.272207 -0.145794 -0.124442
v 0.276949 -0.118777 -0.097202
v 0.268800 -0.120051 -0.114904
v 0.317766 -0.185418 -0.061123
v 0.284813 -0.108953 -0.074032
v 0.363104 -0.394573 -0.120084
v 0.359074 -0.401490 -0.110909
v 0.377844 -0.407183 -0.116159
v 0.387670 -0.398374 -0.126250
v 0.374314 -0.387647 -0.126771
v 0.395030 -0.406915 -0.120891
v 0.381375 -0.410894 -0.068135
v 0.396554 -0.407283 -0.065952
v 0.404934 -0.415016 -0.077926
v 0.406212 -0.418112 -0.089369
v 0.388715 -0.417880 -0.084400
v 0.371114 -0.412341 -0.075805
v 0.472056 -0.371725 -0.126085
v 0.477795 -0.376436 -0.119306
v 0.480453 -0.367181 -0.117525
v 0.475888 -0.357526 -0.115957
v 0.470678 -0.359163 -0.123914
v 0.464127 -0.364496 -0.129274
v 0.470654 -0.383959 -0.079764
v 0.467245 -0.374514 -0.073358
v 0.478203 -0.372840 -0.080185
v 0.481800 -0.381126 -0.089744
v 0.473701 -0.389136 -0.088606
v 0.483577 -0.371976 -0.088159
v 0.475249 -0.363242 -0.077477
v 0.462923 -0.362198 -0.069742
v 0.460186 -0.350570 -0.070356
v 0.458684 -0.341693 -0.076532
v 0.472502 -0.351556 -0.082211
v 0.480109 -0.361590 -0.085637
v 0.395685 -0.355539 -0.131638
v 0.419361 -0.354080 -0.133198
v 0.413815 -0.339416 -0.127429
v 0.350127 -0.343963 -0.124970
v 0.373252 -0.363802 -0.129365
v 0.337526 -0.305714 -0.119804
v 0.318348 -0.323144 -0.121151
v 0.417845 -0.326952 -0.118211
v 0.386825 -0.311350 -0.114679
v 0.352111 -0.287279 -0.111174
v 0.429447 -0.366910 -0.135105
v 0.444047 -0.362034 -0.134080
v 0.452529 -0.355433 -0.130068
v 0.436984 -0.346770 -0.129148
v 0.046373 0.033807 -0.024071
v 0.050565 0.082562 -0.020274
v 0.023191 0.064235 -0.020696
v 0.114698 0.060408 -0.028217
v 0.116544 0.082035 -0.030273
v 0.092624 0.088231 -0.027572
v 0.126916 0.039002 -0.029062
v 0.068283 0.103190 -0.021113
v 0.113363 -0.017967 -0.028335
v 0.141260 -0.017083 -0.033825
v 0.140623 0.007341 -0.033588
v 0.147152 0.027769 -0.032090
v 0.104465 0.110778 -0.033046
v 0.124577 0.100192 -0.035798
v 0.137175 0.114680 -0.045185
v 0.092752 0.140407 -0.030092
v 0.081924 0.122167 -0.024442
v 0.117637 0.155210 -0.051620
v 0.096892 0.158551 -0.035308
v 0.143864 0.138338 -0.063027
v 0.138302 0.156368 -0.068987
v 0.154543 0.122335 -0.058365
v 0.116483 0.333195 -0.116756
v 0.085554 0.332266 -0.119269
v 0.084500 0.302728 -0.116190
v 0.144436 0.261532 -0.112060
v 0.168473 0.271933 -0.113594
v 0.152930 0.303170 -0.112295
v 0.144273 0.337802 -0.112538
v 0.101952 0.269424 -0.105347
v 0.122476 0.249650 -0.102843
v 0.075999 0.279974 -0.108879
v 0.140439 0.050449 -0.028375
v 0.153157 0.042515 -0.029879
v 0.157002 0.053270 -0.028180
v 0.158399 0.063282 -0.027551
v 0.147245 0.064984 -0.027736
v 0.134164 0.063765 -0.028275
v 0.206102 0.171700 -0.138749
v 0.210923 0.163719 -0.135658
v 0.217490 0.167359 -0.141144
v 0.212435 0.176893 -0.144402
v 0.204913 0.179184 -0.141009
v 0.220329 0.173591 -0.143825
v 0.205945 0.185917 -0.142288
v 0.212735 0.182988 -0.145074
v 0.220450 0.181241 -0.144156
v 0.216777 0.189509 -0.142082
v 0.197912 0.191233 -0.135824
v 0.137539 0.227920 -0.101455
v 0.185719 0.244457 -0.117609
v 0.165073 0.206679 -0.113278
v 0.183973 0.199018 -0.125754
v 0.189820 0.212591 -0.126684
v 0.144419 0.207841 -0.098904
v 0.203895 0.222786 -0.124958
v 0.181186 0.100590 -0.050363
v 0.170476 0.100321 -0.044912
v 0.175237 0.094570 -0.039917
v 0.185257 0.092255 -0.042761
v 0.190201 0.094427 -0.050481
v 0.180487 0.090172 -0.037918
v 0.247055 0.259001 0.010430
v 0.256347 0.247838 0.002271
v 0.259157 0.242553 0.017617
v 0.248929 0.254067 0.036292
v 0.239829 0.270274 0.026927
v 0.261330 0.239085 0.036456
v 0.228137 0.191080 -0.137814
v 0.218521 0.205162 -0.132431
v 0.266635 0.237596 -0.002477
v 0.266775 0.240330 -0.017468
v 0.280024 0.229657 -0.015948
v 0.294367 0.219775 -0.007030
v 0.282730 0.224472 0.005244
v 0.270735 0.232464 0.012521
v 0.258287 0.209551 -0.114546
v 0.268774 0.187831 -0.122558
v 0.300509 0.182658 -0.112346
v 0.257838 0.234949 -0.092960
v 0.239761 0.232578 -0.108402
v 0.294335 0.220313 -0.073174
v 0.266293 0.239232 -0.073467
v 0.080078 0.574546 -0.128298
v 0.087858 0.578287 -0.130413
v 0.081623 0.591905 -0.129517
v 0.073152 0.589609 -0.124821
v 0.073640 0.574526 -0.122858
v 0.076149 0.599958 -0.126004
v 0.017298 0.365106 -0.106665
v 0.022870 0.344566 -0.118330
v 0.053506 0.357299 -0.117685
v 0.032983 0.402888 -0.088775
v 0.007701 0.377294 -0.088053
v 0.084504 0.364315 -0.118829
v 0.083854 0.398812 -0.116298
v 0.065529 0.432543 -0.106613
v 0.050415 0.435402 -0.090224
v 0.087810 0.435497 -0.116040
v 0.078808 0.537984 -0.064194
v 0.075754 0.565933 -0.076454
v 0.085935 0.573594 -0.071299
v 0.093031 0.506662 -0.036707
v 0.075666 0.505091 -0.049310
v 0.117746 0.529314 -0.044659
v 0.113445 0.500943 -0.027302
v 0.107200 0.567452 -0.064852
v 0.123503 0.551481 -0.057556
v 0.094229 0.586589 -0.074168
v 0.152257 0.538504 -0.070240
v 0.157464 0.517601 -0.061504
v 0.150150 0.526132 -0.054753
v 0.138679 0.537702 -0.053915
v 0.140949 0.551617 -0.064977
v 0.143273 0.557019 -0.075469
v 0.076032 0.613546 -0.120761
v 0.080484 0.607692 -0.125365
v 0.085422 0.613025 -0.122514
v 0.080912 0.620188 -0.115311
v 0.074651 0.617369 -0.114106
v 0.088734 0.616725 -0.116527
v 0.071436 0.602246 -0.091483
v 0.073901 0.612677 -0.095241
v 0.078190 0.610307 -0.088580
v 0.084815 0.601487 -0.081950
v 0.078806 0.592873 -0.080920
v 0.072749 0.587228 -0.085335
v 0.084528 0.621922 -0.100095
v 0.093058 0.618227 -0.099789
v 0.093036 0.615216 -0.092036
v 0.082542 0.616746 -0.091574
v 0.078218 0.619614 -0.098279
v 0.089666 0.609655 -0.086207
v 0.320791 0.122524 -0.112434
v 0.345355 0.100836 -0.103962
v 0.374175 0.117693 -0.108113
v 0.302550 0.158847 -0.119380
v 0.291756 0.139220 -0.120418
v 0.410549 0.130485 -0.111578
v 0.395476 0.154029 -0.111653
v 0.386536 0.176020 -0.103279
v 0.342171 0.175018 -0.105560
v 0.481648 0.153441 -0.120939
v 0.510500 0.160104 -0.124887
v 0.513119 0.181554 -0.126118
v 0.438027 0.164611 -0.114528
v 0.447000 0.142321 -0.115996
v 0.465642 0.194254 -0.110196
v 0.428317 0.182834 -0.105599
v 0.503297 0.201433 -0.122104
v 0.493054 0.208675 -0.114116
v 0.522217 0.201416 -0.126531
v 0.528991 0.216415 -0.125111
v 0.530783 0.226849 -0.120148
v 0.513365 0.219964 -0.117364
v 0.484870 0.197951 -0.053177
v 0.509433 0.213825 -0.067345
v 0.524676 0.207264 -0.062338
v 0.469223 0.169046 -0.023412
v 0.453897 0.185897 -0.035856
v 0.543699 0.204848 -0.065575
v 0.534109 0.183703 -0.055141
v 0.530564 0.161490 -0.047784
v 0.505376 0.156023 -0.033361
v 0.477771 0.146357 -0.013465
v 0.514343 0.128775 -0.115365
v 0.521051 0.122368 -0.106911
v 0.535633 0.135099 -0.112836
v 0.530146 0.147559 -0.122087
v 0.511243 0.141735 -0.121318
v 0.543870 0.150096 -0.117978
v 0.543031 0.236475 -0.085221
v 0.555924 0.240697 -0.090339
v 0.556500 0.233662 -0.082883
v 0.551862 0.221845 -0.075078
v 0.538706 0.223562 -0.073373
v 0.528350 0.227345 -0.077944
v 0.561240 0.242624 -0.116777
v 0.560453 0.234917 -0.121417
v 0.570361 0.236982 -0.119023
v 0.572012 0.244731 -0.112245
v 0.563326 0.245959 -0.110167
v 0.576404 0.238529 -0.113797
v 0.557547 0.148474 -0.071939
v 0.544109 0.137107 -0.062622
v 0.546250 0.148868 -0.057981
v 0.561562 0.165961 -0.069114
v 0.566369 0.163174 -0.078448
v 0.549421 0.164848 -0.059356
v 0.579753 0.239114 -0.107549
v 0.581763 0.229021 -0.106651
v 0.581321 0.230369 -0.099512
v 0.576330 0.232202 -0.093164
v 0.576020 0.240802 -0.099127
v 0.574619 0.244270 -0.105606
v -0.035157 -0.375899 0.060740
v 0.023316 -0.341299 0.030208
v 0.018264 -0.358603 0.003004
v -0.032384 -0.361142 0.097587
v 0.022443 -0.318299 0.081048
v 0.019573 -0.323863 0.060763
v 0.029010 -0.321787 0.045337
v -0.033137 -0.351428 0.132110
v 0.006503 -0.333546 0.134472
v 0.044681 -0.321446 0.139745
v 0.038024 -0.321402 0.110397
v 0.036336 -0.310814 0.092419
v 0.201270 -0.366655 0.154904
v 0.216132 -0.379446 0.159448
v 0.219644 -0.378799 0.148798
v 0.224954 -0.370307 0.133060
v 0.228881 -0.360650 0.114111
v 0.207470 -0.358399 0.110194
v 0.181387 -0.350387 0.105430
v 0.179300 -0.352632 0.130767
v 0.179848 -0.352309 0.152646
v 0.226832 -0.389698 0.171472
v 0.216262 -0.378927 0.170763
v 0.219367 -0.376648 0.180020
v 0.235552 -0.396255 0.177849
v 0.234516 -0.397072 0.172867
v 0.232428 -0.385279 0.184597
v 0.238099 -0.393847 0.182385
v 0.224257 -0.373151 0.187849
v 0.229513 -0.386841 0.155237
v 0.233857 -0.381898 0.148093
v 0.237874 -0.372179 0.137734
v 0.244762 -0.396580 0.172031
v 0.242225 -0.395239 0.165993
v 0.234705 -0.395820 0.166502
v 0.237070 -0.392323 0.161005
v 0.239452 -0.399962 0.177543
v 0.243021 -0.399957 0.177202
v 0.246095 -0.396125 0.176871
v 0.241809 -0.398483 0.179585
v 0.237730 -0.352237 0.090306
v 0.245638 -0.358801 0.122748
v 0.271768 -0.340671 0.065694
v 0.247955 -0.350675 0.061359
v 0.254201 -0.357209 0.137414
v 0.265255 -0.336068 0.126823
v 0.278391 -0.308822 0.120410
v 0.282871 -0.314614 0.093098
v 0.292755 -0.321486 0.063383
v 0.241639 -0.375231 0.191526
v 0.236759 -0.363445 0.195886
v 0.242867 -0.359087 0.195748
v 0.248285 -0.371983 0.189532
v 0.245488 -0.381960 0.187833
v 0.248428 -0.357508 0.192670
v -0.001579 -0.219094 0.066495
v 0.011499 -0.231912 0.067477
v -0.006421 -0.208844 0.067997
v 0.016778 -0.231915 0.064414
v 0.011200 -0.216630 0.064825
v 0.002584 -0.203177 0.070634
v -0.002943 -0.200816 0.071884
v 0.007542 -0.203655 0.066082
v -0.008616 -0.199964 0.069527
v -0.001539 -0.180152 0.070041
v 0.089057 -0.327825 0.014455
v 0.065198 -0.328715 0.014113
v 0.058781 -0.315309 0.034857
v 0.048653 -0.299654 0.046691
v 0.057846 -0.297652 0.052091
v 0.059810 -0.294561 0.063093
v 0.078856 -0.309076 0.062212
v 0.108739 -0.325744 0.041583
v 0.116660 -0.332299 0.015207
v 0.103202 -0.320942 0.065105
v 0.019126 -0.241332 0.038952
v 0.015947 -0.231477 0.025708
v 0.018701 -0.221232 0.029115
v 0.026621 -0.250217 0.052510
v 0.024560 -0.254865 0.047533
v 0.018339 -0.207643 0.031584
v 0.017223 -0.213614 0.045663
v 0.019939 -0.231866 0.057123
v 0.026514 -0.248422 0.059885
v 0.015126 -0.216011 0.057043
v 0.149503 -0.339430 0.127512
v 0.152910 -0.340230 0.101203
v 0.122521 -0.328908 0.095543
v 0.095889 -0.318062 0.085921
v 0.083936 -0.316225 0.103180
v 0.063093 -0.316050 0.111575
v 0.078256 -0.319823 0.135499
v 0.092996 -0.315936 0.164485
v 0.124555 -0.325152 0.155780
v 0.074120 -0.238922 0.240813
v 0.074179 -0.283037 0.213640
v 0.040259 -0.292798 0.202729
v 0.108667 -0.245473 0.239318
v 0.100131 -0.265353 0.229522
v 0.095416 -0.278453 0.220129
v 0.158781 -0.119174 0.031760
v 0.162213 -0.122569 0.030684
v 0.165594 -0.119757 0.035550
v 0.167063 -0.116019 0.037594
v 0.162358 -0.114872 0.036351
v 0.157212 -0.114604 0.032590
v 0.157506 -0.104701 0.031206
v 0.162754 -0.105718 0.033639
v 0.162341 -0.101303 0.029747
v 0.155211 -0.098874 0.024613
v 0.152334 -0.103021 0.025753
v 0.160245 -0.097107 0.023341
v 0.179067 -0.122597 0.030382
v 0.182344 -0.121004 0.027567
v 0.181041 -0.117898 0.031932
v 0.177815 -0.115642 0.034726
v 0.176375 -0.119068 0.035580
v 0.174940 -0.122679 0.032683
v 0.322689 -0.180772 0.018435
v 0.332428 -0.214927 0.000426
v 0.329733 -0.238091 0.028530
v 0.319545 -0.155514 0.068383
v 0.321452 -0.143237 0.030465
v 0.321799 -0.268394 0.046328
v 0.309504 -0.249606 0.076418
v 0.298504 -0.240500 0.110454
v 0.305665 -0.199376 0.105512
v 0.311781 -0.157186 0.107252
v 0.215360 -0.168842 0.228179
v 0.188934 -0.134187 0.242777
v 0.220736 -0.103593 0.232718
v 0.251620 -0.070662 0.224533
v 0.274585 -0.096387 0.202656
v 0.295658 -0.110172 0.174402
v 0.280829 -0.149849 0.175699
v 0.386193 -0.368189 -0.035987
v 0.363513 -0.348401 -0.015882
v 0.380598 -0.331548 -0.022802
v 0.414898 -0.331082 -0.048203
v 0.440461 -0.342774 -0.061125
v 0.442447 -0.359428 -0.059592
v 0.388375 -0.311742 -0.032178
v 0.426006 -0.379224 -0.057649
v 0.403224 -0.387180 -0.052566
v 0.449197 -0.376300 -0.066008
v 0.407343 0.007512 0.037870
v 0.384874 -0.013961 0.042623
v 0.389995 -0.019744 0.078049
v 0.389182 -0.025134 0.110926
v 0.411592 -0.010996 0.114595
v 0.431310 -0.003743 0.125426
v 0.436379 0.006610 0.104822
v 0.444209 0.023077 0.091398
v 0.434483 0.026306 0.062550
v 0.428957 0.031707 0.025991
v 0.450748 0.005533 0.188633
v 0.450958 0.010482 0.189922
v 0.460943 0.006686 0.186838
v 0.461401 0.001799 0.183211
v 0.451916 0.001255 0.183936
v 0.465778 0.003896 0.183087
v 0.476490 0.014142 0.139713
v 0.476630 0.017939 0.141116
v 0.472388 0.024599 0.139205
v 0.473279 0.022727 0.133874
v 0.462350 0.010246 0.185300
v 0.469090 0.007678 0.179007
v 0.468764 0.003355 0.177918
v 0.464187 0.013865 0.181241
v 0.004580 0.236909 0.040865
v -0.002014 0.242749 0.037456
v -0.011674 0.251638 0.048377
v 0.002742 0.229799 0.054138
v 0.011970 0.227488 0.043623
v -0.021812 0.265264 0.054811
v -0.018740 0.260659 0.057874
v -0.011053 0.241993 0.060185
v -0.003593 0.228861 0.060813
v -0.019135 0.256466 0.061595
v 0.007399 0.177472 0.058058
v 0.011748 0.177411 0.058763
v 0.014494 0.180163 0.059706
v 0.224155 0.303265 0.024263
v 0.233706 0.283389 0.006770
v 0.245772 0.256170 0.061973
v 0.242015 0.251333 0.094499
v 0.226950 0.280042 0.095805
v 0.216929 0.316768 0.069951
v 0.213349 0.328645 0.038812
v 0.215927 0.309185 0.102745
v 0.193547 0.227482 0.187440
v 0.219172 0.234930 0.158941
v 0.243416 0.198771 0.158797
v 0.156023 0.183336 0.218814
v 0.155070 0.229677 0.208303
v 0.269973 0.145685 0.183892
v 0.265947 0.113832 0.206976
v 0.212749 0.127332 0.218780
v 0.153396 0.132362 0.233894
v 0.189182 0.052562 -0.034742
v 0.195045 0.058616 -0.037614
v 0.187684 0.064420 -0.033073
v 0.179824 0.067589 -0.030262
v 0.178711 0.059594 -0.029898
v 0.180076 0.050244 -0.032095
v 0.189283 0.086489 -0.041104
v 0.183495 0.082136 -0.034755
v 0.190550 0.079594 -0.038318
v 0.176719 0.085612 -0.033958
v 0.042372 0.437004 -0.042823
v 0.057139 0.470236 -0.053899
v 0.067244 0.470765 -0.031963
v 0.020998 0.401533 -0.008397
v 0.020710 0.407362 -0.038930
v 0.086846 0.473943 -0.016497
v 0.078850 0.443887 0.007645
v 0.045677 0.407796 0.028303
v 0.018395 0.387700 0.023511
v 0.073994 0.420468 0.037428
v 0.156526 0.408908 0.080431
v 0.178003 0.396531 0.075647
v 0.131090 0.404157 0.108564
v 0.129130 0.413075 0.078210
v 0.158657 0.404965 0.141845
v 0.129702 0.398599 0.133968
v 0.198936 0.402450 0.141158
v 0.187511 0.408772 0.143257
v 0.180895 0.411141 0.154003
v 0.198962 0.368500 0.095756
v 0.204820 0.360673 0.121979
v 0.203181 0.381616 0.134800
v 0.192164 0.377085 0.064418
v 0.207762 0.396368 0.150045
v 0.212108 0.414652 0.164365
v 0.209735 0.417118 0.166998
v 0.201303 0.414151 0.158033
v 0.207545 0.410349 0.156727
v 0.205809 0.418766 0.170568
v 0.210393 0.418330 0.176201
v 0.203889 0.417761 0.178178
v 0.193529 0.416141 0.170664
v 0.196538 0.416074 0.163910
v 0.193643 0.414411 0.177847
v 0.215878 0.401784 0.174931
v 0.213480 0.401616 0.181275
v 0.216084 0.409647 0.180444
v 0.216495 0.414215 0.177418
v 0.217702 0.410893 0.173107
v 0.215878 0.403685 0.168176
v 0.317791 0.185646 0.071800
v 0.344627 0.177145 0.050708
v 0.365210 0.153361 0.073765
v 0.290472 0.186122 0.117647
v 0.287909 0.203643 0.084475
v 0.391551 0.125564 0.089124
v 0.373745 0.123523 0.117790
v 0.324217 0.140853 0.146432
v 0.282012 0.168134 0.152651
v 0.363031 0.113931 0.147208
v 0.444851 0.056724 -0.021333
v 0.420957 0.034570 -0.007190
v 0.446557 0.051330 0.052507
v 0.461222 0.087723 0.016899
v 0.481822 0.101725 -0.011206
v 0.476561 0.084041 -0.020850
v 0.449173 0.077226 0.050605
v 0.448782 0.042853 0.085108
v 0.457276 0.032048 0.108387
v 0.455730 0.044815 0.111818
v 0.451734 0.050643 0.124626
v 0.435862 0.071724 0.111795
v 0.428630 0.098973 0.074062
v 0.442293 0.104680 0.044465
v 0.415624 0.097954 0.100815
v 0.473266 0.018500 0.132362
v 0.472750 0.013655 0.134973
v -0.390536 -0.181623 -0.078411
v -0.429610 -0.187404 -0.084782
v -0.432166 -0.191873 -0.065888
v -0.346133 -0.193050 -0.058647
v -0.351603 -0.182594 -0.079965
v -0.360955 -0.189381 -0.022037
v -0.332354 -0.199096 -0.035250
v -0.445230 -0.187957 -0.048625
v -0.412351 -0.180463 -0.029490
v -0.384860 -0.177283 -0.004599
v -0.086114 -0.587437 -0.075420
v -0.085876 -0.600414 -0.081747
v -0.093642 -0.598653 -0.077064
v -0.103421 -0.589945 -0.072477
v -0.098703 -0.579346 -0.067364
v -0.090636 -0.568514 -0.067077
v -0.174128 -0.444376 -0.045938
v -0.168375 -0.476490 -0.060075
v -0.169642 -0.462531 -0.075816
v -0.163351 -0.455190 -0.093198
v -0.171327 -0.415515 -0.088716
v -0.189154 -0.392708 -0.038927
v -0.179123 -0.418303 -0.025676
v -0.179495 -0.375841 -0.089981
v -0.190429 -0.372941 -0.070738
v -0.199062 -0.360592 -0.049301
v -0.277768 -0.077429 -0.089837
v -0.260362 -0.101969 -0.097708
v -0.238985 -0.091996 -0.086791
v -0.217055 -0.090525 -0.073679
v -0.222330 -0.066284 -0.066022
v -0.216906 -0.043448 -0.057875
v -0.239620 -0.030103 -0.066502
v -0.263102 -0.011342 -0.068227
v -0.278205 -0.034795 -0.074548
v -0.298892 -0.054488 -0.082371
v -0.198484 -0.090739 -0.058993
v -0.207255 -0.113059 -0.081374
v -0.198964 -0.133882 -0.090833
v -0.179831 -0.133881 -0.076534
v -0.159806 -0.136827 -0.063303
v -0.164171 -0.119733 -0.052644
v -0.164927 -0.107822 -0.040828
v -0.178190 -0.101180 -0.045666
v -0.187008 -0.088851 -0.044646
v -0.237881 -0.270567 0.001991
v -0.244683 -0.258558 -0.007010
v -0.248276 -0.253644 0.006074
v -0.251425 -0.250916 0.022461
v -0.483487 0.361377 -0.096718
v -0.475945 0.353395 -0.093255
v -0.473135 0.352665 -0.100788
v -0.479127 0.363527 -0.105911
v -0.484523 0.368924 -0.101017
v -0.469978 0.356573 -0.107997
v -0.290203 0.105786 -0.066519
v -0.310101 0.104411 -0.028077
v -0.296955 0.084107 -0.050237
v -0.316438 0.180489 -0.051929
v -0.324790 0.190541 -0.020362
v -0.317859 0.154716 -0.008830
v -0.319347 0.120315 0.003936
v -0.239532 0.114591 -0.125683
v -0.232395 0.110616 -0.114026
v -0.227207 0.123476 -0.110592
v -0.228703 0.146856 -0.118576
v -0.238024 0.156035 -0.126377
v -0.244348 0.141447 -0.131663
v -0.246815 0.124282 -0.133531
v -0.245954 0.114208 -0.132605
v -0.219595 0.138520 -0.105585
v -0.174397 -0.029392 -0.034964
v -0.204431 -0.023266 -0.050956
v -0.190373 -0.039686 -0.041179
v -0.175727 0.023673 -0.041847
v -0.014234 0.233728 -0.060403
v -0.011309 0.244432 -0.081992
v -0.034324 0.240759 -0.088650
v -0.065114 0.222359 -0.080584
v -0.051566 0.202297 -0.048919
v -0.057802 0.239970 -0.099544
v -0.037237 0.202681 -0.030554
v -0.027742 0.217964 -0.037278
v -0.012781 0.228075 -0.037968
v -0.314360 0.385303 -0.047300
v -0.302445 0.384613 -0.064574
v -0.269469 0.371574 -0.054482
v -0.310746 0.368408 -0.016708
v -0.335691 0.383237 -0.036936
v -0.261089 0.359699 0.006557
v -0.292060 0.355976 0.009369
v -0.233738 0.360794 -0.050411
v -0.233384 0.360894 -0.023768
v -0.226012 0.357142 0.005938
v -0.209205 -0.406220 0.192588
v -0.203025 -0.396253 0.194835
v -0.197255 -0.398532 0.195629
v -0.193093 -0.402314 0.193219
v -0.203864 -0.409860 0.191726
v -0.210918 -0.412611 0.189881
v 0.029280 -0.084361 0.265199
v 0.005316 -0.139562 0.260100
v -0.055084 -0.125654 0.257123
v -0.119758 -0.069719 0.256775
v -0.141695 -0.018031 0.259162
v -0.087208 0.009004 0.264961
v -0.116458 -0.126267 0.249492
v 0.016508 0.008540 0.265087
v 0.071069 -0.034177 0.265093
v -0.038551 0.052719 0.265749
v -0.090482 0.282485 0.209409
v -0.117878 0.298301 0.199332
v -0.099099 0.311407 0.177781
v -0.004610 0.316087 0.179534
v 0.012049 0.294616 0.202775
v -0.089187 0.322292 0.149890
v 0.047817 0.208961 0.236105
v 0.027614 0.157470 0.249758
v -0.028488 0.180173 0.249544
v 0.036015 0.270709 0.218195
v 0.073335 0.251349 0.223734
v -0.077364 0.195987 0.249324
v -0.047005 0.338106 0.017815
v -0.026768 0.351369 0.017643
v -0.026146 0.339193 0.042668
v -0.034016 0.311550 0.058439
v -0.032759 0.293590 0.059593
v -0.038153 0.299382 0.053946
v -0.027145 0.328164 0.061726
v 0.249880 -0.362328 -0.003576
v 0.277802 -0.362976 0.003493
v 0.299389 -0.374601 -0.024205
v 0.310961 -0.387705 -0.060117
v 0.306923 -0.384283 -0.079484
v 0.273354 -0.369843 -0.068474
v 0.326073 -0.388887 -0.046198
v 0.229892 -0.359063 -0.036724
v 0.216785 -0.355977 -0.006589
v 0.237556 -0.356798 -0.063877
v 0.188785 0.020803 -0.042037
v 0.168194 0.022077 -0.036492
v 0.168476 0.001111 -0.040287
v 0.166696 -0.020673 -0.041259
v 0.191043 -0.028076 -0.051237
v 0.218453 0.009514 -0.053498
v 0.204842 0.027795 -0.046319
v 0.236220 -0.108685 -0.116773
v 0.227452 -0.104310 -0.103716
v 0.223462 -0.118131 -0.102203
v 0.245516 -0.118345 -0.126889
v 0.244134 -0.136714 -0.127357
v 0.250805 -0.128002 -0.131091
v 0.227219 -0.141592 -0.113477
v 0.237553 -0.150777 -0.123265
v 0.217018 -0.133421 -0.098833
v 0.277513 -0.239208 -0.118830
v 0.267900 -0.264255 -0.120730
v 0.301262 -0.281893 -0.118525
v 0.300587 -0.216878 -0.107543
v 0.277078 -0.211069 -0.118301
v 0.339752 -0.249856 -0.092841
v 0.320042 -0.217126 -0.089574
v 0.305202 -0.110062 -0.035290
v 0.289796 -0.088044 -0.055544
v 0.328378 -0.197515 -0.029965
v 0.317869 -0.161719 -0.018388
v 0.316552 -0.127963 -0.004350
v 0.197783 0.097492 -0.061726
v 0.211263 0.099336 -0.075402
v 0.199984 0.114326 -0.081153
v 0.189569 0.129618 -0.088591
v 0.172716 0.126151 -0.072700
v 0.164739 0.109254 -0.052127
v 0.261626 0.028622 -0.066859
v 0.283487 0.010391 -0.062930
v 0.297980 0.030909 -0.069497
v 0.243366 0.061550 -0.071330
v 0.239914 0.041627 -0.063185
v 0.318430 0.048140 -0.077760
v 0.297526 0.069691 -0.089410
v 0.258198 0.083534 -0.090407
v 0.237247 0.082489 -0.080317
v 0.279160 0.092623 -0.100410
v 0.187134 0.398310 -0.033311
v 0.177726 0.423922 -0.020588
v 0.172377 0.448415 -0.044020
v 0.167630 0.418204 -0.088007
v 0.175558 0.379331 -0.088221
v 0.187452 0.377441 -0.067253
v 0.196862 0.366441 -0.042875
v 0.166689 0.479469 -0.060665
v 0.167220 0.464921 -0.076384
v 0.160078 0.456942 -0.094021
v 0.425011 0.200240 -0.070879
v 0.438109 0.196381 -0.051889
v 0.402909 0.191155 -0.034990
v 0.380495 0.191732 -0.086310
v 0.423366 0.195179 -0.090636
v 0.331285 0.207120 -0.067046
v 0.335570 0.195791 -0.089970
v 0.349363 0.201718 -0.031700
v 0.319335 0.212865 -0.043999
v 0.373914 0.189708 -0.013219
v 0.088553 -0.297116 0.198672
v 0.006114 -0.323199 0.167580
v -0.002271 -0.307018 0.194308
v 0.113073 -0.307960 0.187733
v 0.187463 -0.119481 0.007532
v 0.187228 -0.113965 0.008862
v 0.186311 -0.115708 0.017932
v 0.185469 -0.121591 0.017847
v 0.185357 -0.124098 0.008834
v 0.184819 -0.118266 0.023673
v 0.196474 0.402613 0.190918
v 0.195998 0.406788 0.188745
v 0.204782 0.409731 0.187060
v 0.202392 0.402702 0.189730
v 0.002964 0.103021 0.260029
v 0.120812 0.008286 0.259076
v 0.155922 0.079521 0.245348
v 0.176999 0.031882 0.250002
v 0.089557 0.137916 0.244978
v 0.101501 0.192186 0.231904
v 0.113905 0.237893 0.220235
v 0.097083 0.287292 0.213664
v 0.127392 0.275971 0.211110
v 0.157839 0.269203 0.200554
v 0.141718 0.308583 0.204048
v 0.164360 0.302370 0.195139
v 0.184620 0.299873 0.179636
v 0.185383 0.266601 0.182626
v 0.200327 0.300483 0.158459
v 0.206065 0.269382 0.158179
v 0.210733 0.303994 0.132574
v 0.219402 0.274221 0.129092
v 0.234456 0.243751 0.127446
v 0.257408 0.213686 0.124538
v 0.262315 0.225839 0.091612
v 0.262422 0.234338 0.061393
v 0.282509 0.216772 0.055500
v 0.304530 0.203314 0.044378
v 0.276179 0.225854 0.031414
v 0.292995 0.215540 0.022079
v 0.310038 0.208812 0.008045
v 0.326885 0.195099 0.027927
v 0.349298 0.191000 0.008266
v 0.369553 0.173757 0.028143
v 0.328442 0.204547 -0.010002
v 0.306403 0.216473 -0.023713
v 0.286105 0.228371 -0.032055
v 0.291578 0.225831 -0.051373
v 0.267964 0.241720 -0.034566
v 0.268816 0.241552 -0.053552
v 0.252842 0.256975 -0.032302
v 0.250382 0.259441 -0.051513
v 0.245669 0.260132 -0.070759
v 0.235945 0.279553 -0.046125
v 0.229653 0.282796 -0.065840
v 0.220294 0.284033 -0.083731
v 0.236370 0.258898 -0.088575
v 0.206674 0.282790 -0.098397
v 0.222080 0.256730 -0.103093
v 0.189437 0.279043 -0.108671
v 0.204740 0.252272 -0.113076
v 0.221141 0.229174 -0.119000
v 0.235762 0.208633 -0.125429
v 0.245304 0.190721 -0.131348
v 0.232114 0.179050 -0.140592
v 0.248837 0.174924 -0.134861
v 0.271606 0.168432 -0.127454
v 0.246728 0.161638 -0.135110
v 0.266730 0.151967 -0.128216
v 0.240380 0.150852 -0.131907
v 0.257287 0.138927 -0.124952
v 0.277415 0.123918 -0.116963
v 0.245086 0.129022 -0.118160
v 0.261469 0.112508 -0.109849
v 0.299460 0.105696 -0.107977
v 0.320806 0.084695 -0.097865
v 0.340964 0.064298 -0.085651
v 0.365882 0.080271 -0.092931
v 0.358971 0.046454 -0.070170
v 0.383235 0.062778 -0.078083
v 0.409953 0.078513 -0.086369
v 0.393834 0.095816 -0.099395
v 0.438300 0.093098 -0.094666
v 0.425083 0.109685 -0.105600
v 0.466686 0.106520 -0.102772
v 0.456673 0.122207 -0.111707
v 0.492812 0.118539 -0.109911
v 0.486285 0.133293 -0.117343
v 0.476560 0.096132 -0.089941
v 0.500867 0.109639 -0.099277
v 0.485927 0.091510 -0.074408
v 0.509002 0.106095 -0.086082
v 0.528865 0.120467 -0.095879
v 0.516435 0.107819 -0.071990
v 0.535708 0.122483 -0.083486
v 0.551187 0.138028 -0.092670
v 0.544045 0.135491 -0.103729
v 0.562339 0.155285 -0.099911
v 0.554711 0.152310 -0.110108
v 0.570168 0.174163 -0.105612
v 0.561845 0.171075 -0.115067
v 0.549450 0.168135 -0.122026
v 0.532689 0.164826 -0.125504
v 0.566635 0.190635 -0.118469
v 0.553682 0.187701 -0.124619
v 0.536159 0.184622 -0.127334
v 0.557138 0.206525 -0.125446
v 0.541070 0.203743 -0.127700
v 0.559435 0.222748 -0.124500
v 0.544899 0.219683 -0.125922
v 0.546913 0.231708 -0.121821
v 0.548362 0.239660 -0.115294
v 0.532037 0.234257 -0.112521
v 0.550604 0.243744 -0.107336
v 0.534412 0.238259 -0.103022
v 0.514886 0.229819 -0.097421
v 0.512619 0.226193 -0.108224
v 0.491088 0.219156 -0.090074
v 0.489322 0.215554 -0.103085
v 0.461709 0.208213 -0.081295
v 0.459950 0.204073 -0.096912
v 0.498097 0.218411 -0.077500
v 0.470769 0.206126 -0.065857
v 0.520273 0.230037 -0.086529
v 0.538321 0.238850 -0.093516
v 0.553409 0.244003 -0.098510
v 0.565704 0.245844 -0.102622
v 0.567390 0.241844 -0.094790
v 0.567410 0.233534 -0.087582
v 0.574718 0.218820 -0.087112
v 0.564776 0.220486 -0.080043
v 0.571362 0.201769 -0.080587
v 0.559720 0.203469 -0.072285
v 0.566554 0.183253 -0.074347
v 0.553965 0.184010 -0.064688
v 0.573059 0.180808 -0.084350
v 0.577671 0.199437 -0.090074
v 0.578913 0.196582 -0.100067
v 0.573958 0.177568 -0.095026
v 0.580515 0.216623 -0.095180
v 0.581419 0.214427 -0.104112
v 0.577709 0.211932 -0.112787
v 0.575079 0.193648 -0.109968
v 0.578153 0.227439 -0.114181
v 0.570695 0.225229 -0.120377
v 0.569526 0.209344 -0.120338
v 0.566522 0.159101 -0.088903
v 0.555669 0.142605 -0.081446
v 0.541015 0.128193 -0.071746
v 0.522055 0.114601 -0.059049
v 0.526086 0.126247 -0.049855
v 0.500265 0.100521 -0.042667
v 0.504373 0.114658 -0.033026
v 0.506016 0.133493 -0.029798
v 0.528310 0.141957 -0.045829
v 0.481938 0.123156 -0.009072
v 0.459953 0.112948 0.015962
v 0.452125 0.137367 0.009579
v 0.429894 0.130839 0.034999
v 0.413638 0.154364 0.021940
v 0.439666 0.159933 -0.001573
v 0.394863 0.174266 0.005411
v 0.422832 0.178054 -0.016442
v 0.389719 0.152267 0.046892
v 0.410244 0.126847 0.061869
v 0.493859 0.092815 -0.057692
v 0.469720 0.076277 -0.040572
v 0.460771 0.075804 -0.061053
v 0.435343 0.058561 -0.047321
v 0.423607 0.065934 -0.068901
v 0.398113 0.049245 -0.059054
v 0.410559 0.039904 -0.035405
v 0.450312 0.081651 -0.079598
v 0.374385 0.031976 -0.050329
v 0.387492 0.021086 -0.025947
v 0.398218 0.013305 0.003372
v 0.366280 0.002250 -0.019025
v 0.376952 -0.006929 0.009751
v 0.347794 -0.016943 -0.014824
v 0.357951 -0.027129 0.013254
v 0.365100 -0.034718 0.044760
v 0.342134 -0.048362 0.013985
v 0.348387 -0.056746 0.045087
v 0.350940 -0.061976 0.077925
v 0.368624 -0.039961 0.078037
v 0.349396 -0.063662 0.110480
v 0.368225 -0.042567 0.110270
v 0.344352 -0.061082 0.141046
v 0.364564 -0.041365 0.139592
v 0.386198 -0.026142 0.139172
v 0.358659 -0.035694 0.165272
v 0.381591 -0.022652 0.162904
v 0.404027 -0.013726 0.162092
v 0.407742 -0.015113 0.140769
v 0.424386 -0.008323 0.162838
v 0.427733 -0.008250 0.145370
v 0.442075 -0.004991 0.164657
v 0.444605 -0.004332 0.150601
v 0.447773 -0.000112 0.135688
v 0.451246 0.007691 0.121734
v 0.458229 -0.001446 0.155433
v 0.460458 0.001968 0.143756
v 0.463078 0.007879 0.133390
v 0.465205 0.015415 0.126159
v 0.455347 0.019065 0.112126
v 0.469611 0.004508 0.149660
v 0.471221 0.008590 0.141075
v 0.474222 0.008278 0.153529
v 0.475733 0.011347 0.145664
v 0.474472 0.014501 0.155797
v 0.475635 0.016449 0.147614
v 0.469425 0.023207 0.156521
v 0.471187 0.024803 0.147201
v 0.459366 0.035199 0.155982
v 0.461690 0.036432 0.144449
v 0.464138 0.035395 0.133830
v 0.447574 0.052192 0.139469
v 0.465825 0.031117 0.125978
v 0.466475 0.023826 0.123401
v 0.443715 0.050199 0.154289
v 0.422681 0.068589 0.151887
v 0.428455 0.071973 0.132817
v 0.395860 0.089822 0.149432
v 0.404135 0.095955 0.125825
v 0.390283 0.080342 0.169774
v 0.356192 0.100287 0.171959
v 0.418408 0.061990 0.168579
v 0.415649 0.053221 0.182090
v 0.387077 0.068081 0.185849
v 0.440684 0.045814 0.167835
v 0.438255 0.039358 0.179106
v 0.436694 0.031856 0.187510
v 0.414138 0.042790 0.191751
v 0.456997 0.031849 0.167047
v 0.455085 0.027375 0.176709
v 0.453262 0.021890 0.183965
v 0.452012 0.016263 0.188546
v 0.435683 0.023597 0.192387
v 0.465840 0.017302 0.174484
v 0.467781 0.020709 0.166028
v 0.472753 0.011967 0.164419
v 0.471147 0.009718 0.172584
v 0.472746 0.005856 0.162304
v 0.470746 0.003968 0.170658
v 0.467561 0.001472 0.159269
v 0.465748 0.000148 0.168805
v 0.463516 0.000172 0.176933
v 0.455862 -0.002674 0.166667
v 0.453925 -0.001535 0.176547
v 0.439556 -0.002888 0.176513
v 0.437616 0.001729 0.185724
v 0.421454 -0.004634 0.177386
v 0.418543 0.001814 0.188313
v 0.416272 0.010580 0.195546
v 0.436014 0.007958 0.191466
v 0.414570 0.020712 0.198499
v 0.435559 0.015530 0.193811
v 0.413892 0.031788 0.197334
v 0.388785 0.025273 0.204485
v 0.386624 0.039572 0.203284
v 0.385960 0.054222 0.197124
v 0.354347 0.046118 0.210600
v 0.352204 0.065032 0.203715
v 0.352644 0.083564 0.190876
v 0.312922 0.074429 0.211912
v 0.312393 0.098977 0.197681
v 0.316031 0.121886 0.176085
v 0.268001 0.081241 0.221690
v 0.275445 0.050222 0.228904
v 0.228814 0.044901 0.239323
v 0.216431 0.083811 0.233117
v 0.317267 0.050071 0.219097
v 0.324282 0.027167 0.219865
v 0.286528 0.021965 0.228920
v 0.358491 0.027777 0.211537
v 0.363970 0.011057 0.207023
v 0.332866 0.006420 0.214319
v 0.391930 0.011946 0.200619
v 0.395853 0.000587 0.192185
v 0.369999 -0.003460 0.197081
v 0.376137 -0.014850 0.182361
v 0.350837 -0.025666 0.186563
v 0.342047 -0.011355 0.203187
v 0.399890 -0.008291 0.179162
v 0.325126 -0.041725 0.191691
v 0.312545 -0.024536 0.209874
v 0.299358 -0.003031 0.222576
v 0.282282 -0.043961 0.217188
v 0.263974 -0.018611 0.231016
v 0.245614 0.010918 0.238638
v 0.227465 -0.040893 0.239658
v 0.202210 -0.007421 0.247899
v 0.190915 -0.069673 0.247544
v 0.157993 -0.034169 0.256247
v 0.156225 -0.102250 0.254542
v 0.117343 -0.070110 0.261765
v 0.126321 -0.137277 0.257733
v 0.083111 -0.111499 0.263337
v 0.102719 -0.172969 0.256590
v 0.058385 -0.155525 0.259815
v 0.085340 -0.207633 0.250653
v 0.121513 -0.220568 0.246764
v 0.139074 -0.193002 0.250215
v 0.168177 -0.215797 0.241783
v 0.150794 -0.237818 0.240090
v 0.161434 -0.163794 0.249088
v 0.189328 -0.192847 0.238151
v 0.209675 -0.224118 0.227616
v 0.190944 -0.241369 0.232368
v 0.230975 -0.208001 0.216611
v 0.241365 -0.244685 0.207384
v 0.224451 -0.255666 0.217988
v 0.254565 -0.194954 0.198294
v 0.258529 -0.237029 0.190862
v 0.260806 -0.273450 0.185272
v 0.248193 -0.278472 0.199910
v 0.276228 -0.193690 0.171983
v 0.274243 -0.234595 0.168495
v 0.272033 -0.271770 0.166020
v 0.268582 -0.304535 0.164580
v 0.261162 -0.305683 0.181286
v 0.287369 -0.236072 0.141541
v 0.281424 -0.272876 0.142523
v 0.274241 -0.305639 0.144372
v 0.265946 -0.333592 0.147364
v 0.264012 -0.332924 0.164640
v 0.289678 -0.277114 0.115595
v 0.298179 -0.284762 0.086161
v 0.309565 -0.297041 0.057313
v 0.337407 -0.289102 0.020736
v 0.324120 -0.312202 0.030594
v 0.306643 -0.332157 0.035600
v 0.285254 -0.346795 0.035951
v 0.342382 -0.329634 0.006410
v 0.323725 -0.345854 0.009827
v 0.302244 -0.357443 0.008775
v 0.261111 -0.354798 0.032367
v 0.343731 -0.361929 -0.013449
v 0.322299 -0.370917 -0.016284
v 0.364452 -0.378852 -0.034156
v 0.344462 -0.385992 -0.037427
v 0.382706 -0.394854 -0.051337
v 0.364806 -0.400041 -0.054862
v 0.350407 -0.402213 -0.062960
v 0.339921 -0.401114 -0.075406
v 0.363721 -0.411131 -0.086740
v 0.359635 -0.407319 -0.099353
v 0.335417 -0.397378 -0.090202
v 0.384493 -0.416691 -0.095222
v 0.380628 -0.412894 -0.106397
v 0.404131 -0.417453 -0.100883
v 0.400282 -0.413465 -0.112046
v 0.423675 -0.414065 -0.105156
v 0.419657 -0.409967 -0.116116
v 0.413263 -0.402647 -0.124896
v 0.404025 -0.392714 -0.130113
v 0.438474 -0.403415 -0.119030
v 0.431707 -0.396019 -0.127457
v 0.422350 -0.385631 -0.132692
v 0.410302 -0.372553 -0.134093
v 0.390904 -0.379878 -0.131454
v 0.448763 -0.387981 -0.128603
v 0.439889 -0.378516 -0.133544
v 0.462688 -0.379714 -0.128032
v 0.454140 -0.371271 -0.132523
v 0.455479 -0.395127 -0.120391
v 0.468978 -0.385762 -0.120510
v 0.459597 -0.399181 -0.109922
v 0.473093 -0.389663 -0.110468
v 0.481378 -0.379394 -0.109952
v 0.474528 -0.390794 -0.099448
v 0.482916 -0.381119 -0.099406
v 0.484953 -0.370548 -0.097987
v 0.483831 -0.368963 -0.108274
v 0.481312 -0.359509 -0.095337
v 0.479481 -0.357739 -0.105986
v 0.471679 -0.347837 -0.091693
v 0.469093 -0.345941 -0.102714
v 0.464585 -0.346286 -0.113702
v 0.452599 -0.332800 -0.098339
v 0.447465 -0.333975 -0.110416
v 0.441686 -0.338803 -0.121105
v 0.459112 -0.349722 -0.123125
v 0.424569 -0.319527 -0.106237
v 0.431221 -0.317964 -0.092800
v 0.406049 -0.299818 -0.086398
v 0.397238 -0.301859 -0.101476
v 0.379813 -0.277659 -0.079521
v 0.367784 -0.278556 -0.096691
v 0.355001 -0.250937 -0.072743
v 0.364039 -0.258467 -0.051612
v 0.344048 -0.229769 -0.041010
v 0.334616 -0.220293 -0.066305
v 0.387331 -0.283350 -0.061783
v 0.390423 -0.295150 -0.045389
v 0.367292 -0.271634 -0.031608
v 0.412306 -0.304482 -0.071209
v 0.415159 -0.314841 -0.057897
v 0.436071 -0.321507 -0.079575
v 0.439139 -0.330056 -0.068330
v 0.456575 -0.335691 -0.086415
v 0.365035 -0.289611 -0.014509
v 0.345301 -0.265205 0.005101
v 0.347755 -0.245061 -0.016375
v 0.356681 -0.310058 -0.001931
v 0.461107 -0.399976 -0.097992
v 0.459567 -0.396710 -0.086203
v 0.443848 -0.408036 -0.095803
v 0.441816 -0.404035 -0.082936
v 0.435816 -0.394739 -0.070406
v 0.455526 -0.389059 -0.075126
v 0.422630 -0.410469 -0.080184
v 0.415460 -0.401523 -0.066807
v 0.425010 -0.414486 -0.092743
v 0.442651 -0.407683 -0.107991
v 0.355361 -0.373536 -0.124259
v 0.330812 -0.356794 -0.120157
v 0.317445 -0.368317 -0.110653
v 0.342848 -0.382943 -0.115911
v 0.309423 -0.377760 -0.096889
v 0.336471 -0.391105 -0.104389
v 0.287599 -0.352655 -0.105801
v 0.278537 -0.363205 -0.089964
v 0.245322 -0.349615 -0.085909
v 0.211987 -0.338377 -0.084334
v 0.203450 -0.346389 -0.062514
v 0.179654 -0.330976 -0.084751
v 0.171185 -0.338970 -0.063047
v 0.162685 -0.342427 -0.037767
v 0.194737 -0.349455 -0.036740
v 0.153940 -0.341832 -0.010537
v 0.184657 -0.348620 -0.008631
v 0.145347 -0.338818 0.017171
v 0.174715 -0.345831 0.019764
v 0.204666 -0.352290 0.023114
v 0.165987 -0.343034 0.047753
v 0.194495 -0.349597 0.051647
v 0.222245 -0.353031 0.056369
v 0.234044 -0.356054 0.027120
v 0.186765 -0.349078 0.079284
v 0.213276 -0.353613 0.084102
v 0.158634 -0.341033 0.074665
v 0.137223 -0.334734 0.044172
v 0.130221 -0.331506 0.070176
v 0.124524 -0.337047 -0.012026
v 0.132161 -0.338241 -0.039326
v 0.096129 -0.335301 -0.012724
v 0.069169 -0.338366 -0.011633
v 0.043467 -0.346305 -0.006285
v 0.043778 -0.333618 0.018773
v 0.042603 -0.318121 0.036710
v 0.029962 -0.303892 0.052606
v 0.038653 -0.301961 0.047118
v 0.027217 -0.287735 0.054483
v 0.033035 -0.286396 0.051279
v 0.039424 -0.284200 0.051829
v 0.026864 -0.271887 0.050513
v 0.031343 -0.269242 0.051796
v 0.034424 -0.266301 0.056082
v 0.044351 -0.281781 0.056142
v 0.034946 -0.264240 0.062208
v 0.045735 -0.279620 0.063403
v 0.032866 -0.263278 0.067850
v 0.043660 -0.278275 0.070400
v 0.057088 -0.292732 0.073616
v 0.038953 -0.278262 0.075177
v 0.050775 -0.292304 0.080980
v 0.065141 -0.305233 0.089786
v 0.074136 -0.306075 0.078151
v 0.042010 -0.293733 0.083834
v 0.051672 -0.306332 0.094810
v 0.032789 -0.296829 0.081214
v 0.032724 -0.279426 0.076212
v 0.026708 -0.281942 0.073396
v 0.023282 -0.285157 0.067597
v 0.025879 -0.301163 0.073490
v 0.023442 -0.287477 0.060493
v 0.024822 -0.304077 0.062206
v 0.018524 -0.272753 0.056081
v 0.022110 -0.273276 0.052123
v 0.011528 -0.260008 0.048793
v 0.016011 -0.260568 0.046046
v 0.020627 -0.258675 0.045424
v 0.009657 -0.250067 0.036416
v 0.015096 -0.247203 0.036417
v 0.003937 -0.242014 0.023662
v 0.010661 -0.238384 0.023720
v -0.000970 -0.236520 0.008296
v 0.007718 -0.232180 0.008421
v 0.014710 -0.224597 0.010236
v 0.006384 -0.228557 -0.008887
v 0.015670 -0.220055 -0.006627
v 0.021972 -0.208721 -0.003051
v 0.019168 -0.214047 0.013270
v 0.024658 -0.195329 0.000996
v 0.020474 -0.201334 0.016440
v 0.023410 -0.181013 0.004832
v 0.018641 -0.188187 0.019584
v 0.015849 -0.194549 0.034028
v 0.013710 -0.176062 0.022503
v 0.011312 -0.183169 0.036511
v 0.009534 -0.188333 0.049231
v 0.013748 -0.199582 0.047265
v 0.007362 -0.191584 0.059811
v 0.011261 -0.202498 0.058205
v 0.004474 -0.193235 0.067574
v 0.003283 -0.183392 0.061477
v 0.001358 -0.185360 0.068935
v -0.001318 -0.186134 0.073205
v 0.000479 -0.193518 0.072061
v -0.005053 -0.185942 0.074043
v -0.004132 -0.192758 0.073184
v -0.009454 -0.185172 0.071438
v -0.009627 -0.191892 0.070667
v -0.014960 -0.183792 0.065397
v -0.015934 -0.190732 0.064779
v -0.015639 -0.199081 0.063534
v -0.023423 -0.188998 0.055696
v -0.023702 -0.197631 0.054446
v -0.022219 -0.207278 0.052549
v -0.013502 -0.208561 0.061986
v -0.018633 -0.217691 0.050399
v -0.009408 -0.219424 0.060174
v -0.031829 -0.205273 0.040469
v -0.028764 -0.215312 0.037769
v -0.023740 -0.225028 0.034833
v -0.039308 -0.212830 0.023101
v -0.034240 -0.222075 0.019622
v -0.027318 -0.229739 0.016069
v -0.017475 -0.233642 0.031590
v -0.019221 -0.235106 0.012599
v -0.010630 -0.239568 0.028189
v -0.010185 -0.237418 0.009845
v -0.003448 -0.242444 0.025293
v 0.003968 -0.249871 0.038428
v -0.027354 -0.232685 -0.004664
v -0.016375 -0.234862 -0.007564
v -0.004723 -0.233500 -0.009125
v -0.022021 -0.234801 -0.026446
v -0.007404 -0.233330 -0.028277
v 0.007143 -0.227603 -0.027894
v 0.019305 -0.217756 -0.024508
v 0.037435 -0.202669 -0.035426
v 0.027758 -0.204912 -0.019468
v 0.043134 -0.185772 -0.027675
v 0.031926 -0.190019 -0.014044
v 0.044012 -0.167491 -0.021067
v 0.031424 -0.173628 -0.009139
v 0.058877 -0.182505 -0.038974
v 0.060262 -0.162685 -0.029744
v 0.058599 -0.141858 -0.023404
v 0.077615 -0.138135 -0.025912
v 0.076401 -0.116978 -0.021263
v 0.055617 -0.118833 -0.020111
v 0.096351 -0.134936 -0.023711
v 0.094883 -0.116587 -0.018269
v 0.096924 -0.098181 -0.015902
v 0.110784 -0.116302 -0.011745
v 0.112307 -0.101483 -0.009298
v 0.117802 -0.087874 -0.009040
v 0.103415 -0.080643 -0.015720
v 0.127120 -0.076891 -0.010527
v 0.115732 -0.066598 -0.017547
v 0.139447 -0.069755 -0.014011
v 0.131525 -0.057536 -0.021108
v 0.122636 -0.041136 -0.026002
v 0.148982 -0.054008 -0.026872
v 0.144636 -0.037645 -0.031611
v 0.166656 -0.055198 -0.034885
v 0.166066 -0.039546 -0.039593
v 0.183630 -0.060482 -0.045656
v 0.186340 -0.045616 -0.049906
v 0.199105 -0.068663 -0.058988
v 0.204388 -0.055692 -0.062574
v 0.212346 -0.077977 -0.074561
v 0.219233 -0.067390 -0.076659
v 0.223067 -0.086786 -0.090299
v 0.229762 -0.078801 -0.091439
v 0.231519 -0.094209 -0.104709
v 0.237029 -0.087790 -0.105009
v 0.244523 -0.085961 -0.104600
v 0.254319 -0.089428 -0.103051
v 0.241693 -0.094114 -0.115744
v 0.247018 -0.093523 -0.115723
v 0.253753 -0.097738 -0.115465
v 0.261465 -0.106663 -0.114926
v 0.265544 -0.100373 -0.100584
v 0.257013 -0.110674 -0.124505
v 0.262297 -0.120668 -0.125860
v 0.252061 -0.114057 -0.128537
v 0.256573 -0.123116 -0.131059
v 0.256450 -0.135743 -0.134210
v 0.260725 -0.131026 -0.133301
v 0.266089 -0.131068 -0.128231
v 0.252400 -0.144602 -0.131866
v 0.260222 -0.149281 -0.132766
v 0.248307 -0.158330 -0.128421
v 0.259401 -0.163090 -0.128864
v 0.270353 -0.164487 -0.124520
v 0.267177 -0.150062 -0.129982
v 0.258259 -0.181783 -0.125340
v 0.274035 -0.185518 -0.120195
v 0.255713 -0.203773 -0.123043
v 0.243497 -0.175581 -0.124999
v 0.236983 -0.195494 -0.122482
v 0.227667 -0.216885 -0.121155
v 0.250324 -0.227492 -0.122189
v 0.240217 -0.250439 -0.122236
v 0.220777 -0.185981 -0.116985
v 0.208262 -0.205672 -0.115439
v 0.207532 -0.175374 -0.106738
v 0.192981 -0.192730 -0.104887
v 0.197428 -0.164287 -0.092396
v 0.182312 -0.179045 -0.089850
v 0.190758 -0.153643 -0.075139
v 0.176988 -0.165488 -0.071900
v 0.186865 -0.144178 -0.056381
v 0.175468 -0.153854 -0.053000
v 0.160945 -0.160320 -0.048658
v 0.176007 -0.144519 -0.034357
v 0.164739 -0.149411 -0.030309
v 0.152169 -0.150294 -0.025075
v 0.168747 -0.141231 -0.013363
v 0.159043 -0.141902 -0.009066
v 0.149673 -0.139010 -0.004195
v 0.140369 -0.146577 -0.018730
v 0.142248 -0.133055 0.000550
v 0.131564 -0.138350 -0.011995
v 0.137106 -0.124829 0.004619
v 0.126205 -0.127712 -0.006519
v 0.112623 -0.131150 -0.016483
v 0.123882 -0.115891 -0.002675
v 0.134840 -0.115514 0.007373
v 0.135193 -0.105984 0.008875
v 0.124937 -0.104063 -0.000762
v 0.138440 -0.097376 0.008857
v 0.129114 -0.093236 -0.000453
v 0.144120 -0.090552 0.007644
v 0.136484 -0.084633 -0.001929
v 0.151996 -0.086383 0.004971
v 0.146228 -0.079056 -0.004942
v 0.161217 -0.085188 0.001019
v 0.157573 -0.077158 -0.009925
v 0.153420 -0.066880 -0.019419
v 0.169526 -0.079069 -0.016881
v 0.167971 -0.068337 -0.027336
v 0.170921 -0.087334 -0.004559
v 0.164288 -0.091738 0.011780
v 0.172309 -0.093771 0.007793
v 0.179696 -0.098402 0.002966
v 0.173421 -0.099311 0.018537
v 0.179718 -0.103053 0.015112
v 0.184518 -0.108278 0.011517
v 0.185414 -0.105036 -0.001495
v 0.188120 -0.112972 -0.004211
v 0.187902 -0.120506 -0.004922
v 0.188830 -0.122646 -0.021029
v 0.184835 -0.127152 -0.003889
v 0.184536 -0.131055 -0.019555
v 0.184990 -0.136669 -0.037465
v 0.191105 -0.126236 -0.039571
v 0.195118 -0.132366 -0.059229
v 0.200879 -0.140129 -0.078229
v 0.208167 -0.125795 -0.081370
v 0.213545 -0.111155 -0.084554
v 0.208602 -0.149041 -0.095447
v 0.218479 -0.158273 -0.109662
v 0.230166 -0.167593 -0.119696
v 0.218015 -0.097864 -0.087861
v 0.177600 -0.137521 -0.016960
v 0.179506 -0.132108 -0.001506
v 0.172514 -0.135152 0.001593
v 0.181200 -0.127985 0.011207
v 0.175599 -0.130205 0.014168
v 0.169242 -0.130670 0.017207
v 0.164659 -0.135562 0.005234
v 0.162787 -0.128955 0.020222
v 0.157091 -0.133479 0.008951
v 0.157299 -0.125579 0.022755
v 0.150579 -0.128876 0.012520
v 0.153192 -0.120649 0.024790
v 0.146116 -0.122576 0.015351
v 0.151213 -0.114841 0.025996
v 0.143727 -0.115110 0.017383
v 0.150881 -0.108608 0.026411
v 0.143823 -0.107503 0.018203
v 0.146006 -0.100540 0.018063
v 0.150416 -0.095258 0.016807
v 0.156674 -0.092207 0.014877
v 0.166607 -0.097207 0.021466
v 0.167996 -0.102227 0.028964
v 0.174018 -0.104224 0.027204
v 0.168297 -0.106964 0.034240
v 0.173930 -0.109026 0.033165
v 0.178925 -0.111613 0.031034
v 0.179538 -0.107489 0.024420
v 0.182675 -0.114889 0.027810
v 0.183829 -0.111417 0.021272
v 0.173190 -0.113445 0.036586
v 0.167974 -0.111741 0.037034
v 0.172003 -0.117694 0.037060
v 0.170113 -0.121439 0.034578
v 0.167190 -0.125182 0.028841
v 0.172596 -0.126370 0.026538
v 0.177856 -0.126212 0.023785
v 0.182274 -0.124294 0.020935
v 0.162504 -0.110356 0.035898
v 0.157035 -0.109554 0.032354
v 0.238289 -0.099046 -0.116138
v 0.051969 -0.201687 -0.050035
v -0.027701 -0.237867 -0.046293
v -0.034200 -0.244579 -0.066243
v -0.035504 -0.232555 -0.023228
v -0.044004 -0.234839 -0.042455
v -0.053728 -0.240256 -0.061556
v -0.065399 -0.249299 -0.079517
v -0.043006 -0.255753 -0.084682
v -0.057587 -0.228351 -0.037958
v -0.069447 -0.231809 -0.056545
v -0.083437 -0.237865 -0.074149
v -0.081406 -0.220710 -0.051328
v -0.096652 -0.223639 -0.068762
v -0.114655 -0.227709 -0.084800
v -0.105638 -0.208427 -0.063114
v -0.123503 -0.209269 -0.079265
v -0.111094 -0.192604 -0.057176
v -0.129185 -0.191719 -0.073064
v -0.147931 -0.190353 -0.087952
v -0.166702 -0.187954 -0.101205
v -0.132842 -0.174301 -0.066224
v -0.151817 -0.172554 -0.080893
v -0.169941 -0.170458 -0.094644
v -0.186615 -0.168722 -0.106745
v -0.183255 -0.184045 -0.112687
v -0.155525 -0.154738 -0.072802
v -0.174499 -0.152897 -0.086443
v -0.191828 -0.152155 -0.099622
v -0.216073 -0.136223 -0.103387
v -0.207342 -0.153427 -0.110691
v -0.200603 -0.168176 -0.116997
v -0.220165 -0.157185 -0.119355
v -0.211993 -0.169977 -0.124250
v -0.230470 -0.163946 -0.124458
v -0.231295 -0.141828 -0.112754
v -0.243719 -0.150642 -0.118889
v -0.253335 -0.162709 -0.120689
v -0.237257 -0.173712 -0.126357
v -0.258798 -0.178069 -0.118356
v -0.240202 -0.186918 -0.124295
v -0.222112 -0.206760 -0.124624
v -0.214089 -0.225633 -0.118972
v -0.209296 -0.205551 -0.127293
v -0.202706 -0.248730 -0.113512
v -0.207402 -0.277694 -0.100860
v -0.191011 -0.275867 -0.109657
v -0.196840 -0.307339 -0.096779
v -0.180576 -0.305934 -0.106908
v -0.159999 -0.301983 -0.112496
v -0.171893 -0.338948 -0.105159
v -0.151489 -0.335407 -0.112693
v -0.164514 -0.374438 -0.104084
v -0.145040 -0.370790 -0.113235
v -0.120757 -0.365511 -0.117783
v -0.139718 -0.407345 -0.114021
v -0.117169 -0.401971 -0.118568
v -0.135176 -0.444082 -0.115764
v -0.115088 -0.438695 -0.119462
v -0.129961 -0.479212 -0.117977
v -0.112833 -0.474036 -0.121072
v -0.094212 -0.469678 -0.118765
v -0.076996 -0.467055 -0.111094
v -0.108751 -0.506609 -0.122914
v -0.093701 -0.502613 -0.120553
v -0.079771 -0.500089 -0.113051
v -0.069983 -0.499367 -0.101082
v -0.063859 -0.466830 -0.097828
v -0.090649 -0.531848 -0.122496
v -0.079950 -0.529670 -0.115788
v -0.072054 -0.529130 -0.105016
v -0.069332 -0.529924 -0.091587
v -0.065287 -0.499733 -0.085463
v -0.077991 -0.555024 -0.118366
v -0.072413 -0.555065 -0.109080
v -0.070245 -0.556522 -0.097364
v -0.073130 -0.558977 -0.085091
v -0.072026 -0.531904 -0.076964
v -0.071754 -0.576355 -0.112515
v -0.070814 -0.578289 -0.102526
v -0.072983 -0.581066 -0.091781
v -0.078838 -0.584007 -0.082238
v -0.080150 -0.562873 -0.074105
v -0.071639 -0.594960 -0.106653
v -0.074236 -0.597434 -0.097333
v -0.078931 -0.599725 -0.088526
v -0.076804 -0.608466 -0.101657
v -0.082067 -0.613248 -0.104985
v -0.089519 -0.612042 -0.107110
v -0.094512 -0.601691 -0.116587
v -0.100017 -0.604581 -0.108409
v -0.103807 -0.605635 -0.098762
v -0.111728 -0.591686 -0.108583
v -0.116594 -0.592883 -0.098114
v -0.118688 -0.591525 -0.087070
v -0.106094 -0.603619 -0.089090
v -0.118500 -0.586237 -0.076680
v -0.105651 -0.598648 -0.080038
v -0.115482 -0.576977 -0.067430
v -0.131829 -0.571284 -0.073280
v -0.129404 -0.562339 -0.063075
v -0.132190 -0.575086 -0.084641
v -0.144412 -0.555572 -0.081387
v -0.142013 -0.553764 -0.093831
v -0.152527 -0.528045 -0.089730
v -0.154641 -0.532736 -0.076913
v -0.129533 -0.575591 -0.096451
v -0.124388 -0.573313 -0.107797
v -0.136023 -0.550263 -0.105730
v -0.127292 -0.545560 -0.115745
v -0.136567 -0.517178 -0.113231
v -0.146597 -0.522698 -0.102584
v -0.116376 -0.569497 -0.117133
v -0.107068 -0.564773 -0.123530
v -0.115787 -0.540462 -0.122306
v -0.105422 -0.588295 -0.117505
v -0.097484 -0.583893 -0.123533
v -0.096494 -0.560167 -0.125936
v -0.089038 -0.597220 -0.122418
v -0.086800 -0.556636 -0.124277
v -0.103427 -0.535663 -0.124777
v -0.123807 -0.511691 -0.120407
v -0.144694 -0.484932 -0.110152
v -0.151411 -0.449469 -0.106814
v -0.155337 -0.491008 -0.098191
v -0.161503 -0.497916 -0.083943
v -0.162198 -0.506560 -0.069979
v -0.161921 -0.489773 -0.047967
v -0.164461 -0.462724 -0.033410
v -0.150985 -0.476816 -0.025867
v -0.151319 -0.501486 -0.040683
v -0.134082 -0.487845 -0.023859
v -0.136846 -0.513202 -0.038781
v -0.150596 -0.452188 -0.007519
v -0.131387 -0.462217 -0.005391
v -0.109727 -0.467774 -0.009136
v -0.129361 -0.438499 0.016495
v -0.104943 -0.441188 0.013417
v -0.129082 -0.418814 0.041964
v -0.102209 -0.418913 0.040308
v -0.131346 -0.404025 0.070038
v -0.102011 -0.401938 0.070033
v -0.069688 -0.392530 0.066564
v -0.069435 -0.378608 0.099684
v -0.071507 -0.368400 0.131163
v -0.074788 -0.358810 0.158974
v -0.036072 -0.340543 0.162236
v -0.081073 -0.347928 0.181623
v -0.043369 -0.326881 0.187159
v -0.091412 -0.335506 0.198815
v -0.122879 -0.358753 0.193355
v -0.134468 -0.349668 0.203045
v -0.106941 -0.322671 0.209870
v -0.115149 -0.367590 0.178268
v -0.145265 -0.384586 0.177276
v -0.150112 -0.378455 0.190142
v -0.172657 -0.394366 0.188683
v -0.177842 -0.389482 0.195274
v -0.158109 -0.371956 0.198294
v -0.170157 -0.398396 0.178993
v -0.189011 -0.408898 0.181099
v -0.190288 -0.405978 0.188267
v -0.190326 -0.410099 0.172872
v -0.184829 -0.384922 0.198179
v -0.168621 -0.365881 0.201849
v -0.149470 -0.341895 0.206945
v -0.180360 -0.361200 0.200744
v -0.165992 -0.336037 0.205274
v -0.151207 -0.305812 0.211298
v -0.128113 -0.312553 0.213928
v -0.137266 -0.269831 0.219045
v -0.173296 -0.302163 0.202556
v -0.167420 -0.266668 0.208116
v -0.125991 -0.227714 0.228490
v -0.119609 -0.179195 0.239022
v -0.192227 -0.301781 0.188341
v -0.193172 -0.267251 0.190846
v -0.206096 -0.304147 0.169611
v -0.211503 -0.272261 0.168425
v -0.214245 -0.308758 0.147281
v -0.222436 -0.278768 0.142682
v -0.236554 -0.248099 0.138150
v -0.227167 -0.285860 0.114396
v -0.241528 -0.257405 0.108152
v -0.260713 -0.231366 0.100486
v -0.258343 -0.217877 0.131735
v -0.258613 -0.241290 0.071064
v -0.277774 -0.222108 0.060690
v -0.254835 -0.247991 0.044446
v -0.269929 -0.231492 0.035965
v -0.285764 -0.219226 0.023329
v -0.298671 -0.207130 0.045691
v -0.301628 -0.210358 0.006615
v -0.319116 -0.197840 0.025855
v -0.317100 -0.204345 -0.013166
v -0.339346 -0.192275 0.003054
v -0.360924 -0.177411 0.021376
v -0.405379 -0.160992 0.010829
v -0.382068 -0.158101 0.038421
v -0.422943 -0.140431 0.021943
v -0.402676 -0.134881 0.050880
v -0.435841 -0.116665 0.028051
v -0.446898 -0.149021 -0.004230
v -0.457107 -0.127194 0.000554
v -0.485190 -0.118317 -0.024568
v -0.509607 -0.130233 -0.043197
v -0.508213 -0.114851 -0.050335
v -0.484544 -0.101370 -0.033112
v -0.505151 -0.105176 -0.062271
v -0.481267 -0.091199 -0.047634
v -0.500509 -0.101820 -0.076349
v -0.475992 -0.087844 -0.064490
v -0.450668 -0.072239 -0.051153
v -0.425777 -0.054342 -0.037778
v -0.469248 -0.091303 -0.080664
v -0.442594 -0.076461 -0.070299
v -0.416443 -0.060057 -0.059875
v -0.391732 -0.042092 -0.050798
v -0.402300 -0.034566 -0.026539
v -0.433108 -0.086942 -0.085986
v -0.405052 -0.071345 -0.077823
v -0.379122 -0.054324 -0.070051
v -0.355598 -0.036231 -0.063330
v -0.369211 -0.023245 -0.043177
v -0.391666 -0.087889 -0.090916
v -0.363967 -0.070868 -0.084825
v -0.339720 -0.052979 -0.078402
v -0.318098 -0.034352 -0.072316
v -0.334922 -0.017411 -0.057531
v -0.321138 -0.072784 -0.089585
v -0.300641 -0.094511 -0.097675
v -0.279469 -0.115585 -0.105228
v -0.273184 -0.148703 -0.114672
v -0.260354 -0.134487 -0.112128
v -0.244629 -0.123462 -0.105589
v -0.226941 -0.116155 -0.094995
v -0.282587 -0.165740 -0.112092
v -0.316929 0.002423 -0.053859
v -0.331579 0.016793 -0.034933
v -0.348977 -0.003600 -0.037901
v -0.299433 -0.014704 -0.066783
v -0.284123 0.006708 -0.063870
v -0.302200 0.023195 -0.052820
v -0.290333 0.044735 -0.056046
v -0.305639 0.060853 -0.040103
v -0.317031 0.038346 -0.035504
v -0.317760 0.076563 -0.017126
v -0.328918 0.051521 -0.011654
v -0.343246 0.028574 -0.010626
v -0.337356 0.062137 0.017567
v -0.352104 0.037419 0.018917
v -0.369799 0.014350 0.016989
v -0.360648 0.006876 -0.012791
v -0.389790 -0.008333 0.011968
v -0.380462 -0.014013 -0.018252
v -0.357757 0.043426 0.051996
v -0.342095 0.069569 0.050920
v -0.342636 0.073219 0.086038
v -0.359982 0.046454 0.086986
v -0.339007 0.071997 0.120882
v -0.358078 0.046081 0.120538
v -0.331542 0.064953 0.153063
v -0.353163 0.040828 0.150778
v -0.375685 0.022494 0.149685
v -0.346176 0.029905 0.176289
v -0.370795 0.014770 0.172884
v -0.394377 0.004494 0.171200
v -0.398105 0.009221 0.150988
v -0.415901 -0.001667 0.171376
v -0.418730 0.000978 0.155293
v -0.434471 -0.004897 0.172526
v -0.436447 -0.003617 0.160409
v -0.438800 -0.006361 0.146797
v -0.450642 -0.006052 0.165113
v -0.452137 -0.008888 0.155331
v -0.453563 -0.014700 0.146134
v -0.441475 -0.013724 0.133798
v -0.454505 -0.023007 0.139536
v -0.444235 -0.025169 0.124943
v -0.454441 -0.031872 0.137213
v -0.453676 -0.039746 0.140997
v -0.452077 -0.044972 0.149477
v -0.435433 -0.060114 0.154558
v -0.415426 -0.076679 0.149740
v -0.432875 -0.057932 0.167298
v -0.411794 -0.071889 0.167059
v -0.385069 -0.088345 0.167930
v -0.389958 -0.096990 0.146640
v -0.431472 -0.052328 0.177800
v -0.409607 -0.063744 0.180451
v -0.382475 -0.076570 0.184349
v -0.350163 -0.089991 0.189789
v -0.353046 -0.106710 0.170776
v -0.408749 -0.053243 0.189947
v -0.381655 -0.062432 0.195416
v -0.349954 -0.071276 0.202462
v -0.313734 -0.078700 0.211154
v -0.313029 -0.103581 0.197571
v -0.382444 -0.047157 0.201257
v -0.351809 -0.051507 0.208689
v -0.317390 -0.053703 0.217628
v -0.279270 -0.052441 0.227833
v -0.273228 -0.083993 0.221754
v -0.355386 -0.032036 0.208749
v -0.323167 -0.029243 0.217145
v -0.288118 -0.022672 0.226714
v -0.250369 -0.011225 0.237028
v -0.237537 -0.046969 0.238932
v -0.330399 -0.006535 0.209962
v -0.298644 0.005313 0.218515
v -0.265008 0.022003 0.228060
v -0.229675 0.043467 0.238362
v -0.210050 0.005061 0.247360
v -0.309931 0.030414 0.203262
v -0.338314 0.013729 0.196263
v -0.321247 0.051405 0.181225
v -0.360060 -0.013652 0.202654
v -0.365388 0.002278 0.190610
v -0.387240 -0.017168 0.196684
v -0.390657 -0.004682 0.186476
v -0.411296 -0.017842 0.191977
v -0.413419 -0.008312 0.183752
v -0.431691 -0.016781 0.188340
v -0.432852 -0.009598 0.182051
v -0.447726 -0.014912 0.185402
v -0.448355 -0.009606 0.180934
v -0.449283 -0.006469 0.173952
v -0.430928 -0.025589 0.190975
v -0.447561 -0.021584 0.186946
v -0.430664 -0.035104 0.189996
v -0.447533 -0.029082 0.185514
v -0.459398 -0.023755 0.181371
v -0.447608 -0.036498 0.181562
v -0.459094 -0.030118 0.177546
v -0.465732 -0.025102 0.172949
v -0.466290 -0.019411 0.177051
v -0.468768 -0.015705 0.172486
v -0.467233 -0.012886 0.167509
v -0.461709 -0.010646 0.162029
v -0.430765 -0.044364 0.185425
v -0.408810 -0.041357 0.195059
v -0.409754 -0.029233 0.195809
v -0.384366 -0.031646 0.201626
v -0.167641 0.026799 0.256415
v -0.191875 -0.035637 0.249880
v -0.193086 0.067059 0.248642
v -0.157565 0.094267 0.255996
v -0.124762 0.054780 0.262454
v -0.185331 0.131105 0.246259
v -0.157730 0.157586 0.251233
v -0.125142 0.125232 0.258929
v -0.207908 0.168496 0.234516
v -0.183646 0.189457 0.241776
v -0.162645 0.211605 0.243237
v -0.133924 0.185053 0.251124
v -0.224191 0.206173 0.223584
v -0.203966 0.222178 0.231725
v -0.185182 0.238780 0.234292
v -0.168277 0.255904 0.231813
v -0.144341 0.233033 0.240057
v -0.219281 0.254093 0.222162
v -0.203292 0.266846 0.225000
v -0.187804 0.279586 0.223189
v -0.173202 0.292369 0.216817
v -0.152184 0.271536 0.225231
v -0.217262 0.293923 0.216376
v -0.204070 0.303870 0.214753
v -0.191075 0.313434 0.209069
v -0.178899 0.322741 0.199132
v -0.158569 0.303688 0.206416
v -0.216934 0.326769 0.207401
v -0.206247 0.334505 0.202150
v -0.196137 0.341515 0.193322
v -0.187551 0.347747 0.180700
v -0.167472 0.330545 0.185292
v -0.218461 0.353768 0.196621
v -0.210635 0.359821 0.188747
v -0.204188 0.364526 0.177868
v -0.200224 0.367513 0.163958
v -0.181056 0.351993 0.164596
v -0.152023 0.341256 0.145016
v -0.158289 0.337147 0.167065
v -0.122808 0.330248 0.146877
v -0.131271 0.323181 0.171560
v -0.144384 0.314261 0.191310
v -0.136336 0.285933 0.214395
v -0.113538 0.269128 0.222928
v -0.128952 0.253201 0.232780
v -0.115309 0.213218 0.246146
v -0.097971 0.159926 0.256532
v -0.052667 0.133295 0.259618
v -0.085725 0.091438 0.263697
v -0.149118 0.343008 0.119313
v -0.148254 0.342535 0.091043
v -0.181922 0.349535 0.063669
v -0.150532 0.342814 0.061450
v -0.186707 0.350270 0.034045
v -0.155124 0.344486 0.031736
v -0.192341 0.352046 0.004682
v -0.160406 0.346482 0.002331
v -0.129945 0.341581 -0.000743
v -0.101071 0.338979 -0.004459
v -0.165272 0.347061 -0.025856
v -0.135052 0.342608 -0.029238
v -0.106273 0.340910 -0.033036
v -0.078585 0.343396 -0.036496
v -0.074855 0.340532 -0.007910
v -0.139547 0.340329 -0.055842
v -0.169152 0.345005 -0.052098
v -0.172759 0.339316 -0.075006
v -0.144069 0.334355 -0.079757
v -0.176331 0.329776 -0.093933
v -0.149594 0.324865 -0.098870
v -0.179735 0.316308 -0.107836
v -0.154106 0.312356 -0.113127
v -0.131218 0.309897 -0.120092
v -0.111603 0.307478 -0.128958
v -0.134684 0.296926 -0.128975
v -0.117177 0.296756 -0.136693
v -0.133745 0.283199 -0.132696
v -0.117606 0.286022 -0.140685
v -0.105909 0.287826 -0.147689
v -0.103967 0.295560 -0.144647
v -0.096887 0.304033 -0.138155
v -0.086713 0.299286 -0.145852
v -0.073389 0.306075 -0.138906
v -0.054894 0.313707 -0.131518
v -0.080593 0.293629 -0.150050
v -0.066755 0.297838 -0.144656
v -0.048520 0.303156 -0.138283
v -0.026425 0.309231 -0.132508
v -0.031701 0.322468 -0.125340
v -0.063684 0.288866 -0.145602
v -0.045416 0.291769 -0.139781
v -0.023885 0.295590 -0.133660
v 0.000226 0.299616 -0.128200
v -0.001428 0.316147 -0.127473
v -0.045191 0.280071 -0.136029
v -0.023873 0.281907 -0.129660
v -0.000556 0.284095 -0.123422
v 0.024167 0.285395 -0.117944
v 0.026336 0.303222 -0.123359
v -0.026033 0.268560 -0.120568
v -0.003246 0.269724 -0.113938
v 0.020093 0.270191 -0.107808
v 0.043453 0.268510 -0.102435
v 0.049790 0.284641 -0.113031
v -0.007176 0.256610 -0.099894
v 0.015062 0.257322 -0.093795
v 0.036394 0.255995 -0.088159
v 0.056409 0.251671 -0.083072
v 0.066128 0.263579 -0.097555
v 0.009863 0.246739 -0.076343
v 0.029428 0.246447 -0.071179
v 0.047188 0.243217 -0.066112
v 0.062836 0.236911 -0.061330
v 0.074293 0.243951 -0.078332
v 0.022928 0.239682 -0.052257
v 0.038650 0.237519 -0.047707
v 0.052342 0.232386 -0.043033
v 0.063697 0.224632 -0.038538
v 0.075782 0.227834 -0.056745
v 0.030623 0.234275 -0.028657
v 0.042573 0.229902 -0.024366
v 0.052525 0.223015 -0.020021
v 0.060115 0.214120 -0.015938
v 0.072388 0.214810 -0.034213
v 0.033192 0.229194 -0.005988
v 0.041936 0.222688 -0.001969
v 0.048714 0.214316 0.001885
v 0.053087 0.204656 0.005298
v 0.065186 0.203781 -0.012148
v 0.031748 0.223457 0.015064
v 0.037848 0.215137 0.018564
v 0.041985 0.205818 0.021650
v 0.043672 0.196072 0.024135
v 0.055070 0.194252 0.008214
v 0.027621 0.216354 0.033548
v 0.031518 0.207026 0.036258
v 0.033503 0.197661 0.038349
v 0.033116 0.188744 0.039776
v 0.043160 0.186376 0.025925
v 0.022089 0.208000 0.048489
v 0.024123 0.198903 0.050256
v 0.024497 0.190508 0.051270
v 0.022866 0.183277 0.051713
v 0.030902 0.180654 0.040396
v 0.016134 0.199605 0.059130
v 0.016684 0.191799 0.059914
v 0.016368 0.185036 0.059996
v 0.019924 0.177583 0.051366
v 0.015174 0.174124 0.050600
v 0.020411 0.169362 0.039504
v 0.026430 0.174063 0.040359
v 0.026997 0.163135 0.026708
v 0.034764 0.169290 0.027240
v 0.040028 0.177298 0.026990
v 0.044737 0.163397 0.013011
v 0.050987 0.173099 0.012133
v 0.054281 0.183590 0.010494
v 0.063706 0.168341 -0.003478
v 0.067098 0.180505 -0.005888
v 0.067466 0.192444 -0.008825
v 0.081528 0.177477 -0.022811
v 0.081303 0.190898 -0.026381
v 0.078224 0.203413 -0.030212
v 0.096485 0.189884 -0.044187
v 0.092537 0.203789 -0.048284
v 0.085709 0.216552 -0.052475
v 0.108200 0.204927 -0.066072
v 0.100482 0.219525 -0.070044
v 0.089173 0.232853 -0.074074
v 0.117323 0.223508 -0.086544
v 0.104415 0.240079 -0.089681
v 0.087129 0.254196 -0.093340
v 0.125410 0.206634 -0.083023
v 0.130609 0.190048 -0.079045
v 0.148664 0.190300 -0.095333
v 0.113062 0.189648 -0.061786
v 0.115920 0.173404 -0.057140
v 0.134454 0.173537 -0.074325
v 0.097944 0.174918 -0.039866
v 0.078967 0.163276 -0.019297
v 0.072918 0.148542 -0.016047
v 0.057329 0.156324 -0.001593
v 0.047310 0.145178 -0.000616
v 0.062651 0.133891 -0.013258
v 0.035852 0.155014 0.012997
v 0.023973 0.148944 0.011877
v 0.033721 0.135470 -0.000978
v 0.017438 0.159370 0.025238
v 0.006139 0.159058 0.022955
v 0.012588 0.167323 0.038091
v 0.004050 0.168237 0.035905
v -0.004846 0.172672 0.033286
v -0.005361 0.162941 0.019863
v 0.009463 0.173128 0.049234
v 0.002624 0.175081 0.047543
v -0.004099 0.179821 0.045214
v -0.010540 0.187232 0.042665
v -0.012372 0.180324 0.030187
v 0.002569 0.180104 0.056731
v -0.003054 0.185472 0.055130
v -0.008340 0.192917 0.052930
v -0.013245 0.202066 0.050635
v -0.015370 0.196482 0.039808
v -0.010451 0.207075 0.058618
v -0.014816 0.217454 0.056745
v -0.016715 0.212274 0.048310
v -0.007306 0.211547 0.063471
v -0.011951 0.222168 0.061843
v -0.016807 0.233847 0.060692
v -0.018224 0.228623 0.055219
v -0.003079 0.215241 0.064691
v -0.008490 0.226118 0.063321
v -0.014252 0.238407 0.062474
v -0.020485 0.251755 0.062688
v -0.021342 0.246411 0.060362
v -0.021434 0.240289 0.054467
v -0.026333 0.265981 0.063761
v -0.032155 0.280988 0.065938
v -0.026131 0.271516 0.062963
v -0.031447 0.287305 0.064485
v -0.034319 0.303391 0.067336
v -0.038070 0.296675 0.070335
v -0.027192 0.276712 0.059870
v -0.030845 0.281301 0.056824
v -0.033323 0.318779 0.074385
v -0.020301 0.233655 0.045321
v -0.019253 0.222995 0.046467
v -0.019349 0.227551 0.033393
v -0.019822 0.217486 0.034848
v -0.018714 0.206861 0.037141
v -0.021184 0.212417 0.020911
v -0.020863 0.201327 0.023680
v -0.018043 0.190305 0.026962
v -0.024584 0.195818 0.008725
v -0.021652 0.183299 0.012680
v -0.015221 0.171832 0.016521
v -0.027896 0.175549 -0.001925
v -0.030621 0.190417 -0.007113
v -0.040727 0.185586 -0.022687
v -0.038146 0.167323 -0.015796
v -0.056199 0.181460 -0.036792
v -0.054192 0.160270 -0.027060
v -0.069346 0.130411 -0.025941
v -0.091004 0.126654 -0.026016
v -0.109302 0.123818 -0.020558
v -0.107896 0.105566 -0.016263
v -0.124012 0.121559 -0.011713
v -0.122519 0.107525 -0.008286
v -0.125558 0.093701 -0.006878
v -0.111852 0.087653 -0.014636
v -0.132966 0.082094 -0.007414
v -0.122365 0.072596 -0.015222
v -0.143814 0.073854 -0.009708
v -0.136872 0.062523 -0.017938
v -0.128965 0.046509 -0.023727
v -0.153402 0.057928 -0.022724
v -0.150624 0.041958 -0.029247
v -0.169944 0.058750 -0.029810
v -0.171750 0.043522 -0.037189
v -0.185347 0.064264 -0.038987
v -0.190526 0.051002 -0.047495
v -0.206120 0.062125 -0.059609
v -0.217300 0.074834 -0.073700
v -0.225655 0.086006 -0.089122
v -0.234930 0.080286 -0.093710
v -0.246179 0.079371 -0.096207
v -0.231959 0.095072 -0.104022
v -0.239407 0.090014 -0.107501
v -0.247681 0.089877 -0.109637
v -0.256578 0.095067 -0.110367
v -0.258415 0.085556 -0.096422
v -0.242523 0.096865 -0.119296
v -0.248392 0.096489 -0.121021
v -0.254389 0.100929 -0.122005
v -0.255640 0.111487 -0.130875
v -0.260178 0.109627 -0.122547
v -0.265114 0.106209 -0.109736
v -0.270435 0.098146 -0.093752
v -0.275689 0.084944 -0.077317
v -0.281600 0.065907 -0.064018
v -0.258664 0.121047 -0.132084
v -0.253109 0.121613 -0.135474
v -0.255233 0.129856 -0.137260
v -0.260348 0.131135 -0.133901
v -0.251171 0.112770 -0.134357
v -0.250266 0.133415 -0.136215
v -0.251241 0.148064 -0.134372
v -0.247990 0.162493 -0.129748
v -0.258615 0.165191 -0.128425
v -0.257874 0.149983 -0.133854
v -0.243750 0.182113 -0.125200
v -0.258757 0.187225 -0.123758
v -0.237190 0.205114 -0.121946
v -0.230561 0.173766 -0.121796
v -0.220913 0.193678 -0.118060
v -0.207603 0.213998 -0.116023
v -0.226759 0.230283 -0.119851
v -0.208020 0.181274 -0.109644
v -0.193258 0.198462 -0.106889
v -0.198404 0.169069 -0.096735
v -0.182986 0.183084 -0.093494
v -0.192095 0.157301 -0.080925
v -0.177711 0.168577 -0.076713
v -0.188478 0.147048 -0.063140
v -0.176212 0.156047 -0.058967
v -0.161029 0.161617 -0.053864
v -0.176831 0.146181 -0.040968
v -0.164765 0.150227 -0.036356
v -0.151426 0.150018 -0.030619
v -0.168953 0.141912 -0.019686
v -0.158509 0.141607 -0.015026
v -0.148487 0.137522 -0.009914
v -0.138899 0.144636 -0.023948
v -0.140670 0.129916 -0.005038
v -0.129501 0.134521 -0.017089
v -0.135645 0.120028 -0.001082
v -0.149585 0.126601 0.007104
v -0.145147 0.118827 0.010007
v -0.143378 0.110111 0.011831
v -0.134102 0.108956 0.001485
v -0.144621 0.101417 0.012489
v -0.136060 0.098180 0.002487
v -0.148556 0.093965 0.011875
v -0.141550 0.088855 0.001998
v -0.154900 0.088550 0.010200
v -0.149701 0.082276 -0.000048
v -0.162777 0.085948 0.007396
v -0.159730 0.078951 -0.003449
v -0.156459 0.069973 -0.013912
v -0.170278 0.079346 -0.008343
v -0.169729 0.070379 -0.019859
v -0.180500 0.083271 -0.014377
v -0.182113 0.075197 -0.027803
v -0.171533 0.086246 0.003713
v -0.179868 0.089539 -0.000870
v -0.187099 0.095427 -0.005650
v -0.180082 0.094644 0.011701
v -0.186183 0.099398 0.008111
v -0.190684 0.105583 0.005061
v -0.191777 0.103410 -0.009876
v -0.192457 0.112383 0.003091
v -0.193438 0.112292 -0.011796
v -0.191954 0.118920 0.002719
v -0.191773 0.120705 -0.011886
v -0.192611 0.123643 -0.028977
v -0.187708 0.127817 -0.010369
v -0.186785 0.132361 -0.026868
v -0.187012 0.138621 -0.044808
v -0.194508 0.128335 -0.047830
v -0.198133 0.135431 -0.067044
v -0.203192 0.144257 -0.085036
v -0.211933 0.130104 -0.089532
v -0.218976 0.116180 -0.094305
v -0.210260 0.153874 -0.100947
v -0.219466 0.163992 -0.113447
v -0.225423 0.103961 -0.099483
v -0.237316 0.101527 -0.116991
v -0.178839 0.138634 -0.023708
v -0.181163 0.132981 -0.007764
v -0.173319 0.135696 -0.004365
v -0.183756 0.128658 0.006231
v -0.177082 0.130872 0.009174
v -0.169955 0.130856 0.012427
v -0.164583 0.135538 -0.000514
v -0.162845 0.128462 0.015582
v -0.156420 0.132397 0.003450
v -0.156988 0.123969 0.018376
v -0.168196 0.125152 0.025871
v -0.162896 0.121690 0.027942
v -0.159264 0.116989 0.029426
v -0.152864 0.117884 0.020464
v -0.157557 0.111446 0.030141
v -0.151122 0.110891 0.021730
v -0.157790 0.105715 0.030058
v -0.151685 0.103898 0.021960
v -0.154545 0.097771 0.021297
v -0.159252 0.093462 0.019762
v -0.165648 0.091452 0.017746
v -0.174000 0.096755 0.024736
v -0.172803 0.091916 0.014959
v -0.180222 0.099199 0.022335
v -0.174463 0.101205 0.032245
v -0.180248 0.103489 0.030800
v -0.185278 0.106698 0.028537
v -0.185914 0.103070 0.019668
v -0.189253 0.110536 0.025978
v -0.189890 0.107908 0.016940
v -0.184438 0.110375 0.034886
v -0.187850 0.113408 0.032137
v -0.179577 0.107675 0.036678
v -0.178581 0.111754 0.040137
v -0.173428 0.109837 0.040470
v -0.177062 0.115503 0.040852
v -0.174265 0.105548 0.037526
v -0.168303 0.108311 0.039304
v -0.163138 0.107105 0.035889
v -0.175199 0.118955 0.038786
v -0.172218 0.122049 0.033693
v -0.177598 0.123481 0.031640
v -0.182615 0.123433 0.029099
v -0.174194 0.126940 0.023268
v -0.180404 0.126939 0.020487
v -0.185675 0.125100 0.017683
v -0.187106 0.121998 0.026389
v -0.188723 0.124479 0.003877
v -0.028627 0.204681 -0.012217
v -0.021997 0.217106 -0.016163
v -0.023626 0.208033 0.005028
v -0.019452 0.218937 0.002479
v -0.012373 0.227472 0.001606
v -0.011961 0.226360 -0.017161
v -0.018682 0.222556 0.018995
v -0.014263 0.230822 0.018388
v -0.008023 0.236407 0.019048
v -0.003822 0.233016 0.002450
v -0.016964 0.236216 0.032929
v -0.013388 0.242357 0.033507
v -0.008069 0.244579 0.034907
v -0.000887 0.238582 0.020881
v 0.006877 0.237240 0.023665
v 0.015039 0.234188 0.007702
v 0.005651 0.235263 0.004577
v 0.022902 0.233218 -0.009971
v 0.011490 0.234281 -0.013446
v -0.000312 0.232063 -0.016064
v 0.017156 0.235684 -0.032696
v 0.002478 0.233767 -0.035954
v 0.005479 0.238566 -0.056620
v 0.023942 0.230073 0.011325
v 0.014516 0.232540 0.027081
v 0.021723 0.225131 0.030421
v 0.017879 0.217631 0.046227
v 0.009284 0.218364 0.055989
v 0.013530 0.208433 0.057831
v 0.002184 0.217552 0.062269
v 0.048389 0.119708 -0.012136
v 0.157117 0.157971 -0.085614
v 0.152509 0.173949 -0.090956
v 0.174033 0.159194 -0.101325
v 0.169408 0.173879 -0.106291
v 0.166576 0.189135 -0.110342
v 0.184453 0.172973 -0.119879
v 0.182649 0.185831 -0.123359
v 0.196774 0.172085 -0.130898
v 0.195593 0.182023 -0.133863
v 0.188825 0.160217 -0.115280
v 0.201290 0.161463 -0.126965
v 0.195775 0.146943 -0.109711
v 0.208703 0.149946 -0.121807
v 0.219312 0.154149 -0.131195
v 0.218825 0.136951 -0.115570
v 0.230791 0.142786 -0.125270
v 0.227029 0.160296 -0.137404
v 0.231478 0.168599 -0.140507
v 0.230993 0.122160 -0.108229
v 0.204937 0.132924 -0.103095
v 0.215795 0.117704 -0.095891
v 0.227226 0.101160 -0.088381
v 0.244489 0.104775 -0.100062
v 0.219753 0.083797 -0.069112
v 0.206015 0.085201 -0.057926
v 0.209642 0.072678 -0.053040
v 0.223984 0.067586 -0.062511
v 0.208853 0.060577 -0.048200
v 0.222369 0.052151 -0.056059
v 0.204058 0.050057 -0.043697
v 0.215921 0.038610 -0.050794
v 0.231455 0.024522 -0.057321
v 0.250839 0.008380 -0.061564
v 0.271073 -0.009614 -0.060332
v 0.290136 -0.027273 -0.052361
v 0.302731 -0.007370 -0.052448
v 0.306537 -0.043898 -0.037285
v 0.319075 -0.023389 -0.035912
v 0.334481 -0.004000 -0.038170
v 0.318143 0.011852 -0.056470
v 0.353117 0.014334 -0.043303
v 0.337107 0.029606 -0.062689
v 0.332202 -0.037173 -0.013419
v 0.319905 -0.059003 -0.015703
v 0.329608 -0.071707 0.011765
v 0.310819 -0.083032 -0.022426
v 0.320926 -0.097998 0.005784
v 0.326073 -0.110014 0.038524
v 0.335320 -0.081428 0.043162
v 0.326015 -0.118079 0.073709
v 0.336569 -0.087579 0.076729
v 0.320838 -0.120281 0.109349
v 0.333523 -0.089208 0.110421
v 0.310946 -0.117511 0.143216
v 0.326138 -0.086291 0.142432
v 0.314719 -0.078317 0.171701
v 0.335982 -0.053950 0.168347
v 0.299509 -0.064657 0.197003
v 0.299524 -0.154861 0.142796
v 0.292740 -0.195762 0.141359
v 0.296848 -0.065598 -0.043578
v 0.195544 0.042083 -0.039897
v 0.183290 0.037920 -0.036198
v 0.168347 0.038333 -0.032695
v 0.168658 0.050812 -0.029689
v 0.169136 0.061100 -0.028347
v 0.170733 0.070378 -0.028737
v 0.160463 0.073258 -0.028657
v 0.173347 0.078722 -0.030853
v 0.164129 0.082490 -0.031282
v 0.153574 0.086911 -0.033113
v 0.148934 0.076179 -0.029400
v 0.140840 0.092520 -0.035067
v 0.134923 0.078785 -0.030456
v 0.160969 0.095435 -0.038444
v 0.150794 0.103250 -0.042510
v 0.169214 0.089872 -0.035377
v 0.181746 0.075358 -0.032033
v 0.189763 0.071824 -0.035494
v 0.198365 0.067102 -0.040917
v 0.198904 0.076574 -0.044712
v 0.196272 0.086015 -0.048084
v 0.180697 0.144550 -0.095318
v 0.163579 0.141888 -0.079586
v -0.029753 0.255056 -0.107105
v -0.047439 0.267795 -0.127952
v -0.051800 0.254800 -0.115458
v -0.066622 0.268474 -0.134900
v -0.072098 0.256422 -0.124089
v -0.079995 0.242314 -0.109920
v -0.089673 0.260685 -0.131482
v -0.099815 0.248008 -0.119717
v -0.103458 0.267291 -0.137542
v -0.115625 0.257685 -0.127458
v -0.112942 0.276084 -0.140545
v -0.127026 0.269587 -0.132344
v -0.094937 0.275006 -0.145652
v -0.102776 0.280687 -0.148198
v -0.082697 0.270733 -0.141265
v -0.078807 0.279413 -0.147662
v -0.063731 0.279023 -0.142439
v -0.078035 0.286856 -0.150891
v 0.054250 0.304851 -0.119460
v 0.055100 0.329396 -0.121084
v 0.025877 0.323200 -0.123722
v -0.005564 0.332585 -0.121000
v -0.011922 0.347515 -0.108119
v -0.019502 0.358001 -0.089009
v 0.000746 0.382990 -0.064719
v -0.024649 0.363907 -0.064890
v -0.002788 0.383358 -0.037980
v -0.027031 0.364646 -0.038026
v -0.052199 0.351325 -0.037784
v -0.027438 0.360414 -0.009900
v -0.050518 0.347464 -0.009667
v -0.004049 0.378320 -0.009182
v -0.005607 0.368387 0.019836
v 0.013885 0.373201 0.053447
v -0.008342 0.356037 0.046762
v 0.041210 0.389737 0.060210
v 0.070473 0.402725 0.067390
v 0.067652 0.388493 0.096550
v 0.100163 0.410604 0.073617
v 0.099259 0.398688 0.102321
v 0.098640 0.389113 0.128740
v 0.065545 0.376613 0.124334
v 0.099859 0.380536 0.151944
v 0.067044 0.365434 0.150264
v 0.104545 0.371393 0.171509
v 0.072536 0.354020 0.172467
v 0.036923 0.334710 0.175103
v 0.083427 0.341386 0.189931
v 0.050050 0.318807 0.195075
v 0.099050 0.328961 0.201317
v 0.070242 0.301700 0.208461
v 0.119285 0.317429 0.206234
v 0.124881 0.352144 0.196483
v 0.139825 0.343389 0.200661
v 0.156670 0.335925 0.199066
v 0.158881 0.364847 0.196894
v 0.171191 0.359155 0.195499
v 0.183637 0.354882 0.189291
v 0.173352 0.330952 0.191435
v 0.194366 0.352876 0.178301
v 0.188273 0.328258 0.178327
v 0.202209 0.352901 0.163203
v 0.199661 0.328586 0.160145
v 0.205891 0.355637 0.144308
v 0.206634 0.331181 0.137686
v 0.209022 0.336459 0.111534
v 0.207289 0.343883 0.082410
v 0.203213 0.354092 0.051948
v 0.186680 0.389005 0.033952
v 0.198431 0.366198 0.022285
v 0.208914 0.341207 0.009922
v 0.193472 0.380806 -0.005930
v 0.203524 0.353707 -0.017200
v 0.213521 0.326876 -0.028001
v 0.218856 0.316073 -0.002883
v 0.223823 0.301868 -0.038000
v 0.229097 0.293825 -0.015632
v 0.239874 0.274188 -0.025840
v 0.243458 0.267240 -0.006340
v 0.254142 0.252893 -0.014143
v 0.206429 0.335736 -0.051452
v 0.217155 0.307985 -0.059243
v 0.196973 0.342181 -0.072777
v 0.207382 0.311367 -0.078391
v 0.183923 0.343726 -0.090748
v 0.194107 0.311775 -0.094270
v 0.166707 0.341991 -0.104095
v 0.176246 0.308869 -0.105800
v 0.159319 0.377154 -0.103363
v 0.138580 0.373346 -0.112954
v 0.134117 0.409233 -0.113893
v 0.111037 0.404299 -0.117886
v 0.113219 0.368688 -0.117683
v 0.153221 0.414091 -0.104268
v 0.147309 0.450632 -0.107647
v 0.130401 0.445090 -0.116162
v 0.141229 0.485304 -0.112157
v 0.125991 0.479256 -0.119249
v 0.108553 0.474138 -0.121313
v 0.110017 0.439839 -0.118971
v 0.090084 0.470047 -0.117646
v 0.090088 0.502057 -0.120572
v 0.076449 0.499941 -0.111837
v 0.073351 0.467931 -0.108463
v 0.105227 0.505838 -0.124141
v 0.120515 0.511055 -0.122790
v 0.113235 0.539413 -0.125819
v 0.100464 0.534418 -0.127148
v 0.087582 0.530670 -0.123657
v 0.084083 0.555290 -0.126553
v 0.075116 0.554031 -0.119709
v 0.076799 0.528931 -0.115956
v 0.094158 0.558810 -0.129302
v 0.105043 0.563845 -0.128147
v 0.096032 0.583516 -0.128957
v 0.087815 0.598081 -0.128209
v 0.114853 0.569190 -0.122884
v 0.104297 0.588834 -0.124241
v 0.093847 0.603502 -0.124007
v 0.099239 0.607546 -0.117028
v 0.110884 0.593140 -0.116349
v 0.115705 0.595577 -0.106328
v 0.102779 0.609614 -0.107940
v 0.123154 0.573980 -0.114423
v 0.128594 0.577156 -0.103563
v 0.131301 0.577809 -0.091702
v 0.117705 0.595213 -0.095289
v 0.134382 0.550465 -0.111063
v 0.140739 0.554947 -0.099567
v 0.143451 0.557510 -0.087224
v 0.130864 0.574718 -0.079960
v 0.150886 0.529104 -0.093994
v 0.153429 0.534661 -0.081258
v 0.159431 0.499517 -0.086486
v 0.160709 0.508685 -0.072682
v 0.160674 0.493013 -0.048842
v 0.150301 0.505146 -0.041819
v 0.163258 0.467014 -0.031820
v 0.149967 0.481075 -0.024850
v 0.133105 0.492272 -0.023257
v 0.135719 0.516981 -0.040425
v 0.165507 0.443266 -0.010185
v 0.149777 0.457617 -0.003895
v 0.130577 0.467380 -0.002656
v 0.109065 0.472929 -0.006763
v 0.150150 0.436845 0.020613
v 0.128694 0.444977 0.021413
v 0.104626 0.447424 0.017216
v 0.128135 0.426568 0.048647
v 0.101705 0.426671 0.044680
v 0.152052 0.420351 0.048615
v 0.168054 0.423316 0.015036
v 0.171719 0.407470 0.043487
v 0.182108 0.404346 0.005550
v 0.144367 0.523096 -0.106488
v 0.152580 0.491853 -0.100602
v 0.133809 0.516884 -0.116504
v 0.125120 0.545087 -0.120315
v 0.128157 0.566508 -0.068742
v 0.113545 0.582313 -0.074216
v 0.117170 0.591128 -0.084309
v 0.100436 0.597673 -0.080330
v 0.103815 0.605177 -0.088566
v 0.104657 0.609008 -0.098000
v 0.091622 0.618602 -0.108413
v 0.082404 0.622019 -0.107849
v 0.075835 0.619508 -0.106109
v 0.070887 0.611933 -0.103374
v 0.070311 0.609299 -0.111996
v 0.068529 0.599749 -0.099375
v 0.067430 0.596606 -0.108694
v 0.069397 0.593131 -0.117708
v 0.071767 0.605396 -0.119891
v 0.066830 0.579210 -0.104045
v 0.068583 0.576321 -0.114273
v 0.066767 0.557115 -0.097991
v 0.069225 0.554815 -0.109830
v 0.066351 0.530771 -0.090813
v 0.069030 0.529024 -0.104462
v 0.062931 0.501052 -0.082902
v 0.067058 0.499905 -0.098939
v 0.055575 0.469472 -0.075222
v 0.061154 0.468258 -0.093797
v 0.042616 0.437408 -0.068865
v 0.023951 0.407738 -0.065787
v 0.065731 0.502970 -0.065655
v 0.069126 0.533725 -0.076634
v 0.069183 0.560775 -0.086159
v 0.068071 0.582859 -0.093753
v 0.206543 0.373653 0.167188
v 0.207717 0.376138 0.152384
v 0.211739 0.389902 0.171577
v 0.211729 0.392278 0.160967
v 0.212794 0.406853 0.161183
v 0.215650 0.413227 0.168432
v 0.214246 0.416880 0.172615
v 0.212060 0.415540 0.180745
v 0.211714 0.410268 0.184390
v 0.205117 0.414647 0.183241
v 0.194626 0.411181 0.184003
v 0.180385 0.404107 0.184156
v 0.178120 0.408102 0.175742
v 0.183798 0.399522 0.189749
v 0.167709 0.387693 0.191157
v 0.161580 0.393516 0.184000
v 0.188608 0.395134 0.192429
v 0.175365 0.382337 0.194180
v 0.147710 0.371942 0.193118
v 0.195237 0.392515 0.191359
v 0.184570 0.377893 0.193206
v 0.202442 0.390538 0.187368
v 0.193650 0.374893 0.188033
v 0.208201 0.389631 0.180468
v 0.201542 0.373220 0.179306
v 0.208497 0.402274 0.186256
v 0.112744 0.361962 0.186469
v 0.139024 0.379276 0.184725
v 0.132906 0.386548 0.171767
v 0.157855 0.398672 0.173459
v 0.130039 0.392861 0.154936
v 0.156528 0.402799 0.159413
v 0.178139 0.410549 0.165586
v -0.204582 0.336863 -0.091034
v -0.206791 0.322773 -0.105073
v -0.233968 0.346017 -0.090700
v -0.235592 0.331023 -0.104145
v -0.264237 0.357407 -0.092519
v -0.265450 0.342666 -0.105237
v -0.293564 0.370079 -0.096489
v -0.294656 0.356511 -0.107800
v -0.299281 0.339134 -0.115019
v -0.321387 0.370058 -0.111394
v -0.326113 0.355728 -0.117617
v -0.336147 0.340204 -0.119614
v -0.321135 0.382273 -0.101439
v -0.346102 0.392017 -0.106374
v -0.324296 0.391342 -0.088632
v -0.350025 0.400715 -0.095222
v -0.373543 0.406307 -0.100553
v -0.368960 0.397808 -0.110687
v -0.396013 0.407638 -0.104660
v -0.390427 0.398728 -0.113765
v -0.417654 0.405148 -0.107126
v -0.411730 0.396039 -0.115790
v -0.403643 0.383533 -0.121016
v -0.432157 0.390972 -0.116240
v -0.424267 0.378715 -0.120837
v -0.414238 0.362425 -0.120616
v -0.392747 0.367931 -0.122580
v -0.450484 0.384963 -0.115857
v -0.438239 0.400017 -0.108630
v -0.456271 0.393076 -0.108487
v -0.470613 0.385272 -0.107429
v -0.464630 0.378014 -0.113752
v -0.480010 0.376919 -0.104528
v -0.474053 0.370554 -0.110605
v -0.474109 0.390253 -0.098886
v -0.483358 0.382023 -0.097332
v -0.486897 0.373655 -0.093822
v -0.485172 0.365450 -0.089950
v -0.477364 0.357060 -0.085038
v -0.463639 0.348279 -0.079211
v -0.461873 0.343838 -0.088327
v -0.442669 0.332265 -0.082201
v -0.439437 0.332064 -0.093979
v -0.459147 0.343690 -0.098384
v -0.443998 0.337734 -0.071061
v -0.420590 0.324258 -0.061050
v -0.419644 0.317461 -0.074054
v -0.395749 0.298878 -0.064661
v -0.390960 0.297184 -0.080956
v -0.415906 0.317071 -0.088315
v -0.396125 0.306551 -0.048870
v -0.373578 0.285726 -0.035617
v -0.372921 0.276624 -0.054101
v -0.368705 0.299570 -0.019059
v -0.349492 0.278122 -0.001422
v -0.353994 0.262206 -0.021130
v -0.357992 0.316227 -0.005941
v -0.339286 0.297245 0.014573
v -0.324687 0.278314 0.036884
v -0.334116 0.254887 0.018356
v -0.340648 0.332569 0.003673
v -0.323624 0.316630 0.026130
v -0.310413 0.302382 0.050497
v -0.300749 0.289556 0.076426
v -0.303047 0.333943 0.033542
v -0.318503 0.346340 0.008708
v -0.278086 0.346829 0.036860
v -0.249534 0.353540 0.036705
v -0.218370 0.353882 0.035753
v -0.212329 0.353433 0.065400
v -0.337628 0.361248 -0.013921
v -0.359250 0.377330 -0.033284
v -0.378288 0.392675 -0.048693
v -0.358312 0.396975 -0.052457
v -0.342085 0.398487 -0.061310
v -0.356143 0.406272 -0.082895
v -0.331158 0.396745 -0.074553
v -0.296128 0.379531 -0.081709
v -0.265343 0.367098 -0.075700
v -0.233496 0.355845 -0.072657
v -0.202357 0.346554 -0.072657
v -0.200362 0.351892 -0.049948
v -0.197477 0.353414 -0.023870
v -0.378772 0.411868 -0.089423
v -0.400312 0.413103 -0.093659
v -0.422951 0.411772 -0.085246
v -0.421677 0.410612 -0.096777
v -0.443099 0.406418 -0.087726
v -0.441944 0.405285 -0.098467
v -0.461084 0.399660 -0.089274
v -0.460031 0.398273 -0.099511
v -0.440877 0.402768 -0.076504
v -0.459693 0.396782 -0.079774
v -0.435181 0.393920 -0.066014
v -0.455731 0.389113 -0.070787
v -0.413282 0.399717 -0.062311
v -0.420699 0.408260 -0.074033
v -0.293973 0.278415 0.103368
v -0.287232 0.271296 0.130363
v -0.278642 0.305582 0.136031
v -0.274116 0.302869 0.156648
v -0.279238 0.267908 0.155371
v -0.269438 0.335042 0.141872
v -0.268427 0.333207 0.158809
v -0.264862 0.332574 0.173350
v -0.267668 0.302588 0.174560
v -0.261446 0.359649 0.148648
v -0.262565 0.358394 0.161429
v -0.261236 0.357834 0.173159
v -0.257839 0.357514 0.182928
v -0.259383 0.333361 0.185414
v -0.257098 0.378627 0.164285
v -0.257022 0.377825 0.173346
v -0.255097 0.376921 0.181375
v -0.251684 0.375412 0.187664
v -0.252924 0.357784 0.190553
v -0.252555 0.392875 0.173891
v -0.251583 0.391191 0.180183
v -0.248912 0.388651 0.185433
v -0.245661 0.397779 0.183140
v -0.241536 0.392519 0.186260
v -0.235791 0.383632 0.188970
v -0.228190 0.370667 0.192267
v -0.227040 0.347722 0.201205
v -0.228025 0.319621 0.208733
v -0.235713 0.342056 0.202474
v -0.238962 0.313097 0.206148
v -0.244291 0.338070 0.200158
v -0.249592 0.308058 0.199546
v -0.252314 0.335067 0.194383
v -0.259267 0.304293 0.188905
v -0.244249 0.276934 0.206056
v -0.257294 0.271079 0.193843
v -0.269117 0.267678 0.176739
v -0.252953 0.233578 0.200281
v -0.269401 0.228096 0.180487
v -0.283527 0.228056 0.154691
v -0.288118 0.183880 0.155417
v -0.236077 0.242905 0.214087
v -0.230856 0.284954 0.213523
v -0.252027 0.393473 0.166621
v -0.254916 0.379036 0.154561
v -0.249706 0.393487 0.159470
v -0.250157 0.379488 0.145506
v -0.245328 0.392565 0.152791
v -0.338340 0.236006 -0.005593
v -0.336786 0.222626 -0.031756
v -0.353058 0.251275 -0.043130
v -0.329807 0.215355 -0.058002
v -0.346645 0.246020 -0.065228
v -0.367454 0.273451 -0.073127
v -0.335120 0.246882 -0.085536
v -0.357053 0.276202 -0.090614
v -0.318027 0.214448 -0.081719
v -0.455529 0.347916 -0.107383
v -0.177906 -0.080492 0.246326
v -0.228093 -0.085297 0.233746
v -0.315723 -0.126542 0.176210
v -0.322758 0.103937 0.120890
v -0.328942 0.104945 0.083986
v -0.330093 0.099283 0.047133
v -0.326278 0.089456 0.012898
v -0.422302 -0.102849 -0.097458
v -0.461578 -0.100973 -0.094425
v -0.453760 -0.116385 -0.104273
v -0.488997 -0.113568 -0.102284
v -0.483743 -0.128378 -0.111040
v -0.513263 -0.124403 -0.108857
v -0.510275 -0.138038 -0.116640
v -0.532416 -0.162669 -0.124195
v -0.549879 -0.167319 -0.123140
v -0.552740 -0.186167 -0.125692
v -0.534888 -0.182229 -0.126577
v -0.555432 -0.204660 -0.126411
v -0.539394 -0.201391 -0.127397
v -0.557585 -0.220813 -0.125408
v -0.543072 -0.217380 -0.125847
v -0.545401 -0.229431 -0.121854
v -0.547275 -0.237327 -0.115473
v -0.531605 -0.231454 -0.111893
v -0.513031 -0.222657 -0.106757
v -0.550136 -0.241325 -0.107718
v -0.534594 -0.235309 -0.102778
v -0.516131 -0.226129 -0.096355
v -0.493684 -0.214325 -0.088133
v -0.491070 -0.211031 -0.100479
v -0.539138 -0.235787 -0.093726
v -0.522029 -0.226166 -0.086285
v -0.501267 -0.213478 -0.076593
v -0.475661 -0.199609 -0.064154
v -0.466293 -0.201905 -0.078022
v -0.463477 -0.198120 -0.092928
v -0.553451 -0.241412 -0.099327
v -0.565269 -0.243605 -0.103923
v -0.567393 -0.239390 -0.096588
v -0.567955 -0.230888 -0.089956
v -0.565794 -0.217508 -0.083328
v -0.575209 -0.216318 -0.090734
v -0.572332 -0.199109 -0.085403
v -0.561415 -0.200301 -0.076753
v -0.580359 -0.214452 -0.098933
v -0.578141 -0.197389 -0.094922
v -0.574149 -0.178936 -0.090553
v -0.568210 -0.180749 -0.080621
v -0.580802 -0.212627 -0.107669
v -0.578816 -0.194957 -0.104592
v -0.574822 -0.176496 -0.100844
v -0.568410 -0.158751 -0.096254
v -0.574681 -0.192424 -0.113801
v -0.570807 -0.173602 -0.110448
v -0.564633 -0.156060 -0.106242
v -0.555196 -0.140546 -0.100936
v -0.558849 -0.143460 -0.090802
v -0.562534 -0.170803 -0.118407
v -0.565877 -0.189419 -0.121068
v -0.576567 -0.210300 -0.115783
v -0.568100 -0.207760 -0.122491
v -0.576771 -0.225684 -0.116578
v -0.568927 -0.223454 -0.122121
v -0.545105 -0.130166 -0.083549
v -0.541264 -0.127256 -0.094558
v -0.522740 -0.114581 -0.086413
v -0.526884 -0.117929 -0.074135
v -0.517871 -0.116758 -0.098538
v -0.494853 -0.104561 -0.090319
v -0.529883 -0.126246 -0.063786
v -0.531816 -0.139674 -0.057384
v -0.556167 -0.180691 -0.070865
v -0.431418 -0.167267 -0.014176
v -0.285721 -0.220866 -0.009089
v -0.296508 -0.215014 -0.026449
v -0.306085 -0.209446 -0.045945
v -0.278332 -0.226224 -0.036032
v -0.283335 -0.221302 -0.053881
v -0.313556 -0.201713 -0.066179
v -0.316730 -0.190106 -0.084816
v -0.262944 -0.238373 -0.041194
v -0.263852 -0.236065 -0.058263
v -0.249921 -0.252921 -0.041329
v -0.248088 -0.253533 -0.058161
v -0.238908 -0.269355 -0.037222
v -0.235296 -0.273656 -0.054412
v -0.229639 -0.276226 -0.071710
v -0.220578 -0.277564 -0.087857
v -0.224642 -0.295693 -0.047619
v -0.218335 -0.301889 -0.065788
v -0.209335 -0.305826 -0.082600
v -0.208520 -0.329806 -0.058176
v -0.199667 -0.337156 -0.076903
v -0.187731 -0.339763 -0.092997
v -0.215035 -0.320242 -0.038375
v -0.205506 -0.346507 -0.027246
v -0.220405 -0.309074 -0.018189
v -0.211006 -0.332336 -0.004654
v -0.200118 -0.356855 0.008945
v -0.195048 -0.373411 -0.015304
v -0.187246 -0.379728 0.021416
v -0.183191 -0.397091 -0.002981
v -0.171658 -0.398523 0.031858
v -0.168637 -0.416194 0.007305
v -0.166547 -0.437809 -0.014534
v -0.150763 -0.430133 0.014248
v -0.152300 -0.411837 0.038831
v -0.176349 -0.385230 0.058693
v -0.156241 -0.398371 0.066126
v -0.192312 -0.365711 0.047923
v -0.229292 -0.288287 -0.029411
v -0.233491 -0.279498 -0.012294
v -0.241661 -0.264363 -0.021209
v -0.274403 -0.227980 0.005071
v -0.262639 -0.238249 0.015597
v -0.217079 -0.314436 0.122006
v -0.210623 -0.336325 0.152823
v -0.210401 -0.360785 0.159388
v -0.205538 -0.332933 0.171440
v -0.208172 -0.357607 0.174178
v -0.212365 -0.377889 0.177233
v -0.213284 -0.380384 0.166813
v -0.195720 -0.331479 0.186888
v -0.201556 -0.356867 0.186302
v -0.208153 -0.377326 0.186381
v -0.191877 -0.358008 0.195423
v -0.201295 -0.378680 0.193277
v -0.209067 -0.394248 0.191588
v -0.213945 -0.405296 0.189576
v -0.193133 -0.381169 0.197449
v -0.215831 -0.412226 0.186971
v -0.217000 -0.413758 0.179279
v -0.216681 -0.408334 0.173502
v -0.213976 -0.398814 0.166183
v -0.182019 -0.332626 0.198367
v -0.157926 -0.411986 -0.104421
v -0.072519 -0.592221 -0.115243
v -0.067629 -0.500566 -0.067993
v -0.057244 -0.467192 -0.080050
v -0.043304 -0.434034 -0.076556
v -0.023527 -0.403122 -0.077415
v 0.009200 -0.376967 -0.056547
v 0.000894 -0.377272 -0.081553
v 0.015231 -0.351608 -0.106750
v 0.038334 -0.336032 -0.114256
v 0.028280 -0.328257 -0.124654
v 0.004984 -0.341558 -0.119114
v 0.022449 -0.316785 -0.130234
v -0.001412 -0.326247 -0.125470
v 0.020242 -0.302774 -0.131044
v -0.004153 -0.308671 -0.126228
v -0.031866 -0.315111 -0.121736
v -0.003238 -0.290605 -0.121575
v -0.030798 -0.293052 -0.116297
v 0.001223 -0.273258 -0.111826
v -0.025386 -0.273782 -0.105551
v 0.021251 -0.287761 -0.127326
v 0.025635 -0.272426 -0.119149
v 0.042504 -0.285411 -0.132315
v 0.046799 -0.272280 -0.125956
v 0.055136 -0.258435 -0.116233
v 0.086844 -0.248749 -0.114051
v 0.067324 -0.242919 -0.103825
v 0.101220 -0.258465 -0.122349
v 0.110038 -0.271209 -0.127254
v 0.092554 -0.289514 -0.132980
v 0.112664 -0.285801 -0.127971
v 0.090233 -0.301912 -0.129743
v 0.110655 -0.300156 -0.123730
v 0.134856 -0.298664 -0.118428
v 0.104000 -0.313821 -0.114459
v 0.128970 -0.313373 -0.107932
v 0.156945 -0.314529 -0.103760
v 0.162717 -0.298395 -0.114690
v 0.149010 -0.326798 -0.086983
v 0.140089 -0.335039 -0.065127
v 0.083719 -0.313969 -0.122542
v 0.075302 -0.292504 -0.136561
v 0.059028 -0.294854 -0.137264
v 0.041128 -0.298185 -0.135169
v 0.014003 -0.371049 -0.027200
v -0.114102 -0.176345 -0.050711
v -0.094491 -0.194009 -0.040542
v -0.096350 -0.179320 -0.034912
v -0.079385 -0.195772 -0.023487
v -0.080554 -0.182883 -0.018839
v -0.078581 -0.169524 -0.014336
v -0.066531 -0.186410 -0.002560
v -0.064349 -0.174794 0.000729
v -0.059124 -0.163568 0.003455
v -0.073320 -0.156363 -0.010279
v -0.050975 -0.153459 0.005160
v -0.064180 -0.144147 -0.006988
v -0.040130 -0.144833 0.005637
v -0.052296 -0.133086 -0.005435
v -0.067350 -0.120177 -0.014043
v -0.084803 -0.107083 -0.019553
v -0.037718 -0.123079 -0.005697
v -0.052567 -0.106740 -0.013355
v -0.034372 -0.093041 -0.014553
v -0.010709 -0.080030 -0.016976
v -0.026726 -0.138217 0.004510
v -0.030788 -0.154779 0.018261
v -0.019376 -0.150747 0.016900
v -0.023455 -0.162671 0.031535
v -0.014237 -0.160310 0.030104
v -0.004099 -0.161336 0.027928
v -0.010318 -0.167318 0.043035
v -0.002549 -0.169131 0.041158
v 0.005031 -0.174446 0.038906
v 0.005779 -0.166442 0.025236
v -0.001449 -0.174511 0.053112
v 0.004319 -0.179874 0.051247
v -0.001153 -0.178021 0.062967
v -0.007483 -0.172229 0.054672
v -0.005414 -0.175567 0.064171
v -0.013009 -0.172918 0.055812
v -0.009468 -0.175850 0.065040
v -0.017825 -0.176190 0.056396
v -0.012626 -0.178716 0.065505
v -0.021298 -0.181712 0.056409
v -0.023933 -0.172597 0.045021
v -0.028808 -0.178740 0.044915
v -0.031797 -0.186559 0.044144
v -0.037351 -0.174772 0.031784
v -0.041347 -0.183375 0.030592
v -0.042974 -0.192918 0.028742
v -0.032916 -0.195569 0.042566
v -0.042342 -0.202951 0.026134
v -0.054161 -0.189861 0.013423
v -0.053576 -0.200428 0.010374
v -0.050483 -0.210714 0.006764
v -0.062315 -0.208996 -0.010516
v -0.056016 -0.218936 -0.014887
v -0.044843 -0.219927 0.002928
v -0.065889 -0.198041 -0.006400
v -0.075285 -0.208067 -0.028308
v -0.089555 -0.207801 -0.045998
v -0.067983 -0.219061 -0.033160
v -0.046939 -0.226960 -0.019208
v -0.037063 -0.227567 -0.001030
v -0.052035 -0.179410 0.015954
v -0.047378 -0.169733 0.017646
v -0.031350 -0.167685 0.032065
v -0.040160 -0.161324 0.018520
v -0.017707 -0.168607 0.044345
v -0.102750 -0.095341 -0.021006
v -0.119174 -0.088052 -0.019362
v -0.127206 -0.099321 -0.022413
v -0.138032 -0.106798 -0.027661
v -0.132497 -0.083892 -0.015856
v -0.137800 -0.092610 -0.018132
v -0.145832 -0.098371 -0.021818
v -0.155449 -0.100757 -0.026503
v -0.151121 -0.109550 -0.034240
v -0.146015 -0.088033 -0.013542
v -0.151758 -0.092270 -0.016355
v -0.159019 -0.094181 -0.020004
v -0.161773 -0.088569 -0.015152
v -0.163381 -0.083404 -0.011587
v -0.168901 -0.082196 -0.015994
v -0.168248 -0.076261 -0.013292
v -0.173760 -0.072953 -0.019205
v -0.174934 -0.080282 -0.022145
v -0.180156 -0.068518 -0.027032
v -0.181637 -0.078029 -0.030510
v -0.188379 -0.062497 -0.036590
v -0.190394 -0.075290 -0.041156
v -0.199980 -0.054245 -0.047324
v -0.203171 -0.071668 -0.053412
v -0.181402 -0.051910 -0.031863
v -0.170308 -0.045234 -0.027151
v -0.175279 -0.060567 -0.023508
v -0.170379 -0.066614 -0.016688
v -0.165703 -0.071004 -0.011552
v -0.156567 -0.044466 -0.022684
v -0.143154 -0.049734 -0.018946
v -0.133716 -0.060483 -0.016386
v -0.144798 -0.065087 -0.012643
v -0.142007 -0.073537 -0.011609
v -0.130641 -0.072802 -0.015318
v -0.152453 -0.068490 -0.009642
v -0.149944 -0.074493 -0.008543
v -0.142500 -0.081548 -0.011949
v 0.028630 -0.263235 0.070986
v 0.023998 -0.247681 0.065656
v 0.019382 -0.247723 0.068255
v 0.300921 -0.338839 -0.116262
v 0.284865 -0.303089 -0.119333
v 0.258923 -0.356264 0.165734
v 0.257140 -0.356442 0.177329
v 0.259810 -0.333345 0.178519
v 0.258196 -0.356557 0.152485
v 0.251672 -0.374294 0.157483
v 0.253858 -0.374737 0.167892
v 0.246551 -0.373534 0.147220
v 0.241224 -0.385081 0.154555
v 0.246377 -0.387255 0.162381
v 0.249180 -0.388049 0.169754
v 0.249772 -0.387715 0.177005
v 0.253729 -0.374450 0.176687
v 0.248533 -0.385745 0.182693
v 0.251544 -0.373641 0.184325
v 0.253504 -0.356716 0.186145
v 0.246550 -0.337626 0.196705
v 0.253772 -0.335032 0.189474
v 0.242151 -0.313447 0.202518
v 0.252197 -0.308646 0.193850
v 0.235022 -0.285663 0.209508
v 0.231667 -0.319374 0.206778
v 0.221801 -0.294505 0.214449
v 0.208489 -0.267920 0.223022
v 0.208949 -0.303817 0.214638
v 0.193586 -0.280752 0.223140
v 0.174423 -0.258137 0.231853
v 0.179597 -0.292824 0.218597
v 0.159650 -0.273947 0.226828
v 0.136268 -0.257503 0.234184
v 0.145603 -0.287502 0.217762
v 0.123665 -0.274274 0.224992
v 0.130869 -0.298923 0.205033
v 0.110076 -0.286939 0.213338
v 0.152610 -0.313016 0.196992
v 0.138604 -0.320404 0.179481
v 0.166153 -0.303913 0.210003
v 0.184605 -0.321746 0.202563
v 0.173271 -0.329165 0.190590
v 0.196502 -0.313274 0.210781
v 0.210524 -0.333442 0.203554
v 0.200523 -0.340260 0.196528
v 0.220952 -0.326387 0.207268
v 0.230174 -0.346614 0.200746
v 0.221671 -0.352391 0.197856
v 0.238464 -0.341543 0.200727
v 0.230471 -0.368409 0.192815
v 0.213817 -0.357671 0.191349
v 0.206992 -0.362214 0.182344
v 0.191608 -0.345813 0.185460
v 0.202401 -0.365166 0.169870
v 0.184339 -0.350101 0.171163
v 0.162839 -0.334620 0.173997
v 0.154316 -0.338261 0.153133
v 0.236909 -0.380849 0.189165
v 0.241884 -0.389043 0.185228
v 0.244856 -0.394005 0.181637
v 0.226865 -0.389386 0.163642
v 0.013227 0.014202 -0.023470
v -0.019684 -0.004253 -0.023127
v -0.225907 0.393600 0.157520
v -0.233404 0.401424 0.160714
v -0.160102 -0.239793 -0.199989
v -0.160102 -0.239793 -0.199989
v -0.160102 -0.239793 -0.199989
v -0.160102 -0.239793 -0.199989
v -0.160162 -0.239793 -0.199989
v -0.160162 -0.239793 -0.199989
v -0.160162 -0.239793 -0.199989
v -0.160162 -0.239793 -0.199989
v -0.160162 -0.239793 -0.199989
v -0.160102 -0.239793 -0.199989
v -0.160162 -0.239793 -0.199989
v -0.160102 -0.239793 -0.199989
v -0.160102 -0.239793 -0.199989
v -0.160162 -0.239793 -0.199989
v -0.160102 -0.239793 -0.199989
v -0.160162 -0.239793 -0.199989
v -0.160102 -0.239793 -0.199989
v -0.160162 -0.239793 -0.199989
v -0.359832 0.079871 -0.119801
v -0.359832 0.079871 -0.119801
v -0.359832 0.079871 -0.119801
v -0.359832 0.079871 -0.119801
v -0.359885 0.079871 -0.119801
v -0.359885 0.079871 -0.119801
v -0.359885 0.079871 -0.119801
v -0.359885 0.079871 -0.119801
v -0.359885 0.079871 -0.119801
v -0.359832 0.079871 -0.119801
v -0.359885 0.079871 -0.119801
v -0.359832 0.079871 -0.119801
v -0.359832 0.079871 -0.119801
v -0.359885 0.079871 -0.119801
v -0.359832 0.079871 -0.119801
v -0.359885 0.079871 -0.119801
v -0.359832 0.079871 -0.119801
v -0.359885 0.079871 -0.119801
v 0.359885 -0.079871 -0.119801
v 0.359885 -0.079871 -0.119801
v 0.359885 -0.079871 -0.119801
v 0.359885 -0.079871 -0.119801
v 0.359832 -0.079871 -0.119801
v 0.359832 -0.079871 -0.119801
v 0.359832 -0.079871 -0.119801
v 0.359832 -0.079871 -0.119801
v 0.359832 -0.079871 -0.119801
v 0.359885 -0.079871 -0.119801
v 0.359832 -0.079871 -0.119801
v 0.359885 -0.079871 -0.119801
v 0.359885 -0.079871 -0.119801
v 0.359832 -0.079871 -0.119801
v 0.359885 -0.079871 -0.119801
v 0.359832 -0.079871 -0.119801
v 0.359885 -0.079871 -0.119801
v 0.359832 -0.079871 -0.119801
v 0.160164 0.239793 -0.199989
v 0.160164 0.239793 -0.199989
v 0.160164 0.239793 -0.199989
v 0.160164 0.239793 -0.199989
v 0.160100 0.239793 -0.199989
v 0.160100 0.239793 -0.199989
v 0.160100 0.239793 -0.199989
v 0.160100 0.239793 -0.199989
v 0.160100 0.239793 -0.199989
v 0.160164 0.239793 -0.199989
v 0.160100 0.239793 -0.199989
v 0.160164 0.239793 -0.199989
v 0.160164 0.239793 -0.199989
v 0.160100 0.239793 -0.199989
v 0.160164 0.239793 -0.199989
v 0.160100 0.239793 -0.199989
v 0.160164 0.239793 -0.199989
v 0.160100 0.239793 -0.199989
# 4056 vertices

vn -0.874746 -0.438278 0.206719
vn -0.852910 -0.467440 -0.232473
vn -0.958568 -0.069319 -0.276300
vn -0.950749 -0.159092 0.266020
vn -0.693951 -0.313859 0.648016
vn -0.600215 -0.646336 0.471159
vn -0.479948 -0.876111 0.045615
vn -0.741247 0.317461 0.591415
vn -0.801864 0.493471 0.336898
vn -0.678357 0.580794 0.450012
vn -0.634847 0.303961 0.710336
vn -0.760321 0.149324 0.632150
vn -0.901473 0.313789 0.298132
vn -0.577621 0.046400 0.814986
vn -0.165335 -0.677959 -0.716265
vn 0.147595 -0.757907 -0.635446
vn 0.031099 -0.393867 -0.918641
vn -0.325526 -0.337176 -0.883371
vn -0.345702 -0.847887 -0.401968
vn 0.091039 -0.980737 -0.172821
vn -0.670741 -0.388210 -0.631980
vn -0.073371 -0.611311 0.787982
vn 0.111908 -0.784928 0.609397
vn -0.062815 -0.808694 0.584866
vn -0.255449 -0.547933 0.796564
vn -0.092766 -0.504238 0.858568
vn 0.147654 -0.710367 0.688170
vn -0.325102 -0.341627 0.881816
vn -0.357213 0.556410 -0.750204
vn -0.311917 0.369706 -0.875229
vn -0.059141 0.353187 -0.933682
vn -0.198506 0.610057 -0.767089
vn -0.563757 0.645555 -0.515205
vn -0.618981 0.435107 -0.653869
vn -0.410829 0.787447 -0.459507
vn 0.376943 -0.367244 -0.850321
vn 0.462148 -0.588808 -0.663117
vn 0.487592 -0.534905 -0.690022
vn 0.366253 -0.252893 -0.895491
vn 0.206073 -0.093731 -0.974037
vn 0.259883 -0.299944 -0.917875
vn 0.362680 -0.578796 -0.730382
vn -0.300631 -0.373819 0.877428
vn -0.158147 -0.431912 0.887942
vn -0.352524 -0.258373 0.899428
vn -0.409970 -0.179520 0.894258
vn -0.496509 -0.018505 0.867834
vn -0.501943 -0.098659 0.859255
vn -0.051984 -0.665584 0.744510
vn 0.065053 -0.656779 0.751272
vn -0.568936 -0.177232 0.803057
vn -0.381258 -0.471900 0.794955
vn -0.167386 -0.717797 0.675833
vn 0.281333 -0.141748 -0.949083
vn 0.177110 0.015475 -0.984069
vn 0.154488 0.138673 -0.978214
vn 0.119855 0.160667 -0.979704
vn 0.405635 -0.517342 -0.753537
vn 0.278992 -0.545095 -0.790592
vn 0.204690 -0.168738 -0.964173
vn 0.121022 0.146149 -0.981832
vn -0.048935 -0.052130 -0.997441
vn 0.106426 -0.139645 -0.984466
vn 0.120868 -0.541948 -0.831675
vn -0.091115 -0.496773 -0.863084
vn -0.011745 0.238198 -0.971146
vn 0.062433 0.184287 -0.980888
vn -0.199020 -0.121890 -0.972386
vn -0.115025 0.155756 -0.981076
vn -0.061588 0.201840 -0.977480
vn -0.054349 0.310963 -0.948867
vn -0.268921 -0.455581 -0.848603
vn 0.053933 -0.910240 0.410554
vn -0.363408 -0.877080 0.314111
vn -0.127777 -0.710012 0.692500
vn 0.345222 -0.678476 0.648453
vn 0.202013 -0.969272 0.140364
vn -0.392639 -0.913370 -0.107660
vn 0.679956 -0.601622 0.419179
vn -0.720663 -0.436753 0.538416
vn -0.886023 -0.398983 0.236170
vn -0.903143 -0.294959 0.311980
vn -0.662143 -0.378788 0.646595
vn -0.553786 -0.518238 0.651728
vn -0.787044 -0.542735 0.293257
vn -0.357320 -0.440194 0.823743
vn 0.272663 -0.229386 -0.934364
vn 0.088470 -0.042145 -0.995187
vn 0.181819 -0.019242 -0.983144
vn 0.461509 -0.136635 -0.876550
vn 0.731709 -0.298109 -0.612970
vn 0.586019 -0.468611 -0.661049
vn 0.012651 -0.063750 -0.997886
vn 0.000257 0.002137 -0.999998
vn 0.440454 -0.621413 -0.647955
vn 0.196997 -0.409714 -0.890689
vn -0.029499 -0.148290 -0.988504
vn 0.396450 -0.029035 -0.917597
vn 0.072176 -0.202236 -0.976674
vn 0.452133 -0.286843 -0.844569
vn 0.722508 -0.035508 -0.690450
vn 0.367038 0.082211 -0.926566
vn -0.062099 -0.064489 -0.995984
vn 0.755276 0.114612 -0.645308
vn 0.670603 -0.639577 0.375809
vn 0.437856 -0.677331 0.591189
vn 0.401199 -0.777484 0.484312
vn 0.557938 -0.737148 0.381205
vn 0.616630 -0.725379 0.305930
vn 0.665808 -0.714603 0.214572
vn 0.717468 -0.490452 0.494668
vn 0.445132 -0.557440 0.700798
vn 0.832464 -0.545554 0.096821
vn 0.896972 -0.398316 0.191795
vn 0.731029 -0.682337 0.003526
vn -0.546660 -0.546655 -0.634296
vn -0.437720 -0.403716 -0.803377
vn -0.374027 -0.431841 -0.820742
vn -0.452291 -0.649627 -0.611079
vn -0.645500 -0.673204 -0.360730
vn -0.751866 -0.566653 -0.337049
vn -0.655900 -0.490190 -0.574029
vn -0.486934 -0.395236 -0.778899
vn -0.442132 -0.430655 -0.786801
vn -0.414550 -0.380117 -0.826837
vn -0.518838 -0.779101 -0.351864
vn -0.698901 -0.714490 0.032272
vn -0.689394 -0.722789 0.048083
vn -0.591624 -0.805708 0.028564
vn -0.644198 -0.764849 0.003897
vn -0.728311 -0.684692 -0.027567
vn -0.772063 -0.635244 0.019591
vn -0.790068 -0.611353 0.045178
vn -0.052903 0.026177 -0.998257
vn -0.195419 0.074124 -0.977915
vn -0.295774 -0.232697 -0.926483
vn -0.044815 -0.196941 -0.979391
vn 0.170910 0.223206 -0.959671
vn 0.067928 0.368779 -0.927032
vn 0.259830 -0.020874 -0.965429
vn 0.436426 0.160650 -0.885282
vn 0.327158 -0.120002 -0.937319
vn 0.518303 0.137268 -0.844109
vn 0.399238 0.348981 -0.847834
vn 0.538784 0.355478 -0.763771
vn 0.337466 0.100910 -0.935913
vn 0.365388 -0.054778 -0.929242
vn 0.068679 -0.254180 -0.964715
vn 0.052247 -0.143854 -0.988219
vn 0.517520 0.242550 -0.820575
vn 0.534646 0.167659 -0.828278
vn 0.416413 0.331487 -0.846591
vn 0.519537 0.345558 -0.781454
vn 0.161560 0.126423 -0.978732
vn 0.268088 0.329528 -0.905285
vn -0.033861 -0.063823 -0.997387
vn 0.066814 0.303835 -0.950379
vn 0.025853 0.106408 -0.993986
vn -0.067732 0.058945 -0.995961
vn -0.028959 0.114955 -0.992948
vn -0.079889 0.122320 -0.989270
vn -0.079054 0.367171 -0.926788
vn 0.139019 0.572457 -0.808064
vn 0.325213 0.523760 -0.787345
vn -0.035935 0.612242 -0.789853
vn 0.453284 0.292869 -0.841880
vn 0.582233 0.309551 -0.751786
vn 0.639822 0.182934 -0.746433
vn 0.547083 0.064360 -0.834601
vn 0.420309 -0.067499 -0.904867
vn 0.309855 0.129498 -0.941924
vn 0.483658 0.456652 -0.746689
vn 0.552468 0.403882 -0.729149
vn 0.284088 0.456616 -0.843087
vn 0.398452 0.558980 -0.727171
vn 0.152226 0.297541 -0.942495
vn 0.093576 -0.076219 -0.992690
vn 0.047707 -0.248107 -0.967557
vn -0.074102 -0.140986 -0.987234
vn 0.008552 -0.077932 -0.996922
vn 0.239101 -0.111156 -0.964611
vn 0.211849 -0.295209 -0.931650
vn 0.124756 0.089317 -0.988159
vn 0.264625 0.083090 -0.960765
vn 0.015224 -0.049112 -0.998677
vn 0.034759 -0.003746 -0.999389
vn 0.021316 0.072176 -0.997164
vn -0.125152 0.005645 -0.992122
vn 0.002828 -0.006642 -0.999974
vn 0.100468 -0.077505 -0.991917
vn 0.036270 -0.110647 -0.993198
vn -0.000235 -0.097637 -0.995222
vn -0.177718 -0.244305 -0.953274
vn -0.245638 -0.464633 -0.850751
vn -0.146137 -0.485771 -0.861783
vn -0.082378 -0.199264 -0.976477
vn -0.263849 -0.026001 -0.964214
vn -0.381772 -0.284183 -0.879483
vn -0.124724 0.110114 -0.986062
vn -0.151080 -0.406507 -0.901070
vn -0.326979 -0.665993 -0.670476
vn -0.427227 -0.626898 -0.651519
vn -0.255941 -0.427765 -0.866897
vn -0.096989 -0.231272 -0.968043
vn -0.059647 -0.202349 -0.977495
vn -0.282868 -0.699517 -0.656249
vn -0.698334 0.590817 0.404061
vn -0.817407 0.576041 -0.004811
vn -0.549807 0.834594 -0.034146
vn -0.493342 0.732004 0.469876
vn -0.707528 0.308264 0.635907
vn -0.958691 0.145480 0.244433
vn -0.436166 0.440377 0.784747
vn -0.587947 -0.189950 0.786281
vn -0.650512 0.034127 0.758729
vn -0.428036 0.187169 0.884168
vn -0.462077 -0.130125 0.877241
vn -0.671056 -0.435168 0.600261
vn -0.858173 -0.212589 0.467274
vn -0.531643 -0.462482 0.709554
vn 0.031798 0.924400 0.380097
vn 0.127632 0.988515 0.080915
vn 0.255297 0.942936 0.213762
vn 0.079366 0.844848 0.529087
vn -0.122685 0.703665 0.699860
vn -0.129818 0.880761 0.455421
vn -0.068617 0.996396 0.049859
vn 0.149175 0.241417 -0.958887
vn 0.036164 0.096416 -0.994684
vn 0.054156 -0.043031 -0.997605
vn 0.204886 0.192261 -0.959717
vn 0.315314 0.479466 -0.818956
vn 0.190901 0.474942 -0.859062
vn 0.038988 0.368312 -0.928884
vn -0.828706 -0.139699 -0.541970
vn -0.842600 -0.119166 -0.525190
vn -0.733330 0.108028 -0.671236
vn -0.659971 0.076927 -0.747343
vn -0.865399 -0.229009 -0.445691
vn -0.845890 -0.271936 -0.458826
vn -0.850685 -0.272697 -0.449412
vn -0.837194 -0.267958 -0.476765
vn -0.538263 0.004954 -0.842763
vn -0.735483 -0.167378 -0.656543
vn -0.833402 -0.285808 -0.473028
vn -0.005301 -0.602316 -0.798240
vn -0.185235 -0.827095 -0.530661
vn 0.541643 -0.653930 -0.528203
vn 0.520644 -0.448282 -0.726618
vn -0.169200 -0.293745 -0.940790
vn -0.640912 -0.528799 -0.556420
vn 0.583038 -0.123312 -0.803032
vn -0.211610 -0.100575 -0.972166
vn -0.468436 -0.320414 -0.823348
vn -0.613550 -0.226034 -0.756614
vn -0.392560 -0.049676 -0.918384
vn -0.141585 0.063779 -0.987869
vn -0.074972 0.026738 -0.996827
vn -0.144048 -0.205385 -0.968022
vn -0.344978 -0.403827 -0.847298
vn -0.025341 0.085107 -0.996050
vn -0.000133 0.041860 -0.999124
vn 0.033701 -0.016432 -0.999297
vn 0.136050 -0.284608 -0.948941
vn -0.327086 -0.284739 -0.901076
vn -0.248009 -0.012883 -0.968672
vn 0.073910 -0.035210 -0.996643
vn 0.339301 -0.113006 -0.933865
vn 0.451597 -0.061434 -0.890104
vn 0.469061 -0.238248 -0.850423
vn 0.302150 -0.022392 -0.952998
vn 0.023260 -0.575542 -0.817442
vn -0.432539 -0.514469 -0.740426
vn 0.461290 -0.446817 -0.766528
vn 0.794480 -0.253833 -0.551697
vn -0.077625 0.019380 -0.996794
vn 0.022341 -0.030916 -0.999272
vn 0.139686 -0.200820 -0.969618
vn -0.008634 -0.273247 -0.961905
vn -0.160623 -0.334723 -0.928526
vn -0.242050 -0.004795 -0.970252
vn -0.030837 0.142418 -0.989326
vn -0.217670 0.360276 -0.907095
vn -0.080920 0.329142 -0.940807
vn 0.007171 0.315028 -0.949055
vn 0.924695 0.009721 -0.380585
vn 0.837521 -0.075516 -0.541162
vn 0.781691 0.129664 -0.610038
vn 0.839565 0.305968 -0.448904
vn 0.882236 -0.187144 -0.432014
vn 0.836680 -0.218933 -0.502030
vn 0.935296 -0.207988 -0.286290
vn 0.878179 -0.275659 -0.390913
vn 0.838050 0.452293 -0.305129
vn 0.956518 0.181737 -0.228134
vn 0.978482 -0.115759 -0.170802
vn -0.075320 -0.211714 -0.974425
vn -0.315566 -0.431646 -0.845045
vn 0.064928 -0.617885 -0.783583
vn 0.246876 -0.184381 -0.951344
vn -0.183618 0.267492 -0.945903
vn -0.475789 0.225731 -0.850100
vn 0.096075 0.461118 -0.882122
vn -0.220107 0.657292 -0.720778
vn 0.202521 -0.613035 -0.763658
vn 0.342141 -0.552219 -0.760259
vn 0.361811 -0.681093 -0.636557
vn 0.216193 -0.692287 -0.688476
vn 0.145795 -0.618179 -0.772398
vn 0.236107 -0.647980 -0.724138
vn 0.109517 -0.473067 -0.874193
vn 0.263334 -0.389467 -0.882593
vn 0.105826 -0.652078 -0.750730
vn -0.026238 -0.543701 -0.838869
vn 0.215271 -0.697961 -0.683014
vn 0.145836 -0.783314 -0.604277
vn -0.046706 -0.707738 -0.704929
vn -0.219501 -0.556774 -0.801138
vn 0.014372 -0.472711 -0.881100
vn 0.268836 -0.352971 -0.896180
vn 0.343581 -0.506560 -0.790790
vn 0.361669 -0.629219 -0.687952
vn 0.006187 0.039184 -0.999213
vn 0.011504 0.026585 -0.999580
vn 0.003359 0.069652 -0.997566
vn 0.068255 0.104457 -0.992184
vn 0.199889 0.071554 -0.977202
vn 0.061147 -0.055999 -0.996557
vn -0.139342 0.058025 -0.988543
vn -0.062070 0.188259 -0.980156
vn -0.146145 -0.113247 -0.982760
vn 0.264402 0.323466 -0.908549
vn 0.044930 0.214403 -0.975711
vn -0.078350 0.283507 -0.955764
vn 0.013050 0.483277 -0.875371
vn 0.125249 0.666091 -0.735280
vn 0.434739 0.542856 -0.718547
vn 0.552011 0.164012 -0.817548
vn 0.362516 -0.043766 -0.930949
vn 0.691057 0.341727 -0.636916
vn 0.058610 0.280897 -0.957947
vn 0.132758 0.230888 -0.963881
vn -0.173152 0.902782 -0.393705
vn -0.143526 0.841447 -0.520930
vn -0.116525 0.809467 -0.575486
vn -0.140413 0.809245 -0.570445
vn -0.051064 0.933521 -0.354867
vn -0.094715 0.843477 -0.528749
vn -0.213100 0.759685 -0.614384
vn -0.318493 0.861059 -0.396409
vn -0.193331 0.967212 -0.164695
vn -0.031237 0.984815 -0.170775
vn -0.368845 0.914366 -0.166996
vn -0.940170 -0.076610 -0.331981
vn -0.928278 -0.360683 -0.090599
vn -0.836255 -0.531156 -0.136205
vn -0.884639 -0.328048 -0.331358
vn -0.825008 0.220836 -0.520185
vn -0.707373 0.519062 -0.479791
vn -0.921043 0.207325 -0.329690
vn -0.983684 -0.179409 -0.013324
vn -0.666893 -0.693565 0.272435
vn -0.759818 -0.646497 0.068681
vn -0.831236 -0.522309 0.190367
vn -0.660085 -0.609911 0.438515
vn -0.513711 -0.660958 0.547024
vn -0.580809 -0.752141 0.311359
vn -0.667530 -0.741312 0.069714
vn -0.888134 0.438786 0.136690
vn -0.786798 0.496737 0.366334
vn -0.639369 0.766023 0.066458
vn -0.681248 0.729466 -0.061492
vn -0.684863 0.704869 -0.184724
vn -0.792356 0.599329 -0.113919
vn -0.844291 0.499981 -0.192853
vn -0.984403 0.175344 -0.014295
vn -0.945128 -0.229681 0.232334
vn -0.899369 -0.033543 0.435902
vn -0.786607 0.091639 0.610616
vn -0.884713 -0.464101 0.043507
vn -0.701731 -0.697479 0.145245
vn -0.645093 -0.710946 0.280019
vn -0.724260 -0.623063 0.295365
vn -0.855110 -0.471326 -0.215959
vn -0.725798 -0.687905 -0.002042
vn -0.970092 0.005265 -0.242681
vn -0.891767 -0.065329 -0.447754
vn -0.762897 -0.503405 0.405674
vn -0.578657 -0.731476 0.360691
vn -0.544465 -0.760508 0.353815
vn -0.612170 -0.698319 0.370942
vn -0.583815 -0.727942 0.359529
vn -0.524884 -0.733189 0.432356
vn -0.533435 -0.692270 0.486015
vn -0.575310 -0.614088 0.540291
vn -0.645361 -0.663287 0.378893
vn -0.587565 -0.770738 0.246436
vn -0.506968 -0.817783 0.272423
vn -0.675389 -0.700102 0.231749
vn -0.970466 0.165401 0.175609
vn -0.947006 0.268032 0.177024
vn -0.790497 0.264152 0.552574
vn -0.869165 0.104932 0.483262
vn -0.991556 -0.012553 -0.129070
vn -0.968301 0.121321 -0.218344
vn -0.957621 -0.198660 0.208555
vn -0.209166 -0.757216 -0.618768
vn -0.552227 -0.561235 -0.616491
vn -0.392992 -0.818723 -0.418629
vn 0.030830 -0.902273 -0.430061
vn 0.190268 -0.904037 -0.382774
vn -0.170348 -0.746128 -0.643641
vn -0.587980 -0.439395 -0.679126
vn 0.111975 -0.968696 0.221561
vn -0.131566 -0.985507 -0.107081
vn -0.583459 -0.774153 0.245485
vn -0.076318 -0.822462 0.563677
vn 0.377045 -0.901887 0.210802
vn 0.262253 -0.950970 -0.163953
vn 0.316514 -0.752000 0.578200
vn -0.748608 -0.572970 -0.333604
vn -0.629165 -0.489527 -0.603750
vn -0.186627 -0.807112 -0.560125
vn -0.283426 -0.913551 -0.291711
vn -0.378364 -0.924932 0.036629
vn -0.702414 -0.709168 -0.060781
vn -0.947534 -0.188236 -0.258354
vn -0.898418 -0.125458 -0.420839
vn -0.905131 -0.405635 -0.127273
vn -0.970354 -0.231947 -0.067919
vn -0.860949 -0.505750 -0.054633
vn 0.155724 -0.987761 -0.008865
vn 0.192570 -0.940290 -0.280661
vn 0.407807 -0.912537 0.031160
vn 0.388910 -0.905513 0.169690
vn -0.014167 -0.981504 0.190915
vn 0.303350 -0.922472 0.238798
vn 0.232100 -0.925912 0.298022
vn 0.376262 -0.873396 0.309202
vn 0.351141 -0.356086 0.865969
vn 0.039870 -0.398778 0.916180
vn -0.125957 -0.446309 0.885970
vn 0.018293 -0.441547 0.897052
vn 0.414458 -0.462718 0.783656
vn 0.717103 -0.382517 0.582619
vn 0.717143 -0.268546 0.643109
vn 0.088824 -0.509012 0.856164
vn 0.598613 0.602306 -0.528100
vn 0.690944 0.459798 -0.557837
vn 0.736892 0.430076 -0.521560
vn 0.607721 0.610866 -0.507463
vn 0.459306 0.678590 -0.573196
vn 0.560960 0.550011 -0.618718
vn 0.432574 0.713823 -0.550759
vn 0.217352 -0.503074 -0.836465
vn 0.428296 -0.417966 -0.801166
vn 0.301722 -0.384245 -0.872536
vn 0.054457 -0.457386 -0.887599
vn -0.039385 -0.454637 -0.889806
vn 0.193799 -0.513646 -0.835828
vn 0.450213 -0.439004 -0.777550
vn -0.903291 -0.429012 -0.003866
vn -0.915694 -0.401852 0.004358
vn -0.914992 -0.403395 -0.007886
vn -0.899828 -0.435485 -0.025748
vn -0.904331 -0.426610 -0.013749
vn -0.900025 -0.435030 0.026517
vn -0.857325 -0.512253 -0.050902
vn -0.858917 -0.512065 -0.007195
vn -0.910522 -0.410542 0.049035
vn -0.929397 -0.368890 -0.011914
vn -0.860089 -0.504230 0.077446
vn -0.483428 -0.381008 0.788118
vn -0.589763 -0.247527 0.768706
vn -0.747177 -0.334322 0.574418
vn -0.654331 -0.485219 0.580011
vn -0.467156 -0.540784 0.699512
vn -0.350531 -0.441191 0.826123
vn -0.323066 -0.340399 0.883038
vn -0.336520 -0.242038 0.910040
vn -0.403066 -0.182742 0.896740
vn -0.256943 -0.241273 0.935825
vn -0.048956 0.464393 -0.884275
vn 0.252267 0.529543 -0.809905
vn 0.120958 0.679517 -0.723620
vn -0.177328 0.519375 -0.835945
vn -0.127186 0.198650 -0.971783
vn 0.287646 0.241118 -0.926888
vn -0.339849 0.186963 -0.921709
vn 0.221024 -0.048655 -0.974054
vn -0.091008 -0.141951 -0.985681
vn 0.098107 -0.353202 -0.930389
vn 0.423487 -0.153798 -0.892751
vn 0.576122 0.185636 -0.796004
vn 0.757882 0.399584 -0.515701
vn 0.741461 0.594750 -0.310658
vn 0.677451 0.734675 -0.036229
vn 0.812197 0.573797 -0.105323
vn 0.901729 0.387954 -0.190726
vn 0.754794 0.191982 -0.627239
vn 0.372214 -0.068560 -0.925611
vn 0.464143 0.130368 -0.876114
vn 0.680085 0.402315 -0.612884
vn 0.733042 0.498615 -0.462636
vn 0.456934 0.249488 -0.853796
vn 0.169667 -0.550715 -0.817267
vn 0.228818 -0.088217 -0.969464
vn -0.588072 -0.240083 -0.772355
vn -0.424065 -0.633427 -0.647255
vn -0.389013 -0.868346 -0.307643
vn 0.350307 -0.790815 -0.501893
vn 0.680459 -0.288610 -0.673557
vn -0.009305 -0.337898 0.941137
vn 0.070502 -0.365130 0.928283
vn -0.080208 -0.220498 0.972084
vn -0.102498 -0.219491 0.970215
vn 0.093873 -0.548382 0.830942
vn 0.195207 -0.551490 0.811019
vn -0.111366 -0.189094 0.975624
vn -0.062365 -0.213880 0.974867
vn -0.038423 -0.370156 0.928175
vn -0.006031 -0.553035 0.833136
vn -0.038065 -0.229752 0.972505
vn -0.503420 0.291507 0.813383
vn -0.720394 -0.082650 0.688623
vn -0.927137 0.266240 0.263691
vn -0.524292 0.663703 0.533494
vn -0.222982 0.369338 0.902146
vn -0.410464 -0.107468 0.905522
vn -0.090519 0.792699 0.602856
vn -0.421093 0.891752 0.165709
vn -0.677842 0.726303 -0.114076
vn -0.313976 0.931114 -0.185593
vn -0.137853 0.972857 0.185866
vn -0.691449 0.696644 -0.191274
vn -0.727777 0.660023 -0.186309
vn -0.624338 0.707839 -0.330404
vn -0.827644 0.419537 -0.372820
vn -0.739307 0.646379 -0.188732
vn -0.719796 0.688306 -0.090159
vn -0.546847 0.835278 -0.057168
vn -0.440304 0.882674 -0.164374
vn -0.654201 0.754541 0.051854
vn -0.441978 0.089332 0.892567
vn -0.562645 -0.300625 0.770101
vn -0.505591 -0.379541 0.774808
vn -0.416751 -0.045984 0.907857
vn -0.357313 0.248402 0.900347
vn -0.330074 0.328921 0.884795
vn -0.564205 0.066235 0.822974
vn -0.657810 -0.258828 0.707314
vn -0.331853 0.389441 0.859191
vn -0.433189 0.373821 0.820125
vn -0.264893 0.461957 0.846420
vn -0.972145 0.067715 0.224387
vn -0.998149 -0.035893 0.049096
vn -0.970779 -0.188273 0.148798
vn -0.949905 -0.046820 0.309012
vn -0.973357 0.188373 0.130736
vn -0.990763 0.129753 -0.039392
vn -0.912175 0.110090 0.394737
vn -0.941354 0.126037 0.312997
vn -0.938637 0.131189 0.318982
vn -0.927111 0.227831 0.297586
vn -0.939311 0.119208 0.321689
vn -0.688761 0.187872 0.700224
vn -0.667341 0.352734 0.655923
vn -0.805112 0.384986 0.451199
vn -0.849415 0.232118 0.473936
vn -0.779484 0.085058 0.620621
vn -0.643150 0.057068 0.763611
vn -0.553644 0.091400 0.827722
vn -0.496053 0.178102 0.849830
vn -0.504679 0.282157 0.815896
vn -0.429198 0.101445 0.897495
vn 0.965363 -0.218691 -0.142293
vn 0.966565 -0.252068 -0.047045
vn 0.983456 0.162600 -0.079848
vn 0.970940 0.111625 -0.211698
vn 0.842425 -0.495487 -0.211692
vn 0.782176 -0.615403 -0.097365
vn 0.923555 -0.153127 -0.351564
vn 0.566649 -0.426838 -0.704782
vn 0.784168 -0.057870 -0.617845
vn 0.565738 0.245636 -0.787149
vn 0.348008 -0.329087 -0.877834
vn 0.131467 -0.774824 -0.618356
vn 0.449298 -0.741706 -0.498000
vn 0.768513 -0.492195 -0.408818
vn -0.218622 0.739263 -0.636942
vn 0.064301 0.789224 -0.610730
vn 0.079538 0.876914 -0.474021
vn -0.278360 0.786464 -0.551353
vn -0.415153 0.539489 -0.732530
vn -0.080007 0.604873 -0.792293
vn -0.580912 0.525898 -0.621267
vn -0.469355 -0.375082 -0.799387
vn -0.616809 -0.451332 -0.644861
vn -0.391325 -0.730726 -0.559378
vn -0.254120 -0.556980 -0.790693
vn -0.093894 -0.091076 -0.991408
vn -0.427577 -0.012418 -0.903894
vn -0.685756 -0.060211 -0.725336
vn 0.084382 0.365759 0.926877
vn 0.093391 0.533666 0.840523
vn -0.001320 0.559882 0.828571
vn 0.044643 0.349934 0.935710
vn 0.876147 0.217059 0.430409
vn 0.970227 0.219453 0.102467
vn 0.823863 0.335105 -0.457116
vn 0.725368 0.437009 -0.531851
vn 0.095185 -0.300312 0.949080
vn -0.097721 -0.711768 0.695583
vn 0.638058 -0.326148 0.697502
vn 0.936024 -0.048234 0.348615
vn 0.804932 0.559831 0.196656
vn 0.351718 0.212703 0.911621
vn 0.524058 0.560641 -0.641128
vn 0.376480 0.912479 0.160141
vn 0.255948 0.965501 0.047951
vn 0.201657 0.974839 0.094989
vn 0.157332 0.964826 0.210612
vn -0.030688 0.930780 0.364290
vn 0.162202 0.792679 0.587665
vn 0.244701 0.944889 -0.217500
vn 0.263064 0.964728 -0.009915
vn 0.359134 0.538204 0.762469
vn 0.658374 0.740975 0.132286
vn 0.403803 0.731579 -0.549305
vn -0.278896 0.581216 -0.764464
vn -0.221855 0.881112 -0.417638
vn 0.097078 0.994559 0.037800
vn 0.257130 0.964051 0.067000
vn -0.176174 0.984002 0.026503
vn 0.093971 0.394609 -0.914031
vn 0.178922 0.171145 -0.968863
vn 0.627891 0.465668 -0.623624
vn 0.354094 0.695324 -0.625413
vn -0.122630 0.765383 -0.631784
vn -0.408324 0.405907 -0.817625
vn -0.468389 0.041848 -0.882531
vn 0.196178 0.119730 -0.973231
vn 0.665685 0.353220 -0.657343
vn -0.443575 -0.030013 -0.895735
vn -0.133461 -0.045222 -0.990022
vn -0.030100 -0.124950 -0.991706
vn 0.456995 0.134882 -0.879183
vn 0.715463 0.301792 -0.630107
vn -0.475036 -0.146406 -0.867702
vn -0.467712 -0.301162 -0.830991
vn -0.640949 0.762976 -0.083980
vn -0.491416 0.846241 0.205878
vn -0.188473 0.981674 0.028189
vn -0.190016 0.952097 -0.239592
vn -0.829048 0.504245 0.241693
vn -0.703869 0.584651 0.403424
vn -0.870451 0.488782 -0.058367
vn -0.912786 0.376272 0.158875
vn -0.501023 0.728939 -0.466502
vn -0.794623 0.528958 -0.297956
vn -0.084797 0.847151 -0.524543
vn -0.211762 0.268664 0.939668
vn -0.189219 0.223001 0.956277
vn -0.514104 0.150583 0.844406
vn -0.473315 0.244604 0.846251
vn -0.268551 0.361256 0.892958
vn 0.016329 0.349555 0.936774
vn 0.118431 0.321010 0.939642
vn 0.064243 0.716291 -0.694839
vn 0.352221 0.747860 -0.562713
vn 0.111325 0.758767 -0.641779
vn -0.208790 0.687731 -0.695294
vn 0.020905 0.740764 -0.671440
vn 0.401982 0.769833 -0.495750
vn -0.376867 0.667824 -0.641858
vn -0.319637 0.848966 -0.420820
vn -0.625575 0.627567 -0.463482
vn -0.256479 0.704328 -0.661921
vn 0.125610 0.862043 -0.491022
vn -0.335103 0.935228 -0.114256
vn -0.802060 0.578390 -0.148882
vn 0.353500 0.929329 -0.106706
vn -0.243520 0.939152 0.242263
vn 0.479642 0.844458 0.238398
vn -0.492753 0.710342 0.502603
vn -0.754792 0.492667 0.433092
vn -0.840074 0.538739 0.063522
vn 0.545811 0.641548 0.538986
vn 0.269961 0.788841 0.552133
vn 0.306896 0.893210 -0.328620
vn 0.356252 0.930351 -0.086782
vn 0.478997 0.875621 0.062053
vn 0.577214 0.812069 -0.085838
vn 0.103603 0.974363 -0.199708
vn 0.242414 0.964982 -0.100228
vn 0.650153 0.734217 -0.195516
vn 0.705313 0.566255 0.426484
vn 0.520434 0.478119 0.707496
vn 0.373188 0.494911 0.784725
vn 0.680192 0.588040 0.437661
vn 0.534135 0.498972 0.682442
vn 0.708809 0.664517 0.236660
vn 0.677380 0.732600 -0.066734
vn 0.763827 0.643906 0.044202
vn 0.733520 0.668216 0.124242
vn -0.436221 0.887930 0.145919
vn -0.608530 0.771347 -0.186319
vn -0.711440 0.693423 0.114094
vn -0.568544 0.796507 0.205751
vn -0.467704 0.831337 0.300219
vn -0.427110 0.849488 0.309753
vn -0.298446 0.874304 0.382783
vn -0.104472 0.933623 0.342686
vn -0.379151 0.824317 0.420411
vn 0.462025 -0.657095 -0.595617
vn 0.013597 -0.570077 -0.821479
vn -0.242751 -0.779242 -0.577800
vn 0.403683 -0.857196 -0.319775
vn 0.892522 -0.450358 -0.024142
vn 0.828759 -0.342940 -0.442212
vn 0.126907 -0.522701 -0.843018
vn 0.076876 -0.571775 -0.816801
vn 0.224139 -0.744173 -0.629260
vn 0.241430 -0.621909 -0.744943
vn 0.050808 -0.280044 -0.958642
vn -0.080128 -0.259090 -0.962524
vn 0.220415 -0.365884 -0.904183
vn 0.286820 -0.933303 -0.216056
vn 0.223869 -0.864540 -0.449948
vn 0.275982 -0.817450 -0.505579
vn 0.331236 -0.848784 -0.412126
vn 0.444021 -0.815060 -0.372187
vn 0.474650 -0.872037 -0.119410
vn 0.267947 -0.960938 0.069300
vn 0.067433 -0.997702 0.006617
vn 0.092685 -0.970650 -0.221918
vn 0.460534 -0.879536 0.119684
vn 0.107057 -0.882060 -0.458812
vn -0.037832 -0.188405 -0.981363
vn -0.088455 -0.333740 -0.938506
vn -0.010641 -0.117361 -0.993032
vn -0.018005 -0.082202 -0.996453
vn -0.054605 0.014724 -0.998399
vn -0.033535 -0.155268 -0.987303
vn -0.037711 -0.411828 -0.910481
vn -0.180286 -0.611866 -0.770141
vn -0.278486 -0.561239 -0.779395
vn -0.174537 -0.304026 -0.936539
vn -0.078679 -0.661979 -0.745381
vn -0.311520 0.817274 -0.484787
vn -0.229926 0.750995 -0.618984
vn -0.250578 0.713647 -0.654155
vn -0.276509 0.744054 -0.608216
vn -0.315221 0.710953 -0.628634
vn -0.440737 0.732566 -0.518747
vn -0.161887 0.889393 -0.427520
vn -0.141403 0.781118 -0.608162
vn -0.411761 0.869535 -0.272695
vn -0.199142 0.951942 -0.232698
vn -0.581845 0.732715 -0.352967
vn -0.362553 -0.360080 -0.859592
vn -0.123261 -0.268293 -0.955419
vn -0.014374 -0.363770 -0.931378
vn -0.115918 -0.545209 -0.830247
vn -0.535188 -0.547834 -0.643002
vn -0.772763 -0.323058 -0.546324
vn -0.648347 -0.175800 -0.740771
vn -0.231912 -0.704036 -0.671231
vn -0.470524 0.018163 -0.882200
vn -0.290187 -0.104571 -0.951239
vn -0.134217 -0.138228 -0.981264
vn -0.019044 -0.072950 -0.997154
vn -0.054895 -0.036759 -0.997815
vn 0.091425 0.004378 -0.995802
vn 0.079743 -0.111633 -0.990545
vn 0.003889 -0.199911 -0.979806
vn -0.047855 -0.091126 -0.994689
vn -0.046906 -0.108982 -0.992936
vn -0.027803 -0.037515 -0.998909
vn -0.015585 -0.064734 -0.997781
vn -0.056833 -0.020767 -0.998168
vn -0.020338 0.445890 -0.894856
vn -0.147357 0.521496 -0.840433
vn -0.125010 0.288496 -0.949285
vn 0.051543 0.224275 -0.973162
vn 0.171811 0.227268 -0.958556
vn 0.033438 0.503912 -0.863107
vn -0.117096 0.639600 -0.759737
vn -0.126716 0.661064 -0.739552
vn -0.225714 0.664699 -0.712200
vn -0.225207 0.627914 -0.744987
vn -0.236131 0.724254 -0.647842
vn -0.278335 0.562895 -0.778254
vn -0.322772 0.651352 -0.686701
vn 0.036214 0.538256 -0.842003
vn -0.183310 0.437507 -0.880332
vn -0.181417 0.810863 -0.556408
vn 0.026202 0.750880 -0.659919
vn 0.223409 0.616682 -0.754846
vn -0.137783 0.637394 -0.758120
vn -0.029661 0.509728 -0.859824
vn -0.158348 0.465831 -0.870590
vn -0.226411 0.687636 -0.689851
vn -0.311404 0.409543 -0.857498
vn -0.373648 0.581362 -0.722776
vn -0.391645 0.707317 -0.588486
vn -0.053777 0.190456 -0.980222
vn 0.088409 0.250943 -0.963956
vn 0.166492 -0.100213 -0.980937
vn 0.049223 -0.111860 -0.992504
vn -0.092315 0.065197 -0.993593
vn -0.206120 0.217497 -0.954049
vn -0.906865 -0.192406 -0.374933
vn -0.753925 -0.499875 -0.426289
vn -0.746172 -0.595833 -0.297001
vn -0.912252 -0.344927 -0.220957
vn -0.986920 -0.032860 -0.157827
vn -0.959129 0.075782 -0.272632
vn -0.818877 -0.149231 -0.554230
vn -0.714374 -0.368704 -0.594750
vn -0.893173 0.054819 -0.446360
vn -0.839130 0.050527 -0.541579
vn -0.903657 0.184169 -0.386635
vn -0.344619 0.661208 -0.666364
vn -0.582530 0.331586 -0.742098
vn -0.135936 0.420010 -0.897281
vn 0.169451 0.692315 -0.701417
vn -0.594082 0.102058 -0.797904
vn -0.013443 0.287200 -0.957776
vn 0.516685 0.527403 -0.674450
vn 0.186260 0.433492 -0.881698
vn -0.157047 0.274230 -0.948754
vn -0.321738 0.293313 -0.900251
vn -0.192529 0.512388 -0.836894
vn -0.047587 0.697656 -0.714851
vn 0.394996 0.642295 -0.656838
vn 0.603042 0.316122 -0.732398
vn 0.504668 0.071840 -0.860319
vn 0.176933 0.131454 -0.975405
vn 0.690198 0.470045 -0.550167
vn -0.118741 0.126634 -0.984817
vn 0.856198 0.269017 -0.441084
vn 0.777840 0.090474 -0.621916
vn 0.675304 0.152779 -0.721542
vn 0.803913 0.314702 -0.504665
vn 0.852271 0.276342 -0.444150
vn 0.831666 0.076469 -0.549986
vn 0.833732 0.364683 -0.414604
vn 0.807631 0.388523 -0.443601
vn 0.877210 0.387665 -0.283228
vn 0.900435 0.265354 -0.344681
vn 0.824073 0.318257 -0.468633
vn -0.284038 -0.574693 -0.767496
vn -0.382957 -0.488168 -0.784242
vn -0.432414 -0.733523 -0.524368
vn -0.270839 -0.773027 -0.573651
vn -0.158960 -0.455996 -0.875671
vn -0.250493 -0.255215 -0.933873
vn -0.080120 -0.720396 -0.688920
vn 0.010408 -0.919588 0.392745
vn -0.037387 -0.847294 0.529806
vn 0.174000 -0.712649 0.679600
vn 0.182704 -0.871683 0.454740
vn 0.117033 -0.988121 0.099603
vn -0.100935 -0.986501 0.128953
vn -0.237873 -0.939369 0.246986
vn 0.676883 0.182044 -0.713225
vn 0.533787 -0.125348 -0.836277
vn 0.741294 -0.336825 -0.580545
vn 0.865388 0.152470 -0.477344
vn 0.713997 0.578051 -0.395051
vn 0.536687 0.468073 -0.702050
vn 0.357149 0.186223 -0.915295
vn 0.688186 -0.393492 0.609560
vn 0.495725 -0.525797 0.691227
vn 0.460783 -0.236857 0.855323
vn 0.710868 -0.109551 0.694742
vn 0.837753 -0.450683 0.308311
vn 0.587895 -0.724542 0.359747
vn 0.941125 0.005159 0.338019
vn 0.657270 0.380300 0.650667
vn 0.693183 0.154791 0.703944
vn 0.485649 0.021313 0.873894
vn 0.549341 0.351213 0.758205
vn 0.608774 0.637794 0.471819
vn 0.723593 0.572104 0.386148
vn 0.865769 0.347691 0.359938
vn 0.008700 0.289846 -0.957034
vn -0.085091 0.137710 -0.986811
vn -0.015058 0.234991 -0.971881
vn 0.065341 0.459754 -0.885639
vn -0.141161 0.027925 -0.989593
vn -0.169225 -0.002513 -0.985574
vn 0.064584 0.201277 -0.977403
vn -0.094248 -0.015614 -0.995426
vn 0.223824 0.643207 -0.732248
vn 0.222529 0.547928 -0.806385
vn 0.275075 0.439450 -0.855112
vn 0.082269 0.314337 -0.945740
vn 0.005470 0.007555 -0.999957
vn 0.140700 0.158859 -0.977224
vn 0.279977 0.408220 -0.868890
vn 0.172882 0.505441 -0.845364
vn -0.096907 0.020977 -0.995072
vn -0.050309 0.039442 -0.997955
vn -0.100081 0.011892 -0.994908
vn -0.123663 0.130797 -0.983666
vn -0.031602 0.117646 -0.992553
vn -0.037537 -0.032362 -0.998771
vn -0.087997 -0.156346 -0.983775
vn -0.192951 -0.049005 -0.979984
vn -0.054266 0.069543 -0.996102
vn -0.259626 0.105201 -0.959962
vn -0.132405 -0.092868 -0.986836
vn -0.238122 -0.063955 -0.969127
vn -0.177570 0.065111 -0.981952
vn -0.118412 0.150592 -0.981479
vn -0.467259 -0.280643 -0.838396
vn -0.317164 -0.145774 -0.937100
vn -0.185341 -0.299171 -0.936026
vn -0.304776 -0.447929 -0.840519
vn -0.543207 -0.044145 -0.838438
vn -0.409666 0.049993 -0.910865
vn -0.599955 -0.267998 -0.753811
vn -0.640606 -0.130536 -0.756693
vn -0.499048 -0.448817 -0.741292
vn -0.583098 -0.370031 -0.723239
vn -0.398826 -0.554631 -0.730289
vn -0.006285 -0.137249 -0.990517
vn 0.097778 -0.030697 -0.994735
vn 0.051641 -0.028283 -0.998265
vn 0.058586 -0.205084 -0.976989
vn -0.171965 -0.108693 -0.979088
vn 0.054908 0.109609 -0.992457
vn 0.146999 0.055719 -0.987566
vn 0.233960 0.035971 -0.971581
vn -0.143200 -0.398328 -0.905996
vn -0.322444 -0.345396 -0.881324
vn 0.008495 -0.442446 -0.896755
vn 0.008799 0.066206 -0.997767
vn 0.001186 0.086171 -0.996280
vn -0.074983 0.181539 -0.980521
vn -0.053323 0.125575 -0.990650
vn -0.034872 -0.016614 -0.999254
vn 0.026552 -0.061144 -0.997776
vn 0.029916 -0.057187 -0.997915
vn -0.317638 -0.414711 -0.852714
vn -0.514022 -0.428103 -0.743310
vn -0.386100 -0.585377 -0.712924
vn -0.148655 -0.495128 -0.856008
vn -0.234840 -0.210103 -0.949056
vn -0.549155 -0.180507 -0.815994
vn 0.091893 -0.221804 -0.970751
vn -0.003037 0.353721 -0.935346
vn -0.260994 0.383039 -0.886095
vn -0.479156 0.086950 -0.873412
vn -0.117408 0.054558 -0.991584
vn 0.231247 0.121936 -0.965223
vn 0.198316 0.448146 -0.871686
vn -0.157764 0.458059 -0.874810
vn -0.551530 0.130792 -0.823837
vn -0.336560 -0.014502 -0.941550
vn -0.466008 -0.293270 -0.834763
vn -0.010268 0.231991 -0.972664
vn -0.549353 -0.131016 -0.825255
vn -0.541694 0.022189 -0.840283
vn -0.293491 0.244015 -0.924294
vn -0.566927 -0.272615 -0.777351
vn 0.017354 0.386678 -0.922051
vn -0.362509 -0.716619 -0.595856
vn -0.388086 -0.729489 -0.563236
vn -0.219830 -0.710845 -0.668112
vn -0.222873 -0.668382 -0.709643
vn -0.478329 -0.640586 -0.600709
vn -0.543505 -0.640687 -0.542331
vn -0.323672 -0.572769 -0.753108
vn 0.804213 0.592371 0.048351
vn 0.832298 0.550503 0.065007
vn 0.755884 0.647832 0.094619
vn 0.733288 0.676947 0.063493
vn 0.821021 0.569159 0.044530
vn 0.874341 0.483240 0.044797
vn 0.726903 0.683675 0.064809
vn 0.275659 0.416285 -0.866440
vn 0.139450 0.481210 -0.865443
vn 0.577513 0.805983 0.129888
vn 0.662093 0.740837 0.113113
vn 0.663678 0.736892 0.128540
vn 0.550124 0.822735 0.143080
vn 0.470862 0.869345 0.150094
vn 0.543946 0.830546 0.119652
vn 0.639462 0.764326 0.083028
vn 0.397945 0.675316 -0.620958
vn 0.386704 0.523405 -0.759281
vn 0.364477 0.393639 -0.843922
vn 0.302343 0.429448 -0.850978
vn 0.537770 0.642260 -0.546173
vn 0.423350 0.528288 -0.735994
vn 0.463428 0.841689 -0.277118
vn 0.610555 0.737825 -0.287814
vn -0.467039 -0.022519 -0.883950
vn -0.433372 -0.125947 -0.892371
vn -0.041682 -0.015724 -0.999007
vn -0.188808 0.110146 -0.975817
vn -0.734683 0.005146 -0.678392
vn -0.767732 -0.131753 -0.627079
vn -0.524994 0.200321 -0.827196
vn -0.386003 0.293099 -0.874697
vn -0.343332 0.525734 -0.778284
vn -0.106848 0.337293 -0.935316
vn -0.101774 0.186832 -0.977106
vn -0.676632 0.487000 -0.552268
vn -0.546324 0.666251 -0.507582
vn -0.032962 0.065724 -0.997293
vn -0.153365 0.075265 -0.985299
vn -0.551133 0.143477 -0.821989
vn -0.794878 0.296353 -0.529475
vn -0.255210 0.017132 -0.966734
vn -0.302951 0.408701 0.860921
vn -0.693995 0.286828 0.660379
vn -0.728966 0.183198 0.659581
vn -0.406381 0.295784 0.864504
vn -0.387006 0.501783 0.773590
vn -0.699359 0.402290 0.590813
vn 0.015464 0.497157 0.867523
vn -0.064984 0.559933 0.825986
vn 0.010376 0.458851 0.888453
vn 0.162448 0.499971 0.850670
vn -0.079889 0.417144 0.905322
vn 0.734903 0.460074 0.498246
vn 0.896167 0.397730 0.196710
vn 0.913308 0.301365 0.273948
vn 0.678392 0.412910 0.607693
vn 0.381516 0.488857 0.784516
vn 0.574605 0.547239 0.608571
vn 0.802133 0.542326 0.249931
vn -0.137011 0.712926 -0.687724
vn -0.560319 0.499823 -0.660469
vn -0.170539 0.355954 -0.918811
vn 0.221988 0.566917 -0.793301
vn -0.082732 0.910417 -0.405335
vn -0.698062 0.664303 -0.267229
vn 0.439360 0.751654 -0.491913
vn -0.618981 0.324960 0.715027
vn -0.840695 0.252062 0.479266
vn -0.760276 0.489266 0.427316
vn -0.454884 0.492466 0.741996
vn -0.186817 0.423589 0.886381
vn -0.505181 0.271176 0.819302
vn -0.800992 0.146620 0.580443
vn 0.099773 0.844772 0.525743
vn 0.055235 0.976764 0.207077
vn 0.509043 0.852318 0.120121
vn 0.372351 0.753520 0.541815
vn -0.215173 0.688358 0.692722
vn -0.499740 0.788270 0.359013
vn 0.079320 0.569333 0.818271
vn 0.088207 0.036337 -0.995439
vn 0.087910 -0.247715 -0.964836
vn 0.052587 -0.348489 -0.935836
vn 0.024580 -0.250041 -0.967923
vn 0.242807 0.101028 -0.964799
vn 0.156616 -0.206705 -0.965787
vn -0.039737 -0.177015 -0.983406
vn -0.056200 0.134447 -0.989326
vn -0.050316 0.524839 -0.849713
vn 0.141715 0.474409 -0.868823
vn -0.221545 0.161170 -0.961739
vn -0.120714 -0.098901 -0.987748
vn -0.065907 -0.115875 -0.991075
vn -0.114175 0.007512 -0.993432
vn -0.148591 0.176694 -0.972985
vn -0.093334 -0.121545 -0.988188
vn -0.330364 0.523736 -0.785213
vn -0.202054 0.541742 -0.815898
vn -0.299196 0.265260 -0.916580
vn -0.416749 0.543290 -0.728805
vn -0.141248 0.105069 -0.984383
vn -0.308997 0.374941 -0.874037
vn -0.193090 0.305344 -0.932460
vn -0.297532 0.580459 -0.757986
vn -0.394813 0.594365 -0.700609
vn 0.245945 0.481644 0.841148
vn 0.014731 0.731765 0.681397
vn -0.096717 0.715269 0.692124
vn 0.109155 0.509232 0.853679
vn 0.307943 0.593323 0.743733
vn 0.123441 0.780304 0.613097
vn 0.309632 0.336938 0.889157
vn 0.372992 0.278157 0.885158
vn 0.475444 0.142502 0.868128
vn 0.459693 0.258215 0.849710
vn 0.499752 0.371902 0.782264
vn 0.247393 -0.511076 -0.823163
vn 0.128828 -0.562934 -0.816400
vn 0.333674 -0.751324 -0.569363
vn 0.447693 -0.620525 -0.643832
vn 0.188228 -0.323623 -0.927275
vn -0.005819 -0.302683 -0.953073
vn 0.464418 -0.416843 -0.781382
vn 0.038509 0.661148 0.749266
vn -0.126873 0.819715 0.558543
vn 0.043314 0.836083 0.546890
vn 0.215969 0.595997 0.773398
vn 0.280052 0.406608 0.869621
vn 0.050030 0.565946 0.822923
vn -0.169695 0.755628 0.632637
vn 0.221717 0.667294 -0.711028
vn -0.092620 0.751290 -0.653441
vn 0.037346 0.382673 -0.923129
vn 0.391528 0.320013 -0.862727
vn 0.379854 0.838989 -0.389626
vn -0.062194 0.978327 -0.197505
vn 0.718227 0.371877 -0.588096
vn 0.743715 -0.251127 0.619534
vn 0.808642 -0.450665 0.378152
vn 0.707958 -0.498791 0.500003
vn 0.644243 -0.204840 0.736880
vn 0.752268 -0.095193 0.651944
vn 0.894424 -0.299155 0.332433
vn 0.566493 0.043967 0.822893
vn 0.859889 0.446166 0.248046
vn 0.869253 0.459214 -0.183089
vn 0.976458 0.051715 -0.209417
vn 0.933354 0.167621 0.317417
vn 0.657693 0.346255 0.668989
vn 0.572370 0.664816 0.480014
vn 0.480900 0.875086 0.054398
vn 0.668408 -0.691981 0.272750
vn 0.511589 -0.795136 0.325632
vn 0.603423 -0.674050 0.426073
vn 0.569139 -0.765536 0.300057
vn 0.461824 -0.850119 0.253014
vn 0.589030 -0.807963 0.015462
vn 0.831386 -0.497169 -0.248234
vn 0.875426 -0.425603 0.229109
vn 0.686310 -0.456414 0.566272
vn 0.397350 -0.874138 0.279276
vn 0.364621 -0.911836 0.188696
vn 0.194459 -0.977014 0.087349
vn 0.362754 -0.888200 -0.281977
vn 0.507483 -0.616651 -0.601833
vn -0.378003 -0.880173 -0.287071
vn -0.597613 -0.801766 -0.005528
vn -0.631234 -0.767592 -0.111114
vn -0.400599 -0.820456 -0.407887
vn -0.038066 -0.847248 -0.529832
vn 0.125587 -0.920708 -0.369492
vn -0.166218 -0.953545 -0.251245
vn -0.298383 -0.946257 -0.124761
vn -0.411728 -0.908726 -0.068530
vn -0.515291 -0.849224 0.115298
vn -0.638901 -0.603722 0.476786
vn -0.698299 -0.704227 0.128230
vn -0.698784 -0.685333 0.204987
vn -0.628769 -0.591911 0.504273
vn -0.586823 -0.686752 0.428964
vn -0.602839 -0.797833 0.006895
vn -0.429328 -0.504865 0.748858
vn -0.279293 -0.547616 0.788741
vn -0.461991 -0.493500 0.736901
vn -0.131077 -0.805256 -0.578258
vn -0.252825 -0.820221 -0.513144
vn 0.097300 -0.775459 -0.623856
vn 0.327272 -0.757785 -0.564496
vn 0.032147 -0.902942 -0.428557
vn 0.035914 -0.990834 -0.130225
vn 0.717847 -0.628702 -0.299047
vn 0.450188 -0.718513 -0.530160
vn -0.373939 -0.852803 -0.364549
vn 0.046809 -0.782100 -0.621392
vn -0.359418 -0.862697 0.355771
vn 0.482758 -0.854454 0.191975
vn 0.808479 -0.573426 0.132459
vn 0.652805 -0.757470 0.009183
vn 0.230703 -0.966287 -0.114301
vn 0.500533 -0.787301 -0.360032
vn 0.507344 -0.808956 0.296972
vn 0.202676 -0.970286 0.132166
vn 0.778765 -0.572579 -0.256278
vn 0.869048 -0.494552 -0.013168
vn 0.913131 -0.362610 0.186297
vn 0.835115 -0.474691 0.277942
vn 0.717191 -0.535389 0.446089
vn 0.378947 -0.256622 0.889125
vn 0.131872 -0.350094 0.927385
vn 0.014586 -0.300909 0.953541
vn 0.350298 -0.195419 0.916026
vn 0.645523 -0.236455 0.726215
vn 0.449564 -0.378283 0.809194
vn 0.667673 -0.127340 0.733483
vn -0.150044 0.112452 -0.982264
vn 0.444156 0.323861 -0.835368
vn -0.123420 -0.042256 -0.991455
vn 0.199524 0.258960 -0.945055
vn 0.491036 0.316343 -0.811671
vn -0.707813 -0.295164 -0.641778
vn -0.737204 -0.174710 -0.652691
vn -0.426585 0.039142 -0.903600
vn 0.132828 0.181636 -0.974354
vn -0.784203 -0.138514 -0.604846
vn 0.540356 0.219202 -0.812383
vn -0.780748 -0.536145 -0.320907
vn -0.305451 -0.869480 0.388207
vn -0.087958 -0.945338 0.314007
vn 0.148638 -0.874732 0.461248
vn 0.035010 -0.732532 0.679832
vn -0.100156 -0.512557 0.852792
vn -0.481111 -0.692906 0.537041
vn -0.653548 -0.746608 0.124301
vn -0.507349 -0.855014 0.107465
vn -0.314566 -0.936571 0.154541
vn -0.207647 -0.965157 0.159229
vn -0.391399 -0.918295 0.059512
vn -0.984355 -0.143607 0.102085
vn -0.860097 0.148800 0.487946
vn -0.888430 0.335414 0.313351
vn -0.994219 0.079169 0.072530
vn -0.909008 -0.279623 0.309056
vn -0.721917 -0.001592 0.691978
vn -0.988175 -0.089540 -0.124471
vn -0.970361 -0.188567 -0.151133
vn -0.920311 -0.318417 -0.227240
vn -0.898537 -0.423608 -0.114836
vn -0.918611 -0.239002 -0.314695
vn -0.275146 -0.961344 0.010569
vn -0.379184 -0.924801 0.031014
vn -0.331324 -0.942374 -0.046416
vn -0.338712 -0.940400 -0.030373
vn -0.386294 -0.919591 -0.071626
vn -0.258059 -0.939594 -0.224875
vn 0.021999 -0.940716 -0.338482
vn -0.055738 -0.998226 0.020914
vn -0.120571 -0.939392 0.320945
vn -0.288712 -0.919498 0.266775
vn -0.056060 -0.532803 0.844381
vn -0.037807 -0.367398 0.929295
vn -0.057212 -0.697699 0.714103
vn 0.036245 -0.735406 0.676657
vn -0.009130 -0.372681 0.927915
vn -0.048737 -0.526275 0.848917
vn 0.440102 0.427893 -0.789441
vn 0.567439 0.500008 -0.654220
vn 0.341754 0.746679 -0.570680
vn 0.225915 0.588875 -0.776008
vn 0.094896 0.154624 -0.983405
vn 0.424474 0.095960 -0.900341
vn 0.659770 0.150826 -0.736176
vn 0.286451 -0.670476 -0.684403
vn 0.459455 -0.441622 -0.770630
vn 0.125237 -0.545812 -0.828496
vn -0.004507 -0.758121 -0.652098
vn 0.356829 -0.709487 -0.607702
vn 0.620679 -0.406247 -0.670612
vn -0.002438 -0.853904 -0.520425
vn -0.600064 0.424608 -0.677961
vn -0.491437 0.726030 -0.481009
vn -0.799811 0.456962 -0.389214
vn -0.805256 0.051091 -0.590723
vn -0.587312 -0.222489 -0.778180
vn -0.375399 0.353488 -0.856809
vn -0.169225 0.778562 -0.604322
vn 0.970174 -0.019432 0.241631
vn 0.991388 0.120029 0.052367
vn 0.946530 0.275172 0.168405
vn 0.926771 0.112656 0.358336
vn 0.985734 -0.125549 0.112094
vn 0.997299 -0.047559 -0.055969
vn 0.874059 -0.081281 0.478972
vn 0.922503 -0.123473 0.365709
vn 0.934221 -0.141451 0.327449
vn 0.944950 -0.120789 0.304105
vn 0.947322 -0.186723 0.260222
vn 0.605151 -0.145001 0.782794
vn 0.466429 -0.070929 0.881711
vn 0.347834 -0.077486 0.934349
vn 0.413294 -0.128573 0.901475
vn 0.431452 -0.212494 0.876753
vn 0.596861 -0.286750 0.749354
vn 0.751169 -0.332181 0.570439
vn 0.786118 -0.196014 0.586171
vn 0.467007 -0.119083 0.876199
vn 0.377795 -0.384218 0.842406
vn 0.479206 -0.338480 0.809811
vn 0.596270 -0.056087 0.800822
vn 0.580898 0.258542 0.771824
vn 0.520542 0.300148 0.799342
vn 0.431985 -0.032758 0.901286
vn 0.681552 0.248234 0.688380
vn 0.361258 -0.368423 0.856596
vn 0.309820 -0.478481 0.821625
vn 0.381130 -0.309817 0.871064
vn 0.616791 -0.747673 -0.246076
vn 0.642173 -0.724591 -0.250164
vn 0.652595 -0.712297 -0.258366
vn 0.644184 -0.746350 -0.167302
vn 0.592093 -0.804420 -0.048315
vn 0.491008 -0.859613 -0.141340
vn 0.398742 -0.888898 -0.225536
vn 0.552342 -0.752702 -0.358270
vn 0.761074 -0.513967 -0.395732
vn 0.774228 -0.586983 -0.236689
vn 0.712818 -0.678295 -0.178343
vn 0.219985 -0.538028 0.813715
vn 0.116337 -0.519152 0.846727
vn 0.259955 -0.041291 0.964737
vn 0.383851 -0.164446 0.908634
vn 0.254366 -0.802097 0.540313
vn 0.067656 -0.845261 0.530053
vn 0.595115 -0.462530 0.657194
vn 0.943837 0.282564 -0.171261
vn 0.913140 -0.116014 -0.390789
vn 0.910508 -0.359395 -0.204477
vn 0.958241 0.271101 0.090982
vn 0.812910 0.580616 0.045415
vn 0.857317 0.416809 -0.302121
vn 0.743817 0.043333 0.666977
vn 0.548919 0.280580 0.787377
vn 0.884951 0.127992 0.447750
vn 0.756823 -0.572884 0.314679
vn 0.661670 0.502388 0.556597
vn -0.751849 -0.552734 -0.359456
vn -0.667840 -0.705093 -0.238398
vn -0.523885 -0.848519 0.074567
vn -0.659173 -0.731839 0.172923
vn -0.670742 -0.492577 -0.554502
vn -0.690146 -0.590044 -0.418984
vn -0.683999 -0.566849 0.459160
vn -0.853603 -0.475850 -0.211963
vn -0.557315 -0.313112 -0.769000
vn -0.493682 -0.352694 -0.794912
vn -0.628157 -0.263786 -0.732008
vn 0.310741 0.853946 -0.417393
vn -0.212807 0.833110 -0.510530
vn -0.612858 0.489016 -0.620700
vn 0.902119 0.424140 0.079283
vn 0.915409 0.401712 0.025550
vn 0.889389 0.455851 0.034460
vn 0.829108 0.547962 0.110983
vn 0.823529 0.517690 0.231940
vn 0.904518 0.378100 0.197199
vn 0.941003 0.334201 0.053129
vn 0.929422 0.368681 0.015772
vn 0.955169 0.260186 0.141263
vn 0.451677 0.403374 0.795787
vn 0.572468 0.273952 0.772807
vn 0.721325 0.373873 0.583017
vn 0.614289 0.521010 0.592620
vn 0.315550 0.252330 0.914745
vn 0.389639 0.191712 0.900793
vn 0.427631 0.559848 0.709719
vn 0.318951 0.459442 0.828965
vn 0.292975 0.355301 0.887652
vn 0.229057 0.249978 0.940768
vn -0.378031 0.077675 -0.922529
vn -0.413470 0.148065 -0.898398
vn -0.547807 -0.002461 -0.836601
vn -0.457154 -0.051312 -0.887906
vn -0.280233 -0.088504 -0.955843
vn -0.240143 0.081459 -0.967314
vn -0.251380 0.211717 -0.944449
vn -0.447992 -0.468483 -0.761464
vn -0.576936 -0.485191 -0.657065
vn -0.402454 -0.335455 -0.851764
vn -0.585388 -0.305958 -0.750807
vn -0.201136 -0.430644 -0.879824
vn -0.667563 0.643487 0.374545
vn -0.837109 0.532575 0.124945
vn -0.894113 0.394061 0.212788
vn -0.705645 0.504802 0.497233
vn -0.684128 0.695762 0.218825
vn -0.753029 0.656330 0.046678
vn -0.428794 0.589960 0.684166
vn -0.432258 0.698575 0.570215
vn -0.553828 0.746431 0.368938
vn -0.626615 0.726546 0.281931
vn -0.405219 0.786979 0.465254
vn 0.138670 0.987376 -0.076543
vn 0.320259 0.928543 0.187729
vn 0.688752 0.724167 0.034694
vn 0.727256 0.629199 -0.274240
vn -0.137849 0.967070 0.213947
vn -0.019680 0.941826 0.335523
vn -0.213466 0.976455 0.031127
vn -0.267460 0.942653 0.199675
vn 0.597990 0.583768 -0.549202
vn 0.135148 0.912571 -0.385939
vn -0.195052 0.972561 -0.126806
vn 0.909338 0.399994 -0.114494
vn 0.974503 0.199428 -0.102822
vn 0.937269 0.187427 -0.293937
vn 0.870093 0.492625 -0.016112
vn 0.883183 0.139079 -0.447935
vn 0.285714 0.887283 -0.362071
vn 0.136962 0.875952 -0.462547
vn 0.553054 0.565545 -0.611793
vn 0.559250 0.644496 -0.521406
vn -0.179150 0.979815 0.088707
vn 0.015036 0.991479 -0.129393
vn 0.218687 0.954723 0.201691
vn -0.130386 0.921588 0.365616
vn -0.309778 0.948458 0.066814
vn -0.141335 0.964553 -0.222851
vn -0.345151 0.861391 0.372661
vn 0.975678 -0.103101 0.193451
vn 0.939550 -0.312198 0.140637
vn 0.785286 -0.290459 0.546773
vn 0.831705 0.052466 0.552734
vn 0.802292 0.524034 0.285860
vn 0.984417 0.139925 -0.106510
vn 0.957979 -0.138108 -0.251400
vn 0.538634 0.741874 0.399371
vn 0.542749 0.783386 0.302869
vn 0.475910 0.810656 0.341097
vn 0.516982 0.757854 0.397978
vn 0.597719 0.691540 0.405591
vn 0.624427 0.731452 0.273987
vn 0.580318 0.709034 0.400626
vn 0.545923 0.734087 0.403838
vn 0.497739 0.700545 0.511363
vn 0.531399 0.637986 0.557305
vn 0.495100 0.728918 0.472815
vn 0.828611 -0.555926 0.065956
vn 0.593157 -0.788909 -0.160585
vn 0.591886 -0.761627 -0.263807
vn 0.954037 -0.297129 -0.039087
vn 0.897357 -0.116563 0.425634
vn 0.788633 -0.265380 0.554645
vn 0.737951 -0.628802 0.245024
vn 0.958590 0.110779 0.262359
vn 0.918934 0.382552 0.095994
vn 0.961229 -0.120036 -0.248253
vn 0.888293 -0.046490 -0.456918
vn 0.897655 0.405605 -0.172339
vn 0.771661 0.631046 0.079505
vn 0.742328 0.637515 0.206213
vn 0.737361 0.562456 0.374090
vn 0.772718 0.412843 0.482149
vn 0.669731 0.664192 0.332130
vn 0.778607 -0.125666 -0.614800
vn 0.610510 -0.587667 -0.530966
vn -0.066636 -0.997777 -0.000998
vn 0.072920 -0.870816 -0.486171
vn 0.284552 -0.858240 -0.427146
vn 0.183168 -0.981603 0.053891
vn -0.238031 -0.946935 -0.215999
vn -0.160263 -0.813361 -0.559250
vn -0.275009 -0.950111 0.147173
vn -0.328957 -0.944329 -0.005468
vn 0.018325 -0.893793 0.448106
vn -0.146116 -0.911725 0.383937
vn -0.306127 -0.891513 0.333903
vn 0.289425 -0.383114 0.877187
vn 0.558281 -0.296832 0.774734
vn 0.517998 -0.448231 0.728538
vn 0.126861 -0.531158 0.837722
vn -0.145884 -0.523829 0.839238
vn 0.154049 -0.365685 0.917902
vn 0.481464 -0.253674 0.838953
vn -0.955875 -0.227782 -0.185519
vn -0.951718 -0.274116 0.138178
vn -0.972392 -0.220197 0.077247
vn -0.958202 -0.160901 -0.236558
vn -0.835817 -0.104118 -0.539045
vn -0.827705 -0.148434 -0.541176
vn -0.949817 -0.312777 -0.004349
vn -0.916649 -0.356142 0.181433
vn -0.774780 -0.207787 -0.597110
vn -0.904862 -0.275939 -0.324164
vn -0.939214 -0.319874 -0.124731
vn 0.277201 0.306899 -0.910479
vn 0.115595 0.364585 -0.923967
vn 0.160554 0.408312 -0.898612
vn 0.341014 0.427084 -0.837442
vn 0.502480 0.421754 -0.754743
vn 0.505211 0.274551 -0.818159
vn 0.485775 0.093166 -0.869104
vn 0.298867 0.129064 -0.945527
vn 0.061506 0.148228 -0.987039
vn 0.051211 0.291300 -0.955260
vn 0.012111 0.368707 -0.929467
vn 0.551510 0.533863 -0.640958
vn 0.623396 0.421583 -0.658518
vn 0.489785 0.499602 -0.714498
vn 0.486022 0.525423 -0.698364
vn 0.523620 0.521379 -0.673785
vn 0.511284 0.509597 -0.692026
vn 0.479758 0.585489 -0.653479
vn 0.454086 0.665849 -0.591990
vn 0.594269 0.583256 -0.553767
vn 0.703850 0.428906 -0.566247
vn -0.854902 -0.517222 -0.040308
vn -0.882935 -0.469367 -0.010959
vn -0.838806 -0.544344 0.009688
vn -0.804033 -0.593527 -0.035434
vn -0.783725 -0.618981 -0.051347
vn -0.706263 -0.560012 -0.433104
vn -0.854927 -0.498974 -0.141860
vn -0.650973 -0.757681 0.046403
vn -0.544165 -0.751961 -0.372074
vn -0.648095 -0.291887 -0.703403
vn -0.876087 -0.073565 -0.476509
vn -0.432698 -0.544689 -0.718391
vn -0.920399 -0.182221 -0.345922
vn -0.839163 -0.215406 -0.499405
vn -0.916986 0.004233 -0.398898
vn -0.809634 -0.069935 -0.582753
vn -0.907223 -0.321478 -0.271289
vn -0.957612 -0.283778 -0.049483
vn -0.984481 -0.115524 -0.132106
vn -0.974990 0.068868 -0.211310
vn 0.720435 -0.072505 -0.689722
vn 0.781884 -0.109765 -0.613685
vn 0.820579 -0.211900 -0.530801
vn 0.807736 -0.185047 -0.559751
vn 0.683950 -0.115697 -0.720296
vn 0.513943 0.047125 -0.856529
vn 0.572289 0.065580 -0.817425
vn 0.514362 -0.061601 -0.855358
vn 0.547251 -0.050097 -0.835468
vn 0.773350 -0.233241 -0.589515
vn 0.362884 -0.103589 -0.926059
vn 0.385589 -0.253468 -0.887173
vn 0.437174 -0.048189 -0.898085
vn 0.535299 -0.133868 -0.833987
vn 0.388159 0.038241 -0.920799
vn 0.444029 -0.762560 -0.470469
vn 0.342763 -0.877333 -0.335859
vn 0.258778 -0.849674 -0.459443
vn 0.295996 -0.800243 -0.521534
vn 0.320078 -0.721361 -0.614157
vn 0.560229 -0.584497 -0.586947
vn 0.258972 -0.762999 -0.592255
vn 0.754678 -0.497196 -0.428084
vn 0.634209 -0.715356 -0.293335
vn 0.450807 -0.873010 -0.186082
vn 0.162824 0.955111 0.247491
vn 0.238232 0.914239 0.327739
vn 0.369120 0.929134 0.021449
vn 0.319992 0.947248 -0.018049
vn -0.051761 0.841255 0.538155
vn 0.037822 0.801055 0.597395
vn 0.004010 0.968550 0.248788
vn -0.190434 0.867586 0.459379
vn 0.266439 0.959182 -0.094762
vn 0.196787 0.978670 0.058988
vn 0.120740 0.987332 0.102942
vn -0.049392 -0.313415 0.948331
vn -0.350618 -0.154787 0.923638
vn -0.320769 0.014137 0.947052
vn 0.007600 -0.236278 0.971656
vn 0.285664 -0.510756 0.810879
vn 0.138297 -0.554374 0.820697
vn -0.264649 -0.498758 0.825349
vn -0.047450 -0.053694 0.997429
vn -0.009518 -0.042670 0.999044
vn -0.050634 -0.122233 0.991209
vn -0.093037 -0.126105 0.987644
vn -0.124314 -0.116251 0.985409
vn -0.129439 -0.060015 0.989770
vn -0.056988 -0.022770 0.998115
vn -0.164039 -0.163513 0.972808
vn 0.028381 0.030584 0.999129
vn 0.047815 0.022889 0.998594
vn 0.014227 0.035861 0.999256
vn -0.012575 0.775105 0.631708
vn 0.101168 0.656592 0.747430
vn 0.168000 0.708670 0.685246
vn 0.150680 0.838706 0.523323
vn -0.218686 0.751477 0.622461
vn -0.140747 0.558460 0.817504
vn 0.114853 0.947772 0.297552
vn 0.098895 0.238015 0.966214
vn 0.099452 0.191533 0.976435
vn 0.068336 0.220463 0.972999
vn -0.044859 0.375472 0.925748
vn 0.079748 0.241195 0.967195
vn 0.045553 0.234308 0.971095
vn -0.494640 0.569529 0.656482
vn -0.368657 0.830808 0.416954
vn -0.590938 0.737225 0.327554
vn -0.705455 0.613060 0.355655
vn -0.941623 0.192214 0.276406
vn -0.948722 -0.135732 0.285489
vn -0.408367 0.175187 0.895849
vn -0.860467 0.490284 0.138629
vn -0.282672 -0.956801 0.068032
vn -0.150106 -0.978232 0.143286
vn 0.007887 -0.944205 0.329265
vn -0.113203 -0.924735 0.363387
vn -0.367850 -0.925991 0.085017
vn -0.461610 -0.858312 -0.224089
vn -0.398259 -0.886657 -0.235008
vn -0.200960 -0.902957 0.379848
vn -0.270602 -0.960214 -0.069024
vn -0.217863 -0.975444 0.032317
vn -0.318969 -0.907490 -0.273351
vn -0.276414 0.171010 -0.945701
vn -0.281730 0.194220 -0.939631
vn -0.199291 0.196039 -0.960131
vn -0.249829 0.121187 -0.960676
vn -0.328268 0.006840 -0.944560
vn -0.374488 0.119619 -0.919484
vn -0.284691 0.103739 -0.952990
vn -0.370712 0.123643 -0.920481
vn -0.707133 0.106085 -0.699077
vn -0.760919 0.143126 -0.632864
vn -0.795056 0.190916 -0.575706
vn -0.799676 0.169435 -0.576029
vn -0.503097 0.104257 -0.857918
vn -0.566076 0.022846 -0.824036
vn -0.389158 0.125768 -0.912545
vn -0.687465 0.158214 -0.708774
vn -0.545508 0.030718 -0.837542
vn -0.777297 0.233997 -0.583999
vn 0.349123 0.270736 -0.897115
vn 0.198681 0.053159 -0.978621
vn 0.085480 0.005817 -0.996323
vn 0.097358 0.097402 -0.990472
vn 0.540127 0.208340 -0.815388
vn 0.315806 0.024610 -0.948505
vn 0.594787 0.519942 -0.613098
vn 0.715127 0.395435 -0.576389
vn 0.906409 0.099550 -0.410504
vn 0.792428 0.191667 -0.579069
vn 0.927640 0.370281 -0.048744
vn 0.968586 0.206341 -0.138798
vn 0.972682 0.025719 -0.230713
vn -0.433481 -0.667163 -0.605795
vn -0.534693 -0.616050 -0.578433
vn -0.499044 -0.587838 -0.636712
vn -0.469673 -0.624350 -0.624175
vn -0.478395 -0.608321 -0.633312
vn -0.456591 -0.596837 -0.659781
vn -0.302186 -0.655716 -0.691896
vn -0.181568 -0.413037 -0.892431
vn -0.169280 -0.240188 -0.955853
vn 0.088993 -0.281692 -0.955369
vn 0.052964 -0.422957 -0.904600
vn -0.408007 -0.377265 -0.831385
vn -0.383159 -0.206751 -0.900246
vn 0.056610 -0.501767 -0.863149
vn -0.055828 -0.469088 -0.881385
vn -0.262745 -0.511290 -0.818259
vn -0.420986 -0.507293 -0.751947
vn -0.105742 -0.485513 -0.867811
vn 0.952820 0.214994 -0.214270
vn 0.948973 0.312878 -0.039468
vn 0.919849 0.369373 0.132069
vn 0.955976 0.277342 0.095874
vn 0.819990 0.123763 -0.558837
vn 0.769271 0.197591 -0.607602
vn 0.900275 0.272555 -0.339440
vn 0.935924 0.322052 -0.142580
vn 0.976033 0.213881 0.040173
vn 0.954079 0.136734 -0.266527
vn 0.824687 0.068421 -0.561436
vn 0.109008 0.993877 -0.018068
vn -0.132099 0.991184 0.010221
vn -0.015767 0.919460 0.392868
vn 0.137703 0.929337 0.342594
vn 0.001393 0.858944 -0.512068
vn -0.205891 0.860529 -0.465938
vn 0.291388 0.934657 -0.203738
vn 0.217658 0.791142 -0.571594
vn 0.280305 0.947737 0.152390
vn 0.362386 0.931552 0.029775
vn 0.275458 0.909892 0.310191
vn 0.054902 -0.899133 0.434219
vn -0.076469 -0.800629 0.594260
vn 0.253852 -0.867503 0.427781
vn 0.175100 -0.731140 0.659375
vn -0.165880 -0.835806 0.523367
vn -0.975342 0.160521 -0.151464
vn -0.978867 0.190009 -0.075599
vn -0.973909 -0.198469 -0.110050
vn -0.965907 -0.143466 -0.215502
vn -0.874624 0.435700 -0.212600
vn -0.826108 0.551195 -0.117173
vn -0.934594 0.115001 -0.336614
vn 0.034870 0.275893 0.960556
vn -0.132126 0.533224 0.835592
vn 0.168828 0.449897 0.876978
vn 0.302713 0.089431 0.948877
vn 0.100486 0.117947 0.987923
vn 0.070567 0.112666 0.991124
vn 0.105592 0.072274 0.991780
vn 0.162807 0.192223 0.967752
vn 0.153351 0.110308 0.981996
vn 0.155635 0.186145 0.970118
vn 0.197620 0.204205 0.958773
vn 0.225654 0.176167 0.958147
vn 0.057909 0.226448 0.972300
vn 0.245519 0.130662 0.960546
vn 0.448521 0.106169 0.887444
vn 0.259567 0.073726 0.962907
vn 0.493598 0.006829 0.869663
vn 0.711252 0.010051 0.702865
vn 0.651751 0.147920 0.743868
vn 0.868781 0.072197 0.489905
vn 0.806792 0.226288 0.545784
vn 0.943153 0.164885 0.288574
vn 0.883827 0.309773 0.350557
vn 0.796515 0.460678 0.391586
vn 0.690928 0.595147 0.410388
vn 0.723836 0.641209 0.254777
vn 0.732079 0.667353 0.136750
vn 0.628331 0.758758 0.171713
vn 0.533457 0.817744 0.216144
vn 0.626040 0.772949 0.103072
vn 0.529181 0.835277 0.149266
vn 0.445929 0.875057 0.188208
vn 0.450871 0.853843 0.260129
vn 0.371573 0.880635 0.293963
vn 0.411867 0.823722 0.389675
vn 0.372925 0.907016 0.195573
vn 0.424632 0.896634 0.125439
vn 0.526199 0.845258 0.093023
vn 0.499691 0.865390 -0.037527
vn 0.650451 0.756107 0.072214
vn 0.637320 0.767946 -0.063888
vn 0.761765 0.646426 0.042985
vn 0.749138 0.657622 -0.079535
vn 0.716044 0.640732 -0.277027
vn 0.831846 0.547201 -0.092758
vn 0.799685 0.537680 -0.267215
vn 0.712522 0.490917 -0.501311
vn 0.630808 0.574985 -0.521032
vn 0.542877 0.399858 -0.738511
vn 0.477969 0.474086 -0.739451
vn 0.304704 0.272263 -0.912704
vn 0.260554 0.363999 -0.894213
vn 0.261684 0.451166 -0.853212
vn 0.300375 0.475857 -0.826641
vn 0.344610 0.379806 -0.858482
vn 0.322396 0.144839 -0.935459
vn 0.341342 0.129013 -0.931043
vn 0.318775 0.118911 -0.940342
vn 0.228935 -0.202949 -0.952051
vn 0.210067 -0.195324 -0.957977
vn 0.022527 -0.471492 -0.881582
vn 0.038880 -0.435236 -0.899476
vn 0.031252 -0.409340 -0.911846
vn -0.152037 -0.564681 -0.811184
vn -0.128251 -0.524015 -0.841998
vn 0.014062 -0.404330 -0.914505
vn 0.020046 -0.438386 -0.898563
vn 0.081388 -0.517442 -0.851839
vn 0.081300 -0.494564 -0.865330
vn 0.195002 -0.618736 -0.761013
vn 0.170160 -0.636700 -0.752103
vn 0.134292 -0.640178 -0.756397
vn 0.048412 -0.457164 -0.888064
vn 0.096940 -0.632360 -0.768585
vn 0.002656 -0.416896 -0.908951
vn 0.073351 -0.613523 -0.786263
vn -0.031999 -0.372556 -0.927458
vn 0.074315 -0.591042 -0.803210
vn -0.047251 -0.333907 -0.941421
vn 0.224379 -0.793735 -0.565367
vn 0.250473 -0.783901 -0.568122
vn 0.392877 -0.869262 -0.300051
vn 0.427048 -0.853842 -0.297628
vn 0.508774 -0.798705 -0.321280
vn 0.569135 -0.822053 -0.017710
vn 0.630937 -0.772757 -0.069028
vn 0.726644 -0.666368 -0.167160
vn 0.615946 -0.674545 -0.406940
vn 0.808056 -0.516482 -0.283359
vn 0.670059 -0.501351 -0.547419
vn 0.844207 -0.372030 -0.385885
vn 0.650301 -0.345058 -0.676789
vn 0.390158 -0.260683 -0.883075
vn 0.120164 -0.170737 -0.977962
vn 0.605173 -0.222175 -0.764463
vn 0.323414 -0.149630 -0.934352
vn 0.069345 -0.071666 -0.995015
vn 0.266902 -0.037827 -0.962981
vn 0.032118 0.032529 -0.998955
vn 0.183018 0.127878 -0.974757
vn -0.036358 0.222327 -0.974294
vn -0.164539 0.496925 -0.852052
vn -0.277892 0.781772 -0.558219
vn -0.381840 0.802592 -0.458307
vn -0.270800 0.950756 -0.150767
vn -0.375277 0.922718 -0.088081
vn -0.413198 0.910420 -0.020081
vn -0.441883 0.805839 -0.394161
vn -0.382233 0.923852 0.019873
vn -0.440013 0.805335 -0.397271
vn -0.283636 0.958597 0.025360
vn -0.352793 0.828418 -0.435040
vn -0.259825 0.876214 0.405881
vn -0.150410 0.894425 0.421166
vn -0.315955 0.885373 0.341009
vn -0.282969 0.921988 0.264323
vn -0.149222 0.961686 0.229982
vn 0.086107 0.973080 0.213778
vn 0.270130 0.778311 0.566800
vn 0.418433 0.492862 0.762889
vn 0.709446 0.171082 0.683680
vn 0.478430 0.301539 0.824730
vn 0.723782 0.079851 0.685393
vn 0.497575 0.212307 0.841038
vn 0.736622 0.010583 0.676222
vn 0.524319 0.150713 0.838078
vn 0.918539 -0.169579 0.357112
vn 0.927953 -0.078732 0.364287
vn 0.975920 -0.206618 -0.069921
vn 0.948466 -0.315337 -0.031230
vn 0.936240 0.013400 0.351105
vn 0.986492 -0.103672 -0.126827
vn 0.826532 -0.135505 -0.546336
vn 0.845614 -0.251886 -0.470627
vn 0.791699 0.030087 -0.610170
vn 0.489437 0.051415 -0.870522
vn 0.554406 -0.104309 -0.825683
vn 0.891318 -0.453307 0.008084
vn 0.795421 -0.599351 0.089906
vn 0.702217 -0.681785 0.205088
vn 0.664643 -0.690230 0.286063
vn 0.679531 -0.440043 0.587026
vn 0.681351 -0.667812 0.299647
vn 0.712446 -0.361495 0.601449
vn 0.617593 -0.017625 0.786301
vn 0.599107 -0.121070 0.791463
vn 0.676344 0.098922 0.729914
vn 0.745163 0.244303 0.620522
vn 0.548257 0.485408 0.681023
vn 0.583010 0.584806 0.564005
vn 0.435996 0.717653 0.543030
vn 0.370836 0.667870 0.645314
vn 0.331556 0.827819 0.452533
vn 0.227835 0.816419 0.530614
vn 0.486232 0.746252 0.454627
vn 0.592817 0.659846 0.461704
vn 0.550998 -0.834330 -0.017161
vn 0.563829 -0.823208 -0.066521
vn 0.394913 -0.861127 -0.320164
vn 0.420915 -0.830863 -0.364002
vn 0.264211 -0.775119 -0.573920
vn 0.299118 -0.745695 -0.595372
vn 0.445496 -0.790571 -0.420157
vn 0.233745 -0.791984 -0.564026
vn 0.334033 -0.705548 -0.625000
vn 0.469272 -0.748071 -0.469227
vn 0.578075 -0.745101 -0.332647
vn 0.517274 -0.687623 -0.509512
vn 0.610402 -0.701642 -0.367569
vn 0.595773 -0.593760 -0.540836
vn 0.684538 -0.619440 -0.384320
vn 0.725171 -0.642625 -0.247306
vn 0.782333 -0.491577 -0.382502
vn 0.821199 -0.524227 -0.225431
vn 0.824302 -0.561601 -0.071627
vn 0.725676 -0.678102 -0.116497
vn 0.795309 -0.599061 0.092789
vn 0.692082 -0.721175 0.030488
vn 0.734846 -0.619514 0.276051
vn 0.629305 -0.749304 0.206202
vn 0.513638 -0.849434 0.120992
vn 0.545221 -0.732060 0.408440
vn 0.429300 -0.841443 0.328139
vn 0.308264 -0.920124 0.241546
vn 0.391906 -0.919576 0.028096
vn 0.206948 -0.964999 0.161086
vn 0.289441 -0.955813 -0.051425
vn 0.163039 -0.982062 0.094727
vn 0.245788 -0.963604 -0.105145
vn 0.348034 -0.894655 -0.280116
vn 0.490990 -0.753700 -0.436882
vn 0.289968 -0.948499 -0.127544
vn 0.367107 -0.885315 -0.285393
vn 0.462970 -0.765108 -0.447513
vn 0.613979 -0.517959 -0.595608
vn 0.693485 -0.485381 -0.532432
vn 0.545194 -0.812435 -0.206669
vn 0.568287 -0.746410 -0.346299
vn 0.901829 -0.432003 0.008859
vn 0.905588 -0.418676 -0.067974
vn 0.955568 0.202768 0.213950
vn 0.956935 0.228814 0.178663
vn 0.790410 0.550598 0.268502
vn 0.798687 0.570644 0.190956
vn 0.686589 0.668384 0.286108
vn 0.725753 0.665613 0.173904
vn 0.783528 0.621242 0.011910
vn 0.684235 0.699012 0.207857
vn 0.863424 0.413711 -0.288690
vn 0.809780 -0.060607 -0.583595
vn 0.621788 0.714651 0.320397
vn 0.571939 0.731142 0.371911
vn 0.645708 0.710670 0.279302
vn 0.528019 0.733782 0.427506
vn 0.595061 0.720555 0.355954
vn 0.463508 0.703538 0.538697
vn 0.431458 0.683574 0.588702
vn 0.509564 0.708981 0.487535
vn 0.445232 0.642268 0.623908
vn 0.397937 0.624155 0.672366
vn 0.566651 0.698682 0.436750
vn 0.507192 0.646232 0.570211
vn 0.433181 0.532303 0.727329
vn 0.375820 0.508081 0.774992
vn 0.645623 0.657620 0.388209
vn 0.593014 0.627122 0.505027
vn 0.518614 0.544735 0.659016
vn 0.409944 0.334670 0.848494
vn 0.337405 0.306481 0.890071
vn 0.730590 0.536720 0.422102
vn 0.769765 0.542208 0.336856
vn 0.949303 0.190134 0.250344
vn 0.933589 0.176556 0.311831
vn 0.886225 -0.458092 0.068974
vn 0.847932 -0.508235 0.150690
vn 0.503962 -0.859055 -0.089699
vn 0.428637 -0.902572 0.040416
vn 0.329343 -0.915718 0.230204
vn 0.208882 -0.976869 0.045778
vn 0.123969 -0.958578 0.256438
vn 0.096066 -0.939486 0.328842
vn 0.067471 -0.794272 0.603804
vn 0.147762 -0.902623 0.404276
vn 0.122931 -0.736937 0.664690
vn 0.145058 -0.442101 0.885158
vn 0.109761 -0.484185 0.868054
vn 0.213933 -0.064185 0.974737
vn 0.218031 -0.059500 0.974126
vn 0.297935 0.275498 0.913967
vn 0.222576 -0.055821 0.973316
vn 0.272824 0.252234 0.928410
vn 0.333816 0.479532 0.811552
vn 0.254129 0.231650 0.939019
vn 0.299350 0.444929 0.844054
vn 0.362493 0.591859 0.719932
vn 0.270647 0.399150 0.876030
vn 0.336083 0.540200 0.771513
vn 0.421349 0.639668 0.642876
vn 0.244377 0.339107 0.908453
vn 0.217890 0.179168 0.959387
vn 0.190401 0.146033 0.970784
vn 0.211946 0.267702 0.939901
vn 0.237927 0.207974 0.948756
vn 0.241866 -0.024807 0.969993
vn 0.239924 -0.012195 0.970715
vn 0.234298 -0.040582 0.971317
vn 0.244060 -0.331826 0.911222
vn 0.282282 -0.270291 0.920467
vn 0.195319 -0.390424 0.899677
vn 0.201357 -0.668522 0.715915
vn 0.284456 -0.583894 0.760363
vn 0.349541 -0.756940 0.552144
vn 0.450606 -0.645947 0.616204
vn 0.356288 -0.487611 0.797053
vn 0.241140 -0.843758 0.479503
vn 0.527925 -0.522897 0.669234
vn 0.407193 -0.388678 0.826513
vn 0.305598 -0.211588 0.928354
vn 0.430939 -0.296822 0.852167
vn 0.311062 -0.159975 0.936829
vn 0.227724 -0.004062 0.973717
vn 0.299703 -0.115819 0.946976
vn 0.203629 0.000506 0.979048
vn 0.273085 -0.074483 0.959102
vn 0.167542 0.001214 0.985864
vn 0.218898 -0.054054 0.974249
vn 0.115478 -0.014054 0.993211
vn 0.140778 -0.075151 0.987185
vn 0.052819 -0.056933 0.996980
vn 0.062552 -0.136426 0.988673
vn -0.003198 -0.129536 0.991570
vn 0.000282 -0.234061 0.972222
vn 0.053014 -0.241756 0.968888
vn 0.139194 -0.141885 0.980048
vn 0.207852 -0.148718 0.966789
vn 0.095895 -0.258845 0.961147
vn 0.242479 -0.084767 0.966446
vn 0.335516 -0.080730 0.938569
vn 0.407626 -0.076152 0.909968
vn 0.254768 -0.156495 0.954255
vn 0.555400 -0.048913 0.830143
vn 0.627235 -0.039953 0.777805
vn 0.463971 -0.077641 0.882442
vn 0.700808 -0.065359 0.710349
vn 0.763519 -0.046170 0.644132
vn 0.818753 -0.054579 0.571546
vn 0.689463 -0.044042 0.722981
vn 0.824393 -0.101711 0.556804
vn 0.860732 -0.082549 0.502321
vn 0.897193 -0.098940 0.430414
vn 0.933928 -0.138806 0.329410
vn 0.871874 -0.077243 0.483601
vn 0.913745 -0.122543 0.387366
vn 0.928946 -0.165116 0.331355
vn 0.945869 -0.236366 0.222402
vn 0.948263 -0.311620 0.060745
vn 0.962049 -0.187326 0.198420
vn 0.924590 -0.232064 0.302125
vn 0.885979 -0.274480 0.373766
vn 0.810834 -0.289855 0.508461
vn 0.797375 -0.045041 0.601802
vn 0.710361 -0.298354 0.637473
vn 0.580589 -0.565172 0.586085
vn 0.370932 -0.813564 0.447797
vn 0.594965 -0.311192 0.741064
vn 0.442771 -0.580151 0.683651
vn 0.231507 -0.810829 0.537550
vn 0.120353 -0.955948 0.267728
vn 0.320932 -0.588543 0.742037
vn 0.105010 -0.800063 0.590653
vn 0.227527 -0.599828 0.767097
vn 0.014659 -0.787555 0.616070
vn 0.173973 -0.636310 0.751561
vn -0.033152 -0.799051 0.600348
vn -0.243384 -0.906673 0.344540
vn -0.386332 -0.921009 0.049898
vn -0.338904 -0.940390 -0.028484
vn -0.398320 -0.875118 -0.274789
vn -0.464964 -0.852188 -0.239966
vn -0.188630 -0.973305 -0.130757
vn -0.238887 -0.906139 -0.349064
vn 0.022866 -0.979040 -0.202380
vn -0.038055 -0.890665 -0.453065
vn 0.203536 -0.950600 -0.234377
vn 0.124570 -0.832747 -0.539458
vn 0.041078 -0.618791 -0.784481
vn -0.057660 -0.348215 -0.935640
vn 0.250022 -0.766666 -0.591365
vn 0.135060 -0.539496 -0.831086
vn 0.017263 -0.278516 -0.960276
vn -0.069084 -0.049398 -0.996387
vn -0.140942 -0.129370 -0.981529
vn 0.235931 -0.464752 -0.853430
vn 0.103309 -0.212596 -0.971664
vn 0.365976 -0.345118 -0.864266
vn 0.226927 -0.069441 -0.971433
vn 0.372508 -0.690364 -0.620189
vn 0.527918 -0.573125 -0.626762
vn 0.468981 -0.831609 -0.297462
vn 0.637720 -0.697723 -0.326336
vn 0.862511 -0.400183 -0.309722
vn 0.657771 -0.753203 0.004845
vn 0.896077 -0.442909 -0.029618
vn 0.998050 0.060713 0.014500
vn 0.966777 0.110064 -0.230712
vn 0.878659 0.473361 0.062350
vn 0.823745 0.542496 -0.164748
vn 0.715404 0.691603 0.099407
vn 0.654456 0.740989 -0.150411
vn 0.546773 0.733680 -0.403425
vn 0.559317 0.815445 -0.149044
vn 0.446313 0.784989 -0.429648
vn 0.302355 0.677700 -0.670301
vn 0.406742 0.625330 -0.665976
vn 0.401596 0.777614 -0.483773
vn 0.535400 0.828350 -0.164871
vn 0.567438 0.798698 -0.200240
vn 0.419460 0.724304 -0.547208
vn 0.635638 0.733134 -0.241823
vn 0.485337 0.642550 -0.592939
vn 0.728266 0.628352 -0.273501
vn 0.793737 0.603859 0.073051
vn 0.868981 0.494627 0.014707
vn 0.817238 0.503422 -0.280514
vn 0.713747 0.687643 0.133088
vn 0.724116 0.513929 0.459928
vn 0.805685 0.462995 0.369470
vn 0.643692 0.743775 0.180167
vn 0.644541 0.553396 0.527560
vn 0.602417 0.775360 0.189499
vn 0.594365 0.598797 0.536817
vn 0.617055 0.771807 0.153486
vn 0.773061 0.237950 0.588010
vn 0.858716 0.191305 0.475403
vn 0.883305 0.382801 0.270621
vn 0.701265 -0.032455 0.712162
vn 0.494018 -0.865870 0.078842
vn 0.448621 -0.771527 0.451093
vn 0.385697 -0.913911 0.126509
vn 0.374912 -0.784990 0.493185
vn 0.346523 -0.578273 0.738594
vn 0.389666 -0.560095 0.731064
vn 0.304088 -0.815634 0.492211
vn 0.292440 -0.628207 0.720995
vn 0.276451 -0.952015 0.131313
vn 0.339901 -0.903165 -0.262224
vn -0.289777 -0.199613 -0.936047
vn -0.275593 -0.206546 -0.938822
vn -0.403224 -0.468925 -0.785824
vn -0.418824 -0.451797 -0.787697
vn -0.473587 -0.706179 -0.526333
vn -0.484220 -0.696348 -0.529746
vn -0.352465 -0.514317 -0.781823
vn -0.414464 -0.742494 -0.526235
vn -0.329547 -0.776441 -0.537157
vn -0.233466 -0.809088 -0.539324
vn -0.247028 -0.921559 -0.299509
vn -0.128221 -0.845698 -0.518029
vn -0.156886 -0.944512 -0.288589
vn -0.173155 -0.979276 -0.105054
vn -0.236063 -0.965039 -0.113903
vn -0.195591 -0.980615 0.011732
vn -0.224917 -0.974352 -0.007169
vn -0.237080 -0.969340 0.064606
vn -0.230750 -0.972591 0.028656
vn -0.184850 -0.981742 0.044863
vn -0.256295 -0.966506 0.013345
vn -0.184504 -0.982832 0.000672
vn -0.038436 -0.998708 0.033233
vn -0.074078 -0.989620 0.123141
vn -0.220972 -0.972523 -0.073286
vn -0.059088 -0.991686 -0.114317
vn -0.293036 -0.955752 -0.025841
vn -0.292248 -0.954562 0.058328
vn -0.335028 -0.942124 0.012564
vn -0.123869 -0.989110 0.079489
vn -0.075088 -0.995483 -0.058099
vn 0.015850 -0.983554 0.179915
vn 0.225226 -0.935867 0.270972
vn 0.430999 -0.847281 0.310410
vn 0.411586 -0.760377 0.502418
vn 0.393175 -0.572287 0.719653
vn 0.727519 -0.133064 0.673060
vn 0.338575 -0.298483 0.892342
vn 0.650077 0.182012 0.737748
vn 0.199564 -0.029304 0.979446
vn -0.278804 -0.302774 0.911371
vn -0.046358 0.186335 0.981392
vn -0.508943 -0.129939 0.850936
vn -0.794959 -0.390928 0.463913
vn -0.642226 -0.531364 0.552447
vn -0.853429 -0.521199 0.003069
vn -0.771816 -0.629140 0.092101
vn -0.701519 -0.528932 -0.477601
vn -0.684538 -0.636198 -0.355893
vn -0.615607 -0.748751 -0.245765
vn -0.327193 -0.526549 -0.784660
vn -0.354384 -0.686916 -0.634475
vn -0.310380 -0.840223 -0.444622
vn -0.498070 -0.853923 -0.150803
vn 0.122375 -0.506350 -0.853601
vn 0.074001 -0.750039 -0.657241
vn 0.604265 -0.292845 -0.741017
vn 0.224387 -0.282933 -0.932523
vn 0.686376 -0.024098 -0.726848
vn 0.940752 0.169221 -0.293855
vn 0.932088 -0.134189 -0.336460
vn 0.932830 0.252649 0.256899
vn 0.972024 -0.070301 0.224112
vn 0.810160 0.492205 0.318395
vn 0.455717 0.431355 0.778624
vn 0.631765 0.688643 0.355872
vn 0.195670 0.623108 0.757265
vn -0.329433 0.344894 0.878932
vn -0.036628 0.765625 0.642244
vn -0.532892 0.488536 0.690912
vn -0.177687 0.862985 0.472952
vn -0.605372 0.632202 0.483575
vn -0.238138 0.925017 0.296031
vn -0.595213 0.746951 0.296286
vn -0.850745 0.495797 0.174409
vn -0.554231 0.824800 0.111953
vn -0.788603 0.614714 0.015227
vn -0.916693 0.375611 -0.136345
vn -0.970340 0.241549 -0.009719
vn -0.945240 0.136393 -0.296511
vn -0.982968 0.023181 -0.182307
vn -0.895292 -0.096421 -0.434919
vn -0.934833 -0.175444 -0.308717
vn -0.943932 -0.225492 -0.241134
vn -0.831984 -0.385996 -0.398509
vn -0.865369 -0.398462 -0.303915
vn -0.885595 -0.375354 -0.273553
vn -0.936579 -0.251683 -0.243875
vn -0.889068 -0.317040 -0.330217
vn -0.906135 -0.238517 -0.349328
vn -0.826183 -0.199104 -0.527048
vn -0.835067 -0.470485 -0.285145
vn -0.843688 -0.319001 -0.431773
vn -0.561207 -0.074544 -0.824312
vn -0.504958 -0.005440 -0.863126
vn 0.166180 0.081964 -0.982683
vn 0.127523 0.142233 -0.981584
vn 0.641852 -0.013799 -0.766704
vn 0.577337 0.126045 -0.806718
vn 0.751510 -0.175858 -0.635852
vn 0.737234 0.039908 -0.674458
vn 0.705465 0.195220 -0.681328
vn 0.788140 -0.046802 -0.613715
vn 0.775594 0.151754 -0.612719
vn 0.748355 0.305249 -0.588887
vn 0.671447 0.315590 -0.670494
vn 0.728389 0.416026 -0.544400
vn 0.654208 0.380342 -0.653721
vn 0.784323 0.296544 -0.544884
vn 0.753166 0.445406 -0.484101
vn 0.721678 0.573287 -0.387974
vn 0.755097 0.473344 -0.453623
vn 0.691133 0.631635 -0.351244
vn 0.588393 0.781641 -0.206957
vn 0.668562 0.706562 -0.231935
vn 0.408982 0.912303 -0.020916
vn 0.531998 0.846745 0.000757
vn 0.125102 0.977385 0.170492
vn 0.246366 0.929696 0.273806
vn 0.424587 0.838964 0.340390
vn 0.318401 0.944546 -0.080332
vn 0.054596 0.997279 0.049539
vn -0.251272 0.960022 0.123367
vn 0.021929 0.996049 -0.086057
vn -0.234814 0.970767 -0.049746
vn -0.492419 0.866815 -0.078456
vn -0.700296 0.694186 -0.166409
vn -0.669855 0.571420 -0.474103
vn -0.819839 0.487079 -0.301028
vn -0.682627 0.382792 -0.622488
vn -0.849370 0.260368 -0.459107
vn -0.612967 0.189709 -0.766996
vn -0.790634 0.032782 -0.611411
vn -0.476614 0.483105 -0.734471
vn -0.401204 0.325758 -0.856106
vn -0.282075 0.175039 -0.943289
vn -0.062804 0.290596 -0.954782
vn 0.037923 0.139805 -0.989453
vn -0.153844 0.045614 -0.987042
vn 0.170004 0.376007 -0.910888
vn 0.259639 0.187922 -0.947245
vn 0.282627 -0.004130 -0.959221
vn 0.460206 0.206487 -0.863466
vn 0.470449 -0.037003 -0.881651
vn 0.388237 -0.280433 -0.877855
vn 0.228926 -0.188995 -0.954921
vn 0.214430 -0.487701 -0.846267
vn 0.101235 -0.342533 -0.934036
vn -0.028442 -0.612742 -0.789771
vn -0.085192 -0.433892 -0.896928
vn -0.126040 -0.245007 -0.961294
vn -0.297866 -0.442488 -0.845861
vn -0.281094 -0.236168 -0.930167
vn -0.490478 -0.363997 -0.791794
vn -0.418709 -0.162592 -0.893446
vn -0.633987 -0.216087 -0.742541
vn -0.515961 -0.027164 -0.856182
vn -0.714280 -0.021830 -0.699520
vn -0.546435 0.161079 -0.821865
vn -0.730310 0.173758 -0.660648
vn -0.516276 0.375307 -0.769808
vn -0.716236 0.311820 -0.624320
vn -0.461544 0.552542 -0.694027
vn -0.713064 0.366057 -0.597948
vn -0.416955 0.656687 -0.628419
vn 0.093017 0.799642 -0.593229
vn 0.516054 0.685851 -0.513124
vn -0.390697 0.698018 -0.600106
vn 0.209809 0.814770 -0.540490
vn 0.583782 0.651003 -0.485174
vn 0.733323 0.496248 -0.464732
vn 0.735179 0.506001 -0.451082
vn 0.591847 0.444125 -0.672659
vn 0.659099 0.416889 -0.625933
vn 0.063579 0.286870 -0.955857
vn 0.169722 0.345302 -0.923017
vn -0.252987 0.059647 -0.965629
vn 0.278421 0.341820 -0.897575
vn 0.738158 0.364722 -0.567540
vn 0.741225 0.158956 -0.652164
vn 0.398010 0.216008 -0.891587
vn 0.112165 -0.077412 -0.990670
vn -0.363078 -0.114934 -0.924643
vn 0.034838 -0.254158 -0.966535
vn -0.303805 -0.121165 -0.944998
vn 0.089775 -0.214457 -0.972599
vn 0.520244 -0.126158 -0.844648
vn 0.560937 -0.183823 -0.807192
vn 0.555741 -0.117877 -0.822957
vn 0.095578 -0.135205 -0.986197
vn 0.430820 -0.042187 -0.901451
vn 0.070756 -0.060407 -0.995663
vn -0.236114 -0.074535 -0.968863
vn -0.182884 -0.012333 -0.983057
vn -0.137351 0.043526 -0.989566
vn 0.038235 -0.008178 -0.999235
vn 0.007361 -0.008144 -0.999940
vn -0.398141 0.124979 -0.908771
vn -0.305752 0.183676 -0.934226
vn -0.548901 0.287627 -0.784843
vn -0.436616 0.359013 -0.824910
vn -0.640336 0.425348 -0.639569
vn -0.515531 0.518214 -0.682409
vn -0.697058 0.516433 -0.497401
vn -0.554833 0.634999 -0.537528
vn -0.740992 0.560750 -0.369446
vn -0.573285 0.708544 -0.411473
vn -0.378830 0.794248 -0.475035
vn -0.584105 0.751469 -0.306782
vn -0.358979 0.852509 -0.379952
vn -0.125373 0.873949 -0.469570
vn -0.343755 0.885984 -0.311232
vn -0.088444 0.911163 -0.402442
vn 0.166661 0.851795 -0.496658
vn 0.115148 0.813140 -0.570564
vn 0.401437 0.708168 -0.580815
vn 0.338190 0.671031 -0.659807
vn 0.584370 0.491669 -0.645579
vn 0.506806 0.465989 -0.725260
vn 0.371694 0.431677 -0.821887
vn 0.603614 0.213157 -0.768254
vn 0.689578 0.219723 -0.690075
vn 0.698916 -0.085801 -0.710039
vn 0.612175 -0.068519 -0.787748
vn 0.592997 -0.399990 -0.698829
vn 0.514512 -0.355051 -0.780523
vn 0.361004 -0.669181 -0.649518
vn 0.306476 -0.599660 -0.739243
vn 0.047583 -0.821151 -0.568724
vn 0.021232 -0.744474 -0.667313
vn -0.266951 -0.837816 -0.476237
vn -0.279815 -0.764745 -0.580404
vn -0.294747 -0.629898 -0.718577
vn -0.546044 -0.675683 -0.495265
vn -0.533997 -0.541488 -0.649337
vn -0.534558 -0.753313 -0.383103
vn -0.270401 -0.861380 -0.430010
vn -0.522426 -0.780934 -0.342363
vn -0.725062 -0.639566 -0.255421
vn -0.516294 -0.772480 -0.369752
vn -0.704418 -0.651612 -0.281420
vn -0.862669 -0.467594 -0.192763
vn -0.889527 -0.423380 -0.171729
vn -0.987011 -0.125238 -0.100627
vn -0.969876 0.231155 -0.076865
vn -0.950180 0.280207 -0.136536
vn -0.820395 0.560217 -0.114495
vn -0.806188 0.567937 -0.165854
vn -0.779268 0.572221 -0.255549
vn -0.911556 0.333091 -0.241071
vn -0.854864 0.373913 -0.359716
vn -0.794721 0.376428 -0.476153
vn -0.842396 0.245997 -0.479431
vn -0.848259 0.159166 -0.505097
vn -0.729020 0.323077 -0.603449
vn -0.634693 0.215221 -0.742189
vn -0.480304 0.068165 -0.874449
vn -0.816180 0.168588 -0.552656
vn -0.590514 0.773716 -0.229471
vn -0.593811 0.782139 -0.188804
vn -0.337650 0.899907 -0.275971
vn -0.605753 0.771025 -0.196430
vn -0.347752 0.894244 -0.281773
vn -0.083211 0.925609 -0.369221
vn -0.074775 0.927626 -0.365949
vn 0.167119 0.877212 -0.450078
vn 0.182968 0.872412 -0.453233
vn 0.406729 0.749570 -0.522223
vn 0.422908 0.733368 -0.532278
vn 0.614580 0.519195 -0.593909
vn 0.617146 0.510638 -0.598648
vn 0.724919 0.214371 -0.654628
vn 0.727737 0.225289 -0.647800
vn 0.721324 -0.096387 -0.685858
vn 0.736698 -0.090062 -0.670197
vn 0.629254 -0.416188 -0.656374
vn 0.377934 -0.705065 -0.600040
vn 0.040513 -0.855970 -0.515436
vn -0.289365 -0.844419 -0.450805
vn -0.285627 -0.771630 -0.568335
vn -0.503942 -0.721506 -0.474837
vn -0.202201 -0.612554 -0.764129
vn -0.456007 -0.595360 -0.661517
vn -0.669823 -0.500403 -0.548574
vn -0.689805 -0.616159 -0.380154
vn -0.860371 -0.263450 -0.436298
vn -0.853619 -0.431845 -0.291279
vn -0.339363 -0.290431 -0.894697
vn -0.049407 -0.314096 -0.948105
vn -0.147711 0.266527 -0.952442
vn 0.025806 0.707343 -0.706400
vn 0.117655 0.851236 -0.511425
vn -0.113286 0.894765 -0.431927
vn -0.392602 0.854276 -0.340699
vn -0.668911 0.693718 -0.267047
vn 0.310071 -0.262238 -0.913831
vn 0.600670 -0.154130 -0.784499
vn -0.728399 0.336282 -0.596950
vn -0.488667 0.623402 -0.610388
vn 0.011664 0.970024 -0.242728
vn 0.008473 0.904839 -0.425669
vn 0.261247 0.950096 -0.170490
vn 0.227197 0.928497 -0.293725
vn 0.204784 0.868376 -0.451649
vn 0.179642 0.753187 -0.632801
vn -0.003235 0.787942 -0.615741
vn 0.421620 0.830906 -0.363086
vn 0.390873 0.781403 -0.486444
vn 0.362925 0.682237 -0.634695
vn 0.535943 0.662385 -0.523461
vn 0.499653 0.594620 -0.629900
vn 0.461415 0.485157 -0.742778
vn 0.588197 0.499522 -0.636005
vn 0.549596 0.440414 -0.709916
vn 0.630407 0.414635 -0.656251
vn 0.590509 0.409063 -0.695677
vn 0.568484 0.380387 -0.729474
vn 0.568137 0.345201 -0.747032
vn 0.590335 0.395890 -0.703403
vn 0.572216 0.417301 -0.705995
vn 0.565202 0.425838 -0.706547
vn 0.545977 0.441694 -0.711910
vn 0.571666 0.333021 -0.749864
vn 0.547207 0.458118 -0.700495
vn 0.541651 0.483139 -0.687889
vn 0.508379 0.502400 -0.699389
vn 0.380581 0.527259 -0.759708
vn 0.418782 0.521581 -0.743354
vn 0.478363 0.470982 -0.741177
vn 0.249865 0.505525 -0.825840
vn 0.320241 0.474240 -0.820086
vn 0.002165 0.379800 -0.925066
vn 0.208179 0.492306 -0.845160
vn -0.013995 0.363996 -0.931295
vn -0.225670 0.118040 -0.967026
vn -0.244989 0.104810 -0.963844
vn -0.361349 -0.174391 -0.915977
vn -0.376169 -0.195219 -0.905752
vn -0.263022 -0.363581 -0.893660
vn -0.233045 -0.362643 -0.902319
vn 0.014503 -0.296113 -0.955043
vn -0.242329 -0.289469 -0.926005
vn -0.549951 -0.341469 -0.762203
vn -0.297474 -0.220137 -0.929004
vn -0.623764 -0.291182 -0.725349
vn -0.378273 -0.177563 -0.908505
vn -0.136420 -0.042925 -0.989721
vn -0.465319 -0.145448 -0.873111
vn -0.227911 -0.036956 -0.972980
vn -0.543630 -0.116025 -0.831267
vn -0.292033 -0.033624 -0.955817
vn -0.102693 0.013557 -0.994621
vn -0.325645 -0.015402 -0.945367
vn -0.091464 0.005889 -0.995791
vn -0.334994 0.004864 -0.942208
vn -0.065083 0.024226 -0.997586
vn -0.332340 0.007349 -0.943131
vn -0.040496 0.042353 -0.998282
vn 0.254359 0.026475 -0.966747
vn 0.562941 -0.050231 -0.824969
vn -0.026287 0.051375 -0.998333
vn 0.301746 0.070041 -0.950812
vn 0.627129 0.030195 -0.778330
vn 0.879503 -0.059387 -0.472172
vn 0.825353 -0.168639 -0.538844
vn 0.329521 0.101636 -0.938662
vn 0.671202 0.091865 -0.735560
vn 0.912005 0.022561 -0.409558
vn 0.996679 -0.076880 -0.026837
vn 0.981465 -0.169184 -0.090017
vn 0.710598 0.127372 -0.691973
vn 0.934283 0.063760 -0.350784
vn 0.999465 -0.028240 0.016524
vn 0.927498 -0.117262 0.354960
vn 0.923297 -0.179504 0.339561
vn 0.952526 0.045904 -0.300976
vn 0.998070 -0.046824 0.040789
vn 0.931757 -0.133000 0.337846
vn 0.785208 -0.209307 0.582786
vn 0.747982 -0.188293 0.636450
vn 0.985915 -0.162479 0.039658
vn 0.918534 -0.252314 0.304358
vn 0.779476 -0.335026 0.529316
vn 0.809546 -0.551223 0.201962
vn 0.314570 -0.944820 -0.091435
vn -0.316141 -0.879406 -0.355949
vn -0.472548 -0.559994 -0.680518
vn -0.575597 -0.678858 -0.455895
vn -0.632150 -0.755595 -0.171646
vn -0.675276 -0.524724 -0.518331
vn -0.741915 -0.627392 -0.236521
vn -0.713743 -0.686448 0.139139
vn -0.594517 -0.772219 0.224115
vn -0.535228 -0.650139 0.539306
vn -0.402230 -0.681173 0.611731
vn -0.254178 -0.524213 0.812770
vn -0.655330 -0.618721 0.433275
vn -0.379983 -0.541234 0.750120
vn -0.805737 -0.591334 0.033350
vn -0.882333 -0.465804 -0.067194
vn -0.856580 -0.370659 -0.359002
vn -0.897731 -0.254372 -0.359687
vn -0.940750 -0.326911 -0.090107
vn -0.808906 -0.500981 -0.307715
vn -0.723339 -0.390900 -0.569190
vn -0.753000 -0.272903 -0.598761
vn -0.580735 -0.166676 -0.796847
vn -0.589457 -0.095759 -0.802104
vn -0.781178 -0.179410 -0.597974
vn -0.573230 -0.266413 -0.774875
vn -0.352140 -0.126909 -0.927304
vn -0.337288 -0.054553 -0.939820
vn -0.550545 -0.395360 -0.735248
vn -0.354042 -0.238581 -0.904286
vn -0.042897 0.013368 -0.998990
vn -0.266603 -0.395602 -0.878875
vn 0.347977 0.114200 -0.930521
vn -0.026624 0.045075 -0.998629
vn -0.330618 -0.011748 -0.943692
vn -0.602902 -0.054767 -0.795933
vn -0.612870 -0.046389 -0.788821
vn -0.811520 -0.120336 -0.571800
vn -0.934539 -0.178781 -0.307693
vn -0.972155 -0.233568 -0.018971
vn -0.866948 -0.296600 0.400536
vn -0.830319 -0.356437 0.428396
vn -0.576649 -0.451152 0.681130
vn -0.611467 -0.386864 0.690249
vn -0.241328 -0.509662 0.825837
vn -0.284407 -0.444875 0.849234
vn -0.543304 -0.547864 0.636134
vn -0.207778 -0.607112 0.766971
vn 0.136468 -0.603188 0.785838
vn -0.176037 -0.723384 0.667627
vn 0.158702 -0.718171 0.677528
vn -0.142515 -0.835765 0.530270
vn 0.165854 -0.820683 0.546783
vn -0.094014 -0.925443 0.367038
vn 0.185550 -0.889999 0.416501
vn 0.375637 -0.838179 0.395416
vn 0.365079 -0.875385 0.316889
vn 0.365086 -0.879371 0.305645
vn 0.368993 -0.838945 0.400018
vn 0.339071 -0.837032 0.429428
vn 0.348400 -0.738762 0.576930
vn 0.280445 -0.724964 0.629109
vn 0.271088 -0.578203 0.769540
vn 0.337217 -0.611203 0.716041
vn 0.187649 -0.410450 0.892367
vn 0.129711 -0.387903 0.912527
vn 0.399808 -0.769937 0.497344
vn 0.446807 -0.801081 0.398287
vn 0.395352 -0.644661 0.654300
vn 0.433318 -0.675699 0.596378
vn 0.277055 -0.464664 0.841028
vn 0.239107 -0.434769 0.868219
vn 0.478535 -0.822501 0.307403
vn 0.469519 -0.849119 0.241969
vn 0.428662 -0.711436 0.556874
vn 0.391216 -0.917167 -0.075859
vn 0.017623 -0.210612 0.977411
vn 0.001972 -0.206328 0.978481
vn -0.024701 -0.209072 0.977588
vn -0.270405 -0.007204 0.962720
vn -0.267576 -0.044971 0.962487
vn -0.263647 -0.088966 0.960508
vn -0.053713 -0.215287 0.975073
vn -0.254478 -0.133477 0.957823
vn -0.490116 -0.019728 0.871434
vn -0.452262 -0.104924 0.885692
vn -0.239662 -0.172028 0.955494
vn -0.211134 -0.188720 0.959066
vn -0.709577 -0.011164 0.704540
vn -0.656844 -0.131341 0.742499
vn -0.876544 -0.058387 0.477766
vn -0.819990 -0.196191 0.537703
vn -0.956286 -0.153599 0.248848
vn -0.903296 -0.278589 0.326259
vn -0.829929 -0.415016 0.372800
vn -0.921509 -0.356025 0.155139
vn -0.857659 -0.473905 0.199587
vn -0.770710 -0.597126 0.222366
vn -0.735903 -0.552676 0.391146
vn -0.780786 -0.617768 0.093466
vn -0.683980 -0.720710 0.112904
vn -0.782853 -0.622206 -0.000535
vn -0.686837 -0.726422 0.023804
vn -0.588718 -0.806248 0.058107
vn -0.585409 -0.798342 0.141233
vn -0.499084 -0.862742 0.081187
vn -0.491528 -0.854542 0.167801
vn -0.420563 -0.904606 0.069385
vn -0.397043 -0.900496 0.177382
vn -0.420582 -0.854674 0.304374
vn -0.402423 -0.772670 0.490955
vn -0.489862 -0.769477 0.409806
vn -0.549473 -0.604389 0.576883
vn -0.602416 -0.655083 0.456027
vn -0.732797 -0.374911 0.567847
vn -0.465180 -0.544264 0.698129
vn -0.650964 -0.264743 0.711447
vn -0.690859 0.158661 0.705365
vn -0.616455 0.210041 0.758859
vn -0.648869 0.543148 0.532878
vn -0.706051 0.523523 0.476880
vn -0.580325 0.787073 0.209139
vn -0.600858 0.782962 0.161061
vn -0.440977 0.885989 -0.143396
vn -0.442059 0.881034 -0.168416
vn -0.468155 0.857721 -0.212475
vn -0.509907 0.814333 -0.277230
vn -0.264841 0.831428 -0.488453
vn -0.294069 0.816644 -0.496604
vn -0.341545 0.784390 -0.517764
vn -0.392466 0.737621 -0.549441
vn -0.544586 0.762664 -0.348954
vn -0.135073 0.661402 -0.737769
vn -0.186922 0.653536 -0.733451
vn -0.241210 0.631588 -0.736827
vn -0.288339 0.593499 -0.751412
vn -0.442885 0.679514 -0.584905
vn -0.068681 0.458255 -0.886163
vn -0.119178 0.474602 -0.872095
vn -0.143368 0.474644 -0.868423
vn -0.152432 0.435805 -0.887039
vn -0.335699 0.527205 -0.780616
vn -0.039349 0.369972 -0.928209
vn 0.002420 0.323726 -0.946148
vn 0.001859 0.327033 -0.945011
vn -0.175982 0.131132 -0.975620
vn -0.007774 0.343816 -0.939005
vn 0.185319 0.456617 -0.870148
vn 0.362227 0.492884 -0.791111
vn -0.293057 -0.154990 -0.943449
vn -0.397116 0.417531 -0.817292
vn -0.583285 0.482632 -0.653334
vn -0.504353 0.599380 -0.621588
vn -0.172664 0.340407 -0.924289
vn -0.210194 0.188060 -0.959402
vn -0.472280 0.257234 -0.843079
vn -0.548727 0.053419 -0.834293
vn -0.752743 0.127047 -0.645938
vn -0.672118 0.321414 -0.667046
vn -0.873303 0.187052 -0.449838
vn -0.798198 0.367930 -0.476978
vn -0.710062 0.520564 -0.474157
vn -0.864401 0.402966 -0.300715
vn -0.781267 0.541196 -0.311013
vn -0.710528 0.636657 -0.299697
vn -0.631867 0.631800 -0.448970
vn -0.675597 0.688316 -0.264177
vn -0.577079 0.707680 -0.407639
vn -0.807494 0.564953 -0.169651
vn -0.888022 0.437775 -0.140605
vn -0.877688 0.478700 0.022590
vn -0.795721 0.605008 -0.028150
vn -0.831984 0.516485 0.202600
vn -0.746853 0.650284 0.139071
vn -0.747714 0.528520 0.401984
vn -0.660852 0.669276 0.339624
vn -0.554768 0.791573 0.256213
vn -0.545416 0.625419 0.558008
vn -0.444182 0.748249 0.492774
vn -0.322421 0.848132 0.420377
vn -0.425493 0.890898 0.158923
vn -0.202814 0.913584 0.352464
vn -0.299105 0.951788 0.068086
vn -0.115456 0.948694 0.294363
vn -0.220821 0.975261 -0.010174
vn -0.376060 0.890217 -0.257085
vn -0.204410 0.974524 -0.092301
vn -0.383987 0.861435 -0.332392
vn -0.569723 0.653890 -0.497838
vn -0.569037 0.694741 -0.439922
vn -0.730978 0.348658 -0.586608
vn -0.766495 0.370882 -0.524339
vn -0.845358 -0.072143 -0.529307
vn -0.863217 -0.071353 -0.499766
vn -0.836775 -0.447368 -0.315705
vn -0.757053 -0.643947 -0.110468
vn -0.618066 -0.769874 0.159022
vn -0.588605 -0.765122 0.261021
vn -0.527588 -0.768414 0.362202
vn -0.495928 -0.756236 0.426805
vn -0.469874 -0.729250 0.497406
vn -0.555289 -0.750330 0.358692
vn -0.454087 -0.678520 0.577421
vn -0.418238 -0.666859 0.616747
vn -0.391125 -0.636444 0.664801
vn -0.371415 -0.591233 0.715887
vn -0.448707 -0.693381 0.563813
vn -0.347977 -0.493570 0.797058
vn -0.322731 -0.462151 0.825991
vn -0.305235 -0.420786 0.854266
vn -0.291788 -0.370031 0.882007
vn -0.360334 -0.527688 0.769223
vn -0.266257 -0.206257 0.941576
vn -0.262725 -0.182664 0.947422
vn -0.261001 -0.159779 0.952024
vn -0.254416 -0.135967 0.957489
vn -0.274778 -0.311018 0.909816
vn -0.252369 0.099156 0.962537
vn -0.272836 0.080458 0.958690
vn -0.283453 0.059285 0.957152
vn -0.276636 0.038759 0.960193
vn -0.233808 -0.111615 0.965855
vn -0.331235 0.312532 0.890285
vn -0.361691 0.244920 0.899552
vn -0.369404 0.179648 0.911739
vn -0.351226 0.116754 0.928982
vn -0.246530 0.019853 0.968932
vn -0.480665 0.391652 0.784582
vn -0.427279 0.501911 0.752009
vn -0.622952 0.488973 0.610603
vn -0.281358 0.378175 0.881942
vn -0.347263 0.606152 0.715534
vn -0.220307 0.431696 0.874702
vn -0.249953 0.692612 0.676618
vn -0.162379 0.462823 0.871451
vn -0.154254 0.750843 0.642215
vn -0.124955 0.464551 0.876686
vn -0.080427 0.781602 0.618571
vn -0.126897 0.432148 0.892830
vn -0.045536 0.793417 0.606973
vn -0.075981 0.968167 0.238496
vn -0.217404 0.074690 0.973220
vn -0.266494 0.004775 0.963825
vn -0.311467 -0.266316 0.912175
vn -0.387035 -0.311069 0.868009
vn -0.544819 -0.356935 0.758795
vn -0.464630 -0.515890 0.719706
vn -0.620253 -0.500211 0.604215
vn -0.837293 -0.420801 0.349095
vn -0.806198 -0.308330 0.504953
vn -0.996457 0.001024 0.084103
vn -0.837069 0.468749 -0.282117
vn -0.529354 0.758694 -0.379695
vn -0.387920 -0.512765 0.765892
vn -0.278111 -0.233071 0.931844
vn -0.211056 0.104752 0.971845
vn -0.227941 0.109910 0.967452
vn -0.189031 0.009072 0.981929
vn -0.192031 -0.086851 0.977538
vn -0.293268 0.069686 0.953487
vn -0.201947 0.055811 0.977805
vn -0.112185 0.019386 0.993498
vn -0.313073 0.075421 0.946729
vn -0.191816 0.097706 0.976555
vn -0.104693 0.082282 0.991095
vn -0.416040 0.071933 0.906497
vn -0.273761 0.104982 0.956051
vn -0.144537 0.178283 0.973306
vn -0.084720 0.159653 0.983531
vn -0.495786 0.058150 0.866496
vn -0.335456 0.106884 0.935973
vn -0.179857 0.194824 0.964207
vn -0.043623 0.311108 0.949373
vn -0.041321 0.282394 0.958408
vn -0.378992 0.110590 0.918768
vn -0.192689 0.205432 0.959515
vn -0.020119 0.325810 0.945221
vn 0.123398 0.458617 0.880025
vn 0.066578 0.445575 0.892765
vn -0.191744 0.210553 0.958594
vn 0.016541 0.329069 0.944161
vn 0.191373 0.455135 0.869614
vn 0.320704 0.582488 0.746898
vn 0.227581 0.591680 0.773383
vn 0.057984 0.324321 0.944168
vn 0.259428 0.441699 0.858836
vn 0.414086 0.558466 0.718782
vn 0.514559 0.676213 0.527223
vn 0.400931 0.706317 0.583413
vn 0.316553 0.424118 0.848480
vn 0.490949 0.527287 0.693497
vn 0.613881 0.631548 0.473600
vn 0.654871 0.729661 0.196821
vn 0.541858 0.787322 0.294132
vn 0.387970 0.903373 0.182745
vn 0.422578 0.820510 0.384955
vn 0.272390 0.929392 0.249067
vn 0.290622 0.841997 0.454510
vn 0.281960 0.719966 0.634152
vn 0.145027 0.581269 0.800683
vn 0.090138 0.545924 0.832972
vn 0.033532 0.411728 0.910690
vn 0.084139 0.490470 0.867387
vn 0.053851 0.373810 0.925941
vn -0.002512 0.251032 0.967975
vn -0.018427 0.145205 0.989230
vn 0.031799 0.130887 0.990887
vn -0.033735 0.060886 0.997574
vn 0.327085 0.944457 0.031896
vn 0.271154 0.962270 -0.022620
vn 0.176711 0.983665 -0.034283
vn 0.229931 0.973197 0.004490
vn 0.156893 0.987357 0.022614
vn 0.195358 0.980081 0.035716
vn 0.167924 0.985251 0.032898
vn 0.173581 0.984590 0.021280
vn 0.139805 0.988752 0.053139
vn 0.045959 0.991440 0.122206
vn 0.168067 0.984598 -0.048172
vn 0.103981 0.993817 -0.038924
vn -0.008132 0.999931 -0.008443
vn -0.181266 0.983089 0.026060
vn -0.135067 0.970231 0.201018
vn 0.081617 0.980714 -0.177593
vn 0.165132 0.970148 -0.177609
vn 0.143589 0.920194 -0.364178
vn 0.050535 0.932584 -0.357397
vn 0.085690 0.805413 -0.586487
vn -0.011179 0.829921 -0.557769
vn -0.004707 0.602293 -0.798261
vn -0.113943 0.646563 -0.754303
vn -0.190958 0.694422 -0.693767
vn -0.226768 0.735398 -0.638565
vn -0.319898 0.420697 -0.848928
vn -0.380912 0.498989 -0.778406
vn -0.371180 0.013514 -0.928463
vn -0.475013 0.057058 -0.878127
vn -0.526169 0.125530 -0.841064
vn -0.364762 0.586834 -0.722893
vn -0.189941 0.755199 -0.627373
vn -0.045907 0.713980 -0.698660
vn 0.006314 0.704330 -0.709844
vn -0.012297 0.667782 -0.744255
vn 0.190083 0.452234 -0.871409
vn 0.194377 0.423120 -0.884979
vn 0.164591 0.377934 -0.911085
vn 0.125638 0.305318 -0.943926
vn -0.054750 0.592656 -0.803593
vn 0.321740 -0.058079 -0.945045
vn 0.291053 -0.054356 -0.955162
vn 0.251642 -0.080319 -0.964482
vn 0.209478 -0.120962 -0.970303
vn 0.095191 0.214641 -0.972043
vn 0.301854 -0.434592 -0.848536
vn 0.281299 -0.429319 -0.858229
vn 0.241629 -0.437272 -0.866261
vn 0.184685 -0.448091 -0.874703
vn 0.165163 -0.162311 -0.972819
vn 0.260022 -0.648660 -0.715282
vn 0.226703 -0.659912 -0.716325
vn 0.163620 -0.671282 -0.722917
vn 0.069508 -0.674017 -0.735439
vn 0.107450 -0.453355 -0.884830
vn 0.219755 -0.787220 -0.576187
vn 0.146234 -0.812645 -0.564113
vn 0.036388 -0.822890 -0.567035
vn -0.106902 -0.805767 -0.582504
vn -0.057076 -0.656853 -0.751855
vn 0.159368 -0.893842 -0.419104
vn 0.026174 -0.912121 -0.409084
vn -0.133949 -0.894188 -0.427183
vn -0.306026 -0.832466 -0.461897
vn -0.272748 -0.748966 -0.603870
vn 0.033642 -0.964011 -0.263724
vn -0.150030 -0.943827 -0.294418
vn -0.332748 -0.875711 -0.349869
vn -0.497295 -0.761519 -0.415675
vn -0.465798 -0.727649 -0.503547
vn -0.169425 -0.968112 -0.184540
vn -0.364972 -0.891991 -0.266736
vn -0.530820 -0.768773 -0.356677
vn -0.659709 -0.608329 -0.441271
vn -0.627556 -0.611336 -0.482123
vn -0.411782 -0.886354 -0.211689
vn -0.569213 -0.754765 -0.326078
vn -0.686261 -0.591342 -0.423510
vn -0.766598 -0.400763 -0.501715
vn -0.746293 -0.421907 -0.514821
vn -0.612636 -0.720780 -0.324275
vn -0.704794 -0.564879 -0.429159
vn -0.772303 -0.383888 -0.506141
vn -0.810166 -0.174180 -0.559725
vn -0.805596 -0.188999 -0.561511
vn -0.711593 -0.531222 -0.459825
vn -0.761154 -0.372855 -0.530682
vn -0.797302 -0.179391 -0.576306
vn -0.800646 0.049005 -0.597130
vn -0.803867 0.059155 -0.591860
vn -0.727821 -0.363856 -0.581280
vn -0.760238 -0.196278 -0.619284
vn -0.774615 0.008693 -0.632373
vn -0.745322 0.259136 -0.614284
vn -0.743652 0.308093 -0.593347
vn -0.677091 -0.202967 -0.707355
vn -0.692352 -0.041916 -0.720342
vn -0.703154 0.155118 -0.693911
vn -0.600798 0.567008 -0.563511
vn -0.266006 0.831223 -0.488169
vn -0.309241 0.791139 -0.527702
vn -0.586607 0.577813 -0.567472
vn -0.353622 0.716538 -0.601269
vn -0.586067 0.535837 -0.607787
vn -0.735103 0.303743 -0.606105
vn -0.592129 0.447289 -0.670310
vn -0.724979 0.249724 -0.641906
vn -0.794470 0.032580 -0.606429
vn -0.710293 0.152620 -0.687162
vn -0.773306 -0.028812 -0.633377
vn -0.785351 -0.223638 -0.577243
vn -0.740206 -0.113703 -0.662697
vn -0.750664 -0.270291 -0.602865
vn -0.713612 -0.441231 -0.544127
vn -0.707204 -0.315261 -0.632829
vn -0.673177 -0.448799 -0.587718
vn -0.591817 -0.593154 -0.545821
vn -0.631857 -0.432380 -0.643276
vn -0.554657 -0.543292 -0.630230
vn -0.431670 -0.655565 -0.619593
vn -0.516283 -0.448856 -0.729370
vn -0.388954 -0.531277 -0.752635
vn -0.221498 -0.606583 -0.763542
vn -0.596944 -0.379169 -0.707028
vn -0.632618 -0.343963 -0.693890
vn -0.618056 -0.308369 -0.723128
vn -0.664223 -0.344107 -0.663625
vn -0.654358 -0.288638 -0.698931
vn -0.627660 -0.341944 -0.699369
vn -0.696928 -0.207084 -0.686591
vn -0.683713 0.021447 -0.729435
vn -0.579292 0.144270 -0.802251
vn -0.593835 0.313445 -0.741021
vn -0.424417 0.437587 -0.792709
vn -0.432175 0.247085 -0.867279
vn -0.395547 0.600607 -0.694848
vn -0.146752 0.681903 -0.716570
vn -0.214701 0.501765 -0.837935
vn -0.061344 0.801905 -0.594295
vn 0.245736 0.771140 -0.587330
vn 0.037799 0.869769 -0.492010
vn 0.364105 0.803851 -0.470375
vn 0.620162 0.645295 -0.446087
vn 0.537675 0.632094 -0.557998
vn 0.158586 0.891488 -0.424382
vn 0.487882 0.773767 -0.404048
vn 0.689994 0.603280 -0.399952
vn 0.816611 0.438272 -0.375586
vn 0.795805 0.455180 -0.399381
vn 0.605526 0.673436 -0.424055
vn 0.732024 0.509706 -0.452041
vn 0.808686 0.389499 -0.440815
vn 0.875374 0.289561 -0.387137
vn 0.903159 0.289480 -0.317026
vn 0.786142 0.251335 -0.564635
vn 0.849654 0.226411 -0.476262
vn 0.933393 0.207735 -0.292615
vn 0.523783 0.116142 -0.843897
vn 0.586322 0.142032 -0.797529
vn 0.672153 0.204594 -0.711584
vn 0.915521 0.221722 -0.335650
vn -0.000563 -0.141234 -0.989976
vn 0.009961 -0.108245 -0.994074
vn 0.034301 -0.027487 -0.999033
vn 0.085435 0.065865 -0.994164
vn 0.772470 0.274250 -0.572780
vn 0.965780 0.219455 -0.138236
vn 0.057112 0.122880 -0.990777
vn -0.133665 0.167803 -0.976717
vn -0.745456 -0.240028 -0.621838
vn -0.872748 -0.149354 -0.464763
vn -0.913657 0.102030 -0.393474
vn -0.290767 0.307187 -0.906141
vn -0.924337 -0.378392 0.049197
vn -0.536038 -0.239390 0.809541
vn -0.804336 0.466105 -0.368497
vn 0.996222 0.057251 0.065303
vn 0.980097 0.136123 -0.144498
vn 0.981360 -0.144770 0.126390
vn 0.997325 0.012913 -0.071946
vn 0.964106 0.151403 -0.218120
vn 0.989623 -0.121738 -0.076324
vn 0.972707 0.076106 -0.219203
vn 0.907399 0.265700 -0.325622
vn 0.958294 -0.015725 -0.285352
vn 0.891043 0.212683 -0.401008
vn 0.758596 0.428807 -0.490567
vn 0.836003 0.117392 -0.536020
vn 0.902081 -0.129066 -0.411814
vn 0.774086 -0.265940 -0.574514
vn 0.704981 -0.036137 -0.708305
vn 0.567984 -0.401298 -0.718578
vn 0.497898 -0.209735 -0.841492
vn 0.162080 -0.195813 -0.967154
vn -0.086712 -0.298878 -0.950344
vn -0.332746 -0.354756 -0.873744
vn -0.375644 -0.120460 -0.918902
vn -0.517195 -0.380979 -0.766397
vn -0.570557 -0.106878 -0.814274
vn -0.518784 0.186242 -0.834372
vn -0.333246 0.120753 -0.935075
vn -0.359910 0.448354 -0.818196
vn -0.206069 0.327082 -0.922254
vn -0.115253 0.627823 -0.769776
vn -0.006630 0.462526 -0.886581
vn 0.083108 0.265734 -0.960457
vn 0.233715 0.509381 -0.828196
vn 0.267489 0.285341 -0.920343
vn 0.467787 0.457690 -0.756105
vn 0.443835 0.233874 -0.865051
vn 0.657297 0.321999 -0.681379
vn 0.579541 0.115147 -0.806767
vn 0.666870 -0.059513 -0.742794
vn 0.708598 -0.246094 -0.661307
vn 0.715887 -0.378050 -0.587013
vn 0.430867 -0.608631 -0.666275
vn -0.063302 -0.733707 -0.676511
vn 0.728788 -0.426367 -0.535797
vn 0.426598 -0.696984 -0.576392
vn -0.124870 -0.821552 -0.556292
vn -0.579411 -0.658042 -0.480899
vn -0.515314 -0.621208 -0.590383
vn 0.467920 -0.714527 -0.520098
vn -0.162748 -0.857212 -0.488570
vn -0.631512 -0.638106 -0.440469
vn -0.685357 -0.341450 -0.643193
vn -0.789295 -0.415580 -0.452003
vn -0.781101 -0.437838 -0.445173
vn -0.748831 -0.423850 -0.509512
vn -0.702344 -0.347626 -0.621184
vn -0.630859 -0.173046 -0.756355
vn -0.683556 -0.268001 -0.678916
vn -0.109812 -0.195697 -0.974497
vn -0.142773 -0.204821 -0.968331
vn -0.714893 -0.197833 -0.670664
vn -0.136864 -0.178851 -0.974310
vn -0.214415 -0.071728 -0.974105
vn -0.623010 0.022123 -0.781901
vn 0.460333 -0.025200 -0.887389
vn 0.165223 0.142620 -0.975890
vn 0.265790 0.253697 -0.930050
vn 0.190753 0.209696 -0.958979
vn -0.279296 0.236524 -0.930618
vn -0.304862 0.310880 -0.900230
vn -0.299509 0.259366 -0.918163
vn 0.141141 0.133376 -0.980964
vn -0.218129 0.138525 -0.966038
vn 0.110203 0.058289 -0.992198
vn 0.433978 0.000455 -0.900924
vn 0.347314 -0.064462 -0.935531
vn 0.251040 -0.135686 -0.958420
vn 0.075499 -0.000785 -0.997146
vn 0.520509 -0.234543 -0.821012
vn 0.398990 -0.312635 -0.862013
vn 0.621194 -0.393427 -0.677741
vn 0.489631 -0.481961 -0.726619
vn 0.673374 -0.510226 -0.535011
vn 0.528507 -0.615205 -0.584981
vn 0.705938 -0.581288 -0.404667
vn 0.537754 -0.708822 -0.456500
vn 0.339924 -0.780913 -0.524048
vn 0.536820 -0.770992 -0.342631
vn 0.305531 -0.854827 -0.419430
vn 0.066752 -0.857910 -0.509445
vn 0.278615 -0.900538 -0.333775
vn 0.012936 -0.905093 -0.425017
vn -0.246190 -0.819900 -0.516871
vn -0.170306 -0.775079 -0.608480
vn -0.472009 -0.647354 -0.598448
vn -0.377286 -0.609264 -0.697462
vn -0.631412 -0.401372 -0.663491
vn -0.512340 -0.678094 -0.526969
vn -0.687029 -0.424953 -0.589412
vn -0.766306 -0.109276 -0.633115
vn -0.698614 -0.100460 -0.708411
vn -0.725303 0.233087 -0.647770
vn -0.650478 0.224795 -0.725497
vn -0.551862 0.551455 -0.625576
vn -0.478401 0.521999 -0.706151
vn -0.265192 0.779054 -0.568109
vn -0.206680 0.729888 -0.651573
vn 0.064974 0.868941 -0.490632
vn 0.108084 0.812033 -0.573516
vn 0.171972 0.695684 -0.697459
vn 0.406100 0.774462 -0.485069
vn 0.449471 0.649084 -0.613730
vn 0.653537 0.646467 -0.393662
vn 0.679252 0.509502 -0.528228
vn 0.366087 0.837203 -0.406291
vn 0.612515 0.723182 -0.319113
vn 0.805280 0.545267 -0.232826
vn 0.576644 0.759172 -0.301893
vn 0.764880 0.606893 -0.215961
vn 0.913795 0.385637 -0.127524
vn 0.943875 0.293936 -0.150672
vn 0.995552 0.077068 -0.054185
vn 0.995811 -0.017276 -0.089788
vn 0.954542 -0.296247 -0.032983
vn 0.936280 -0.342958 -0.075893
vn 0.909398 -0.386151 -0.154540
vn 0.769252 -0.628778 -0.113531
vn 0.754640 -0.629392 -0.185429
vn 0.733083 -0.617235 -0.285673
vn 0.869255 -0.418167 -0.263689
vn 0.820616 -0.426239 -0.380670
vn 0.773240 -0.392814 -0.497792
vn 0.826931 -0.289787 -0.481881
vn 0.843889 -0.230395 -0.484530
vn 0.716157 -0.305125 -0.627709
vn 0.616480 -0.165771 -0.769723
vn 0.824156 -0.261752 -0.502247
vn 0.766844 -0.384035 -0.514264
vn 0.534395 -0.807321 -0.250310
vn 0.532726 -0.825304 -0.187286
vn 0.265166 -0.923858 -0.275994
vn 0.532964 -0.830674 -0.161030
vn 0.265545 -0.930547 -0.252128
vn -0.006069 -0.940550 -0.339600
vn -0.009642 -0.930491 -0.366187
vn -0.269071 -0.866915 -0.419595
vn -0.275781 -0.848494 -0.451667
vn -0.510841 -0.705441 -0.491319
vn -0.232657 -0.873496 -0.427640
vn -0.474590 -0.728532 -0.493968
vn -0.680305 -0.466418 -0.565367
vn -0.699746 -0.449822 -0.554992
vn -0.770760 -0.122109 -0.625314
vn -0.788951 -0.124277 -0.601757
vn -0.729290 0.215489 -0.649384
vn -0.754231 0.222750 -0.617672
vn -0.587780 0.550609 -0.592743
vn -0.289999 0.796390 -0.530720
vn 0.053908 0.888934 -0.454851
vn 0.342368 0.841804 -0.417313
vn 0.344951 0.857461 -0.381797
vn 0.549129 0.760675 -0.346164
vn 0.320473 0.777882 -0.540552
vn 0.518154 0.720160 -0.461395
vn 0.695310 0.611976 -0.376867
vn 0.726452 0.635409 -0.261768
vn 0.859238 0.420779 -0.290955
vn 0.878692 0.446575 -0.168734
vn 0.659714 0.507538 -0.554240
vn 0.853538 0.256548 -0.453494
vn 0.456046 0.607848 -0.650033
vn 0.332608 0.327518 -0.884366
vn 0.067443 0.369467 -0.926793
vn 0.133714 -0.221580 -0.965931
vn 0.226284 0.638815 -0.735331
vn -0.282301 0.347725 -0.894088
vn -0.590580 0.262140 -0.763215
vn -0.056702 -0.689883 -0.721696
vn -0.165655 -0.847268 -0.504674
vn 0.062886 -0.900920 -0.429404
vn 0.339395 -0.876340 -0.341817
vn 0.018754 -0.935219 -0.353574
vn 0.283904 -0.920319 -0.269091
vn 0.546939 -0.817016 -0.182600
vn 0.620933 -0.736184 -0.269213
vn 0.777375 -0.624217 -0.077725
vn 0.883489 -0.380973 -0.272593
vn 0.766705 -0.627775 -0.134395
vn 0.955799 -0.254481 -0.147269
vn 0.864758 -0.502187 0.001623
vn 0.664889 -0.735016 0.132948
vn 0.562479 -0.826499 -0.022736
vn 0.935676 -0.339665 0.095590
vn 0.767671 -0.581847 0.268579
vn 0.427481 -0.829073 0.360414
vn 0.365458 -0.912457 0.184020
vn 0.863583 -0.348834 0.364060
vn 0.507763 -0.657977 0.556095
vn -0.091430 -0.890506 0.445690
vn -0.023337 -0.963435 0.266925
vn -0.379162 -0.924613 0.036420
vn -0.272306 -0.961958 -0.022033
vn 0.024378 -0.992327 0.121214
vn -0.206011 -0.973935 -0.094925
vn 0.043883 -0.999024 -0.004961
vn 0.312582 -0.949554 0.025304
vn 0.043876 -0.990605 -0.129528
vn 0.257594 -0.958066 -0.125520
vn 0.202543 -0.939846 -0.275075
vn -0.479647 -0.857678 -0.185275
vn -0.569107 -0.799820 -0.190804
vn -0.656733 -0.666229 -0.353329
vn -0.699348 -0.489964 -0.520430
vn -0.642352 -0.435865 -0.630400
vn -0.652801 -0.347630 -0.673056
vn -0.457745 -0.344650 -0.819564
vn -0.257703 0.293492 -0.920571
vn -0.582173 -0.434583 -0.687177
vn -0.619566 -0.363709 -0.695596
vn -0.582457 -0.470237 -0.663039
vn -0.624378 -0.365592 -0.690286
vn -0.623631 -0.247201 -0.741604
vn -0.627219 -0.370896 -0.684860
vn -0.637434 -0.189117 -0.746935
vn -0.606169 -0.397527 -0.688862
vn -0.637799 -0.166788 -0.751927
vn -0.566171 -0.502857 -0.653135
vn -0.512424 -0.548010 -0.661141
vn -0.495899 -0.582361 -0.644158
vn -0.418344 -0.612761 -0.670457
vn -0.267615 -0.615247 -0.741521
vn -0.352842 -0.625912 -0.695512
vn -0.193432 -0.599182 -0.776895
vn -0.033208 -0.503109 -0.863585
vn 0.204831 -0.217277 -0.954377
vn -0.314638 -0.608221 -0.728745
vn -0.444587 -0.617944 -0.648451
vn -0.423067 -0.614976 -0.665446
vn -0.423396 -0.576872 -0.698537
vn -0.291529 -0.568102 -0.769591
vn -0.534280 -0.498735 -0.682502
vn -0.603635 -0.500080 -0.620923
vn -0.628315 -0.342216 -0.698648
vn -0.546613 -0.356763 -0.757585
vn -0.603251 -0.166049 -0.780074
vn -0.523956 -0.182427 -0.831980
vn -0.531435 0.009039 -0.847051
vn -0.461375 -0.014118 -0.887093
vn -0.338834 -0.043436 -0.939843
vn -0.141126 -0.064769 -0.987871
vn 0.136507 -0.094849 -0.986088
vn 0.425282 -0.151436 -0.892302
vn 0.339857 -0.339409 -0.877097
vn 0.650428 -0.218240 -0.727540
vn 0.550073 -0.404924 -0.730381
vn 0.453414 -0.548110 -0.702845
vn 0.264290 -0.482173 -0.835261
vn 0.380724 -0.645095 -0.662496
vn 0.217720 -0.573582 -0.789685
vn 0.696723 -0.455604 -0.554077
vn 0.796447 -0.277045 -0.537511
vn 0.876264 -0.325351 -0.355397
vn 0.870172 -0.081739 -0.485921
vn 0.942307 -0.145018 -0.301708
vn 0.970421 -0.202188 -0.131924
vn 0.910277 -0.369017 -0.187676
vn 0.964990 -0.259607 0.037383
vn 0.910172 -0.413653 -0.021879
vn 0.928227 -0.309593 0.206269
vn 0.878191 -0.454095 0.150262
vn 0.860072 -0.337427 0.382648
vn 0.813289 -0.476053 0.334567
vn 0.711554 -0.462616 0.528845
vn 0.643192 -0.600221 0.475435
vn 0.575255 -0.401508 0.712652
vn 0.886961 -0.211488 0.410577
vn 0.902174 -0.131475 0.410848
vn 0.733274 -0.007635 -0.679891
vn -0.411613 0.155844 -0.897935
vn -0.276932 0.229387 -0.933108
vn -0.165828 0.227028 -0.959666
vn -0.137025 0.183416 -0.973439
vn -0.117240 0.047458 -0.991969
vn -0.124511 -0.124001 -0.984439
vn -0.023754 -0.185477 -0.982362
vn -0.154847 -0.279522 -0.947571
vn -0.042276 -0.360692 -0.931726
vn -0.020594 -0.407816 -0.912832
vn 0.020654 -0.228577 -0.973307
vn -0.079661 -0.386697 -0.918760
vn -0.004598 -0.218242 -0.975884
vn -0.101764 -0.581827 -0.806921
vn -0.186128 -0.547576 -0.815792
vn -0.100810 -0.532524 -0.840390
vn -0.344440 -0.212424 -0.914460
vn -0.529217 -0.177358 -0.829743
vn -0.615719 -0.163571 -0.770801
vn -0.649325 -0.326496 -0.686860
vn -0.628441 -0.497402 -0.598041
vn -0.523926 -0.553349 -0.647538
vn -0.518177 -0.518072 -0.680510
vn 0.252056 -0.758703 -0.600698
vn 0.259494 -0.646837 -0.717123
vn 0.236507 -0.738123 -0.631854
vn 0.216732 -0.660773 -0.718614
vn 0.172275 -0.727687 -0.663922
vn 0.176524 -0.733937 -0.655878
vn 0.053629 -0.710550 -0.701600
vn 0.056487 -0.691885 -0.719795
vn -0.132462 -0.638634 -0.758024
vn -0.105172 -0.593198 -0.798158
vn -0.358602 -0.401304 -0.842828
vn -0.276074 -0.370292 -0.886943
vn -0.086372 -0.671639 -0.735826
vn -0.385961 -0.434705 -0.813674
vn 0.114262 -0.686034 -0.718541
vn 0.238294 -0.537085 -0.809169
vn 0.295857 -0.467225 -0.833168
vn 0.324911 -0.102185 -0.940208
vn 0.113264 -0.195154 -0.974211
vn 0.049082 0.029402 -0.998362
vn 0.070303 0.118320 -0.990484
vn -0.086288 0.481509 -0.872183
vn -0.284830 0.667581 -0.687901
vn -0.436914 0.783890 -0.441160
vn -0.646239 0.729975 -0.222512
vn -0.516052 0.835094 -0.190548
vn -0.661017 0.750246 0.013706
vn -0.541020 0.840601 0.026203
vn -0.378169 0.924861 0.040259
vn -0.548370 0.811524 0.201791
vn -0.368710 0.900240 0.231563
vn -0.641354 0.746290 0.178090
vn -0.636623 0.725431 0.261650
vn -0.596884 0.756352 0.267697
vn -0.671731 0.697762 0.248808
vn -0.504013 0.795330 0.336780
vn -0.387464 0.833416 0.394066
vn -0.388017 0.855439 0.343026
vn -0.231836 0.885260 0.403196
vn -0.284306 0.902521 0.323458
vn -0.342643 0.886407 0.311254
vn -0.393695 0.852337 0.344277
vn -0.387260 0.834742 0.391452
vn -0.392401 0.813680 0.428890
vn -0.391128 0.740735 0.546196
vn -0.364145 0.722347 0.587889
vn -0.316709 0.726216 0.610169
vn -0.288053 0.572280 0.767803
vn -0.229057 0.563380 0.793811
vn -0.152267 0.385799 0.909931
vn -0.103825 0.381564 0.918493
vn 0.036928 0.206099 0.977834
vn -0.193769 0.394933 0.898043
vn 0.016044 0.185833 0.982450
vn 0.267798 0.011566 0.963406
vn -0.002748 0.172491 0.985007
vn 0.273734 -0.043928 0.960802
vn 0.545829 -0.188887 0.816328
vn 0.524926 -0.096608 0.845647
vn 0.775395 -0.239972 0.584103
vn 0.751558 -0.123665 0.647972
vn 0.932101 -0.185472 0.311106
vn 0.909175 -0.069001 0.410659
vn 0.997647 -0.031543 0.060877
vn 0.979702 0.049275 0.194309
vn 0.979241 0.197028 0.047608
vn 0.946305 0.323118 -0.010067
vn 0.921105 0.389314 0.000237
vn 0.862599 0.498937 0.083573
vn 0.916775 0.398535 0.026349
vn 0.928715 0.370793 -0.000615
vn 0.928874 0.369641 0.023623
vn 0.933725 0.355387 -0.043094
vn 0.918467 0.387490 -0.079180
vn 0.918745 0.394693 -0.011230
vn 0.886301 0.453409 -0.094298
vn 0.891875 0.452208 -0.008160
vn 0.842699 0.538262 0.011495
vn 0.844492 0.532324 0.058862
vn 0.766990 0.634455 0.095882
vn 0.905947 0.368997 -0.207610
vn 0.862258 0.442455 -0.246465
vn 0.847097 0.329222 -0.417180
vn 0.785045 0.403963 -0.469593
vn 0.696930 0.253773 -0.670737
vn 0.618457 0.322703 -0.716501
vn 0.464879 0.146405 -0.873185
vn 0.379078 0.201023 -0.903266
vn 0.539249 0.103797 -0.835725
vn 0.288492 0.028955 -0.957044
vn 0.307772 -0.001271 -0.951459
vn 0.058054 -0.001810 -0.998312
vn 0.097559 0.008231 -0.995196
vn 0.586074 0.050195 -0.808701
vn 0.594044 0.008789 -0.804384
vn 0.304376 -0.035700 -0.951883
vn 0.576816 0.006365 -0.816849
vn 0.291345 -0.051310 -0.955241
vn -0.017009 -0.076274 -0.996942
vn 0.015543 -0.041058 -0.999036
vn -0.324857 -0.048953 -0.944495
vn -0.367052 -0.104739 -0.924285
vn -0.676184 -0.056136 -0.734591
vn -0.630187 0.034481 -0.775677
vn -0.037231 -0.098416 -0.994449
vn 0.280106 -0.044580 -0.958933
vn 0.275819 -0.014007 -0.961108
vn -0.044637 -0.102987 -0.993681
vn -0.391682 -0.143569 -0.908830
vn -0.410372 -0.157254 -0.898257
vn -0.733645 -0.152481 -0.662204
vn -0.706022 -0.120983 -0.697779
vn -0.041306 -0.081467 -0.995820
vn 0.276297 0.043417 -0.960091
vn 0.257013 0.133915 -0.957085
vn 0.136743 0.253808 -0.957540
vn 0.527043 0.181644 -0.830200
vn 0.498209 0.289399 -0.817335
vn 0.419105 0.415405 -0.807335
vn 0.600024 0.576092 -0.555058
vn 0.670725 0.440600 -0.596657
vn 0.761760 0.571305 -0.305504
vn 0.675764 0.692183 -0.253428
vn 0.708991 0.318677 -0.629108
vn 0.815492 0.449885 -0.364110
vn 0.824084 0.566095 -0.020543
vn 0.748138 0.659790 0.070473
vn 0.735765 0.210511 -0.643689
vn 0.855602 0.323589 -0.404024
vn 0.891252 0.439588 -0.111504
vn 0.680995 0.623387 0.384234
vn 0.893421 0.212517 -0.395773
vn 0.944767 0.301574 -0.128330
vn 0.929444 0.145526 -0.339052
vn 0.974827 0.216235 -0.054359
vn 0.878500 0.314605 0.359529
vn 0.627913 0.429549 0.649009
vn 0.840326 0.384855 0.381758
vn 0.586926 0.501182 0.635873
vn 0.255414 0.565815 0.783975
vn 0.306611 0.499117 0.810476
vn 0.794191 0.485941 0.364859
vn 0.538433 0.605789 0.585756
vn 0.201877 0.662487 0.721357
vn -0.127986 0.647949 0.750854
vn 0.479083 0.723740 0.496668
vn 0.141988 0.773773 0.617344
vn -0.170612 0.750161 0.638866
vn 0.073313 0.874001 0.480362
vn -0.196866 0.835932 0.512310
vn 0.408898 0.837806 0.361777
vn 0.745680 0.589510 0.310546
vn 0.707527 0.677704 0.200309
vn 0.882636 0.449080 0.138856
vn 0.764619 0.125524 -0.632141
vn 0.797170 0.075510 -0.599015
vn 0.556430 0.036821 -0.830078
vn 0.540628 0.096554 -0.835702
vn 0.410808 0.575140 0.707426
vn 0.296423 0.559924 0.773704
vn 0.579809 0.656808 0.482104
vn 0.213672 0.547493 0.809071
vn 0.498043 0.686236 0.530125
vn 0.660887 0.740987 0.119019
vn 0.491475 0.845603 -0.208347
vn -0.010098 0.993303 -0.115093
vn -0.630940 0.775207 0.031127
vn -0.905313 0.406496 0.123165
vn -0.933986 0.315931 -0.166907
vn -0.965389 0.172161 0.195918
vn -0.991125 0.104308 -0.082406
vn -0.924199 0.045228 -0.379223
vn -0.823849 0.240778 -0.513126
vn -0.999582 0.006034 -0.028283
vn -0.940099 -0.066913 -0.334270
vn -0.999964 -0.000468 -0.008490
vn -0.931851 -0.087177 -0.352212
vn -0.998085 0.057575 -0.022615
vn -0.920841 -0.045913 -0.387225
vn -0.985844 0.154321 -0.065544
vn -0.901555 0.037770 -0.431014
vn -0.953062 0.277121 -0.121970
vn -0.864336 0.153729 -0.478843
vn -0.884591 0.428611 -0.183824
vn -0.773467 0.591854 -0.226842
vn -0.914129 0.279334 0.293839
vn -0.921884 0.172420 0.346988
vn -0.935138 0.091192 0.342346
vn -0.956652 0.076262 0.281070
vn 0.936707 -0.278815 0.211761
vn 0.990212 -0.107116 -0.089474
vn 0.928881 -0.340520 0.145694
vn 0.964673 -0.169520 -0.201666
vn 0.852858 0.148721 -0.500515
vn 0.824101 0.418410 -0.381826
vn 0.584968 0.806139 -0.089177
vn 0.386323 0.705096 0.594639
vn 0.521705 0.253660 0.814543
vn -0.017211 0.749699 0.661555
vn -0.274182 0.736389 0.618511
vn -0.371698 0.701222 0.608382
vn -0.407522 0.837268 0.364565
vn -0.260003 0.496457 0.828208
vn -0.256123 0.444604 0.858329
vn -0.384165 0.660324 0.645283
vn -0.010009 0.195274 0.980698
vn -0.016124 0.169692 0.985365
vn -0.228713 0.414014 0.881069
vn 0.308428 -0.088657 0.947107
vn 0.283215 -0.084498 0.955327
vn 0.572345 -0.263243 0.776611
vn 0.560618 -0.252946 0.788496
vn 0.785217 -0.363541 0.501270
vn 0.785540 -0.325852 0.526068
vn 0.574287 -0.127013 0.808741
vn -0.330900 0.592230 0.734689
vn -0.364507 0.623059 0.692049
vn -0.407490 0.774499 0.483843
vn -0.416962 0.809716 0.412919
vn -0.370202 0.876036 0.309047
vn -0.361717 0.910716 0.199394
vn -0.356763 0.928175 0.105882
vn 0.179011 0.777637 -0.602691
vn 0.092014 0.564720 -0.820137
vn 0.265692 0.749439 -0.606423
vn 0.173614 0.523329 -0.834257
vn 0.347099 0.721160 -0.599541
vn 0.257277 0.481271 -0.837966
vn 0.400169 0.699862 -0.591658
vn 0.315541 0.455126 -0.832643
vn 0.183822 0.194873 -0.963449
vn 0.339595 0.452153 -0.824763
vn 0.210780 0.178055 -0.961180
vn 0.054084 -0.049093 -0.997329
vn 0.406168 0.695095 -0.593187
vn 0.350333 0.706817 -0.614554
vn 0.416167 0.855486 -0.308137
vn 0.352701 0.859575 -0.369774
vn 0.220149 0.857722 -0.464594
vn 0.217648 0.699416 -0.680769
vn 0.055343 0.827025 -0.559434
vn 0.060311 0.629769 -0.774438
vn -0.087553 0.773584 -0.627616
vn -0.053076 0.528640 -0.847185
vn -0.038673 0.229799 -0.972469
vn -0.131102 0.450579 -0.883058
vn -0.071969 0.147084 -0.986502
vn -0.058566 -0.150446 -0.986882
vn -0.039547 -0.050626 -0.997934
vn -0.225016 0.385979 -0.894644
vn -0.202035 0.714049 -0.670310
vn -0.320250 0.639214 -0.699175
vn -0.477771 0.506482 -0.717782
vn -0.373893 0.251592 -0.892696
vn -0.681701 0.272953 -0.678808
vn -0.526748 0.008155 -0.849982
vn -0.548011 0.712857 -0.437628
vn -0.794430 0.455254 -0.402025
vn -0.987479 0.035433 -0.153718
vn -0.905949 -0.390875 0.162703
vn -0.694501 -0.632443 0.343051
vn -0.578223 -0.691231 0.433427
vn -0.551662 -0.830524 0.076808
vn -0.545754 -0.832218 0.097802
vn -0.436144 -0.839261 -0.324683
vn -0.450767 -0.828996 -0.331022
vn -0.567096 -0.660866 0.491588
vn -0.621674 -0.602004 0.501111
vn -0.600953 -0.792403 0.104654
vn -0.682079 -0.724637 0.098336
vn -0.583599 -0.750668 -0.309692
vn -0.490443 -0.808244 -0.325895
vn -0.702330 -0.541555 0.462008
vn -0.780533 -0.479736 0.400777
vn -0.764583 -0.639405 0.081087
vn -0.744774 -0.234697 0.624683
vn -0.828295 -0.190489 0.526917
vn -0.856461 -0.399839 0.326502
vn -0.668761 0.056142 0.741355
vn -0.769185 0.064009 0.635812
vn -0.853605 0.085389 0.513875
vn -0.900063 -0.125993 0.417147
vn -0.555907 0.360195 0.749151
vn -0.682965 0.342457 0.645199
vn -0.795452 0.321743 0.513555
vn -0.879423 0.288639 0.378554
vn -0.551784 0.627466 0.549382
vn -0.396888 0.647032 0.651021
vn -0.343417 0.865110 0.365580
vn -0.107652 0.978467 0.176108
vn 0.063230 0.996142 0.060853
vn 0.045572 0.998017 -0.043418
vn -0.262171 0.637171 0.724762
vn -0.168970 0.615911 0.769482
vn -0.121946 0.630854 0.766259
vn 0.078655 0.798449 0.596903
vn 0.266642 0.911634 0.312771
vn 0.326913 0.940168 -0.095976
vn 0.375244 0.926915 -0.004491
vn 0.418568 0.862156 -0.285461
vn 0.370136 0.879137 -0.300196
vn 0.298127 0.894092 -0.334246
vn 0.225324 0.905907 -0.358556
vn 0.225000 0.962087 -0.154155
vn 0.197399 0.980078 -0.021941
vn 0.194305 0.956609 -0.217128
vn 0.013270 0.956170 -0.292511
vn -0.213423 0.972320 0.095099
vn -0.145160 0.937335 -0.316750
vn -0.313079 0.943992 0.104211
vn -0.269134 0.901332 -0.339364
vn -0.408152 0.910910 0.060451
vn -0.388681 0.837848 -0.383324
vn -0.314085 0.788355 0.529005
vn -0.376790 0.769336 0.515899
vn -0.302955 0.545521 0.781425
vn -0.345501 0.502775 0.792367
vn -0.243250 0.611825 0.752662
vn -0.246724 0.824576 0.509118
vn -0.927761 0.236181 0.288927
vn -0.942921 0.169979 0.286370
vn -0.951290 0.245868 0.186001
vn -0.948821 0.148996 0.278459
vn -0.924919 0.107287 0.364713
vn -0.949041 0.313742 0.029794
vn -0.966809 0.197560 0.162021
vn -0.937836 0.123058 0.324530
vn -0.905234 0.084867 0.416353
vn -0.923258 0.356943 -0.142081
vn -0.969058 0.244185 0.036048
vn -0.957561 0.174538 0.229379
vn -0.888375 0.134361 0.439018
vn -0.855728 0.085148 0.510371
vn -0.948928 0.306771 -0.073674
vn -0.958243 0.243923 0.149239
vn -0.894572 0.211955 0.393468
vn -0.732782 0.215559 0.645418
vn -0.745452 0.126490 0.654448
vn -0.932512 0.347425 0.098574
vn -0.856581 0.322925 0.402477
vn -0.612499 0.334642 0.716143
vn -0.366547 0.446565 0.816225
vn 0.045939 0.429719 0.901793
vn 0.279382 0.415560 0.865595
vn -0.019692 0.624763 0.780566
vn 0.342482 0.412226 0.844261
vn 0.096532 0.317433 0.943355
vn -0.185147 0.210560 0.959888
vn -0.180993 0.210337 0.960729
vn -0.439430 0.118431 0.890435
vn -0.473342 0.125691 0.871865
vn -0.656605 0.065343 0.751398
vn -0.704968 0.085191 0.704104
vn -0.811240 0.056266 0.582000
vn -0.609024 0.055639 0.791198
vn -0.762976 0.039834 0.645198
vn -0.867384 0.061123 0.493872
vn -0.709837 0.036513 0.703418
vn -0.827848 0.055338 0.558216
vn -0.903573 0.090477 0.418771
vn -0.882423 0.118439 0.455304
vn -0.557755 0.053099 0.828305
vn -0.411000 0.114261 0.904447
vn -0.904818 0.399443 -0.147479
vn -0.867376 0.404575 -0.289790
vn -0.779538 0.480992 -0.401207
vn -0.686622 0.540152 -0.486606
vn -0.532065 0.594124 -0.603261
vn -0.922543 -0.301804 0.240476
vn -0.910509 -0.413397 0.008737
vn -0.843771 -0.534229 0.051482
vn -0.857563 -0.443768 -0.260106
vn -0.778576 -0.566940 -0.269069
vn -0.681992 -0.673181 -0.285858
vn -0.652493 -0.488067 -0.579693
vn -0.533510 -0.578335 -0.617167
vn -0.761236 -0.379644 -0.525728
vn -0.330480 -0.677818 -0.656769
vn -0.197343 -0.177419 0.964146
vn -0.247577 -0.244768 0.937440
vn -0.450472 -0.633779 0.628808
vn -0.892945 0.370110 0.256259
vn -0.940861 0.330782 0.073239
vn -0.953673 0.284158 -0.098804
vn -0.934224 0.237665 -0.265970
vn -0.011574 0.436618 -0.899572
vn -0.098454 0.655446 -0.748797
vn 0.030576 0.409360 -0.911860
vn -0.083483 0.644131 -0.760346
vn 0.054183 0.387960 -0.920082
vn -0.107328 0.632227 -0.767313
vn 0.034003 0.374463 -0.926618
vn -0.013593 0.186098 -0.982437
vn -0.259142 0.222139 -0.939947
vn -0.219466 0.121698 -0.968000
vn 0.017740 0.076152 -0.996938
vn -0.180470 0.016131 -0.983448
vn 0.044016 -0.034080 -0.998449
vn -0.107061 -0.144292 -0.983727
vn 0.107105 -0.225234 -0.968400
vn 0.230032 -0.499897 -0.834978
vn 0.331635 -0.783212 -0.525926
vn 0.436084 -0.798727 -0.414567
vn 0.498298 -0.796456 -0.342574
vn 0.303404 -0.946641 -0.108704
vn 0.409098 -0.911805 -0.035372
vn 0.448475 -0.892931 0.039290
vn 0.422177 -0.902934 0.080479
vn 0.502273 -0.793302 -0.344085
vn 0.293006 -0.901290 0.319098
vn 0.323860 -0.856199 0.402540
vn 0.265832 -0.840839 0.471512
vn 0.155032 -0.860530 0.485235
vn 0.330088 -0.940475 0.080917
vn 0.424686 -0.818482 -0.386948
vn 0.156450 -0.949043 0.273571
vn -0.085944 -0.967077 0.239531
vn -0.297152 -0.753859 0.586001
vn -0.458835 -0.449611 0.766368
vn -0.518907 -0.247056 0.818351
vn -0.742155 -0.135548 0.656379
vn -0.750376 -0.040063 0.659796
vn -0.532583 -0.147987 0.833340
vn -0.953932 -0.006433 0.299953
vn -0.943690 0.085187 0.319674
vn -0.930610 0.176435 0.320681
vn -0.754572 0.034822 0.655293
vn -0.977213 0.081468 -0.196004
vn -0.974397 0.180139 -0.134535
vn -0.953895 0.287242 -0.087042
vn -0.898461 0.437259 -0.039664
vn -0.809595 0.204024 -0.550391
vn -0.824682 0.318797 -0.467192
vn -0.805460 0.474968 -0.354456
vn -0.711379 0.663631 -0.231371
vn -0.786664 0.615988 0.041443
vn -0.572445 0.281269 -0.770191
vn -0.523389 0.171921 -0.834570
vn -0.780975 0.096257 -0.617100
vn -0.477216 0.065950 -0.876308
vn -0.741132 -0.059397 -0.668727
vn -0.417553 -0.079211 -0.905194
vn -0.661485 0.736172 0.143142
vn -0.573570 0.804368 -0.154950
vn -0.478489 0.867480 -0.136115
vn -0.593243 0.778181 0.206148
vn -0.302359 0.824841 -0.477720
vn -0.262101 0.833907 -0.485697
vn -0.632447 0.565765 0.529076
vn -0.589360 0.260689 0.764654
vn -0.549838 -0.074556 0.831937
vn -0.283672 -0.758771 0.586342
vn -0.531165 -0.846684 0.031454
vn -0.481953 -0.876173 0.006520
vn -0.436786 -0.894453 -0.095769
vn -0.573305 -0.819254 -0.011987
vn -0.554755 -0.820537 -0.137714
vn -0.388096 -0.868506 -0.308349
vn -0.331487 -0.727846 -0.600298
vn -0.686147 -0.727423 -0.007654
vn -0.679041 -0.719477 -0.145793
vn -0.790094 -0.612929 -0.008326
vn -0.784476 -0.604827 -0.137049
vn -0.860928 -0.508344 -0.019719
vn -0.854490 -0.503840 -0.126464
vn -0.822483 -0.481593 -0.302637
vn -0.729407 -0.428612 -0.533158
vn -0.898432 -0.425061 -0.110193
vn -0.874271 -0.408440 -0.262351
vn -0.794351 -0.368105 -0.483224
vn -0.911792 -0.354898 -0.206596
vn -0.852341 -0.317052 -0.415925
vn -0.701174 -0.246638 -0.668973
vn -0.923830 -0.374534 -0.079131
vn -0.934912 -0.353998 -0.025004
vn -0.921506 -0.387832 -0.020346
vn -0.924987 -0.379887 0.009174
vn -0.909427 -0.410964 0.063652
vn -0.927434 -0.368671 0.062837
vn -0.856757 -0.493712 0.149053
vn -0.880238 -0.431981 0.196400
vn -0.724164 -0.631822 0.276383
vn -0.752295 -0.542490 0.373840
vn -0.790602 -0.446699 0.418818
vn -0.507961 -0.659535 0.554066
vn -0.472814 -0.771593 0.425548
vn -0.705464 -0.696751 0.129844
vn -0.431744 -0.866074 0.252018
vn -0.847937 -0.526919 0.057957
vn -0.901722 -0.431443 -0.027455
vn -0.897876 -0.440249 0.000499
vn -0.857964 -0.513242 0.021934
vn -0.604311 -0.796707 0.008124
vn -0.695745 -0.717779 -0.027057
vn -0.960232 -0.269219 0.073996
vn -0.990219 -0.051201 0.129791
vn -0.998768 0.047198 -0.015329
vn -0.916512 0.066651 0.394415
vn -0.937163 0.179111 0.299408
vn -0.940758 0.257474 0.220640
vn -0.982496 0.123202 -0.139723
vn -0.748149 0.102959 0.655494
vn -0.771237 0.202358 0.603527
vn -0.781866 0.265706 0.563991
vn -0.536907 0.133129 0.833072
vn -0.553126 0.176658 0.814152
vn -0.581460 0.162727 0.797135
vn -0.649386 0.005266 0.760441
vn -0.281326 0.017991 0.959444
vn -0.712200 -0.346852 0.610299
vn -0.821355 -0.538656 -0.187686
vn -0.856972 -0.266917 -0.440856
vn -0.857568 -0.124209 -0.499149
vn -0.517984 0.061946 0.853144
vn -0.597192 -0.075749 -0.798513
vn 0.947424 -0.075422 -0.310964
vn 0.918568 -0.280312 0.278671
vn 0.942407 -0.291152 -0.164620
vn 0.861081 -0.444674 -0.246585
vn 0.728537 -0.608145 -0.315268
vn 0.613809 -0.786788 -0.064836
vn 0.580446 -0.735968 -0.348473
vn 0.337128 -0.709316 -0.619043
vn 0.256043 -0.752570 -0.606696
vn 0.089237 -0.566799 -0.819009
vn 0.136642 -0.510412 -0.849005
vn -0.094662 -0.258734 -0.961299
vn -0.070235 -0.219161 -0.973158
vn -0.211190 0.083587 -0.973865
vn -0.193345 0.095572 -0.976465
vn -0.144805 0.109977 -0.983329
vn -0.231929 0.388393 -0.891829
vn -0.170038 0.383344 -0.907818
vn -0.225841 0.612600 -0.757441
vn -0.150630 0.619815 -0.770156
vn -0.254549 0.381616 -0.888580
vn -0.253333 0.594197 -0.763382
vn -0.225151 0.355473 -0.907164
vn -0.228439 0.568047 -0.790657
vn -0.208807 0.680117 -0.702738
vn -0.107139 0.652248 -0.750396
vn -0.207894 0.706024 -0.676986
vn 0.027444 0.520009 -0.853720
vn 0.161350 0.253363 -0.953820
vn 0.248110 -0.110994 -0.962352
vn 0.242317 -0.109194 -0.964033
vn 0.285670 -0.442966 -0.849808
vn 0.256930 -0.463973 -0.847771
vn 0.171946 -0.449667 -0.876490
vn 0.232513 -0.721695 -0.651992
vn 0.135361 -0.722095 -0.678422
vn 0.023400 -0.699379 -0.714368
vn 0.057929 -0.427640 -0.902091
vn -0.016068 -0.873852 -0.485926
vn -0.045027 -0.965742 -0.255568
vn 0.280104 -0.689222 -0.668217
vn 0.139573 -0.066703 -0.987963
vn -0.043482 0.016371 -0.998920
vn -0.174019 0.068820 -0.982334
vn 0.589004 -0.792828 0.156519
vn 0.629601 0.348826 -0.694207
vn 0.681466 0.398565 -0.613800
vn 0.684779 0.280346 -0.672669
vn 0.731236 0.368641 -0.573932
vn 0.738366 0.205701 -0.642264
vn 0.698170 0.050829 -0.714125
vn 0.779526 0.141670 -0.610138
vn 0.740838 -0.054104 -0.669501
vn 0.649354 -0.246065 -0.719577
vn 0.608214 -0.107588 -0.786448
vn 0.506242 -0.413094 -0.757015
vn 0.476229 -0.251259 -0.842659
vn 0.322074 -0.527483 -0.786149
vn 0.319189 -0.346254 -0.882172
vn 0.282636 -0.160328 -0.945734
vn 0.194410 0.006998 -0.980895
vn 0.148639 -0.387827 -0.909669
vn 0.150633 -0.211742 -0.965648
vn 0.040982 -0.215254 -0.975698
vn -0.028241 -0.174218 -0.984302
vn 0.106940 -0.579887 -0.807647
vn 0.304291 -0.676776 -0.670359
vn 0.043569 -0.742967 -0.667908
vn 0.281277 -0.778258 -0.561424
vn -0.030780 -0.845537 -0.533028
vn -0.350602 -0.786645 -0.508201
vn -0.107593 -0.901971 -0.418176
vn -0.458904 -0.804987 -0.376035
vn -0.715469 -0.608948 -0.342471
vn -0.637276 -0.611637 -0.468806
vn -0.563266 -0.775959 -0.283934
vn -0.780351 -0.560175 -0.277948
vn -0.673348 -0.697623 -0.244795
vn -0.187595 -0.925881 -0.327953
vn -0.276612 -0.919888 -0.278013
vn 0.269023 -0.864744 -0.424081
vn 0.302668 -0.857367 -0.416310
vn 0.604684 -0.601426 -0.522153
vn 0.668576 -0.497187 -0.553002
vn 0.753071 -0.299891 -0.585619
vn 0.559109 -0.632248 -0.536340
vn 0.728217 -0.367566 -0.578442
vn 0.797250 -0.110682 -0.593415
vn 0.700783 -0.380056 -0.603705
vn 0.788341 -0.136953 -0.599802
vn 0.813823 0.092561 -0.573693
vn 0.806033 0.112443 -0.581091
vn 0.797577 0.296436 -0.525354
vn 0.804869 0.101756 -0.584663
vn 0.792496 0.309632 -0.525431
vn 0.741082 0.500251 -0.447824
vn 0.714297 0.522522 -0.465565
vn 0.612880 0.695174 -0.375649
vn 0.652895 0.673085 -0.347397
vn 0.769961 0.335736 -0.542624
vn 0.677015 0.534713 -0.505701
vn 0.633157 0.529434 -0.564635
vn 0.573756 0.693710 -0.435398
vn 0.462193 0.843386 -0.274002
vn 0.517270 0.826509 -0.222069
vn 0.769316 -0.118424 -0.627796
vn 0.675981 -0.338575 -0.654536
vn 0.533147 -0.608671 -0.587600
vn 0.519727 -0.534766 -0.666265
vn 0.265701 -0.838313 -0.476061
vn 0.055353 0.129199 -0.990072
vn -0.102163 0.199621 -0.974533
vn -0.000254 0.408915 -0.912573
vn 0.155684 0.576447 -0.802167
vn -0.242062 0.228604 -0.942945
vn -0.126657 0.481445 -0.867277
vn 0.062841 0.656575 -0.751639
vn 0.258029 0.726015 -0.637435
vn 0.314279 0.663166 -0.679294
vn -0.196173 0.518035 -0.832560
vn 0.042330 0.691282 -0.721344
vn 0.272225 0.724528 -0.633208
vn 0.376840 0.649817 -0.660099
vn 0.514484 0.470335 -0.717002
vn 0.668670 0.350160 -0.655948
vn 0.691610 0.082764 -0.717513
vn 0.751289 0.009819 -0.659900
vn 0.758293 0.254295 -0.600272
vn 0.762279 -0.021245 -0.646899
vn 0.786172 0.218192 -0.578209
vn 0.719577 -0.004948 -0.694395
vn 0.749192 0.226241 -0.622516
vn 0.625266 0.041498 -0.779307
vn 0.652508 0.248206 -0.715980
vn 0.607820 -0.218541 -0.763410
vn 0.418752 -0.375263 -0.826937
vn 0.649255 -0.255017 -0.716544
vn 0.638182 -0.234333 -0.733356
vn 0.562598 -0.199963 -0.802184
vn 0.195299 -0.431941 -0.880503
vn -0.010121 -0.373628 -0.927523
vn -0.165951 -0.229899 -0.958961
vn -0.209105 -0.305768 -0.928860
vn -0.322938 -0.078421 -0.943166
vn -0.248993 -0.025780 -0.968162
vn -0.137585 -0.356050 -0.924283
vn -0.295121 -0.137209 -0.945557
vn -0.334232 0.222223 -0.915918
vn -0.226621 -0.362783 -0.903898
vn -0.698124 -0.418774 -0.580733
vn -0.134437 -0.189568 -0.972620
vn -0.232478 -0.252838 -0.939163
vn -0.049536 -0.075785 -0.995893
vn 0.967694 -0.246589 0.052558
vn 0.949645 -0.166262 0.265577
vn 0.918625 -0.112945 0.378645
vn 0.917911 -0.375565 -0.128024
vn 0.841596 -0.442685 -0.309428
vn 0.943688 -0.318955 -0.087872
vn 0.636852 -0.607984 -0.474104
vn 0.412477 -0.678092 -0.608320
vn 0.703342 -0.542533 -0.459312
vn 0.879649 -0.427853 -0.207749
vn 0.922507 -0.363499 0.129804
vn 0.954142 -0.244116 0.173266
vn 0.777122 -0.354408 0.520073
vn 0.861981 -0.219591 0.456911
vn 0.857095 -0.125165 0.499722
vn 0.610348 -0.096225 0.786267
vn 0.808385 -0.079302 0.583288
vn 0.558309 -0.085709 0.825194
vn 0.749150 -0.055864 0.660040
vn 0.511440 -0.080223 0.855566
vn 0.309894 -0.170909 0.935284
vn 0.297881 -0.167532 0.939787
vn 0.282060 -0.163033 0.945443
vn 0.076364 -0.290658 0.953775
vn 0.099614 -0.287321 0.952640
vn 0.109930 -0.276461 0.954717
vn -0.064353 -0.431929 0.899609
vn -0.014609 -0.422270 0.906353
vn 0.008817 -0.398234 0.917242
vn -0.110327 -0.576082 0.809912
vn -0.051113 -0.553357 0.831374
vn -0.168702 -0.716527 0.676852
vn -0.088681 -0.693437 0.715039
vn -0.066759 -0.648009 0.758701
vn -0.278532 -0.709604 0.647211
vn -0.304926 -0.826440 0.473304
vn -0.194480 -0.577372 0.792981
vn -0.284125 -0.560212 0.778097
vn -0.390860 -0.683958 0.615979
vn -0.123830 -0.427294 0.895593
vn -0.181322 -0.414032 0.892020
vn -0.365820 -0.535183 0.761417
vn 0.049263 -0.288182 0.956308
vn 0.025597 -0.286755 0.957662
vn -0.226215 -0.401253 0.887594
vn 0.325544 -0.174545 0.929277
vn -0.240953 -0.399957 0.884294
vn -0.430320 -0.509457 0.745170
vn -0.577605 -0.614674 0.537167
vn -0.492341 -0.651063 0.577683
vn -0.642410 -0.715381 0.274845
vn -0.547021 -0.759374 0.352304
vn -0.436378 -0.794617 0.422088
vn -0.426058 -0.879157 0.213443
vn -0.154376 -0.426662 0.891138
vn 0.116913 -0.469374 0.875225
vn 0.543937 -0.508976 0.667140
vn 0.084793 -0.747431 0.658906
vn -0.569488 -0.788232 -0.233183
vn -0.018638 0.014118 -0.999727
vn -0.002095 -0.017045 -0.999853
vn 0.630038 0.720562 -0.289558
vn 0.470213 0.777625 -0.417372
vn 0.000000 0.000000 0.000000
# 3985 normals

vt 0.036263 0.166720 0.000000
vt 0.030490 0.160667 0.000000
vt 0.026324 0.170538 0.000000
vt 0.035688 0.174866 0.000000
vt 0.043318 0.176744 0.000000
vt 0.041736 0.166734 0.000000
vt 0.038812 0.158162 0.000000
vt 0.038488 0.228995 0.000000
vt 0.032156 0.230572 0.000000
vt 0.034555 0.241268 0.000000
vt 0.043038 0.234985 0.000000
vt 0.040811 0.221666 0.000000
vt 0.032459 0.220161 0.000000
vt 0.049972 0.225540 0.000000
vt 0.035543 0.140440 0.000000
vt 0.041837 0.140840 0.000000
vt 0.038706 0.130478 0.000000
vt 0.030198 0.132385 0.000000
vt 0.035283 0.147767 0.000000
vt 0.043912 0.149806 0.000000
vt 0.025092 0.140142 0.000000
vt 0.061358 0.174489 0.000000
vt 0.061186 0.168625 0.000000
vt 0.054453 0.167077 0.000000
vt 0.056822 0.175497 0.000000
vt 0.067627 0.181901 0.000000
vt 0.070876 0.173569 0.000000
vt 0.061113 0.186314 0.000000
vt 0.036276 0.055477 0.000000
vt 0.035742 0.064052 0.000000
vt 0.047439 0.067546 0.000000
vt 0.044381 0.054900 0.000000
vt 0.027143 0.045377 0.000000
vt 0.021342 0.055786 0.000000
vt 0.037017 0.039322 0.000000
vt 0.062651 0.125615 0.000000
vt 0.065017 0.133562 0.000000
vt 0.076924 0.132067 0.000000
vt 0.068413 0.119888 0.000000
vt 0.057276 0.111742 0.000000
vt 0.055591 0.123174 0.000000
vt 0.056223 0.132878 0.000000
vt 0.088901 0.216209 0.000000
vt 0.077242 0.194125 0.000000
vt 0.066020 0.199802 0.000000
vt 0.067229 0.215650 0.000000
vt 0.060789 0.232051 0.000000
vt 0.075025 0.241615 0.000000
vt 0.100612 0.195494 0.000000
vt 0.083787 0.182459 0.000000
vt 0.086763 0.254336 0.000000
vt 0.104634 0.230546 0.000000
vt 0.117431 0.208596 0.000000
vt 0.081204 0.107321 0.000000
vt 0.061262 0.098426 0.000000
vt 0.077884 0.086209 0.000000
vt 0.062370 0.084447 0.000000
vt 0.093308 0.128962 0.000000
vt 0.115348 0.126577 0.000000
vt 0.105397 0.104894 0.000000
vt 0.096589 0.084984 0.000000
vt 0.144478 0.095112 0.000000
vt 0.126142 0.101289 0.000000
vt 0.136383 0.124292 0.000000
vt 0.153939 0.121181 0.000000
vt 0.126749 0.072025 0.000000
vt 0.113704 0.080336 0.000000
vt 0.163611 0.101963 0.000000
vt 0.162449 0.086604 0.000000
vt 0.149135 0.076533 0.000000
vt 0.134049 0.060604 0.000000
vt 0.168901 0.119792 0.000000
vt 0.390498 0.154202 0.000000
vt 0.386904 0.154169 0.000000
vt 0.390202 0.159203 0.000000
vt 0.394355 0.157615 0.000000
vt 0.392109 0.151591 0.000000
vt 0.386266 0.149855 0.000000
vt 0.398401 0.155323 0.000000
vt 0.362946 0.168018 0.000000
vt 0.360258 0.163910 0.000000
vt 0.353777 0.169493 0.000000
vt 0.360389 0.175007 0.000000
vt 0.368156 0.169001 0.000000
vt 0.366201 0.162327 0.000000
vt 0.368810 0.179197 0.000000
vt 0.515663 0.220098 0.000000
vt 0.523534 0.200364 0.000000
vt 0.510993 0.190313 0.000000
vt 0.502287 0.203750 0.000000
vt 0.488478 0.217679 0.000000
vt 0.498484 0.233073 0.000000
vt 0.532953 0.220554 0.000000
vt 0.536753 0.205720 0.000000
vt 0.505710 0.248687 0.000000
vt 0.520258 0.241192 0.000000
vt 0.532527 0.237658 0.000000
vt 0.387323 0.117557 0.000000
vt 0.385049 0.125111 0.000000
vt 0.394763 0.129759 0.000000
vt 0.396975 0.119985 0.000000
vt 0.375783 0.111093 0.000000
vt 0.373482 0.122217 0.000000
vt 0.447267 0.136680 0.000000
vt 0.439353 0.139558 0.000000
vt 0.449907 0.150952 0.000000
vt 0.458553 0.143299 0.000000
vt 0.430587 0.252754 0.000000
vt 0.400329 0.246290 0.000000
vt 0.395362 0.263839 0.000000
vt 0.420220 0.274930 0.000000
vt 0.439892 0.285698 0.000000
vt 0.451082 0.269383 0.000000
vt 0.425336 0.229654 0.000000
vt 0.399898 0.228652 0.000000
vt 0.452520 0.242618 0.000000
vt 0.444940 0.224277 0.000000
vt 0.464805 0.257426 0.000000
vt 0.204264 0.130187 0.000000
vt 0.191765 0.113908 0.000000
vt 0.182338 0.117414 0.000000
vt 0.190209 0.132555 0.000000
vt 0.209149 0.148324 0.000000
vt 0.224626 0.151377 0.000000
vt 0.223555 0.139436 0.000000
vt 0.224358 0.132154 0.000000
vt 0.207857 0.122074 0.000000
vt 0.197272 0.110408 0.000000
vt 0.196927 0.150400 0.000000
vt 0.220572 0.191804 0.000000
vt 0.219330 0.184425 0.000000
vt 0.212856 0.189025 0.000000
vt 0.217279 0.196404 0.000000
vt 0.223477 0.200190 0.000000
vt 0.226220 0.191940 0.000000
vt 0.227393 0.183058 0.000000
vt 0.195510 0.095526 0.000000
vt 0.192924 0.095400 0.000000
vt 0.195601 0.100424 0.000000
vt 0.198040 0.098320 0.000000
vt 0.195334 0.092914 0.000000
vt 0.192318 0.091393 0.000000
vt 0.198944 0.095087 0.000000
vt 0.199238 0.092076 0.000000
vt 0.204702 0.097600 0.000000
vt 0.203034 0.091728 0.000000
vt 0.196426 0.089466 0.000000
vt 0.200148 0.086836 0.000000
vt 0.223634 0.099809 0.000000
vt 0.212039 0.099390 0.000000
vt 0.212746 0.108473 0.000000
vt 0.225085 0.112735 0.000000
vt 0.216317 0.089168 0.000000
vt 0.209315 0.091172 0.000000
vt 0.228180 0.090630 0.000000
vt 0.222399 0.084690 0.000000
vt 0.237853 0.105669 0.000000
vt 0.237590 0.095275 0.000000
vt 0.239019 0.116323 0.000000
vt 0.251534 0.093487 0.000000
vt 0.251481 0.106319 0.000000
vt 0.264619 0.107953 0.000000
vt 0.265198 0.097371 0.000000
vt 0.564605 0.208168 0.000000
vt 0.550021 0.207399 0.000000
vt 0.547194 0.221965 0.000000
vt 0.559837 0.223405 0.000000
vt 0.576540 0.214188 0.000000
vt 0.583938 0.205786 0.000000
vt 0.575285 0.198996 0.000000
vt 0.572178 0.226900 0.000000
vt 0.851535 0.396725 0.000000
vt 0.857756 0.389507 0.000000
vt 0.850931 0.384293 0.000000
vt 0.845246 0.388253 0.000000
vt 0.837907 0.390391 0.000000
vt 0.839818 0.397619 0.000000
vt 0.865776 0.400174 0.000000
vt 0.867733 0.393776 0.000000
vt 0.853103 0.405383 0.000000
vt 0.865525 0.406908 0.000000
vt 0.842254 0.404631 0.000000
vt 0.806679 0.438307 0.000000
vt 0.818137 0.445106 0.000000
vt 0.820869 0.427974 0.000000
vt 0.811847 0.415396 0.000000
vt 0.814541 0.464064 0.000000
vt 0.822857 0.464620 0.000000
vt 0.798647 0.446051 0.000000
vt 0.808274 0.464861 0.000000
vt 0.798530 0.410944 0.000000
vt 0.792020 0.426245 0.000000
vt 0.785379 0.436510 0.000000
vt 0.827886 0.419320 0.000000
vt 0.822258 0.409432 0.000000
vt 0.820693 0.399365 0.000000
vt 0.811666 0.399304 0.000000
vt 0.802164 0.396809 0.000000
vt 0.757977 0.684835 0.000000
vt 0.765837 0.691674 0.000000
vt 0.767942 0.674131 0.000000
vt 0.755928 0.676734 0.000000
vt 0.750748 0.687297 0.000000
vt 0.753289 0.696769 0.000000
vt 0.747817 0.679631 0.000000
vt 0.764663 0.655643 0.000000
vt 0.779045 0.656245 0.000000
vt 0.780398 0.642949 0.000000
vt 0.769060 0.638615 0.000000
vt 0.756036 0.635540 0.000000
vt 0.752407 0.650590 0.000000
vt 0.780059 0.675301 0.000000
vt 0.731242 0.693494 0.000000
vt 0.733541 0.693414 0.000000
vt 0.732805 0.689587 0.000000
vt 0.729834 0.691157 0.000000
vt 0.730544 0.695921 0.000000
vt 0.733437 0.697166 0.000000
vt 0.727667 0.693708 0.000000
vt 0.728820 0.702415 0.000000
vt 0.729796 0.699473 0.000000
vt 0.725856 0.697480 0.000000
vt 0.725021 0.702445 0.000000
vt 0.730587 0.704731 0.000000
vt 0.732511 0.701130 0.000000
vt 0.725904 0.708240 0.000000
vt 0.720807 0.671029 0.000000
vt 0.722691 0.668950 0.000000
vt 0.719149 0.664851 0.000000
vt 0.717628 0.669525 0.000000
vt 0.717390 0.674782 0.000000
vt 0.721620 0.674305 0.000000
vt 0.724823 0.672751 0.000000
vt 0.738051 0.657821 0.000000
vt 0.741028 0.659824 0.000000
vt 0.744139 0.650020 0.000000
vt 0.738030 0.650645 0.000000
vt 0.732981 0.652242 0.000000
vt 0.735180 0.659802 0.000000
vt 0.737552 0.664157 0.000000
vt 0.796813 0.581014 0.000000
vt 0.795891 0.570450 0.000000
vt 0.791750 0.569999 0.000000
vt 0.788417 0.577288 0.000000
vt 0.808095 0.587277 0.000000
vt 0.811541 0.580357 0.000000
vt 0.803458 0.575565 0.000000
vt 0.799564 0.568957 0.000000
vt 0.782581 0.583581 0.000000
vt 0.791055 0.590301 0.000000
vt 0.802139 0.596166 0.000000
vt 0.794378 0.556675 0.000000
vt 0.797985 0.555719 0.000000
vt 0.797772 0.551381 0.000000
vt 0.794292 0.555321 0.000000
vt 0.794026 0.557255 0.000000
vt 0.797747 0.558773 0.000000
vt 0.793318 0.554587 0.000000
vt 0.758506 0.599512 0.000000
vt 0.775799 0.610900 0.000000
vt 0.783837 0.599531 0.000000
vt 0.773124 0.589857 0.000000
vt 0.766535 0.580903 0.000000
vt 0.751363 0.584879 0.000000
vt 0.757281 0.620259 0.000000
vt 0.771589 0.625473 0.000000
vt 0.734560 0.588038 0.000000
vt 0.740308 0.602204 0.000000
vt 0.744035 0.620114 0.000000
vt 0.824503 0.510109 0.000000
vt 0.828265 0.519245 0.000000
vt 0.833555 0.516893 0.000000
vt 0.833355 0.509725 0.000000
vt 0.824452 0.497062 0.000000
vt 0.817134 0.493811 0.000000
vt 0.816800 0.504813 0.000000
vt 0.834581 0.499671 0.000000
vt 0.819862 0.516560 0.000000
vt 0.824195 0.522642 0.000000
vt 0.815208 0.512135 0.000000
vt 0.793470 0.547474 0.000000
vt 0.726145 0.572326 0.000000
vt 0.737825 0.572604 0.000000
vt 0.738565 0.562143 0.000000
vt 0.729804 0.559632 0.000000
vt 0.724799 0.556655 0.000000
vt 0.720815 0.566038 0.000000
vt 0.727356 0.583327 0.000000
vt 0.715072 0.570970 0.000000
vt 0.718144 0.577892 0.000000
vt 0.721633 0.585674 0.000000
vt 0.796342 0.507417 0.000000
vt 0.803851 0.507731 0.000000
vt 0.802773 0.499726 0.000000
vt 0.794868 0.499187 0.000000
vt 0.718100 0.521140 0.000000
vt 0.706045 0.519431 0.000000
vt 0.703503 0.524666 0.000000
vt 0.713146 0.526797 0.000000
vt 0.717941 0.514658 0.000000
vt 0.707144 0.513736 0.000000
vt 0.787186 0.498478 0.000000
vt 0.787387 0.504533 0.000000
vt 0.726895 0.519798 0.000000
vt 0.725867 0.514433 0.000000
vt 0.821116 0.761001 0.000000
vt 0.823973 0.762591 0.000000
vt 0.825104 0.756845 0.000000
vt 0.821116 0.756490 0.000000
vt 0.946749 0.955812 0.000000
vt 0.946324 0.956426 0.000000
vt 0.947402 0.957925 0.000000
vt 0.948319 0.956499 0.000000
vt 0.945008 0.953431 0.000000
vt 0.944166 0.955078 0.000000
vt 0.944421 0.957816 0.000000
vt 0.695232 0.470008 0.000000
vt 0.693817 0.480462 0.000000
vt 0.704969 0.480546 0.000000
vt 0.709023 0.469802 0.000000
vt 0.713881 0.455602 0.000000
vt 0.700180 0.456818 0.000000
vt 0.683016 0.473632 0.000000
vt 0.684089 0.480800 0.000000
vt 0.687495 0.462822 0.000000
vt 0.680597 0.468022 0.000000
vt 0.691915 0.455380 0.000000
vt 0.718012 0.472974 0.000000
vt 0.723243 0.463155 0.000000
vt 0.730444 0.455358 0.000000
vt 0.725569 0.447773 0.000000
vt 0.721745 0.439481 0.000000
vt 0.710538 0.443346 0.000000
vt 0.700594 0.446227 0.000000
vt 0.766989 0.429829 0.000000
vt 0.777954 0.418770 0.000000
vt 0.764761 0.408900 0.000000
vt 0.754383 0.417421 0.000000
vt 0.739519 0.422447 0.000000
vt 0.747778 0.431589 0.000000
vt 0.766448 0.439543 0.000000
vt 0.780747 0.444655 0.000000
vt 0.750205 0.439127 0.000000
vt 0.729830 0.411524 0.000000
vt 0.744730 0.407264 0.000000
vt 0.739770 0.399078 0.000000
vt 0.729883 0.401470 0.000000
vt 0.722216 0.399575 0.000000
vt 0.718746 0.404391 0.000000
vt 0.720160 0.417015 0.000000
vt 0.727366 0.426809 0.000000
vt 0.713495 0.408223 0.000000
vt 0.725023 0.593004 0.000000
vt 0.729921 0.606907 0.000000
vt 0.392894 0.419581 0.000000
vt 0.387333 0.426055 0.000000
vt 0.393333 0.430590 0.000000
vt 0.398943 0.427238 0.000000
vt 0.381526 0.416457 0.000000
vt 0.379151 0.422166 0.000000
vt 0.408220 0.423456 0.000000
vt 0.404715 0.416502 0.000000
vt 0.393709 0.407820 0.000000
vt 0.384072 0.408037 0.000000
vt 0.403137 0.406736 0.000000
vt 0.133636 0.364263 0.000000
vt 0.138898 0.363330 0.000000
vt 0.136949 0.357487 0.000000
vt 0.131724 0.358775 0.000000
vt 0.126480 0.365799 0.000000
vt 0.127117 0.371274 0.000000
vt 0.134172 0.370486 0.000000
vt 0.140343 0.369497 0.000000
vt 0.631825 0.847224 0.000000
vt 0.635077 0.850884 0.000000
vt 0.638364 0.846186 0.000000
vt 0.632397 0.842973 0.000000
vt 0.625314 0.843593 0.000000
vt 0.626870 0.849304 0.000000
vt 0.629391 0.855676 0.000000
vt 0.068260 0.320398 0.000000
vt 0.059348 0.299219 0.000000
vt 0.037774 0.307089 0.000000
vt 0.039289 0.325530 0.000000
vt 0.040198 0.339918 0.000000
vt 0.066871 0.341190 0.000000
vt 0.087516 0.346785 0.000000
vt 0.090623 0.330283 0.000000
vt 0.101003 0.315256 0.000000
vt 0.090382 0.303581 0.000000
vt 0.079310 0.286866 0.000000
vt 0.113383 0.325565 0.000000
vt 0.128054 0.327067 0.000000
vt 0.137844 0.309576 0.000000
vt 0.127438 0.302709 0.000000
vt 0.122340 0.342794 0.000000
vt 0.130170 0.340236 0.000000
vt 0.105022 0.339597 0.000000
vt 0.115562 0.349165 0.000000
vt 0.117326 0.294195 0.000000
vt 0.180034 0.277993 0.000000
vt 0.166413 0.265330 0.000000
vt 0.146646 0.282546 0.000000
vt 0.156184 0.292511 0.000000
vt 0.163033 0.303736 0.000000
vt 0.183541 0.297312 0.000000
vt 0.203996 0.296716 0.000000
vt 0.202286 0.281448 0.000000
vt 0.192174 0.258944 0.000000
vt 0.182058 0.249126 0.000000
vt 0.204626 0.264135 0.000000
vt 0.522676 0.980132 0.000000
vt 0.523683 0.965987 0.000000
vt 0.518495 0.966262 0.000000
vt 0.519060 0.978042 0.000000
vt 0.302067 0.327820 0.000000
vt 0.305681 0.326334 0.000000
vt 0.296823 0.314608 0.000000
vt 0.291270 0.318663 0.000000
vt 0.518649 0.983732 0.000000
vt 0.522081 0.984596 0.000000
vt 0.318342 0.313284 0.000000
vt 0.313525 0.322929 0.000000
vt 0.318000 0.324240 0.000000
vt 0.321796 0.315455 0.000000
vt 0.323902 0.306302 0.000000
vt 0.316216 0.305369 0.000000
vt 0.308176 0.308030 0.000000
vt 0.402760 0.115482 0.000000
vt 0.404051 0.111742 0.000000
vt 0.400004 0.110290 0.000000
vt 0.398570 0.114082 0.000000
vt 0.326356 0.326898 0.000000
vt 0.329203 0.321664 0.000000
vt 0.325413 0.318697 0.000000
vt 0.322243 0.325595 0.000000
vt 0.509836 0.991096 0.000000
vt 0.510628 0.986298 0.000000
vt 0.505753 0.984456 0.000000
vt 0.503996 0.989284 0.000000
vt 0.297767 0.276836 0.000000
vt 0.303686 0.295170 0.000000
vt 0.315520 0.293634 0.000000
vt 0.317450 0.280232 0.000000
vt 0.321188 0.267496 0.000000
vt 0.304663 0.261513 0.000000
vt 0.285294 0.286220 0.000000
vt 0.295053 0.299104 0.000000
vt 0.279940 0.265988 0.000000
vt 0.271858 0.277711 0.000000
vt 0.287791 0.252573 0.000000
vt 0.471190 0.984726 0.000000
vt 0.483432 0.994569 0.000000
vt 0.485084 0.986273 0.000000
vt 0.473224 0.974378 0.000000
vt 0.335628 0.283450 0.000000
vt 0.326982 0.295610 0.000000
vt 0.338997 0.273388 0.000000
vt 0.359555 0.292202 0.000000
vt 0.361963 0.281205 0.000000
vt 0.455355 0.955461 0.000000
vt 0.451944 0.963420 0.000000
vt 0.395936 0.195014 0.000000
vt 0.387210 0.179662 0.000000
vt 0.378119 0.181111 0.000000
vt 0.379664 0.195076 0.000000
vt 0.397236 0.212776 0.000000
vt 0.419551 0.213751 0.000000
vt 0.415710 0.196513 0.000000
vt 0.379628 0.209601 0.000000
vt 0.196797 0.028216 0.000000
vt 0.191913 0.024083 0.000000
vt 0.188621 0.030219 0.000000
vt 0.195725 0.035407 0.000000
vt 0.878015 0.433543 0.000000
vt 0.872457 0.431944 0.000000
vt 0.871853 0.438296 0.000000
vt 0.878015 0.439259 0.000000
vt 0.202599 0.038556 0.000000
vt 0.202736 0.030720 0.000000
vt 0.840264 0.461815 0.000000
vt 0.844030 0.464795 0.000000
vt 0.845593 0.457987 0.000000
vt 0.840643 0.454885 0.000000
vt 0.833931 0.452335 0.000000
vt 0.835804 0.463106 0.000000
vt 0.840991 0.469418 0.000000
vt 0.255228 0.229681 0.000000
vt 0.267767 0.213551 0.000000
vt 0.256750 0.200117 0.000000
vt 0.247870 0.210362 0.000000
vt 0.271695 0.241621 0.000000
vt 0.281151 0.225831 0.000000
vt 0.237918 0.214081 0.000000
vt 0.238384 0.229411 0.000000
vt 0.248915 0.251168 0.000000
vt 0.264241 0.257109 0.000000
vt 0.233992 0.247975 0.000000
vt 0.511801 0.864392 0.000000
vt 0.504035 0.879186 0.000000
vt 0.519098 0.892086 0.000000
vt 0.527300 0.884349 0.000000
vt 0.536847 0.865094 0.000000
vt 0.534096 0.853116 0.000000
vt 0.510502 0.845668 0.000000
vt 0.487607 0.855414 0.000000
vt 0.485194 0.873847 0.000000
vt 0.489252 0.835328 0.000000
vt 0.855745 0.443283 0.000000
vt 0.859682 0.443439 0.000000
vt 0.859176 0.437081 0.000000
vt 0.853537 0.437758 0.000000
vt 0.199866 0.004155 0.000000
vt 0.197801 0.000500 0.000000
vt 0.194829 0.003126 0.000000
vt 0.197855 0.007156 0.000000
vt 0.849572 0.439067 0.000000
vt 0.852493 0.444126 0.000000
vt 0.851372 0.448318 0.000000
vt 0.849376 0.445607 0.000000
vt 0.846925 0.450580 0.000000
vt 0.851248 0.453614 0.000000
vt 0.854563 0.448725 0.000000
vt 0.855465 0.455040 0.000000
vt 0.680299 0.231342 0.000000
vt 0.669544 0.230182 0.000000
vt 0.667522 0.236328 0.000000
vt 0.677140 0.237605 0.000000
vt 0.689163 0.241844 0.000000
vt 0.691735 0.235926 0.000000
vt 0.695374 0.233107 0.000000
vt 0.688328 0.227250 0.000000
vt 0.677876 0.224327 0.000000
vt 0.670195 0.224990 0.000000
vt 0.684680 0.222387 0.000000
vt 0.703697 0.306362 0.000000
vt 0.704299 0.305921 0.000000
vt 0.703309 0.305304 0.000000
vt 0.703129 0.305997 0.000000
vt 0.701608 0.306876 0.000000
vt 0.702986 0.307651 0.000000
vt 0.704814 0.307939 0.000000
vt 0.433224 0.865649 0.000000
vt 0.444617 0.893873 0.000000
vt 0.456113 0.889906 0.000000
vt 0.450709 0.865588 0.000000
vt 0.421769 0.881222 0.000000
vt 0.434903 0.902241 0.000000
vt 0.450423 0.838309 0.000000
vt 0.433256 0.832922 0.000000
vt 0.414282 0.850109 0.000000
vt 0.407786 0.864801 0.000000
vt 0.416462 0.826821 0.000000
vt 0.634557 0.820182 0.000000
vt 0.637818 0.822870 0.000000
vt 0.640133 0.817213 0.000000
vt 0.634603 0.816368 0.000000
vt 0.629161 0.820801 0.000000
vt 0.630331 0.826382 0.000000
vt 0.628834 0.815221 0.000000
vt 0.633705 0.811691 0.000000
vt 0.638551 0.809714 0.000000
vt 0.634298 0.803579 0.000000
vt 0.630139 0.809561 0.000000
vt 0.084460 0.366009 0.000000
vt 0.061944 0.357087 0.000000
vt 0.100117 0.366778 0.000000
vt 0.100953 0.352831 0.000000
vt 0.056111 0.371716 0.000000
vt 0.073508 0.382064 0.000000
vt 0.094151 0.384574 0.000000
vt 0.103316 0.380229 0.000000
vt 0.085477 0.394140 0.000000
vt 0.707623 0.695971 0.000000
vt 0.708178 0.711618 0.000000
vt 0.718468 0.710087 0.000000
vt 0.718158 0.700887 0.000000
vt 0.721079 0.694584 0.000000
vt 0.715712 0.689159 0.000000
vt 0.694255 0.697759 0.000000
vt 0.696844 0.714951 0.000000
vt 0.704001 0.682544 0.000000
vt 0.692413 0.682563 0.000000
vt 0.712330 0.682014 0.000000
vt 0.630679 0.736555 0.000000
vt 0.642549 0.761887 0.000000
vt 0.648989 0.757335 0.000000
vt 0.643564 0.732559 0.000000
vt 0.621571 0.753295 0.000000
vt 0.636006 0.768840 0.000000
vt 0.644808 0.705146 0.000000
vt 0.632985 0.705245 0.000000
vt 0.613580 0.726081 0.000000
vt 0.606821 0.743370 0.000000
vt 0.620604 0.701503 0.000000
vt 0.571235 0.739406 0.000000
vt 0.574160 0.759343 0.000000
vt 0.588688 0.752938 0.000000
vt 0.591544 0.739366 0.000000
vt 0.587528 0.713265 0.000000
vt 0.577771 0.706943 0.000000
vt 0.561519 0.729829 0.000000
vt 0.548895 0.755950 0.000000
vt 0.557025 0.769229 0.000000
vt 0.541837 0.746121 0.000000
vt 0.752741 0.507523 0.000000
vt 0.744995 0.507805 0.000000
vt 0.745736 0.512137 0.000000
vt 0.752317 0.512090 0.000000
vt 0.752897 0.507395 0.000000
vt 0.750827 0.502604 0.000000
vt 0.744805 0.503303 0.000000
vt 0.753522 0.507273 0.000000
vt 0.757399 0.504144 0.000000
vt 0.754598 0.500658 0.000000
vt 0.753792 0.493911 0.000000
vt 0.755040 0.495432 0.000000
vt 0.756251 0.493501 0.000000
vt 0.754313 0.492392 0.000000
vt 0.752048 0.492003 0.000000
vt 0.751857 0.494426 0.000000
vt 0.752646 0.497137 0.000000
vt 0.760959 0.486256 0.000000
vt 0.761198 0.487641 0.000000
vt 0.764635 0.486458 0.000000
vt 0.763136 0.484179 0.000000
vt 0.759404 0.485779 0.000000
vt 0.759186 0.487435 0.000000
vt 0.760769 0.482701 0.000000
vt 0.753860 0.486635 0.000000
vt 0.753328 0.485089 0.000000
vt 0.751453 0.486665 0.000000
vt 0.753200 0.487963 0.000000
vt 0.755088 0.488794 0.000000
vt 0.755342 0.486951 0.000000
vt 0.755415 0.484839 0.000000
vt 0.507896 0.627300 0.000000
vt 0.515947 0.615467 0.000000
vt 0.500573 0.599851 0.000000
vt 0.483575 0.625960 0.000000
vt 0.538273 0.455151 0.000000
vt 0.534713 0.450412 0.000000
vt 0.528651 0.456094 0.000000
vt 0.529730 0.463722 0.000000
vt 0.544917 0.453573 0.000000
vt 0.547488 0.449438 0.000000
vt 0.542555 0.448258 0.000000
vt 0.538609 0.446477 0.000000
vt 0.539065 0.463264 0.000000
vt 0.543729 0.458338 0.000000
vt 0.530574 0.472360 0.000000
vt 0.549184 0.474530 0.000000
vt 0.559330 0.491044 0.000000
vt 0.570169 0.483077 0.000000
vt 0.565342 0.474398 0.000000
vt 0.561947 0.467851 0.000000
vt 0.550408 0.469257 0.000000
vt 0.531935 0.490485 0.000000
vt 0.550508 0.507575 0.000000
vt 0.545369 0.464510 0.000000
vt 0.542048 0.469887 0.000000
vt 0.531375 0.480798 0.000000
vt 0.523153 0.484218 0.000000
vt 0.521080 0.493904 0.000000
vt 0.532370 0.520222 0.000000
vt 0.547488 0.532706 0.000000
vt 0.519442 0.510335 0.000000
vt 0.934061 0.705289 0.000000
vt 0.934662 0.707262 0.000000
vt 0.936491 0.702845 0.000000
vt 0.934220 0.703266 0.000000
vt 0.933034 0.704801 0.000000
vt 0.932083 0.705332 0.000000
vt 0.931248 0.707050 0.000000
vt 0.692267 0.363398 0.000000
vt 0.696909 0.370778 0.000000
vt 0.700621 0.369413 0.000000
vt 0.697210 0.363398 0.000000
vt 0.933573 0.711682 0.000000
vt 0.929643 0.709208 0.000000
vt 0.686189 0.363398 0.000000
vt 0.684329 0.367199 0.000000
vt 0.689186 0.369531 0.000000
vt 0.693070 0.373604 0.000000
vt 0.927031 0.712604 0.000000
vt 0.930417 0.716116 0.000000
vt 0.924595 0.715566 0.000000
vt 0.928108 0.718813 0.000000
vt 0.610394 0.526334 0.000000
vt 0.609834 0.516696 0.000000
vt 0.602678 0.516905 0.000000
vt 0.604080 0.529542 0.000000
vt 0.657915 0.631042 0.000000
vt 0.651794 0.653806 0.000000
vt 0.660239 0.656978 0.000000
vt 0.664761 0.637112 0.000000
vt 0.646395 0.631155 0.000000
vt 0.642159 0.651812 0.000000
vt 0.652592 0.620293 0.000000
vt 0.646216 0.620333 0.000000
vt 0.609701 0.540008 0.000000
vt 0.617512 0.533207 0.000000
vt 0.621933 0.601006 0.000000
vt 0.618851 0.605245 0.000000
vt 0.622333 0.608809 0.000000
vt 0.625027 0.601911 0.000000
vt 0.625775 0.596189 0.000000
vt 0.621149 0.596569 0.000000
vt 0.615765 0.600654 0.000000
vt 0.654789 0.604056 0.000000
vt 0.657393 0.596799 0.000000
vt 0.652197 0.595877 0.000000
vt 0.650939 0.603299 0.000000
vt 0.622024 0.547965 0.000000
vt 0.617214 0.544963 0.000000
vt 0.611185 0.553261 0.000000
vt 0.619053 0.554989 0.000000
vt 0.625124 0.546239 0.000000
vt 0.622231 0.539978 0.000000
vt 0.643722 0.587656 0.000000
vt 0.643260 0.594456 0.000000
vt 0.647422 0.594809 0.000000
vt 0.648597 0.588568 0.000000
vt 0.639822 0.586478 0.000000
vt 0.639929 0.594106 0.000000
vt 0.689922 0.356062 0.000000
vt 0.691528 0.362397 0.000000
vt 0.696549 0.362397 0.000000
vt 0.694183 0.356062 0.000000
vt 0.698732 0.356062 0.000000
vt 0.702356 0.362397 0.000000
vt 0.635637 0.585618 0.000000
vt 0.633040 0.589218 0.000000
vt 0.633540 0.593650 0.000000
vt 0.636627 0.593991 0.000000
vt 0.707886 0.362397 0.000000
vt 0.703991 0.358622 0.000000
vt 0.596904 0.549958 0.000000
vt 0.578019 0.548806 0.000000
vt 0.579398 0.564097 0.000000
vt 0.594940 0.562897 0.000000
vt 0.593118 0.532190 0.000000
vt 0.577886 0.530007 0.000000
vt 0.608407 0.561813 0.000000
vt 0.618739 0.578798 0.000000
vt 0.619197 0.585650 0.000000
vt 0.625519 0.585642 0.000000
vt 0.626102 0.580046 0.000000
vt 0.609377 0.580446 0.000000
vt 0.611102 0.588128 0.000000
vt 0.621275 0.575896 0.000000
vt 0.622060 0.568873 0.000000
vt 0.616777 0.570493 0.000000
vt 0.607791 0.572774 0.000000
vt 0.626821 0.573374 0.000000
vt 0.627489 0.566776 0.000000
vt 0.506997 0.500913 0.000000
vt 0.512061 0.490441 0.000000
vt 0.506632 0.485177 0.000000
vt 0.501282 0.487814 0.000000
vt 0.492592 0.490630 0.000000
vt 0.493760 0.500932 0.000000
vt 0.504842 0.528724 0.000000
vt 0.518374 0.540613 0.000000
vt 0.490831 0.519764 0.000000
vt 0.398163 0.140943 0.000000
vt 0.391027 0.136354 0.000000
vt 0.388451 0.141211 0.000000
vt 0.396931 0.144808 0.000000
vt 0.405378 0.147199 0.000000
vt 0.405234 0.138681 0.000000
vt 0.538324 0.279533 0.000000
vt 0.535352 0.275228 0.000000
vt 0.529594 0.279394 0.000000
vt 0.536078 0.283147 0.000000
vt 0.542820 0.279126 0.000000
vt 0.541465 0.273260 0.000000
vt 0.542329 0.284409 0.000000
vt 0.505821 0.288927 0.000000
vt 0.520223 0.291999 0.000000
vt 0.524470 0.285010 0.000000
vt 0.514558 0.280047 0.000000
vt 0.503012 0.270537 0.000000
vt 0.491758 0.279887 0.000000
vt 0.489591 0.295720 0.000000
vt 0.497693 0.301596 0.000000
vt 0.509537 0.298184 0.000000
vt 0.478051 0.288346 0.000000
vt 0.518489 0.298875 0.000000
vt 0.131045 0.964880 0.000000
vt 0.136635 0.960016 0.000000
vt 0.120484 0.957047 0.000000
vt 0.120848 0.965661 0.000000
vt 0.121052 0.974842 0.000000
vt 0.132606 0.972231 0.000000
vt 0.142164 0.969644 0.000000
vt 0.147762 0.958234 0.000000
vt 0.143749 0.944236 0.000000
vt 0.131892 0.943954 0.000000
vt 0.150695 0.967579 0.000000
vt 0.593251 0.265268 0.000000
vt 0.577742 0.258286 0.000000
vt 0.572967 0.271045 0.000000
vt 0.583665 0.277868 0.000000
vt 0.594238 0.289130 0.000000
vt 0.602837 0.280823 0.000000
vt 0.594746 0.247887 0.000000
vt 0.581175 0.243656 0.000000
vt 0.610568 0.263653 0.000000
vt 0.610102 0.250736 0.000000
vt 0.614712 0.276318 0.000000
vt 0.662797 0.325439 0.000000
vt 0.667405 0.337333 0.000000
vt 0.675150 0.336889 0.000000
vt 0.673697 0.328384 0.000000
vt 0.669667 0.316108 0.000000
vt 0.665513 0.309140 0.000000
vt 0.654750 0.315178 0.000000
vt 0.676048 0.320800 0.000000
vt 0.645778 0.320853 0.000000
vt 0.653861 0.330869 0.000000
vt 0.660400 0.340593 0.000000
vt 0.785313 0.374521 0.000000
vt 0.795269 0.367484 0.000000
vt 0.791788 0.363398 0.000000
vt 0.784016 0.366739 0.000000
vt 0.774926 0.366603 0.000000
vt 0.772373 0.372792 0.000000
vt 0.795713 0.380491 0.000000
vt 0.801473 0.371893 0.000000
vt 0.778709 0.386955 0.000000
vt 0.790723 0.392497 0.000000
vt 0.768012 0.380559 0.000000
vt 0.557344 0.283648 0.000000
vt 0.558941 0.280392 0.000000
vt 0.553324 0.278653 0.000000
vt 0.553271 0.283820 0.000000
vt 0.553853 0.289832 0.000000
vt 0.559926 0.288278 0.000000
vt 0.564676 0.285025 0.000000
vt 0.603841 0.322872 0.000000
vt 0.593078 0.308808 0.000000
vt 0.575317 0.315629 0.000000
vt 0.588004 0.327687 0.000000
vt 0.612907 0.313737 0.000000
vt 0.604305 0.301540 0.000000
vt 0.619621 0.329983 0.000000
vt 0.623331 0.323416 0.000000
vt 0.595680 0.338247 0.000000
vt 0.606466 0.336210 0.000000
vt 0.617321 0.338508 0.000000
vt 0.574809 0.302278 0.000000
vt 0.563758 0.303306 0.000000
vt 0.561197 0.312064 0.000000
vt 0.586001 0.297221 0.000000
vt 0.557052 0.320563 0.000000
vt 0.567559 0.325770 0.000000
vt 0.579203 0.333771 0.000000
vt 0.120129 0.983799 0.000000
vt 0.126872 0.991796 0.000000
vt 0.134509 0.985629 0.000000
vt 0.133104 0.979052 0.000000
vt 0.109156 0.973049 0.000000
vt 0.107839 0.980764 0.000000
vt 0.114149 0.994653 0.000000
vt 0.122638 0.999833 0.000000
vt 0.104990 0.990180 0.000000
vt 0.642397 0.398402 0.000000
vt 0.643923 0.388902 0.000000
vt 0.636552 0.385872 0.000000
vt 0.634284 0.391479 0.000000
vt 0.630490 0.395528 0.000000
vt 0.636123 0.402065 0.000000
vt 0.650315 0.399356 0.000000
vt 0.650555 0.390324 0.000000
vt 0.646012 0.408782 0.000000
vt 0.651444 0.408254 0.000000
vt 0.640407 0.410007 0.000000
vt 0.054703 0.982458 0.000000
vt 0.056918 0.982678 0.000000
vt 0.057331 0.980114 0.000000
vt 0.054911 0.980882 0.000000
vt 0.058728 0.982835 0.000000
vt 0.057711 0.979669 0.000000
vt 0.054914 0.978961 0.000000
vt 0.024913 0.980689 0.000000
vt 0.018092 0.991424 0.000000
vt 0.021717 0.995697 0.000000
vt 0.028588 0.988345 0.000000
vt 0.036185 0.984201 0.000000
vt 0.034692 0.977288 0.000000
vt 0.027527 0.971201 0.000000
vt 0.021771 0.971355 0.000000
vt 0.019070 0.978622 0.000000
vt 0.035323 0.970195 0.000000
vt 0.013881 0.986497 0.000000
vt 0.054710 0.960863 0.000000
vt 0.063446 0.963617 0.000000
vt 0.067910 0.956802 0.000000
vt 0.058077 0.951274 0.000000
vt 0.056886 0.970027 0.000000
vt 0.060620 0.970176 0.000000
vt 0.047357 0.965822 0.000000
vt 0.053049 0.971495 0.000000
vt 0.044044 0.945343 0.000000
vt 0.036737 0.953953 0.000000
vt 0.036438 0.963029 0.000000
vt 0.133502 0.894652 0.000000
vt 0.133612 0.898865 0.000000
vt 0.139557 0.897116 0.000000
vt 0.137262 0.892273 0.000000
vt 0.130984 0.892957 0.000000
vt 0.128473 0.898331 0.000000
vt 0.134943 0.888866 0.000000
vt 0.152530 0.878572 0.000000
vt 0.156386 0.879389 0.000000
vt 0.156558 0.873560 0.000000
vt 0.151113 0.875327 0.000000
vt 0.146704 0.878389 0.000000
vt 0.149743 0.881704 0.000000
vt 0.153723 0.885083 0.000000
vt 0.114841 0.868672 0.000000
vt 0.117593 0.870853 0.000000
vt 0.120339 0.867664 0.000000
vt 0.115609 0.865521 0.000000
vt 0.110065 0.865990 0.000000
vt 0.111592 0.870246 0.000000
vt 0.114248 0.873831 0.000000
vt 0.134944 0.852863 0.000000
vt 0.139137 0.855024 0.000000
vt 0.143268 0.848319 0.000000
vt 0.135198 0.846820 0.000000
vt 0.130982 0.855843 0.000000
vt 0.135015 0.859882 0.000000
vt 0.126150 0.848035 0.000000
vt 0.141532 0.831820 0.000000
vt 0.136882 0.838203 0.000000
vt 0.147491 0.840007 0.000000
vt 0.150940 0.831467 0.000000
vt 0.152638 0.820903 0.000000
vt 0.139366 0.824724 0.000000
vt 0.130705 0.831913 0.000000
vt 0.103375 0.906149 0.000000
vt 0.113616 0.897056 0.000000
vt 0.111466 0.888373 0.000000
vt 0.104365 0.890186 0.000000
vt 0.116179 0.914736 0.000000
vt 0.119420 0.903528 0.000000
vt 0.101888 0.924725 0.000000
vt 0.115492 0.928658 0.000000
vt 0.097695 0.888630 0.000000
vt 0.092825 0.902685 0.000000
vt 0.089696 0.919872 0.000000
vt 0.110956 0.883054 0.000000
vt 0.116734 0.885178 0.000000
vt 0.113814 0.880389 0.000000
vt 0.110583 0.877212 0.000000
vt 0.107282 0.881633 0.000000
vt 0.750910 0.383172 0.000000
vt 0.760953 0.390311 0.000000
vt 0.757877 0.370923 0.000000
vt 0.746091 0.393007 0.000000
vt 0.754006 0.400031 0.000000
vt 0.924212 0.636036 0.000000
vt 0.918497 0.629936 0.000000
vt 0.911968 0.637228 0.000000
vt 0.915582 0.643605 0.000000
vt 0.927676 0.621653 0.000000
vt 0.921334 0.619823 0.000000
vt 0.917459 0.650930 0.000000
vt 0.925838 0.647434 0.000000
vt 0.763644 0.367240 0.000000
vt 0.932825 0.616747 0.000000
vt 0.928708 0.607312 0.000000
vt 0.924927 0.608818 0.000000
vt 0.920514 0.609003 0.000000
vt 0.889289 0.650387 0.000000
vt 0.905094 0.648358 0.000000
vt 0.902605 0.641693 0.000000
vt 0.889778 0.642788 0.000000
vt 0.895530 0.658373 0.000000
vt 0.906731 0.654741 0.000000
vt 0.879040 0.656193 0.000000
vt 0.886884 0.662744 0.000000
vt 0.871716 0.643977 0.000000
vt 0.867328 0.648781 0.000000
vt 0.874813 0.639460 0.000000
vt 0.865396 0.848278 0.000000
vt 0.850409 0.865413 0.000000
vt 0.861170 0.880575 0.000000
vt 0.874211 0.870920 0.000000
vt 0.868409 0.820438 0.000000
vt 0.856665 0.813857 0.000000
vt 0.850189 0.833709 0.000000
vt 0.840788 0.851925 0.000000
vt 0.821116 0.679470 0.000000
vt 0.829664 0.681429 0.000000
vt 0.835877 0.670333 0.000000
vt 0.829176 0.667313 0.000000
vt 0.821116 0.690690 0.000000
vt 0.828449 0.690739 0.000000
vt 0.911121 0.616648 0.000000
vt 0.915872 0.618362 0.000000
vt 0.915456 0.609776 0.000000
vt 0.909716 0.610847 0.000000
vt 0.904521 0.613818 0.000000
vt 0.908305 0.620090 0.000000
vt 0.913590 0.625328 0.000000
vt 0.821116 0.630514 0.000000
vt 0.826158 0.632112 0.000000
vt 0.826788 0.628086 0.000000
vt 0.821640 0.625862 0.000000
vt 0.821116 0.635525 0.000000
vt 0.825197 0.636087 0.000000
vt 0.017672 0.626905 0.000000
vt 0.022105 0.623780 0.000000
vt 0.020761 0.619372 0.000000
vt 0.016447 0.622060 0.000000
vt 0.015829 0.616356 0.000000
vt 0.014335 0.615944 0.000000
vt 0.013380 0.618396 0.000000
vt 0.016066 0.618142 0.000000
vt 0.019763 0.615413 0.000000
vt 0.017550 0.613028 0.000000
vt 0.012686 0.611547 0.000000
vt 0.008956 0.615884 0.000000
vt 0.833678 0.657021 0.000000
vt 0.840302 0.662492 0.000000
vt 0.871681 0.799013 0.000000
vt 0.860676 0.795922 0.000000
vt 0.838208 0.650083 0.000000
vt 0.833374 0.644219 0.000000
vt 0.829610 0.648641 0.000000
vt 0.844744 0.656345 0.000000
vt 0.869505 0.780820 0.000000
vt 0.862523 0.780675 0.000000
vt 0.877616 0.620561 0.000000
vt 0.872834 0.622780 0.000000
vt 0.881447 0.627848 0.000000
vt 0.883069 0.621631 0.000000
vt 0.019379 0.675093 0.000000
vt 0.023590 0.676416 0.000000
vt 0.027087 0.668903 0.000000
vt 0.020564 0.669371 0.000000
vt 0.015022 0.679286 0.000000
vt 0.019787 0.682049 0.000000
vt 0.307287 0.471879 0.000000
vt 0.306948 0.465118 0.000000
vt 0.301721 0.466273 0.000000
vt 0.303436 0.475004 0.000000
vt 0.312694 0.479674 0.000000
vt 0.315445 0.470388 0.000000
vt 0.306996 0.486748 0.000000
vt 0.020127 0.608033 0.000000
vt 0.015015 0.604644 0.000000
vt 0.006320 0.605933 0.000000
vt 0.003385 0.611873 0.000000
vt 0.009453 0.599724 0.000000
vt 0.294514 0.471465 0.000000
vt 0.297465 0.469072 0.000000
vt 0.295286 0.462780 0.000000
vt 0.291219 0.467665 0.000000
vt 0.287128 0.475912 0.000000
vt 0.293250 0.479358 0.000000
vt 0.298478 0.478016 0.000000
vt 0.030007 0.586429 0.000000
vt 0.022652 0.593645 0.000000
vt 0.028084 0.598432 0.000000
vt 0.037590 0.591977 0.000000
vt 0.021127 0.584177 0.000000
vt 0.017548 0.589116 0.000000
vt 0.275726 0.434284 0.000000
vt 0.278625 0.445090 0.000000
vt 0.286533 0.441831 0.000000
vt 0.284862 0.434284 0.000000
vt 0.736398 0.988705 0.000000
vt 0.743618 0.982086 0.000000
vt 0.739971 0.981043 0.000000
vt 0.733280 0.989476 0.000000
vt 0.735871 0.990730 0.000000
vt 0.746478 0.983140 0.000000
vt 0.729984 0.993996 0.000000
vt 0.848289 0.922160 0.000000
vt 0.875220 0.929190 0.000000
vt 0.880281 0.917592 0.000000
vt 0.862788 0.906299 0.000000
vt 0.445545 0.417352 0.000000
vt 0.436714 0.411055 0.000000
vt 0.426384 0.412264 0.000000
vt 0.430756 0.418461 0.000000
vt 0.847262 0.892834 0.000000
vt 0.831194 0.906659 0.000000
vt 0.819900 0.933692 0.000000
vt 0.825579 0.943437 0.000000
vt 0.849240 0.939173 0.000000
vt 0.811637 0.922098 0.000000
vt 0.288230 0.374287 0.000000
vt 0.290847 0.385089 0.000000
vt 0.312818 0.382890 0.000000
vt 0.316170 0.377198 0.000000
vt 0.258914 0.379358 0.000000
vt 0.268303 0.389682 0.000000
vt 0.271560 0.362547 0.000000
vt 0.249004 0.366390 0.000000
vt 0.308752 0.365334 0.000000
vt 0.294240 0.357998 0.000000
vt 0.325290 0.371168 0.000000
vt 0.507963 0.120331 0.000000
vt 0.508137 0.123283 0.000000
vt 0.523098 0.117944 0.000000
vt 0.518549 0.114831 0.000000
vt 0.290458 0.345871 0.000000
vt 0.276792 0.345709 0.000000
vt 0.283232 0.350970 0.000000
vt 0.297625 0.349110 0.000000
vt 0.501706 0.121288 0.000000
vt 0.496976 0.126341 0.000000
vt 0.720735 0.999026 0.000000
vt 0.723021 0.998769 0.000000
vt 0.725152 0.995782 0.000000
vt 0.721811 0.996311 0.000000
vt 0.719553 0.999322 0.000000
vt 0.721937 0.999833 0.000000
vt 0.719770 0.995701 0.000000
vt 0.340086 0.378834 0.000000
vt 0.340779 0.380364 0.000000
vt 0.347202 0.378596 0.000000
vt 0.343850 0.377093 0.000000
vt 0.337275 0.374838 0.000000
vt 0.332970 0.378434 0.000000
vt 0.329959 0.381643 0.000000
vt 0.350447 0.372975 0.000000
vt 0.352752 0.373676 0.000000
vt 0.350511 0.370392 0.000000
vt 0.347502 0.370600 0.000000
vt 0.348193 0.374608 0.000000
vt 0.351416 0.376298 0.000000
vt 0.342788 0.372004 0.000000
vt 0.061288 0.593942 0.000000
vt 0.059547 0.608142 0.000000
vt 0.073689 0.610281 0.000000
vt 0.077857 0.597636 0.000000
vt 0.043940 0.599543 0.000000
vt 0.046150 0.608942 0.000000
vt 0.085763 0.582968 0.000000
vt 0.073686 0.578878 0.000000
vt 0.063995 0.572218 0.000000
vt 0.051575 0.583646 0.000000
vt 0.096643 0.547282 0.000000
vt 0.104472 0.554899 0.000000
vt 0.113630 0.545247 0.000000
vt 0.110286 0.538194 0.000000
vt 0.085085 0.563826 0.000000
vt 0.095052 0.568322 0.000000
vt 0.083837 0.544732 0.000000
vt 0.074856 0.559014 0.000000
vt 0.099309 0.531855 0.000000
vt 0.090240 0.530551 0.000000
vt 0.108760 0.528878 0.000000
vt 0.100922 0.523518 0.000000
vt 0.107057 0.519933 0.000000
vt 0.104098 0.512375 0.000000
vt 0.096702 0.519611 0.000000
vt 0.198193 0.518234 0.000000
vt 0.211348 0.498388 0.000000
vt 0.200324 0.488420 0.000000
vt 0.190572 0.500473 0.000000
vt 0.214339 0.526225 0.000000
vt 0.224599 0.506209 0.000000
vt 0.178396 0.507586 0.000000
vt 0.179042 0.521515 0.000000
vt 0.174691 0.535495 0.000000
vt 0.188596 0.540839 0.000000
vt 0.202027 0.548815 0.000000
vt 0.126391 0.547329 0.000000
vt 0.123878 0.552900 0.000000
vt 0.129643 0.553815 0.000000
vt 0.130416 0.546236 0.000000
vt 0.124264 0.544021 0.000000
vt 0.118561 0.550120 0.000000
vt 0.129661 0.540468 0.000000
vt 0.180408 0.480634 0.000000
vt 0.183536 0.473375 0.000000
vt 0.175768 0.470549 0.000000
vt 0.174205 0.482571 0.000000
vt 0.175753 0.494697 0.000000
vt 0.184251 0.488507 0.000000
vt 0.191642 0.479570 0.000000
vt 0.126696 0.494012 0.000000
vt 0.119877 0.494134 0.000000
vt 0.120540 0.503851 0.000000
vt 0.127665 0.501159 0.000000
vt 0.174943 0.434284 0.000000
vt 0.171124 0.441573 0.000000
vt 0.177799 0.445540 0.000000
vt 0.181380 0.434987 0.000000
vt 0.134499 0.498106 0.000000
vt 0.132612 0.489400 0.000000
vt 0.155144 0.537661 0.000000
vt 0.151075 0.539498 0.000000
vt 0.153787 0.546414 0.000000
vt 0.159414 0.541021 0.000000
vt 0.156586 0.532140 0.000000
vt 0.150937 0.532677 0.000000
vt 0.164262 0.532968 0.000000
vt 0.146505 0.492280 0.000000
vt 0.141292 0.494662 0.000000
vt 0.142377 0.502930 0.000000
vt 0.149011 0.498871 0.000000
vt 0.155913 0.493339 0.000000
vt 0.149598 0.484774 0.000000
vt 0.141014 0.484848 0.000000
vt 0.434791 0.306121 0.000000
vt 0.413640 0.293360 0.000000
vt 0.441353 0.308154 0.000000
vt 0.452095 0.292767 0.000000
vt 0.407579 0.304893 0.000000
vt 0.420531 0.315315 0.000000
vt 0.428917 0.319298 0.000000
vt 0.434626 0.315726 0.000000
vt 0.439237 0.315273 0.000000
vt 0.397242 0.315008 0.000000
vt 0.405785 0.326187 0.000000
vt 0.412698 0.336282 0.000000
vt 0.421759 0.326725 0.000000
vt 0.428629 0.324335 0.000000
vt 0.341429 0.922201 0.000000
vt 0.339608 0.914396 0.000000
vt 0.330230 0.923186 0.000000
vt 0.331388 0.930879 0.000000
vt 0.266058 0.944858 0.000000
vt 0.274391 0.928682 0.000000
vt 0.263353 0.926841 0.000000
vt 0.256979 0.943245 0.000000
vt 0.252121 0.957979 0.000000
vt 0.260998 0.960417 0.000000
vt 0.353302 0.913313 0.000000
vt 0.348839 0.905652 0.000000
vt 0.319731 0.917192 0.000000
vt 0.321237 0.921305 0.000000
vt 0.327281 0.915806 0.000000
vt 0.324600 0.910985 0.000000
vt 0.315885 0.918798 0.000000
vt 0.316533 0.923539 0.000000
vt 0.316961 0.912118 0.000000
vt 0.313880 0.915165 0.000000
vt 0.320692 0.906387 0.000000
vt 0.282848 0.928510 0.000000
vt 0.281774 0.938793 0.000000
vt 0.290785 0.934289 0.000000
vt 0.287107 0.926074 0.000000
vt 0.281326 0.920102 0.000000
vt 0.306714 0.930546 0.000000
vt 0.310576 0.924411 0.000000
vt 0.303478 0.921102 0.000000
vt 0.300175 0.926217 0.000000
vt 0.311637 0.932009 0.000000
vt 0.317253 0.930511 0.000000
vt 0.312088 0.932882 0.000000
vt 0.313374 0.940273 0.000000
vt 0.318504 0.938102 0.000000
vt 0.313027 0.919756 0.000000
vt 0.308908 0.919769 0.000000
vt 0.305609 0.917856 0.000000
vt 0.255006 0.910381 0.000000
vt 0.249991 0.924206 0.000000
vt 0.272184 0.914537 0.000000
vt 0.238024 0.905428 0.000000
vt 0.234530 0.920276 0.000000
vt 0.278405 0.906104 0.000000
vt 0.271489 0.895912 0.000000
vt 0.268080 0.871129 0.000000
vt 0.254443 0.875656 0.000000
vt 0.240778 0.876103 0.000000
vt 0.308334 0.903629 0.000000
vt 0.311032 0.906091 0.000000
vt 0.312500 0.900094 0.000000
vt 0.308253 0.898706 0.000000
vt 0.305521 0.905021 0.000000
vt 0.308187 0.909434 0.000000
vt 0.304180 0.898239 0.000000
vt 0.687181 0.214723 0.000000
vt 0.682179 0.217496 0.000000
vt 0.690486 0.220334 0.000000
vt 0.684716 0.208878 0.000000
vt 0.680219 0.212775 0.000000
vt 0.704141 0.293782 0.000000
vt 0.701539 0.288562 0.000000
vt 0.695926 0.288270 0.000000
vt 0.697699 0.292791 0.000000
vt 0.691262 0.210170 0.000000
vt 0.687779 0.206333 0.000000
vt 0.699125 0.297305 0.000000
vt 0.704686 0.299030 0.000000
vt 0.711348 0.299937 0.000000
vt 0.708869 0.302068 0.000000
vt 0.711696 0.305487 0.000000
vt 0.715286 0.304315 0.000000
vt 0.700584 0.305529 0.000000
vt 0.452207 0.321616 0.000000
vt 0.465619 0.315302 0.000000
vt 0.457366 0.311792 0.000000
vt 0.447523 0.318673 0.000000
vt 0.718055 0.267673 0.000000
vt 0.716130 0.263693 0.000000
vt 0.707652 0.264290 0.000000
vt 0.707936 0.267898 0.000000
vt 0.708043 0.272549 0.000000
vt 0.716053 0.273571 0.000000
vt 0.222827 0.999833 0.000000
vt 0.220874 0.990077 0.000000
vt 0.208167 0.986044 0.000000
vt 0.210095 0.995213 0.000000
vt 0.229421 0.999395 0.000000
vt 0.229718 0.990730 0.000000
vt 0.681188 0.282825 0.000000
vt 0.672435 0.271031 0.000000
vt 0.663370 0.271404 0.000000
vt 0.669895 0.282113 0.000000
vt 0.685026 0.276551 0.000000
vt 0.678898 0.268330 0.000000
vt 0.675197 0.290112 0.000000
vt 0.684406 0.290812 0.000000
vt 0.690072 0.286784 0.000000
vt 0.690729 0.280985 0.000000
vt 0.691426 0.292005 0.000000
vt 0.251371 0.986095 0.000000
vt 0.257256 0.973225 0.000000
vt 0.247044 0.971304 0.000000
vt 0.241116 0.983277 0.000000
vt 0.236719 0.991569 0.000000
vt 0.242011 0.994837 0.000000
vt 0.423954 0.348858 0.000000
vt 0.430751 0.337982 0.000000
vt 0.425915 0.333609 0.000000
vt 0.418016 0.342003 0.000000
vt 0.379145 0.917312 0.000000
vt 0.387027 0.916889 0.000000
vt 0.382617 0.895506 0.000000
vt 0.371603 0.896544 0.000000
vt 0.392770 0.852967 0.000000
vt 0.397734 0.839326 0.000000
vt 0.388086 0.862010 0.000000
vt 0.401162 0.877106 0.000000
vt 0.383354 0.832066 0.000000
vt 0.380036 0.844326 0.000000
vt 0.618419 0.367749 0.000000
vt 0.618625 0.366133 0.000000
vt 0.616361 0.365967 0.000000
vt 0.617298 0.368180 0.000000
vt 0.618493 0.369584 0.000000
vt 0.619458 0.368696 0.000000
vt 0.620529 0.367060 0.000000
vt 0.624348 0.371067 0.000000
vt 0.623331 0.369797 0.000000
vt 0.622357 0.370824 0.000000
vt 0.624007 0.371979 0.000000
vt 0.627284 0.370409 0.000000
vt 0.625978 0.368208 0.000000
vt 0.627661 0.372502 0.000000
vt 0.615336 0.372583 0.000000
vt 0.613190 0.371641 0.000000
vt 0.612453 0.373470 0.000000
vt 0.615678 0.373829 0.000000
vt 0.617423 0.373128 0.000000
vt 0.616433 0.371739 0.000000
vt 0.614397 0.370036 0.000000
vt 0.248869 0.785687 0.000000
vt 0.231812 0.771348 0.000000
vt 0.226992 0.780598 0.000000
vt 0.235282 0.797836 0.000000
vt 0.252805 0.767222 0.000000
vt 0.235360 0.761931 0.000000
vt 0.238725 0.822454 0.000000
vt 0.252099 0.816096 0.000000
vt 0.265533 0.813390 0.000000
vt 0.265846 0.786881 0.000000
vt 0.267275 0.769780 0.000000
vt 0.316590 0.760648 0.000000
vt 0.332822 0.771442 0.000000
vt 0.353581 0.755699 0.000000
vt 0.340968 0.741878 0.000000
vt 0.330688 0.729303 0.000000
vt 0.310272 0.741255 0.000000
vt 0.295436 0.749536 0.000000
vt 0.296108 0.766227 0.000000
vt 0.172774 0.847674 0.000000
vt 0.175744 0.861867 0.000000
vt 0.192431 0.860535 0.000000
vt 0.192138 0.844441 0.000000
vt 0.177746 0.831873 0.000000
vt 0.163598 0.832311 0.000000
vt 0.159012 0.842853 0.000000
vt 0.193231 0.828338 0.000000
vt 0.158755 0.856867 0.000000
vt 0.163063 0.864394 0.000000
vt 0.151162 0.851478 0.000000
vt 0.179213 0.655811 0.000000
vt 0.159987 0.644280 0.000000
vt 0.153247 0.655743 0.000000
vt 0.167837 0.666412 0.000000
vt 0.174833 0.676589 0.000000
vt 0.182958 0.671193 0.000000
vt 0.191102 0.669989 0.000000
vt 0.191888 0.660991 0.000000
vt 0.195300 0.650350 0.000000
vt 0.184620 0.639997 0.000000
vt 0.166777 0.630748 0.000000
vt 0.231465 0.685561 0.000000
vt 0.235810 0.683909 0.000000
vt 0.236047 0.678871 0.000000
vt 0.230840 0.682608 0.000000
vt 0.228735 0.688688 0.000000
vt 0.234521 0.689021 0.000000
vt 0.226883 0.685649 0.000000
vt 0.214564 0.666940 0.000000
vt 0.213939 0.666543 0.000000
vt 0.213135 0.669148 0.000000
vt 0.215406 0.668677 0.000000
vt 0.218114 0.665591 0.000000
vt 0.215598 0.664448 0.000000
vt 0.227070 0.683196 0.000000
vt 0.230363 0.679610 0.000000
vt 0.225257 0.681845 0.000000
vt 0.223586 0.686640 0.000000
vt 0.228903 0.676748 0.000000
vt 0.911553 0.722438 0.000000
vt 0.906310 0.717646 0.000000
vt 0.901665 0.720920 0.000000
vt 0.905270 0.724751 0.000000
vt 0.915316 0.718725 0.000000
vt 0.910189 0.715152 0.000000
vt 0.688921 0.344103 0.000000
vt 0.683721 0.344685 0.000000
vt 0.680504 0.351186 0.000000
vt 0.683071 0.351395 0.000000
vt 0.510079 0.454936 0.000000
vt 0.515743 0.450324 0.000000
vt 0.514488 0.445429 0.000000
vt 0.509532 0.447321 0.000000
vt 0.513435 0.460385 0.000000
vt 0.517518 0.456001 0.000000
vt 0.932745 0.697541 0.000000
vt 0.929714 0.699410 0.000000
vt 0.927920 0.701259 0.000000
vt 0.327335 0.482313 0.000000
vt 0.324834 0.462546 0.000000
vt 0.315321 0.458259 0.000000
vt 0.319725 0.495999 0.000000
vt 0.329220 0.518807 0.000000
vt 0.338803 0.506764 0.000000
vt 0.339236 0.479895 0.000000
vt 0.333692 0.464203 0.000000
vt 0.348251 0.498810 0.000000
vt 0.370401 0.601734 0.000000
vt 0.382687 0.584271 0.000000
vt 0.359120 0.560635 0.000000
vt 0.346006 0.572518 0.000000
vt 0.407218 0.618414 0.000000
vt 0.410731 0.595811 0.000000
vt 0.333066 0.602881 0.000000
vt 0.337866 0.618216 0.000000
vt 0.372797 0.626690 0.000000
vt 0.404656 0.643268 0.000000
vt 0.043092 0.690283 0.000000
vt 0.048451 0.687157 0.000000
vt 0.045537 0.682368 0.000000
vt 0.039947 0.687324 0.000000
vt 0.896502 0.599028 0.000000
vt 0.891919 0.599698 0.000000
vt 0.894317 0.605423 0.000000
vt 0.899215 0.603146 0.000000
vt 0.905256 0.599389 0.000000
vt 0.900962 0.595471 0.000000
vt 0.024542 0.683829 0.000000
vt 0.028214 0.678297 0.000000
vt 0.028239 0.687280 0.000000
vt 0.032714 0.681014 0.000000
vt 0.879386 0.611124 0.000000
vt 0.881651 0.616035 0.000000
vt 0.887104 0.614844 0.000000
vt 0.884401 0.609370 0.000000
vt 0.439753 0.081291 0.000000
vt 0.422456 0.067077 0.000000
vt 0.400762 0.073891 0.000000
vt 0.408364 0.083356 0.000000
vt 0.458246 0.070014 0.000000
vt 0.440314 0.058124 0.000000
vt 0.214995 0.415855 0.000000
vt 0.247893 0.397441 0.000000
vt 0.238038 0.384450 0.000000
vt 0.212878 0.392024 0.000000
vt 0.466865 0.089648 0.000000
vt 0.476881 0.079674 0.000000
vt 0.191227 0.397905 0.000000
vt 0.186131 0.424037 0.000000
vt 0.578435 0.021008 0.000000
vt 0.578058 0.043925 0.000000
vt 0.584812 0.048307 0.000000
vt 0.586449 0.023869 0.000000
vt 0.155000 0.332330 0.000000
vt 0.161794 0.354104 0.000000
vt 0.174585 0.355608 0.000000
vt 0.170764 0.339397 0.000000
vt 0.446700 0.454610 0.000000
vt 0.441425 0.465855 0.000000
vt 0.451173 0.478052 0.000000
vt 0.456189 0.468548 0.000000
vt 0.447177 0.435896 0.000000
vt 0.433024 0.434284 0.000000
vt 0.433493 0.448957 0.000000
vt 0.430558 0.457862 0.000000
vt 0.365085 0.461285 0.000000
vt 0.357957 0.469797 0.000000
vt 0.365444 0.479901 0.000000
vt 0.372793 0.470452 0.000000
vt 0.356013 0.452091 0.000000
vt 0.350856 0.458825 0.000000
vt 0.382507 0.459936 0.000000
vt 0.377342 0.452708 0.000000
vt 0.411362 0.447482 0.000000
vt 0.422776 0.446735 0.000000
vt 0.420636 0.434284 0.000000
vt 0.410539 0.442746 0.000000
vt 0.413142 0.454326 0.000000
vt 0.412288 0.451458 0.000000
vt 0.410096 0.452878 0.000000
vt 0.411876 0.455930 0.000000
vt 0.419228 0.457853 0.000000
vt 0.421275 0.453163 0.000000
vt 0.416617 0.460801 0.000000
vt 0.402127 0.453877 0.000000
vt 0.397488 0.458504 0.000000
vt 0.400669 0.461446 0.000000
vt 0.404049 0.455807 0.000000
vt 0.405768 0.452328 0.000000
vt 0.402949 0.449907 0.000000
vt 0.394499 0.454527 0.000000
vt 0.286244 0.567975 0.000000
vt 0.292882 0.540514 0.000000
vt 0.279702 0.533124 0.000000
vt 0.267883 0.556993 0.000000
vt 0.312392 0.561250 0.000000
vt 0.306539 0.538053 0.000000
vt 0.248395 0.585454 0.000000
vt 0.260218 0.594265 0.000000
vt 0.295081 0.592684 0.000000
vt 0.322093 0.582539 0.000000
vt 0.269523 0.605462 0.000000
vt 0.172138 0.611380 0.000000
vt 0.145926 0.611402 0.000000
vt 0.142807 0.625818 0.000000
vt 0.190325 0.626042 0.000000
vt 0.187154 0.598399 0.000000
vt 0.175288 0.580035 0.000000
vt 0.161615 0.588164 0.000000
vt 0.198684 0.613658 0.000000
vt 0.211691 0.628025 0.000000
vt 0.201575 0.639856 0.000000
vt 0.207618 0.652750 0.000000
vt 0.214083 0.649280 0.000000
vt 0.220310 0.649704 0.000000
vt 0.222590 0.632803 0.000000
vt 0.222021 0.603830 0.000000
vt 0.210534 0.593713 0.000000
vt 0.231640 0.611534 0.000000
vt 0.213170 0.664660 0.000000
vt 0.210430 0.667998 0.000000
vt 0.153038 0.175304 0.000000
vt 0.144929 0.147661 0.000000
vt 0.122317 0.149580 0.000000
vt 0.125873 0.168375 0.000000
vt 0.170301 0.164556 0.000000
vt 0.161599 0.143039 0.000000
vt 0.171986 0.199897 0.000000
vt 0.181299 0.185134 0.000000
vt 0.123787 0.187987 0.000000
vt 0.145138 0.200549 0.000000
vt 0.160333 0.217308 0.000000
vt 0.398411 0.168991 0.000000
vt 0.403510 0.169480 0.000000
vt 0.399624 0.162808 0.000000
vt 0.394774 0.164434 0.000000
vt 0.389310 0.166892 0.000000
vt 0.394969 0.173271 0.000000
vt 0.403545 0.179746 0.000000
vt 0.310609 0.165704 0.000000
vt 0.326216 0.179866 0.000000
vt 0.337088 0.170084 0.000000
vt 0.329557 0.160021 0.000000
vt 0.323924 0.150122 0.000000
vt 0.304450 0.147840 0.000000
vt 0.303833 0.180984 0.000000
vt 0.318385 0.192103 0.000000
vt 0.283325 0.142377 0.000000
vt 0.287086 0.157186 0.000000
vt 0.286884 0.171439 0.000000
vt 0.157953 0.038666 0.000000
vt 0.155914 0.051424 0.000000
vt 0.168117 0.064103 0.000000
vt 0.171677 0.054815 0.000000
vt 0.176138 0.048618 0.000000
vt 0.166277 0.035287 0.000000
vt 0.159096 0.023002 0.000000
vt 0.151631 0.023306 0.000000
vt 0.141458 0.019887 0.000000
vt 0.143068 0.029537 0.000000
vt 0.142290 0.039267 0.000000
vt 0.193856 0.053542 0.000000
vt 0.181312 0.042839 0.000000
vt 0.186464 0.059937 0.000000
vt 0.192883 0.067806 0.000000
vt 0.200074 0.063603 0.000000
vt 0.207666 0.060840 0.000000
vt 0.204910 0.053987 0.000000
vt 0.203024 0.046447 0.000000
vt 0.194359 0.043795 0.000000
vt 0.185001 0.036855 0.000000
vt 0.236384 0.205279 0.000000
vt 0.240740 0.199589 0.000000
vt 0.233168 0.194147 0.000000
vt 0.230240 0.202536 0.000000
vt 0.228695 0.213529 0.000000
vt 0.741527 0.705495 0.000000
vt 0.738490 0.704117 0.000000
vt 0.737350 0.711418 0.000000
vt 0.743333 0.713181 0.000000
vt 0.743484 0.701036 0.000000
vt 0.739591 0.699005 0.000000
vt 0.753882 0.710567 0.000000
vt 0.667935 0.802532 0.000000
vt 0.668444 0.814542 0.000000
vt 0.676585 0.816777 0.000000
vt 0.681354 0.810169 0.000000
vt 0.658784 0.803465 0.000000
vt 0.662070 0.814638 0.000000
vt 0.687358 0.800382 0.000000
vt 0.675271 0.793473 0.000000
vt 0.661844 0.778566 0.000000
vt 0.655386 0.783132 0.000000
vt 0.649104 0.786165 0.000000
vt 0.680597 0.520156 0.000000
vt 0.680597 0.525865 0.000000
vt 0.688733 0.524563 0.000000
vt 0.689541 0.519304 0.000000
vt 0.782312 0.547817 0.000000
vt 0.774105 0.549604 0.000000
vt 0.776668 0.558349 0.000000
vt 0.783969 0.557356 0.000000
vt 0.789780 0.555703 0.000000
vt 0.791518 0.554380 0.000000
vt 0.787662 0.546832 0.000000
vt 0.690474 0.513519 0.000000
vt 0.683366 0.512357 0.000000
vt 0.823310 0.484089 0.000000
vt 0.830751 0.478338 0.000000
vt 0.836857 0.491365 0.000000
vt 0.840360 0.484458 0.000000
vt 0.813273 0.482209 0.000000
vt 0.862204 0.737528 0.000000
vt 0.862000 0.727869 0.000000
vt 0.853270 0.726144 0.000000
vt 0.852089 0.735028 0.000000
vt 0.689415 0.437077 0.000000
vt 0.692521 0.447235 0.000000
vt 0.698509 0.435720 0.000000
vt 0.849345 0.742555 0.000000
vt 0.857441 0.745670 0.000000
vt 0.696421 0.425258 0.000000
vt 0.689415 0.425823 0.000000
vt 0.871960 0.735150 0.000000
vt 0.871572 0.727875 0.000000
vt 0.692845 0.637266 0.000000
vt 0.705723 0.651303 0.000000
vt 0.709647 0.643269 0.000000
vt 0.701636 0.628491 0.000000
vt 0.691541 0.653590 0.000000
vt 0.703427 0.660598 0.000000
vt 0.681609 0.634385 0.000000
vt 0.681379 0.648132 0.000000
vt 0.697493 0.612127 0.000000
vt 0.689076 0.615049 0.000000
vt 0.680456 0.616585 0.000000
vt 0.509211 0.975499 0.000000
vt 0.511992 0.976095 0.000000
vt 0.509312 0.968533 0.000000
vt 0.505411 0.971456 0.000000
vt 0.502080 0.975725 0.000000
vt 0.507678 0.979862 0.000000
vt 0.511546 0.981632 0.000000
vt 0.454376 0.776429 0.000000
vt 0.430111 0.769228 0.000000
vt 0.432332 0.801417 0.000000
vt 0.451300 0.809795 0.000000
vt 0.476005 0.800223 0.000000
vt 0.486638 0.782861 0.000000
vt 0.472807 0.764264 0.000000
vt 0.470446 0.822803 0.000000
vt 0.442075 0.738423 0.000000
vt 0.422977 0.737848 0.000000
vt 0.462355 0.737144 0.000000
vt 0.514129 0.576838 0.000000
vt 0.525486 0.608897 0.000000
vt 0.537188 0.604996 0.000000
vt 0.531304 0.579039 0.000000
vt 0.497412 0.556885 0.000000
vt 0.488147 0.578321 0.000000
vt 0.532260 0.549225 0.000000
vt 0.460730 0.634967 0.000000
vt 0.457996 0.668276 0.000000
vt 0.477847 0.666613 0.000000
vt 0.474908 0.595530 0.000000
vt 0.458085 0.604976 0.000000
vt 0.496375 0.664330 0.000000
vt 0.511735 0.070125 0.000000
vt 0.493226 0.065053 0.000000
vt 0.489800 0.068083 0.000000
vt 0.504442 0.074097 0.000000
vt 0.519609 0.071997 0.000000
vt 0.526430 0.066956 0.000000
vt 0.523814 0.066370 0.000000
vt 0.513510 0.077124 0.000000
vt 0.709457 0.362397 0.000000
vt 0.716862 0.362397 0.000000
vt 0.715223 0.358674 0.000000
vt 0.708887 0.358163 0.000000
vt 0.512674 0.069534 0.000000
vt 0.494684 0.063854 0.000000
vt 0.176968 0.923488 0.000000
vt 0.194907 0.930172 0.000000
vt 0.200017 0.913881 0.000000
vt 0.183835 0.906831 0.000000
vt 0.162537 0.905436 0.000000
vt 0.154381 0.911108 0.000000
vt 0.161940 0.927562 0.000000
vt 0.168543 0.896570 0.000000
vt 0.178460 0.944163 0.000000
vt 0.192238 0.946687 0.000000
vt 0.166092 0.943507 0.000000
vt 0.923152 0.587463 0.000000
vt 0.916976 0.591793 0.000000
vt 0.919055 0.599809 0.000000
vt 0.924015 0.598396 0.000000
vt 0.927262 0.597827 0.000000
vt 0.928492 0.588392 0.000000
vt 0.932015 0.578266 0.000000
vt 0.927416 0.575504 0.000000
vt 0.917193 0.580447 0.000000
vt 0.912123 0.585988 0.000000
vt 0.654710 0.433284 0.000000
vt 0.660195 0.430986 0.000000
vt 0.655794 0.424518 0.000000
vt 0.650439 0.425826 0.000000
vt 0.066021 0.988615 0.000000
vt 0.060567 0.982070 0.000000
vt 0.060468 0.989130 0.000000
vt 0.066920 0.981994 0.000000
vt 0.061478 0.980089 0.000000
vt 0.073651 0.989009 0.000000
vt 0.073403 0.982200 0.000000
vt 0.644909 0.426699 0.000000
vt 0.646433 0.433284 0.000000
vt 0.087663 0.940039 0.000000
vt 0.094185 0.954511 0.000000
vt 0.106903 0.955332 0.000000
vt 0.103127 0.942394 0.000000
vt 0.075486 0.949543 0.000000
vt 0.082888 0.958231 0.000000
vt 0.071327 0.927768 0.000000
vt 0.063925 0.940117 0.000000
vt 0.026498 0.955744 0.000000
vt 0.029396 0.964101 0.000000
vt 0.030984 0.934613 0.000000
vt 0.024202 0.939602 0.000000
vt 0.017878 0.942719 0.000000
vt 0.022909 0.659272 0.000000
vt 0.031280 0.659578 0.000000
vt 0.035462 0.651363 0.000000
vt 0.029117 0.648451 0.000000
vt 0.863841 0.626546 0.000000
vt 0.852866 0.622751 0.000000
vt 0.851337 0.627903 0.000000
vt 0.861590 0.632886 0.000000
vt 0.878061 0.633049 0.000000
vt 0.066164 0.646901 0.000000
vt 0.072213 0.656388 0.000000
vt 0.083980 0.653622 0.000000
vt 0.082105 0.645995 0.000000
vt 0.057065 0.654446 0.000000
vt 0.062619 0.661280 0.000000
vt 0.082345 0.635731 0.000000
vt 0.068427 0.634665 0.000000
vt 0.052278 0.640755 0.000000
vt 0.048170 0.648364 0.000000
vt 0.054994 0.630824 0.000000
vt 0.579460 0.118999 0.000000
vt 0.590001 0.104605 0.000000
vt 0.575639 0.095531 0.000000
vt 0.563941 0.106345 0.000000
vt 0.580422 0.133686 0.000000
vt 0.605688 0.135500 0.000000
vt 0.607406 0.125096 0.000000
vt 0.608760 0.113192 0.000000
vt 0.546892 0.116257 0.000000
vt 0.553703 0.125730 0.000000
vt 0.556792 0.134754 0.000000
vt 0.254236 0.474327 0.000000
vt 0.236303 0.477218 0.000000
vt 0.231809 0.490303 0.000000
vt 0.247853 0.492175 0.000000
vt 0.250861 0.460292 0.000000
vt 0.237410 0.466415 0.000000
vt 0.267941 0.457187 0.000000
vt 0.263385 0.448860 0.000000
vt 0.266100 0.480427 0.000000
vt 0.274680 0.464150 0.000000
vt 0.260225 0.497788 0.000000
vt 0.393968 0.892668 0.000000
vt 0.381900 0.868808 0.000000
vt 0.407874 0.908241 0.000000
vt 0.413531 0.893388 0.000000
vt 0.374306 0.874569 0.000000
vt 0.607487 0.380072 0.000000
vt 0.614384 0.387760 0.000000
vt 0.618952 0.385446 0.000000
vt 0.614003 0.379759 0.000000
vt 0.607812 0.378614 0.000000
vt 0.607444 0.374944 0.000000
vt 0.599636 0.372120 0.000000
vt 0.597520 0.376531 0.000000
vt 0.721818 0.362397 0.000000
vt 0.722931 0.356546 0.000000
vt 0.719184 0.357758 0.000000
vt 0.717863 0.361987 0.000000
vt 0.409818 0.466957 0.000000
vt 0.411476 0.464360 0.000000
vt 0.408706 0.459949 0.000000
vt 0.406976 0.464774 0.000000
vt 0.430497 0.701701 0.000000
vt 0.457594 0.705249 0.000000
vt 0.409167 0.712117 0.000000
vt 0.399650 0.670428 0.000000
vt 0.388556 0.689097 0.000000
vt 0.433607 0.662257 0.000000
vt 0.435773 0.632425 0.000000
vt 0.435961 0.604645 0.000000
vt 0.450149 0.576242 0.000000
vt 0.433192 0.578945 0.000000
vt 0.412686 0.574957 0.000000
vt 0.428828 0.554326 0.000000
vt 0.413134 0.553715 0.000000
vt 0.393930 0.547158 0.000000
vt 0.389838 0.567161 0.000000
vt 0.374921 0.533990 0.000000
vt 0.368316 0.548243 0.000000
vt 0.360024 0.516824 0.000000
vt 0.351666 0.528161 0.000000
vt 0.342325 0.539502 0.000000
vt 0.330137 0.550308 0.000000
vt 0.319150 0.529578 0.000000
vt 0.311556 0.504945 0.000000
vt 0.302863 0.510711 0.000000
vt 0.294174 0.512828 0.000000
vt 0.300093 0.491296 0.000000
vt 0.292401 0.493232 0.000000
vt 0.284212 0.490607 0.000000
vt 0.284012 0.510431 0.000000
vt 0.272749 0.503473 0.000000
vt 0.266882 0.525568 0.000000
vt 0.276209 0.485185 0.000000
vt 0.281363 0.470948 0.000000
vt 0.286946 0.462360 0.000000
vt 0.282440 0.454838 0.000000
vt 0.292510 0.457055 0.000000
vt 0.289236 0.449808 0.000000
vt 0.298253 0.452117 0.000000
vt 0.295483 0.446062 0.000000
vt 0.293362 0.439949 0.000000
vt 0.661976 0.134594 0.000000
vt 0.661976 0.126454 0.000000
vt 0.652516 0.123436 0.000000
vt 0.651805 0.131195 0.000000
vt 0.651351 0.137658 0.000000
vt 0.661976 0.141598 0.000000
vt 0.292273 0.434284 0.000000
vt 0.841710 0.785730 0.000000
vt 0.837354 0.799435 0.000000
vt 0.841524 0.803954 0.000000
vt 0.846156 0.789013 0.000000
vt 0.850102 0.775100 0.000000
vt 0.844548 0.771958 0.000000
vt 0.848119 0.808689 0.000000
vt 0.852518 0.792543 0.000000
vt 0.855901 0.778345 0.000000
vt 0.013630 0.594069 0.000000
vt 0.018482 0.598969 0.000000
vt 0.023346 0.603275 0.000000
vt 0.023740 0.611962 0.000000
vt 0.027909 0.607952 0.000000
vt 0.033615 0.603721 0.000000
vt 0.030726 0.613662 0.000000
vt 0.036986 0.610981 0.000000
vt 0.032215 0.620362 0.000000
vt 0.038237 0.618905 0.000000
vt 0.046297 0.618669 0.000000
vt 0.037783 0.626593 0.000000
vt 0.044737 0.627931 0.000000
vt 0.057416 0.619978 0.000000
vt 0.070950 0.622776 0.000000
vt 0.083505 0.625023 0.000000
vt 0.086149 0.612290 0.000000
vt 0.095206 0.626001 0.000000
vt 0.097708 0.614830 0.000000
vt 0.102464 0.601570 0.000000
vt 0.090779 0.599868 0.000000
vt 0.108750 0.588038 0.000000
vt 0.097616 0.585838 0.000000
vt 0.114618 0.574508 0.000000
vt 0.104987 0.571872 0.000000
vt 0.119761 0.562268 0.000000
vt 0.112055 0.559239 0.000000
vt 0.124397 0.576139 0.000000
vt 0.127517 0.563520 0.000000
vt 0.134145 0.576582 0.000000
vt 0.135103 0.563220 0.000000
vt 0.135758 0.553509 0.000000
vt 0.142552 0.561914 0.000000
vt 0.141619 0.552117 0.000000
vt 0.141006 0.543616 0.000000
vt 0.135785 0.545120 0.000000
vt 0.140398 0.536131 0.000000
vt 0.134983 0.537995 0.000000
vt 0.139542 0.529087 0.000000
vt 0.133810 0.531762 0.000000
vt 0.127798 0.534818 0.000000
vt 0.121203 0.539091 0.000000
vt 0.132169 0.525004 0.000000
vt 0.125763 0.528339 0.000000
vt 0.118583 0.532495 0.000000
vt 0.123769 0.520784 0.000000
vt 0.116506 0.524513 0.000000
vt 0.122116 0.512789 0.000000
vt 0.114508 0.516045 0.000000
vt 0.112444 0.507446 0.000000
vt 0.110144 0.497305 0.000000
vt 0.099363 0.503637 0.000000
vt 0.199636 0.441743 0.000000
vt 0.190237 0.437191 0.000000
vt 0.185588 0.448884 0.000000
vt 0.193706 0.453314 0.000000
vt 0.202359 0.458851 0.000000
vt 0.208090 0.448600 0.000000
vt 0.090078 0.514279 0.000000
vt 0.211588 0.466077 0.000000
vt 0.216494 0.457119 0.000000
vt 0.082227 0.527357 0.000000
vt 0.222650 0.474008 0.000000
vt 0.226310 0.465159 0.000000
vt 0.075277 0.541532 0.000000
vt 0.066953 0.552715 0.000000
vt 0.207037 0.475296 0.000000
vt 0.217883 0.484394 0.000000
vt 0.197353 0.468988 0.000000
vt 0.188337 0.463772 0.000000
vt 0.180575 0.459734 0.000000
vt 0.173099 0.455752 0.000000
vt 0.167847 0.467025 0.000000
vt 0.156847 0.476376 0.000000
vt 0.164435 0.486161 0.000000
vt 0.166425 0.471255 0.000000
vt 0.166716 0.466136 0.000000
vt 0.166323 0.451346 0.000000
vt 0.160895 0.460248 0.000000
vt 0.158436 0.503996 0.000000
vt 0.166801 0.499474 0.000000
vt 0.159346 0.514126 0.000000
vt 0.168175 0.511118 0.000000
vt 0.158707 0.523685 0.000000
vt 0.167530 0.522757 0.000000
vt 0.151276 0.525084 0.000000
vt 0.151656 0.516509 0.000000
vt 0.144740 0.519031 0.000000
vt 0.145177 0.526746 0.000000
vt 0.150918 0.507739 0.000000
vt 0.143766 0.511080 0.000000
vt 0.137112 0.514288 0.000000
vt 0.138375 0.521838 0.000000
vt 0.135831 0.506136 0.000000
vt 0.129059 0.509559 0.000000
vt 0.130565 0.517423 0.000000
vt 0.145558 0.534246 0.000000
vt 0.146151 0.541660 0.000000
vt 0.147673 0.549886 0.000000
vt 0.150087 0.559063 0.000000
vt 0.158403 0.554673 0.000000
vt 0.154430 0.572031 0.000000
vt 0.165747 0.565256 0.000000
vt 0.177304 0.555596 0.000000
vt 0.167098 0.546717 0.000000
vt 0.188550 0.566829 0.000000
vt 0.199931 0.580745 0.000000
vt 0.214275 0.558252 0.000000
vt 0.225605 0.568525 0.000000
vt 0.240913 0.540491 0.000000
vt 0.228074 0.533318 0.000000
vt 0.252860 0.516558 0.000000
vt 0.239719 0.511026 0.000000
vt 0.254135 0.550001 0.000000
vt 0.236919 0.577495 0.000000
vt 0.143928 0.575365 0.000000
vt 0.145049 0.591991 0.000000
vt 0.132156 0.591982 0.000000
vt 0.128421 0.608050 0.000000
vt 0.114439 0.604219 0.000000
vt 0.109528 0.617246 0.000000
vt 0.123387 0.621084 0.000000
vt 0.120047 0.590337 0.000000
vt 0.106464 0.628229 0.000000
vt 0.119773 0.632056 0.000000
vt 0.138259 0.637687 0.000000
vt 0.117805 0.641802 0.000000
vt 0.133971 0.648430 0.000000
vt 0.115818 0.651113 0.000000
vt 0.130220 0.657780 0.000000
vt 0.146717 0.666367 0.000000
vt 0.126627 0.665730 0.000000
vt 0.140704 0.675511 0.000000
vt 0.151941 0.686021 0.000000
vt 0.159217 0.676388 0.000000
vt 0.161339 0.693812 0.000000
vt 0.167639 0.684937 0.000000
vt 0.256483 0.731156 0.000000
vt 0.261552 0.739458 0.000000
vt 0.271676 0.731798 0.000000
vt 0.264718 0.723372 0.000000
vt 0.256840 0.716125 0.000000
vt 0.250096 0.724442 0.000000
vt 0.273483 0.714410 0.000000
vt 0.263965 0.707696 0.000000
vt 0.253794 0.703347 0.000000
vt 0.248679 0.711356 0.000000
vt 0.243682 0.719036 0.000000
vt 0.245173 0.700899 0.000000
vt 0.241640 0.707644 0.000000
vt 0.238253 0.714593 0.000000
vt 0.238046 0.699343 0.000000
vt 0.235629 0.705386 0.000000
vt 0.233267 0.711262 0.000000
vt 0.197319 0.672283 0.000000
vt 0.199371 0.665859 0.000000
vt 0.229716 0.703443 0.000000
vt 0.228085 0.708397 0.000000
vt 0.202488 0.676041 0.000000
vt 0.204527 0.670563 0.000000
vt 0.207160 0.665093 0.000000
vt 0.202291 0.659061 0.000000
vt 0.208178 0.678063 0.000000
vt 0.209055 0.672967 0.000000
vt 0.213753 0.678162 0.000000
vt 0.213336 0.673144 0.000000
vt 0.218589 0.674654 0.000000
vt 0.217052 0.671491 0.000000
vt 0.222599 0.669779 0.000000
vt 0.220517 0.667534 0.000000
vt 0.226416 0.663465 0.000000
vt 0.223284 0.661367 0.000000
vt 0.219640 0.659730 0.000000
vt 0.226095 0.651578 0.000000
vt 0.215494 0.659266 0.000000
vt 0.210927 0.660855 0.000000
vt 0.230719 0.654328 0.000000
vt 0.237487 0.640836 0.000000
vt 0.230502 0.636964 0.000000
vt 0.249406 0.625576 0.000000
vt 0.241281 0.617796 0.000000
vt 0.255653 0.633268 0.000000
vt 0.276090 0.617263 0.000000
vt 0.242965 0.645768 0.000000
vt 0.246795 0.651843 0.000000
vt 0.260318 0.641348 0.000000
vt 0.234434 0.657346 0.000000
vt 0.237515 0.660649 0.000000
vt 0.239748 0.664760 0.000000
vt 0.249522 0.657863 0.000000
vt 0.228842 0.666083 0.000000
vt 0.231292 0.668441 0.000000
vt 0.233168 0.671396 0.000000
vt 0.235129 0.674600 0.000000
vt 0.241634 0.669316 0.000000
vt 0.227031 0.674450 0.000000
vt 0.224857 0.672286 0.000000
vt 0.220728 0.677460 0.000000
vt 0.223139 0.679889 0.000000
vt 0.216221 0.682334 0.000000
vt 0.219733 0.685913 0.000000
vt 0.220971 0.695284 0.000000
vt 0.218054 0.699800 0.000000
vt 0.224012 0.701394 0.000000
vt 0.225464 0.697309 0.000000
vt 0.226762 0.693296 0.000000
vt 0.222840 0.691359 0.000000
vt 0.226935 0.693331 0.000000
vt 0.231541 0.698532 0.000000
vt 0.233050 0.693895 0.000000
vt 0.226913 0.692149 0.000000
vt 0.225928 0.691581 0.000000
vt 0.239986 0.693313 0.000000
vt 0.241690 0.687321 0.000000
vt 0.248267 0.693678 0.000000
vt 0.250600 0.686145 0.000000
vt 0.251903 0.678611 0.000000
vt 0.242677 0.681044 0.000000
vt 0.252246 0.671390 0.000000
vt 0.242721 0.674821 0.000000
vt 0.251529 0.664474 0.000000
vt 0.265237 0.666601 0.000000
vt 0.264775 0.657901 0.000000
vt 0.263242 0.649437 0.000000
vt 0.284930 0.651821 0.000000
vt 0.283648 0.641659 0.000000
vt 0.280686 0.630074 0.000000
vt 0.309872 0.637017 0.000000
vt 0.306804 0.623198 0.000000
vt 0.302135 0.608755 0.000000
vt 0.339387 0.636751 0.000000
vt 0.337455 0.654774 0.000000
vt 0.364441 0.669760 0.000000
vt 0.371141 0.648876 0.000000
vt 0.310268 0.650901 0.000000
vt 0.307721 0.664114 0.000000
vt 0.330410 0.672189 0.000000
vt 0.284607 0.662495 0.000000
vt 0.282326 0.674374 0.000000
vt 0.301431 0.678687 0.000000
vt 0.264547 0.675561 0.000000
vt 0.262360 0.684946 0.000000
vt 0.277741 0.686270 0.000000
vt 0.271220 0.697540 0.000000
vt 0.282809 0.705468 0.000000
vt 0.292770 0.693553 0.000000
vt 0.258625 0.694616 0.000000
vt 0.293167 0.716392 0.000000
vt 0.307316 0.703037 0.000000
vt 0.319809 0.688266 0.000000
vt 0.319669 0.715929 0.000000
vt 0.337967 0.701527 0.000000
vt 0.353081 0.686607 0.000000
vt 0.354510 0.717254 0.000000
vt 0.373655 0.705043 0.000000
vt 0.367164 0.733237 0.000000
vt 0.389797 0.724217 0.000000
vt 0.378245 0.748875 0.000000
vt 0.401426 0.743220 0.000000
vt 0.389414 0.769906 0.000000
vt 0.409892 0.767227 0.000000
vt 0.398165 0.794829 0.000000
vt 0.415424 0.797428 0.000000
vt 0.400524 0.819990 0.000000
vt 0.384156 0.815898 0.000000
vt 0.379495 0.795334 0.000000
vt 0.360592 0.800481 0.000000
vt 0.366121 0.817761 0.000000
vt 0.368014 0.773973 0.000000
vt 0.348597 0.784281 0.000000
vt 0.332792 0.802700 0.000000
vt 0.342849 0.812908 0.000000
vt 0.319524 0.796319 0.000000
vt 0.310495 0.819921 0.000000
vt 0.319787 0.824136 0.000000
vt 0.306768 0.792505 0.000000
vt 0.300355 0.817370 0.000000
vt 0.295506 0.841752 0.000000
vt 0.303336 0.843333 0.000000
vt 0.293039 0.792112 0.000000
vt 0.289777 0.815387 0.000000
vt 0.287297 0.840474 0.000000
vt 0.285855 0.867112 0.000000
vt 0.292988 0.866594 0.000000
vt 0.278256 0.813476 0.000000
vt 0.278327 0.840007 0.000000
vt 0.277991 0.868278 0.000000
vt 0.280757 0.889741 0.000000
vt 0.287602 0.886572 0.000000
vt 0.266808 0.841771 0.000000
vt 0.253645 0.845219 0.000000
vt 0.240018 0.848292 0.000000
vt 0.223931 0.831301 0.000000
vt 0.224884 0.854971 0.000000
vt 0.224877 0.879466 0.000000
vt 0.221340 0.903331 0.000000
vt 0.208867 0.858332 0.000000
vt 0.207519 0.878636 0.000000
vt 0.204744 0.897590 0.000000
vt 0.217435 0.918374 0.000000
vt 0.191119 0.876941 0.000000
vt 0.188387 0.892302 0.000000
vt 0.175838 0.874472 0.000000
vt 0.173518 0.886227 0.000000
vt 0.164699 0.872703 0.000000
vt 0.163080 0.881648 0.000000
vt 0.159513 0.889433 0.000000
vt 0.154306 0.895400 0.000000
vt 0.149685 0.889962 0.000000
vt 0.144849 0.893838 0.000000
vt 0.148595 0.900293 0.000000
vt 0.145764 0.885515 0.000000
vt 0.141770 0.889200 0.000000
vt 0.142692 0.881940 0.000000
vt 0.138723 0.885294 0.000000
vt 0.139505 0.878426 0.000000
vt 0.135655 0.881859 0.000000
vt 0.131804 0.885486 0.000000
vt 0.127826 0.889884 0.000000
vt 0.132164 0.878406 0.000000
vt 0.128391 0.882022 0.000000
vt 0.124355 0.886099 0.000000
vt 0.119873 0.890825 0.000000
vt 0.123574 0.895575 0.000000
vt 0.124721 0.878159 0.000000
vt 0.120894 0.881721 0.000000
vt 0.121110 0.874329 0.000000
vt 0.117473 0.877499 0.000000
vt 0.128393 0.874738 0.000000
vt 0.124447 0.870986 0.000000
vt 0.131977 0.871207 0.000000
vt 0.127698 0.867473 0.000000
vt 0.123043 0.863792 0.000000
vt 0.131089 0.863791 0.000000
vt 0.126455 0.859838 0.000000
vt 0.120136 0.854750 0.000000
vt 0.117114 0.860799 0.000000
vt 0.109871 0.850583 0.000000
vt 0.109374 0.860061 0.000000
vt 0.097987 0.856623 0.000000
vt 0.101029 0.864170 0.000000
vt 0.103714 0.869435 0.000000
vt 0.093137 0.870968 0.000000
vt 0.097668 0.875925 0.000000
vt 0.102043 0.879547 0.000000
vt 0.107056 0.873848 0.000000
vt 0.091110 0.885165 0.000000
vt 0.085332 0.880158 0.000000
vt 0.077477 0.892209 0.000000
vt 0.084814 0.897749 0.000000
vt 0.069087 0.905106 0.000000
vt 0.078208 0.912025 0.000000
vt 0.059437 0.918954 0.000000
vt 0.050278 0.911367 0.000000
vt 0.039365 0.925331 0.000000
vt 0.051145 0.932941 0.000000
vt 0.062220 0.898202 0.000000
vt 0.056846 0.890310 0.000000
vt 0.045163 0.901964 0.000000
vt 0.071421 0.886077 0.000000
vt 0.065511 0.879151 0.000000
vt 0.179601 0.820368 0.000000
vt 0.192678 0.814975 0.000000
vt 0.079509 0.874201 0.000000
vt 0.073131 0.867413 0.000000
vt 0.166172 0.820935 0.000000
vt 0.087804 0.864246 0.000000
vt 0.083133 0.856437 0.000000
vt 0.095065 0.847424 0.000000
vt 0.206750 0.804221 0.000000
vt 0.207616 0.819442 0.000000
vt 0.223309 0.808431 0.000000
vt 0.218644 0.791654 0.000000
vt 0.031082 0.911606 0.000000
vt 0.019905 0.919016 0.000000
vt 0.208974 0.838840 0.000000
vt 0.104991 0.840585 0.000000
vt 0.116864 0.842527 0.000000
vt 0.135587 0.867502 0.000000
vt 0.139767 0.863125 0.000000
vt 0.140048 0.871249 0.000000
vt 0.144696 0.867165 0.000000
vt 0.150707 0.862100 0.000000
vt 0.144872 0.857964 0.000000
vt 0.148516 0.870960 0.000000
vt 0.154560 0.867429 0.000000
vt 0.143609 0.874820 0.000000
vt 0.136027 0.874845 0.000000
vt 0.126749 0.906356 0.000000
vt 0.126883 0.916952 0.000000
vt 0.136601 0.916542 0.000000
vt 0.134660 0.906006 0.000000
vt 0.145677 0.914803 0.000000
vt 0.142049 0.903921 0.000000
vt 0.139563 0.930295 0.000000
vt 0.150469 0.929115 0.000000
vt 0.154387 0.943742 0.000000
vt 0.157264 0.956239 0.000000
vt 0.167703 0.956046 0.000000
vt 0.159393 0.966556 0.000000
vt 0.167752 0.967641 0.000000
vt 0.178247 0.969922 0.000000
vt 0.178462 0.958691 0.000000
vt 0.191496 0.973325 0.000000
vt 0.191013 0.962383 0.000000
vt 0.207004 0.977151 0.000000
vt 0.206853 0.966362 0.000000
vt 0.209178 0.950682 0.000000
vt 0.222708 0.969630 0.000000
vt 0.226137 0.954646 0.000000
vt 0.230171 0.936841 0.000000
vt 0.212908 0.934026 0.000000
vt 0.240592 0.955224 0.000000
vt 0.244882 0.939492 0.000000
vt 0.236081 0.969310 0.000000
vt 0.221143 0.980228 0.000000
vt 0.231974 0.981065 0.000000
vt 0.192810 0.982367 0.000000
vt 0.178278 0.979163 0.000000
vt 0.178883 0.987919 0.000000
vt 0.194536 0.991634 0.000000
vt 0.482972 0.308647 0.000000
vt 0.473770 0.303298 0.000000
vt 0.463042 0.297983 0.000000
vt 0.447270 0.310466 0.000000
vt 0.443542 0.316859 0.000000
vt 0.715168 0.260259 0.000000
vt 0.716061 0.257145 0.000000
vt 0.707158 0.254948 0.000000
vt 0.707106 0.259611 0.000000
vt 0.697163 0.254098 0.000000
vt 0.696988 0.259480 0.000000
vt 0.697574 0.264324 0.000000
vt 0.685390 0.258807 0.000000
vt 0.686809 0.266157 0.000000
vt 0.690565 0.271644 0.000000
vt 0.698905 0.268640 0.000000
vt 0.694209 0.276258 0.000000
vt 0.700562 0.273370 0.000000
vt 0.697634 0.279826 0.000000
vt 0.702251 0.277056 0.000000
vt 0.708154 0.276720 0.000000
vt 0.712645 0.232626 0.000000
vt 0.707004 0.230549 0.000000
vt 0.705768 0.232901 0.000000
vt 0.712243 0.235326 0.000000
vt 0.718055 0.236108 0.000000
vt 0.718055 0.232803 0.000000
vt 0.714521 0.277949 0.000000
vt 0.234073 0.999833 0.000000
vt 0.237739 0.999833 0.000000
vt 0.710978 0.239115 0.000000
vt 0.718055 0.239549 0.000000
vt 0.434597 0.332900 0.000000
vt 0.431534 0.329654 0.000000
vt 0.709350 0.243390 0.000000
vt 0.718055 0.244347 0.000000
vt 0.703436 0.236641 0.000000
vt 0.701241 0.240202 0.000000
vt 0.699158 0.244821 0.000000
vt 0.708565 0.246564 0.000000
vt 0.718055 0.249011 0.000000
vt 0.697672 0.250080 0.000000
vt 0.707896 0.251642 0.000000
vt 0.717078 0.253968 0.000000
vt 0.685719 0.247514 0.000000
vt 0.684639 0.252270 0.000000
vt 0.674288 0.244430 0.000000
vt 0.673929 0.252317 0.000000
vt 0.675652 0.259487 0.000000
vt 0.665297 0.251462 0.000000
vt 0.667600 0.260558 0.000000
vt 0.656914 0.251151 0.000000
vt 0.658752 0.260748 0.000000
vt 0.647521 0.251469 0.000000
vt 0.649602 0.261282 0.000000
vt 0.653437 0.271644 0.000000
vt 0.638537 0.261993 0.000000
vt 0.641894 0.272357 0.000000
vt 0.647249 0.282960 0.000000
vt 0.658988 0.281956 0.000000
vt 0.653545 0.292814 0.000000
vt 0.664693 0.290845 0.000000
vt 0.659814 0.301491 0.000000
vt 0.669973 0.298306 0.000000
vt 0.678827 0.296447 0.000000
vt 0.674514 0.304641 0.000000
vt 0.682220 0.301778 0.000000
vt 0.688787 0.300542 0.000000
vt 0.686681 0.296012 0.000000
vt 0.694618 0.300311 0.000000
vt 0.693297 0.296495 0.000000
vt 0.699727 0.300714 0.000000
vt 0.695782 0.303657 0.000000
vt 0.700101 0.303445 0.000000
vt 0.703525 0.304055 0.000000
vt 0.704019 0.301990 0.000000
vt 0.705253 0.305087 0.000000
vt 0.706716 0.303716 0.000000
vt 0.706859 0.307491 0.000000
vt 0.709083 0.306589 0.000000
vt 0.706748 0.310578 0.000000
vt 0.709985 0.310018 0.000000
vt 0.713678 0.309260 0.000000
vt 0.709740 0.314198 0.000000
vt 0.713659 0.313566 0.000000
vt 0.718055 0.312996 0.000000
vt 0.718055 0.308385 0.000000
vt 0.674928 0.214436 0.000000
vt 0.668827 0.215345 0.000000
vt 0.669808 0.220213 0.000000
vt 0.676431 0.219355 0.000000
vt 0.661517 0.215635 0.000000
vt 0.661697 0.220043 0.000000
vt 0.661348 0.224805 0.000000
vt 0.652556 0.218930 0.000000
vt 0.651604 0.223318 0.000000
vt 0.650297 0.228545 0.000000
vt 0.660225 0.229659 0.000000
vt 0.648830 0.235023 0.000000
vt 0.658654 0.235817 0.000000
vt 0.647602 0.242585 0.000000
vt 0.657464 0.242782 0.000000
vt 0.665971 0.243474 0.000000
vt 0.638591 0.234285 0.000000
vt 0.637331 0.242488 0.000000
vt 0.636954 0.251976 0.000000
vt 0.625564 0.241922 0.000000
vt 0.624598 0.251897 0.000000
vt 0.625606 0.262928 0.000000
vt 0.628946 0.273976 0.000000
vt 0.622885 0.289117 0.000000
vt 0.635061 0.285397 0.000000
vt 0.631533 0.300743 0.000000
vt 0.642182 0.296012 0.000000
vt 0.639062 0.310851 0.000000
vt 0.649510 0.305797 0.000000
vt 0.622491 0.306818 0.000000
vt 0.629452 0.317136 0.000000
vt 0.639377 0.326677 0.000000
vt 0.634876 0.332082 0.000000
vt 0.644132 0.340004 0.000000
vt 0.648247 0.335983 0.000000
vt 0.651033 0.347553 0.000000
vt 0.655352 0.344852 0.000000
vt 0.630929 0.337175 0.000000
vt 0.639908 0.344110 0.000000
vt 0.646433 0.350524 0.000000
vt 0.635449 0.348467 0.000000
vt 0.641514 0.353827 0.000000
vt 0.646166 0.359051 0.000000
vt 0.651743 0.356521 0.000000
vt 0.656963 0.354092 0.000000
vt 0.649247 0.364188 0.000000
vt 0.655534 0.362748 0.000000
vt 0.661757 0.361810 0.000000
vt 0.650974 0.369888 0.000000
vt 0.657531 0.369329 0.000000
vt 0.663620 0.368932 0.000000
vt 0.657736 0.376083 0.000000
vt 0.662778 0.376754 0.000000
vt 0.936491 0.612248 0.000000
vt 0.932026 0.605861 0.000000
vt 0.767597 0.363398 0.000000
vt 0.656867 0.383328 0.000000
vt 0.661359 0.384493 0.000000
vt 0.930713 0.598005 0.000000
vt 0.656239 0.391535 0.000000
vt 0.660989 0.392496 0.000000
vt 0.932415 0.589618 0.000000
vt 0.656563 0.400113 0.000000
vt 0.662205 0.401206 0.000000
vt 0.936491 0.580778 0.000000
vt 0.657415 0.408387 0.000000
vt 0.663250 0.408849 0.000000
vt 0.024946 0.999833 0.000000
vt 0.031355 0.993753 0.000000
vt 0.659036 0.416419 0.000000
vt 0.665408 0.415572 0.000000
vt 0.038417 0.990264 0.000000
vt 0.661325 0.422946 0.000000
vt 0.667458 0.421570 0.000000
vt 0.044959 0.987725 0.000000
vt 0.043123 0.981924 0.000000
vt 0.042654 0.976343 0.000000
vt 0.051209 0.985715 0.000000
vt 0.049393 0.980793 0.000000
vt 0.049494 0.977515 0.000000
vt 0.050581 0.974388 0.000000
vt 0.043907 0.970783 0.000000
vt 0.055399 0.977410 0.000000
vt 0.056374 0.975973 0.000000
vt 0.058296 0.979013 0.000000
vt 0.058969 0.978160 0.000000
vt 0.061945 0.977888 0.000000
vt 0.059386 0.977221 0.000000
vt 0.057646 0.974711 0.000000
vt 0.059583 0.974006 0.000000
vt 0.059650 0.976407 0.000000
vt 0.061810 0.976085 0.000000
vt 0.066376 0.977882 0.000000
vt 0.065434 0.974628 0.000000
vt 0.072576 0.976783 0.000000
vt 0.070985 0.972008 0.000000
vt 0.068367 0.967495 0.000000
vt 0.063752 0.971914 0.000000
vt 0.061690 0.974243 0.000000
vt 0.077768 0.968847 0.000000
vt 0.074181 0.962806 0.000000
vt 0.086680 0.965932 0.000000
vt 0.079659 0.974759 0.000000
vt 0.088287 0.972973 0.000000
vt 0.098462 0.971954 0.000000
vt 0.097415 0.964076 0.000000
vt 0.109014 0.964829 0.000000
vt 0.088603 0.979977 0.000000
vt 0.098105 0.979790 0.000000
vt 0.087733 0.987315 0.000000
vt 0.096288 0.988035 0.000000
vt 0.554676 0.327721 0.000000
vt 0.552262 0.334554 0.000000
vt 0.559716 0.339558 0.000000
vt 0.563539 0.332968 0.000000
vt 0.567724 0.345502 0.000000
vt 0.572692 0.339765 0.000000
vt 0.575454 0.352092 0.000000
vt 0.580556 0.347127 0.000000
vt 0.587143 0.342322 0.000000
vt 0.587077 0.353959 0.000000
vt 0.593038 0.350273 0.000000
vt 0.599980 0.347189 0.000000
vt 0.597579 0.356881 0.000000
vt 0.603328 0.354612 0.000000
vt 0.609406 0.353260 0.000000
vt 0.607893 0.345774 0.000000
vt 0.615566 0.353253 0.000000
vt 0.616128 0.346501 0.000000
vt 0.621680 0.354762 0.000000
vt 0.624174 0.349240 0.000000
vt 0.627292 0.342891 0.000000
vt 0.630922 0.352940 0.000000
vt 0.626827 0.357478 0.000000
vt 0.631003 0.360666 0.000000
vt 0.636110 0.357359 0.000000
vt 0.634116 0.364212 0.000000
vt 0.639886 0.361771 0.000000
vt 0.636292 0.367994 0.000000
vt 0.642457 0.366179 0.000000
vt 0.637583 0.372012 0.000000
vt 0.644088 0.370991 0.000000
vt 0.638021 0.376335 0.000000
vt 0.644802 0.376168 0.000000
vt 0.651350 0.376030 0.000000
vt 0.644717 0.381934 0.000000
vt 0.651204 0.382543 0.000000
vt 0.637555 0.380867 0.000000
vt 0.632056 0.375848 0.000000
vt 0.631200 0.379137 0.000000
vt 0.629973 0.382889 0.000000
vt 0.626379 0.377107 0.000000
vt 0.624819 0.379983 0.000000
vt 0.622268 0.382749 0.000000
vt 0.627654 0.386731 0.000000
vt 0.624423 0.390271 0.000000
vt 0.620142 0.393647 0.000000
vt 0.625785 0.399191 0.000000
vt 0.583851 0.367529 0.000000
vt 0.589629 0.372968 0.000000
vt 0.593363 0.368536 0.000000
vt 0.587644 0.363771 0.000000
vt 0.581977 0.358056 0.000000
vt 0.577873 0.362612 0.000000
vt 0.630591 0.404973 0.000000
vt 0.571337 0.357004 0.000000
vt 0.634477 0.411898 0.000000
vt 0.563649 0.350888 0.000000
vt 0.637246 0.419887 0.000000
vt 0.643046 0.418847 0.000000
vt 0.648223 0.417976 0.000000
vt 0.638803 0.427342 0.000000
vt 0.556372 0.345388 0.000000
vt 0.549477 0.340700 0.000000
vt 0.639573 0.433284 0.000000
vt 0.080156 0.988001 0.000000
vt 0.080385 0.981005 0.000000
vt 0.653312 0.417265 0.000000
vt 0.592315 0.359910 0.000000
vt 0.597248 0.364892 0.000000
vt 0.601502 0.362090 0.000000
vt 0.602335 0.368955 0.000000
vt 0.605521 0.366193 0.000000
vt 0.608844 0.364301 0.000000
vt 0.606081 0.360010 0.000000
vt 0.612292 0.363087 0.000000
vt 0.610763 0.358754 0.000000
vt 0.615681 0.362735 0.000000
vt 0.615535 0.358623 0.000000
vt 0.619123 0.363328 0.000000
vt 0.620138 0.359617 0.000000
vt 0.621921 0.364568 0.000000
vt 0.624021 0.361395 0.000000
vt 0.624160 0.366218 0.000000
vt 0.627105 0.363716 0.000000
vt 0.629550 0.366411 0.000000
vt 0.631306 0.369437 0.000000
vt 0.632150 0.372639 0.000000
vt 0.627412 0.374563 0.000000
vt 0.623891 0.373328 0.000000
vt 0.623023 0.375300 0.000000
vt 0.621648 0.372242 0.000000
vt 0.620625 0.373640 0.000000
vt 0.618971 0.374998 0.000000
vt 0.621225 0.377248 0.000000
vt 0.616412 0.376027 0.000000
vt 0.618405 0.378980 0.000000
vt 0.612175 0.376275 0.000000
vt 0.618803 0.372164 0.000000
vt 0.619935 0.371084 0.000000
vt 0.617259 0.370563 0.000000
vt 0.615806 0.368883 0.000000
vt 0.614114 0.366502 0.000000
vt 0.611681 0.367634 0.000000
vt 0.609553 0.369457 0.000000
vt 0.607949 0.372056 0.000000
vt 0.620897 0.369735 0.000000
vt 0.622105 0.368307 0.000000
vt 0.669979 0.427139 0.000000
vt 0.665033 0.428953 0.000000
vt 0.055465 0.988398 0.000000
vt 0.612926 0.294707 0.000000
vt 0.612071 0.239875 0.000000
vt 0.598147 0.235868 0.000000
vt 0.627129 0.233600 0.000000
vt 0.614406 0.231165 0.000000
vt 0.601500 0.226564 0.000000
vt 0.588982 0.220264 0.000000
vt 0.584820 0.231011 0.000000
vt 0.616552 0.224426 0.000000
vt 0.604904 0.219647 0.000000
vt 0.593752 0.213216 0.000000
vt 0.608170 0.214451 0.000000
vt 0.598290 0.208377 0.000000
vt 0.589678 0.201025 0.000000
vt 0.582260 0.193500 0.000000
vt 0.602802 0.204531 0.000000
vt 0.594849 0.197582 0.000000
vt 0.588139 0.190426 0.000000
vt 0.607249 0.201054 0.000000
vt 0.599795 0.194632 0.000000
vt 0.593425 0.187823 0.000000
vt 0.218440 0.078659 0.000000
vt 0.211996 0.082043 0.000000
vt 0.604866 0.191868 0.000000
vt 0.598657 0.185052 0.000000
vt 0.214765 0.072466 0.000000
vt 0.208103 0.075647 0.000000
vt 0.201342 0.078968 0.000000
vt 0.205285 0.084366 0.000000
vt 0.211159 0.066612 0.000000
vt 0.204264 0.070054 0.000000
vt 0.197603 0.073980 0.000000
vt 0.187321 0.073194 0.000000
vt 0.192194 0.078565 0.000000
vt 0.195917 0.083116 0.000000
vt 0.189331 0.083644 0.000000
vt 0.193438 0.086780 0.000000
vt 0.187840 0.089066 0.000000
vt 0.183633 0.079003 0.000000
vt 0.181540 0.085790 0.000000
vt 0.181692 0.093886 0.000000
vt 0.188342 0.095127 0.000000
vt 0.185252 0.103185 0.000000
vt 0.191381 0.101903 0.000000
vt 0.201543 0.107947 0.000000
vt 0.211204 0.116076 0.000000
vt 0.204268 0.103503 0.000000
vt 0.225422 0.123003 0.000000
vt 0.241405 0.137053 0.000000
vt 0.240718 0.126876 0.000000
vt 0.255520 0.139503 0.000000
vt 0.254318 0.127883 0.000000
vt 0.252408 0.117369 0.000000
vt 0.266678 0.128317 0.000000
vt 0.265164 0.117978 0.000000
vt 0.280592 0.130268 0.000000
vt 0.279099 0.120065 0.000000
vt 0.278494 0.110922 0.000000
vt 0.278109 0.099648 0.000000
vt 0.297236 0.125578 0.000000
vt 0.294520 0.115301 0.000000
vt 0.291472 0.101852 0.000000
vt 0.315233 0.130605 0.000000
vt 0.310937 0.119365 0.000000
vt 0.306337 0.105627 0.000000
vt 0.331851 0.133935 0.000000
vt 0.327093 0.122671 0.000000
vt 0.321438 0.108203 0.000000
vt 0.501754 0.178928 0.000000
vt 0.492478 0.190432 0.000000
vt 0.340345 0.124483 0.000000
vt 0.335297 0.110093 0.000000
vt 0.495370 0.167558 0.000000
vt 0.483667 0.179672 0.000000
vt 0.469716 0.191424 0.000000
vt 0.478879 0.203574 0.000000
vt 0.486057 0.159068 0.000000
vt 0.475297 0.170981 0.000000
vt 0.460737 0.181012 0.000000
vt 0.446078 0.187375 0.000000
vt 0.454085 0.200630 0.000000
vt 0.462864 0.162005 0.000000
vt 0.450347 0.169193 0.000000
vt 0.437406 0.174602 0.000000
vt 0.425993 0.178750 0.000000
vt 0.432655 0.192771 0.000000
vt 0.439044 0.157655 0.000000
vt 0.428350 0.162557 0.000000
vt 0.419123 0.166657 0.000000
vt 0.410676 0.169101 0.000000
vt 0.415118 0.181379 0.000000
vt 0.417090 0.150839 0.000000
vt 0.410601 0.157595 0.000000
vt 0.404801 0.160733 0.000000
vt 0.402161 0.152104 0.000000
vt 0.394454 0.148281 0.000000
vt 0.387032 0.145584 0.000000
vt 0.380870 0.139029 0.000000
vt 0.380515 0.144507 0.000000
vt 0.380933 0.149608 0.000000
vt 0.373645 0.144390 0.000000
vt 0.374767 0.150028 0.000000
vt 0.376479 0.155641 0.000000
vt 0.382370 0.154854 0.000000
vt 0.379082 0.161947 0.000000
vt 0.385163 0.160755 0.000000
vt 0.382545 0.169684 0.000000
vt 0.372539 0.162525 0.000000
vt 0.375361 0.170370 0.000000
vt 0.370020 0.156288 0.000000
vt 0.363685 0.157303 0.000000
vt 0.360810 0.152027 0.000000
vt 0.353068 0.153792 0.000000
vt 0.356673 0.159276 0.000000
vt 0.368009 0.150775 0.000000
vt 0.366265 0.145141 0.000000
vt 0.358436 0.146281 0.000000
vt 0.356156 0.140409 0.000000
vt 0.347138 0.141515 0.000000
vt 0.350095 0.148022 0.000000
vt 0.364622 0.138726 0.000000
vt 0.363338 0.131424 0.000000
vt 0.353676 0.133054 0.000000
vt 0.372928 0.138204 0.000000
vt 0.372567 0.130718 0.000000
vt 0.361587 0.121260 0.000000
vt 0.382009 0.132757 0.000000
vt 0.360997 0.108386 0.000000
vt 0.346946 0.109493 0.000000
vt 0.351187 0.123605 0.000000
vt 0.344086 0.134294 0.000000
vt 0.335566 0.142465 0.000000
vt 0.319224 0.140497 0.000000
vt 0.339470 0.149726 0.000000
vt 0.343401 0.156574 0.000000
vt 0.348173 0.163328 0.000000
vt 0.346057 0.178548 0.000000
vt 0.339100 0.189805 0.000000
vt 0.351651 0.198267 0.000000
vt 0.356323 0.185474 0.000000
vt 0.365141 0.204823 0.000000
vt 0.367659 0.190974 0.000000
vt 0.346105 0.211707 0.000000
vt 0.361188 0.218748 0.000000
vt 0.378191 0.224506 0.000000
vt 0.356213 0.233429 0.000000
vt 0.375442 0.239792 0.000000
vt 0.350019 0.248129 0.000000
vt 0.370570 0.255237 0.000000
vt 0.344401 0.261966 0.000000
vt 0.365640 0.269421 0.000000
vt 0.390308 0.279718 0.000000
vt 0.386465 0.292697 0.000000
vt 0.381343 0.303672 0.000000
vt 0.431183 0.948180 0.000000
vt 0.436408 0.937944 0.000000
vt 0.420905 0.922571 0.000000
vt 0.413728 0.935780 0.000000
vt 0.442271 0.929392 0.000000
vt 0.427483 0.911751 0.000000
vt 0.402840 0.925960 0.000000
vt 0.448718 0.922107 0.000000
vt 0.464456 0.942408 0.000000
vt 0.470099 0.937247 0.000000
vt 0.456221 0.916258 0.000000
vt 0.459406 0.948495 0.000000
vt 0.476129 0.966998 0.000000
vt 0.480049 0.961132 0.000000
vt 0.490774 0.973852 0.000000
vt 0.494358 0.968313 0.000000
vt 0.484522 0.956122 0.000000
vt 0.487629 0.979344 0.000000
vt 0.496606 0.986372 0.000000
vt 0.499126 0.980586 0.000000
vt 0.494641 0.992652 0.000000
vt 0.503128 0.994388 0.000000
vt 0.493573 0.999833 0.000000
vt 0.502544 0.999833 0.000000
vt 0.498651 0.963304 0.000000
vt 0.489800 0.951813 0.000000
vt 0.476696 0.932448 0.000000
vt 0.495758 0.946996 0.000000
vt 0.484133 0.929027 0.000000
vt 0.474726 0.908804 0.000000
vt 0.464768 0.911593 0.000000
vt 0.469565 0.888511 0.000000
vt 0.486406 0.907810 0.000000
vt 0.484572 0.890449 0.000000
vt 0.467390 0.868430 0.000000
vt 0.467924 0.845728 0.000000
vt 0.499075 0.907704 0.000000
vt 0.499728 0.892189 0.000000
vt 0.511901 0.911708 0.000000
vt 0.514280 0.901028 0.000000
vt 0.239126 0.299004 0.000000
vt 0.248404 0.299051 0.000000
vt 0.252555 0.285657 0.000000
vt 0.241372 0.284057 0.000000
vt 0.230580 0.282751 0.000000
vt 0.230296 0.299155 0.000000
vt 0.244541 0.268091 0.000000
vt 0.231128 0.266122 0.000000
vt 0.217910 0.265569 0.000000
vt 0.218095 0.282455 0.000000
vt 0.220028 0.299341 0.000000
vt 0.221826 0.244888 0.000000
vt 0.212047 0.241593 0.000000
vt 0.226854 0.227057 0.000000
vt 0.217676 0.223426 0.000000
vt 0.209227 0.218344 0.000000
vt 0.203782 0.237102 0.000000
vt 0.200610 0.211550 0.000000
vt 0.194097 0.230209 0.000000
vt 0.191953 0.200917 0.000000
vt 0.183758 0.217854 0.000000
vt 0.172245 0.236237 0.000000
vt 0.145746 0.236254 0.000000
vt 0.155893 0.252522 0.000000
vt 0.126736 0.258705 0.000000
vt 0.136390 0.271705 0.000000
vt 0.108163 0.282529 0.000000
vt 0.116207 0.244756 0.000000
vt 0.097810 0.268179 0.000000
vt 0.069064 0.271061 0.000000
vt 0.059171 0.256039 0.000000
vt 0.044551 0.265758 0.000000
vt 0.051773 0.281688 0.000000
vt 0.031058 0.272101 0.000000
vt 0.035135 0.288578 0.000000
vt 0.018566 0.277098 0.000000
vt 0.020834 0.292549 0.000000
vt 0.020358 0.309262 0.000000
vt 0.016877 0.325745 0.000000
vt 0.007922 0.295075 0.000000
vt 0.005635 0.308843 0.000000
vt 0.000167 0.322681 0.000000
vt 0.000167 0.336644 0.000000
vt 0.016718 0.338749 0.000000
vt 0.094138 0.029207 0.000000
vt 0.084550 0.033531 0.000000
vt 0.093048 0.047903 0.000000
vt 0.104171 0.043049 0.000000
vt 0.112378 0.035793 0.000000
vt 0.102291 0.022946 0.000000
vt 0.117591 0.028753 0.000000
vt 0.108116 0.017386 0.000000
vt 0.114206 0.056293 0.000000
vt 0.122404 0.047670 0.000000
vt 0.127632 0.038643 0.000000
vt 0.130243 0.030463 0.000000
vt 0.121153 0.022285 0.000000
vt 0.139323 0.049711 0.000000
vt 0.152247 0.063080 0.000000
vt 0.164641 0.074138 0.000000
vt 0.173301 0.091930 0.000000
vt 0.174205 0.081289 0.000000
vt 0.176866 0.072829 0.000000
vt 0.181098 0.065924 0.000000
vt 0.176143 0.104263 0.000000
vt 0.124204 0.015928 0.000000
vt 0.118197 0.009479 0.000000
vt 0.113192 0.013042 0.000000
vt 0.132165 0.022315 0.000000
vt 0.133844 0.015481 0.000000
vt 0.126822 0.010308 0.000000
vt 0.128277 0.004625 0.000000
vt 0.121726 0.000500 0.000000
vt 0.120497 0.004839 0.000000
vt 0.135246 0.008700 0.000000
vt 0.000167 0.373399 0.000000
vt 0.000167 0.379274 0.000000
vt 0.008809 0.384231 0.000000
vt 0.012433 0.377488 0.000000
vt 0.014178 0.369824 0.000000
vt 0.000167 0.366278 0.000000
vt 0.027762 0.384756 0.000000
vt 0.031480 0.375779 0.000000
vt 0.034353 0.365490 0.000000
vt 0.015205 0.361022 0.000000
vt 0.000167 0.357470 0.000000
vt 0.037267 0.353562 0.000000
vt 0.015980 0.350299 0.000000
vt 0.000167 0.347988 0.000000
vt 0.050348 0.384220 0.000000
vt 0.044012 0.394756 0.000000
vt 0.058429 0.406178 0.000000
vt 0.065264 0.394838 0.000000
vt 0.072009 0.414972 0.000000
vt 0.078067 0.404765 0.000000
vt 0.084454 0.422699 0.000000
vt 0.088882 0.412999 0.000000
vt 0.093710 0.404271 0.000000
vt 0.602672 0.782486 0.000000
vt 0.596726 0.774499 0.000000
vt 0.586625 0.782501 0.000000
vt 0.594701 0.790867 0.000000
vt 0.603859 0.796692 0.000000
vt 0.609637 0.788015 0.000000
vt 0.099947 0.396497 0.000000
vt 0.612081 0.800356 0.000000
vt 0.616163 0.791937 0.000000
vt 0.106715 0.391114 0.000000
vt 0.618930 0.803038 0.000000
vt 0.622274 0.794974 0.000000
vt 0.113681 0.388307 0.000000
vt 0.111940 0.378780 0.000000
vt 0.121408 0.386755 0.000000
vt 0.120472 0.378396 0.000000
vt 0.119903 0.370629 0.000000
vt 0.110801 0.368787 0.000000
vt 0.119961 0.363242 0.000000
vt 0.111356 0.358622 0.000000
vt 0.122839 0.356106 0.000000
vt 0.127206 0.360058 0.000000
vt 0.128400 0.352260 0.000000
vt 0.134370 0.350042 0.000000
vt 0.142942 0.355972 0.000000
vt 0.140357 0.348297 0.000000
vt 0.137493 0.338918 0.000000
vt 0.137622 0.328569 0.000000
vt 0.621959 0.859411 0.000000
vt 0.619287 0.852318 0.000000
vt 0.610298 0.854682 0.000000
vt 0.613511 0.862483 0.000000
vt 0.597377 0.857993 0.000000
vt 0.600771 0.866386 0.000000
vt 0.617262 0.845472 0.000000
vt 0.607882 0.847223 0.000000
vt 0.595201 0.849376 0.000000
vt 0.577596 0.851947 0.000000
vt 0.579877 0.862194 0.000000
vt 0.606386 0.839869 0.000000
vt 0.593979 0.841105 0.000000
vt 0.576381 0.842169 0.000000
vt 0.555965 0.842008 0.000000
vt 0.557275 0.853419 0.000000
vt 0.593784 0.833012 0.000000
vt 0.576238 0.833163 0.000000
vt 0.556135 0.830696 0.000000
vt 0.536543 0.823508 0.000000
vt 0.534003 0.838225 0.000000
vt 0.577502 0.823952 0.000000
vt 0.559302 0.818784 0.000000
vt 0.543179 0.808731 0.000000
vt 0.527460 0.795728 0.000000
vt 0.518091 0.810863 0.000000
vt 0.566329 0.806567 0.000000
vt 0.552684 0.795384 0.000000
vt 0.539764 0.782634 0.000000
vt 0.528410 0.768290 0.000000
vt 0.513147 0.781326 0.000000
vt 0.565593 0.782738 0.000000
vt 0.576108 0.793714 0.000000
vt 0.579911 0.771981 0.000000
vt 0.591984 0.764520 0.000000
vt 0.580822 0.813200 0.000000
vt 0.586628 0.801542 0.000000
vt 0.596229 0.815603 0.000000
vt 0.599115 0.806310 0.000000
vt 0.606934 0.817273 0.000000
vt 0.608848 0.809019 0.000000
vt 0.615259 0.818707 0.000000
vt 0.616453 0.811169 0.000000
vt 0.622505 0.820094 0.000000
vt 0.623153 0.813316 0.000000
vt 0.625231 0.805995 0.000000
vt 0.628722 0.798834 0.000000
vt 0.614935 0.825880 0.000000
vt 0.622819 0.826463 0.000000
vt 0.615249 0.832611 0.000000
vt 0.623577 0.832511 0.000000
vt 0.632151 0.832254 0.000000
vt 0.624323 0.838156 0.000000
vt 0.632411 0.838164 0.000000
vt 0.640169 0.840547 0.000000
vt 0.641047 0.834643 0.000000
vt 0.639961 0.827014 0.000000
vt 0.149056 0.373569 0.000000
vt 0.147245 0.367539 0.000000
vt 0.141437 0.375306 0.000000
vt 0.148844 0.376404 0.000000
vt 0.141887 0.380970 0.000000
vt 0.147633 0.380835 0.000000
vt 0.134701 0.376312 0.000000
vt 0.135239 0.383093 0.000000
vt 0.127634 0.377576 0.000000
vt 0.128677 0.385318 0.000000
vt 0.144977 0.361837 0.000000
vt 0.615979 0.839006 0.000000
vt 0.605765 0.832598 0.000000
vt 0.605955 0.825103 0.000000
vt 0.594498 0.824653 0.000000
vt 0.500562 0.766534 0.000000
vt 0.501120 0.796906 0.000000
vt 0.519410 0.754316 0.000000
vt 0.510756 0.740443 0.000000
vt 0.490560 0.750821 0.000000
vt 0.532501 0.731855 0.000000
vt 0.522227 0.715103 0.000000
vt 0.502066 0.722368 0.000000
vt 0.550656 0.718699 0.000000
vt 0.540377 0.704871 0.000000
vt 0.532284 0.686337 0.000000
vt 0.513613 0.692544 0.000000
vt 0.567684 0.699432 0.000000
vt 0.558242 0.688738 0.000000
vt 0.551715 0.675286 0.000000
vt 0.548626 0.658724 0.000000
vt 0.530566 0.665109 0.000000
vt 0.576188 0.671504 0.000000
vt 0.571126 0.662414 0.000000
vt 0.567061 0.650736 0.000000
vt 0.563487 0.637639 0.000000
vt 0.546506 0.642277 0.000000
vt 0.587742 0.647031 0.000000
vt 0.583188 0.638934 0.000000
vt 0.578323 0.628093 0.000000
vt 0.573223 0.614809 0.000000
vt 0.558706 0.621637 0.000000
vt 0.597423 0.621941 0.000000
vt 0.593168 0.613733 0.000000
vt 0.588794 0.603579 0.000000
vt 0.584648 0.591496 0.000000
vt 0.567981 0.598458 0.000000
vt 0.605518 0.601539 0.000000
vt 0.602342 0.593448 0.000000
vt 0.598691 0.583883 0.000000
vt 0.594787 0.572570 0.000000
vt 0.580964 0.578464 0.000000
vt 0.562155 0.562432 0.000000
vt 0.564259 0.581036 0.000000
vt 0.546410 0.557083 0.000000
vt 0.547433 0.580967 0.000000
vt 0.552178 0.601801 0.000000
vt 0.543688 0.625746 0.000000
vt 0.531453 0.627800 0.000000
vt 0.532268 0.644875 0.000000
vt 0.524269 0.628044 0.000000
vt 0.519108 0.641664 0.000000
vt 0.512201 0.666846 0.000000
vt 0.494908 0.696854 0.000000
vt 0.476868 0.702993 0.000000
vt 0.482512 0.730914 0.000000
vt 0.561356 0.542868 0.000000
vt 0.563655 0.521331 0.000000
vt 0.579953 0.511529 0.000000
vt 0.569178 0.502733 0.000000
vt 0.584229 0.496557 0.000000
vt 0.576520 0.489075 0.000000
vt 0.371843 0.369454 0.000000
vt 0.358896 0.368963 0.000000
vt 0.358888 0.382792 0.000000
vt 0.370557 0.383604 0.000000
vt 0.380426 0.383717 0.000000
vt 0.383386 0.369449 0.000000
vt 0.389530 0.383391 0.000000
vt 0.394669 0.369588 0.000000
vt 0.368475 0.396110 0.000000
vt 0.377531 0.397147 0.000000
vt 0.386322 0.397302 0.000000
vt 0.394882 0.396542 0.000000
vt 0.397337 0.382656 0.000000
vt 0.375090 0.407251 0.000000
vt 0.366464 0.405727 0.000000
vt 0.364912 0.412493 0.000000
vt 0.372965 0.414087 0.000000
vt 0.363721 0.417881 0.000000
vt 0.371295 0.419581 0.000000
vt 0.363185 0.422395 0.000000
vt 0.370308 0.423971 0.000000
vt 0.377595 0.426405 0.000000
vt 0.384606 0.429763 0.000000
vt 0.951854 0.979644 0.000000
vt 0.959540 0.989815 0.000000
vt 0.964648 0.985051 0.000000
vt 0.957088 0.976580 0.000000
vt 0.950467 0.968474 0.000000
vt 0.945044 0.969626 0.000000
vt 0.961465 0.971335 0.000000
vt 0.954480 0.965296 0.000000
vt 0.949803 0.960729 0.000000
vt 0.946207 0.961902 0.000000
vt 0.941065 0.961479 0.000000
vt 0.389775 0.433284 0.000000
vt 0.939728 0.955958 0.000000
vt 0.933417 0.952559 0.000000
vt 0.934265 0.959318 0.000000
vt 0.924597 0.947115 0.000000
vt 0.924803 0.954895 0.000000
vt 0.939869 0.951979 0.000000
vt 0.934129 0.947696 0.000000
vt 0.925622 0.941023 0.000000
vt 0.913493 0.931247 0.000000
vt 0.911659 0.938591 0.000000
vt 0.935636 0.943780 0.000000
vt 0.927464 0.935904 0.000000
vt 0.916128 0.925041 0.000000
vt 0.903817 0.912760 0.000000
vt 0.899801 0.919936 0.000000
vt 0.821116 0.727468 0.000000
vt 0.821116 0.737475 0.000000
vt 0.827993 0.737820 0.000000
vt 0.828410 0.728900 0.000000
vt 0.829086 0.719035 0.000000
vt 0.821775 0.717452 0.000000
vt 0.829070 0.709336 0.000000
vt 0.822092 0.708246 0.000000
vt 0.835462 0.730511 0.000000
vt 0.836480 0.721081 0.000000
vt 0.836694 0.710879 0.000000
vt 0.836266 0.701276 0.000000
vt 0.828511 0.700042 0.000000
vt 0.844433 0.723613 0.000000
vt 0.844820 0.713076 0.000000
vt 0.845064 0.703394 0.000000
vt 0.846132 0.694704 0.000000
vt 0.837004 0.692179 0.000000
vt 0.853680 0.715827 0.000000
vt 0.854580 0.706517 0.000000
vt 0.856105 0.698450 0.000000
vt 0.859074 0.691607 0.000000
vt 0.848851 0.686712 0.000000
vt 0.864289 0.709978 0.000000
vt 0.866205 0.702671 0.000000
vt 0.868750 0.696435 0.000000
vt 0.872091 0.691157 0.000000
vt 0.862403 0.685896 0.000000
vt 0.875931 0.706696 0.000000
vt 0.878369 0.700897 0.000000
vt 0.881248 0.695843 0.000000
vt 0.884562 0.691410 0.000000
vt 0.875479 0.686306 0.000000
vt 0.887346 0.704926 0.000000
vt 0.890362 0.700425 0.000000
vt 0.893068 0.696401 0.000000
vt 0.896382 0.692959 0.000000
vt 0.887374 0.687164 0.000000
vt 0.898244 0.705607 0.000000
vt 0.901276 0.702530 0.000000
vt 0.903756 0.699935 0.000000
vt 0.905909 0.697088 0.000000
vt 0.898803 0.690526 0.000000
vt 0.907727 0.707917 0.000000
vt 0.910261 0.705232 0.000000
vt 0.912452 0.702274 0.000000
vt 0.914346 0.699094 0.000000
vt 0.908538 0.693896 0.000000
vt 0.915818 0.709217 0.000000
vt 0.918003 0.706045 0.000000
vt 0.919741 0.702875 0.000000
vt 0.921442 0.699775 0.000000
vt 0.916559 0.695760 0.000000
vt 0.922844 0.709315 0.000000
vt 0.924848 0.706265 0.000000
vt 0.926442 0.703742 0.000000
vt 0.923398 0.696722 0.000000
vt 0.926673 0.694121 0.000000
vt 0.924141 0.689159 0.000000
vt 0.919799 0.692437 0.000000
vt 0.920927 0.683381 0.000000
vt 0.915792 0.686846 0.000000
vt 0.911869 0.690437 0.000000
vt 0.910872 0.680218 0.000000
vt 0.905788 0.683777 0.000000
vt 0.901835 0.687162 0.000000
vt 0.899512 0.676438 0.000000
vt 0.894582 0.679862 0.000000
vt 0.890445 0.683384 0.000000
vt 0.887520 0.673222 0.000000
vt 0.882792 0.677277 0.000000
vt 0.878700 0.681898 0.000000
vt 0.875244 0.671480 0.000000
vt 0.870403 0.676331 0.000000
vt 0.866064 0.680711 0.000000
vt 0.861638 0.669933 0.000000
vt 0.856855 0.674839 0.000000
vt 0.852373 0.680361 0.000000
vt 0.848162 0.668424 0.000000
vt 0.843544 0.674912 0.000000
vt 0.839254 0.683387 0.000000
vt 0.852686 0.663065 0.000000
vt 0.857129 0.658387 0.000000
vt 0.848866 0.651406 0.000000
vt 0.866593 0.665291 0.000000
vt 0.871873 0.660790 0.000000
vt 0.862095 0.653739 0.000000
vt 0.880298 0.667163 0.000000
vt 0.892976 0.669104 0.000000
vt 0.899837 0.665247 0.000000
vt 0.905400 0.672910 0.000000
vt 0.912860 0.669474 0.000000
vt 0.908929 0.661733 0.000000
vt 0.917261 0.676948 0.000000
vt 0.924701 0.674322 0.000000
vt 0.921629 0.667033 0.000000
vt 0.926982 0.680702 0.000000
vt 0.932904 0.679147 0.000000
vt 0.931786 0.672972 0.000000
vt 0.929235 0.686686 0.000000
vt 0.934475 0.685062 0.000000
vt 0.712005 0.388499 0.000000
vt 0.707685 0.390573 0.000000
vt 0.712523 0.397439 0.000000
vt 0.716523 0.394303 0.000000
vt 0.931346 0.691956 0.000000
vt 0.936491 0.690613 0.000000
vt 0.707969 0.382725 0.000000
vt 0.703813 0.384249 0.000000
vt 0.699504 0.386075 0.000000
vt 0.703220 0.392552 0.000000
vt 0.704421 0.376461 0.000000
vt 0.700455 0.377800 0.000000
vt 0.696307 0.379658 0.000000
vt 0.692540 0.383049 0.000000
vt 0.695324 0.388431 0.000000
vt 0.689828 0.378313 0.000000
vt 0.686591 0.383264 0.000000
vt 0.688648 0.387073 0.000000
vt 0.686762 0.374384 0.000000
vt 0.684270 0.379075 0.000000
vt 0.523586 0.439397 0.000000
vt 0.526808 0.443635 0.000000
vt 0.529972 0.441721 0.000000
vt 0.526881 0.436380 0.000000
vt 0.683035 0.371067 0.000000
vt 0.680597 0.374432 0.000000
vt 0.519088 0.442551 0.000000
vt 0.521037 0.446999 0.000000
vt 0.522433 0.452779 0.000000
vt 0.527849 0.449939 0.000000
vt 0.532631 0.446875 0.000000
vt 0.523422 0.459531 0.000000
vt 0.524090 0.467085 0.000000
vt 0.518929 0.462513 0.000000
vt 0.519717 0.470130 0.000000
vt 0.518644 0.477158 0.000000
vt 0.524246 0.475338 0.000000
vt 0.515337 0.466116 0.000000
vt 0.514984 0.471739 0.000000
vt 0.513302 0.477922 0.000000
vt 0.677693 0.357058 0.000000
vt 0.675713 0.356928 0.000000
vt 0.668983 0.361928 0.000000
vt 0.671599 0.362397 0.000000
vt 0.679327 0.351161 0.000000
vt 0.674369 0.357448 0.000000
vt 0.667777 0.362397 0.000000
vt 0.515979 0.484944 0.000000
vt 0.510336 0.481202 0.000000
vt 0.536196 0.443745 0.000000
vt 0.533169 0.439710 0.000000
vt 0.684404 0.390701 0.000000
vt 0.680597 0.393736 0.000000
vt 0.682882 0.398773 0.000000
vt 0.686796 0.395656 0.000000
vt 0.691144 0.392115 0.000000
vt 0.530143 0.434284 0.000000
vt 0.689563 0.401385 0.000000
vt 0.694148 0.397935 0.000000
vt 0.698720 0.394752 0.000000
vt 0.697542 0.404895 0.000000
vt 0.702905 0.402470 0.000000
vt 0.707937 0.400048 0.000000
vt 0.707592 0.411152 0.000000
vt 0.700825 0.413234 0.000000
vt 0.704210 0.422957 0.000000
vt 0.712480 0.420514 0.000000
vt 0.707677 0.433367 0.000000
vt 0.717330 0.430364 0.000000
vt 0.733212 0.435378 0.000000
vt 0.737069 0.442711 0.000000
vt 0.740747 0.450288 0.000000
vt 0.752502 0.447622 0.000000
vt 0.744626 0.458427 0.000000
vt 0.754225 0.456394 0.000000
vt 0.764231 0.457390 0.000000
vt 0.765612 0.448675 0.000000
vt 0.773498 0.461007 0.000000
vt 0.777255 0.453064 0.000000
vt 0.781441 0.466762 0.000000
vt 0.787152 0.460256 0.000000
vt 0.792597 0.452833 0.000000
vt 0.795033 0.470056 0.000000
vt 0.802698 0.466590 0.000000
vt 0.799319 0.481088 0.000000
vt 0.807061 0.481066 0.000000
vt 0.801396 0.491426 0.000000
vt 0.809072 0.492222 0.000000
vt 0.809867 0.501374 0.000000
vt 0.809732 0.509461 0.000000
vt 0.709367 0.531419 0.000000
vt 0.701544 0.530281 0.000000
vt 0.699889 0.536111 0.000000
vt 0.706469 0.536111 0.000000
vt 0.814505 0.549473 0.000000
vt 0.814783 0.556905 0.000000
vt 0.820115 0.555755 0.000000
vt 0.820115 0.548209 0.000000
vt 0.694512 0.530088 0.000000
vt 0.693644 0.536111 0.000000
vt 0.809108 0.550427 0.000000
vt 0.809245 0.557844 0.000000
vt 0.808869 0.564566 0.000000
vt 0.814647 0.564840 0.000000
vt 0.804050 0.550950 0.000000
vt 0.803827 0.557921 0.000000
vt 0.803296 0.561965 0.000000
vt 0.797078 0.560723 0.000000
vt 0.801976 0.565548 0.000000
vt 0.807121 0.570218 0.000000
vt 0.813722 0.572639 0.000000
vt 0.819197 0.581662 0.000000
vt 0.819649 0.572914 0.000000
vt 0.820115 0.564259 0.000000
vt 0.827848 0.529360 0.000000
vt 0.831419 0.536111 0.000000
vt 0.835868 0.532093 0.000000
vt 0.832203 0.525835 0.000000
vt 0.839811 0.528686 0.000000
vt 0.836515 0.523023 0.000000
vt 0.796135 0.562743 0.000000
vt 0.792887 0.559291 0.000000
vt 0.792489 0.560699 0.000000
vt 0.794709 0.564580 0.000000
vt 0.793439 0.558190 0.000000
vt 0.792274 0.561981 0.000000
vt 0.792627 0.565441 0.000000
vt 0.789589 0.559054 0.000000
vt 0.789952 0.561934 0.000000
vt 0.785822 0.563039 0.000000
vt 0.779459 0.565320 0.000000
vt 0.783000 0.571729 0.000000
vt 0.788052 0.567265 0.000000
vt 0.790292 0.564603 0.000000
vt 0.772362 0.568849 0.000000
vt 0.776549 0.576382 0.000000
vt 0.762691 0.572232 0.000000
vt 0.769477 0.560782 0.000000
vt 0.760394 0.563136 0.000000
vt 0.749760 0.563863 0.000000
vt 0.750270 0.574591 0.000000
vt 0.759502 0.553791 0.000000
vt 0.750350 0.553326 0.000000
vt 0.741325 0.551246 0.000000
vt 0.684774 0.489005 0.000000
vt 0.684808 0.497605 0.000000
vt 0.692268 0.498356 0.000000
vt 0.693038 0.489437 0.000000
vt 0.700731 0.498830 0.000000
vt 0.702461 0.489976 0.000000
vt 0.709721 0.499380 0.000000
vt 0.711485 0.491109 0.000000
vt 0.714225 0.482308 0.000000
vt 0.719811 0.493198 0.000000
vt 0.722144 0.485613 0.000000
vt 0.725458 0.477545 0.000000
vt 0.729091 0.488644 0.000000
vt 0.732027 0.482078 0.000000
vt 0.735860 0.475804 0.000000
vt 0.730499 0.469673 0.000000
vt 0.741298 0.470232 0.000000
vt 0.736429 0.463058 0.000000
vt 0.747828 0.466258 0.000000
vt 0.744651 0.476376 0.000000
vt 0.749820 0.473316 0.000000
vt 0.755371 0.471998 0.000000
vt 0.755305 0.464807 0.000000
vt 0.760866 0.472370 0.000000
vt 0.762927 0.465594 0.000000
vt 0.765934 0.474339 0.000000
vt 0.769960 0.468322 0.000000
vt 0.770393 0.477765 0.000000
vt 0.775537 0.472742 0.000000
vt 0.773815 0.482191 0.000000
vt 0.780011 0.478470 0.000000
vt 0.787298 0.474297 0.000000
vt 0.783406 0.485078 0.000000
vt 0.791254 0.482625 0.000000
vt 0.785869 0.491866 0.000000
vt 0.793682 0.491391 0.000000
vt 0.776416 0.487276 0.000000
vt 0.778140 0.492614 0.000000
vt 0.779662 0.498236 0.000000
vt 0.771576 0.493461 0.000000
vt 0.772642 0.498363 0.000000
vt 0.773194 0.503602 0.000000
vt 0.780301 0.503779 0.000000
vt 0.733525 0.518767 0.000000
vt 0.740203 0.517700 0.000000
vt 0.739009 0.512925 0.000000
vt 0.732505 0.513773 0.000000
vt 0.738517 0.507887 0.000000
vt 0.732183 0.508088 0.000000
vt 0.725485 0.508156 0.000000
vt 0.732534 0.502456 0.000000
vt 0.725905 0.501658 0.000000
vt 0.718225 0.500560 0.000000
vt 0.717701 0.507919 0.000000
vt 0.708459 0.507176 0.000000
vt 0.699258 0.507142 0.000000
vt 0.697869 0.513683 0.000000
vt 0.696301 0.519306 0.000000
vt 0.691470 0.506736 0.000000
vt 0.684402 0.505631 0.000000
vt 0.767573 0.552290 0.000000
vt 0.695128 0.524333 0.000000
vt 0.688089 0.530190 0.000000
vt 0.687793 0.536111 0.000000
vt 0.680597 0.531219 0.000000
vt 0.680597 0.536111 0.000000
vt 0.727043 0.495178 0.000000
vt 0.733476 0.496755 0.000000
vt 0.734967 0.491274 0.000000
vt 0.739171 0.498105 0.000000
vt 0.740330 0.493294 0.000000
vt 0.741924 0.488710 0.000000
vt 0.737354 0.485830 0.000000
vt 0.744226 0.484529 0.000000
vt 0.740513 0.480745 0.000000
vt 0.747245 0.481010 0.000000
vt 0.747399 0.487151 0.000000
vt 0.749558 0.484479 0.000000
vt 0.752342 0.482538 0.000000
vt 0.751224 0.478548 0.000000
vt 0.755285 0.481769 0.000000
vt 0.755264 0.477469 0.000000
vt 0.758107 0.481923 0.000000
vt 0.759274 0.477754 0.000000
vt 0.762960 0.479070 0.000000
vt 0.766203 0.481385 0.000000
vt 0.768918 0.484859 0.000000
vt 0.765466 0.489322 0.000000
vt 0.770358 0.488847 0.000000
vt 0.766286 0.493340 0.000000
vt 0.761993 0.489674 0.000000
vt 0.762355 0.492828 0.000000
vt 0.761948 0.496399 0.000000
vt 0.766534 0.497783 0.000000
vt 0.760500 0.500691 0.000000
vt 0.766379 0.502628 0.000000
vt 0.746876 0.516708 0.000000
vt 0.752883 0.516233 0.000000
vt 0.758755 0.494881 0.000000
vt 0.757099 0.497866 0.000000
vt 0.759370 0.492171 0.000000
vt 0.756878 0.491483 0.000000
vt 0.757188 0.489476 0.000000
vt 0.754518 0.490680 0.000000
vt 0.759419 0.489721 0.000000
vt 0.757257 0.487225 0.000000
vt 0.757507 0.485154 0.000000
vt 0.752466 0.489930 0.000000
vt 0.750165 0.488840 0.000000
vt 0.749235 0.491588 0.000000
vt 0.748834 0.494768 0.000000
vt 0.745839 0.490561 0.000000
vt 0.744781 0.494586 0.000000
vt 0.744537 0.498821 0.000000
vt 0.748994 0.498300 0.000000
vt 0.738575 0.503030 0.000000
vt 0.694414 0.415883 0.000000
vt 0.688153 0.417205 0.000000
vt 0.692036 0.408019 0.000000
vt 0.686804 0.410401 0.000000
vt 0.885879 0.736448 0.000000
vt 0.886108 0.730910 0.000000
vt 0.879692 0.729035 0.000000
vt 0.879718 0.735041 0.000000
vt 0.685005 0.404352 0.000000
vt 0.891027 0.738466 0.000000
vt 0.891457 0.733172 0.000000
vt 0.892203 0.727757 0.000000
vt 0.886911 0.725090 0.000000
vt 0.895799 0.740438 0.000000
vt 0.896160 0.736033 0.000000
vt 0.896688 0.730975 0.000000
vt 0.898151 0.725549 0.000000
vt 0.894024 0.722340 0.000000
vt 0.900611 0.739261 0.000000
vt 0.900877 0.734547 0.000000
vt 0.901644 0.729169 0.000000
vt 0.897146 0.717418 0.000000
vt 0.891249 0.713715 0.000000
vt 0.888567 0.719113 0.000000
vt 0.884270 0.710210 0.000000
vt 0.881906 0.716209 0.000000
vt 0.880329 0.722622 0.000000
vt 0.873658 0.713211 0.000000
vt 0.872122 0.720477 0.000000
vt 0.862751 0.718429 0.000000
vt 0.894688 0.709201 0.000000
vt 0.900861 0.713503 0.000000
vt 0.904508 0.710617 0.000000
vt 0.913185 0.712271 0.000000
vt 0.917924 0.715662 0.000000
vt 0.920558 0.712520 0.000000
vt 0.922172 0.718589 0.000000
vt 0.919951 0.721549 0.000000
vt 0.924403 0.724821 0.000000
vt 0.926158 0.721667 0.000000
vt 0.900125 0.742418 0.000000
vt 0.936491 0.696647 0.000000
vt 0.929826 0.666095 0.000000
vt 0.927203 0.656763 0.000000
vt 0.918867 0.658782 0.000000
vt 0.856510 0.642350 0.000000
vt 0.852928 0.646806 0.000000
vt 0.848207 0.636617 0.000000
vt 0.845479 0.640699 0.000000
vt 0.842049 0.645062 0.000000
vt 0.838991 0.636461 0.000000
vt 0.836473 0.640323 0.000000
vt 0.832253 0.633824 0.000000
vt 0.830763 0.637535 0.000000
vt 0.000167 0.616915 0.000000
vt 0.006138 0.619992 0.000000
vt 0.011858 0.622474 0.000000
vt 0.840362 0.632703 0.000000
vt 0.833088 0.630168 0.000000
vt 0.841353 0.628612 0.000000
vt 0.834074 0.625870 0.000000
vt 0.827706 0.623421 0.000000
vt 0.836006 0.621395 0.000000
vt 0.829446 0.618488 0.000000
vt 0.822675 0.615949 0.000000
vt 0.821637 0.621101 0.000000
vt 0.026749 0.621635 0.000000
vt 0.025668 0.616440 0.000000
vt 0.838795 0.616542 0.000000
vt 0.832035 0.613482 0.000000
vt 0.824595 0.610637 0.000000
vt 0.842985 0.624377 0.000000
vt 0.845307 0.619533 0.000000
vt 0.035842 0.633688 0.000000
vt 0.032946 0.640614 0.000000
vt 0.039351 0.643924 0.000000
vt 0.042202 0.636448 0.000000
vt 0.043287 0.655597 0.000000
vt 0.038161 0.662803 0.000000
vt 0.043829 0.667395 0.000000
vt 0.050019 0.661259 0.000000
vt 0.048400 0.672621 0.000000
vt 0.054772 0.667197 0.000000
vt 0.052031 0.678089 0.000000
vt 0.058643 0.673231 0.000000
vt 0.066149 0.667761 0.000000
vt 0.061863 0.679432 0.000000
vt 0.068529 0.675062 0.000000
vt 0.077434 0.668465 0.000000
vt 0.075538 0.662779 0.000000
vt 0.086441 0.664625 0.000000
vt 0.085365 0.659808 0.000000
vt 0.094189 0.663741 0.000000
vt 0.093749 0.658746 0.000000
vt 0.093603 0.652643 0.000000
vt 0.101345 0.659491 0.000000
vt 0.101749 0.652856 0.000000
vt 0.103414 0.646039 0.000000
vt 0.093692 0.645107 0.000000
vt 0.104909 0.637746 0.000000
vt 0.093977 0.635758 0.000000
vt 0.113940 0.658213 0.000000
vt 0.111069 0.664177 0.000000
vt 0.122204 0.672645 0.000000
vt 0.107259 0.668974 0.000000
vt 0.116782 0.678596 0.000000
vt 0.128206 0.690723 0.000000
vt 0.134416 0.683611 0.000000
vt 0.139573 0.703280 0.000000
vt 0.145401 0.694919 0.000000
vt 0.150510 0.711538 0.000000
vt 0.155934 0.702638 0.000000
vt 0.265519 0.748018 0.000000
vt 0.267599 0.757557 0.000000
vt 0.280804 0.754341 0.000000
vt 0.277035 0.742365 0.000000
vt 0.289942 0.736772 0.000000
vt 0.281989 0.724568 0.000000
vt 0.302117 0.728176 0.000000
vt 0.281751 0.768876 0.000000
vt 0.280290 0.788928 0.000000
vt 0.253797 0.756644 0.000000
vt 0.237604 0.753275 0.000000
vt 0.000167 0.935290 0.000000
vt 0.012268 0.946287 0.000000
vt 0.005788 0.929597 0.000000
vt 0.020247 0.957331 0.000000
vt 0.023616 0.965040 0.000000
vt 0.100806 0.663931 0.000000
vt 0.055063 0.683112 0.000000
vt 0.906243 0.590605 0.000000
vt 0.910942 0.595299 0.000000
vt 0.914031 0.601937 0.000000
vt 0.908206 0.604530 0.000000
vt 0.902091 0.607924 0.000000
vt 0.897198 0.610898 0.000000
vt 0.900220 0.617022 0.000000
vt 0.892271 0.613066 0.000000
vt 0.895229 0.619543 0.000000
vt 0.898015 0.626500 0.000000
vt 0.903967 0.623811 0.000000
vt 0.900419 0.634150 0.000000
vt 0.907774 0.630606 0.000000
vt 0.890505 0.628234 0.000000
vt 0.890702 0.635634 0.000000
vt 0.889312 0.621158 0.000000
vt 0.889496 0.607178 0.000000
vt 0.887007 0.600784 0.000000
vt 0.032222 0.690798 0.000000
vt 0.036564 0.683981 0.000000
vt 0.042273 0.677813 0.000000
vt 0.038122 0.673824 0.000000
vt 0.032925 0.670594 0.000000
vt 0.850093 0.632476 0.000000
vt 0.859426 0.637821 0.000000
vt 0.843071 0.732515 0.000000
vt 0.834616 0.738719 0.000000
vt 0.841569 0.740293 0.000000
vt 0.833099 0.745568 0.000000
vt 0.839398 0.747080 0.000000
vt 0.846438 0.749544 0.000000
vt 0.836262 0.753343 0.000000
vt 0.842227 0.755750 0.000000
vt 0.849192 0.760169 0.000000
vt 0.853890 0.752800 0.000000
vt 0.833097 0.759733 0.000000
vt 0.837624 0.762206 0.000000
vt 0.842085 0.765414 0.000000
vt 0.830502 0.765987 0.000000
vt 0.833938 0.768642 0.000000
vt 0.837312 0.770958 0.000000
vt 0.964085 0.963275 0.000000
vt 0.956545 0.960113 0.000000
vt 0.969185 0.977230 0.000000
vt 0.972938 0.966383 0.000000
vt 0.829121 0.757979 0.000000
vt 0.827175 0.763917 0.000000
vt 0.951416 0.957834 0.000000
vt 0.831099 0.751770 0.000000
vt 0.826216 0.750931 0.000000
vt 0.827003 0.744744 0.000000
vt 0.821116 0.745314 0.000000
vt 0.821116 0.751227 0.000000
vt 0.941172 0.949299 0.000000
vt 0.821116 0.699568 0.000000
vt 0.882623 0.886530 0.000000
vt 0.873243 0.895160 0.000000
vt 0.886161 0.907964 0.000000
vt 0.892456 0.899984 0.000000
vt 0.896448 0.928297 0.000000
vt 0.893626 0.937611 0.000000
vt 0.910367 0.946880 0.000000
vt 0.419208 0.420434 0.000000
vt 0.415717 0.414173 0.000000
vt 0.422537 0.403823 0.000000
vt 0.412876 0.405223 0.000000
vt 0.419897 0.392673 0.000000
vt 0.411448 0.393924 0.000000
vt 0.403060 0.395352 0.000000
vt 0.411283 0.380713 0.000000
vt 0.404455 0.381750 0.000000
vt 0.475684 0.053863 0.000000
vt 0.472602 0.057500 0.000000
vt 0.406952 0.368963 0.000000
vt 0.401558 0.369268 0.000000
vt 0.467408 0.062816 0.000000
vt 0.484346 0.072822 0.000000
vt 0.418649 0.379573 0.000000
vt 0.490869 0.086133 0.000000
vt 0.497981 0.079108 0.000000
vt 0.502439 0.091237 0.000000
vt 0.508128 0.083168 0.000000
vt 0.483243 0.095800 0.000000
vt 0.496274 0.101843 0.000000
vt 0.168762 0.429150 0.000000
vt 0.174370 0.401839 0.000000
vt 0.160333 0.404420 0.000000
vt 0.155000 0.433284 0.000000
vt 0.176283 0.376955 0.000000
vt 0.162878 0.377281 0.000000
vt 0.479609 0.488115 0.000000
vt 0.466996 0.480152 0.000000
vt 0.463393 0.490669 0.000000
vt 0.478430 0.498683 0.000000
vt 0.459354 0.500334 0.000000
vt 0.474915 0.511538 0.000000
vt 0.454392 0.508935 0.000000
vt 0.468929 0.524507 0.000000
vt 0.483017 0.539355 0.000000
vt 0.461242 0.535281 0.000000
vt 0.474164 0.554551 0.000000
vt 0.452003 0.544323 0.000000
vt 0.463219 0.567879 0.000000
vt 0.441502 0.551242 0.000000
vt 0.441091 0.523217 0.000000
vt 0.432354 0.528398 0.000000
vt 0.421972 0.531137 0.000000
vt 0.421799 0.505430 0.000000
vt 0.413462 0.507093 0.000000
vt 0.404092 0.506903 0.000000
vt 0.409634 0.531744 0.000000
vt 0.394376 0.504465 0.000000
vt 0.394879 0.527546 0.000000
vt 0.383718 0.499373 0.000000
vt 0.380032 0.517738 0.000000
vt 0.373549 0.490419 0.000000
vt 0.367095 0.503929 0.000000
vt 0.357298 0.489816 0.000000
vt 0.349006 0.475692 0.000000
vt 0.343140 0.462485 0.000000
vt 0.604839 0.063030 0.000000
vt 0.593537 0.054398 0.000000
vt 0.589279 0.069731 0.000000
vt 0.600856 0.078542 0.000000
vt 0.614477 0.089228 0.000000
vt 0.618154 0.074052 0.000000
vt 0.596333 0.091851 0.000000
vt 0.611259 0.101527 0.000000
vt 0.626634 0.110880 0.000000
vt 0.629060 0.100181 0.000000
vt 0.632136 0.086309 0.000000
vt 0.640943 0.118385 0.000000
vt 0.642592 0.109214 0.000000
vt 0.646065 0.099343 0.000000
vt 0.653415 0.115194 0.000000
vt 0.655708 0.107436 0.000000
vt 0.307149 0.456905 0.000000
vt 0.661405 0.118482 0.000000
vt 0.661976 0.111380 0.000000
vt 0.300646 0.458710 0.000000
vt 0.625181 0.120085 0.000000
vt 0.640188 0.126393 0.000000
vt 0.624537 0.129570 0.000000
vt 0.638931 0.133763 0.000000
vt 0.624042 0.138023 0.000000
vt 0.638715 0.140629 0.000000
vt 0.652080 0.143761 0.000000
vt 0.835756 0.818783 0.000000
vt 0.828678 0.834223 0.000000
vt 0.833910 0.841827 0.000000
vt 0.841729 0.825540 0.000000
vt 0.823131 0.860230 0.000000
vt 0.828754 0.869274 0.000000
vt 0.818754 0.852444 0.000000
vt 0.813015 0.888115 0.000000
vt 0.820177 0.896090 0.000000
vt 0.836348 0.879975 0.000000
vt 0.807895 0.881693 0.000000
vt 0.803639 0.876277 0.000000
vt 0.788078 0.897130 0.000000
vt 0.792827 0.900233 0.000000
vt 0.797761 0.905276 0.000000
vt 0.777240 0.918706 0.000000
vt 0.782521 0.922376 0.000000
vt 0.788504 0.928301 0.000000
vt 0.803983 0.912516 0.000000
vt 0.794745 0.935939 0.000000
vt 0.779943 0.948514 0.000000
vt 0.785846 0.954064 0.000000
vt 0.800955 0.944143 0.000000
vt 0.774091 0.943063 0.000000
vt 0.768247 0.938884 0.000000
vt 0.755592 0.954060 0.000000
vt 0.761745 0.956200 0.000000
vt 0.768284 0.959008 0.000000
vt 0.755139 0.971288 0.000000
vt 0.759651 0.973141 0.000000
vt 0.773166 0.963064 0.000000
vt 0.749774 0.969717 0.000000
vt 0.744175 0.968457 0.000000
vt 0.735361 0.980480 0.000000
vt 0.729114 0.989665 0.000000
vt 0.739115 0.967418 0.000000
vt 0.730919 0.979834 0.000000
vt 0.725274 0.989471 0.000000
vt 0.722441 0.988808 0.000000
vt 0.727548 0.978915 0.000000
vt 0.470676 0.143366 0.000000
vt 0.470594 0.139666 0.000000
vt 0.462667 0.140461 0.000000
vt 0.462667 0.143761 0.000000
vt 0.735207 0.966263 0.000000
vt 0.481968 0.142523 0.000000
vt 0.481481 0.138345 0.000000
vt 0.482615 0.133785 0.000000
vt 0.472079 0.135622 0.000000
vt 0.496693 0.141182 0.000000
vt 0.495223 0.136417 0.000000
vt 0.495151 0.131355 0.000000
vt 0.485971 0.128896 0.000000
vt 0.511845 0.133865 0.000000
vt 0.509681 0.128133 0.000000
vt 0.531253 0.130453 0.000000
vt 0.527439 0.123508 0.000000
vt 0.540130 0.109652 0.000000
vt 0.533905 0.105797 0.000000
vt 0.554984 0.099372 0.000000
vt 0.548293 0.095179 0.000000
vt 0.235105 0.346294 0.000000
vt 0.241093 0.354903 0.000000
vt 0.262378 0.353241 0.000000
vt 0.256132 0.346105 0.000000
vt 0.566012 0.088520 0.000000
vt 0.559361 0.084263 0.000000
vt 0.216887 0.345847 0.000000
vt 0.222473 0.355880 0.000000
vt 0.229389 0.369331 0.000000
vt 0.199888 0.344707 0.000000
vt 0.204668 0.356361 0.000000
vt 0.209460 0.372378 0.000000
vt 0.188401 0.356258 0.000000
vt 0.191326 0.375214 0.000000
vt 0.184124 0.342591 0.000000
vt 0.574615 0.058461 0.000000
vt 0.568169 0.072097 0.000000
vt 0.574478 0.076473 0.000000
vt 0.580637 0.063292 0.000000
vt 0.583796 0.083222 0.000000
vt 0.514147 0.139279 0.000000
vt 0.534061 0.137021 0.000000
vt 0.772218 0.916783 0.000000
vt 0.757992 0.934536 0.000000
vt 0.762783 0.936044 0.000000
vt 0.745558 0.951147 0.000000
vt 0.750090 0.952275 0.000000
vt 0.317707 0.353950 0.000000
vt 0.308789 0.354984 0.000000
vt 0.321479 0.361581 0.000000
vt 0.329921 0.360158 0.000000
vt 0.335402 0.360306 0.000000
vt 0.323405 0.354453 0.000000
vt 0.492361 0.123458 0.000000
vt 0.333691 0.367603 0.000000
vt 0.340334 0.366061 0.000000
vt 0.344776 0.365941 0.000000
vt 0.353082 0.371247 0.000000
vt 0.347731 0.366898 0.000000
vt 0.338908 0.361661 0.000000
vt 0.355240 0.374830 0.000000
vt 0.718622 0.994751 0.000000
vt 0.718622 0.998825 0.000000
vt 0.720964 0.987798 0.000000
vt 0.353844 0.377512 0.000000
vt 0.310186 0.099691 0.000000
vt 0.311709 0.099439 0.000000
vt 0.310329 0.096634 0.000000
vt 0.308834 0.097068 0.000000
vt 0.313858 0.101843 0.000000
vt 0.317845 0.100867 0.000000
vt 0.315841 0.098120 0.000000
vt 0.314486 0.094965 0.000000
vt 0.323121 0.095784 0.000000
vt 0.322019 0.092040 0.000000
vt 0.320703 0.088542 0.000000
vt 0.313926 0.091818 0.000000
vt 0.726956 0.998079 0.000000
vt 0.728074 0.996756 0.000000
vt 0.735724 0.992493 0.000000
vt 0.333943 0.087592 0.000000
vt 0.332392 0.083578 0.000000
vt 0.747803 0.984664 0.000000
vt 0.348354 0.082456 0.000000
vt 0.346243 0.077687 0.000000
vt 0.761676 0.975306 0.000000
vt 0.363595 0.077086 0.000000
vt 0.360321 0.071634 0.000000
vt 0.775723 0.966264 0.000000
vt 0.378106 0.071782 0.000000
vt 0.373730 0.065325 0.000000
vt 0.789566 0.958250 0.000000
vt 0.393997 0.065126 0.000000
vt 0.388397 0.057312 0.000000
vt 0.805795 0.950380 0.000000
vt 0.411801 0.056163 0.000000
vt 0.404654 0.047160 0.000000
vt 0.427580 0.046442 0.000000
vt 0.421741 0.035128 0.000000
vt 0.450870 0.050013 0.000000
vt 0.439536 0.037004 0.000000
vt 0.434753 0.024261 0.000000
vt 0.382680 0.078749 0.000000
vt 0.366405 0.082997 0.000000
vt 0.368693 0.088717 0.000000
vt 0.389310 0.085697 0.000000
vt 0.349578 0.087630 0.000000
vt 0.348877 0.092789 0.000000
vt 0.334506 0.092129 0.000000
vt 0.333489 0.096538 0.000000
vt 0.323738 0.099261 0.000000
vt 0.387476 0.482082 0.000000
vt 0.380123 0.477316 0.000000
vt 0.392240 0.468368 0.000000
vt 0.387396 0.464577 0.000000
vt 0.391511 0.449756 0.000000
vt 0.402229 0.445240 0.000000
vt 0.399192 0.438276 0.000000
vt 0.396818 0.434284 0.000000
vt 0.387025 0.443736 0.000000
vt 0.405276 0.445638 0.000000
vt 0.408136 0.448869 0.000000
vt 0.406708 0.444440 0.000000
vt 0.408095 0.455003 0.000000
vt 0.406253 0.457966 0.000000
vt 0.410355 0.458103 0.000000
vt 0.414046 0.462888 0.000000
vt 0.419477 0.471153 0.000000
vt 0.423206 0.468330 0.000000
vt 0.415454 0.473254 0.000000
vt 0.420878 0.485299 0.000000
vt 0.426345 0.482907 0.000000
vt 0.411340 0.474393 0.000000
vt 0.414876 0.487498 0.000000
vt 0.429159 0.502481 0.000000
vt 0.406608 0.474441 0.000000
vt 0.408586 0.488150 0.000000
vt 0.402071 0.473374 0.000000
vt 0.401907 0.487468 0.000000
vt 0.397289 0.471149 0.000000
vt 0.394797 0.485405 0.000000
vt 0.403813 0.463442 0.000000
vt 0.448070 0.516786 0.000000
vt 0.435733 0.498746 0.000000
vt 0.441432 0.492885 0.000000
vt 0.431305 0.479408 0.000000
vt 0.446363 0.486161 0.000000
vt 0.436144 0.473720 0.000000
vt 0.426923 0.464301 0.000000
vt 0.967312 0.999833 0.000000
vt 0.972938 0.994588 0.000000
vt 0.712317 0.582038 0.000000
vt 0.706660 0.585623 0.000000
vt 0.709557 0.593023 0.000000
vt 0.715513 0.588828 0.000000
vt 0.712847 0.602998 0.000000
vt 0.718829 0.597928 0.000000
vt 0.716411 0.616237 0.000000
vt 0.722824 0.611163 0.000000
vt 0.720676 0.631354 0.000000
vt 0.727215 0.626852 0.000000
vt 0.734267 0.622737 0.000000
vt 0.730506 0.641314 0.000000
vt 0.737008 0.638152 0.000000
vt 0.744930 0.635712 0.000000
vt 0.725288 0.645169 0.000000
vt 0.728636 0.654500 0.000000
vt 0.720852 0.649451 0.000000
vt 0.725034 0.657556 0.000000
vt 0.728277 0.663514 0.000000
vt 0.731482 0.661498 0.000000
vt 0.730701 0.668474 0.000000
vt 0.733933 0.666533 0.000000
vt 0.733179 0.672992 0.000000
vt 0.736620 0.671011 0.000000
vt 0.740748 0.668069 0.000000
vt 0.739561 0.675874 0.000000
vt 0.744460 0.673126 0.000000
vt 0.751959 0.667806 0.000000
vt 0.746078 0.662563 0.000000
vt 0.742296 0.681402 0.000000
vt 0.735590 0.677600 0.000000
vt 0.737845 0.682792 0.000000
vt 0.739569 0.688246 0.000000
vt 0.744188 0.687958 0.000000
vt 0.740138 0.693765 0.000000
vt 0.744939 0.694860 0.000000
vt 0.735911 0.688848 0.000000
vt 0.736581 0.693356 0.000000
vt 0.736404 0.698090 0.000000
vt 0.735429 0.702793 0.000000
vt 0.733314 0.708383 0.000000
vt 0.728806 0.714368 0.000000
vt 0.733612 0.721121 0.000000
vt 0.725795 0.728397 0.000000
vt 0.731488 0.738775 0.000000
vt 0.741869 0.728555 0.000000
vt 0.721320 0.719624 0.000000
vt 0.711504 0.724093 0.000000
vt 0.715475 0.735197 0.000000
vt 0.704800 0.741395 0.000000
vt 0.710850 0.752965 0.000000
vt 0.720512 0.746399 0.000000
vt 0.700368 0.729388 0.000000
vt 0.687739 0.736498 0.000000
vt 0.692790 0.748785 0.000000
vt 0.684401 0.720237 0.000000
vt 0.670272 0.726108 0.000000
vt 0.673004 0.744700 0.000000
vt 0.682373 0.701096 0.000000
vt 0.669978 0.703529 0.000000
vt 0.657158 0.704619 0.000000
vt 0.655647 0.729098 0.000000
vt 0.680820 0.682179 0.000000
vt 0.669510 0.681521 0.000000
vt 0.658318 0.680329 0.000000
vt 0.647785 0.679017 0.000000
vt 0.669861 0.660814 0.000000
vt 0.680551 0.664375 0.000000
vt 0.672425 0.643059 0.000000
vt 0.672080 0.632546 0.000000
vt 0.611390 0.506821 0.000000
vt 0.604111 0.505300 0.000000
vt 0.594504 0.501980 0.000000
vt 0.592300 0.516351 0.000000
vt 0.669996 0.618303 0.000000
vt 0.678334 0.600030 0.000000
vt 0.666710 0.602583 0.000000
vt 0.691502 0.667856 0.000000
vt 0.702688 0.671354 0.000000
vt 0.711295 0.673929 0.000000
vt 0.711660 0.666377 0.000000
vt 0.713841 0.659625 0.000000
vt 0.721792 0.660875 0.000000
vt 0.717013 0.654146 0.000000
vt 0.714578 0.636735 0.000000
vt 0.709128 0.622120 0.000000
vt 0.705591 0.607984 0.000000
vt 0.703284 0.597192 0.000000
vt 0.696202 0.598525 0.000000
vt 0.357204 0.403971 0.000000
vt 0.358294 0.394575 0.000000
vt 0.688035 0.598805 0.000000
vt 0.356241 0.411180 0.000000
vt 0.701090 0.587303 0.000000
vt 0.725244 0.666212 0.000000
vt 0.727790 0.670609 0.000000
vt 0.726689 0.676822 0.000000
vt 0.729973 0.674879 0.000000
vt 0.728761 0.681008 0.000000
vt 0.732092 0.679177 0.000000
vt 0.731058 0.685446 0.000000
vt 0.734314 0.683985 0.000000
vt 0.725180 0.683247 0.000000
vt 0.727719 0.687567 0.000000
vt 0.720969 0.685932 0.000000
vt 0.724415 0.690521 0.000000
vt 0.718608 0.680680 0.000000
vt 0.723015 0.678880 0.000000
vt 0.636728 0.677559 0.000000
vt 0.626399 0.675357 0.000000
vt 0.633694 0.650149 0.000000
vt 0.626850 0.648044 0.000000
vt 0.617347 0.672265 0.000000
vt 0.638868 0.631173 0.000000
vt 0.632872 0.630359 0.000000
vt 0.627630 0.628287 0.000000
vt 0.620689 0.645534 0.000000
vt 0.640851 0.619917 0.000000
vt 0.636046 0.618775 0.000000
vt 0.631917 0.616994 0.000000
vt 0.628270 0.614493 0.000000
vt 0.622981 0.625533 0.000000
vt 0.637998 0.609213 0.000000
vt 0.634542 0.607913 0.000000
vt 0.631202 0.606287 0.000000
vt 0.628287 0.604057 0.000000
vt 0.625266 0.611538 0.000000
vt 0.636072 0.600777 0.000000
vt 0.632855 0.599462 0.000000
vt 0.629614 0.598004 0.000000
vt 0.629915 0.592469 0.000000
vt 0.625539 0.591142 0.000000
vt 0.619871 0.591629 0.000000
vt 0.630111 0.587307 0.000000
vt 0.613167 0.595011 0.000000
vt 0.608745 0.608371 0.000000
vt 0.601608 0.628702 0.000000
vt 0.612279 0.614025 0.000000
vt 0.605519 0.634110 0.000000
vt 0.615755 0.618719 0.000000
vt 0.609872 0.638882 0.000000
vt 0.619372 0.622416 0.000000
vt 0.614915 0.642511 0.000000
vt 0.597309 0.658927 0.000000
vt 0.603464 0.664376 0.000000
vt 0.610032 0.668408 0.000000
vt 0.590910 0.685472 0.000000
vt 0.599578 0.690977 0.000000
vt 0.609389 0.696387 0.000000
vt 0.600338 0.718513 0.000000
vt 0.582710 0.679083 0.000000
vt 0.592409 0.653226 0.000000
vt 0.639175 0.601303 0.000000
vt 0.641880 0.610167 0.000000
vt 0.642621 0.601979 0.000000
vt 0.645993 0.610765 0.000000
vt 0.646548 0.602368 0.000000
vt 0.650938 0.611140 0.000000
vt 0.659160 0.751601 0.000000
vt 0.669348 0.771293 0.000000
vt 0.680018 0.759141 0.000000
vt 0.682412 0.782325 0.000000
vt 0.690757 0.769979 0.000000
vt 0.700790 0.759941 0.000000
vt 0.701848 0.779135 0.000000
vt 0.709814 0.770811 0.000000
vt 0.717563 0.763946 0.000000
vt 0.784012 0.631115 0.000000
vt 0.789205 0.619006 0.000000
vt 0.795685 0.607105 0.000000
vt 0.694063 0.789356 0.000000
vt 0.725948 0.757823 0.000000
vt 0.737753 0.750133 0.000000
vt 0.749727 0.740696 0.000000
vt 0.754199 0.730398 0.000000
vt 0.779085 0.695870 0.000000
vt 0.771299 0.707705 0.000000
vt 0.492820 0.815688 0.000000
vt 0.512277 0.828314 0.000000
vt 0.559722 0.865004 0.000000
vt 0.543749 0.880127 0.000000
vt 0.563660 0.878253 0.000000
vt 0.583571 0.873365 0.000000
vt 0.145451 0.314754 0.000000
vt 0.066206 0.425098 0.000000
vt 0.079919 0.433284 0.000000
vt 0.602791 0.755160 0.000000
vt 0.052254 0.415970 0.000000
vt 0.616487 0.763732 0.000000
vt 0.037799 0.403710 0.000000
vt 0.630292 0.776371 0.000000
vt 0.022747 0.392498 0.000000
vt 0.643117 0.790549 0.000000
vt 0.652932 0.804712 0.000000
vt 0.656558 0.815091 0.000000
vt 0.840538 0.516917 0.000000
vt 0.841886 0.510084 0.000000
vt 0.102700 0.063219 0.000000
vt 0.080888 0.051289 0.000000
vt 0.088497 0.067338 0.000000
vt 0.067693 0.052929 0.000000
vt 0.073385 0.069184 0.000000
vt 0.055302 0.053662 0.000000
vt 0.059768 0.069226 0.000000
vt 0.048354 0.080696 0.000000
vt 0.034583 0.075862 0.000000
vt 0.033766 0.089398 0.000000
vt 0.047286 0.093591 0.000000
vt 0.034010 0.103905 0.000000
vt 0.046060 0.107244 0.000000
vt 0.035665 0.117412 0.000000
vt 0.046043 0.120027 0.000000
vt 0.047537 0.131183 0.000000
vt 0.049685 0.141543 0.000000
vt 0.058211 0.142682 0.000000
vt 0.067721 0.143800 0.000000
vt 0.051516 0.150638 0.000000
vt 0.059699 0.151943 0.000000
vt 0.069810 0.153647 0.000000
vt 0.083154 0.156603 0.000000
vt 0.081211 0.145347 0.000000
vt 0.060778 0.160702 0.000000
vt 0.070946 0.163249 0.000000
vt 0.084540 0.166881 0.000000
vt 0.102311 0.175833 0.000000
vt 0.102784 0.162039 0.000000
vt 0.100546 0.147968 0.000000
vt 0.053000 0.159178 0.000000
vt 0.045899 0.158318 0.000000
vt 0.047910 0.166804 0.000000
vt 0.050418 0.176767 0.000000
vt 0.053209 0.187824 0.000000
vt 0.044782 0.187752 0.000000
vt 0.045076 0.199494 0.000000
vt 0.055316 0.200537 0.000000
vt 0.035476 0.185801 0.000000
vt 0.034923 0.197156 0.000000
vt 0.033996 0.208894 0.000000
vt 0.043834 0.211009 0.000000
vt 0.024654 0.182268 0.000000
vt 0.024593 0.194767 0.000000
vt 0.024396 0.207418 0.000000
vt 0.023621 0.220446 0.000000
vt 0.013227 0.192592 0.000000
vt 0.013775 0.206951 0.000000
vt 0.013027 0.220589 0.000000
vt 0.013505 0.235037 0.000000
vt 0.023501 0.232619 0.000000
vt 0.000167 0.206307 0.000000
vt 0.000167 0.222563 0.000000
vt 0.000167 0.238003 0.000000
vt 0.000167 0.189764 0.000000
vt 0.019120 0.069447 0.000000
vt 0.019447 0.084957 0.000000
vt 0.013180 0.178222 0.000000
vt 0.000167 0.173467 0.000000
vt 0.020646 0.101380 0.000000
vt 0.014676 0.163939 0.000000
vt 0.002140 0.158769 0.000000
vt 0.024076 0.117826 0.000000
vt 0.014391 0.149699 0.000000
vt 0.004433 0.145869 0.000000
vt 0.020211 0.153357 0.000000
vt 0.024864 0.245249 0.000000
vt 0.014046 0.249211 0.000000
vt 0.015837 0.262873 0.000000
vt 0.027140 0.258436 0.000000
vt 0.001229 0.253087 0.000000
vt 0.003324 0.268080 0.000000
vt 0.006502 0.281616 0.000000
vt 0.049685 0.037481 0.000000
vt 0.062443 0.037843 0.000000
vt 0.074252 0.036623 0.000000
vt 0.038705 0.252368 0.000000
vt 0.050276 0.243971 0.000000
vt 0.054462 0.213698 0.000000
vt 0.132875 0.221988 0.000000
vt 0.206381 0.197868 0.000000
vt 0.200130 0.187504 0.000000
vt 0.192437 0.173908 0.000000
vt 0.208001 0.179349 0.000000
vt 0.202863 0.166871 0.000000
vt 0.184407 0.156248 0.000000
vt 0.176334 0.137305 0.000000
vt 0.216680 0.175009 0.000000
vt 0.213351 0.163191 0.000000
vt 0.226785 0.173956 0.000000
vt 0.225726 0.163285 0.000000
vt 0.237807 0.175756 0.000000
vt 0.238779 0.165499 0.000000
vt 0.239498 0.155014 0.000000
vt 0.240745 0.145980 0.000000
vt 0.252750 0.169397 0.000000
vt 0.254715 0.159631 0.000000
vt 0.255795 0.150289 0.000000
vt 0.270934 0.165200 0.000000
vt 0.271355 0.153388 0.000000
vt 0.268899 0.140811 0.000000
vt 0.267636 0.175432 0.000000
vt 0.283060 0.184497 0.000000
vt 0.262853 0.187157 0.000000
vt 0.276427 0.197904 0.000000
vt 0.290070 0.210219 0.000000
vt 0.297539 0.195089 0.000000
vt 0.304009 0.221824 0.000000
vt 0.311354 0.206410 0.000000
vt 0.318237 0.231953 0.000000
vt 0.325274 0.216909 0.000000
vt 0.332180 0.203028 0.000000
vt 0.339858 0.225976 0.000000
vt 0.333118 0.240449 0.000000
vt 0.310538 0.247156 0.000000
vt 0.326543 0.254727 0.000000
vt 0.295939 0.237383 0.000000
vt 0.250015 0.179967 0.000000
vt 0.246140 0.190221 0.000000
vt 0.236116 0.184819 0.000000
vt 0.213498 0.205712 0.000000
vt 0.221172 0.210597 0.000000
vt 0.257930 0.271947 0.000000
vt 0.264620 0.288215 0.000000
vt 0.277630 0.294309 0.000000
vt 0.259840 0.299013 0.000000
vt 0.272386 0.301229 0.000000
vt 0.283179 0.309306 0.000000
vt 0.288760 0.303987 0.000000
vt 0.516439 0.938682 0.000000
vt 0.512945 0.924386 0.000000
vt 0.502746 0.924199 0.000000
vt 0.509248 0.940370 0.000000
vt 0.515040 0.953981 0.000000
vt 0.521077 0.952281 0.000000
vt 0.502488 0.943303 0.000000
vt 0.509419 0.956146 0.000000
vt 0.513793 0.966919 0.000000
vt 0.515485 0.976658 0.000000
vt 0.503783 0.958995 0.000000
vt 0.515174 0.982807 0.000000
vt 0.514337 0.987495 0.000000
vt 0.518008 0.988515 0.000000
vt 0.401276 0.106528 0.000000
vt 0.405441 0.107884 0.000000
vt 0.406938 0.103878 0.000000
vt 0.402364 0.102891 0.000000
vt 0.521546 0.989345 0.000000
vt 0.309473 0.324741 0.000000
vt 0.301565 0.311342 0.000000
vt 0.493036 0.925884 0.000000
vt 0.300394 0.135679 0.000000
vt 0.472628 0.152082 0.000000
vt 0.427066 0.145621 0.000000
vt 0.418733 0.138923 0.000000
vt 0.428934 0.143748 0.000000
vt 0.409441 0.126241 0.000000
vt 0.437573 0.206894 0.000000
vt 0.462468 0.215052 0.000000
vt 0.471710 0.230654 0.000000
vt 0.481156 0.244666 0.000000
vt 0.478712 0.269301 0.000000
vt 0.491995 0.258467 0.000000
vt 0.513904 0.262157 0.000000
vt 0.522275 0.272764 0.000000
vt 0.530456 0.267804 0.000000
vt 0.524846 0.256309 0.000000
vt 0.538458 0.264745 0.000000
vt 0.534682 0.252914 0.000000
vt 0.546456 0.263675 0.000000
vt 0.544998 0.251598 0.000000
vt 0.545251 0.236933 0.000000
vt 0.555426 0.252191 0.000000
vt 0.557212 0.237964 0.000000
vt 0.566334 0.254310 0.000000
vt 0.569060 0.240316 0.000000
vt 0.554643 0.264166 0.000000
vt 0.563404 0.266629 0.000000
vt 0.553765 0.272939 0.000000
vt 0.561037 0.275029 0.000000
vt 0.569298 0.279499 0.000000
vt 0.570594 0.292634 0.000000
vt 0.577969 0.286869 0.000000
vt 0.562413 0.295327 0.000000
vt 0.554388 0.296341 0.000000
vt 0.554789 0.303185 0.000000
vt 0.547407 0.290400 0.000000
vt 0.546459 0.296321 0.000000
vt 0.545022 0.302902 0.000000
vt 0.540373 0.289723 0.000000
vt 0.537771 0.295513 0.000000
vt 0.535804 0.302463 0.000000
vt 0.529173 0.293878 0.000000
vt 0.526947 0.300820 0.000000
vt 0.143000 0.983241 0.000000
vt 0.151089 0.983148 0.000000
vt 0.151835 0.975327 0.000000
vt 0.143314 0.977323 0.000000
vt 0.159000 0.984282 0.000000
vt 0.160042 0.975810 0.000000
vt 0.167122 0.985721 0.000000
vt 0.167695 0.977138 0.000000
vt 0.532637 0.287884 0.000000
vt 0.548069 0.284482 0.000000
vt 0.547909 0.278609 0.000000
vt 0.547453 0.272360 0.000000
vt 0.465418 0.280524 0.000000
vt 0.877035 0.395659 0.000000
vt 0.878015 0.389480 0.000000
vt 0.869839 0.387583 0.000000
vt 0.876822 0.401953 0.000000
vt 0.611551 0.197920 0.000000
vt 0.861777 0.384072 0.000000
vt 0.614768 0.206142 0.000000
vt 0.618038 0.202690 0.000000
vt 0.854815 0.379874 0.000000
vt 0.621941 0.210154 0.000000
vt 0.624734 0.206571 0.000000
vt 0.848833 0.374788 0.000000
vt 0.845659 0.378532 0.000000
vt 0.708191 0.345945 0.000000
vt 0.712839 0.347164 0.000000
vt 0.713662 0.340808 0.000000
vt 0.709047 0.339457 0.000000
vt 0.703826 0.338005 0.000000
vt 0.702982 0.344486 0.000000
vt 0.841388 0.381446 0.000000
vt 0.698006 0.336334 0.000000
vt 0.697204 0.342662 0.000000
vt 0.835949 0.383130 0.000000
vt 0.691021 0.334082 0.000000
vt 0.690362 0.340477 0.000000
vt 0.829221 0.383172 0.000000
vt 0.829767 0.390801 0.000000
vt 0.830216 0.398538 0.000000
vt 0.821812 0.381602 0.000000
vt 0.821165 0.390130 0.000000
vt 0.814838 0.378626 0.000000
vt 0.812968 0.388371 0.000000
vt 0.808428 0.374837 0.000000
vt 0.804856 0.384836 0.000000
vt 0.682861 0.338095 0.000000
vt 0.682588 0.331221 0.000000
vt 0.691760 0.327772 0.000000
vt 0.683889 0.324749 0.000000
vt 0.693623 0.322124 0.000000
vt 0.687165 0.319211 0.000000
vt 0.681707 0.315162 0.000000
vt 0.691360 0.314876 0.000000
vt 0.687976 0.311320 0.000000
vt 0.685449 0.306738 0.000000
vt 0.678352 0.310289 0.000000
vt 0.693122 0.308302 0.000000
vt 0.690847 0.304611 0.000000
vt 0.696921 0.306521 0.000000
vt 0.695207 0.311497 0.000000
vt 0.698968 0.308931 0.000000
vt 0.698555 0.313778 0.000000
vt 0.701164 0.310433 0.000000
vt 0.702298 0.314629 0.000000
vt 0.703713 0.310890 0.000000
vt 0.706003 0.314722 0.000000
vt 0.701064 0.318787 0.000000
vt 0.705612 0.319170 0.000000
vt 0.709900 0.319007 0.000000
vt 0.705441 0.324641 0.000000
vt 0.710212 0.324962 0.000000
vt 0.714460 0.324983 0.000000
vt 0.713960 0.318581 0.000000
vt 0.718055 0.325161 0.000000
vt 0.718055 0.318457 0.000000
vt 0.714771 0.332928 0.000000
vt 0.718055 0.333570 0.000000
vt 0.652397 0.214905 0.000000
vt 0.641254 0.212533 0.000000
vt 0.641041 0.216788 0.000000
vt 0.629944 0.215959 0.000000
vt 0.629402 0.221071 0.000000
vt 0.640570 0.221654 0.000000
vt 0.630383 0.212615 0.000000
vt 0.620116 0.214521 0.000000
vt 0.718055 0.341878 0.000000
vt 0.717512 0.348455 0.000000
vt 0.611380 0.210510 0.000000
vt 0.618586 0.218951 0.000000
vt 0.628352 0.226832 0.000000
vt 0.639783 0.227450 0.000000
vt 0.710145 0.332252 0.000000
vt 0.704857 0.331326 0.000000
vt 0.699899 0.323892 0.000000
vt 0.698793 0.329892 0.000000
vt 0.696002 0.317422 0.000000
vt 0.832423 0.406391 0.000000
vt 0.836835 0.415102 0.000000
vt 0.845599 0.413420 0.000000
vt 0.854910 0.413389 0.000000
vt 0.841344 0.423906 0.000000
vt 0.848870 0.422144 0.000000
vt 0.856817 0.421739 0.000000
vt 0.865335 0.422099 0.000000
vt 0.865300 0.414284 0.000000
vt 0.851801 0.430276 0.000000
vt 0.858358 0.429899 0.000000
vt 0.865618 0.430283 0.000000
vt 0.873583 0.423950 0.000000
vt 0.865663 0.437312 0.000000
vt 0.865514 0.443422 0.000000
vt 0.871513 0.444478 0.000000
vt 0.190594 0.015005 0.000000
vt 0.186290 0.009760 0.000000
vt 0.181282 0.012784 0.000000
vt 0.186403 0.019132 0.000000
vt 0.878015 0.445817 0.000000
vt 0.194540 0.011288 0.000000
vt 0.190935 0.006604 0.000000
vt 0.176259 0.016310 0.000000
vt 0.182148 0.023838 0.000000
vt 0.170959 0.019123 0.000000
vt 0.177299 0.028006 0.000000
vt 0.165363 0.021136 0.000000
vt 0.172090 0.031858 0.000000
vt 0.849195 0.487957 0.000000
vt 0.847516 0.494786 0.000000
vt 0.851450 0.481997 0.000000
vt 0.843880 0.478554 0.000000
vt 0.836395 0.473808 0.000000
vt 0.853592 0.475675 0.000000
vt 0.846847 0.472829 0.000000
vt 0.855363 0.468842 0.000000
vt 0.849223 0.467187 0.000000
vt 0.855490 0.461879 0.000000
vt 0.850406 0.460445 0.000000
vt 0.829615 0.463909 0.000000
vt 0.826488 0.449393 0.000000
vt 0.828671 0.436441 0.000000
vt 0.835553 0.442513 0.000000
vt 0.840000 0.435752 0.000000
vt 0.834080 0.428247 0.000000
vt 0.842229 0.447410 0.000000
vt 0.845451 0.442121 0.000000
vt 0.845788 0.431761 0.000000
vt 0.875248 0.416293 0.000000
vt 0.876050 0.408814 0.000000
vt 0.699127 0.229795 0.000000
vt 0.701972 0.227214 0.000000
vt 0.698123 0.222700 0.000000
vt 0.693825 0.224943 0.000000
vt 0.699866 0.284257 0.000000
vt 0.695161 0.283460 0.000000
vt 0.128174 0.930241 0.000000
vt 0.116992 0.942942 0.000000
vt 0.290736 0.899277 0.000000
vt 0.295653 0.898230 0.000000
vt 0.293786 0.885659 0.000000
vt 0.284780 0.901418 0.000000
vt 0.290661 0.911291 0.000000
vt 0.294516 0.908745 0.000000
vt 0.286118 0.914919 0.000000
vt 0.291609 0.922628 0.000000
vt 0.295310 0.919065 0.000000
vt 0.298696 0.915782 0.000000
vt 0.295831 0.930294 0.000000
vt 0.301778 0.913499 0.000000
vt 0.298327 0.906851 0.000000
vt 0.304748 0.911345 0.000000
vt 0.302030 0.905779 0.000000
vt 0.300158 0.898062 0.000000
vt 0.303767 0.886533 0.000000
vt 0.298968 0.885778 0.000000
vt 0.305391 0.868343 0.000000
vt 0.299381 0.866882 0.000000
vt 0.310132 0.846063 0.000000
vt 0.310978 0.870775 0.000000
vt 0.316294 0.849324 0.000000
vt 0.327307 0.829921 0.000000
vt 0.322851 0.854164 0.000000
vt 0.333656 0.837653 0.000000
vt 0.349386 0.825545 0.000000
vt 0.339248 0.845839 0.000000
vt 0.353783 0.836786 0.000000
vt 0.368625 0.831444 0.000000
vt 0.358086 0.848017 0.000000
vt 0.369808 0.843508 0.000000
vt 0.364130 0.859152 0.000000
vt 0.372656 0.853045 0.000000
vt 0.377506 0.850892 0.000000
vt 0.354136 0.867033 0.000000
vt 0.363728 0.880664 0.000000
vt 0.345929 0.855991 0.000000
vt 0.336737 0.867097 0.000000
vt 0.344879 0.876590 0.000000
vt 0.329250 0.859744 0.000000
vt 0.322816 0.878075 0.000000
vt 0.329282 0.883169 0.000000
vt 0.316620 0.873903 0.000000
vt 0.313684 0.890407 0.000000
vt 0.318975 0.893381 0.000000
vt 0.308827 0.888134 0.000000
vt 0.316620 0.902614 0.000000
vt 0.324449 0.897487 0.000000
vt 0.330497 0.902463 0.000000
vt 0.336510 0.890067 0.000000
vt 0.337716 0.908561 0.000000
vt 0.344647 0.899046 0.000000
vt 0.353206 0.888052 0.000000
vt 0.359593 0.899159 0.000000
vt 0.365211 0.912331 0.000000
vt 0.313897 0.908542 0.000000
vt 0.311087 0.912306 0.000000
vt 0.308168 0.915036 0.000000
vt 0.311161 0.917367 0.000000
vt 0.222791 0.706082 0.000000
vt 0.217880 0.704721 0.000000
vt 0.394027 0.918120 0.000000
vt 0.044675 0.576868 0.000000
vt 0.056390 0.564647 0.000000
vt 0.012365 0.923953 0.000000
vt 0.922342 0.571818 0.000000
vt 0.845135 0.501724 0.000000
vt 0.682227 0.344103 0.000000
vt 0.323898 0.935518 0.000000
vt 0.323097 0.927676 0.000000
vt 0.772244 0.399045 0.000000
vt 0.785408 0.405347 0.000000
vt 0.128135 0.836356 0.000000
vt 0.616944 0.561846 0.000000
vt 0.623026 0.561361 0.000000
vt 0.660077 0.589793 0.000000
vt 0.653910 0.588943 0.000000
vt 0.628203 0.560821 0.000000
vt 0.630891 0.582523 0.000000
vt 0.727042 0.546445 0.000000
vt 0.733670 0.548376 0.000000
vt 0.025029 0.147794 0.000000
vt 0.143555 0.330402 0.000000
vt 0.143744 0.330402 0.000000
vt 0.143741 0.330005 0.000000
vt 0.143555 0.330032 0.000000
vt 0.143555 0.330651 0.000000
vt 0.143743 0.330667 0.000000
vt 0.671899 0.343102 0.000000
vt 0.672210 0.343102 0.000000
vt 0.672231 0.342845 0.000000
vt 0.671870 0.342896 0.000000
vt 0.143555 0.330959 0.000000
vt 0.143741 0.330932 0.000000
vt 0.671891 0.342638 0.000000
vt 0.672202 0.342638 0.000000
vt 0.143555 0.331330 0.000000
vt 0.143744 0.331330 0.000000
vt 0.143930 0.330402 0.000000
vt 0.143930 0.330711 0.000000
vt 0.670847 0.343102 0.000000
vt 0.670869 0.342845 0.000000
vt 0.670508 0.342896 0.000000
vt 0.670537 0.343102 0.000000
vt 0.143930 0.330032 0.000000
vt 0.143930 0.330959 0.000000
vt 0.143930 0.331330 0.000000
vt 0.670840 0.342638 0.000000
vt 0.670529 0.342638 0.000000
vt 0.143743 0.329740 0.000000
vt 0.143555 0.329723 0.000000
vt 0.143555 0.329475 0.000000
vt 0.143744 0.329475 0.000000
vt 0.143930 0.329783 0.000000
vt 0.143930 0.329475 0.000000
vt 0.146269 0.329963 0.000000
vt 0.146439 0.329986 0.000000
vt 0.146436 0.329635 0.000000
vt 0.146269 0.329635 0.000000
vt 0.146269 0.330196 0.000000
vt 0.146437 0.330234 0.000000
vt 0.677220 0.343102 0.000000
vt 0.677495 0.343102 0.000000
vt 0.677511 0.342863 0.000000
vt 0.677191 0.342908 0.000000
vt 0.677207 0.342668 0.000000
vt 0.677482 0.342669 0.000000
vt 0.146269 0.330482 0.000000
vt 0.146436 0.330482 0.000000
vt 0.146269 0.330810 0.000000
vt 0.146439 0.330833 0.000000
vt 0.676175 0.343102 0.000000
vt 0.676191 0.342863 0.000000
vt 0.675872 0.342908 0.000000
vt 0.675900 0.343102 0.000000
vt 0.146606 0.329963 0.000000
vt 0.146606 0.330249 0.000000
vt 0.146606 0.329635 0.000000
vt 0.146606 0.330482 0.000000
vt 0.146606 0.330810 0.000000
vt 0.676162 0.342669 0.000000
vt 0.675887 0.342668 0.000000
vt 0.146269 0.331330 0.000000
vt 0.146436 0.331330 0.000000
vt 0.146437 0.331082 0.000000
vt 0.146269 0.331044 0.000000
vt 0.146606 0.331330 0.000000
vt 0.146606 0.331096 0.000000
vt 0.144930 0.330810 0.000000
vt 0.145101 0.330833 0.000000
vt 0.145097 0.330482 0.000000
vt 0.144930 0.330482 0.000000
vt 0.144930 0.331044 0.000000
vt 0.145099 0.331082 0.000000
vt 0.674580 0.343102 0.000000
vt 0.674856 0.343102 0.000000
vt 0.674871 0.342863 0.000000
vt 0.674552 0.342908 0.000000
vt 0.674567 0.342668 0.000000
vt 0.674842 0.342669 0.000000
vt 0.144930 0.331330 0.000000
vt 0.145097 0.331330 0.000000
vt 0.144930 0.329635 0.000000
vt 0.144930 0.329963 0.000000
vt 0.145101 0.329986 0.000000
vt 0.145097 0.329635 0.000000
vt 0.673536 0.343102 0.000000
vt 0.673551 0.342863 0.000000
vt 0.673232 0.342908 0.000000
vt 0.673261 0.343102 0.000000
vt 0.145268 0.330810 0.000000
vt 0.145268 0.331096 0.000000
vt 0.145268 0.330482 0.000000
vt 0.145268 0.331330 0.000000
vt 0.145268 0.329635 0.000000
vt 0.145268 0.329963 0.000000
vt 0.673523 0.342669 0.000000
vt 0.673247 0.342668 0.000000
vt 0.145099 0.330234 0.000000
vt 0.144930 0.330196 0.000000
vt 0.145268 0.330249 0.000000
vt 0.142181 0.331080 0.000000
vt 0.142370 0.331065 0.000000
vt 0.142366 0.330666 0.000000
vt 0.142181 0.330709 0.000000
vt 0.142181 0.331330 0.000000
vt 0.142368 0.331330 0.000000
vt 0.667808 0.343102 0.000000
vt 0.668119 0.343102 0.000000
vt 0.668142 0.342845 0.000000
vt 0.667777 0.342895 0.000000
vt 0.667800 0.342638 0.000000
vt 0.668112 0.342638 0.000000
vt 0.142181 0.329781 0.000000
vt 0.142366 0.329738 0.000000
vt 0.142368 0.329473 0.000000
vt 0.142181 0.329473 0.000000
vt 0.142181 0.330152 0.000000
vt 0.142370 0.330137 0.000000
vt 0.669484 0.343102 0.000000
vt 0.669507 0.342845 0.000000
vt 0.669143 0.342895 0.000000
vt 0.669173 0.343102 0.000000
vt 0.142555 0.331022 0.000000
vt 0.142555 0.331330 0.000000
vt 0.142555 0.330651 0.000000
vt 0.142555 0.329722 0.000000
vt 0.142555 0.329473 0.000000
vt 0.142555 0.330093 0.000000
vt 0.669477 0.342638 0.000000
vt 0.669165 0.342638 0.000000
vt 0.142368 0.330401 0.000000
vt 0.142181 0.330401 0.000000
vt 0.142555 0.330401 0.000000
# 4715 texture coordinates

o Volume_Mesher_remesh_38
usemtl default
f 217/4/4 216/3/3 215/2/2 1/1/1
f 219/6/6 218/5/5 217/4/4 1/1/1
f 215/2/2 220/7/7 219/6/6 1/1/1
f 223/11/11 222/10/10 221/9/9 2/8/8
f 221/9/9 225/13/13 224/12/12 2/8/8
f 224/12/12 226/14/14 223/11/11 2/8/8
f 229/18/18 228/17/17 227/16/16 3/15/15
f 227/16/16 231/20/20 230/19/19 3/15/15
f 230/19/19 232/21/21 229/18/18 3/15/15
f 235/25/25 234/24/24 233/23/23 4/22/22
f 233/23/23 237/27/27 236/26/26 4/22/22
f 236/26/26 238/28/28 235/25/25 4/22/22
f 241/32/32 240/31/31 239/30/30 5/29/29
f 239/30/30 243/34/34 242/33/33 5/29/29
f 242/33/33 244/35/35 241/32/32 5/29/29
f 247/39/39 246/38/38 245/37/37 6/36/36
f 249/41/41 248/40/40 247/39/39 6/36/36
f 245/37/37 250/42/42 249/41/41 6/36/36
f 253/46/46 252/45/45 251/44/44 7/43/43
f 255/48/48 254/47/47 253/46/46 7/43/43
f 251/44/44 257/50/50 256/49/49 7/43/43
f 259/52/52 258/51/51 255/48/48 7/43/43
f 256/49/49 260/53/53 259/52/52 7/43/43
f 247/39/39 248/40/40 261/55/55 8/54/54
f 261/55/55 263/57/57 262/56/56 8/54/54
f 266/60/60 265/59/59 264/58/58 8/54/54
f 264/58/58 246/38/38 247/39/39 8/54/54
f 262/56/56 267/61/61 266/60/60 8/54/54
f 270/65/65 269/64/64 268/63/63 9/62/62
f 268/63/63 272/67/67 271/66/66 9/62/62
f 275/70/70 274/69/69 273/68/68 9/62/62
f 271/66/66 276/71/71 275/70/70 9/62/62
f 273/68/68 277/72/72 270/65/65 9/62/62
f 280/76/76 279/75/75 278/74/74 10/73/73
f 278/74/74 282/78/78 281/77/77 10/73/73
f 281/77/77 283/79/79 280/76/76 10/73/73
f 286/83/83 285/82/82 284/81/81 11/80/80
f 284/81/81 288/85/85 287/84/84 11/80/80
f 287/84/84 289/86/86 286/83/83 11/80/80
f 292/90/90 291/89/89 290/88/88 12/87/87
f 294/92/92 293/91/91 292/90/90 12/87/87
f 290/88/88 296/94/94 295/93/93 12/87/87
f 298/96/96 297/95/95 294/92/92 12/87/87
f 295/93/93 299/97/97 298/96/96 12/87/87
f 302/101/101 301/100/100 300/99/99 13/98/98
f 300/99/99 304/103/103 303/102/102 13/98/98
f 303/107/102 305/106/104 302/105/101 13/104/98
f 308/111/108 307/110/107 306/109/106 14/108/105
f 310/113/110 309/112/109 308/111/108 14/108/105
f 306/109/106 312/115/112 311/114/111 14/108/105
f 311/114/111 314/117/114 313/116/113 14/108/105
f 313/116/113 315/118/115 310/113/110 14/108/105
f 318/122/119 317/121/118 316/120/117 15/119/116
f 321/125/122 320/124/121 319/123/120 15/119/116
f 323/127/124 322/126/123 321/125/122 15/119/116
f 316/120/117 324/128/125 323/127/124 15/119/116
f 319/123/120 325/129/126 318/122/119 15/119/116
f 328/133/130 327/132/129 326/131/128 16/130/127
f 330/135/132 329/134/131 328/133/130 16/130/127
f 326/131/128 331/136/133 330/135/132 16/130/127
f 334/140/137 333/139/136 332/138/135 17/137/134
f 332/138/135 336/142/139 335/141/138 17/137/134
f 335/141/138 337/143/140 334/140/137 17/137/134
f 339/146/143 338/145/142 337/143/140 18/144/141
f 337/143/140 335/141/138 340/147/144 18/144/141
f 340/147/144 341/148/145 339/146/143 18/144/141
f 344/152/149 343/151/148 342/150/147 19/149/146
f 342/150/147 346/154/151 345/153/150 19/149/146
f 345/153/150 348/156/153 347/155/152 19/149/146
f 347/155/152 350/158/155 349/157/154 19/149/146
f 349/157/154 351/159/156 344/152/149 19/149/146
f 354/163/160 353/162/159 352/161/158 20/160/157
f 356/167/162 355/166/161 354/165/160 20/164/157
f 352/161/158 349/157/154 350/158/155 20/160/157
f 350/170/155 358/169/164 357/168/163 20/164/157
f 357/168/163 359/171/165 356/167/162 20/164/157
f 362/175/169 361/174/168 360/173/167 21/172/166
f 364/177/171 363/176/170 362/175/169 21/172/166
f 360/173/167 366/179/173 365/178/172 21/172/166
f 365/178/172 368/181/175 367/180/174 21/172/166
f 367/180/174 369/182/176 364/177/171 21/172/166
f 23/186/180 371/185/179 370/184/178 22/183/177
f 370/184/178 373/188/182 372/187/181 22/183/177
f 372/187/181 375/190/184 374/189/183 22/183/177
f 377/192/186 376/191/185 23/186/180 22/183/177
f 374/189/183 378/193/187 377/192/186 22/183/177
f 380/195/189 379/194/188 371/185/179 23/186/180
f 382/197/191 381/196/190 380/195/189 23/186/180
f 376/191/185 383/198/192 382/197/191 23/186/180
f 386/202/196 385/201/195 384/200/194 24/199/193
f 384/200/194 388/204/198 387/203/197 24/199/193
f 387/203/197 389/205/199 386/202/196 24/199/193
f 392/209/203 391/208/202 390/207/201 25/206/200
f 394/211/205 393/210/204 392/209/203 25/206/200
f 390/207/201 395/212/206 385/201/195 25/206/200
f 398/216/210 397/215/209 396/214/208 26/213/207
f 396/214/208 400/218/212 399/217/211 26/213/207
f 399/217/211 401/219/213 398/216/210 26/213/207
f 404/223/217 403/222/216 402/221/215 27/220/214
f 402/221/215 406/225/219 405/224/218 27/220/214
f 405/224/218 407/226/220 404/223/217 27/220/214
f 410/230/224 409/229/223 408/228/222 28/227/221
f 412/232/226 411/231/225 410/230/224 28/227/221
f 408/228/222 413/233/227 412/232/226 28/227/221
f 416/237/231 415/236/230 414/235/229 29/234/228
f 418/239/233 417/238/232 416/237/231 29/234/228
f 414/235/229 419/240/234 418/239/233 29/234/228
f 426/244/238 425/243/237 424/242/236 30/241/235
f 429/247/241 428/246/240 427/245/239 30/241/235
f 424/242/236 430/248/242 429/247/241 30/241/235
f 432/250/244 431/249/243 426/244/238 30/241/235
f 427/245/239 433/251/245 432/250/244 30/241/235
f 34/255/249 435/254/248 434/253/247 31/252/246
f 434/253/247 437/257/251 436/256/250 31/252/246
f 436/256/250 438/258/252 34/255/249 31/252/246
f 441/262/256 440/261/255 439/260/254 32/259/253
f 443/264/258 442/263/257 441/262/256 32/259/253
f 439/260/254 445/266/260 444/265/259 32/259/253
f 446/268/262 43/267/261 443/264/258 32/259/253
f 444/265/259 447/269/263 446/268/262 32/259/253
f 450/273/267 449/272/266 448/271/265 33/270/264
f 453/276/270 452/275/269 451/274/268 33/270/264
f 451/274/268 454/277/271 450/273/267 33/270/264
f 448/271/265 456/279/273 455/278/272 33/270/264
f 455/278/272 457/280/274 453/276/270 33/270/264
f 438/258/252 458/281/275 435/254/248 34/255/249
f 461/285/279 460/284/278 459/283/277 35/282/276
f 463/287/281 462/286/280 461/285/279 35/282/276
f 459/283/277 43/267/261 44/288/282 35/282/276
f 465/290/284 464/289/283 463/287/281 35/282/276
f 44/288/282 466/291/285 465/290/284 35/282/276
f 469/295/289 468/294/288 467/293/287 36/292/286
f 467/299/287 471/298/291 470/297/290 36/296/286
f 470/297/290 473/301/293 472/300/292 36/296/286
f 475/303/295 474/302/294 469/295/289 36/292/286
f 472/300/292 476/305/296 475/304/295 36/296/286
f 479/309/300 478/308/299 477/307/298 37/306/297
f 477/313/298 480/312/302 38/311/301 37/310/297
f 38/311/301 481/315/303 479/314/300 37/310/297
f 480/312/302 482/316/304 481/315/303 38/311/301
f 485/320/308 484/319/307 483/318/306 39/317/305
f 486/322/310 40/321/309 485/320/308 39/317/305
f 483/318/306 488/324/312 487/323/311 39/317/305
f 487/323/311 490/326/314 489/325/313 39/317/305
f 489/325/313 491/327/315 486/322/310 39/317/305
f 493/329/317 492/328/316 485/320/308 40/321/309
f 495/331/319 494/330/318 493/329/317 40/321/309
f 497/333/321 496/332/320 495/331/319 40/321/309
f 486/322/310 498/334/322 497/333/321 40/321/309
f 499/336/324 377/192/186 378/193/187 41/335/323
f 501/338/326 500/337/325 499/336/324 41/335/323
f 503/340/328 502/339/327 501/338/326 41/335/323
f 378/193/187 505/342/330 504/341/329 41/335/323
f 504/341/329 506/343/331 503/340/328 41/335/323
f 507/345/333 501/338/326 502/339/327 42/344/332
f 509/347/335 508/346/334 507/345/333 42/344/332
f 511/349/337 510/348/336 509/347/335 42/344/332
f 502/339/327 513/351/339 512/350/338 42/344/332
f 512/350/338 514/352/340 511/349/337 42/344/332
f 446/268/262 516/354/342 515/353/341 43/267/261
f 515/353/341 466/291/285 44/288/282 43/267/261
f 519/358/346 518/357/345 517/356/344 45/355/343
f 517/356/344 521/360/348 520/359/347 45/355/343
f 523/362/350 522/361/349 519/358/346 45/355/343
f 520/359/347 525/364/352 524/363/351 45/355/343
f 524/363/351 526/365/353 523/362/350 45/355/343
f 529/369/357 531/368/356 530/367/355 46/366/354
f 533/372/360 532/371/359 528/370/358 46/366/354
f 530/367/355 534/373/361 533/372/360 46/366/354
f 537/377/365 536/376/364 535/375/363 47/374/362
f 539/379/367 538/378/366 537/377/365 47/374/362
f 535/375/363 540/380/368 539/379/367 47/374/362
f 543/384/372 542/383/371 541/382/370 48/381/369
f 545/386/374 544/385/373 543/384/372 48/381/369
f 547/388/376 546/387/375 545/386/374 48/381/369
f 549/390/378 548/389/377 547/388/376 48/381/369
f 541/382/370 550/391/379 549/390/378 48/381/369
f 553/395/383 552/394/382 551/393/381 49/392/380
f 551/393/381 555/397/385 554/396/384 49/392/380
f 554/396/384 557/399/387 556/398/386 49/392/380
f 556/398/386 547/388/376 548/389/377 49/392/380
f 548/389/377 558/400/388 553/395/383 49/392/380
f 561/404/392 560/403/391 559/402/390 50/401/389
f 563/406/394 562/405/393 561/404/392 50/401/389
f 565/408/396 564/407/395 563/406/394 50/401/389
f 559/402/390 567/410/398 566/409/397 50/401/389
f 566/409/397 568/411/399 565/408/396 50/401/389
f 571/415/403 570/414/402 569/413/401 51/412/400
f 569/419/401 573/418/405 572/417/404 51/416/400
f 572/421/404 574/420/406 571/415/403 51/412/400
f 577/425/410 576/424/409 575/423/408 52/422/407
f 579/427/412 578/426/411 577/425/410 52/422/407
f 575/423/408 580/428/413 579/427/412 52/422/407
f 583/432/417 582/431/416 581/430/415 53/429/414
f 581/436/415 585/435/419 584/434/418 53/433/414
f 584/440/418 586/439/420 583/438/417 53/437/414
f 589/444/424 588/443/423 587/442/422 54/441/421
f 591/446/426 590/445/425 589/444/424 54/441/421
f 587/442/422 593/448/428 592/447/427 54/441/421
f 592/447/427 595/450/430 594/449/429 54/441/421
f 594/449/429 596/451/431 591/446/426 54/441/421
f 599/455/435 598/454/434 597/453/433 55/452/432
f 597/457/433 588/443/423 589/444/424 55/456/432
f 589/444/424 590/445/425 600/458/436 55/456/432
f 600/458/436 602/460/438 601/459/437 55/456/432
f 601/462/437 603/461/439 599/455/435 55/452/432
f 606/466/443 605/465/442 604/464/441 56/463/440
f 609/469/446 608/468/445 607/467/444 56/463/440
f 607/467/444 610/470/447 606/466/443 56/463/440
f 613/474/451 612/473/450 611/472/449 57/471/448
f 611/478/449 615/477/453 614/476/452 57/475/448
f 614/480/452 616/479/454 613/474/451 57/471/448
f 619/484/458 618/483/457 617/482/456 58/481/455
f 621/486/460 620/485/459 619/484/458 58/481/455
f 617/482/456 622/487/461 621/486/460 58/481/455
f 625/491/465 624/490/464 623/489/463 59/488/462
f 623/489/463 627/493/467 626/492/466 59/488/462
f 629/495/469 628/494/468 625/491/465 59/488/462
f 626/492/466 631/497/471 630/496/470 59/488/462
f 630/496/470 632/498/472 629/495/469 59/488/462
f 635/502/476 634/501/475 633/500/474 60/499/473
f 638/505/479 637/504/478 636/503/477 60/499/473
f 633/500/474 640/507/481 639/506/480 60/499/473
f 639/506/480 641/508/482 638/505/479 60/499/473
f 644/512/486 643/511/485 642/510/484 61/509/483
f 642/516/484 646/515/488 645/514/487 61/513/483
f 645/518/487 647/517/489 644/512/486 61/509/483
f 650/522/493 649/521/492 648/520/491 62/519/490
f 648/520/491 645/518/487 646/523/488 62/519/490
f 646/523/488 651/524/494 650/522/493 62/519/490
f 654/528/498 653/527/497 652/526/496 63/525/495
f 656/530/500 655/529/499 654/528/498 63/525/495
f 658/532/502 657/531/501 656/530/500 63/525/495
f 652/526/496 660/534/504 659/533/503 63/525/495
f 659/533/503 661/535/505 658/532/502 63/525/495
f 156/539/509 663/538/508 662/537/507 64/536/506
f 665/541/511 664/540/510 156/539/509 64/536/506
f 662/537/507 666/542/512 665/541/511 64/536/506
f 669/546/516 668/545/515 667/544/514 65/543/513
f 667/544/514 671/548/518 670/547/517 65/543/513
f 673/550/520 672/549/519 669/546/516 65/543/513
f 670/547/517 675/552/522 674/551/521 65/543/513
f 674/551/521 676/553/523 673/550/520 65/543/513
f 679/557/527 678/556/526 677/555/525 66/554/524
f 677/555/525 681/559/529 680/558/528 66/554/524
f 680/558/528 682/560/530 679/557/527 66/554/524
f 683/562/532 678/556/526 679/557/527 67/561/531
f 685/564/534 684/563/533 683/562/532 67/561/531
f 679/557/527 682/560/530 685/564/534 67/561/531
f 686/566/536 545/386/374 546/387/375 68/565/535
f 546/387/375 688/568/538 687/567/537 68/565/535
f 690/570/540 689/569/539 686/566/536 68/565/535
f 687/567/537 692/572/542 691/571/541 68/565/535
f 691/571/541 693/573/543 690/570/540 68/565/535
f 696/577/547 695/576/546 694/575/545 69/574/544
f 698/579/549 697/578/548 696/577/547 69/574/544
f 694/575/545 700/581/551 699/580/550 69/574/544
f 699/580/550 702/583/553 701/582/552 69/574/544
f 701/582/552 703/584/554 698/579/549 69/574/544
f 706/588/558 705/587/557 704/586/556 70/585/555
f 704/586/556 708/590/560 707/589/559 70/585/555
f 710/592/562 709/591/561 706/588/558 70/585/555
f 707/589/559 712/594/564 711/593/563 70/585/555
f 711/593/563 713/595/565 710/592/562 70/585/555
f 716/599/569 715/598/568 714/597/567 71/596/566
f 719/602/572 718/601/571 717/600/570 71/596/566
f 714/597/567 721/604/574 720/603/573 71/596/566
f 720/603/573 722/605/575 719/602/572 71/596/566
f 725/609/579 724/608/578 723/607/577 72/606/576
f 723/607/577 727/612/581 726/611/580 72/610/576
f 726/611/580 728/615/582 725/614/579 72/613/576
f 731/619/586 730/618/585 729/617/584 73/616/583
f 733/621/588 732/620/587 731/619/586 73/616/583
f 729/617/584 734/622/589 733/621/588 73/616/583
f 737/626/593 736/625/592 735/624/591 74/623/590
f 735/624/591 739/628/595 738/627/594 74/623/590
f 738/627/594 740/629/596 737/626/593 74/623/590
f 743/633/600 742/632/599 741/631/598 75/630/597
f 745/635/602 744/634/601 743/633/600 75/630/597
f 741/631/598 746/636/603 745/635/602 75/630/597
f 201/640/607 750/639/606 748/638/605 76/637/604
f 753/644/611 752/643/610 751/642/609 77/641/608
f 756/647/614 755/646/613 754/645/612 77/641/608
f 751/642/609 757/648/615 756/647/614 77/641/608
f 754/645/612 759/650/617 758/649/616 77/641/608
f 758/649/616 760/651/618 753/644/611 77/641/608
f 763/655/622 762/654/621 761/653/620 78/652/619
f 765/657/624 764/656/623 763/655/622 78/652/619
f 761/653/620 766/659/626 79/658/625 78/652/619
f 768/661/628 767/660/627 765/657/624 78/652/619
f 79/658/625 769/662/629 768/661/628 78/652/619
f 771/664/631 770/663/630 769/662/629 79/658/625
f 766/659/626 773/666/633 772/665/632 79/658/625
f 772/665/632 774/667/634 771/664/631 79/658/625
f 777/671/638 776/670/637 775/669/636 80/668/635
f 778/673/640 172/672/639 777/671/638 80/668/635
f 775/669/636 779/674/641 778/673/640 80/668/635
f 775/678/636 776/677/637 780/676/643 81/675/642
f 781/680/644 779/674/641 775/669/636 81/679/642
f 783/683/647 782/682/646 82/681/645 81/675/642
f 780/676/643 784/684/648 783/683/647 81/675/642
f 82/686/645 785/685/649 781/680/644 81/679/642
f 782/688/646 786/687/650 785/685/649 82/686/645
f 789/692/654 788/691/653 787/690/652 83/689/651
f 787/696/652 791/695/656 790/694/655 83/693/651
f 790/694/655 793/698/658 792/697/657 83/693/651
f 792/697/657 795/700/660 794/699/659 83/693/651
f 794/702/659 796/701/661 789/692/654 83/689/651
f 799/706/665 798/705/664 797/704/663 84/703/662
f 801/708/667 800/707/666 799/706/665 84/703/662
f 797/704/663 802/709/668 801/708/667 84/703/662
f 805/713/672 804/712/671 803/711/670 85/710/669
f 803/717/670 807/716/674 806/715/673 85/714/669
f 806/715/673 808/719/675 805/718/672 85/714/669
f 811/723/679 810/722/678 809/721/677 86/720/676
f 809/721/677 813/725/681 812/724/680 86/720/676
f 812/729/680 814/728/682 811/727/679 86/726/676
f 815/731/684 814/728/682 812/729/680 87/730/683
f 818/735/687 817/734/686 816/733/685 87/732/683
f 812/724/680 813/725/681 818/735/687 87/732/683
f 819/737/689 820/736/688 815/731/684 87/730/683
f 824/741/693 823/740/692 822/739/691 88/738/690
f 822/739/691 826/743/695 825/742/694 88/738/690
f 825/742/694 789/692/654 796/701/661 88/738/690
f 796/701/661 806/715/673 807/716/674 88/738/690
f 807/716/674 827/744/696 824/741/693 88/738/690
f 820/748/688 829/747/699 828/746/698 89/745/697
f 828/746/698 831/750/701 830/749/700 89/745/697
f 833/753/704 832/752/703 90/751/702 89/745/697
f 830/749/700 834/754/705 833/753/704 89/745/697
f 90/751/702 815/755/684 820/748/688 89/745/697
f 832/752/703 814/756/682 815/755/684 90/751/702
f 837/760/709 836/759/708 835/758/707 91/757/706
f 839/762/711 838/761/710 837/760/709 91/757/706
f 835/758/707 771/664/631 774/667/634 91/757/706
f 774/667/634 841/764/713 840/763/712 91/757/706
f 840/763/712 842/765/714 839/762/711 91/757/706
f 845/769/718 844/768/717 843/767/716 92/766/715
f 847/771/720 846/770/719 845/769/718 92/766/715
f 843/767/716 301/100/100 847/771/720 92/766/715
f 850/775/724 849/774/723 848/773/722 93/772/721
f 848/773/722 852/777/726 851/776/725 93/772/721
f 851/776/725 853/778/727 850/775/724 93/772/721
f 856/782/731 855/781/730 854/780/729 94/779/728
f 858/784/733 857/783/732 856/782/731 94/779/728
f 861/787/736 860/786/735 859/785/734 94/779/728
f 859/785/734 862/788/737 858/784/733 94/779/728
f 854/780/729 863/789/738 861/787/736 94/779/728
f 865/793/742 864/792/741 96/791/740 95/790/739
f 867/795/744 866/794/743 865/793/742 95/790/739
f 96/791/740 868/796/745 867/795/744 95/790/739
f 871/799/748 870/798/747 869/797/746 96/791/740
f 869/797/746 872/800/749 868/796/745 96/791/740
f 875/804/753 874/803/752 873/802/751 97/801/750
f 877/806/755 876/805/754 875/804/753 97/801/750
f 873/802/751 879/808/757 878/807/756 97/801/750
f 878/807/756 881/810/759 880/809/758 97/801/750
f 880/809/758 882/811/760 877/806/755 97/801/750
f 885/815/764 884/814/763 883/813/762 98/812/761
f 888/818/767 887/817/766 886/816/765 98/812/761
f 886/816/765 889/819/768 885/815/764 98/812/761
f 891/821/770 890/820/769 888/818/767 98/812/761
f 883/813/762 892/822/771 891/821/770 98/812/761
f 895/826/775 894/825/774 893/824/773 99/823/772
f 897/828/777 896/827/776 895/826/775 99/823/772
f 893/824/773 892/830/771 898/829/778 99/823/772
f 898/829/778 900/832/780 899/831/779 99/823/772
f 899/831/779 901/833/781 897/828/777 99/823/772
f 904/837/785 903/836/784 902/835/783 100/834/782
f 906/839/787 905/838/786 904/837/785 100/834/782
f 902/835/783 907/840/788 906/839/787 100/834/782
f 909/844/792 102/843/791 908/842/790 101/841/789
f 908/842/790 911/846/794 910/845/793 101/841/789
f 910/845/793 913/848/796 912/847/795 101/841/789
f 915/850/798 914/849/797 909/844/792 101/841/789
f 912/847/795 916/851/799 915/850/798 101/841/789
f 919/854/802 918/853/801 917/852/800 102/843/791
f 917/852/800 920/855/803 908/842/790 102/843/791
f 922/857/805 921/856/804 919/854/802 102/843/791
f 909/844/792 923/858/806 922/857/805 102/843/791
f 926/862/810 925/861/809 924/860/808 103/859/807
f 866/794/743 867/795/744 926/862/810 103/859/807
f 928/864/812 927/863/811 866/794/743 103/859/807
f 924/860/808 918/866/801 919/865/802 103/859/807
f 919/865/802 921/867/804 928/864/812 103/859/807
f 931/871/816 930/870/815 929/869/814 104/868/813
f 933/873/818 932/872/817 931/871/816 104/868/813
f 929/869/814 935/875/820 934/874/819 104/868/813
f 934/874/819 937/877/822 936/876/821 104/868/813
f 936/876/821 938/878/823 933/873/818 104/868/813
f 941/882/827 105/881/826 940/880/825 939/879/824
f 943/884/829 942/883/828 940/880/825 105/881/826
f 941/882/827 944/885/830 943/884/829 105/881/826
f 947/889/834 946/888/833 945/887/832 106/886/831
f 949/891/836 948/890/835 947/889/834 106/886/831
f 952/894/839 951/893/838 950/892/837 106/886/831
f 950/892/837 953/895/840 949/891/836 106/886/831
f 945/887/832 954/896/841 952/894/839 106/886/831
f 961/900/845 960/899/844 959/898/843 107/897/842
f 959/898/843 963/902/847 962/901/846 107/897/842
f 962/901/846 965/904/849 964/903/848 107/897/842
f 207/906/851 966/905/850 961/900/845 107/897/842
f 964/903/848 967/907/852 207/906/851 107/897/842
f 970/911/856 969/910/855 968/909/854 108/908/853
f 968/909/854 972/913/858 971/912/857 108/908/853
f 971/912/857 973/914/859 970/911/856 108/908/853
f 976/918/863 975/917/862 974/916/861 109/915/860
f 978/920/865 977/919/864 976/918/863 109/915/860
f 974/916/861 979/921/866 978/920/865 109/915/860
f 982/925/870 981/924/869 980/923/868 110/922/867
f 984/927/872 983/926/871 982/925/870 110/922/867
f 980/923/868 985/928/873 984/927/872 110/922/867
f 988/932/877 987/931/876 986/930/875 111/929/874
f 986/930/875 990/934/879 989/933/878 111/929/874
f 989/933/878 991/935/880 988/932/877 111/929/874
f 994/939/884 993/938/883 992/937/882 112/936/881
f 996/941/886 995/940/885 994/939/884 112/936/881
f 992/937/882 997/942/887 996/941/886 112/936/881
f 1000/946/891 999/945/890 998/944/889 113/943/888
f 998/944/889 1002/948/893 1001/947/892 113/943/888
f 1001/947/892 1004/950/895 1003/949/894 113/943/888
f 1006/952/897 1005/951/896 1000/946/891 113/943/888
f 1003/949/894 1007/953/898 1006/952/897 113/943/888
f 1009/956/901 1008/955/900 999/945/890 114/954/899
f 1011/958/903 1010/957/902 1009/956/901 114/954/899
f 999/945/890 1000/946/891 1011/958/903 114/954/899
f 116/961/906 901/833/781 1012/960/905 115/959/904
f 1012/960/905 1014/963/908 1013/962/907 115/959/904
f 1017/967/911 1016/966/910 1015/965/909 115/964/904
f 1015/965/909 1018/969/912 116/968/906 115/964/904
f 1013/971/907 1019/970/913 1017/967/911 115/964/904
f 1020/972/914 897/828/777 901/833/781 116/961/906
f 1022/975/916 1021/974/915 1020/973/914 116/968/906
f 1018/969/912 1023/976/917 1022/975/916 116/968/906
f 1026/980/921 1025/979/920 1024/978/919 117/977/918
f 1024/978/919 1028/982/923 1027/981/922 117/977/918
f 1027/981/922 1030/984/925 1029/983/924 117/977/918
f 1029/983/924 1032/986/927 1031/985/926 117/977/918
f 1031/985/926 1033/987/928 1026/980/921 117/977/918
f 1036/991/932 1035/990/931 1034/989/930 118/988/929
f 1039/994/935 1038/993/934 1037/992/933 118/988/929
f 1034/989/930 1040/995/936 1039/994/935 118/988/929
f 1037/999/933 1042/998/938 1041/997/937 118/996/929
f 1041/997/937 1043/1001/939 1036/1000/932 118/996/929
f 1046/1005/943 1045/1004/942 1044/1003/941 119/1002/940
f 1048/1007/945 1047/1006/944 1046/1005/943 119/1002/940
f 1044/1003/941 1049/1008/946 1048/1007/945 119/1002/940
f 1052/1012/950 1051/1011/949 1050/1010/948 120/1009/947
f 1050/1010/948 1054/1014/952 1053/1013/951 120/1009/947
f 1053/1018/951 1055/1017/953 1052/1016/950 120/1015/947
f 1057/1022/957 1056/1021/956 122/1020/955 121/1019/954
f 1059/1024/959 1058/1023/958 1057/1022/957 121/1019/954
f 122/1020/955 126/1025/960 1059/1024/959 121/1019/954
f 1056/1021/956 1060/1026/961 126/1025/960 122/1020/955
f 1061/1028/963 1042/998/938 1037/999/933 123/1027/962
f 1037/992/933 1038/993/934 1062/1030/964 123/1029/962
f 1065/1033/967 1064/1032/966 1063/1031/965 123/1027/962
f 1063/1031/965 1066/1034/968 1061/1028/963 123/1027/962
f 1062/1030/964 1067/1036/969 1065/1035/967 123/1029/962
f 1070/1040/973 1069/1039/972 1068/1038/971 124/1037/970
f 1068/1044/971 1072/1043/975 1071/1042/974 124/1041/970
f 1071/1042/974 1073/1046/976 1070/1045/973 124/1041/970
f 1076/1050/980 1075/1049/979 1074/1048/978 125/1047/977
f 1074/1048/978 1078/1052/982 1077/1051/981 125/1047/977
f 1077/1051/981 1079/1053/983 1076/1050/980 125/1047/977
f 1081/1055/985 1080/1054/984 1059/1024/959 126/1025/960
f 1060/1026/961 1064/1057/966 1065/1056/967 126/1025/960
f 1065/1056/967 1067/1058/969 1081/1055/985 126/1025/960
f 1084/1062/989 1083/1061/988 1082/1060/987 127/1059/986
f 1086/1064/991 1085/1063/990 1084/1062/989 127/1059/986
f 1082/1060/987 1087/1065/992 1086/1064/991 127/1059/986
f 1090/1069/996 1089/1068/995 1088/1067/994 128/1066/993
f 1088/1067/994 1092/1071/998 1091/1070/997 128/1066/993
f 1091/1075/997 1094/1074/1000 1093/1073/999 128/1072/993
f 1097/1079/1004 1096/1078/1003 1095/1077/1002 129/1076/1001
f 1095/1077/1002 1099/1081/1006 1098/1080/1005 129/1076/1001
f 1098/1080/1005 1100/1082/1007 1097/1079/1004 129/1076/1001
f 1103/1086/1011 1102/1085/1010 1101/1084/1009 130/1083/1008
f 1101/1090/1009 1105/1089/1013 1104/1088/1012 130/1087/1008
f 1107/1092/1015 1106/1091/1014 1103/1086/1011 130/1083/1008
f 1104/1095/1012 1109/1094/1017 1108/1093/1016 130/1083/1008
f 1108/1093/1016 1110/1096/1018 1107/1092/1015 130/1083/1008
f 1113/1100/1022 1112/1099/1021 1111/1098/1020 131/1097/1019
f 1111/1098/1020 1115/1102/1024 1114/1101/1023 131/1097/1019
f 1114/1101/1023 1117/1104/1026 1116/1103/1025 131/1097/1019
f 1116/1103/1025 1119/1106/1028 1118/1105/1027 131/1097/1019
f 1118/1105/1027 1120/1107/1029 1113/1100/1022 131/1097/1019
f 1123/1111/1033 1122/1110/1032 1121/1109/1031 132/1108/1030
f 1125/1115/1035 1124/1114/1034 1123/1113/1033 132/1112/1030
f 1121/1109/1031 1126/1117/1036 1125/1116/1035 132/1108/1030
f 1129/1121/1040 1128/1120/1039 1127/1119/1038 133/1118/1037
f 1127/1119/1038 1131/1123/1042 1130/1122/1041 133/1118/1037
f 1130/1122/1041 1132/1124/1043 1129/1121/1040 133/1118/1037
f 1135/1128/1047 1134/1127/1046 1133/1126/1045 134/1125/1044
f 1137/1130/1049 1136/1129/1048 1135/1128/1047 134/1125/1044
f 1133/1126/1045 1138/1131/1050 1137/1130/1049 134/1125/1044
f 1141/1135/1054 1140/1134/1053 1139/1133/1052 135/1132/1051
f 1139/1133/1052 1143/1137/1056 1142/1136/1055 135/1132/1051
f 1142/1136/1055 1144/1138/1057 1141/1135/1054 135/1132/1051
f 1147/1142/1061 1146/1141/1060 1145/1140/1059 136/1139/1058
f 1145/1140/1059 1149/1144/1063 1148/1143/1062 136/1139/1058
f 1151/1146/1065 1150/1145/1064 1147/1142/1061 136/1139/1058
f 1153/1148/1067 1152/1147/1066 1151/1146/1065 136/1139/1058
f 1148/1143/1062 1090/1069/996 1153/1148/1067 136/1139/1058
f 1156/1152/1071 1155/1151/1070 1154/1150/1069 137/1149/1068
f 1154/1150/1069 1158/1154/1073 1157/1153/1072 137/1149/1068
f 1157/1153/1072 1160/1156/1075 1159/1155/1074 137/1149/1068
f 1159/1155/1074 1162/1158/1077 1161/1157/1076 137/1149/1068
f 1161/1157/1076 1163/1159/1078 1156/1152/1071 137/1149/1068
f 1166/1163/1082 1165/1162/1081 1164/1161/1080 138/1160/1079
f 1164/1161/1080 1163/1159/1078 1161/1157/1076 138/1160/1079
f 1161/1157/1076 1162/1158/1077 1166/1163/1082 138/1160/1079
f 1169/1167/1086 1168/1166/1085 1167/1165/1084 139/1164/1083
f 1167/1165/1084 1171/1169/1088 1170/1168/1087 139/1164/1083
f 1173/1171/1090 1172/1170/1089 1169/1167/1086 139/1164/1083
f 1175/1173/1092 1174/1172/1091 1173/1171/1090 139/1164/1083
f 1170/1168/1087 1176/1174/1093 1175/1173/1092 139/1164/1083
f 1179/1178/1097 1178/1177/1096 1177/1176/1095 140/1175/1094
f 1177/1176/1095 1181/1180/1099 1180/1179/1098 140/1175/1094
f 1180/1179/1098 1182/1181/1100 1179/1178/1097 140/1175/1094
f 1185/1185/1104 1184/1184/1103 1183/1183/1102 141/1182/1101
f 1187/1187/1106 1186/1186/1105 1185/1185/1104 141/1182/1101
f 1183/1183/1102 1188/1188/1107 1187/1187/1106 141/1182/1101
f 1191/1192/1111 1190/1191/1110 1189/1190/1109 142/1189/1108
f 1189/1196/1109 1193/1195/1113 1192/1194/1112 142/1193/1108
f 1192/1198/1112 1194/1197/1114 1191/1192/1111 142/1189/1108
f 1197/1202/1118 1196/1201/1117 1195/1200/1116 143/1199/1115
f 1195/1200/1116 1199/1204/1120 1198/1203/1119 143/1199/1115
f 1198/1203/1119 1200/1205/1121 1197/1202/1118 143/1199/1115
f 1203/1209/1125 1202/1208/1124 1201/1207/1123 144/1206/1122
f 1205/1211/1127 1204/1210/1126 1203/1209/1125 144/1206/1122
f 1201/1207/1123 1206/1212/1128 1205/1211/1127 144/1206/1122
f 1207/1214/1130 308/111/108 309/112/109 145/1213/1129
f 309/112/109 1209/1216/1132 1208/1215/1131 145/1213/1129
f 146/1218/1134 1210/1217/1133 1207/1214/1130 145/1213/1129
f 1212/1220/1136 1211/1219/1135 146/1218/1134 145/1213/1129
f 1208/1215/1131 1213/1221/1137 1212/1220/1136 145/1213/1129
f 1215/1223/1139 1214/1222/1138 1210/1217/1133 146/1218/1134
f 1217/1225/1141 1216/1224/1140 1215/1223/1139 146/1218/1134
f 1211/1219/1135 1218/1226/1142 1217/1225/1141 146/1218/1134
f 1221/1230/1146 1220/1229/1145 1219/1228/1144 147/1227/1143
f 1224/1234/1149 1223/1233/1148 1222/1232/1147 147/1231/1143
f 1226/1236/1151 1225/1235/1150 1224/1234/1149 147/1231/1143
f 1219/1228/1144 1227/1238/1152 1226/1237/1151 147/1227/1143
f 1230/1242/1156 1229/1241/1155 1228/1240/1154 148/1239/1153
f 1228/1240/1154 1232/1244/1158 1231/1243/1157 148/1239/1153
f 1231/1243/1157 1234/1246/1160 1233/1245/1159 148/1239/1153
f 1233/1245/1159 1235/1247/1161 1230/1242/1156 148/1239/1153
f 1237/1251/1164 1236/1250/1163 1221/1249/1146 149/1248/1162
f 1221/1249/1146 147/1231/1143 1222/1232/1147 149/1248/1162
f 1222/1232/1147 1238/1252/1165 1237/1251/1164 149/1248/1162
f 1240/1256/1169 1239/1255/1168 151/1254/1167 150/1253/1166
f 151/1254/1167 1232/1244/1158 1241/1258/1170 150/1257/1166
f 1241/1258/1170 1242/1261/1171 1240/1260/1169 150/1259/1166
f 1243/1262/1172 1231/1243/1157 1232/1244/1158 151/1254/1167
f 1239/1255/1168 1245/1264/1174 1244/1263/1173 151/1254/1167
f 1248/1267/1177 1223/1233/1148 1247/1266/1176 152/1265/1175
f 1247/1266/1176 1250/1269/1179 1249/1268/1178 152/1265/1175
f 1252/1271/1181 1251/1270/1180 1248/1267/1177 152/1265/1175
f 1254/1273/1183 1253/1272/1182 1252/1271/1181 152/1265/1175
f 1249/1268/1178 1255/1274/1184 1254/1273/1183 152/1265/1175
f 1258/1278/1188 1257/1277/1187 1256/1276/1186 153/1275/1185
f 1256/1276/1186 1260/1280/1190 1259/1279/1189 153/1275/1185
f 1259/1279/1189 1261/1281/1191 1258/1278/1188 153/1275/1185
f 1263/1284/1194 661/535/505 1262/1283/1193 154/1282/1192
f 1262/1283/1193 1264/1286/1196 155/1285/1195 154/1282/1192
f 1266/1290/1198 1265/1289/1197 1263/1288/1194 154/1287/1192
f 155/1285/1195 1268/1292/1200 1267/1291/1199 154/1282/1192
f 1267/1294/1199 1269/1293/1201 1266/1290/1198 154/1287/1192
f 1264/1298/1196 1270/1297/1202 1268/1296/1200 155/1295/1195
f 664/540/510 1271/1299/1203 663/538/508 156/539/509
f 1274/1303/1207 1273/1302/1206 1272/1301/1205 157/1300/1204
f 1276/1307/1209 1275/1306/1208 1274/1305/1207 157/1304/1204
f 1278/1309/1211 1277/1308/1210 1276/1307/1209 157/1304/1204
f 1272/1313/1205 1280/1312/1213 1279/1311/1212 157/1310/1204
f 1279/1311/1212 1281/1315/1214 1278/1314/1211 157/1310/1204
f 1284/1319/1218 1283/1318/1217 1282/1317/1216 158/1316/1215
f 1282/1317/1216 1286/1321/1220 1285/1320/1219 158/1316/1215
f 1288/1323/1222 1287/1322/1221 1284/1319/1218 158/1316/1215
f 1285/1320/1219 1290/1325/1224 1289/1324/1223 158/1316/1215
f 1289/1324/1223 1291/1326/1225 1288/1323/1222 158/1316/1215
f 1294/1330/1229 1293/1329/1228 1292/1328/1227 159/1327/1226
f 1296/1332/1231 1295/1331/1230 1294/1330/1229 159/1327/1226
f 1298/1336/1233 1297/1335/1232 1296/1334/1231 159/1333/1226
f 1300/1340/1235 1299/1339/1234 1298/1338/1233 159/1337/1226
f 1301/1342/1237 674/551/521 675/552/522 160/1341/1236
f 675/552/522 1303/1344/1239 1302/1343/1238 160/1341/1236
f 1305/1346/1241 1304/1345/1240 1301/1342/1237 160/1341/1236
f 1309/1350/1245 1308/1349/1244 1307/1348/1243 161/1347/1242
f 1311/1352/1247 1310/1351/1246 1309/1350/1245 161/1347/1242
f 1307/1348/1243 1312/1353/1248 1311/1352/1247 161/1347/1242
f 1315/1357/1252 1314/1356/1251 1313/1355/1250 162/1354/1249
f 1313/1355/1250 1317/1359/1254 1316/1358/1253 162/1354/1249
f 1316/1358/1253 1318/1360/1255 1315/1357/1252 162/1354/1249
f 1321/1364/1259 1320/1363/1258 1319/1362/1257 163/1361/1256
f 1323/1366/1261 1322/1365/1260 1321/1364/1259 163/1361/1256
f 1319/1362/1257 1324/1367/1262 1323/1366/1261 163/1361/1256
f 1327/1371/1266 1326/1370/1265 1325/1369/1264 164/1368/1263
f 1325/1369/1264 1329/1373/1268 1328/1372/1267 164/1368/1263
f 1331/1375/1270 1330/1374/1269 1327/1371/1266 164/1368/1263
f 1333/1377/1272 1332/1376/1271 1331/1375/1270 164/1368/1263
f 1328/1372/1267 1334/1378/1273 1333/1377/1272 164/1368/1263
f 1337/1382/1277 1336/1381/1276 1335/1380/1275 165/1379/1274
f 1339/1384/1279 1338/1383/1278 1337/1382/1277 165/1379/1274
f 1341/1386/1281 1340/1385/1280 1339/1384/1279 165/1379/1274
f 1344/1390/1285 1343/1389/1284 1342/1388/1283 166/1387/1282
f 1347/1393/1288 1346/1392/1287 1345/1391/1286 166/1387/1282
f 1345/1391/1286 1348/1394/1289 1344/1390/1285 166/1387/1282
f 1342/1388/1283 1350/1396/1291 1349/1395/1290 166/1387/1282
f 1349/1395/1290 1351/1397/1292 1347/1393/1288 166/1387/1282
f 1354/1401/1296 1353/1400/1295 1352/1399/1294 167/1398/1293
f 1356/1403/1298 1355/1402/1297 1354/1401/1296 167/1398/1293
f 1358/1405/1300 1357/1404/1299 1356/1403/1298 167/1398/1293
f 1360/1407/1302 1359/1406/1301 1358/1405/1300 167/1398/1293
f 1352/1399/1294 1361/1408/1303 1360/1407/1302 167/1398/1293
f 1364/1412/1307 1363/1411/1306 1362/1410/1305 168/1409/1304
f 1362/1410/1305 1366/1414/1309 1365/1413/1308 168/1409/1304
f 1365/1413/1308 1367/1415/1310 1364/1412/1307 168/1409/1304
f 1369/1419/1314 1368/1418/1313 185/1417/1312 169/1416/1311
f 1371/1421/1316 1370/1420/1315 1369/1419/1314 169/1416/1311
f 1372/1423/1318 1364/1412/1307 1367/1415/1310 170/1422/1317
f 1367/1415/1310 1374/1425/1320 1373/1424/1319 170/1422/1317
f 1373/1424/1319 1375/1426/1321 1372/1423/1318 170/1422/1317
f 1378/1430/1325 1377/1429/1324 1376/1428/1323 171/1427/1322
f 1376/1428/1323 1380/1432/1327 1379/1431/1326 171/1427/1322
f 1382/1436/1329 1381/1435/1328 1378/1434/1325 171/1433/1322
f 1379/1440/1326 1384/1439/1331 1383/1438/1330 171/1437/1322
f 1383/1438/1330 1385/1442/1332 1382/1441/1329 171/1437/1322
f 1387/1444/1334 1386/1443/1333 777/671/638 172/672/639
f 778/673/640 1388/1445/1335 1387/1444/1334 172/672/639
f 1078/1052/982 1390/1448/1338 1389/1447/1337 173/1446/1336
f 1391/1449/1339 1077/1051/981 1078/1052/982 173/1446/1336
f 1393/1451/1341 1392/1450/1340 1391/1449/1339 173/1446/1336
f 1389/1447/1337 1395/1453/1343 1394/1452/1342 173/1446/1336
f 1394/1452/1342 1396/1454/1344 1393/1451/1341 173/1446/1336
f 1399/1458/1348 1398/1457/1347 1397/1456/1346 174/1455/1345
f 1397/1456/1346 1401/1460/1350 1400/1459/1349 174/1455/1345
f 1404/1463/1353 1403/1462/1352 1402/1461/1351 174/1455/1345
f 1400/1459/1349 1405/1464/1354 1404/1463/1353 174/1455/1345
f 1408/1468/1358 1407/1467/1357 1406/1466/1356 175/1465/1355
f 1410/1472/1360 1409/1471/1359 1408/1470/1358 175/1469/1355
f 1406/1474/1356 1411/1473/1361 1410/1472/1360 175/1469/1355
f 1073/1046/976 1071/1042/974 1412/1476/1363 176/1475/1362
f 1412/1476/1363 1414/1478/1365 1413/1477/1364 176/1475/1362
f 1413/1482/1364 1415/1481/1366 1073/1480/976 176/1479/1362
f 1418/1486/1370 1417/1485/1369 1416/1484/1368 177/1483/1367
f 1416/1484/1368 1420/1488/1372 1419/1487/1371 177/1483/1367
f 1422/1492/1374 1421/1491/1373 1418/1490/1370 177/1489/1367
f 1419/1487/1371 1424/1494/1376 1423/1493/1375 177/1483/1367
f 1423/1496/1375 1425/1495/1377 1422/1492/1374 177/1489/1367
f 179/1500/1381 1427/1499/1380 1426/1498/1379 178/1497/1378
f 1426/1504/1379 1429/1503/1383 1428/1502/1382 178/1501/1378
f 1428/1508/1382 1431/1507/1385 1430/1506/1384 178/1505/1378
f 1433/1511/1387 1432/1510/1386 179/1509/1381 178/1505/1378
f 1430/1506/1384 1434/1512/1388 1433/1511/1387 178/1505/1378
f 1437/1516/1391 1436/1515/1390 1435/1514/1389 179/1513/1381
f 1435/1514/1389 1438/1518/1392 1427/1517/1380 179/1513/1381
f 1432/1520/1386 1439/1519/1393 1437/1516/1391 179/1513/1381
f 1440/1524/1397 1443/1523/1396 1442/1522/1395 1441/1521/1394
f 1446/1528/1401 1445/1527/1400 1444/1526/1399 180/1525/1398
f 1444/1526/1399 1448/1530/1403 1447/1529/1402 180/1525/1398
f 1447/1529/1402 1449/1531/1404 1446/1528/1401 180/1525/1398
f 1452/1535/1408 1451/1534/1407 1450/1533/1406 181/1532/1405
f 1454/1537/1410 1453/1536/1409 1452/1535/1408 181/1532/1405
f 1450/1533/1406 1455/1538/1411 1454/1537/1410 181/1532/1405
f 1458/1542/1415 1457/1541/1414 1456/1540/1413 182/1539/1412
f 1456/1540/1413 1460/1544/1417 1459/1543/1416 182/1539/1412
f 1462/1546/1419 1461/1545/1418 1458/1542/1415 182/1539/1412
f 1459/1543/1416 1464/1548/1421 1463/1547/1420 182/1539/1412
f 1463/1547/1420 1465/1549/1422 1462/1546/1419 182/1539/1412
f 1361/1408/1303 1467/1552/1425 1466/1551/1424 183/1550/1423
f 1468/1553/1426 1360/1407/1302 1361/1408/1303 183/1550/1423
f 1471/1556/1429 1470/1555/1428 1469/1554/1427 183/1550/1423
f 1469/1554/1427 1472/1557/1430 1468/1553/1426 183/1550/1423
f 1475/1561/1434 1474/1560/1433 1473/1559/1432 184/1558/1431
f 1477/1563/1436 1476/1562/1435 1475/1561/1434 184/1558/1431
f 1473/1559/1432 1468/1553/1426 1472/1557/1430 184/1558/1431
f 1472/1557/1430 1479/1565/1438 1478/1564/1437 184/1558/1431
f 1478/1564/1437 1480/1566/1439 1477/1563/1436 184/1558/1431
f 1368/1418/1313 1482/1568/1441 1481/1567/1440 185/1417/1312
f 1485/1572/1445 1484/1571/1444 1483/1570/1443 186/1569/1442
f 1483/1570/1443 1487/1574/1447 1486/1573/1446 186/1569/1442
f 1486/1573/1446 1489/1576/1449 1488/1575/1448 186/1569/1442
f 1491/1578/1451 1490/1577/1450 1485/1572/1445 186/1569/1442
f 1488/1575/1448 1492/1579/1452 1491/1578/1451 186/1569/1442
f 1495/1583/1456 1494/1582/1455 1493/1581/1454 187/1580/1453
f 1497/1585/1458 1496/1584/1457 1495/1583/1456 187/1580/1453
f 1493/1581/1454 1498/1586/1459 1497/1585/1458 187/1580/1453
f 1501/1590/1463 1500/1589/1462 1499/1588/1461 188/1587/1460
f 1503/1592/1465 1502/1591/1464 1501/1590/1463 188/1587/1460
f 1499/1588/1461 1505/1594/1467 1504/1593/1466 188/1587/1460
f 1507/1596/1469 1506/1595/1468 1503/1592/1465 188/1587/1460
f 1504/1593/1466 1508/1597/1470 1507/1596/1469 188/1587/1460
f 1511/1601/1474 1510/1600/1473 1509/1599/1472 189/1598/1471
f 1513/1603/1476 1512/1602/1475 1511/1601/1474 189/1598/1471
f 1515/1605/1478 1514/1604/1477 1513/1603/1476 189/1598/1471
f 1517/1607/1480 1516/1606/1479 1515/1605/1478 189/1598/1471
f 1509/1599/1472 1518/1608/1481 1517/1607/1480 189/1598/1471
f 1520/1611/1484 1512/1602/1475 1519/1610/1483 190/1609/1482
f 1522/1613/1486 1521/1612/1485 1520/1611/1484 190/1609/1482
f 1524/1615/1488 1523/1614/1487 1522/1613/1486 190/1609/1482
f 1526/1617/1490 1525/1616/1489 1524/1615/1488 190/1609/1482
f 1519/1610/1483 1527/1618/1491 1526/1617/1490 190/1609/1482
f 1530/1622/1495 1529/1621/1494 1528/1620/1493 191/1619/1492
f 1528/1620/1493 625/491/465 628/494/468 191/1619/1492
f 628/494/468 1531/1623/1496 1530/1622/1495 191/1619/1492
f 1534/1627/1500 1533/1626/1499 1532/1625/1498 192/1624/1497
f 1532/1625/1498 1536/1629/1502 1535/1628/1501 192/1624/1497
f 1535/1628/1501 1537/1630/1503 1534/1627/1500 192/1624/1497
f 427/1634/239 428/1633/240 1538/1632/1505 193/1631/1504
f 1538/1632/1505 1540/1636/1507 1539/1635/1506 193/1631/1504
f 1541/1638/1508 433/1637/245 427/1634/239 193/1631/1504
f 1543/1640/1510 1542/1639/1509 1541/1638/1508 193/1631/1504
f 1539/1635/1506 1544/1641/1511 1543/1640/1510 193/1631/1504
f 1547/1645/1515 1546/1644/1514 1545/1643/1513 194/1642/1512
f 1550/1649/1518 1549/1648/1517 1548/1647/1516 194/1646/1512
f 1545/1652/1513 1552/1651/1520 1551/1650/1519 194/1646/1512
f 1548/1654/1516 1553/1653/1521 1547/1645/1515 194/1642/1512
f 372/187/181 373/188/182 1554/1656/1523 195/1655/1522
f 1554/1656/1523 1556/1658/1525 1555/1657/1524 195/1655/1522
f 1555/1657/1524 454/277/271 451/274/268 195/1655/1522
f 1557/1659/1526 375/190/184 372/187/181 195/1655/1522
f 451/274/268 452/275/269 1557/1659/1526 195/1655/1522
f 1560/1663/1530 1559/1662/1529 1558/1661/1528 196/1660/1527
f 1562/1666/1532 498/334/322 1561/1665/1531 196/1664/1527
f 1561/1668/1531 1563/1667/1533 1560/1663/1530 196/1660/1527
f 1565/1670/1535 1564/1669/1534 1562/1666/1532 196/1664/1527
f 1558/1661/1528 1566/1672/1536 1565/1671/1535 196/1660/1527
f 1569/1676/1540 1568/1675/1539 1567/1674/1538 197/1673/1537
f 1567/1674/1538 1571/1678/1542 1570/1677/1541 197/1673/1537
f 1570/1677/1541 1573/1680/1544 1572/1679/1543 197/1673/1537
f 1575/1682/1546 1574/1681/1545 1569/1676/1540 197/1673/1537
f 1572/1679/1543 1576/1683/1547 1575/1682/1546 197/1673/1537
f 1579/1687/1551 1578/1686/1550 1577/1685/1549 198/1684/1548
f 1581/1689/1553 1580/1688/1552 1579/1687/1551 198/1684/1548
f 1577/1685/1549 1582/1690/1554 1581/1689/1553 198/1684/1548
f 1585/1694/1558 1584/1693/1557 1583/1692/1556 199/1691/1555
f 1588/1697/1561 1587/1696/1560 1586/1695/1559 199/1691/1555
f 1586/1695/1559 1589/1698/1562 1585/1694/1558 199/1691/1555
f 1583/1692/1556 1591/1700/1564 1590/1699/1563 199/1691/1555
f 1590/1699/1563 1592/1701/1565 1588/1697/1561 199/1691/1555
f 1595/1705/1569 1594/1704/1568 1593/1703/1567 200/1702/1566
f 1593/1703/1567 748/638/605 750/639/606 200/1702/1566
f 750/639/606 1597/1707/1571 1596/1706/1570 200/1702/1566
f 1596/1706/1570 840/763/712 841/764/713 200/1702/1566
f 841/764/713 1598/1708/1572 1595/1705/1569 200/1702/1566
f 1601/1711/1575 1600/1710/1574 1599/1709/1573 201/640/607
f 1599/1709/1573 1603/1713/1577 1602/1712/1576 201/640/607
f 1602/1712/1576 1597/1707/1571 750/639/606 201/640/607
f 76/637/604 1604/1714/1578 1601/1711/1575 201/640/607
f 1607/1718/1582 1606/1717/1581 1605/1716/1580 202/1715/1579
f 1610/1721/1585 1609/1720/1584 1608/1719/1583 202/1715/1579
f 1608/1719/1583 1611/1722/1586 1607/1718/1582 202/1715/1579
f 765/1726/624 767/1725/627 1610/1724/1585 202/1723/1579
f 1605/1716/1580 764/1728/623 765/1727/624 202/1715/1579
f 1614/1732/1590 1613/1731/1589 1612/1730/1588 203/1729/1587
f 1617/1735/1593 1616/1734/1592 1615/1733/1591 203/1729/1587
f 1615/1733/1591 1618/1736/1594 1614/1732/1590 203/1729/1587
f 1612/1730/1588 1620/1738/1596 1619/1737/1595 203/1729/1587
f 1619/1737/1595 1621/1739/1597 1617/1735/1593 203/1729/1587
f 1624/1743/1601 1623/1742/1600 1622/1741/1599 204/1740/1598
f 1626/1745/1603 1625/1744/1602 1624/1743/1601 204/1740/1598
f 945/1747/832 946/1746/833 1626/1745/1603 204/1740/1598
f 1622/1741/1599 1628/1749/1605 1627/1748/1604 204/1740/1598
f 1631/1753/1609 1630/1752/1608 1629/1751/1607 205/1750/1606
f 1629/1756/1607 942/883/828 1632/1755/1610 205/1754/1606
f 1632/1755/1610 1634/1758/1612 1633/1757/1611 205/1754/1606
f 1633/1757/1611 1636/1760/1614 1635/1759/1613 205/1754/1606
f 1635/1762/1613 1637/1761/1615 1631/1753/1609 205/1750/1606
f 1640/1766/1619 1639/1765/1618 1638/1764/1617 206/1763/1616
f 1007/953/898 1003/949/894 1640/1766/1619 206/1763/1616
f 1638/1764/1617 1642/1768/1621 1641/1767/1620 206/1763/1616
f 1641/1767/1620 1644/1770/1623 1643/1769/1622 206/1763/1616
f 967/907/852 1646/1772/1625 1645/1771/1624 207/906/851
f 1648/1774/1627 1647/1773/1626 966/905/850 207/906/851
f 1645/1771/1624 1649/1775/1628 1648/1774/1627 207/906/851
f 1652/1779/1632 1651/1778/1631 1650/1777/1630 208/1776/1629
f 1654/1783/1634 1653/1782/1633 1652/1781/1632 208/1780/1629
f 1650/1777/1630 1072/1043/975 1068/1044/971 208/1776/1629
f 1655/1784/1635 1033/987/928 1654/1783/1634 208/1780/1629
f 1068/1038/971 1069/1039/972 1655/1784/1635 208/1780/1629
f 1658/1788/1639 1657/1787/1638 1656/1786/1637 209/1785/1636
f 1656/1786/1637 1660/1790/1641 1659/1789/1640 209/1785/1636
f 1662/1792/1643 1661/1791/1642 1658/1788/1639 209/1785/1636
f 1659/1789/1640 1664/1794/1645 1663/1793/1644 209/1785/1636
f 1663/1793/1644 1665/1795/1646 1662/1792/1643 209/1785/1636
f 1668/1799/1650 1667/1798/1649 1666/1797/1648 210/1796/1647
f 1671/1802/1653 1670/1801/1652 1669/1800/1651 210/1796/1647
f 1666/1797/1648 1672/1803/1654 1671/1802/1653 210/1796/1647
f 1674/1805/1656 1673/1804/1655 1668/1799/1650 210/1796/1647
f 1669/1800/1651 1675/1806/1657 1674/1805/1656 210/1796/1647
f 1678/1810/1661 1677/1809/1660 1676/1808/1659 211/1807/1658
f 1676/1808/1659 1680/1812/1663 1679/1811/1662 211/1807/1658
f 1679/1811/1662 1682/1814/1665 1681/1813/1664 211/1807/1658
f 1681/1813/1664 1684/1816/1667 1683/1815/1666 211/1807/1658
f 1683/1815/1666 1685/1817/1668 1678/1810/1661 211/1807/1658
f 1686/1819/1670 1302/1343/1238 1303/1344/1239 212/1818/1669
f 1303/1344/1239 1688/1821/1672 1687/1820/1671 212/1818/1669
f 1299/1339/1234 1689/1822/1673 1686/1819/1670 212/1818/1669
f 1692/1826/1677 1691/1825/1676 1690/1824/1675 213/1823/1674
f 1690/1830/1675 1694/1829/1679 1693/1828/1678 213/1827/1674
f 1693/1834/1678 1695/1833/1680 1692/1832/1677 213/1831/1674
f 1699/1838/1684 1698/1837/1683 1697/1836/1682 1696/1835/1681
f 1700/1840/1686 1592/1701/1565 1590/1699/1563 214/1839/1685
f 1590/1699/1563 1591/1700/1564 1701/1841/1687 214/1839/1685
f 1701/1841/1687 1703/1843/1689 1702/1842/1688 214/1839/1685
f 1702/1842/1688 1405/1464/1354 1704/1844/1690 214/1839/1685
f 1704/1844/1690 1600/1710/1574 1700/1840/1686 214/1839/1685
f 1705/1845/1691 1599/1709/1573 1600/1710/1574 1704/1844/1690
f 1405/1464/1354 1400/1459/1349 1705/1845/1691 1704/1844/1690
f 1706/1846/1692 1603/1713/1577 1599/1709/1573 1705/1845/1691
f 1400/1459/1349 1401/1460/1350 1706/1846/1692 1705/1845/1691
f 1708/1848/1694 1707/1847/1693 1603/1713/1577 1706/1846/1692
f 1401/1460/1350 1709/1849/1695 1708/1848/1694 1706/1846/1692
f 1711/1851/1697 1710/1850/1696 1708/1848/1694 1709/1849/1695
f 1713/1853/1699 1712/1852/1698 1711/1851/1697 1709/1849/1695
f 1401/1460/1350 1397/1456/1346 1713/1853/1699 1709/1849/1695
f 1715/1855/1701 1714/1854/1700 1712/1852/1698 1713/1853/1699
f 1397/1456/1346 1398/1457/1347 1715/1855/1701 1713/1853/1699
f 1717/1857/1703 1716/1856/1702 1714/1854/1700 1715/1855/1701
f 1398/1457/1347 1718/1858/1704 1717/1857/1703 1715/1855/1701
f 1398/1457/1347 1399/1458/1348 1719/1859/1705 1718/1858/1704
f 1392/1450/1340 1393/1451/1341 1717/1857/1703 1718/1858/1704
f 1719/1859/1705 1720/1860/1706 1392/1450/1340 1718/1858/1704
f 1719/1859/1705 1459/1543/1416 1460/1544/1417 1720/1860/1706
f 1721/1861/1707 1391/1449/1339 1392/1450/1340 1720/1860/1706
f 1460/1544/1417 1722/1862/1708 1721/1861/1707 1720/1860/1706
f 1460/1544/1417 1456/1540/1413 1723/1863/1709 1722/1862/1708
f 1724/1864/1710 1079/1053/983 1721/1861/1707 1722/1862/1708
f 1723/1863/1709 1725/1865/1711 1724/1864/1710 1722/1862/1708
f 1723/1863/1709 1727/1867/1713 1726/1866/1712 1725/1865/1711
f 1086/1064/991 1087/1065/992 1724/1864/1710 1725/1865/1711
f 1726/1866/1712 1085/1063/990 1086/1064/991 1725/1865/1711
f 1457/1541/1414 1729/1869/1715 1728/1868/1714 1727/1867/1713
f 1723/1863/1709 1456/1540/1413 1457/1541/1414 1727/1867/1713
f 1728/1868/1714 1730/1870/1716 1726/1866/1712 1727/1867/1713
f 1728/1868/1714 1685/1817/1668 1683/1815/1666 1730/1870/1716
f 1731/1871/1717 1085/1063/990 1726/1866/1712 1730/1870/1716
f 1683/1815/1666 1684/1816/1667 1731/1871/1717 1730/1870/1716
f 1732/1872/1718 1084/1062/989 1085/1063/990 1731/1871/1717
f 1684/1816/1667 1733/1873/1719 1732/1872/1718 1731/1871/1717
f 1684/1816/1667 1681/1813/1664 1093/1073/999 1733/1873/1719
f 1735/1875/1721 1734/1874/1720 1732/1872/1718 1733/1873/1719
f 1093/1073/999 1094/1074/1000 1735/1875/1721 1733/1873/1719
f 1737/1877/1723 1736/1876/1722 1734/1874/1720 1735/1875/1721
f 1094/1074/1000 1738/1878/1724 1737/1877/1723 1735/1875/1721
f 1740/1882/1726 1739/1881/1725 1737/1880/1723 1738/1879/1724
f 1742/1884/1728 1741/1883/1727 1740/1882/1726 1738/1879/1724
f 1094/1074/1000 1091/1075/997 1742/1885/1728 1738/1878/1724
f 1744/1889/1730 1743/1888/1729 1741/1887/1727 1742/1886/1728
f 1091/1891/997 1092/1890/998 1744/1889/1730 1742/1886/1728
f 1746/1893/1732 1745/1892/1731 1743/1888/1729 1744/1889/1730
f 1092/1890/998 1747/1894/1733 1746/1893/1732 1744/1889/1730
f 1067/1036/969 1062/1030/964 1746/1893/1732 1747/1894/1733
f 1748/1896/1734 1081/1055/985 1067/1058/969 1747/1895/1733
f 1092/1071/998 1088/1067/994 1748/1896/1734 1747/1895/1733
f 1749/1897/1735 1080/1054/984 1081/1055/985 1748/1896/1734
f 1088/1067/994 1089/1068/995 1749/1897/1735 1748/1896/1734
f 1751/1899/1737 1750/1898/1736 1080/1054/984 1749/1897/1735
f 1089/1068/995 1752/1900/1738 1751/1899/1737 1749/1897/1735
f 1754/1902/1740 1753/1901/1739 1751/1899/1737 1752/1900/1738
f 1148/1143/1062 1149/1144/1063 1754/1902/1740 1752/1900/1738
f 1089/1068/995 1090/1069/996 1148/1143/1062 1752/1900/1738
f 1756/1904/1742 1755/1903/1741 1753/1901/1739 1754/1902/1740
f 1149/1144/1063 1757/1905/1743 1756/1904/1742 1754/1902/1740
f 1759/1907/1745 1758/1906/1744 1756/1904/1742 1757/1905/1743
f 1760/1908/1746 1665/1795/1646 1759/1907/1745 1757/1905/1743
f 1149/1144/1063 1145/1140/1059 1760/1908/1746 1757/1905/1743
f 1761/1909/1747 1662/1792/1643 1665/1795/1646 1760/1908/1746
f 1145/1140/1059 1146/1141/1060 1761/1909/1747 1760/1908/1746
f 1762/1910/1748 1661/1791/1642 1662/1792/1643 1761/1909/1747
f 1146/1141/1060 1763/1911/1749 1762/1910/1748 1761/1909/1747
f 1765/1913/1751 1764/1912/1750 1762/1910/1748 1763/1911/1749
f 1767/1915/1753 1766/1914/1752 1765/1913/1751 1763/1911/1749
f 1146/1141/1060 1147/1142/1061 1767/1915/1753 1763/1911/1749
f 1769/1917/1755 1768/1916/1754 1766/1914/1752 1767/1915/1753
f 1147/1142/1061 1150/1145/1064 1769/1917/1755 1767/1915/1753
f 1771/1919/1757 1770/1918/1756 1768/1916/1754 1769/1917/1755
f 1150/1145/1064 1158/1154/1073 1771/1919/1757 1769/1917/1755
f 1773/1921/1759 1772/1920/1758 1770/1918/1756 1771/1919/1757
f 1158/1154/1073 1154/1150/1069 1773/1921/1759 1771/1919/1757
f 1181/1180/1099 1177/1176/1095 1772/1920/1758 1773/1921/1759
f 1154/1150/1069 1155/1151/1070 1181/1180/1099 1773/1921/1759
f 1775/1923/1761 1774/1922/1760 1770/1918/1756 1772/1920/1758
f 1177/1176/1095 1178/1177/1096 1775/1923/1761 1772/1920/1758
f 1777/1925/1763 1776/1924/1762 1774/1922/1760 1775/1923/1761
f 1178/1177/1096 1778/1926/1764 1777/1925/1763 1775/1923/1761
f 1780/1928/1766 1779/1927/1765 1777/1925/1763 1778/1926/1764
f 1782/1930/1768 1781/1929/1767 1780/1928/1766 1778/1926/1764
f 1178/1177/1096 1179/1178/1097 1782/1930/1768 1778/1926/1764
f 1784/1932/1770 1783/1931/1769 1781/1929/1767 1782/1930/1768
f 1179/1178/1097 1182/1181/1100 1784/1932/1770 1782/1930/1768
f 1786/1934/1772 1785/1933/1771 1783/1931/1769 1784/1932/1770
f 1182/1181/1100 1787/1935/1773 1786/1934/1772 1784/1932/1770
f 1182/1181/1100 1180/1179/1098 1788/1936/1774 1787/1935/1773
f 1790/1938/1776 1789/1937/1775 1786/1934/1772 1787/1935/1773
f 1788/1936/1774 1791/1939/1777 1790/1938/1776 1787/1935/1773
f 1788/1936/1774 1155/1151/1070 1156/1152/1071 1791/1939/1777
f 1793/1941/1779 1792/1940/1778 1790/1938/1776 1791/1939/1777
f 1156/1152/1071 1163/1159/1078 1793/1941/1779 1791/1939/1777
f 1795/1943/1781 1794/1942/1780 1792/1940/1778 1793/1941/1779
f 1163/1159/1078 1164/1161/1080 1795/1943/1781 1793/1941/1779
f 1796/1944/1782 1190/1191/1110 1794/1942/1780 1795/1943/1781
f 1164/1161/1080 1165/1162/1081 1796/1944/1782 1795/1943/1781
f 1797/1945/1783 1189/1190/1109 1190/1191/1110 1796/1944/1782
f 1165/1162/1081 1798/1946/1784 1797/1945/1783 1796/1944/1782
f 1800/1950/1786 1799/1949/1785 1797/1948/1783 1798/1947/1784
f 1802/1952/1788 1801/1951/1787 1800/1950/1786 1798/1947/1784
f 1165/1162/1081 1166/1163/1082 1802/1953/1788 1798/1946/1784
f 1804/1955/1790 1803/1954/1789 1801/1951/1787 1802/1952/1788
f 1166/1163/1082 1162/1158/1077 1804/1956/1790 1802/1953/1788
f 1806/1958/1792 1805/1957/1791 1803/1954/1789 1804/1955/1790
f 1162/1158/1077 1159/1155/1074 1806/1959/1792 1804/1956/1790
f 1680/1812/1663 1676/1808/1659 1805/1957/1791 1806/1958/1792
f 1159/1155/1074 1160/1156/1075 1680/1960/1663 1806/1959/1792
f 1808/1962/1794 1807/1961/1793 1803/1954/1789 1805/1957/1791
f 1676/1808/1659 1677/1809/1660 1808/1962/1794 1805/1957/1791
f 1167/1165/1084 1168/1166/1085 1807/1961/1793 1808/1962/1794
f 1677/1809/1660 1171/1169/1088 1167/1165/1084 1808/1962/1794
f 1168/1166/1085 1188/1188/1107 1809/1963/1795 1807/1961/1793
f 1809/1963/1795 1801/1951/1787 1803/1954/1789 1807/1961/1793
f 1188/1188/1107 1183/1183/1102 1810/1964/1796 1809/1963/1795
f 1810/1964/1796 1800/1950/1786 1801/1951/1787 1809/1963/1795
f 1183/1183/1102 1184/1184/1103 1811/1965/1797 1810/1964/1796
f 1811/1965/1797 1799/1949/1785 1800/1950/1786 1810/1964/1796
f 1184/1184/1103 1813/1967/1799 1812/1966/1798 1811/1965/1797
f 1812/1966/1798 1193/1195/1113 1799/1949/1785 1811/1965/1797
f 1814/1969/1800 1204/1210/1126 1205/1211/1127 1813/1968/1799
f 1184/1184/1103 1185/1185/1104 1814/1969/1800 1813/1970/1799
f 1205/1973/1127 1206/1972/1128 1812/1966/1798 1813/1971/1799
f 1816/1975/1802 1815/1974/1801 1204/1210/1126 1814/1969/1800
f 1185/1185/1104 1186/1186/1105 1816/1975/1802 1814/1969/1800
f 1818/1977/1804 1817/1976/1803 1815/1974/1801 1816/1975/1802
f 1186/1186/1105 1172/1170/1089 1818/1977/1804 1816/1975/1802
f 1820/1979/1806 1819/1978/1805 1817/1976/1803 1818/1977/1804
f 1172/1170/1089 1173/1171/1090 1820/1979/1806 1818/1977/1804
f 1200/1205/1121 1198/1203/1119 1819/1978/1805 1820/1979/1806
f 1173/1171/1090 1174/1172/1091 1200/1205/1121 1820/1979/1806
f 1198/1203/1119 1199/1204/1120 1821/1980/1807 1819/1978/1805
f 1821/1980/1807 1822/1981/1808 1817/1976/1803 1819/1978/1805
f 1821/1980/1807 1824/1983/1810 1823/1982/1809 1822/1981/1808
f 1825/1984/1811 1815/1974/1801 1817/1976/1803 1822/1981/1808
f 1823/1982/1809 1826/1985/1812 1825/1984/1811 1822/1981/1808
f 1823/1982/1809 1828/1987/1814 1827/1986/1813 1826/1985/1812
f 1202/1208/1124 1203/1209/1125 1825/1984/1811 1826/1985/1812
f 1827/1986/1813 1829/1988/1815 1202/1208/1124 1826/1985/1812
f 1827/1986/1813 1831/1990/1817 1830/1989/1816 1829/1988/1815
f 1194/1197/1114 1201/1207/1123 1202/1208/1124 1829/1988/1815
f 1830/1989/1816 1191/1192/1111 1194/1197/1114 1829/1988/1815
f 1789/1937/1775 1790/1938/1776 1792/1940/1778 1831/1990/1817
f 1827/1986/1813 1828/1987/1814 1789/1937/1775 1831/1990/1817
f 1792/1940/1778 1794/1942/1780 1830/1989/1816 1831/1990/1817
f 1794/1942/1780 1190/1191/1110 1191/1192/1111 1830/1989/1816
f 1785/1933/1771 1786/1934/1772 1789/1937/1775 1828/1987/1814
f 1823/1982/1809 1824/1983/1810 1785/1933/1771 1828/1987/1814
f 1203/1209/1125 1204/1210/1126 1815/1974/1801 1825/1984/1811
f 1832/1991/1818 1783/1931/1769 1785/1933/1771 1824/1983/1810
f 1821/1980/1807 1199/1204/1120 1832/1991/1818 1824/1983/1810
f 1833/1992/1819 1781/1929/1767 1783/1931/1769 1832/1991/1818
f 1199/1204/1120 1195/1200/1116 1833/1992/1819 1832/1991/1818
f 1834/1993/1820 1780/1928/1766 1781/1929/1767 1833/1992/1819
f 1195/1200/1116 1196/1201/1117 1834/1993/1820 1833/1992/1819
f 1835/1994/1821 1779/1927/1765 1780/1928/1766 1834/1993/1820
f 1196/1201/1117 1836/1995/1822 1835/1994/1821 1834/1993/1820
f 1838/1997/1824 1837/1996/1823 1835/1994/1821 1836/1995/1822
f 1840/1999/1826 1839/1998/1825 1838/1997/1824 1836/1995/1822
f 1196/1201/1117 1197/1202/1118 1840/1999/1826 1836/1995/1822
f 1174/1172/1091 1175/1173/1092 1839/1998/1825 1840/1999/1826
f 1197/1202/1118 1200/1205/1121 1174/1172/1091 1840/1999/1826
f 1841/2000/1827 1470/1555/1428 1838/1997/1824 1839/1998/1825
f 1175/1173/1092 1176/1174/1093 1841/2000/1827 1839/1998/1825
f 1842/2001/1828 1469/1554/1427 1470/1555/1428 1841/2000/1827
f 1176/1174/1093 1843/2002/1829 1842/2001/1828 1841/2000/1827
f 1844/2003/1830 1479/1565/1438 1842/2001/1828 1843/2002/1829
f 1846/2005/1832 1845/2004/1831 1844/2003/1830 1843/2002/1829
f 1176/1174/1093 1170/1168/1087 1846/2005/1832 1843/2002/1829
f 1848/2007/1834 1847/2006/1833 1845/2004/1831 1846/2005/1832
f 1170/1168/1087 1171/1169/1088 1848/2007/1834 1846/2005/1832
f 1678/1810/1661 1685/1817/1668 1847/2006/1833 1848/2007/1834
f 1171/1169/1088 1677/1809/1660 1678/1810/1661 1848/2007/1834
f 1729/1869/1715 1849/2008/1835 1845/2004/1831 1847/2006/1833
f 1685/1817/1668 1728/1868/1714 1729/1869/1715 1847/2006/1833
f 1850/2009/1836 1844/2003/1830 1845/2004/1831 1849/2008/1835
f 1458/1542/1415 1461/1545/1418 1850/2009/1836 1849/2008/1835
f 1729/1869/1715 1457/1541/1414 1458/1542/1415 1849/2008/1835
f 1478/1564/1437 1479/1565/1438 1844/2003/1830 1850/2009/1836
f 1461/1545/1418 1480/1566/1439 1478/1564/1437 1850/2009/1836
f 1479/1565/1438 1472/1557/1430 1469/1554/1427 1842/2001/1828
f 1470/1555/1428 1471/1556/1429 1837/1996/1823 1838/1997/1824
f 1471/1556/1429 1852/2011/1838 1851/2010/1837 1837/1996/1823
f 1851/2010/1837 1779/1927/1765 1835/1994/1821 1837/1996/1823
f 1466/1551/1424 1854/2013/1840 1853/2012/1839 1852/2011/1838
f 1471/1556/1429 183/1550/1423 1466/1551/1424 1852/2011/1838
f 1853/2012/1839 1776/1924/1762 1851/2010/1837 1852/2011/1838
f 1857/2016/1843 1856/2015/1842 1855/2014/1841 1854/2013/1840
f 1466/1551/1424 1467/1552/1425 1857/2016/1843 1854/2013/1840
f 1855/2014/1841 1858/2017/1844 1853/2012/1839 1854/2013/1840
f 1855/2014/1841 1766/1914/1752 1768/1916/1754 1858/2017/1844
f 1774/1922/1760 1776/1924/1762 1853/2012/1839 1858/2017/1844
f 1768/1916/1754 1770/1918/1756 1774/1922/1760 1858/2017/1844
f 1860/2019/1846 1859/2018/1845 1856/2015/1842 1857/2016/1843
f 1467/1552/1425 1861/2020/1847 1860/2019/1846 1857/2016/1843
f 1863/2022/1849 1862/2021/1848 1860/2019/1846 1861/2020/1847
f 1352/1399/1294 1353/1400/1295 1863/2022/1849 1861/2020/1847
f 1467/1552/1425 1361/1408/1303 1352/1399/1294 1861/2020/1847
f 1865/2024/1851 1864/2023/1850 1862/2021/1848 1863/2022/1849
f 1353/1400/1295 1866/2025/1852 1865/2024/1851 1863/2022/1849
f 1868/2027/1854 1867/2026/1853 1865/2024/1851 1866/2025/1852
f 1870/2029/1856 1869/2028/1855 1868/2027/1854 1866/2025/1852
f 1353/1400/1295 1354/1401/1296 1870/2029/1856 1866/2025/1852
f 1872/2031/1858 1871/2030/1857 1869/2028/1855 1870/2029/1856
f 1354/1401/1296 1355/1402/1297 1872/2031/1858 1870/2029/1856
f 1874/2035/1860 1873/2034/1859 1871/2033/1857 1872/2032/1858
f 1355/2037/1297 1875/2036/1861 1874/2035/1860 1872/2032/1858
f 1877/2039/1863 1876/2038/1862 1874/2035/1860 1875/2036/1861
f 1879/2041/1865 1878/2040/1864 1877/2039/1863 1875/2036/1861
f 1355/2037/1297 1356/2042/1298 1879/2041/1865 1875/2036/1861
f 1881/2044/1867 1880/2043/1866 1878/2040/1864 1879/2041/1865
f 1356/2042/1298 1357/2045/1299 1881/2044/1867 1879/2041/1865
f 1883/2047/1869 1882/2046/1868 1880/2043/1866 1881/2044/1867
f 1357/2045/1299 1884/2048/1870 1883/2047/1869 1881/2044/1867
f 1357/1404/1299 1358/1405/1300 1885/2050/1871 1884/2049/1870
f 1887/2052/1873 1886/2051/1872 1883/2047/1869 1884/2048/1870
f 1885/2050/1871 1888/2054/1874 1887/2053/1873 1884/2049/1870
f 1885/2050/1871 1890/2056/1876 1889/2055/1875 1888/2054/1874
f 1892/2058/1878 1891/2057/1877 1887/2053/1873 1888/2054/1874
f 1889/2055/1875 1482/1568/1441 1892/2058/1878 1888/2054/1874
f 1894/2060/1880 1893/2059/1879 1891/2057/1877 1892/2058/1878
f 1482/1568/1441 1368/1418/1313 1894/2060/1880 1892/2058/1878
f 1896/2062/1882 1895/2061/1881 1893/2059/1879 1894/2060/1880
f 1368/1418/1313 1369/1419/1314 1896/2062/1882 1894/2060/1880
f 1898/2064/1884 1897/2063/1883 1895/2061/1881 1896/2062/1882
f 1369/1419/1314 1370/1420/1315 1898/2064/1884 1896/2062/1882
f 1900/2066/1886 1899/2065/1885 1897/2063/1883 1898/2064/1884
f 1370/1420/1315 1901/2067/1887 1900/2066/1886 1898/2064/1884
f 1476/1562/1435 1902/2068/1888 1900/2066/1886 1901/2067/1887
f 1903/2069/1889 1475/1561/1434 1476/1562/1435 1901/2067/1887
f 1370/1420/1315 1371/1421/1316 1903/2069/1889 1901/2067/1887
f 1904/2070/1890 1474/1560/1433 1475/1561/1434 1903/2069/1889
f 1371/1421/1316 1481/1567/1440 1904/2070/1890 1903/2069/1889
f 1889/2055/1875 1890/2056/1876 1474/1560/1433 1904/2070/1890
f 1481/1567/1440 1482/1568/1441 1889/2055/1875 1904/2070/1890
f 1907/2073/1893 1906/2072/1892 1905/2071/1891 1902/2068/1888
f 1476/1562/1435 1477/1563/1436 1907/2073/1893 1902/2068/1888
f 1905/2071/1891 1899/2065/1885 1900/2066/1886 1902/2068/1888
f 1909/2075/1895 1908/2074/1894 1906/2072/1892 1907/2073/1893
f 1477/1563/1436 1480/1566/1439 1909/2075/1895 1907/2073/1893
f 1462/1546/1419 1465/1549/1422 1908/2074/1894 1909/2075/1895
f 1480/1566/1439 1461/1545/1418 1462/1546/1419 1909/2075/1895
f 1465/1549/1422 1911/2077/1897 1910/2076/1896 1908/2074/1894
f 1910/2076/1896 1912/2078/1898 1906/2072/1892 1908/2074/1894
f 1910/2076/1896 1914/2080/1900 1913/2079/1899 1912/2078/1898
f 1915/2081/1901 1905/2071/1891 1906/2072/1892 1912/2078/1898
f 1913/2079/1899 1916/2082/1902 1915/2081/1901 1912/2078/1898
f 1913/2079/1899 1918/2084/1904 1917/2083/1903 1916/2082/1902
f 1920/2086/1906 1919/2085/1905 1915/2081/1901 1916/2082/1902
f 1917/2083/1903 1921/2087/1907 1920/2086/1906 1916/2082/1902
f 1917/2083/1903 1923/2089/1909 1922/2088/1908 1921/2087/1907
f 1375/1426/1321 1924/2090/1910 1920/2086/1906 1921/2087/1907
f 1922/2088/1908 1372/1423/1318 1375/1426/1321 1921/2087/1907
f 1925/2091/1911 1919/2085/1905 1920/2086/1906 1924/2090/1910
f 1927/2093/1913 1926/2092/1912 1925/2091/1911 1924/2090/1910
f 1375/1426/1321 1373/1424/1319 1927/2093/1913 1924/2090/1910
f 1929/2095/1915 1928/2094/1914 1926/2092/1912 1927/2093/1913
f 1373/1424/1319 1374/1425/1320 1929/2095/1915 1927/2093/1913
f 1931/2099/1917 1930/2098/1916 1928/2097/1914 1929/2096/1915
f 1374/2101/1320 1932/2100/1918 1931/2099/1917 1929/2096/1915
f 1934/2104/1920 1933/2103/1919 1931/2099/1917 1932/2102/1918
f 1365/1413/1308 1366/1414/1309 1934/2104/1920 1932/2105/1918
f 1374/1425/1320 1367/1415/1310 1365/1413/1308 1932/2106/1918
f 1935/2107/1921 1882/2046/1868 1933/2103/1919 1934/2104/1920
f 1366/1414/1309 1936/2108/1922 1935/2107/1921 1934/2104/1920
f 1938/2110/1924 1937/2109/1923 1935/2107/1921 1936/2108/1922
f 1940/2112/1926 1939/2111/1925 1938/2110/1924 1936/2108/1922
f 1366/1414/1309 1362/1410/1305 1940/2112/1926 1936/2108/1922
f 1942/2114/1928 1941/2113/1927 1939/2111/1925 1940/2112/1926
f 1362/1410/1305 1363/1411/1306 1942/2114/1928 1940/2112/1926
f 1923/2089/1909 1943/2115/1929 1941/2113/1927 1942/2114/1928
f 1363/1411/1306 1922/2088/1908 1923/2089/1909 1942/2114/1928
f 1945/2117/1931 1944/2116/1930 1941/2113/1927 1943/2115/1929
f 1918/2084/1904 1946/2118/1932 1945/2117/1931 1943/2115/1929
f 1923/2089/1909 1917/2083/1903 1918/2084/1904 1943/2115/1929
f 1948/2120/1934 1947/2119/1933 1945/2117/1931 1946/2118/1932
f 1914/2080/1900 1949/2121/1935 1948/2120/1934 1946/2118/1932
f 1918/2084/1904 1913/2079/1899 1914/2080/1900 1946/2118/1932
f 1951/2123/1937 1950/2122/1936 1948/2120/1934 1949/2121/1935
f 1911/2077/1897 1952/2124/1938 1951/2123/1937 1949/2121/1935
f 1914/2080/1900 1910/2076/1896 1911/2077/1897 1949/2121/1935
f 1402/1461/1351 1403/1462/1352 1951/2123/1937 1952/2124/1938
f 1463/1547/1420 1464/1548/1421 1402/1461/1351 1952/2124/1938
f 1911/2077/1897 1465/1549/1422 1463/1547/1420 1952/2124/1938
f 1403/1462/1352 1953/2125/1939 1950/2122/1936 1951/2123/1937
f 1956/2128/1942 1955/2127/1941 1954/2126/1940 1953/2125/1939
f 1403/1462/1352 1404/1463/1353 1956/2128/1942 1953/2125/1939
f 1954/2126/1940 1957/2129/1943 1950/2122/1936 1953/2125/1939
f 1954/2126/1940 1959/2131/1945 1958/2130/1944 1957/2129/1943
f 1947/2119/1933 1948/2120/1934 1950/2122/1936 1957/2129/1943
f 1958/2130/1944 1960/2132/1946 1947/2119/1933 1957/2129/1943
f 1958/2130/1944 1962/2134/1948 1961/2133/1947 1960/2132/1946
f 1944/2116/1930 1945/2117/1931 1947/2119/1933 1960/2132/1946
f 1961/2133/1947 1963/2135/1949 1944/2116/1930 1960/2132/1946
f 1961/2133/1947 1965/2137/1951 1964/2136/1950 1963/2135/1949
f 1939/2111/1925 1941/2113/1927 1944/2116/1930 1963/2135/1949
f 1964/2136/1950 1938/2110/1924 1939/2111/1925 1963/2135/1949
f 1968/2140/1954 1967/2139/1953 1966/2138/1952 1965/2137/1951
f 1961/2133/1947 1962/2134/1948 1968/2140/1954 1965/2137/1951
f 1966/2138/1952 1969/2141/1955 1964/2136/1950 1965/2137/1951
f 1966/2138/1952 1877/2039/1863 1878/2040/1864 1969/2141/1955
f 1937/2109/1923 1938/2110/1924 1964/2136/1950 1969/2141/1955
f 1878/2040/1864 1880/2043/1866 1937/2109/1923 1969/2141/1955
f 1971/2143/1957 1970/2142/1956 1967/2139/1953 1968/2140/1954
f 1962/2134/1948 1972/2144/1958 1971/2143/1957 1968/2140/1954
f 1974/2146/1960 1973/2145/1959 1971/2143/1957 1972/2144/1958
f 1959/2131/1945 1975/2147/1961 1974/2146/1960 1972/2144/1958
f 1962/2134/1948 1958/2130/1944 1959/2131/1945 1972/2144/1958
f 1977/2149/1963 1976/2148/1962 1974/2146/1960 1975/2147/1961
f 1955/2127/1941 1703/1843/1689 1977/2149/1963 1975/2147/1961
f 1959/2131/1945 1954/2126/1940 1955/2127/1941 1975/2147/1961
f 1979/2151/1965 1978/2150/1964 1976/2148/1962 1977/2149/1963
f 1703/1843/1689 1701/1841/1687 1979/2151/1965 1977/2149/1963
f 1981/2153/1967 1980/2152/1966 1978/2150/1964 1979/2151/1965
f 1701/1841/1687 1591/1700/1564 1981/2153/1967 1979/2151/1965
f 1983/2155/1969 1982/2154/1968 1980/2152/1966 1981/2153/1967
f 1591/1700/1564 1583/1692/1556 1983/2155/1969 1981/2153/1967
f 1985/2157/1971 1984/2156/1970 1982/2154/1968 1983/2155/1969
f 1583/1692/1556 1584/1693/1557 1985/2157/1971 1983/2155/1969
f 676/553/523 1986/2158/1972 1984/2156/1970 1985/2157/1971
f 1584/1693/1557 673/550/520 676/553/523 1985/2157/1971
f 1301/1342/1237 1304/1345/1240 1987/2159/1973 1986/2158/1972
f 676/553/523 674/551/521 1301/1342/1237 1986/2158/1972
f 1987/2159/1973 1988/2160/1974 1984/2156/1970 1986/2158/1972
f 1987/2159/1973 1990/2162/1976 1989/2161/1975 1988/2160/1974
f 1991/2163/1977 1982/2154/1968 1984/2156/1970 1988/2160/1974
f 1989/2161/1975 1992/2164/1978 1991/2163/1977 1988/2160/1974
f 1989/2161/1975 1994/2166/1980 1993/2165/1979 1992/2164/1978
f 1335/1380/1275 1336/1381/1276 1991/2163/1977 1992/2164/1978
f 1993/2165/1979 1995/2167/1981 1335/1380/1275 1992/2164/1978
f 1993/2165/1979 1997/2169/1983 1996/2168/1982 1995/2167/1981
f 1998/2170/1984 165/1379/1274 1335/1380/1275 1995/2167/1981
f 1996/2168/1982 1999/2171/1985 1998/2170/1984 1995/2167/1981
f 1996/2168/1982 2001/2173/1987 2000/2172/1986 1999/2171/1985
f 2003/2175/1989 2002/2174/1988 1998/2170/1984 1999/2171/1985
f 2000/2172/1986 2004/2176/1990 2003/2175/1989 1999/2171/1985
f 2000/2172/1986 2006/2178/1992 2005/2177/1991 2004/2176/1990
f 2008/2180/1994 2007/2179/1993 2003/2175/1989 2004/2176/1990
f 2005/2177/1991 2009/2181/1995 2008/2180/1994 2004/2176/1990
f 2005/2177/1991 2011/2183/1997 2010/2182/1996 2009/2181/1995
f 1253/1272/1182 2012/2184/1998 2008/2180/1994 2009/2181/1995
f 2010/2182/1996 1252/1271/1181 1253/1272/1182 2009/2181/1995
f 1332/1376/1271 2007/2179/1993 2008/2180/1994 2012/2184/1998
f 2013/2185/1999 1331/1375/1270 1332/1376/1271 2012/2184/1998
f 1253/1272/1182 1254/1273/1183 2013/2185/1999 2012/2184/1998
f 2014/2186/2000 1330/1374/1269 1331/1375/1270 2013/2185/1999
f 1254/1273/1183 1255/1274/1184 2014/2186/2000 2013/2185/1999
f 2016/2188/2002 2015/2187/2001 1330/1374/1269 2014/2186/2000
f 1255/1274/1184 2017/2189/2003 2016/2188/2002 2014/2186/2000
f 1255/1274/1184 1249/1268/1178 2018/2190/2004 2017/2189/2003
f 2020/2192/2006 2019/2191/2005 2016/2188/2002 2017/2189/2003
f 2018/2190/2004 2021/2193/2007 2020/2192/2006 2017/2189/2003
f 2018/2190/2004 2022/2194/2008 1613/1731/1589 2021/2193/2007
f 2024/2196/2010 2023/2195/2009 2020/2192/2006 2021/2193/2007
f 1613/1731/1589 1614/1732/1590 2024/2196/2010 2021/2193/2007
f 2026/2198/2012 2025/2197/2011 2023/2195/2009 2024/2196/2010
f 1614/1732/1590 1618/1736/1594 2026/2198/2012 2024/2196/2010
f 2028/2200/2014 2027/2199/2013 2025/2197/2011 2026/2198/2012
f 1618/1736/1594 2029/2201/2015 2028/2200/2014 2026/2198/2012
f 1618/1736/1594 1615/1733/1591 2030/2202/2016 2029/2201/2015
f 979/921/866 974/916/861 2028/2200/2014 2029/2201/2015
f 2030/2202/2016 2031/2203/2017 979/921/866 2029/2201/2015
f 2030/2202/2016 2033/2205/2019 2032/2204/2018 2031/2203/2017
f 2034/2206/2020 978/920/865 979/921/866 2031/2203/2017
f 2032/2204/2018 2035/2207/2021 2034/2206/2020 2031/2203/2017
f 2032/2204/2018 969/910/855 970/911/856 2035/2207/2021
f 2037/2209/2023 2036/2208/2022 2034/2206/2020 2035/2207/2021
f 970/911/856 973/914/859 2037/2209/2023 2035/2207/2021
f 2039/2211/2025 2038/2210/2024 2036/2208/2022 2037/2209/2023
f 973/914/859 2040/2212/2026 2039/2211/2025 2037/2209/2023
f 973/914/859 971/912/857 2041/2213/2027 2040/2212/2026
f 2043/2215/2029 2042/2214/2028 2039/2211/2025 2040/2212/2026
f 2041/2213/2027 2044/2216/2030 2043/2215/2029 2040/2212/2026
f 2041/2213/2027 2046/2218/2032 2045/2217/2031 2044/2216/2030
f 2048/2220/2034 2047/2219/2033 2043/2215/2029 2044/2216/2030
f 2045/2217/2031 1008/955/900 2048/2220/2034 2044/2216/2030
f 2050/2222/2036 2049/2221/2035 2047/2219/2033 2048/2220/2034
f 1008/955/900 1009/956/901 2050/2222/2036 2048/2220/2034
f 985/928/873 980/923/868 2049/2221/2035 2050/2222/2036
f 1009/956/901 1010/957/902 985/928/873 2050/2222/2036
f 2052/2224/2038 2051/2223/2037 2047/2219/2033 2049/2221/2035
f 980/923/868 981/924/869 2052/2224/2038 2049/2221/2035
f 2054/2226/2040 2053/2225/2039 2051/2223/2037 2052/2224/2038
f 981/924/869 2055/2227/2041 2054/2226/2040 2052/2224/2038
f 2057/2229/2043 2056/2228/2042 2054/2226/2040 2055/2227/2041
f 2059/2231/2045 2058/2230/2044 2057/2229/2043 2055/2227/2041
f 981/924/869 982/925/870 2059/2231/2045 2055/2227/2041
f 2061/2233/2047 2060/2232/2046 2058/2230/2044 2059/2231/2045
f 982/925/870 983/926/871 2061/2233/2047 2059/2231/2045
f 2063/2235/2049 2062/2234/2048 2060/2232/2046 2061/2233/2047
f 983/926/871 2064/2236/2050 2063/2235/2049 2061/2233/2047
f 2066/2238/2052 2065/2237/2051 2063/2235/2049 2064/2236/2050
f 2068/2240/2054 2067/2239/2053 2066/2238/2052 2064/2236/2050
f 983/926/871 984/927/872 2068/2240/2054 2064/2236/2050
f 1010/957/902 1011/958/903 2067/2239/2053 2068/2240/2054
f 984/927/872 985/928/873 1010/957/902 2068/2240/2054
f 1005/951/896 2069/2241/2055 2066/2238/2052 2067/2239/2053
f 1011/958/903 1000/946/891 1005/951/896 2067/2239/2053
f 2072/2244/2058 2071/2243/2057 2070/2242/2056 2069/2241/2055
f 1005/951/896 1006/952/897 2072/2244/2058 2069/2241/2055
f 2070/2242/2056 2065/2237/2051 2066/2238/2052 2069/2241/2055
f 2074/2246/2060 2073/2245/2059 2071/2243/2057 2072/2244/2058
f 1006/952/897 1007/953/898 2074/2246/2060 2072/2244/2058
f 1643/1769/1622 2075/2247/2061 2073/2245/2059 2074/2246/2060
f 1007/953/898 206/1763/1616 1643/1769/1622 2074/2246/2060
f 2078/2250/2064 2077/2249/2063 2076/2248/2062 2075/2247/2061
f 1643/1769/1622 1644/1770/1623 2078/2250/2064 2075/2247/2061
f 2076/2248/2062 2079/2251/2065 2073/2245/2059 2075/2247/2061
f 2076/2248/2062 2081/2253/2067 2080/2252/2066 2079/2251/2065
f 2082/2254/2068 2071/2243/2057 2073/2245/2059 2079/2251/2065
f 2080/2252/2066 2083/2255/2069 2082/2254/2068 2079/2251/2065
f 2080/2257/2066 1348/1394/1289 1345/1391/1286 2083/2256/2069
f 2085/2259/2071 2084/2258/2070 2082/2254/2068 2083/2255/2069
f 1345/1391/1286 1346/1392/1287 2085/2260/2071 2083/2256/2069
f 995/2262/885 2086/2261/2072 2084/2258/2070 2085/2259/2071
f 1346/1392/1287 994/939/884 995/940/885 2085/2260/2071
f 2065/2237/2051 2070/2242/2056 2084/2258/2070 2086/2261/2072
f 2062/2234/2048 2063/2235/2049 2065/2237/2051 2086/2261/2072
f 995/2262/885 996/2263/886 2062/2234/2048 2086/2261/2072
f 2070/2242/2056 2071/2243/2057 2082/2254/2068 2084/2258/2070
f 2089/2267/2075 2088/2266/2074 2087/2265/2073 2081/2264/2067
f 2076/2248/2062 2077/2249/2063 2089/2268/2075 2081/2253/2067
f 2087/2265/2073 1348/1394/1289 2080/2257/2066 2081/2264/2067
f 1326/1370/1265 1327/1371/1266 2088/2266/2074 2089/2267/2075
f 2077/2249/2063 1647/1773/1626 1326/2269/1265 2089/2268/2075
f 1327/1371/1266 1330/1374/1269 2015/2187/2001 2088/2266/2074
f 2015/2187/2001 2090/2270/2076 2087/2265/2073 2088/2266/2074
f 2015/2187/2001 2016/2188/2002 2019/2191/2005 2090/2270/2076
f 1344/1390/1285 1348/1394/1289 2087/2265/2073 2090/2270/2076
f 2019/2191/2005 1343/1389/1284 1344/1390/1285 2090/2270/2076
f 966/905/850 1647/1773/1626 2077/2249/2063 2078/2250/2064
f 1644/1770/1623 961/900/845 966/905/850 2078/2250/2064
f 996/2263/886 997/2271/887 2060/2232/2046 2062/2234/2048
f 997/2272/887 991/935/880 2058/2230/2044 2060/2232/2046
f 991/935/880 989/933/878 2057/2229/2043 2058/2230/2044
f 989/933/878 990/934/879 2056/2228/2042 2057/2229/2043
f 2091/2273/2077 2053/2225/2039 2054/2226/2040 2056/2228/2042
f 990/934/879 2092/2274/2078 2091/2273/2077 2056/2228/2042
f 2094/2276/2080 2093/2275/2079 2091/2273/2077 2092/2274/2078
f 2096/2278/2082 2095/2277/2081 2094/2276/2080 2092/2274/2078
f 990/934/879 986/930/875 2096/2278/2082 2092/2274/2078
f 1351/1397/1292 1349/1395/1290 2095/2277/2081 2096/2278/2082
f 986/930/875 987/931/876 1351/1397/1292 2096/2278/2082
f 2098/2280/2084 2097/2279/2083 2094/2276/2080 2095/2277/2081
f 1349/1395/1290 1350/1396/1291 2098/2280/2084 2095/2277/2081
f 975/917/862 976/918/863 2097/2279/2083 2098/2280/2084
f 1350/1396/1291 2027/2199/2013 975/917/862 2098/2280/2084
f 976/918/863 977/919/864 2099/2281/2085 2097/2279/2083
f 2099/2281/2085 2093/2275/2079 2094/2276/2080 2097/2279/2083
f 977/919/864 2036/2208/2022 2038/2210/2024 2099/2281/2085
f 2038/2210/2024 2100/2282/2086 2093/2275/2079 2099/2281/2085
f 2038/2210/2024 2039/2211/2025 2042/2214/2028 2100/2282/2086
f 2053/2225/2039 2091/2273/2077 2093/2275/2079 2100/2282/2086
f 2042/2214/2028 2051/2223/2037 2053/2225/2039 2100/2282/2086
f 2042/2214/2028 2043/2215/2029 2047/2219/2033 2051/2223/2037
f 972/913/858 2101/2283/2087 1002/948/893 2046/2218/2032
f 2041/2213/2027 971/912/857 972/913/858 2046/2218/2032
f 1002/948/893 998/944/889 2045/2217/2031 2046/2218/2032
f 2102/2284/2088 1001/947/892 1002/948/893 2101/2283/2087
f 2104/2286/2090 2103/2285/2089 2102/2284/2088 2101/2283/2087
f 972/913/858 968/909/854 2104/2286/2090 2101/2283/2087
f 2106/2288/2092 2105/2287/2091 2103/2285/2089 2104/2286/2090
f 968/909/854 969/910/855 2106/2288/2092 2104/2286/2090
f 2033/2205/2019 1616/1734/1592 2105/2287/2091 2106/2288/2092
f 969/910/855 2032/2204/2018 2033/2205/2019 2106/2288/2092
f 2108/2290/2094 2107/2289/2093 2103/2285/2089 2105/2287/2091
f 1616/1734/1592 1617/1735/1593 2108/2290/2094 2105/2287/2091
f 2109/2291/2095 870/798/747 2107/2289/2093 2108/2290/2094
f 1617/1735/1593 1621/1739/1597 2109/2291/2095 2108/2290/2094
f 2110/2292/2096 869/797/746 870/798/747 2109/2291/2095
f 1621/1739/1597 2111/2293/2097 2110/2292/2096 2109/2291/2095
f 2113/2295/2099 2112/2294/2098 2110/2292/2096 2111/2293/2097
f 2115/2297/2101 2114/2296/2100 2113/2295/2099 2111/2293/2097
f 1621/1739/1597 1619/1737/1595 2115/2297/2101 2111/2293/2097
f 2117/2299/2103 2116/2298/2102 2114/2296/2100 2115/2297/2101
f 1619/1737/1595 1620/1738/1596 2117/2299/2103 2115/2297/2101
f 2119/2301/2105 2118/2300/2104 2116/2298/2102 2117/2299/2103
f 1620/1738/1596 2120/2302/2106 2119/2301/2105 2117/2299/2103
f 2122/2304/2108 2121/2303/2107 2119/2301/2105 2120/2302/2106
f 2124/2306/2110 2123/2305/2109 2122/2304/2108 2120/2302/2106
f 1620/1738/1596 1612/1730/1588 2124/2306/2110 2120/2302/2106
f 2022/2194/2008 1250/1269/1179 2123/2305/2109 2124/2306/2110
f 1612/1730/1588 1613/1731/1589 2022/2194/2008 2124/2306/2110
f 2126/2308/2112 2125/2307/2111 2122/2304/2108 2123/2305/2109
f 1250/1269/1179 1247/1266/1176 2126/2308/2112 2123/2305/2109
f 1224/1234/1149 1225/1235/1150 2125/2307/2111 2126/2308/2112
f 1247/1266/1176 1223/1233/1148 1224/1234/1149 2126/2308/2112
f 2127/2309/2113 2121/2303/2107 2122/2304/2108 2125/2307/2111
f 1225/1235/1150 1293/1329/1228 2127/2309/2113 2125/2307/2111
f 2129/2311/2115 2128/2310/2114 2121/2303/2107 2127/2309/2113
f 1293/1329/1228 1294/1330/1229 2129/2311/2115 2127/2309/2113
f 1281/1315/1214 1279/1311/1212 2128/2310/2114 2129/2311/2115
f 1294/1330/1229 1295/1331/1230 1281/1315/1214 2129/2311/2115
f 1279/1311/1212 1280/1312/1213 2118/2300/2104 2128/2310/2114
f 2118/2300/2104 2119/2301/2105 2121/2303/2107 2128/2310/2114
f 1280/1312/1213 2130/2312/2116 2116/2298/2102 2118/2300/2104
f 2132/2315/2118 860/2314/735 2131/2313/2117 2130/2312/2116
f 1280/1312/1213 1272/1313/1205 2132/2315/2118 2130/2312/2116
f 2131/2313/2117 2114/2296/2100 2116/2298/2102 2130/2312/2116
f 2133/2317/2119 859/785/734 860/786/735 2132/2316/2118
f 1272/1301/1205 1273/1302/1206 2133/2317/2119 2132/2316/2118
f 2134/2318/2120 862/788/737 859/785/734 2133/2317/2119
f 1273/1302/1206 2135/2319/2121 2134/2318/2120 2133/2317/2119
f 1273/1302/1206 1274/1303/1207 2136/2320/2122 2135/2319/2121
f 1208/1215/1131 1209/1216/1132 2134/2318/2120 2135/2319/2121
f 2136/2320/2122 1213/1221/1137 1208/1215/1131 2135/2319/2121
f 2138/2324/2124 2137/2323/2123 1213/2322/1137 2136/2321/2122
f 1274/1305/1207 1275/1306/1208 2138/2324/2124 2136/2321/2122
f 2140/2326/2126 2139/2325/2125 2137/2323/2123 2138/2324/2124
f 1275/1306/1208 2141/2327/2127 2140/2326/2126 2138/2324/2124
f 2143/2329/2129 2142/2328/2128 2140/2326/2126 2141/2327/2127
f 2145/2331/2131 2144/2330/2130 2143/2329/2129 2141/2327/2127
f 1275/1306/1208 1276/1307/1209 2145/2331/2131 2141/2327/2127
f 2147/2333/2133 2146/2332/2132 2144/2330/2130 2145/2331/2131
f 1276/1307/1209 1277/1308/1210 2147/2333/2133 2145/2331/2131
f 2149/2335/2135 2148/2334/2134 2146/2332/2132 2147/2333/2133
f 1277/1308/1210 2150/2336/2136 2149/2335/2135 2147/2333/2133
f 2152/2340/2138 2151/2339/2137 2149/2338/2135 2150/2337/2136
f 2154/2342/2140 2153/2341/2139 2152/2340/2138 2150/2337/2136
f 1277/1308/1210 1278/1309/1211 2154/2343/2140 2150/2336/2136
f 1295/1331/1230 1296/1332/1231 2153/2345/2139 2154/2344/2140
f 1278/1314/1211 1281/1315/1214 1295/1331/1230 2154/2344/2140
f 2156/2347/2142 2155/2346/2141 2152/2340/2138 2153/2341/2139
f 1296/1334/1231 1297/1335/1232 2156/2349/2142 2153/2348/2139
f 1218/2351/1142 2157/2350/2143 2155/2346/2141 2156/2347/2142
f 1297/1335/1232 1217/1225/1141 1218/1226/1142 2156/2349/2142
f 2159/2353/2145 2158/2352/2144 2155/2346/2141 2157/2350/2143
f 2161/2355/2147 2160/2354/2146 2159/2353/2145 2157/2350/2143
f 1218/2351/1142 1211/2356/1135 2161/2355/2147 2157/2350/2143
f 2163/2358/2149 2162/2357/2148 2160/2354/2146 2161/2355/2147
f 1211/2356/1135 1212/2359/1136 2163/2358/2149 2161/2355/2147
f 2137/2323/2123 2139/2325/2125 2162/2357/2148 2163/2358/2149
f 1212/2359/1136 1213/2322/1137 2137/2323/2123 2163/2358/2149
f 2164/2360/2150 655/529/499 2160/2354/2146 2162/2357/2148
f 2139/2325/2125 2165/2361/2151 2164/2360/2150 2162/2357/2148
f 2167/2363/2153 2166/2362/2152 2164/2360/2150 2165/2361/2151
f 2142/2328/2128 2168/2364/2154 2167/2363/2153 2165/2361/2151
f 2139/2325/2125 2140/2326/2126 2142/2328/2128 2165/2361/2151
f 2170/2366/2156 2169/2365/2155 2167/2363/2153 2168/2364/2154
f 1286/1321/1220 1282/1317/1216 2170/2366/2156 2168/2364/2154
f 2142/2328/2128 2143/2329/2129 1286/1321/1220 2168/2364/2154
f 2172/2368/2158 2171/2367/2157 2169/2365/2155 2170/2366/2156
f 1282/1317/1216 1283/1318/1217 2172/2368/2158 2170/2366/2156
f 2174/2370/2160 2173/2369/2159 2171/2367/2157 2172/2368/2158
f 1283/1318/1217 2175/2371/2161 2174/2370/2160 2172/2368/2158
f 2177/2373/2163 2176/2372/2162 2174/2370/2160 2175/2371/2161
f 2179/2375/2165 2178/2374/2164 2177/2373/2163 2175/2371/2161
f 1283/1318/1217 1284/1319/1218 2179/2375/2165 2175/2371/2161
f 2181/2377/2167 2180/2376/2166 2178/2374/2164 2179/2375/2165
f 1284/1319/1218 1287/1322/1221 2181/2377/2167 2179/2375/2165
f 2183/2379/2169 2182/2378/2168 2180/2376/2166 2181/2377/2167
f 1287/1322/1221 2184/2380/2170 2183/2379/2169 2181/2377/2167
f 2186/2382/2172 2185/2381/2171 2183/2379/2169 2184/2380/2170
f 2188/2384/2174 2187/2383/2173 2186/2382/2172 2184/2380/2170
f 1287/1322/1221 1288/1323/1222 2188/2384/2174 2184/2380/2170
f 2190/2386/2176 2189/2385/2175 2187/2383/2173 2188/2384/2174
f 1288/1323/1222 1291/1326/1225 2190/2386/2176 2188/2384/2174
f 1269/1293/1201 2191/2387/2177 2189/2385/2175 2190/2386/2176
f 1291/1326/1225 1266/1290/1198 1269/1293/1201 2190/2386/2176
f 2193/2389/2179 2192/2388/2178 2189/2385/2175 2191/2387/2177
f 2195/2391/2181 2194/2390/2180 2193/2389/2179 2191/2387/2177
f 1269/1293/1201 1267/1294/1199 2195/2391/2181 2191/2387/2177
f 2197/2393/2183 2196/2392/2182 2194/2390/2180 2195/2391/2181
f 1267/1294/1199 1268/1296/1200 2197/2393/2183 2195/2391/2181
f 2199/2395/2185 2198/2394/2184 2196/2392/2182 2197/2393/2183
f 1268/1296/1200 1270/1297/1202 2199/2395/2185 2197/2393/2183
f 2201/2397/2187 2200/2396/2186 2198/2394/2184 2199/2395/2185
f 1270/1297/1202 2202/2398/2188 2201/2397/2187 2199/2395/2185
f 2204/2400/2190 2203/2399/2189 2201/2397/2187 2202/2398/2188
f 2206/2402/2192 2205/2401/2191 2204/2400/2190 2202/2398/2188
f 1270/1297/1202 1264/1298/1196 2206/2402/2192 2202/2398/2188
f 2208/2406/2194 2207/2405/2193 2205/2404/2191 2206/2403/2192
f 1264/1286/1196 1262/1283/1193 2208/2406/2194 2206/2403/2192
f 659/533/503 660/534/504 2207/2405/2193 2208/2406/2194
f 1262/1283/1193 661/535/505 659/533/503 2208/2406/2194
f 2210/2408/2196 2209/2407/2195 2205/2404/2191 2207/2405/2193
f 660/534/504 2211/2409/2197 2210/2408/2196 2207/2405/2193
f 2213/2411/2199 2212/2410/2198 2210/2408/2196 2211/2409/2197
f 2215/2413/2201 2214/2412/2200 2213/2411/2199 2211/2409/2197
f 660/534/504 652/526/496 2215/2413/2201 2211/2409/2197
f 2217/2415/2203 2216/2414/2202 2214/2412/2200 2215/2413/2201
f 652/526/496 653/527/497 2217/2415/2203 2215/2413/2201
f 2219/2417/2205 2218/2416/2204 2216/2414/2202 2217/2415/2203
f 653/527/497 2220/2418/2206 2219/2417/2205 2217/2415/2203
f 2169/2365/2155 2171/2367/2157 2219/2417/2205 2220/2418/2206
f 2166/2362/2152 2167/2363/2153 2169/2365/2155 2220/2418/2206
f 653/527/497 654/528/498 2166/2362/2152 2220/2418/2206
f 2171/2367/2157 2173/2369/2159 2218/2416/2204 2219/2417/2205
f 2222/2420/2208 2221/2419/2207 2216/2414/2202 2218/2416/2204
f 2173/2369/2159 2223/2421/2209 2222/2420/2208 2218/2416/2204
f 2225/2423/2211 2224/2422/2210 2222/2420/2208 2223/2421/2209
f 2176/2372/2162 2226/2424/2212 2225/2423/2211 2223/2421/2209
f 2173/2369/2159 2174/2370/2160 2176/2372/2162 2223/2421/2209
f 2227/2425/2213 882/811/760 880/809/758 2226/2424/2212
f 2176/2372/2162 2177/2373/2163 2227/2425/2213 2226/2424/2212
f 880/809/758 881/810/759 2225/2423/2211 2226/2424/2212
f 2229/2427/2215 2228/2426/2214 882/811/760 2227/2425/2213
f 2177/2373/2163 2178/2374/2164 2229/2427/2215 2227/2425/2213
f 2231/2429/2217 2230/2428/2216 2228/2426/2214 2229/2427/2215
f 2178/2374/2164 2180/2376/2166 2231/2429/2217 2229/2427/2215
f 2233/2431/2219 2232/2430/2218 2230/2428/2216 2231/2429/2217
f 2180/2376/2166 2182/2378/2168 2233/2431/2219 2231/2429/2217
f 888/818/767 890/820/769 2232/2430/2218 2233/2431/2219
f 2182/2378/2168 887/817/766 888/818/767 2233/2431/2219
f 2235/2433/2221 2234/2432/2220 2230/2428/2216 2232/2430/2218
f 890/820/769 2236/2434/2222 2235/2433/2221 2232/2430/2218
f 2237/2435/2223 913/848/796 2235/2433/2221 2236/2434/2222
f 2239/2437/2225 2238/2436/2224 2237/2435/2223 2236/2434/2222
f 890/820/769 891/821/770 2239/2437/2225 2236/2434/2222
f 893/2439/773 894/2438/774 2238/2436/2224 2239/2437/2225
f 891/821/770 892/822/771 893/2439/773 2239/2437/2225
f 2241/2441/2227 2240/2440/2226 2237/2435/2223 2238/2436/2224
f 894/2438/774 2242/2442/2228 2241/2441/2227 2238/2436/2224
f 2244/2444/2230 2243/2443/2229 2241/2441/2227 2242/2442/2228
f 2246/2446/2232 2245/2445/2231 2244/2444/2230 2242/2442/2228
f 894/2438/774 895/2447/775 2246/2446/2232 2242/2442/2228
f 2248/2449/2234 2247/2448/2233 2245/2445/2231 2246/2446/2232
f 895/2447/775 896/2450/776 2248/2449/2234 2246/2446/2232
f 2250/2452/2236 2249/2451/2235 2247/2448/2233 2248/2449/2234
f 896/2450/776 2251/2453/2237 2250/2452/2236 2248/2449/2234
f 2253/2455/2239 2252/2454/2238 2250/2452/2236 2251/2453/2237
f 1020/973/914 1021/974/915 2253/2457/2239 2251/2456/2237
f 896/827/776 897/828/777 1020/972/914 2251/2458/2237
f 2255/2460/2241 2254/2459/2240 2252/2454/2238 2253/2455/2239
f 1021/974/915 1625/1744/1602 2255/2461/2241 2253/2457/2239
f 2257/2463/2243 2256/2462/2242 2254/2459/2240 2255/2460/2241
f 1625/1744/1602 1626/1745/1603 2257/2464/2243 2255/2461/2241
f 2259/2466/2245 2258/2465/2244 2256/2462/2242 2257/2463/2243
f 1626/1745/1603 946/1746/833 2259/2467/2245 2257/2464/2243
f 2261/2469/2247 2260/2468/2246 2258/2465/2244 2259/2466/2245
f 946/888/833 947/889/834 2261/2471/2247 2259/2470/2245
f 2263/2473/2249 2262/2472/2248 2260/2468/2246 2261/2469/2247
f 947/889/834 948/890/835 2263/2474/2249 2261/2471/2247
f 2265/2476/2251 2264/2475/2250 2262/2472/2248 2263/2473/2249
f 948/890/835 2266/2478/2252 2265/2477/2251 2263/2474/2249
f 948/890/835 949/891/836 2267/2479/2253 2266/2478/2252
f 2269/2481/2255 2268/2480/2254 2265/2477/2251 2266/2478/2252
f 2267/2479/2253 2270/2482/2256 2269/2481/2255 2266/2478/2252
f 2267/2479/2253 2272/2484/2258 2271/2483/2257 2270/2482/2256
f 944/885/830 941/882/827 2269/2481/2255 2270/2482/2256
f 2271/2483/2257 2273/2485/2259 944/885/830 2270/2482/2256
f 2271/2483/2257 965/904/849 2274/2486/2260 2273/2485/2259
f 2275/2487/2261 943/884/829 944/885/830 2273/2485/2259
f 2274/2486/2260 2276/2488/2262 2275/2487/2261 2273/2485/2259
f 1634/1758/1612 1632/1755/1610 2275/2487/2261 2276/2488/2262
f 2278/2490/2264 2277/2489/2263 1634/1758/1612 2276/2488/2262
f 2274/2486/2260 2279/2491/2265 2278/2490/2264 2276/2488/2262
f 962/901/846 963/902/847 958/2492/2266 2279/2491/2265
f 2274/2486/2260 965/904/849 962/901/846 2279/2491/2265
f 958/2492/2266 955/2493/2267 2278/2490/2264 2279/2491/2265
f 955/2493/2267 956/2494/2268 2277/2489/2263 2278/2490/2264
f 2280/2495/2269 1633/1757/1611 1634/1758/1612 2277/2489/2263
f 956/2494/2268 2281/2496/2270 2280/2495/2269 2277/2489/2263
f 2283/2498/2272 2282/2497/2271 2280/2495/2269 2281/2496/2270
f 2285/2500/2274 2284/2499/2273 2283/2498/2272 2281/2496/2270
f 956/2494/2268 957/2501/2275 2285/2500/2274 2281/2496/2270
f 963/902/847 959/898/843 2284/2499/2273 2285/2500/2274
f 957/2501/2275 958/2492/2266 963/902/847 2285/2500/2274
f 2287/2503/2277 2286/2502/2276 2283/2498/2272 2284/2499/2273
f 959/898/843 960/899/844 2287/2503/2277 2284/2499/2273
f 1642/1768/1621 2288/2504/2278 2286/2502/2276 2287/2503/2277
f 960/899/844 1641/1767/1620 1642/1768/1621 2287/2503/2277
f 2290/2506/2280 2289/2505/2279 2286/2502/2276 2288/2504/2278
f 2292/2508/2282 2291/2507/2281 2290/2506/2280 2288/2504/2278
f 1642/1768/1621 1638/1764/1617 2292/2508/2282 2288/2504/2278
f 2293/2509/2283 927/863/811 2291/2507/2281 2292/2508/2282
f 1638/1764/1617 1639/1765/1618 2293/2509/2283 2292/2508/2282
f 865/793/742 866/794/743 927/863/811 2293/2509/2283
f 1639/1765/1618 864/792/741 865/793/742 2293/2509/2283
f 2295/2511/2285 2294/2510/2284 2290/2506/2280 2291/2507/2281
f 927/863/811 928/864/812 2295/2511/2285 2291/2507/2281
f 2297/2513/2287 2296/2512/2286 2294/2510/2284 2295/2511/2285
f 928/864/812 921/867/804 2297/2513/2287 2295/2511/2285
f 2299/2517/2289 2298/2516/2288 2296/2515/2286 2297/2514/2287
f 921/856/804 922/857/805 2299/2517/2289 2297/2514/2287
f 2301/2519/2291 2300/2518/2290 2298/2516/2288 2299/2517/2289
f 922/857/805 923/858/806 2301/2519/2291 2299/2517/2289
f 2303/2521/2293 2302/2520/2292 2300/2518/2290 2301/2519/2291
f 923/858/806 2304/2522/2294 2303/2521/2293 2301/2519/2291
f 2306/2524/2296 2305/2523/2295 2303/2521/2293 2304/2522/2294
f 914/849/797 2307/2525/2297 2306/2524/2296 2304/2522/2294
f 923/858/806 909/844/792 914/849/797 2304/2522/2294
f 2309/2527/2299 2308/2526/2298 2306/2524/2296 2307/2525/2297
f 2311/2529/2301 2310/2528/2300 2309/2527/2299 2307/2525/2297
f 914/849/797 915/850/798 2311/2529/2301 2307/2525/2297
f 2313/2531/2303 2312/2530/2302 2310/2528/2300 2311/2529/2301
f 915/850/798 916/851/799 2313/2531/2303 2311/2529/2301
f 2315/2533/2305 2314/2532/2304 2312/2530/2302 2313/2531/2303
f 916/851/799 2316/2534/2306 2315/2533/2305 2313/2531/2303
f 2243/2443/2229 2317/2535/2307 2315/2533/2305 2316/2534/2306
f 2240/2440/2226 2241/2441/2227 2243/2443/2229 2316/2534/2306
f 916/851/799 912/847/795 2240/2440/2226 2316/2534/2306
f 2318/2536/2308 2314/2532/2304 2315/2533/2305 2317/2535/2307
f 2320/2538/2310 2319/2537/2309 2318/2536/2308 2317/2535/2307
f 2243/2443/2229 2244/2444/2230 2320/2538/2310 2317/2535/2307
f 2322/2540/2312 2321/2539/2311 2319/2537/2309 2320/2538/2310
f 2244/2444/2230 2245/2445/2231 2322/2540/2312 2320/2538/2310
f 2324/2542/2314 2323/2541/2313 2321/2539/2311 2322/2540/2312
f 2245/2445/2231 2247/2448/2233 2324/2542/2314 2322/2540/2312
f 2326/2544/2316 2325/2543/2315 2323/2541/2313 2324/2542/2314
f 2247/2448/2233 2249/2451/2235 2326/2544/2316 2324/2542/2314
f 2328/2546/2318 2327/2545/2317 2325/2543/2315 2326/2544/2316
f 2249/2451/2235 2329/2547/2319 2328/2546/2318 2326/2544/2316
f 2331/2549/2321 2330/2548/2320 2328/2546/2318 2329/2547/2319
f 2252/2454/2238 2254/2459/2240 2331/2549/2321 2329/2547/2319
f 2249/2451/2235 2250/2452/2236 2252/2454/2238 2329/2547/2319
f 935/875/820 929/869/814 2330/2548/2320 2331/2549/2321
f 2254/2459/2240 2256/2462/2242 935/875/820 2331/2549/2321
f 2332/2550/2322 2327/2545/2317 2328/2546/2318 2330/2548/2320
f 929/869/814 930/870/815 2332/2550/2322 2330/2548/2320
f 2334/2552/2324 2333/2551/2323 2327/2545/2317 2332/2550/2322
f 930/870/815 2335/2553/2325 2334/2552/2324 2332/2550/2322
f 2337/2555/2327 2336/2554/2326 2334/2552/2324 2335/2553/2325
f 2339/2557/2329 2338/2556/2328 2337/2555/2327 2335/2553/2325
f 930/870/815 931/871/816 2339/2557/2329 2335/2553/2325
f 2340/2558/2330 1691/1825/1676 2338/2556/2328 2339/2557/2329
f 931/871/816 932/872/817 2340/2558/2330 2339/2557/2329
f 2341/2559/2331 1690/1824/1675 1691/1825/1676 2340/2558/2330
f 932/872/817 2342/2560/2332 2341/2559/2331 2340/2558/2330
f 2344/2564/2334 2343/2563/2333 2341/2562/2331 2342/2561/2332
f 2346/2566/2336 2345/2565/2335 2344/2564/2334 2342/2561/2332
f 932/872/817 933/873/818 2346/2567/2336 2342/2560/2332
f 2347/2568/2337 2302/2520/2292 2345/2565/2335 2346/2566/2336
f 933/873/818 938/878/823 2347/2569/2337 2346/2567/2336
f 2348/2570/2338 2300/2518/2290 2302/2520/2292 2347/2568/2337
f 938/878/823 2349/2572/2339 2348/2571/2338 2347/2569/2337
f 938/878/823 936/876/821 2350/2573/2340 2349/2572/2339
f 1637/1761/1615 2351/2574/2341 2348/2571/2338 2349/2572/2339
f 2350/2573/2340 1631/1753/1609 1637/1761/1615 2349/2572/2339
f 2298/2516/2288 2300/2518/2290 2348/2570/2338 2351/2575/2341
f 2352/2576/2342 2296/2515/2286 2298/2516/2288 2351/2575/2341
f 1637/1761/1615 1635/1762/1613 2352/2577/2342 2351/2574/2341
f 2353/2579/2343 2294/2510/2284 2296/2512/2286 2352/2578/2342
f 1635/1759/1613 1636/1760/1614 2353/2579/2343 2352/2578/2342
f 2289/2505/2279 2290/2506/2280 2294/2510/2284 2353/2579/2343
f 1636/1760/1614 2282/2497/2271 2289/2505/2279 2353/2579/2343
f 936/876/821 937/877/822 2354/2580/2344 2350/2573/2340
f 2354/2580/2344 1630/1752/1608 1631/1753/1609 2350/2573/2340
f 937/877/822 2260/2468/2246 2262/2472/2248 2354/2580/2344
f 2262/2472/2248 2264/2475/2250 1630/1752/1608 2354/2580/2344
f 2305/2523/2295 2355/2581/2345 2344/2564/2334 2345/2565/2335
f 2302/2520/2292 2303/2521/2293 2305/2523/2295 2345/2565/2335
f 2356/2582/2346 2343/2563/2333 2344/2564/2334 2355/2581/2345
f 2308/2526/2298 2357/2583/2347 2356/2582/2346 2355/2581/2345
f 2305/2523/2295 2306/2524/2296 2308/2526/2298 2355/2581/2345
f 2359/2585/2349 2358/2584/2348 2356/2582/2346 2357/2583/2347
f 2361/2587/2351 2360/2586/2350 2359/2585/2349 2357/2583/2347
f 2308/2526/2298 2309/2527/2299 2361/2587/2351 2357/2583/2347
f 2363/2589/2353 2362/2588/2352 2360/2586/2350 2361/2587/2351
f 2309/2527/2299 2310/2528/2300 2363/2589/2353 2361/2587/2351
f 2365/2591/2355 2364/2590/2354 2362/2588/2352 2363/2589/2353
f 2310/2528/2300 2312/2530/2302 2365/2591/2355 2363/2589/2353
f 2367/2593/2357 2366/2592/2356 2364/2590/2354 2365/2591/2355
f 2312/2530/2302 2314/2532/2304 2367/2593/2357 2365/2591/2355
f 2369/2595/2359 2368/2594/2358 2366/2592/2356 2367/2593/2357
f 2314/2532/2304 2318/2536/2308 2369/2595/2359 2367/2593/2357
f 2371/2597/2361 2370/2596/2360 2368/2594/2358 2369/2595/2359
f 2318/2536/2308 2319/2537/2309 2371/2597/2361 2369/2595/2359
f 2372/2598/2362 1317/1359/1254 2370/2596/2360 2371/2597/2361
f 2319/2537/2309 2321/2539/2311 2372/2598/2362 2371/2597/2361
f 2373/2599/2363 1316/1358/1253 1317/1359/1254 2372/2598/2362
f 2321/2539/2311 2323/2541/2313 2373/2599/2363 2372/2598/2362
f 2374/2600/2364 1318/1360/1255 1316/1358/1253 2373/2599/2363
f 2323/2541/2313 2325/2543/2315 2374/2600/2364 2373/2599/2363
f 2333/2551/2323 2375/2601/2365 1318/1360/1255 2374/2600/2364
f 2325/2543/2315 2327/2545/2317 2333/2551/2323 2374/2600/2364
f 2376/2602/2366 1315/1357/1252 1318/1360/1255 2375/2601/2365
f 2336/2554/2326 2377/2603/2367 2376/2602/2366 2375/2601/2365
f 2333/2551/2323 2334/2552/2324 2336/2554/2326 2375/2601/2365
f 2379/2605/2369 2378/2604/2368 2376/2602/2366 2377/2603/2367
f 2381/2607/2371 2380/2606/2370 2379/2605/2369 2377/2603/2367
f 2336/2554/2326 2337/2555/2327 2381/2607/2371 2377/2603/2367
f 2383/2609/2373 2382/2608/2372 2380/2606/2370 2381/2607/2371
f 2337/2555/2327 2338/2556/2328 2383/2609/2373 2381/2607/2371
f 1692/1826/1677 1695/2610/1680 2382/2608/2372 2383/2609/2373
f 2338/2556/2328 1691/1825/1676 1692/1826/1677 2383/2609/2373
f 1321/1364/1259 1322/1365/1260 2380/2606/2370 2382/2608/2372
f 1695/2610/1680 1320/1363/1258 1321/1364/1259 2382/2608/2372
f 1322/1365/1260 2384/2611/2374 2379/2605/2369 2380/2606/2370
f 2386/2613/2376 1310/1351/1246 2385/2612/2375 2384/2611/2374
f 1322/1365/1260 1323/1366/1261 2386/2613/2376 2384/2611/2374
f 2385/2612/2375 2378/2604/2368 2379/2605/2369 2384/2611/2374
f 2387/2614/2377 1309/1350/1245 1310/1351/1246 2386/2613/2376
f 1323/1366/1261 1324/1367/1262 2387/2614/2377 2386/2613/2376
f 2388/2615/2378 1308/1349/1244 1309/1350/1245 2387/2614/2377
f 1324/1367/1262 2389/2616/2379 2388/2615/2378 2387/2614/2377
f 1324/1367/1262 1319/1362/1257 2390/2617/2380 2389/2616/2379
f 2360/2586/2350 2362/2588/2352 2388/2615/2378 2389/2616/2379
f 2390/2617/2380 2359/2585/2349 2360/2586/2350 2389/2616/2379
f 1319/1362/1257 1320/1363/1258 2391/2618/2381 2390/2617/2380
f 2391/2618/2381 2358/2584/2348 2359/2585/2349 2390/2617/2380
f 1320/1363/1258 1695/2610/1680 1693/1828/1678 2391/2618/2381
f 1693/1828/1678 1694/1829/1679 2358/2584/2348 2391/2618/2381
f 2362/2588/2352 2364/2590/2354 1308/1349/1244 2388/2615/2378
f 1310/1351/1246 1311/1352/1247 2392/2619/2382 2385/2612/2375
f 2392/2619/2382 1314/1356/1251 2378/2604/2368 2385/2612/2375
f 1311/1352/1247 1312/1353/1248 2393/2620/2383 2392/2619/2382
f 2393/2620/2383 1313/1355/1250 1314/1356/1251 2392/2619/2382
f 2370/2596/2360 1317/1359/1254 1313/1355/1250 2393/2620/2383
f 1312/1353/1248 2368/2594/2358 2370/2596/2360 2393/2620/2383
f 1314/1356/1251 1315/1357/1252 2376/2602/2366 2378/2604/2368
f 1312/1353/1248 1307/1348/1243 2366/2592/2356 2368/2594/2358
f 1307/1348/1243 1308/1349/1244 2364/2590/2354 2366/2592/2356
f 1694/1829/1679 2343/2563/2333 2356/2582/2346 2358/2584/2348
f 1694/1829/1679 1690/1830/1675 2341/2562/2331 2343/2563/2333
f 2282/2497/2271 2283/2498/2272 2286/2502/2276 2289/2505/2279
f 1636/1760/1614 1633/1757/1611 2280/2495/2269 2282/2497/2271
f 1632/1755/1610 942/883/828 943/884/829 2275/2487/2261
f 953/895/840 967/907/852 964/903/848 2272/2484/2258
f 2267/2479/2253 949/891/836 953/895/840 2272/2484/2258
f 964/903/848 965/904/849 2271/2483/2257 2272/2484/2258
f 941/882/827 939/879/824 2268/2480/2254 2269/2481/2255
f 2394/2622/2384 2264/2475/2250 2265/2476/2251 2268/2621/2254
f 939/879/824 940/880/825 2394/2623/2384 2268/2480/2254
f 1629/1751/1607 1630/1752/1608 2264/2475/2250 2394/2622/2384
f 940/880/825 942/883/828 1629/1756/1607 2394/2623/2384
f 937/877/822 934/874/819 2258/2465/2244 2260/2468/2246
f 934/874/819 935/875/820 2256/2462/2242 2258/2465/2244
f 912/847/795 913/848/796 2237/2435/2223 2240/2440/2226
f 913/848/796 910/845/793 2234/2432/2220 2235/2433/2221
f 910/845/793 911/846/794 2395/2624/2385 2234/2432/2220
f 2395/2624/2385 2228/2426/2214 2230/2428/2216 2234/2432/2220
f 911/846/794 876/805/754 877/806/755 2395/2624/2385
f 877/806/755 882/811/760 2228/2426/2214 2395/2624/2385
f 881/810/759 2396/2625/2386 2224/2422/2210 2225/2423/2211
f 881/810/759 878/807/756 2397/2626/2387 2396/2625/2386
f 2399/2628/2389 2398/2627/2388 2224/2422/2210 2396/2625/2386
f 2397/2626/2387 2400/2629/2390 2399/2628/2389 2396/2625/2386
f 2397/2626/2387 2402/2631/2392 2401/2630/2391 2400/2629/2390
f 2404/2633/2394 2403/2632/2393 2399/2628/2389 2400/2629/2390
f 2401/2630/2391 2405/2634/2395 2404/2633/2394 2400/2629/2390
f 2401/2630/2391 357/168/163 358/169/164 2405/2634/2395
f 2407/2636/2397 2406/2635/2396 2404/2633/2394 2405/2634/2395
f 358/169/164 2408/2637/2398 2407/2636/2397 2405/2634/2395
f 358/169/164 350/170/155 347/2638/152 2408/2637/2398
f 2410/2640/2400 2409/2639/2399 2407/2636/2397 2408/2637/2398
f 347/2638/152 348/2641/153 2410/2640/2400 2408/2637/2398
f 2412/2643/2402 2411/2642/2401 2409/2639/2399 2410/2640/2400
f 348/2641/153 2413/2644/2403 2412/2643/2402 2410/2640/2400
f 348/156/153 345/153/150 2414/2646/2404 2413/2645/2403
f 2416/2648/2406 2415/2647/2405 2412/2643/2402 2413/2644/2403
f 2414/2646/2404 2417/2650/2407 2416/2649/2406 2413/2645/2403
f 2414/2646/2404 2419/2652/2409 2418/2651/2408 2417/2650/2407
f 2421/2654/2411 2420/2653/2410 2416/2649/2406 2417/2650/2407
f 2418/2651/2408 2422/2655/2412 2421/2654/2411 2417/2650/2407
f 1521/1612/1485 1522/1613/1486 2421/2654/2411 2422/2655/2412
f 2424/2657/2414 2423/2656/2413 1521/1612/1485 2422/2655/2412
f 2418/2651/2408 2425/2658/2415 2424/2657/2414 2422/2655/2412
f 2427/2660/2417 2426/2659/2416 2424/2657/2414 2425/2658/2415
f 341/148/145 340/147/144 2427/2660/2417 2425/2658/2415
f 2418/2651/2408 2419/2652/2409 341/148/145 2425/2658/2415
f 336/142/139 2428/2661/2418 2426/2659/2416 2427/2660/2417
f 340/147/144 335/141/138 336/142/139 2427/2660/2417
f 2430/2663/2420 2429/2662/2419 2426/2659/2416 2428/2661/2418
f 2432/2665/2422 2431/2664/2421 2430/2663/2420 2428/2661/2418
f 336/142/139 332/138/135 2432/2665/2422 2428/2661/2418
f 2434/2667/2424 2433/2666/2423 2431/2664/2421 2432/2665/2422
f 332/138/135 333/139/136 2434/2667/2424 2432/2665/2422
f 324/128/125 316/120/117 2433/2666/2423 2434/2667/2424
f 333/139/136 2435/2668/2425 324/128/125 2434/2667/2424
f 2436/2669/2426 323/127/124 324/128/125 2435/2668/2425
f 2437/2670/2427 343/151/148 2436/2669/2426 2435/2668/2425
f 333/139/136 334/140/137 2437/2670/2427 2435/2668/2425
f 338/145/142 342/150/147 343/151/148 2437/2670/2427
f 334/140/137 337/143/140 338/145/142 2437/2670/2427
f 2438/2671/2428 322/126/123 323/127/124 2436/2669/2426
f 343/151/148 344/152/149 2438/2671/2428 2436/2669/2426
f 2440/2673/2430 2439/2672/2429 322/126/123 2438/2671/2428
f 344/152/149 351/159/156 2440/2673/2430 2438/2671/2428
f 2442/2675/2432 2441/2674/2431 2439/2672/2429 2440/2673/2430
f 351/159/156 2443/2676/2433 2442/2675/2432 2440/2673/2430
f 351/159/156 349/157/154 352/161/158 2443/2676/2433
f 2445/2678/2435 2444/2677/2434 2442/2675/2432 2443/2676/2433
f 352/161/158 353/162/159 2445/2678/2435 2443/2676/2433
f 2447/2680/2437 2446/2679/2436 2444/2677/2434 2445/2678/2435
f 353/162/159 2448/2681/2438 2447/2680/2437 2445/2678/2435
f 353/162/159 354/163/160 296/2682/94 2448/2681/2438
f 2450/2684/2440 2449/2683/2439 2447/2680/2437 2448/2681/2438
f 296/2682/94 290/2685/88 2450/2684/2440 2448/2681/2438
f 2452/2687/2442 2451/2686/2441 2449/2683/2439 2450/2684/2440
f 290/2685/88 291/2688/89 2452/2687/2442 2450/2684/2440
f 2454/2690/2444 2453/2689/2443 2451/2686/2441 2452/2687/2442
f 291/2688/89 2455/2691/2445 2454/2690/2444 2452/2687/2442
f 291/89/89 292/90/90 2456/2693/2446 2455/2692/2445
f 2458/2695/2448 2457/2694/2447 2454/2690/2444 2455/2691/2445
f 2456/2693/2446 2459/2697/2449 2458/2696/2448 2455/2692/2445
f 2456/2693/2446 2461/2699/2451 2460/2698/2450 2459/2697/2449
f 2463/2701/2453 2462/2700/2452 2458/2696/2448 2459/2697/2449
f 2460/2698/2450 2464/2702/2454 2463/2701/2453 2459/2697/2449
f 2460/2698/2450 2466/2704/2456 2465/2703/2455 2464/2702/2454
f 2468/2706/2458 2467/2705/2457 2463/2701/2453 2464/2702/2454
f 2465/2703/2455 2469/2707/2459 2468/2706/2458 2464/2702/2454
f 2465/2703/2455 2471/2709/2461 2470/2708/2460 2469/2707/2459
f 2473/2711/2463 2472/2710/2462 2468/2706/2458 2469/2707/2459
f 2470/2708/2460 2474/2712/2464 2473/2711/2463 2469/2707/2459
f 2470/2708/2460 2476/2714/2466 2475/2713/2465 2474/2712/2464
f 2478/2716/2468 2477/2715/2467 2473/2711/2463 2474/2712/2464
f 2475/2713/2465 2479/2717/2469 2478/2716/2468 2474/2712/2464
f 2475/2713/2465 1493/1581/1454 1494/1582/1455 2479/2717/2469
f 283/79/79 2480/2718/2470 2478/2716/2468 2479/2717/2469
f 1494/1582/1455 280/76/76 283/79/79 2479/2717/2469
f 846/770/719 2477/2715/2467 2478/2716/2468 2480/2718/2470
f 2481/2719/2471 845/769/718 846/770/719 2480/2718/2470
f 283/79/79 281/77/77 2481/2719/2471 2480/2718/2470
f 2482/2720/2472 844/768/717 845/769/718 2481/2719/2471
f 281/77/77 282/78/78 2482/2720/2472 2481/2719/2471
f 2484/2722/2474 2483/2721/2473 844/768/717 2482/2720/2472
f 282/78/78 2485/2723/2475 2484/2722/2474 2482/2720/2472
f 2487/2725/2477 2486/2724/2476 2484/2722/2474 2485/2723/2475
f 2489/2727/2479 2488/2726/2478 2487/2725/2477 2485/2723/2475
f 282/78/78 278/74/74 2489/2727/2479 2485/2723/2475
f 2491/2729/2481 2490/2728/2480 2488/2726/2478 2489/2727/2479
f 278/74/74 279/75/75 2491/2729/2481 2489/2727/2479
f 1496/1584/1457 2492/2730/2482 2490/2728/2480 2491/2729/2481
f 279/75/75 1495/1583/1456 1496/1584/1457 2491/2729/2481
f 2494/2732/2484 2493/2731/2483 2490/2728/2480 2492/2730/2482
f 604/464/441 605/465/442 2494/2732/2484 2492/2730/2482
f 1496/1584/1457 1497/1585/1458 604/464/441 2492/2730/2482
f 287/84/84 288/85/85 2493/2731/2483 2494/2732/2484
f 605/465/442 289/86/86 287/84/84 2494/2732/2484
f 288/85/85 2496/2734/2486 2495/2733/2485 2493/2731/2483
f 2495/2733/2485 2488/2726/2478 2490/2728/2480 2493/2731/2483
f 2499/2737/2489 2498/2736/2488 2497/2735/2487 2496/2734/2486
f 288/85/85 284/81/81 2499/2737/2489 2496/2734/2486
f 2497/2735/2487 2500/2738/2490 2495/2733/2485 2496/2734/2486
f 2497/2735/2487 2502/2740/2492 2501/2739/2491 2500/2738/2490
f 2487/2725/2477 2488/2726/2478 2495/2733/2485 2500/2738/2490
f 2501/2739/2491 2486/2724/2476 2487/2725/2477 2500/2738/2490
f 2505/2743/2495 2504/2742/2494 2503/2741/2493 2502/2740/2492
f 2497/2735/2487 2498/2736/2488 2505/2743/2495 2502/2740/2492
f 2503/2741/2493 2506/2744/2496 2501/2739/2491 2502/2740/2492
f 2503/2741/2493 2508/2746/2498 2507/2745/2497 2506/2744/2496
f 2509/2747/2499 2486/2724/2476 2501/2739/2491 2506/2744/2496
f 2507/2745/2497 2510/2748/2500 2509/2747/2499 2506/2744/2496
f 2507/2745/2497 2511/2749/2501 304/103/103 2510/2748/2500
f 2512/2750/2502 2483/2721/2473 2509/2747/2499 2510/2748/2500
f 304/103/103 300/99/99 2512/2750/2502 2510/2748/2500
f 843/767/716 844/768/717 2483/2721/2473 2512/2750/2502
f 300/99/99 301/100/100 843/767/716 2512/2750/2502
f 2514/2753/2504 2462/2752/2452 2513/2751/2503 2511/2749/2501
f 2507/2745/2497 2508/2746/2498 2514/2753/2504 2511/2749/2501
f 2513/2751/2503 303/102/102 304/103/103 2511/2749/2501
f 2457/2694/2447 2458/2695/2448 2462/2752/2452 2514/2753/2504
f 2508/2746/2498 2515/2754/2505 2457/2694/2447 2514/2753/2504
f 2453/2689/2443 2454/2690/2444 2457/2694/2447 2515/2754/2505
f 2504/2742/2494 2516/2755/2506 2453/2689/2443 2515/2754/2505
f 2508/2746/2498 2503/2741/2493 2504/2742/2494 2515/2754/2505
f 2517/2756/2507 2451/2686/2441 2453/2689/2443 2516/2755/2506
f 2518/2757/2508 1502/1591/1464 2517/2756/2507 2516/2755/2506
f 2504/2742/2494 2505/2743/2495 2518/2757/2508 2516/2755/2506
f 2519/2758/2509 1501/1590/1463 1502/1591/1464 2518/2757/2508
f 2505/2743/2495 2498/2736/2488 2519/2758/2509 2518/2757/2508
f 2520/2759/2510 1500/1589/1462 1501/1590/1463 2519/2758/2509
f 2498/2736/2488 2499/2737/2489 2520/2759/2510 2519/2758/2509
f 285/82/82 2521/2760/2511 1500/1589/1462 2520/2759/2510
f 2499/2737/2489 284/81/81 285/82/82 2520/2759/2510
f 2522/2761/2512 1499/1588/1461 1500/1589/1462 2521/2760/2511
f 2524/2763/2514 2523/2762/2513 2522/2761/2512 2521/2760/2511
f 285/82/82 286/83/83 2524/2763/2514 2521/2760/2511
f 2526/2765/2516 2525/2764/2515 2523/2762/2513 2524/2763/2514
f 286/83/83 289/86/86 2526/2765/2516 2524/2763/2514
f 606/466/443 610/470/447 2525/2764/2515 2526/2765/2516
f 289/86/86 605/465/442 606/466/443 2526/2765/2516
f 2528/2767/2518 2527/2766/2517 2523/2762/2513 2525/2764/2515
f 610/470/447 2529/2768/2519 2528/2767/2518 2525/2764/2515
f 2531/2770/2521 2530/2769/2520 2528/2767/2518 2529/2768/2519
f 312/115/112 306/109/106 2531/2770/2521 2529/2768/2519
f 610/470/447 607/467/444 312/115/112 2529/2768/2519
f 2533/2772/2523 2532/2771/2522 2530/2769/2520 2531/2770/2521
f 306/109/106 307/110/107 2533/2772/2523 2531/2770/2521
f 2535/2774/2525 2534/2773/2524 2532/2771/2522 2533/2772/2523
f 307/110/107 2536/2775/2526 2535/2774/2525 2533/2772/2523
f 2537/2776/2527 602/460/438 2535/2774/2525 2536/2775/2526
f 1207/1214/1130 1210/1217/1133 2537/2776/2527 2536/2775/2526
f 307/110/107 308/111/108 1207/1214/1130 2536/2775/2526
f 2538/2777/2528 601/459/437 602/460/438 2537/2776/2527
f 1210/1217/1133 1214/1222/1138 2538/2777/2528 2537/2776/2527
f 2539/2779/2529 603/461/439 601/462/437 2538/2778/2528
f 1214/2781/1138 2540/2780/2530 2539/2779/2529 2538/2778/2528
f 2542/2783/2532 2541/2782/2531 2539/2779/2529 2540/2780/2530
f 1687/1820/1671 1688/1821/1672 2542/2783/2532 2540/2780/2530
f 1214/2781/1138 1215/2784/1139 1687/1820/1671 2540/2780/2530
f 671/548/518 2543/2785/2533 2541/2782/2531 2542/2783/2532
f 1688/1821/1672 670/547/517 671/548/518 2542/2783/2532
f 2546/2788/2536 2545/2787/2535 2544/2786/2534 2543/2785/2533
f 671/548/518 667/544/514 2546/2788/2536 2543/2785/2533
f 2544/2786/2534 2547/2789/2537 2541/2782/2531 2543/2785/2533
f 2544/2786/2534 2549/2791/2539 2548/2790/2538 2547/2789/2537
f 603/461/439 2539/2779/2529 2541/2782/2531 2547/2789/2537
f 2548/2790/2538 599/455/435 603/461/439 2547/2789/2537
f 2552/2794/2542 2551/2793/2541 2550/2792/2540 2549/2791/2539
f 2544/2786/2534 2545/2787/2535 2552/2794/2542 2549/2791/2539
f 2550/2792/2540 2553/2795/2543 2548/2790/2538 2549/2791/2539
f 2550/2792/2540 2555/2797/2545 2554/2796/2544 2553/2795/2543
f 598/454/434 599/455/435 2548/2790/2538 2553/2795/2543
f 2554/2796/2544 2556/2798/2546 598/454/434 2553/2795/2543
f 2554/2796/2544 584/440/418 585/2799/419 2556/2798/2546
f 578/2800/411 597/453/433 598/454/434 2556/2798/2546
f 585/2799/419 577/2801/410 578/2800/411 2556/2798/2546
f 1580/1688/1552 1581/1689/1553 586/439/420 2555/2797/2545
f 2550/2792/2540 2551/2793/2541 1580/1688/1552 2555/2797/2545
f 586/439/420 584/440/418 2554/2796/2544 2555/2797/2545
f 2558/2803/2548 2557/2802/2547 2551/2793/2541 2552/2794/2542
f 2545/2787/2535 2559/2804/2549 2558/2803/2548 2552/2794/2542
f 2561/2806/2551 2560/2805/2550 2558/2803/2548 2559/2804/2549
f 2563/2808/2553 2562/2807/2552 2561/2806/2551 2559/2804/2549
f 2545/2787/2535 2546/2788/2536 2563/2808/2553 2559/2804/2549
f 668/545/515 2564/2809/2554 2562/2807/2552 2563/2808/2553
f 2546/2788/2536 667/544/514 668/545/515 2563/2808/2553
f 2566/2811/2556 2565/2810/2555 2562/2807/2552 2564/2809/2554
f 2567/2812/2557 640/507/481 2566/2811/2556 2564/2809/2554
f 668/545/515 669/546/516 2567/2812/2557 2564/2809/2554
f 2568/2813/2558 639/506/480 640/507/481 2567/2812/2557
f 669/546/516 672/549/519 2568/2813/2558 2567/2812/2557
f 1589/1698/1562 641/508/482 639/506/480 2568/2813/2558
f 672/549/519 1585/1694/1558 1589/1698/1562 2568/2813/2558
f 2570/2815/2560 2569/2814/2559 2565/2810/2555 2566/2811/2556
f 640/507/481 633/500/474 2570/2815/2560 2566/2811/2556
f 2572/2817/2562 2571/2816/2561 2569/2814/2559 2570/2815/2560
f 633/500/474 634/501/475 2572/2817/2562 2570/2815/2560
f 2574/2821/2564 2573/2820/2563 2571/2819/2561 2572/2818/2562
f 634/2823/475 2575/2822/2565 2574/2821/2564 2572/2818/2562
f 2577/2825/2567 2576/2824/2566 2574/2821/2564 2575/2822/2565
f 2579/2827/2569 2578/2826/2568 2577/2825/2567 2575/2822/2565
f 634/2823/475 635/2828/476 2579/2827/2569 2575/2822/2565
f 565/408/396 568/411/399 2578/2826/2568 2579/2827/2569
f 635/2828/476 564/407/395 565/408/396 2579/2827/2569
f 2580/2829/2570 632/498/472 2577/2825/2567 2578/2826/2568
f 568/411/399 2581/2830/2571 2580/2829/2570 2578/2826/2568
f 2583/2832/2573 2582/2831/2572 2580/2829/2570 2581/2830/2571
f 2585/2834/2575 2584/2833/2574 2583/2832/2573 2581/2830/2571
f 568/411/399 566/409/397 2585/2834/2575 2581/2830/2571
f 2587/2836/2577 2586/2835/2576 2584/2833/2574 2585/2834/2575
f 566/409/397 567/410/398 2587/2836/2577 2585/2834/2575
f 2589/2838/2579 2588/2837/2578 2586/2835/2576 2587/2836/2577
f 567/410/398 2590/2839/2580 2589/2838/2579 2587/2836/2577
f 1492/1579/1452 1488/1575/1448 2589/2838/2579 2590/2839/2580
f 2592/2841/2582 2591/2840/2581 1492/1579/1452 2590/2839/2580
f 567/410/398 559/402/390 2592/2841/2582 2590/2839/2580
f 2594/2843/2584 2593/2842/2583 2591/2840/2581 2592/2841/2582
f 559/402/390 560/403/391 2594/2843/2584 2592/2841/2582
f 558/400/388 2595/2844/2585 2593/2842/2583 2594/2843/2584
f 560/403/391 553/395/383 558/400/388 2594/2843/2584
f 2597/2846/2587 2596/2845/2586 2593/2842/2583 2595/2844/2585
f 549/390/378 550/391/379 2597/2846/2587 2595/2844/2585
f 558/400/388 548/389/377 549/390/378 2595/2844/2585
f 258/51/51 259/52/52 2596/2845/2586 2597/2846/2587
f 550/391/379 2598/2847/2588 258/51/51 2597/2846/2587
f 2599/2848/2589 255/48/48 258/51/51 2598/2847/2588
f 2601/2850/2591 2600/2849/2590 2599/2848/2589 2598/2847/2588
f 550/391/379 541/382/370 2601/2850/2591 2598/2847/2588
f 2603/2852/2593 2602/2851/2592 2600/2849/2590 2601/2850/2591
f 541/382/370 542/383/371 2603/2852/2593 2601/2850/2591
f 2605/2854/2595 2604/2853/2594 2602/2851/2592 2603/2852/2593
f 542/383/371 2606/2855/2596 2605/2854/2595 2603/2852/2593
f 542/383/371 543/384/372 2607/2856/2597 2606/2855/2596
f 2609/2858/2599 2608/2857/2598 2605/2854/2595 2606/2855/2596
f 2607/2856/2597 2610/2859/2600 2609/2858/2599 2606/2855/2596
f 2607/2856/2597 2612/2861/2602 2611/2860/2601 2610/2859/2600
f 2614/2865/2604 2613/2864/2603 2609/2863/2599 2610/2862/2600
f 2611/2867/2601 2615/2866/2605 2614/2865/2604 2610/2862/2600
f 2611/2867/2601 2617/2869/2607 2616/2868/2606 2615/2866/2605
f 2619/2871/2609 2618/2870/2608 2614/2865/2604 2615/2866/2605
f 2616/2868/2606 2620/2872/2610 2619/2871/2609 2615/2866/2605
f 2616/2868/2606 2622/2874/2612 2621/2873/2611 2620/2872/2610
f 2623/2875/2613 276/71/71 2619/2871/2609 2620/2872/2610
f 2621/2873/2611 1518/1608/1481 2623/2875/2613 2620/2872/2610
f 2624/2876/2614 275/70/70 276/71/71 2623/2875/2613
f 1518/1608/1481 1509/1599/1472 2624/2876/2614 2623/2875/2613
f 2625/2877/2615 274/69/69 275/70/70 2624/2876/2614
f 1509/1599/1472 1510/1600/1473 2625/2877/2615 2624/2876/2614
f 2627/2879/2617 2626/2878/2616 274/69/69 2625/2877/2615
f 1510/1600/1473 2628/2880/2618 2627/2879/2617 2625/2877/2615
f 1510/1600/1473 1511/1601/1474 2629/2881/2619 2628/2880/2618
f 2429/2662/2419 2430/2663/2420 2627/2879/2617 2628/2880/2618
f 2629/2881/2619 2423/2656/2413 2429/2662/2419 2628/2880/2618
f 1511/1601/1474 1512/1602/1475 1520/1611/1484 2629/2881/2619
f 1520/1611/1484 1521/1612/1485 2423/2656/2413 2629/2881/2619
f 2430/2663/2420 2431/2664/2421 2626/2878/2616 2627/2879/2617
f 2630/2882/2620 273/68/68 274/69/69 2626/2878/2616
f 2431/2664/2421 2433/2666/2423 2630/2882/2620 2626/2878/2616
f 317/121/118 277/72/72 273/68/68 2630/2882/2620
f 2433/2666/2423 316/120/117 317/121/118 2630/2882/2620
f 2633/2885/2623 2632/2884/2622 2631/2883/2621 2622/2874/2612
f 2616/2868/2606 2617/2869/2607 2633/2885/2623 2622/2874/2612
f 2631/2883/2621 2634/2886/2624 2621/2873/2611 2622/2874/2612
f 2631/2883/2621 2636/2888/2626 2635/2887/2625 2634/2886/2624
f 1517/1607/1480 1518/1608/1481 2621/2873/2611 2634/2886/2624
f 2635/2887/2625 1516/1606/1479 1517/1607/1480 2634/2886/2624
f 2639/2891/2629 2638/2890/2628 2637/2889/2627 2636/2888/2626
f 2631/2883/2621 2632/2884/2622 2639/2891/2629 2636/2888/2626
f 2637/2889/2627 449/2892/266 2635/2887/2625 2636/2888/2626
f 2641/2896/2631 2640/2895/2630 2638/2894/2628 2639/2893/2629
f 2632/2898/2622 2642/2897/2632 2641/2896/2631 2639/2893/2629
f 2644/2900/2634 2643/2899/2633 2641/2896/2631 2642/2897/2632
f 2646/2902/2636 2645/2901/2635 2644/2900/2634 2642/2897/2632
f 2632/2898/2622 2633/2903/2623 2646/2902/2636 2642/2897/2632
f 2648/2905/2638 2647/2904/2637 2645/2901/2635 2646/2902/2636
f 2633/2903/2623 2617/2906/2607 2648/2905/2638 2646/2902/2636
f 2612/2861/2602 544/385/373 2647/2904/2637 2648/2905/2638
f 2617/2906/2607 2611/2860/2601 2612/2861/2602 2648/2905/2638
f 686/566/536 689/569/539 2645/2901/2635 2647/2904/2637
f 544/385/373 545/386/374 686/566/536 2647/2904/2637
f 689/569/539 2649/2907/2639 2644/2900/2634 2645/2901/2635
f 2652/2910/2642 2651/2909/2641 2650/2908/2640 2649/2907/2639
f 689/569/539 690/570/540 2652/2910/2642 2649/2907/2639
f 2650/2908/2640 2643/2899/2633 2644/2900/2634 2649/2907/2639
f 2654/2912/2644 2653/2911/2643 2651/2909/2641 2652/2910/2642
f 690/570/540 693/573/543 2654/2912/2644 2652/2910/2642
f 2656/2914/2646 2655/2913/2645 2653/2911/2643 2654/2912/2644
f 693/573/543 2657/2915/2647 2656/2914/2646 2654/2912/2644
f 2659/2919/2649 2658/2918/2648 2656/2917/2646 2657/2916/2647
f 2661/2921/2651 2660/2920/2650 2659/2919/2649 2657/2916/2647
f 693/573/543 691/571/541 2661/2922/2651 2657/2915/2647
f 2663/2924/2653 2662/2923/2652 2660/2920/2650 2661/2921/2651
f 691/571/541 692/572/542 2663/2925/2653 2661/2922/2651
f 2665/2927/2655 2664/2926/2654 2662/2923/2652 2663/2924/2653
f 692/572/542 2666/2929/2656 2665/2928/2655 2663/2925/2653
f 2668/2931/2658 2667/2930/2657 2665/2928/2655 2666/2929/2656
f 2670/2933/2660 2669/2932/2659 2668/2931/2658 2666/2929/2656
f 692/572/542 687/567/537 2670/2933/2660 2666/2929/2656
f 2672/2935/2662 2671/2934/2661 2669/2932/2659 2670/2933/2660
f 687/567/537 688/568/538 2672/2935/2662 2670/2933/2660
f 557/399/387 2673/2936/2663 2671/2934/2661 2672/2935/2662
f 688/568/538 556/398/386 557/399/387 2672/2935/2662
f 527/2937/2664 528/370/358 2671/2934/2661 2673/2936/2663
f 2674/2938/2665 529/369/357 527/2937/2664 2673/2936/2663
f 557/399/387 554/396/384 2674/2938/2665 2673/2936/2663
f 2675/2939/2666 531/368/356 529/369/357 2674/2938/2665
f 554/396/384 555/397/385 2675/2939/2666 2674/2938/2665
f 540/2941/368 535/2940/363 531/368/356 2675/2939/2666
f 555/397/385 2676/2942/2667 540/2941/368 2675/2939/2666
f 555/397/385 551/393/381 2677/2943/2668 2676/2942/2667
f 2678/2945/2669 539/379/367 540/380/368 2676/2944/2667
f 2677/2947/2668 2679/2946/2670 2678/2945/2669 2676/2944/2667
f 2677/2947/2668 2681/2949/2672 2680/2948/2671 2679/2946/2670
f 2683/2951/2674 2682/2950/2673 2678/2945/2669 2679/2946/2670
f 2680/2948/2671 2684/2952/2675 2683/2951/2674 2679/2946/2670
f 2680/2948/2671 2686/2954/2677 2685/2953/2676 2684/2952/2675
f 2688/2956/2679 2687/2955/2678 2683/2951/2674 2684/2952/2675
f 2685/2953/2676 2689/2957/2680 2688/2956/2679 2684/2952/2675
f 2685/2953/2676 2691/2959/2682 2690/2958/2681 2689/2957/2680
f 2693/2961/2684 2692/2960/2683 2688/2956/2679 2689/2957/2680
f 2690/2958/2681 2694/2962/2685 2693/2961/2684 2689/2957/2680
f 2690/2958/2681 2696/2964/2687 2695/2963/2686 2694/2962/2685
f 2698/2966/2689 2697/2965/2688 2693/2961/2684 2694/2962/2685
f 2695/2963/2686 2699/2967/2690 2698/2966/2689 2694/2962/2685
f 2695/2963/2686 2701/2969/2692 2700/2968/2691 2699/2967/2690
f 2703/2971/2694 2702/2970/2693 2698/2966/2689 2699/2967/2690
f 2700/2968/2691 2704/2972/2695 2703/2971/2694 2699/2967/2690
f 2700/2968/2691 2706/2974/2697 2705/2973/2696 2704/2972/2695
f 721/604/574 2707/2975/2698 2703/2971/2694 2704/2972/2695
f 2705/2973/2696 720/603/573 721/604/574 2704/2972/2695
f 2708/2976/2699 2702/2970/2693 2703/2971/2694 2707/2975/2698
f 2709/2977/2700 2658/2918/2648 2708/2976/2699 2707/2975/2698
f 721/604/574 714/597/567 2709/2977/2700 2707/2975/2698
f 2655/2978/2645 2656/2917/2646 2658/2918/2648 2709/2977/2700
f 714/597/567 715/598/568 2655/2978/2645 2709/2977/2700
f 2711/2980/2702 2710/2979/2701 2702/2970/2693 2708/2976/2699
f 2658/2918/2648 2659/2919/2649 2711/2980/2702 2708/2976/2699
f 2713/2982/2704 2712/2981/2703 2710/2979/2701 2711/2980/2702
f 2659/2919/2649 2660/2920/2650 2713/2982/2704 2711/2980/2702
f 2715/2984/2706 2714/2983/2705 2712/2981/2703 2713/2982/2704
f 2660/2920/2650 2662/2923/2652 2715/2984/2706 2713/2982/2704
f 2717/2986/2708 2716/2985/2707 2714/2983/2705 2715/2984/2706
f 2662/2923/2652 2664/2926/2654 2717/2986/2708 2715/2984/2706
f 2719/2988/2710 2718/2987/2709 2716/2985/2707 2717/2986/2708
f 2664/2926/2654 2720/2989/2711 2719/2988/2710 2717/2986/2708
f 685/564/534 682/560/530 2719/2988/2710 2720/2989/2711
f 2667/2990/2657 684/563/533 685/564/534 2720/2989/2711
f 2664/2926/2654 2665/2927/2655 2667/2990/2657 2720/2989/2711
f 682/560/530 680/558/528 2718/2987/2709 2719/2988/2710
f 2722/2992/2713 2721/2991/2712 2716/2985/2707 2718/2987/2709
f 680/558/528 681/559/529 2722/2992/2713 2718/2987/2709
f 2724/2994/2715 2723/2993/2714 2721/2991/2712 2722/2992/2713
f 681/559/529 2725/2995/2716 2724/2994/2715 2722/2992/2713
f 2727/2997/2718 2726/2996/2717 2724/2994/2715 2725/2995/2716
f 2729/2999/2720 2728/2998/2719 2727/2997/2718 2725/2995/2716
f 681/559/529 677/555/525 2729/3000/2720 2725/2995/2716
f 2730/3003/2721 534/373/361 2728/3002/2719 2729/3001/2720
f 677/3006/525 678/3005/526 2730/3003/2721 2729/3004/2720
f 678/3005/526 683/3008/532 2731/3007/2722 2730/3003/2721
f 2731/3007/2722 533/372/360 534/373/361 2730/3003/2721
f 683/3008/532 684/3010/533 2732/3009/2723 2731/3007/2722
f 2732/3009/2723 532/371/359 533/372/360 2731/3007/2722
f 684/3010/533 2667/2930/2657 2668/2931/2658 2732/3009/2723
f 2668/2931/2658 2669/2932/2659 532/371/359 2732/3009/2723
f 536/376/364 537/377/365 2727/2997/2718 2728/2998/2719
f 534/373/361 530/367/355 536/3011/364 2728/3002/2719
f 537/377/365 538/378/366 2726/2996/2717 2727/2997/2718
f 538/378/366 2682/2950/2673 2733/3012/2724 2726/2996/2717
f 2733/3012/2724 2723/2993/2714 2724/2994/2715 2726/2996/2717
f 2682/2950/2673 2683/2951/2674 2687/2955/2678 2733/3012/2724
f 2687/2955/2678 2734/3013/2725 2723/2993/2714 2733/3012/2724
f 2687/2955/2678 2688/2956/2679 2692/2960/2683 2734/3013/2725
f 2735/3014/2726 2721/2991/2712 2723/2993/2714 2734/3013/2725
f 2692/2960/2683 2736/3015/2727 2735/3014/2726 2734/3013/2725
f 2692/2960/2683 2693/2961/2684 2697/2965/2688 2736/3015/2727
f 2712/2981/2703 2714/2983/2705 2735/3014/2726 2736/3015/2727
f 2697/2965/2688 2710/2979/2701 2712/2981/2703 2736/3015/2727
f 2714/2983/2705 2716/2985/2707 2721/2991/2712 2735/3014/2726
f 2697/2965/2688 2698/2966/2689 2702/2970/2693 2710/2979/2701
f 2738/3017/2729 1587/1696/1560 2737/3016/2728 2706/2974/2697
f 2700/2968/2691 2701/2969/2692 2738/3017/2729 2706/2974/2697
f 2737/3016/2728 2739/3018/2730 2705/2973/2696 2706/2974/2697
f 2737/3016/2728 2741/3020/2732 2740/3019/2731 2739/3018/2730
f 722/605/575 720/603/573 2705/2973/2696 2739/3018/2730
f 2740/3019/2731 2742/3021/2733 722/605/575 2739/3018/2730
f 2740/3019/2731 2744/3023/2735 2743/3022/2734 2742/3021/2733
f 2745/3024/2736 719/602/572 722/605/575 2742/3021/2733
f 2743/3022/2734 2746/3025/2737 2745/3024/2736 2742/3021/2733
f 2743/3022/2734 2748/3027/2739 2747/3026/2738 2746/3025/2737
f 2750/3029/2741 2749/3028/2740 2745/3024/2736 2746/3025/2737
f 2747/3026/2738 2751/3030/2742 2750/3029/2741 2746/3025/2737
f 2747/3026/2738 2753/3032/2744 2752/3031/2743 2751/3030/2742
f 2755/3034/2746 2754/3033/2745 2750/3029/2741 2751/3030/2742
f 2752/3031/2743 2756/3035/2747 2755/3034/2746 2751/3030/2742
f 2752/3031/2743 2758/3037/2749 2757/3036/2748 2756/3035/2747
f 2760/3039/2751 2759/3038/2750 2755/3034/2746 2756/3035/2747
f 2757/3036/2748 2761/3040/2752 2760/3039/2751 2756/3035/2747
f 2757/3036/2748 2763/3042/2754 2762/3041/2753 2761/3040/2752
f 2765/3044/2756 2764/3043/2755 2760/3039/2751 2761/3040/2752
f 2762/3041/2753 2766/3045/2757 2765/3044/2756 2761/3040/2752
f 2762/3041/2753 2768/3047/2759 2767/3046/2758 2766/3045/2757
f 2770/3049/2761 2769/3048/2760 2765/3044/2756 2766/3045/2757
f 2767/3046/2758 2771/3050/2762 2770/3049/2761 2766/3045/2757
f 2767/3046/2758 2773/3052/2764 2772/3051/2763 2771/3050/2762
f 830/749/700 831/750/701 2770/3049/2761 2771/3050/2762
f 2772/3051/2763 834/754/705 830/749/700 2771/3050/2762
f 2775/3054/2766 2774/3053/2765 823/740/692 2773/3052/2764
f 2767/3046/2758 2768/3047/2759 2775/3054/2766 2773/3052/2764
f 823/740/692 824/741/693 2772/3051/2763 2773/3052/2764
f 2777/3056/2768 2776/3055/2767 2774/3053/2765 2775/3054/2766
f 2768/3047/2759 2778/3057/2769 2777/3056/2768 2775/3054/2766
f 1594/1704/1568 1595/1705/1569 2777/3056/2768 2778/3057/2769
f 2763/3042/2754 2779/3058/2770 1594/1704/1568 2778/3057/2769
f 2768/3047/2759 2762/3041/2753 2763/3042/2754 2778/3057/2769
f 2780/3059/2771 1593/1703/1567 1594/1704/1568 2779/3058/2770
f 2758/3037/2749 2781/3060/2772 2780/3059/2771 2779/3058/2770
f 2763/3042/2754 2757/3036/2748 2758/3037/2749 2779/3058/2770
f 749/3062/2774 747/3061/2773 2780/3059/2771 2781/3060/2772
f 2753/3032/2744 2782/3063/2775 749/3062/2774 2781/3060/2772
f 2758/3037/2749 2752/3031/2743 2753/3032/2744 2781/3060/2772
f 1604/1714/1578 76/637/604 749/3062/2774 2782/3063/2775
f 2748/3027/2739 2783/3064/2776 1604/1714/1578 2782/3063/2775
f 2753/3032/2744 2747/3026/2738 2748/3027/2739 2782/3063/2775
f 2784/3065/2777 1601/1711/1575 1604/1714/1578 2783/3064/2776
f 2744/3023/2735 2785/3066/2778 2784/3065/2777 2783/3064/2776
f 2748/3027/2739 2743/3022/2734 2744/3023/2735 2783/3064/2776
f 1592/1701/1565 1700/1840/1686 2784/3065/2777 2785/3066/2778
f 2741/3020/2732 1588/1697/1561 1592/1701/1565 2785/3066/2778
f 2744/3023/2735 2740/3019/2731 2741/3020/2732 2785/3066/2778
f 1700/1840/1686 1600/1710/1574 1601/1711/1575 2784/3065/2777
f 747/3061/2773 748/638/605 1593/1703/1567 2780/3059/2771
f 1595/1705/1569 1598/1708/1572 2776/3055/2767 2777/3056/2768
f 1598/1708/1572 772/665/632 773/666/633 2776/3055/2767
f 773/666/633 2786/3067/2779 2774/3053/2765 2776/3055/2767
f 773/666/633 766/659/626 2787/3068/2780 2786/3067/2779
f 822/739/691 823/740/692 2774/3053/2765 2786/3067/2779
f 2787/3068/2780 826/743/695 822/739/691 2786/3067/2779
f 2789/3070/2782 2788/3069/2781 826/743/695 2787/3068/2780
f 766/659/626 761/653/620 2789/3070/2782 2787/3068/2780
f 2791/3072/2784 2790/3071/2783 2788/3069/2781 2789/3070/2782
f 761/653/620 762/654/621 2791/3072/2784 2789/3070/2782
f 2793/3076/2786 2792/3075/2785 2790/3074/2783 2791/3073/2784
f 762/3078/621 2794/3077/2787 2793/3076/2786 2791/3073/2784
f 762/3078/621 763/3080/622 2795/3079/2788 2794/3077/2787
f 2797/3082/2790 2796/3081/2789 2793/3076/2786 2794/3077/2787
f 2795/3079/2788 2798/3083/2791 2797/3082/2790 2794/3077/2787
f 2795/3079/2788 2800/3085/2793 2799/3084/2792 2798/3083/2791
f 525/364/352 2801/3086/2794 2797/3082/2790 2798/3083/2791
f 2799/3084/2792 524/363/351 525/364/352 2798/3083/2791
f 2802/3087/2795 2796/3081/2789 2797/3082/2790 2801/3086/2794
f 2804/3089/2797 2803/3088/2796 2802/3087/2795 2801/3086/2794
f 525/364/352 520/359/347 2804/3089/2797 2801/3086/2794
f 2806/3091/2799 2805/3090/2798 2803/3088/2796 2804/3089/2797
f 520/359/347 521/360/348 2806/3091/2799 2804/3089/2797
f 2808/3093/2801 2807/3092/2800 2805/3090/2798 2806/3091/2799
f 521/360/348 2809/3094/2802 2808/3093/2801 2806/3091/2799
f 521/360/348 517/356/344 2810/3095/2803 2809/3094/2802
f 2811/3099/2804 464/3098/283 2808/3097/2801 2809/3096/2802
f 2810/3101/2803 2812/3100/2805 2811/3099/2804 2809/3096/2802
f 2814/3103/2807 2813/3102/2806 2811/3099/2804 2812/3100/2805
f 2816/3105/2809 2815/3104/2808 2814/3103/2807 2812/3100/2805
f 2810/3101/2803 2817/3106/2810 2816/3105/2809 2812/3100/2805
f 2810/3095/2803 517/356/344 518/357/345 2817/3107/2810
f 2818/3108/2811 482/316/304 2816/3105/2809 2817/3106/2810
f 518/3110/345 2819/3109/2812 2818/3108/2811 2817/3106/2810
f 518/3110/345 519/3112/346 2820/3111/2813 2819/3109/2812
f 2822/3114/2815 2821/3113/2814 2818/3108/2811 2819/3109/2812
f 2820/3111/2813 2823/3115/2816 2822/3114/2815 2819/3109/2812
f 2820/3111/2813 2825/3117/2818 2824/3116/2817 2823/3115/2816
f 2827/3119/2820 2826/3118/2819 2822/3114/2815 2823/3115/2816
f 2824/3116/2817 2828/3120/2821 2827/3119/2820 2823/3115/2816
f 2824/3116/2817 2830/3122/2823 2829/3121/2822 2828/3120/2821
f 2832/3126/2825 2831/3125/2824 2827/3124/2820 2828/3123/2821
f 2829/3128/2822 2833/3127/2826 2832/3126/2825 2828/3123/2821
f 2829/3128/2822 2835/3130/2828 2834/3129/2827 2833/3127/2826
f 2837/3132/2830 2836/3131/2829 2832/3126/2825 2833/3127/2826
f 2834/3129/2827 2838/3133/2831 2837/3132/2830 2833/3127/2826
f 2834/3129/2827 2840/3135/2833 2839/3134/2832 2838/3133/2831
f 2842/3137/2835 2841/3136/2834 2837/3132/2830 2838/3133/2831
f 2839/3134/2832 2843/3138/2836 2842/3137/2835 2838/3133/2831
f 2839/3134/2832 2845/3140/2838 2844/3139/2837 2843/3138/2836
f 2847/3142/2840 2846/3141/2839 2842/3137/2835 2843/3138/2836
f 2844/3139/2837 2848/3143/2841 2847/3142/2840 2843/3138/2836
f 2844/3139/2837 2850/3145/2843 2849/3144/2842 2848/3143/2841
f 2852/3147/2845 2851/3146/2844 2847/3142/2840 2848/3143/2841
f 2849/3144/2842 2853/3148/2846 2852/3147/2845 2848/3143/2841
f 2849/3144/2842 2855/3150/2848 2854/3149/2847 2853/3148/2846
f 2857/3152/2850 2856/3151/2849 2852/3147/2845 2853/3148/2846
f 2854/3149/2847 2858/3153/2851 2857/3152/2850 2853/3148/2846
f 2854/3149/2847 2860/3155/2853 2859/3154/2852 2858/3153/2851
f 2862/3157/2855 2861/3156/2854 2857/3152/2850 2858/3153/2851
f 2859/3154/2852 2863/3158/2856 2862/3157/2855 2858/3153/2851
f 2859/3154/2852 2865/3160/2858 2864/3159/2857 2863/3158/2856
f 2867/3162/2860 2866/3161/2859 2862/3157/2855 2863/3158/2856
f 2864/3159/2857 2868/3163/2861 2867/3162/2860 2863/3158/2856
f 2864/3159/2857 2870/3165/2863 2869/3164/2862 2868/3163/2861
f 2872/3167/2865 2871/3166/2864 2867/3162/2860 2868/3163/2861
f 2869/3164/2862 2873/3168/2866 2872/3167/2865 2868/3163/2861
f 2869/3164/2862 2875/3170/2868 2874/3169/2867 2873/3168/2866
f 2877/3172/2870 2876/3171/2869 2872/3167/2865 2873/3168/2866
f 2874/3169/2867 2878/3173/2871 2877/3172/2870 2873/3168/2866
f 2874/3169/2867 2880/3175/2873 2879/3174/2872 2878/3173/2871
f 2882/3177/2875 2881/3176/2874 2877/3172/2870 2878/3173/2871
f 2879/3174/2872 2883/3178/2876 2882/3177/2875 2878/3173/2871
f 2879/3174/2872 2884/3179/2877 1388/1445/1335 2883/3178/2876
f 779/674/641 781/680/644 2882/3177/2875 2883/3178/2876
f 1388/1445/1335 778/673/640 779/674/641 2883/3178/2876
f 2887/3182/2880 2886/3181/2879 2885/3180/2878 2884/3179/2877
f 2879/3174/2872 2880/3175/2873 2887/3182/2880 2884/3179/2877
f 2885/3180/2878 1387/1444/1334 1388/1445/1335 2884/3179/2877
f 2889/3184/2882 2888/3183/2881 2886/3181/2879 2887/3182/2880
f 2880/3175/2873 2890/3185/2883 2889/3184/2882 2887/3182/2880
f 2892/3187/2885 2891/3186/2884 2889/3184/2882 2890/3185/2883
f 2875/3170/2868 2893/3188/2886 2892/3187/2885 2890/3185/2883
f 2880/3175/2873 2874/3169/2867 2875/3170/2868 2890/3185/2883
f 2895/3190/2888 2894/3189/2887 2892/3187/2885 2893/3188/2886
f 2870/3165/2863 2896/3191/2889 2895/3190/2888 2893/3188/2886
f 2875/3170/2868 2869/3164/2862 2870/3165/2863 2893/3188/2886
f 2898/3193/2891 2897/3192/2890 2895/3190/2888 2896/3191/2889
f 2865/3160/2858 2899/3194/2892 2898/3193/2891 2896/3191/2889
f 2870/3165/2863 2864/3159/2857 2865/3160/2858 2896/3191/2889
f 2901/3196/2894 2900/3195/2893 2898/3193/2891 2899/3194/2892
f 2860/3155/2853 2902/3197/2895 2901/3196/2894 2899/3194/2892
f 2865/3160/2858 2859/3154/2852 2860/3155/2853 2899/3194/2892
f 2904/3199/2897 2903/3198/2896 2901/3196/2894 2902/3197/2895
f 2855/3150/2848 2905/3200/2898 2904/3199/2897 2902/3197/2895
f 2860/3155/2853 2854/3149/2847 2855/3150/2848 2902/3197/2895
f 2907/3202/2900 2906/3201/2899 2904/3199/2897 2905/3200/2898
f 2850/3145/2843 2908/3203/2901 2907/3202/2900 2905/3200/2898
f 2855/3150/2848 2849/3144/2842 2850/3145/2843 2905/3200/2898
f 1041/997/937 1042/998/938 2907/3202/2900 2908/3203/2901
f 2845/3140/2838 1043/1001/939 1041/997/937 2908/3203/2901
f 2850/3145/2843 2844/3139/2837 2845/3140/2838 2908/3203/2901
f 1042/998/938 1061/1028/963 2906/3201/2899 2907/3202/2900
f 1061/1028/963 1066/1034/968 2909/3204/2902 2906/3201/2899
f 2909/3204/2902 2903/3198/2896 2904/3199/2897 2906/3201/2899
f 1066/1034/968 2911/3206/2904 2910/3205/2903 2909/3204/2902
f 2910/3205/2903 2912/3207/2905 2903/3198/2896 2909/3204/2902
f 2910/3205/2903 2914/3209/2907 2913/3208/2906 2912/3207/2905
f 2900/3195/2893 2901/3196/2894 2903/3198/2896 2912/3207/2905
f 2913/3208/2906 2915/3210/2908 2900/3195/2893 2912/3207/2905
f 2913/3208/2906 1029/983/924 1030/984/925 2915/3210/2908
f 2897/3192/2890 2898/3193/2891 2900/3195/2893 2915/3210/2908
f 1030/984/925 2916/3211/2909 2897/3192/2890 2915/3210/2908
f 1030/984/925 1027/981/922 2917/3212/2910 2916/3211/2909
f 2894/3189/2887 2895/3190/2888 2897/3192/2890 2916/3211/2909
f 2917/3212/2910 2918/3213/2911 2894/3189/2887 2916/3211/2909
f 2917/3212/2910 2920/3215/2913 2919/3214/2912 2918/3213/2911
f 2891/3186/2884 2892/3187/2885 2894/3189/2887 2918/3213/2911
f 2919/3214/2912 2921/3216/2914 2891/3186/2884 2918/3213/2911
f 2919/3214/2912 2923/3218/2916 2922/3217/2915 2921/3216/2914
f 2888/3183/2881 2889/3184/2882 2891/3186/2884 2921/3216/2914
f 2922/3217/2915 2924/3219/2917 2888/3183/2881 2921/3216/2914
f 2922/3217/2915 510/3221/336 2925/3220/2918 2924/3219/2917
f 2926/3222/2919 2886/3181/2879 2888/3183/2881 2924/3219/2917
f 2925/3220/2918 2927/3223/2920 2926/3222/2919 2924/3219/2917
f 2925/3227/2918 2929/3226/2922 2928/3225/2921 2927/3224/2920
f 2931/3229/2924 2930/3228/2923 2926/3222/2919 2927/3223/2920
f 2928/3225/2921 2932/3231/2925 2931/3230/2924 2927/3224/2920
f 2928/3225/2921 2934/3233/2927 2933/3232/2926 2932/3231/2925
f 2936/3235/2929 2935/3234/2928 2931/3230/2924 2932/3231/2925
f 2933/3232/2926 2937/3236/2930 2936/3235/2929 2932/3231/2925
f 2933/3232/2926 2939/3238/2932 2938/3237/2931 2937/3236/2930
f 784/684/648 780/676/643 2936/3235/2929 2937/3236/2930
f 2938/3237/2931 2940/3239/2933 784/684/648 2937/3236/2930
f 2938/3237/2931 2942/3241/2935 2941/3240/2934 2940/3239/2933
f 2943/3242/2936 783/683/647 784/684/648 2940/3239/2933
f 2941/3240/2934 2944/3243/2937 2943/3242/2936 2940/3239/2933
f 2941/3247/2934 2946/3246/2939 2945/3245/2938 2944/3244/2937
f 2948/3249/2941 2947/3248/2940 2943/3242/2936 2944/3243/2937
f 2945/3245/2938 2949/3251/2942 2948/3250/2941 2944/3244/2937
f 2945/3245/2938 2951/3253/2944 2950/3252/2943 2949/3251/2942
f 1383/1438/1330 1384/1439/1331 2948/3250/2941 2949/3251/2942
f 2950/3252/2943 1385/1442/1332 1383/1438/1330 2949/3251/2942
f 2952/3254/2945 751/642/609 752/643/610 2951/3253/2944
f 2945/3245/2938 2946/3246/2939 2952/3254/2945 2951/3253/2944
f 752/643/610 2953/3255/2946 2950/3252/2943 2951/3253/2944
f 752/643/610 753/644/611 2954/3256/2947 2953/3255/2946
f 2955/3257/2948 1385/1442/1332 2950/3252/2943 2953/3255/2946
f 2954/3256/2947 2956/3258/2949 2955/3257/2948 2953/3255/2946
f 2954/3256/2947 2958/3260/2951 2957/3259/2950 2956/3258/2949
f 1609/3262/1584 2959/3261/2952 2955/3257/2948 2956/3258/2949
f 2957/3259/2950 1608/3263/1583 1609/3262/1584 2956/3258/2949
f 1382/1441/1329 1385/1442/1332 2955/3257/2948 2959/3261/2952
f 2960/3265/2953 1381/1435/1328 1382/1436/1329 2959/3264/2952
f 1609/3267/1584 1610/3266/1585 2960/3265/2953 2959/3264/2952
f 759/3269/617 754/3268/612 1381/1435/1328 2960/3265/2953
f 1610/3266/1585 767/3270/627 759/3269/617 2960/3265/2953
f 760/651/618 769/662/629 770/663/630 2958/3260/2951
f 2954/3256/2947 753/644/611 760/651/618 2958/3260/2951
f 770/663/630 2961/3271/2954 2957/3259/2950 2958/3260/2951
f 770/663/630 771/664/631 835/758/707 2961/3271/2954
f 1611/3272/1586 1608/3263/1583 2957/3259/2950 2961/3271/2954
f 835/758/707 836/759/708 1611/3272/1586 2961/3271/2954
f 2962/3273/2955 757/648/615 751/642/609 2952/3254/2945
f 2946/3246/2939 2963/3274/2956 2962/3273/2955 2952/3254/2945
f 2965/3278/2958 2964/3277/2957 2962/3276/2955 2963/3275/2956
f 2942/3241/2935 2966/3279/2959 2965/3278/2958 2963/3275/2956
f 2946/3246/2939 2941/3247/2934 2942/3280/2935 2963/3274/2956
f 2968/3282/2961 2967/3281/2960 2965/3278/2958 2966/3279/2959
f 2939/3238/2932 2969/3283/2962 2968/3282/2961 2966/3279/2959
f 2942/3241/2935 2938/3237/2931 2939/3238/2932 2966/3279/2959
f 2971/3285/2964 2970/3284/2963 2968/3282/2961 2969/3283/2962
f 2934/3233/2927 2972/3286/2965 2971/3285/2964 2969/3283/2962
f 2939/3238/2932 2933/3232/2926 2934/3233/2927 2969/3283/2962
f 514/352/340 2973/3287/2966 2971/3285/2964 2972/3286/2965
f 2929/3226/2922 511/349/337 514/352/340 2972/3286/2965
f 2934/3233/2927 2928/3225/2921 2929/3226/2922 2972/3286/2965
f 2976/3290/2969 2975/3289/2968 2974/3288/2967 2973/3287/2966
f 514/352/340 512/350/338 2976/3290/2969 2973/3287/2966
f 2974/3288/2967 2970/3284/2963 2971/3285/2964 2973/3287/2966
f 2978/3292/2971 2977/3291/2970 2975/3289/2968 2976/3290/2969
f 512/350/338 513/351/339 2978/3292/2971 2976/3290/2969
f 496/332/320 497/333/321 2977/3291/2970 2978/3292/2971
f 513/351/339 2979/3293/2972 496/332/320 2978/3292/2971
f 2980/3294/2973 495/331/319 496/332/320 2979/3293/2972
f 503/340/328 506/343/331 2980/3294/2973 2979/3293/2972
f 513/351/339 502/339/327 503/340/328 2979/3293/2972
f 2981/3295/2974 494/330/318 495/331/319 2980/3294/2973
f 506/343/331 2982/3296/2975 2981/3295/2974 2980/3294/2973
f 2984/3298/2977 2983/3297/2976 2981/3295/2974 2982/3296/2975
f 2986/3300/2979 2985/3299/2978 2984/3298/2977 2982/3296/2975
f 506/343/331 504/341/329 2986/3300/2979 2982/3296/2975
f 2988/3302/2981 2987/3301/2980 2985/3299/2978 2986/3300/2979
f 504/341/329 505/342/330 2988/3302/2981 2986/3300/2979
f 2990/3304/2983 2989/3303/2982 2987/3301/2980 2988/3302/2981
f 505/342/330 2991/3305/2984 2990/3304/2983 2988/3302/2981
f 2993/3307/2986 2992/3306/2985 2990/3304/2983 2991/3305/2984
f 374/189/183 375/190/184 2993/3307/2986 2991/3305/2984
f 505/342/330 378/193/187 374/189/183 2991/3305/2984
f 2995/3309/2988 2994/3308/2987 2992/3306/2985 2993/3307/2986
f 375/190/184 1557/1659/1526 2995/3309/2988 2993/3307/2986
f 2997/3311/2990 2996/3310/2989 2994/3308/2987 2995/3309/2988
f 1557/1659/1526 452/275/269 2997/3311/2990 2995/3309/2988
f 2998/3312/2991 468/294/288 2996/3310/2989 2997/3311/2990
f 452/275/269 453/276/270 2998/3312/2991 2997/3311/2990
f 2999/3313/2992 467/293/287 468/294/288 2998/3312/2991
f 453/276/270 457/280/274 2999/3313/2992 2998/3312/2991
f 3000/3315/2993 471/298/291 467/299/287 2999/3314/2992
f 457/3317/274 3001/3316/2994 3000/3315/2993 2999/3314/2992
f 457/3321/274 455/3320/272 3002/3319/2995 3001/3318/2994
f 3004/3323/2997 3003/3322/2996 3000/3315/2993 3001/3316/2994
f 3002/3319/2995 3005/3325/2998 3004/3324/2997 3001/3318/2994
f 3002/3319/2995 3007/3327/3000 3006/3326/2999 3005/3325/2998
f 3009/3329/3002 3008/3328/3001 3004/3324/2997 3005/3325/2998
f 3006/3326/2999 3010/3330/3003 3009/3329/3002 3005/3325/2998
f 3012/3332/3005 3011/3331/3004 437/257/251 3010/3330/3003
f 3006/3326/2999 3013/3333/3006 3012/3332/3005 3010/3330/3003
f 437/257/251 434/253/247 3009/3329/3002 3010/3330/3003
f 429/247/241 430/248/242 3012/3332/3005 3013/3333/3006
f 3014/3334/3007 428/246/240 429/247/241 3013/3333/3006
f 3006/3326/2999 3007/3327/3000 3014/3334/3007 3013/3333/3006
f 3015/3336/3008 1538/3335/1505 428/246/240 3014/3334/3007
f 3007/3327/3000 456/3337/273 3015/3336/3008 3014/3334/3007
f 3016/3341/3009 1540/3340/1507 1538/3339/1505 3015/3338/3008
f 456/279/273 448/271/265 3016/3341/3009 3015/3338/3008
f 2637/3343/2627 2638/3342/2628 1540/3340/1507 3016/3341/3009
f 448/271/265 449/272/266 2637/3343/2627 3016/3341/3009
f 430/248/242 3017/3344/3010 3011/3331/3004 3012/3332/3005
f 3020/3347/3013 3019/3346/3012 3018/3345/3011 3017/3344/3010
f 430/248/242 424/242/236 3020/3347/3013 3017/3344/3010
f 3018/3345/3011 3021/3348/3014 3011/3331/3004 3017/3344/3010
f 3018/3345/3011 1551/1650/1519 1552/1651/1520 3021/3348/3014
f 436/256/250 437/257/251 3011/3331/3004 3021/3348/3014
f 1552/1651/1520 438/258/252 436/256/250 3021/3348/3014
f 423/3350/3016 420/3349/3015 3019/3346/3012 3020/3347/3013
f 424/242/236 425/243/237 423/3350/3016 3020/3347/3013
f 420/3349/3015 421/3352/3018 3022/3351/3017 3019/3346/3012
f 3022/3351/3017 1551/1650/1519 3018/3345/3011 3019/3346/3012
f 1550/1649/1518 194/1646/1512 1551/1650/1519 3022/3351/3017
f 421/3352/3018 3023/3353/3019 1550/1649/1518 3022/3351/3017
f 3024/3354/3020 1549/1648/1517 1550/1649/1518 3023/3353/3019
f 3026/3356/3022 3025/3355/3021 3024/3354/3020 3023/3353/3019
f 421/3352/3018 422/3357/3023 3026/3356/3022 3023/3353/3019
f 425/243/237 426/244/238 3025/3355/3021 3026/3356/3022
f 422/3357/3023 423/3350/3016 425/243/237 3026/3356/3022
f 3028/3359/3025 3027/3358/3024 3024/3354/3020 3025/3355/3021
f 426/244/238 431/249/243 3028/3359/3025 3025/3355/3021
f 442/263/257 3029/3360/3026 3027/3358/3024 3028/3359/3025
f 431/249/243 441/262/256 442/263/257 3028/3359/3025
f 3031/3362/3028 3030/3361/3027 3027/3358/3024 3029/3360/3026
f 3033/3364/3030 3032/3363/3029 3031/3362/3028 3029/3360/3026
f 442/263/257 443/264/258 3033/3364/3030 3029/3360/3026
f 459/283/277 460/284/278 3032/3363/3029 3033/3364/3030
f 443/264/258 43/267/261 459/283/277 3033/3364/3030
f 3035/3366/3032 3034/3365/3031 3031/3362/3028 3032/3363/3029
f 460/284/278 488/3367/312 3035/3366/3032 3032/3363/3029
f 3037/3371/3034 3036/3370/3033 3034/3369/3031 3035/3368/3032
f 488/324/312 483/318/306 3037/3371/3034 3035/3368/3032
f 3039/3373/3036 3038/3372/3035 3036/3370/3033 3037/3371/3034
f 483/318/306 484/319/307 3039/3373/3036 3037/3371/3034
f 3041/3375/3038 3040/3374/3037 3038/3372/3035 3039/3373/3036
f 484/319/307 3042/3376/3039 3041/3375/3038 3039/3373/3036
f 3044/3378/3041 3043/3377/3040 3041/3375/3038 3042/3376/3039
f 492/328/316 3045/3379/3042 3044/3378/3041 3042/3376/3039
f 484/319/307 485/320/308 492/328/316 3042/3376/3039
f 3047/3381/3044 3046/3380/3043 3044/3378/3041 3045/3379/3042
f 3049/3383/3046 3048/3382/3045 3047/3381/3044 3045/3379/3042
f 492/328/316 493/329/317 3049/3383/3046 3045/3379/3042
f 3051/3385/3048 3050/3384/3047 3048/3382/3045 3049/3383/3046
f 493/329/317 494/330/318 3051/3385/3048 3049/3383/3046
f 2983/3297/2976 3052/3386/3049 3050/3384/3047 3051/3385/3048
f 494/330/318 2981/3295/2974 2983/3297/2976 3051/3385/3048
f 3054/3388/3051 3053/3387/3050 3050/3384/3047 3052/3386/3049
f 3056/3390/3053 3055/3389/3052 3054/3388/3051 3052/3386/3049
f 2983/3297/2976 2984/3298/2977 3056/3390/3053 3052/3386/3049
f 3058/3392/3055 3057/3391/3054 3055/3389/3052 3056/3390/3053
f 2984/3298/2977 2985/3299/2978 3058/3392/3055 3056/3390/3053
f 3060/3394/3057 3059/3393/3056 3057/3391/3054 3058/3392/3055
f 2985/3299/2978 2987/3301/2980 3060/3394/3057 3058/3392/3055
f 3062/3396/3059 3061/3395/3058 3059/3393/3056 3060/3394/3057
f 2987/3301/2980 2989/3303/2982 3062/3396/3059 3060/3394/3057
f 3064/3398/3061 3063/3397/3060 3061/3395/3058 3062/3396/3059
f 2989/3303/2982 3065/3399/3062 3064/3398/3061 3062/3396/3059
f 3067/3401/3064 3066/3400/3063 3064/3398/3061 3065/3399/3062
f 2992/3306/2985 2994/3308/2987 3067/3401/3064 3065/3399/3062
f 2989/3303/2982 2990/3304/2983 2992/3306/2985 3065/3399/3062
f 3069/3403/3066 3068/3402/3065 3066/3400/3063 3067/3401/3064
f 2994/3308/2987 2996/3310/2989 3069/3403/3066 3067/3401/3064
f 469/295/289 474/302/294 3068/3402/3065 3069/3403/3066
f 2996/3310/2989 468/294/288 469/295/289 3069/3403/3066
f 3071/3405/3068 3070/3404/3067 3066/3400/3063 3068/3402/3065
f 474/302/294 3072/3406/3069 3071/3405/3068 3068/3402/3065
f 3074/3408/3071 3073/3407/3070 3071/3405/3068 3072/3406/3069
f 3076/3410/3073 3075/3409/3072 3074/3408/3071 3072/3406/3069
f 474/302/294 475/303/295 3076/3410/3073 3072/3406/3069
f 3078/3414/3075 3077/3413/3074 3075/3412/3072 3076/3411/3073
f 475/304/295 476/305/296 3078/3414/3075 3076/3411/3073
f 3080/3416/3077 3079/3415/3076 3077/3413/3074 3078/3414/3075
f 476/305/296 3081/3417/3078 3080/3416/3077 3078/3414/3075
f 3083/3419/3080 3082/3418/3079 3080/3416/3077 3081/3417/3078
f 3085/3421/3082 3084/3420/3081 3083/3419/3080 3081/3417/3078
f 476/305/296 472/300/292 3085/3421/3082 3081/3417/3078
f 3086/3422/3083 3040/3374/3037 3084/3420/3081 3085/3421/3082
f 472/300/292 473/301/293 3086/3422/3083 3085/3421/3082
f 3087/3423/3084 3038/3372/3035 3040/3374/3037 3086/3422/3083
f 473/301/293 3088/3424/3085 3087/3423/3084 3086/3422/3083
f 473/301/293 470/297/290 3089/3425/3086 3088/3424/3085
f 1553/1653/1521 3090/3426/3087 3087/3423/3084 3088/3424/3085
f 3089/3425/3086 1547/1645/1515 1553/1653/1521 3088/3424/3085
f 3036/3370/3033 3038/3372/3035 3087/3423/3084 3090/3426/3087
f 3091/3427/3088 3034/3369/3031 3036/3370/3033 3090/3426/3087
f 1553/1653/1521 1548/1654/1516 3091/3427/3088 3090/3426/3087
f 3030/3361/3027 3031/3362/3028 3034/3365/3031 3091/3428/3088
f 1548/1647/1516 1549/1648/1517 3030/3361/3027 3091/3428/3088
f 470/297/290 471/298/291 3092/3429/3089 3089/3425/3086
f 3092/3429/3089 1546/1644/1514 1547/1645/1515 3089/3425/3086
f 471/298/291 3000/3315/2993 3003/3322/2996 3092/3429/3089
f 3003/3322/2996 3093/3430/3090 1546/1644/1514 3092/3429/3089
f 3003/3322/2996 3004/3323/2997 3008/3431/3001 3093/3430/3090
f 458/3432/275 1545/1643/1513 1546/1644/1514 3093/3430/3090
f 3008/3431/3001 435/3433/248 458/3432/275 3093/3430/3090
f 3043/3377/3040 3094/3434/3091 3083/3419/3080 3084/3420/3081
f 3040/3374/3037 3041/3375/3038 3043/3377/3040 3084/3420/3081
f 3095/3435/3092 3082/3418/3079 3083/3419/3080 3094/3434/3091
f 3046/3380/3043 3096/3436/3093 3095/3435/3092 3094/3434/3091
f 3043/3377/3040 3044/3378/3041 3046/3380/3043 3094/3434/3091
f 3098/3438/3095 3097/3437/3094 3095/3435/3092 3096/3436/3093
f 3100/3440/3097 3099/3439/3096 3098/3438/3095 3096/3436/3093
f 3046/3380/3043 3047/3381/3044 3100/3440/3097 3096/3436/3093
f 3102/3442/3099 3101/3441/3098 3099/3439/3096 3100/3440/3097
f 3047/3381/3044 3048/3382/3045 3102/3442/3099 3100/3440/3097
f 3053/3387/3050 3103/3443/3100 3101/3441/3098 3102/3442/3099
f 3048/3382/3045 3050/3384/3047 3053/3387/3050 3102/3442/3099
f 3105/3445/3102 3104/3444/3101 3101/3441/3098 3103/3443/3100
f 3107/3447/3104 3106/3446/3103 3105/3445/3102 3103/3443/3100
f 3053/3387/3050 3054/3388/3051 3107/3447/3104 3103/3443/3100
f 3109/3449/3106 3108/3448/3105 3106/3446/3103 3107/3447/3104
f 3054/3388/3051 3055/3389/3052 3109/3449/3106 3107/3447/3104
f 3111/3451/3108 3110/3450/3107 3108/3448/3105 3109/3449/3106
f 3055/3389/3052 3057/3391/3054 3111/3451/3108 3109/3449/3106
f 3112/3452/3109 740/629/596 3110/3450/3107 3111/3451/3108
f 3057/3391/3054 3059/3393/3056 3112/3452/3109 3111/3451/3108
f 3113/3453/3110 737/626/593 740/629/596 3112/3452/3109
f 3059/3393/3056 3061/3395/3058 3113/3453/3110 3112/3452/3109
f 3114/3454/3111 736/625/592 737/626/593 3113/3453/3110
f 3061/3395/3058 3063/3397/3060 3114/3454/3111 3113/3453/3110
f 3116/3456/3113 3115/3455/3112 736/625/592 3114/3454/3111
f 3063/3397/3060 3070/3404/3067 3116/3456/3113 3114/3454/3111
f 3073/3407/3070 3117/3457/3114 3115/3455/3112 3116/3456/3113
f 3070/3404/3067 3071/3405/3068 3073/3407/3070 3116/3456/3113
f 3119/3459/3116 3118/3458/3115 3115/3455/3112 3117/3457/3114
f 3121/3461/3118 3120/3460/3117 3119/3459/3116 3117/3457/3114
f 3073/3407/3070 3074/3408/3071 3121/3461/3118 3117/3457/3114
f 3123/3463/3120 3122/3462/3119 3120/3460/3117 3121/3461/3118
f 3074/3408/3071 3075/3409/3072 3123/3463/3120 3121/3461/3118
f 724/608/578 725/609/579 3122/3465/3119 3123/3464/3120
f 3075/3412/3072 3077/3413/3074 724/608/578 3123/3464/3120
f 3125/3467/3122 3124/3466/3121 3120/3460/3117 3122/3462/3119
f 725/614/579 728/615/582 3125/3467/3122 3122/3462/3119
f 729/617/584 730/618/585 3124/3466/3121 3125/3467/3122
f 728/615/582 734/622/589 729/617/584 3125/3467/3122
f 730/618/585 3127/3469/3124 3126/3468/3123 3124/3466/3121
f 3126/3468/3123 3119/3459/3116 3120/3460/3117 3124/3466/3121
f 3129/3471/3126 744/634/601 3128/3470/3125 3127/3469/3124
f 730/618/585 731/619/586 3129/3471/3126 3127/3469/3124
f 3128/3470/3125 3130/3472/3127 3126/3468/3123 3127/3469/3124
f 3128/3470/3125 3131/3473/3128 739/628/595 3130/3472/3127
f 3118/3458/3115 3119/3459/3116 3126/3468/3123 3130/3472/3127
f 739/628/595 735/624/591 3118/3458/3115 3130/3472/3127
f 745/635/602 746/636/603 3132/3474/3129 3131/3473/3128
f 3128/3470/3125 744/634/601 745/635/602 3131/3473/3128
f 3132/3474/3129 738/627/594 739/628/595 3131/3473/3128
f 3110/3450/3107 740/629/596 738/627/594 3132/3474/3129
f 746/636/603 3108/3448/3105 3110/3450/3107 3132/3474/3129
f 3133/3475/3130 743/633/600 744/634/601 3129/3471/3126
f 731/619/586 732/620/587 3133/3475/3130 3129/3471/3126
f 3134/3476/3131 742/632/599 743/633/600 3133/3475/3130
f 732/620/587 3135/3477/3132 3134/3476/3131 3133/3475/3130
f 732/620/587 733/621/588 3136/3478/3133 3135/3477/3132
f 3137/3479/3134 3104/3444/3101 3134/3476/3131 3135/3477/3132
f 3136/3478/3133 3138/3480/3135 3137/3479/3134 3135/3477/3132
f 3136/3478/3133 3140/3482/3137 3139/3481/3136 3138/3480/3135
f 3098/3438/3095 3099/3439/3096 3137/3479/3134 3138/3480/3135
f 3139/3481/3136 3097/3437/3094 3098/3438/3095 3138/3480/3135
f 734/622/589 728/615/582 726/611/580 3140/3482/3137
f 3136/3478/3133 733/621/588 734/622/589 3140/3482/3137
f 726/611/580 727/612/581 3139/3481/3136 3140/3482/3137
f 727/612/581 3141/3483/3138 3097/3437/3094 3139/3481/3136
f 727/612/581 723/607/577 3079/3415/3076 3141/3483/3138
f 3082/3418/3079 3095/3435/3092 3097/3437/3094 3141/3483/3138
f 3079/3415/3076 3080/3416/3077 3082/3418/3079 3141/3483/3138
f 3099/3439/3096 3101/3441/3098 3104/3444/3101 3137/3479/3134
f 3104/3444/3101 3105/3445/3102 742/632/599 3134/3476/3131
f 735/624/591 736/625/592 3115/3455/3112 3118/3458/3115
f 746/636/603 741/631/598 3106/3446/3103 3108/3448/3105
f 741/631/598 742/632/599 3105/3445/3102 3106/3446/3103
f 723/607/577 724/608/578 3077/3413/3074 3079/3415/3076
f 3063/3397/3060 3064/3398/3061 3066/3400/3063 3070/3404/3067
f 1549/1648/1517 3024/3354/3020 3027/3358/3024 3030/3361/3027
f 434/253/247 435/254/248 3008/3328/3001 3009/3329/3002
f 3002/3319/2995 455/3320/272 456/3337/273 3007/3327/3000
f 497/333/321 498/334/322 1562/1666/1532 2977/3291/2970
f 1562/1666/1532 1564/1669/1534 2975/3289/2968 2977/3291/2970
f 1564/1669/1534 3142/3484/3139 2974/3288/2967 2975/3289/2968
f 1564/1669/1534 1565/1670/1535 3143/3485/3140 3142/3484/3139
f 3144/3486/3141 2970/3284/2963 2974/3288/2967 3142/3484/3139
f 3143/3485/3140 3145/3487/3142 3144/3486/3141 3142/3484/3139
f 3143/3491/3140 3147/3490/3144 3146/3489/3143 3145/3488/3142
f 3148/3492/3145 2967/3281/2960 3144/3486/3141 3145/3487/3142
f 3146/3489/3143 3149/3494/3146 3148/3493/3145 3145/3488/3142
f 3146/3489/3143 3151/3496/3148 3150/3495/3147 3149/3494/3146
f 3152/3498/3149 2964/3497/2957 3148/3493/3145 3149/3494/3146
f 3150/3495/3147 3153/3499/3150 3152/3498/3149 3149/3494/3146
f 3150/3495/3147 3155/3501/3152 3154/3500/3151 3153/3499/3150
f 756/3503/614 757/3502/615 3152/3498/3149 3153/3499/3150
f 3154/3500/3151 755/3504/613 756/3503/614 3153/3499/3150
f 3158/3507/3155 3157/3506/3154 3156/3505/3153 3155/3501/3152
f 3150/3495/3147 3151/3496/3148 3158/3507/3155 3155/3501/3152
f 3156/3505/3153 1377/1429/1324 3154/3500/3151 3155/3501/3152
f 3160/3509/3157 3159/3508/3156 3157/3506/3154 3158/3507/3155
f 3151/3496/3148 3161/3510/3158 3160/3509/3157 3158/3507/3155
f 3163/3512/3160 3162/3511/3159 3160/3509/3157 3161/3510/3158
f 3147/3490/3144 1566/1672/1536 3163/3512/3160 3161/3510/3158
f 3151/3496/3148 3146/3489/3143 3147/3490/3144 3161/3510/3158
f 3164/3513/3161 2851/3146/2844 3162/3511/3159 3163/3512/3160
f 1566/1672/1536 1558/1661/1528 3164/3513/3161 3163/3512/3160
f 2846/3141/2839 2847/3142/2840 2851/3146/2844 3164/3513/3161
f 1558/1661/1528 1559/1662/1529 2846/3141/2839 3164/3513/3161
f 2851/3146/2844 2852/3147/2845 2856/3151/2849 3162/3511/3159
f 2856/3151/2849 3159/3508/3156 3160/3509/3157 3162/3511/3159
f 2856/3151/2849 2857/3152/2850 2861/3156/2854 3159/3508/3156
f 2861/3156/2854 3165/3514/3162 3157/3506/3154 3159/3508/3156
f 2861/3156/2854 2862/3157/2855 2866/3161/2859 3165/3514/3162
f 3166/3515/3163 3156/3505/3153 3157/3506/3154 3165/3514/3162
f 2866/3161/2859 3167/3516/3164 3166/3515/3163 3165/3514/3162
f 2866/3161/2859 2867/3162/2860 2871/3166/2864 3167/3516/3164
f 1380/1432/1327 1376/1428/1323 3166/3515/3163 3167/3516/3164
f 2871/3166/2864 3168/3517/3165 1380/1432/1327 3167/3516/3164
f 2871/3166/2864 2872/3167/2865 2876/3171/2869 3168/3517/3165
f 3169/3518/3166 1379/1431/1326 1380/1432/1327 3168/3517/3165
f 2876/3171/2869 3170/3519/3167 3169/3518/3166 3168/3517/3165
f 2876/3171/2869 2877/3172/2870 2881/3176/2874 3170/3519/3167
f 786/687/650 3171/3520/3168 3169/3518/3166 3170/3519/3167
f 2881/3176/2874 785/685/649 786/687/650 3170/3519/3167
f 2947/3523/2940 2948/3522/2941 1384/3521/1331 3171/3520/3168
f 786/687/650 782/688/646 2947/3523/2940 3171/3520/3168
f 1384/3521/1331 1379/1431/1326 3169/3518/3166 3171/3520/3168
f 1376/1428/1323 1377/1429/1324 3156/3505/3153 3166/3515/3163
f 1377/1429/1324 1378/1430/1325 755/3504/613 3154/3500/3151
f 757/3502/615 2962/3524/2955 2964/3497/2957 3152/3498/3149
f 2964/3277/2957 2965/3278/2958 2967/3281/2960 3148/3492/3145
f 3143/3491/3140 1565/1671/1535 1566/1672/1536 3147/3490/3144
f 2967/3281/2960 2968/3282/2961 2970/3284/2963 3144/3486/3141
f 782/682/646 783/683/647 2943/3242/2936 2947/3248/2940
f 780/676/643 776/677/637 2935/3234/2928 2936/3235/2929
f 1386/1443/1333 2930/3228/2923 2931/3229/2924 2935/3525/2928
f 776/670/637 777/671/638 1386/1443/1333 2935/3525/2928
f 2885/3180/2878 2886/3181/2879 2926/3222/2919 2930/3228/2923
f 1386/1443/1333 1387/1444/1334 2885/3180/2878 2930/3228/2923
f 2925/3227/2918 510/348/336 511/349/337 2929/3226/2922
f 3172/3528/3169 508/3527/334 509/3526/335 2923/3218/2916
f 2919/3214/2912 2920/3215/2913 3172/3528/3169 2923/3218/2916
f 509/3526/335 510/3221/336 2922/3217/2915 2923/3218/2916
f 1019/970/913 1013/971/907 508/3527/334 3172/3528/3169
f 2920/3215/2913 1028/982/923 1019/970/913 3172/3528/3169
f 2917/3212/2910 1027/981/922 1028/982/923 2920/3215/2913
f 3174/3530/3171 3173/3529/3170 1032/986/927 2914/3209/2907
f 2910/3205/2903 2911/3206/2904 3174/3530/3171 2914/3209/2907
f 1032/986/927 1029/983/924 2913/3208/2906 2914/3209/2907
f 3176/3532/3173 3175/3531/3172 3173/3529/3170 3174/3530/3171
f 2911/3206/2904 3177/3533/3174 3176/3532/3173 3174/3530/3171
f 3179/3535/3176 3178/3534/3175 3176/3532/3173 3177/3533/3174
f 1063/1031/965 1064/1032/966 3179/3535/3176 3177/3533/3174
f 2911/3206/2904 1066/1034/968 1063/1031/965 3177/3533/3174
f 3181/3537/3178 3180/3536/3177 3178/3534/3175 3179/3535/3176
f 1064/1057/966 1060/1026/961 3181/3539/3178 3179/3538/3176
f 1054/1014/952 1050/1010/948 3180/3536/3177 3181/3537/3178
f 1060/1026/961 1056/1021/956 1054/3540/952 3181/3539/3178
f 3183/3542/3180 3182/3541/3179 3178/3534/3175 3180/3536/3177
f 1050/1010/948 1051/1011/949 3183/3542/3180 3180/3536/3177
f 3185/3544/3182 3184/3543/3181 3182/3541/3179 3183/3542/3180
f 1051/1011/949 3186/3545/3183 3185/3544/3182 3183/3542/3180
f 3188/3547/3185 3187/3546/3184 3185/3544/3182 3186/3545/3183
f 3189/3549/3186 1755/3548/1741 3188/3547/3185 3186/3545/3183
f 1051/1011/949 1052/1012/950 3189/3549/3186 3186/3545/3183
f 3190/3551/3187 1753/1901/1739 1755/1903/1741 3189/3550/3186
f 1052/1016/950 1055/1017/953 3190/3551/3187 3189/3550/3186
f 1750/1898/1736 1751/1899/1737 1753/1901/1739 3190/3551/3187
f 1055/1017/953 1058/1023/958 1750/1898/1736 3190/3551/3187
f 1758/3553/1744 3191/3552/3188 3187/3546/3184 3188/3547/3185
f 1755/3548/1741 1756/3554/1742 1758/3553/1744 3188/3547/3185
f 3193/3556/3190 3192/3555/3189 3187/3546/3184 3191/3552/3188
f 3195/3560/3192 3194/3559/3191 3193/3558/3190 3191/3557/3188
f 1758/1906/1744 1759/1907/1745 3195/3560/3192 3191/3557/3188
f 1663/1793/1644 1664/1794/1645 3194/3559/3191 3195/3560/3192
f 1759/1907/1745 1665/1795/1646 1663/1793/1644 3195/3560/3192
f 1651/1778/1631 1652/1779/1632 3193/3558/3190 3194/3559/3191
f 1664/1794/1645 3196/3561/3193 1651/1778/1631 3194/3559/3191
f 3197/3562/3194 1650/1777/1630 1651/1778/1631 3196/3561/3193
f 3199/3564/3196 3198/3563/3195 3197/3562/3194 3196/3561/3193
f 1664/1794/1645 1659/1789/1640 3199/3564/3196 3196/3561/3193
f 3201/3566/3198 3200/3565/3197 3198/3563/3195 3199/3564/3196
f 1659/1789/1640 1660/1790/1641 3201/3566/3198 3199/3564/3196
f 3203/3568/3200 3202/3567/3199 3200/3565/3197 3201/3566/3198
f 1660/1790/1641 3204/3569/3201 3203/3568/3200 3201/3566/3198
f 1627/3571/1604 1628/3570/1605 3203/3568/3200 3204/3569/3201
f 3205/3573/3202 954/3572/841 1627/3571/1604 3204/3569/3201
f 1660/1790/1641 1656/1786/1637 3205/3573/3202 3204/3569/3201
f 3206/3575/3203 952/3574/839 954/3572/841 3205/3573/3202
f 1656/1786/1637 1657/1787/1638 3206/3575/3203 3205/3573/3202
f 3207/3577/3204 951/3576/838 952/3574/839 3206/3575/3203
f 1657/1787/1638 3208/3578/3205 3207/3577/3204 3206/3575/3203
f 3210/3580/3207 3209/3579/3206 3207/3577/3204 3208/3578/3205
f 3212/3582/3209 3211/3581/3208 3210/3580/3207 3208/3578/3205
f 1657/1787/1638 1658/1788/1639 3212/3582/3209 3208/3578/3205
f 3214/3584/3211 3213/3583/3210 3211/3581/3208 3212/3582/3209
f 1658/1788/1639 1661/1791/1642 3214/3584/3211 3212/3582/3209
f 1764/1912/1750 1859/2018/1845 3213/3583/3210 3214/3584/3211
f 1661/1791/1642 1762/1910/1748 1764/1912/1750 3214/3584/3211
f 1862/2021/1848 1864/2023/1850 3211/3581/3208 3213/3583/3210
f 1859/2018/1845 1860/2019/1846 1862/2021/1848 3213/3583/3210
f 1864/2023/1850 3215/3585/3212 3210/3580/3207 3211/3581/3208
f 3216/3586/3213 3209/3579/3206 3210/3580/3207 3215/3585/3212
f 1867/2026/1853 3217/3587/3214 3216/3586/3213 3215/3585/3212
f 1864/2023/1850 1865/2024/1851 1867/2026/1853 3215/3585/3212
f 3219/3589/3216 3218/3588/3215 3216/3586/3213 3217/3587/3214
f 3221/3591/3218 3220/3590/3217 3219/3589/3216 3217/3587/3214
f 1867/2026/1853 1868/2027/1854 3221/3591/3218 3217/3587/3214
f 3223/3593/3220 3222/3592/3219 3220/3590/3217 3221/3591/3218
f 1868/2027/1854 1869/2028/1855 3223/3593/3220 3221/3591/3218
f 3225/3595/3222 3224/3594/3221 3222/3592/3219 3223/3593/3220
f 1869/2028/1855 1871/2030/1857 3225/3595/3222 3223/3593/3220
f 3227/3599/3224 3226/3598/3223 3224/3597/3221 3225/3596/3222
f 1871/2033/1857 1873/2034/1859 3227/3599/3224 3225/3596/3222
f 3228/3600/3225 1340/1385/1280 3226/3598/3223 3227/3599/3224
f 1873/2034/1859 3229/3601/3226 3228/3600/3225 3227/3599/3224
f 1970/2142/1956 3230/3602/3227 3228/3600/3225 3229/3601/3226
f 1876/2038/1862 1967/2139/1953 1970/2142/1956 3229/3601/3226
f 1873/2034/1859 1874/2035/1860 1876/2038/1862 3229/3601/3226
f 1339/1384/1279 1340/1385/1280 3228/3600/3225 3230/3602/3227
f 1973/2145/1959 1338/1383/1278 1339/1384/1279 3230/3602/3227
f 1970/2142/1956 1971/2143/1957 1973/2145/1959 3230/3602/3227
f 3231/3603/3228 1334/1378/1273 3224/3597/3221 3226/3598/3223
f 1340/1385/1280 1341/1386/1281 3231/3603/3228 3226/3598/3223
f 3232/3604/3229 1333/1377/1272 1334/1378/1273 3231/3603/3228
f 1341/1386/1281 2002/2174/1988 3232/3604/3229 3231/3603/3228
f 2002/2174/1988 2003/2175/1989 2007/2179/1993 3232/3604/3229
f 2007/2179/1993 1332/1376/1271 1333/1377/1272 3232/3604/3229
f 1334/1378/1273 1328/1372/1267 3222/3605/3219 3224/3597/3221
f 1328/1372/1267 1329/1373/1268 3220/3606/3217 3222/3605/3219
f 1329/3609/1268 1649/1775/1628 3219/3608/3216 3220/3607/3217
f 1649/1775/1628 1645/1771/1624 3218/3610/3215 3219/3608/3216
f 1645/1771/1624 1646/1772/1625 3233/3611/3230 3218/3610/3215
f 3233/3612/3230 3209/3579/3206 3216/3586/3213 3218/3588/3215
f 1646/1772/1625 950/892/837 951/893/838 3233/3611/3230
f 951/3576/838 3207/3577/3204 3209/3579/3206 3233/3612/3230
f 1628/3570/1605 3234/3613/3231 3202/3567/3199 3203/3568/3200
f 1628/1749/1605 1622/1741/1599 3235/3615/3232 3234/3614/3231
f 1406/1466/1356 1407/1467/1357 3202/3567/3199 3234/3613/3231
f 3235/3615/3232 1411/1473/1361 1406/1474/1356 3234/3614/3231
f 1622/1741/1599 1623/1742/1600 3236/3616/3233 3235/3615/3232
f 3236/3616/3233 3237/3617/3234 1411/1473/1361 3235/3615/3232
f 3236/3616/3233 1045/1004/942 1046/1005/943 3237/3617/3234
f 3238/3618/3235 1410/1472/1360 1411/1473/1361 3237/3617/3234
f 1046/1005/943 1047/1006/944 3238/3618/3235 3237/3617/3234
f 3239/3619/3236 1409/1471/1359 1410/1472/1360 3238/3618/3235
f 1047/1006/944 3240/3620/3237 3239/3619/3236 3238/3618/3235
f 3242/3622/3239 3241/3621/3238 3239/3619/3236 3240/3620/3237
f 3244/3624/3241 3243/3623/3240 3242/3622/3239 3240/3620/3237
f 1047/1006/944 1048/1007/945 3244/3624/3241 3240/3620/3237
f 3246/3626/3243 3245/3625/3242 3243/3623/3240 3244/3624/3241
f 1048/1007/945 1049/1008/946 3246/3626/3243 3244/3624/3241
f 1016/966/910 1025/979/920 3245/3625/3242 3246/3626/3243
f 1049/1008/946 1015/965/909 1016/966/910 3246/3626/3243
f 3248/3628/3245 3247/3627/3244 3243/3623/3240 3245/3625/3242
f 1025/979/920 1026/980/921 3248/3628/3245 3245/3625/3242
f 1655/1784/1635 1069/1039/972 3247/3627/3244 3248/3628/3245
f 1026/980/921 1033/987/928 1655/1784/1635 3248/3628/3245
f 3249/3629/3246 3242/3622/3239 3243/3623/3240 3247/3627/3244
f 1069/1039/972 1070/1040/973 3249/3629/3246 3247/3627/3244
f 1415/1481/1366 3241/3621/3238 3242/3622/3239 3249/3629/3246
f 1070/1040/973 1073/1480/976 1415/1481/1366 3249/3629/3246
f 3250/3630/3247 1409/1471/1359 3239/3619/3236 3241/3621/3238
f 1415/1481/1366 1413/1482/1364 3250/3630/3247 3241/3621/3238
f 3251/3631/3248 1408/1470/1358 1409/1471/1359 3250/3630/3247
f 1413/1477/1364 1414/1478/1365 3251/3633/3248 3250/3632/3247
f 3252/3634/3249 1407/1467/1357 1408/1468/1358 3251/3633/3248
f 1414/1478/1365 3253/3635/3250 3252/3634/3249 3251/3633/3248
f 1414/1478/1365 1412/1476/1363 3254/3636/3251 3253/3635/3250
f 3198/3563/3195 3200/3565/3197 3252/3634/3249 3253/3635/3250
f 3254/3636/3251 3197/3562/3194 3198/3563/3195 3253/3635/3250
f 1412/1476/1363 1071/1042/974 1072/1043/975 3254/3636/3251
f 1072/1043/975 1650/1777/1630 3197/3562/3194 3254/3636/3251
f 3200/3565/3197 3202/3567/3199 1407/1467/1357 3252/3634/3249
f 1623/1742/1600 1023/976/917 1045/1004/942 3236/3616/3233
f 1652/1781/1632 1653/1782/1633 3192/3555/3189 3193/3556/3190
f 1653/1782/1633 3255/3637/3252 3184/3543/3181 3192/3555/3189
f 3184/3543/3181 3185/3544/3182 3187/3546/3184 3192/3555/3189
f 3256/3638/3253 3173/3529/3170 3175/3531/3172 3255/3637/3252
f 1653/1782/1633 1654/1783/1634 3256/3638/3253 3255/3637/3252
f 3175/3531/3172 3182/3541/3179 3184/3543/3181 3255/3637/3252
f 1031/985/926 1032/986/927 3173/3529/3170 3256/3638/3253
f 1654/1783/1634 1033/987/928 1031/985/926 3256/3638/3253
f 3175/3531/3172 3176/3532/3173 3178/3534/3175 3182/3541/3179
f 781/680/644 785/685/649 2881/3176/2874 2882/3177/2875
f 1559/1662/1529 2841/3136/2834 2842/3137/2835 2846/3141/2839
f 2839/3134/2832 2840/3135/2833 1043/1001/939 2845/3140/2838
f 3257/3639/3254 2836/3131/2829 2837/3132/2830 2841/3136/2834
f 1559/1662/1529 1560/1663/1530 3257/3639/3254 2841/3136/2834
f 3259/3641/3256 3258/3640/3255 2836/3131/2829 3257/3639/3254
f 1560/1663/1530 1563/1667/1533 3259/3641/3256 3257/3639/3254
f 3261/3643/3258 3260/3642/3257 3258/3640/3255 3259/3641/3256
f 1563/1667/1533 3262/3644/3259 3261/3643/3258 3259/3641/3256
f 3264/3646/3261 3263/3645/3260 3261/3643/3258 3262/3644/3259
f 491/3648/315 489/3647/313 3264/3646/3261 3262/3644/3259
f 1563/1667/1533 1561/1668/1531 491/3648/315 3262/3644/3259
f 3266/3650/3263 3265/3649/3262 3263/3645/3260 3264/3646/3261
f 489/3647/313 490/3651/314 3266/3650/3263 3264/3646/3261
f 3268/3653/3265 3267/3652/3264 3265/3649/3262 3266/3650/3263
f 490/3651/314 462/3654/280 3268/3653/3265 3266/3650/3263
f 2813/3102/2806 2814/3103/2807 3267/3656/3264 3268/3655/3265
f 462/3658/280 463/3657/281 2813/3102/2806 3268/3655/3265
f 3270/3660/3267 3269/3659/3266 3265/3649/3262 3267/3652/3264
f 2814/3103/2807 2815/3104/2808 3270/3661/3267 3267/3656/3264
f 477/307/298 478/308/299 3269/3659/3266 3270/3660/3267
f 2815/3104/2808 480/312/302 477/313/298 3270/3661/3267
f 478/308/299 3272/3663/3269 3271/3662/3268 3269/3659/3266
f 3271/3662/3268 3263/3645/3260 3265/3649/3262 3269/3659/3266
f 3274/3666/3271 2826/3665/2819 3273/3664/3270 3272/3663/3269
f 478/308/299 479/309/300 3274/3666/3271 3272/3663/3269
f 3273/3664/3270 3260/3642/3257 3271/3662/3268 3272/3663/3269
f 2821/3113/2814 2822/3114/2815 2826/3118/2819 3274/3667/3271
f 479/314/300 481/315/303 2821/3113/2814 3274/3667/3271
f 2826/3665/2819 2827/3124/2820 2831/3125/2824 3273/3664/3270
f 2831/3125/2824 3258/3640/3255 3260/3642/3257 3273/3664/3270
f 3260/3642/3257 3261/3643/3258 3263/3645/3260 3271/3662/3268
f 2831/3125/2824 2832/3126/2825 2836/3131/2829 3258/3640/3255
f 3275/3668/3272 1036/1000/932 1043/1001/939 2840/3135/2833
f 2834/3129/2827 2835/3130/2828 3275/3668/3272 2840/3135/2833
f 3276/3670/3273 1035/990/931 1036/991/932 3275/3669/3272
f 2835/3672/2828 3277/3671/3274 3276/3670/3273 3275/3669/3272
f 1102/1085/1010 1103/1086/1011 3276/3670/3273 3277/3671/3274
f 2830/3122/2823 3278/3673/3275 1102/1085/1010 3277/3671/3274
f 2835/3672/2828 2829/3121/2822 2830/3122/2823 3277/3671/3274
f 3279/3674/3276 1101/1084/1009 1102/1085/1010 3278/3673/3275
f 2825/3117/2818 522/3675/349 3279/3674/3276 3278/3673/3275
f 2830/3122/2823 2824/3116/2817 2825/3117/2818 3278/3673/3275
f 3280/3677/3277 1105/1089/1013 1101/1090/1009 3279/3676/3276
f 522/361/349 523/362/350 3280/3677/3277 3279/3676/3276
f 3282/3679/3279 3281/3678/3278 1105/1089/1013 3280/3677/3277
f 523/362/350 526/365/353 3282/3679/3279 3280/3677/3277
f 3284/3681/3281 3283/3680/3280 3281/3678/3278 3282/3679/3279
f 526/365/353 3285/3682/3282 3284/3681/3281 3282/3679/3279
f 3287/3684/3284 3286/3683/3283 3284/3681/3281 3285/3682/3282
f 2799/3084/2792 2800/3085/2793 3287/3684/3284 3285/3682/3282
f 526/365/353 524/363/351 2799/3084/2792 3285/3682/3282
f 1605/1716/1580 1606/1717/1581 3286/3686/3283 3287/3685/3284
f 2800/3085/2793 764/3688/623 1605/3687/1580 3287/3684/3284
f 1606/1717/1581 3289/3690/3286 3288/3689/3285 3286/3686/3283
f 3288/3691/3285 3283/3680/3280 3284/3681/3281 3286/3683/3283
f 3291/3693/3288 3290/3692/3287 1424/1494/1376 3289/3690/3286
f 1606/1717/1581 1607/1718/1582 3291/3693/3288 3289/3690/3286
f 1424/1494/1376 1419/1487/1371 3288/3689/3285 3289/3690/3286
f 836/3695/708 837/3694/709 3290/3692/3287 3291/3693/3288
f 1607/1718/1582 1611/1722/1586 836/3695/708 3291/3693/3288
f 837/3694/709 838/3697/710 3292/3696/3289 3290/3692/3287
f 3292/3696/3289 1423/1493/1375 1424/1494/1376 3290/3692/3287
f 3293/3699/3290 1425/1495/1377 1423/1496/1375 3292/3698/3289
f 838/3701/710 3294/3700/3291 3293/3699/3290 3292/3698/3289
f 3296/3703/3293 3295/3702/3292 3293/3699/3290 3294/3700/3291
f 3298/3707/3295 3297/3706/3294 3296/3705/3293 3294/3704/3291
f 838/761/710 839/762/711 3298/3707/3295 3294/3704/3291
f 3300/3709/3297 3299/3708/3296 3297/3706/3294 3298/3707/3295
f 839/762/711 842/765/714 3300/3709/3297 3298/3707/3295
f 3302/3711/3299 3301/3710/3298 3299/3708/3296 3300/3709/3297
f 842/765/714 3303/3712/3300 3302/3711/3299 3300/3709/3297
f 842/765/714 840/763/712 1596/1706/1570 3303/3712/3300
f 3305/3714/3302 3304/3713/3301 3302/3711/3299 3303/3712/3300
f 1596/1706/1570 1597/1707/1571 3305/3714/3302 3303/3712/3300
f 3307/3716/3304 3306/3715/3303 3304/3713/3301 3305/3714/3302
f 1597/1707/1571 1602/1712/1576 3307/3716/3304 3305/3714/3302
f 1707/1847/1693 3308/3717/3305 3306/3715/3303 3307/3716/3304
f 1602/1712/1576 1603/1713/1577 1707/1847/1693 3307/3716/3304
f 3310/3719/3307 3309/3718/3306 3306/3715/3303 3308/3717/3305
f 1710/1850/1696 3311/3720/3308 3310/3719/3307 3308/3717/3305
f 1707/1847/1693 1708/1848/1694 1710/1850/1696 3308/3717/3305
f 3313/3722/3310 3312/3721/3309 3310/3719/3307 3311/3720/3308
f 3315/3724/3312 3314/3723/3311 3313/3722/3310 3311/3720/3308
f 1710/1850/1696 1711/1851/1697 3315/3724/3312 3311/3720/3308
f 3317/3726/3314 3316/3725/3313 3314/3723/3311 3315/3724/3312
f 1711/1851/1697 1712/1852/1698 3317/3726/3314 3315/3724/3312
f 3319/3728/3316 3318/3727/3315 3316/3725/3313 3317/3726/3314
f 1712/1852/1698 1714/1854/1700 3319/3728/3316 3317/3726/3314
f 3321/3730/3318 3320/3729/3317 3318/3727/3315 3319/3728/3316
f 1714/1854/1700 1716/1856/1702 3321/3730/3318 3319/3728/3316
f 3322/3731/3319 1436/1515/1390 3320/3729/3317 3321/3730/3318
f 1716/1856/1702 1396/1454/1344 3322/3731/3319 3321/3730/3318
f 3323/3732/3320 1435/1514/1389 1436/1515/1390 3322/3731/3319
f 1396/1454/1344 1394/1452/1342 3323/3732/3320 3322/3731/3319
f 3324/3733/3321 1438/1518/1392 1435/1514/1389 3323/3732/3320
f 1394/1452/1342 1395/1453/1343 3324/3733/3321 3323/3732/3320
f 3326/3737/3323 3325/3736/3322 1438/3735/1392 3324/3734/3321
f 1395/3739/1343 3327/3738/3324 3326/3737/3323 3324/3734/3321
f 3329/3741/3326 3328/3740/3325 3326/3737/3323 3327/3738/3324
f 3331/3743/3328 3330/3742/3327 3329/3741/3326 3327/3738/3324
f 1395/3739/1343 1389/3744/1337 3331/3743/3328 3327/3738/3324
f 3333/3746/3330 3332/3745/3329 3330/3742/3327 3331/3743/3328
f 1389/3744/1337 1390/3747/1338 3333/3746/3330 3331/3743/3328
f 3334/3748/3331 1739/1881/1725 3332/3745/3329 3333/3746/3330
f 1390/3747/1338 3335/3749/3332 3334/3748/3331 3333/3746/3330
f 1390/1448/1338 1078/1052/982 1074/1048/978 3335/3750/3332
f 3336/3752/3333 1736/3751/1722 3334/3748/3331 3335/3749/3332
f 1074/1048/978 1075/1049/979 3336/3753/3333 3335/3750/3332
f 1083/1061/988 1734/1874/1720 1736/1876/1722 3336/3753/3333
f 1075/1049/979 1082/1060/987 1083/1061/988 3336/3753/3333
f 1736/3751/1722 1737/1880/1723 1739/1881/1725 3334/3748/3331
f 3338/3755/3335 3337/3754/3334 3330/3742/3327 3332/3745/3329
f 1739/1881/1725 1740/1882/1726 3338/3755/3335 3332/3745/3329
f 3340/3757/3337 3339/3756/3336 3337/3754/3334 3338/3755/3335
f 1740/1882/1726 1741/1883/1727 3340/3757/3337 3338/3755/3335
f 3342/3759/3339 3341/3758/3338 3339/3756/3336 3340/3757/3337
f 1741/1883/1727 1743/3760/1729 3342/3759/3339 3340/3757/3337
f 3344/3764/3341 3343/3763/3340 3341/3762/3338 3342/3761/3339
f 1743/1888/1729 1745/1892/1731 3344/3764/3341 3342/3761/3339
f 1039/994/935 1040/995/936 3343/3763/3340 3344/3764/3341
f 1745/1892/1731 1038/993/934 1039/994/935 3344/3764/3341
f 1040/995/936 3346/3766/3343 3345/3765/3342 3343/3763/3340
f 3345/3765/3342 1670/3767/1652 3341/3762/3338 3343/3763/3340
f 3349/3770/3346 3348/3769/3345 3347/3768/3344 3346/3766/3343
f 1040/995/936 1034/989/930 3349/3770/3346 3346/3766/3343
f 3347/3768/3344 3350/3771/3347 3345/3765/3342 3346/3766/3343
f 3351/3774/3348 1675/3773/1657 1669/3772/1651 3350/3771/3347
f 3347/3768/3344 3352/3775/3349 3351/3774/3348 3350/3771/3347
f 1669/3772/1651 1670/3767/1652 3345/3765/3342 3350/3771/3347
f 3354/3777/3351 3353/3776/3350 3351/3774/3348 3352/3775/3349
f 3356/3779/3353 3355/3778/3352 3354/3777/3351 3352/3775/3349
f 3347/3768/3344 3348/3769/3345 3356/3779/3353 3352/3775/3349
f 1110/1096/1018 3357/3780/3354 3355/3778/3352 3356/3779/3353
f 3348/3769/3345 1107/1092/1015 1110/1096/1018 3356/3779/3353
f 3360/3783/3357 3359/3782/3356 3358/3781/3355 3357/3780/3354
f 1110/1096/1018 1108/1093/1016 3360/3783/3357 3357/3780/3354
f 3358/3781/3355 3361/3784/3358 3355/3778/3352 3357/3780/3354
f 3364/3787/3361 3363/3786/3360 3362/3785/3359 3361/3784/3358
f 3358/3781/3355 3365/3788/3362 3364/3787/3361 3361/3784/3358
f 3362/3785/3359 3354/3777/3351 3355/3778/3352 3361/3784/3358
f 3368/3791/3365 3367/3790/3364 3366/3789/3363 3365/3788/3362
f 3358/3781/3355 3359/3782/3356 3368/3791/3365 3365/3788/3362
f 3366/3789/3363 3369/3792/3366 3364/3787/3361 3365/3788/3362
f 3366/3789/3363 1095/1077/1002 1096/1078/1003 3369/3792/3366
f 3370/3793/3367 3363/3786/3360 3364/3787/3361 3369/3792/3366
f 1096/1078/1003 3371/3794/3368 3370/3793/3367 3369/3792/3366
f 1096/1078/1003 1097/1079/1004 3372/3795/3369 3371/3794/3368
f 3374/3797/3371 3373/3796/3370 3370/3793/3367 3371/3794/3368
f 3372/3795/3369 3375/3798/3372 3374/3797/3371 3371/3794/3368
f 1129/1121/1040 1132/1124/1043 3376/3799/3373 3375/3798/3372
f 3372/3795/3369 1128/1120/1039 1129/1121/1040 3375/3798/3372
f 3376/3799/3373 3377/3800/3374 3374/3797/3371 3375/3798/3372
f 3376/3804/3373 3379/3803/3376 3378/3802/3375 3377/3801/3374
f 3380/3805/3377 3373/3796/3370 3374/3797/3371 3377/3800/3374
f 3378/3802/3375 3381/3807/3378 3380/3806/3377 3377/3801/3374
f 3378/3802/3375 3383/3809/3380 3382/3808/3379 3381/3807/3378
f 3385/3811/3382 3384/3810/3381 3380/3806/3377 3381/3807/3378
f 3382/3808/3379 3386/3812/3383 3385/3811/3382 3381/3807/3378
f 3382/3808/3379 3387/3813/3384 1126/1117/1036 3386/3812/3383
f 3389/3815/3386 3388/3814/3385 3385/3811/3382 3386/3812/3383
f 1126/1117/1036 1121/1109/1031 3389/3815/3386 3386/3812/3383
f 3391/3817/3388 3390/3816/3387 3388/3814/3385 3389/3815/3386
f 1121/1109/1031 1122/1110/1032 3391/3817/3388 3389/3815/3386
f 1673/1804/1655 1674/1805/1656 3390/3816/3387 3391/3817/3388
f 1122/1110/1032 3392/3818/3389 1673/1804/1655 3391/3817/3388
f 1122/1110/1032 1123/1111/1033 3393/3819/3390 3392/3818/3389
f 3394/3820/3391 1668/1799/1650 1673/1804/1655 3392/3818/3389
f 3393/3819/3390 3395/3821/3392 3394/3820/3391 3392/3818/3389
f 3393/3825/3390 3397/3824/3394 3396/3823/3393 3395/3822/3392
f 3399/3827/3396 3398/3826/3395 3394/3820/3391 3395/3821/3392
f 3396/3823/3393 3400/3829/3397 3399/3828/3396 3395/3822/3392
f 3396/3823/3393 1117/1104/1026 3401/3830/3398 3400/3829/3397
f 3403/3832/3400 3402/3831/3399 3399/3828/3396 3400/3829/3397
f 3401/3830/3398 3404/3833/3401 3403/3832/3400 3400/3829/3397
f 3401/3830/3398 1421/1491/1373 1422/1492/1374 3404/3833/3401
f 3406/3835/3403 3405/3834/3402 3403/3832/3400 3404/3833/3401
f 1422/1492/1374 1425/1495/1377 3406/3835/3403 3404/3833/3401
f 3295/3702/3292 1429/1503/1383 3405/3834/3402 3406/3835/3403
f 1425/1495/1377 3293/3699/3290 3295/3702/3292 3406/3835/3403
f 3407/3836/3404 3402/3831/3399 3403/3832/3400 3405/3834/3402
f 1429/1503/1383 1426/1504/1379 3407/3836/3404 3405/3834/3402
f 3409/3840/3406 3408/3839/3405 3402/3838/3399 3407/3837/3404
f 1426/1498/1379 1427/1499/1380 3409/3840/3406 3407/3837/3404
f 3325/3736/3322 3410/3841/3407 3408/3839/3405 3409/3840/3406
f 1427/1499/1380 1438/3735/1392 3325/3736/3322 3409/3840/3406
f 1667/1798/1649 3398/3826/3395 3408/3839/3405 3410/3841/3407
f 3328/3740/3325 1666/1797/1648 1667/1798/1649 3410/3841/3407
f 3325/3736/3322 3326/3737/3323 3328/3740/3325 3410/3841/3407
f 3398/3826/3395 3399/3827/3396 3402/3838/3399 3408/3839/3405
f 1117/1104/1026 1114/1101/1023 1421/1491/1373 3401/3830/3398
f 1667/1798/1649 1668/1799/1650 3394/3820/3391 3398/3826/3395
f 1124/1114/1034 1119/1106/1028 1116/1103/1025 3397/3824/3394
f 3393/3825/3390 1123/1113/1033 1124/1114/1034 3397/3824/3394
f 1116/1103/1025 1117/1104/1026 3396/3823/3393 3397/3824/3394
f 3412/3843/3409 3411/3842/3408 3388/3814/3385 3390/3816/3387
f 1674/1805/1656 1675/1806/1657 3412/3843/3409 3390/3816/3387
f 3353/3776/3350 3413/3846/3410 3411/3845/3408 3412/3844/3409
f 1675/3773/1657 3351/3774/3348 3353/3776/3350 3412/3844/3409
f 3414/3848/3411 3384/3847/3381 3411/3845/3408 3413/3846/3410
f 3362/3785/3359 3363/3786/3360 3414/3848/3411 3413/3846/3410
f 3353/3776/3350 3354/3777/3351 3362/3785/3359 3413/3846/3410
f 3373/3796/3370 3380/3805/3377 3384/3847/3381 3414/3848/3411
f 3363/3786/3360 3370/3793/3367 3373/3796/3370 3414/3848/3411
f 3384/3810/3381 3385/3811/3382 3388/3814/3385 3411/3842/3408
f 3417/3852/3414 3416/3851/3413 3415/3850/3412 3387/3849/3384
f 3382/3854/3379 3383/3853/3380 3417/3852/3414 3387/3849/3384
f 3415/3855/3412 1125/1116/1035 1126/1117/1036 3387/3813/3384
f 3419/3857/3416 3418/3856/3415 3416/3851/3413 3417/3852/3414
f 3383/3853/3380 3420/3858/3417 3419/3857/3416 3417/3852/3414
f 1140/1134/1053 1141/1135/1054 3419/3857/3416 3420/3858/3417
f 3379/3860/3376 3421/3859/3418 1140/1134/1053 3420/3858/3417
f 3383/3853/3380 3378/3861/3375 3379/3860/3376 3420/3858/3417
f 3422/3862/3419 1139/1133/1052 1140/1134/1053 3421/3859/3418
f 1132/1124/1043 1130/1122/1041 3422/3864/3419 3421/3863/3418
f 3379/3865/3376 3376/3799/3373 1132/1124/1043 3421/3863/3418
f 3423/3866/3420 1143/1137/1056 1139/1133/1052 3422/3862/3419
f 1130/3870/1041 1131/3869/1042 3423/3868/3420 3422/3867/3419
f 3424/3873/3421 1134/3872/1046 1143/3871/1056 3423/3868/3420
f 1131/3869/1042 3425/3874/3422 3424/3873/3421 3423/3868/3420
f 3427/3876/3424 3426/3875/3423 3424/3873/3421 3425/3874/3422
f 3429/3878/3426 3428/3877/3425 3427/3876/3424 3425/3874/3422
f 1131/1123/1042 1127/1119/1038 3429/3880/3426 3425/3879/3422
f 1100/1082/1007 1098/1080/1005 3428/3881/3425 3429/3880/3426
f 1127/1119/1038 1128/1120/1039 1100/1082/1007 3429/3880/3426
f 3431/3883/3428 3430/3882/3427 3427/3876/3424 3428/3877/3425
f 1098/1080/1005 1099/1081/1006 3431/3884/3428 3428/3881/3425
f 3433/3886/3430 3432/3885/3429 3430/3882/3427 3431/3883/3428
f 1099/1081/1006 3367/3790/3364 3433/3887/3430 3431/3884/3428
f 3435/3889/3432 3434/3888/3431 3432/3885/3429 3433/3886/3430
f 3367/3790/3364 3368/3791/3365 3435/3890/3432 3433/3887/3430
f 3437/3892/3434 3436/3891/3433 3434/3888/3431 3435/3889/3432
f 3368/3791/3365 3359/3782/3356 3437/3893/3434 3435/3890/3432
f 3439/3895/3436 3438/3894/3435 3436/3891/3433 3437/3892/3434
f 3359/3782/3356 3360/3783/3357 3439/3896/3436 3437/3893/3434
f 1109/3898/1017 3440/3897/3437 3438/3894/3435 3439/3895/3436
f 3360/3783/3357 1108/1093/1016 1109/1094/1017 3439/3896/3436
f 1416/1484/1368 1417/1485/1369 3438/3894/3435 3440/3897/3437
f 3441/3899/3438 1420/1488/1372 1416/1484/1368 3440/3897/3437
f 1109/3898/1017 1104/3900/1012 3441/3899/3438 3440/3897/3437
f 3281/3902/3278 3283/3901/3280 1420/1488/1372 3441/3899/3438
f 1104/3900/1012 1105/3903/1013 3281/3902/3278 3441/3899/3438
f 1417/1485/1369 3442/3904/3439 3436/3891/3433 3438/3894/3435
f 1115/3907/1024 1111/3906/1020 3443/3905/3440 3442/3904/3439
f 1417/1485/1369 1418/1486/1370 1115/3907/1024 3442/3904/3439
f 3443/3905/3440 3434/3888/3431 3436/3891/3433 3442/3904/3439
f 1111/3906/1020 1112/3909/1021 3444/3908/3441 3443/3905/3440
f 3444/3908/3441 3432/3885/3429 3434/3888/3431 3443/3905/3440
f 1112/3909/1021 1138/3911/1050 3445/3910/3442 3444/3908/3441
f 3445/3910/3442 3430/3882/3427 3432/3885/3429 3444/3908/3441
f 1138/3911/1050 1133/3912/1045 3426/3875/3423 3445/3910/3442
f 3426/3875/3423 3427/3876/3424 3430/3882/3427 3445/3910/3442
f 1133/3912/1045 1134/3872/1046 3424/3873/3421 3426/3875/3423
f 1141/1135/1054 1144/1138/1057 3418/3856/3415 3419/3857/3416
f 1144/1138/1057 1136/1129/1048 1120/1107/1029 3418/3856/3415
f 1120/1107/1029 1118/1105/1027 3416/3851/3413 3418/3856/3415
f 1118/1105/1027 1119/1106/1028 3415/3850/3412 3416/3851/3413
f 1119/1106/1028 1124/1114/1034 1125/1115/1035 3415/3850/3412
f 1097/1079/1004 1100/1082/1007 1128/1120/1039 3372/3795/3369
f 1099/1081/1006 1095/1077/1002 3366/3789/3363 3367/3790/3364
f 1106/1091/1014 1107/1092/1015 3348/3769/3345 3349/3770/3346
f 1034/989/930 1035/990/931 1106/1091/1014 3349/3770/3346
f 1670/1801/1652 1671/1802/1653 3339/3756/3336 3341/3758/3338
f 1671/1802/1653 1672/1803/1654 3337/3754/3334 3339/3756/3336
f 1672/1803/1654 3329/3741/3326 3330/3742/3327 3337/3754/3334
f 1672/1803/1654 1666/1797/1648 3328/3740/3325 3329/3741/3326
f 3447/3914/3444 3446/3913/3443 3318/3727/3315 3320/3729/3317
f 1436/1515/1390 1437/1516/1391 3447/3914/3444 3320/3729/3317
f 3449/3916/3446 3448/3915/3445 3446/3913/3443 3447/3914/3444
f 1437/1516/1391 1439/1519/1393 3449/3916/3446 3447/3914/3444
f 1455/1538/1411 1450/1533/1406 3448/3915/3445 3449/3916/3446
f 1439/1519/1393 3450/3917/3447 1455/1538/1411 3449/3916/3446
f 3451/3918/3448 1454/1537/1410 1455/1538/1411 3450/3917/3447
f 1443/3921/1396 1440/3920/1397 3451/3919/3448 3450/3917/3447
f 1439/1519/1393 1432/1520/1386 1443/3921/1396 3450/3917/3447
f 3452/3923/3449 1453/1536/1409 1454/1537/1410 3451/3922/3448
f 1440/1524/1397 1441/1521/1394 3452/3923/3449 3451/3924/3448
f 1445/1527/1400 3453/3925/3450 1453/1536/1409 3452/3923/3449
f 1441/1521/1394 1444/1526/1399 1445/1527/1400 3452/3923/3449
f 3455/3927/3452 1698/1837/1683 3454/3926/3451 3453/3925/3450
f 1445/1527/1400 1446/1528/1401 3455/3927/3452 3453/3925/3450
f 3454/3926/3451 1452/1535/1408 1453/1536/1409 3453/3925/3450
f 3456/3928/3453 1697/1836/1682 1698/1837/1683 3455/3927/3452
f 1446/1528/1401 1449/1531/1404 3456/3928/3453 3455/3927/3452
f 1449/1531/1404 3458/3930/3455 3457/3929/3454 3456/3928/3453
f 3457/3929/3454 3459/3931/3456 1697/1836/1682 3456/3928/3453
f 3457/3929/3454 3461/3933/3458 3460/3932/3457 3459/3931/3456
f 3462/3934/3459 1696/1835/1681 1697/1836/1682 3459/3931/3456
f 3460/3932/3457 3463/3935/3460 3462/3934/3459 3459/3931/3456
f 3460/3932/3457 3464/3936/3461 3312/3721/3309 3463/3935/3460
f 3466/3938/3463 3465/3937/3462 3462/3934/3459 3463/3935/3460
f 3312/3721/3309 3313/3722/3310 3466/3938/3463 3463/3935/3460
f 3468/3940/3465 3467/3939/3464 3465/3937/3462 3466/3938/3463
f 3313/3722/3310 3314/3723/3311 3468/3940/3465 3466/3938/3463
f 3470/3942/3467 3469/3941/3466 3467/3939/3464 3468/3940/3465
f 3314/3723/3311 3316/3725/3313 3470/3942/3467 3468/3940/3465
f 3446/3913/3443 3448/3915/3445 3469/3941/3466 3470/3942/3467
f 3316/3725/3313 3318/3727/3315 3446/3913/3443 3470/3942/3467
f 1451/1534/1407 3471/3943/3468 3467/3939/3464 3469/3941/3466
f 3448/3915/3445 1450/1533/1406 1451/1534/1407 3469/3941/3466
f 1699/1838/1684 3465/3937/3462 3467/3939/3464 3471/3943/3468
f 3454/3926/3451 1698/1837/1683 1699/1838/1684 3471/3943/3468
f 1451/1534/1407 1452/1535/1408 3454/3926/3451 3471/3943/3468
f 1699/1838/1684 1696/1835/1681 3462/3934/3459 3465/3937/3462
f 3473/3945/3470 3472/3944/3469 3309/3718/3306 3464/3936/3461
f 3460/3932/3457 3461/3933/3458 3473/3945/3470 3464/3936/3461
f 3309/3718/3306 3310/3719/3307 3312/3721/3309 3464/3936/3461
f 3474/3946/3471 3301/3710/3298 3472/3944/3469 3473/3945/3470
f 3461/3933/3458 3475/3947/3472 3474/3946/3471 3473/3945/3470
f 3477/3949/3474 3476/3948/3473 3474/3946/3471 3475/3947/3472
f 3458/3930/3455 3478/3950/3475 3477/3949/3474 3475/3947/3472
f 3461/3933/3458 3457/3929/3454 3458/3930/3455 3475/3947/3472
f 1434/1512/1388 1430/1506/1384 3477/3949/3474 3478/3950/3475
f 1447/1529/1402 1448/1530/1403 1434/1512/1388 3478/3950/3475
f 3458/3930/3455 1449/1531/1404 1447/1529/1402 3478/3950/3475
f 1430/1506/1384 1431/1507/1385 3476/3948/3473 3477/3949/3474
f 1431/1507/1385 3297/3706/3294 3299/3708/3296 3476/3948/3473
f 3299/3708/3296 3301/3710/3298 3474/3946/3471 3476/3948/3473
f 3301/3710/3298 3302/3711/3299 3304/3713/3301 3472/3944/3469
f 3304/3713/3301 3306/3715/3303 3309/3718/3306 3472/3944/3469
f 1431/1507/1385 1428/1508/1382 3296/3705/3293 3297/3706/3294
f 1428/1502/1382 1429/1503/1383 3295/3702/3292 3296/3703/3293
f 1419/1487/1371 1420/1488/1372 3283/3901/3280 3288/3689/3285
f 1103/1086/1011 1106/1091/1014 1035/990/931 3276/3670/3273
f 2820/3111/2813 519/3112/346 522/3675/349 2825/3117/2818
f 481/315/303 482/316/304 2818/3108/2811 2821/3113/2814
f 482/316/304 480/312/302 2815/3104/2808 2816/3105/2809
f 463/3657/281 464/3098/283 2811/3099/2804 2813/3102/2806
f 464/3098/283 465/3952/284 2807/3951/2800 2808/3097/2801
f 3480/3956/3477 3479/3955/3476 2805/3954/2798 2807/3953/2800
f 465/290/284 466/291/285 3480/3956/3477 2807/3953/2800
f 3482/3958/3479 3481/3957/3478 3479/3955/3476 3480/3956/3477
f 466/291/285 515/353/341 3482/3958/3479 3480/3956/3477
f 3484/3960/3481 3483/3959/3480 3481/3957/3478 3482/3958/3479
f 515/353/341 516/354/342 3484/3960/3481 3482/3958/3479
f 3486/3962/3483 3485/3961/3482 3483/3959/3480 3484/3960/3481
f 516/354/342 3487/3963/3484 3486/3962/3483 3484/3960/3481
f 3489/3965/3486 3488/3964/3485 3486/3962/3483 3487/3963/3484
f 447/269/263 3490/3966/3487 3489/3965/3486 3487/3963/3484
f 516/354/342 446/268/262 447/269/263 3487/3963/3484
f 415/236/230 416/237/231 3489/3965/3486 3490/3966/3487
f 393/210/204 394/211/205 415/236/230 3490/3966/3487
f 447/269/263 444/265/259 393/210/204 3490/3966/3487
f 416/237/231 417/238/232 3488/3964/3485 3489/3965/3486
f 3491/3967/3488 3485/3961/3482 3486/3962/3483 3488/3964/3485
f 417/238/232 3492/3968/3489 3491/3967/3488 3488/3964/3485
f 3494/3970/3491 3493/3969/3490 3491/3967/3488 3492/3968/3489
f 3496/3972/3493 3495/3971/3492 3494/3970/3491 3492/3968/3489
f 417/238/232 418/239/233 3496/3972/3493 3492/3968/3489
f 3498/3974/3495 3497/3973/3494 3495/3971/3492 3496/3972/3493
f 418/239/233 419/240/234 3498/3974/3495 3496/3972/3493
f 3500/3976/3497 3499/3975/3496 3497/3973/3494 3498/3974/3495
f 419/240/234 3501/3977/3498 3500/3976/3497 3498/3974/3495
f 3503/3979/3500 3502/3978/3499 3500/3976/3497 3501/3977/3498
f 3505/3981/3502 3504/3980/3501 3503/3979/3500 3501/3977/3498
f 419/240/234 414/235/229 3505/3981/3502 3501/3977/3498
f 394/211/205 25/206/200 3504/3980/3501 3505/3981/3502
f 414/235/229 415/236/230 394/211/205 3505/3981/3502
f 386/202/196 389/205/199 3503/3979/3500 3504/3980/3501
f 25/206/200 385/201/195 386/202/196 3504/3980/3501
f 389/205/199 3506/3982/3503 3502/3978/3499 3503/3979/3500
f 3508/3984/3505 3507/3983/3504 3502/3978/3499 3506/3982/3503
f 3510/3986/3507 3509/3985/3506 3508/3984/3505 3506/3982/3503
f 389/205/199 387/203/197 3510/3986/3507 3506/3982/3503
f 3512/3988/3509 3511/3987/3508 3509/3985/3506 3510/3986/3507
f 387/203/197 388/204/198 3512/3988/3509 3510/3986/3507
f 1535/1628/1501 1536/1629/1502 3511/3987/3508 3512/3988/3509
f 388/204/198 1537/1630/1503 1535/1628/1501 3512/3988/3509
f 3514/3990/3511 3513/3989/3510 3509/3985/3506 3511/3987/3508
f 1536/1629/1502 3515/3991/3512 3514/3990/3511 3511/3987/3508
f 400/218/212 396/214/208 3514/3990/3511 3515/3991/3512
f 3516/3992/3513 406/225/219 400/218/212 3515/3991/3512
f 1536/1629/1502 1532/1625/1498 3516/3992/3513 3515/3991/3512
f 3517/3993/3514 405/224/218 406/225/219 3516/3992/3513
f 1532/1625/1498 1533/1626/1499 3517/3993/3514 3516/3992/3513
f 1533/1626/1499 3519/3995/3516 3518/3994/3515 3517/3993/3514
f 3518/3994/3515 407/226/220 405/224/218 3517/3993/3514
f 3522/3998/3519 3521/3997/3518 3520/3996/3517 3519/3995/3516
f 1533/1626/1499 1534/1627/1500 3522/3998/3519 3519/3995/3516
f 3520/3996/3517 3523/3999/3520 3518/3994/3515 3519/3995/3516
f 3520/3996/3517 3525/4001/3522 3524/4000/3521 3523/3999/3520
f 695/576/546 407/226/220 3518/3994/3515 3523/3999/3520
f 3524/4000/3521 694/575/545 695/576/546 3523/3999/3520
f 3528/4004/3525 3527/4003/3524 3526/4002/3523 3525/4001/3522
f 3520/3996/3517 3521/3997/3518 3528/4004/3525 3525/4001/3522
f 3526/4002/3523 3529/4005/3526 3524/4000/3521 3525/4001/3522
f 3526/4002/3523 3531/4007/3528 3530/4006/3527 3529/4005/3526
f 700/581/551 694/575/545 3524/4000/3521 3529/4005/3526
f 3530/4006/3527 3532/4008/3529 700/581/551 3529/4005/3526
f 3530/4006/3527 3534/4010/3531 3533/4009/3530 3532/4008/3529
f 3535/4011/3532 699/580/550 700/581/551 3532/4008/3529
f 3533/4009/3530 3536/4012/3533 3535/4011/3532 3532/4008/3529
f 3533/4009/3530 3538/4014/3535 3537/4013/3534 3536/4012/3533
f 3540/4016/3537 3539/4015/3536 3535/4011/3532 3536/4012/3533
f 3537/4013/3534 3541/4017/3538 3540/4016/3537 3536/4012/3533
f 3537/4013/3534 709/591/561 3542/4018/3539 3541/4017/3538
f 791/695/656 3543/4019/3540 3540/4016/3537 3541/4017/3538
f 3542/4018/3539 790/694/655 791/695/656 3541/4017/3538
f 3544/4020/3541 3539/4015/3536 3540/4016/3537 3543/4019/3540
f 3545/4021/3542 1573/1680/1544 3544/4020/3541 3543/4019/3540
f 791/695/656 787/696/652 3545/4021/3542 3543/4019/3540
f 3546/4022/3543 1572/1679/1543 1573/1680/1544 3545/4021/3542
f 787/690/652 788/691/653 3546/4024/3543 3545/4023/3542
f 788/691/653 3548/4026/3545 3547/4025/3544 3546/4024/3543
f 3547/4027/3544 1576/1683/1547 1572/1679/1543 3546/4022/3543
f 825/742/694 826/743/695 2788/3069/2781 3548/4026/3545
f 788/691/653 789/692/654 825/742/694 3548/4026/3545
f 2788/3069/2781 2790/3071/2783 3547/4025/3544 3548/4026/3545
f 2790/4029/2783 2792/4028/2785 1576/1683/1547 3547/4027/3544
f 3549/4030/3546 702/583/553 3539/4015/3536 3544/4020/3541
f 1573/1680/1544 1570/1677/1541 3549/4030/3546 3544/4020/3541
f 3550/4031/3547 701/582/552 702/583/553 3549/4030/3546
f 1570/1677/1541 1571/1678/1542 3550/4031/3547 3549/4030/3546
f 3551/4032/3548 703/584/554 701/582/552 3550/4031/3547
f 1571/1678/1542 3552/4033/3549 3551/4032/3548 3550/4031/3547
f 410/230/224 411/231/225 3551/4032/3548 3552/4033/3549
f 3553/4034/3550 409/229/223 410/230/224 3552/4033/3549
f 1571/1678/1542 1567/1674/1538 3553/4034/3550 3552/4033/3549
f 3555/4036/3552 3554/4035/3551 409/229/223 3553/4034/3550
f 1567/1674/1538 1568/1675/1539 3555/4036/3552 3553/4034/3550
f 3493/3969/3490 3494/3970/3491 3554/4035/3551 3555/4036/3552
f 1568/1675/1539 3556/4037/3553 3493/3969/3490 3555/4036/3552
f 1568/1675/1539 1569/1676/1540 3557/4038/3554 3556/4037/3553
f 3485/3961/3482 3491/3967/3488 3493/3969/3490 3556/4037/3553
f 3557/4038/3554 3483/3959/3480 3485/3961/3482 3556/4037/3553
f 1569/1676/1540 1574/1681/1545 3558/4039/3555 3557/4038/3554
f 3558/4039/3555 3481/3957/3478 3483/3959/3480 3557/4038/3554
f 1574/1681/1545 3560/4041/3557 3559/4040/3556 3558/4039/3555
f 3559/4040/3556 3479/3955/3476 3481/3957/3478 3558/4039/3555
f 3561/4043/3558 2796/3081/2789 2802/3087/2795 3560/4042/3557
f 1574/1681/1545 1575/1682/1546 3561/4044/3558 3560/4041/3557
f 2802/3087/2795 2803/3088/2796 3559/4045/3556 3560/4042/3557
f 2792/3075/2785 2793/3076/2786 2796/3081/2789 3561/4043/3558
f 1575/1682/1546 1576/1683/1547 2792/4028/2785 3561/4044/3558
f 2803/4046/2796 2805/3954/2798 3479/3955/3476 3559/4040/3556
f 3562/4047/3559 408/228/222 409/229/223 3554/4035/3551
f 3494/3970/3491 3495/3971/3492 3562/4047/3559 3554/4035/3551
f 3563/4048/3560 413/233/227 408/228/222 3562/4047/3559
f 3495/3971/3492 3497/3973/3494 3563/4048/3560 3562/4047/3559
f 3565/4050/3562 3564/4049/3561 413/233/227 3563/4048/3560
f 3497/3973/3494 3499/3975/3496 3565/4050/3562 3563/4048/3560
f 3567/4052/3564 3566/4051/3563 3564/4049/3561 3565/4050/3562
f 3499/3975/3496 3507/3983/3504 3567/4052/3564 3565/4050/3562
f 3569/4054/3566 3568/4053/3565 3566/4051/3563 3567/4052/3564
f 3507/3983/3504 3508/3984/3505 3569/4054/3566 3567/4052/3564
f 3513/3989/3510 397/215/209 3568/4053/3565 3569/4054/3566
f 3508/3984/3505 3509/3985/3506 3513/3989/3510 3569/4054/3566
f 3571/4056/3568 3570/4055/3567 3566/4051/3563 3568/4053/3565
f 397/215/209 398/216/210 3571/4056/3568 3568/4053/3565
f 3573/4058/3570 3572/4057/3569 3570/4055/3567 3571/4056/3568
f 398/216/210 401/219/213 3573/4058/3570 3571/4056/3568
f 697/578/548 698/579/549 3572/4057/3569 3573/4058/3570
f 401/219/213 403/222/216 697/578/548 3573/4058/3570
f 698/579/549 703/584/554 3574/4059/3571 3572/4057/3569
f 3574/4059/3571 3575/4060/3572 3570/4055/3567 3572/4057/3569
f 3574/4059/3571 411/231/225 412/232/226 3575/4060/3572
f 3564/4049/3561 3566/4051/3563 3570/4055/3567 3575/4060/3572
f 412/232/226 413/233/227 3564/4049/3561 3575/4060/3572
f 703/584/554 3551/4032/3548 411/231/225 3574/4059/3571
f 709/591/561 710/592/562 3576/4061/3573 3542/4018/3539
f 3576/4061/3573 793/698/658 790/694/655 3542/4018/3539
f 710/592/562 713/595/565 3577/4062/3574 3576/4061/3573
f 3577/4062/3574 3578/4063/3575 793/698/658 3576/4061/3573
f 3577/4062/3574 3580/4065/3577 3579/4064/3576 3578/4063/3575
f 3581/4066/3578 792/697/657 793/698/658 3578/4063/3575
f 3579/4064/3576 3582/4067/3579 3581/4066/3578 3578/4063/3575
f 3579/4064/3576 3584/4069/3581 3583/4068/3580 3582/4067/3579
f 3586/4071/3583 3585/4070/3582 3581/4066/3578 3582/4067/3579
f 3583/4068/3580 3587/4072/3584 3586/4071/3583 3582/4067/3579
f 3583/4068/3580 3589/4074/3586 3588/4073/3585 3587/4072/3584
f 3591/4076/3588 3590/4075/3587 3586/4071/3583 3587/4072/3584
f 3588/4073/3585 3592/4077/3589 3591/4076/3588 3587/4072/3584
f 3588/4073/3585 3594/4079/3591 3593/4078/3590 3592/4077/3589
f 3596/4081/3593 3595/4080/3592 3591/4076/3588 3592/4077/3589
f 3593/4078/3590 3597/4082/3594 3596/4081/3593 3592/4077/3589
f 3593/4078/3590 799/706/665 800/707/666 3597/4082/3594
f 3598/4083/3595 817/734/686 3596/4081/3593 3597/4082/3594
f 800/707/666 3599/4084/3596 3598/4083/3595 3597/4082/3594
f 800/707/666 801/708/667 3600/4085/3597 3599/4084/3596
f 829/747/699 821/4086/3598 3598/4083/3595 3599/4084/3596
f 3600/4085/3597 828/746/698 829/747/699 3599/4084/3596
f 3601/4087/3599 831/750/701 828/746/698 3600/4085/3597
f 801/708/667 802/709/668 3601/4087/3599 3600/4085/3597
f 2769/3048/2760 2770/3049/2761 831/750/701 3601/4087/3599
f 802/709/668 3602/4088/3600 2769/3048/2760 3601/4087/3599
f 2764/3043/2755 2765/3044/2756 2769/3048/2760 3602/4088/3600
f 3604/4090/3602 3603/4089/3601 2764/3043/2755 3602/4088/3600
f 802/709/668 797/704/663 3604/4090/3602 3602/4088/3600
f 3606/4092/3604 3605/4091/3603 3603/4089/3601 3604/4090/3602
f 797/704/663 798/705/664 3606/4092/3604 3604/4090/3602
f 3608/4094/3606 3607/4093/3605 3605/4091/3603 3606/4092/3604
f 798/705/664 3594/4079/3591 3608/4094/3606 3606/4092/3604
f 3589/4074/3586 3609/4095/3607 3607/4093/3605 3608/4094/3606
f 3594/4079/3591 3588/4073/3585 3589/4074/3586 3608/4094/3606
f 3611/4097/3609 3610/4096/3608 3607/4093/3605 3609/4095/3607
f 3584/4069/3581 3612/4098/3610 3611/4097/3609 3609/4095/3607
f 3589/4074/3586 3583/4068/3580 3584/4069/3581 3609/4095/3607
f 3614/4100/3612 3613/4099/3611 3611/4097/3609 3612/4098/3610
f 3580/4065/3577 3615/4101/3613 3614/4100/3612 3612/4098/3610
f 3584/4069/3581 3579/4064/3576 3580/4065/3577 3612/4098/3610
f 3616/4102/3614 717/600/570 3614/4100/3612 3615/4101/3613
f 713/595/565 711/593/563 3616/4102/3614 3615/4101/3613
f 3580/4065/3577 3577/4062/3574 713/595/565 3615/4101/3613
f 716/599/569 71/596/566 717/600/570 3616/4102/3614
f 711/593/563 712/594/564 716/599/569 3616/4102/3614
f 717/600/570 718/601/571 3613/4099/3611 3614/4100/3612
f 718/601/571 2749/3028/2740 3617/4103/3615 3613/4099/3611
f 3617/4103/3615 3610/4096/3608 3611/4097/3609 3613/4099/3611
f 2749/3028/2740 2750/3029/2741 2754/3033/2745 3617/4103/3615
f 2754/3033/2745 3618/4104/3616 3610/4096/3608 3617/4103/3615
f 2754/3033/2745 2755/3034/2746 2759/3038/2750 3618/4104/3616
f 3605/4091/3603 3607/4093/3605 3610/4096/3608 3618/4104/3616
f 2759/3038/2750 3603/4089/3601 3605/4091/3603 3618/4104/3616
f 2759/3038/2750 2760/3039/2751 2764/3043/2755 3603/4089/3601
f 821/4086/3598 816/733/685 817/734/686 3598/4083/3595
f 817/734/686 818/735/687 3595/4080/3592 3596/4081/3593
f 3619/4105/3617 3590/4075/3587 3591/4076/3588 3595/4080/3592
f 818/735/687 813/725/681 3619/4105/3617 3595/4080/3592
f 3621/4107/3619 3620/4106/3618 3590/4075/3587 3619/4105/3617
f 813/725/681 809/721/677 3621/4107/3619 3619/4105/3617
f 3623/4109/3621 3622/4108/3620 3620/4106/3618 3621/4107/3619
f 809/721/677 810/722/678 3623/4109/3621 3621/4107/3619
f 805/713/672 808/4110/675 3622/4108/3620 3623/4109/3621
f 810/722/678 804/712/671 805/713/672 3623/4109/3621
f 795/700/660 3585/4070/3582 3620/4106/3618 3622/4108/3620
f 808/4110/675 794/699/659 795/700/660 3622/4108/3620
f 3585/4070/3582 3586/4071/3583 3590/4075/3587 3620/4106/3618
f 798/705/664 799/706/665 3593/4078/3590 3594/4079/3591
f 795/700/660 792/697/657 3581/4066/3578 3585/4070/3582
f 702/583/553 699/580/550 3535/4011/3532 3539/4015/3536
f 3624/4111/3622 705/587/557 706/588/558 3538/4014/3535
f 3533/4009/3530 3534/4010/3531 3624/4111/3622 3538/4014/3535
f 706/588/558 709/591/561 3537/4013/3534 3538/4014/3535
f 3625/4112/3623 1542/1639/1509 705/587/557 3624/4111/3622
f 3534/4010/3531 3626/4113/3624 3625/4112/3623 3624/4111/3622
f 3628/4115/3626 3627/4114/3625 3625/4112/3623 3626/4113/3624
f 3531/4007/3528 3629/4116/3627 3628/4115/3626 3626/4113/3624
f 3534/4010/3531 3530/4006/3527 3531/4007/3528 3626/4113/3624
f 3631/4118/3629 3630/4117/3628 3628/4115/3626 3629/4116/3627
f 3527/4003/3524 391/4119/202 3631/4118/3629 3629/4116/3627
f 3531/4007/3528 3526/4002/3523 3527/4003/3524 3629/4116/3627
f 445/266/260 439/260/254 3630/4121/3628 3631/4120/3629
f 391/208/202 392/209/203 445/266/260 3631/4120/3629
f 439/260/254 440/261/255 3632/4122/3630 3630/4121/3628
f 3632/4123/3630 3627/4114/3625 3628/4115/3626 3630/4117/3628
f 440/261/255 432/250/244 433/251/245 3632/4122/3630
f 433/1637/245 1541/1638/1508 3627/4114/3625 3632/4123/3630
f 1541/1638/1508 1542/1639/1509 3625/4112/3623 3627/4114/3625
f 390/4124/201 391/4119/202 3527/4003/3524 3528/4004/3525
f 3521/3997/3518 395/4125/206 390/4124/201 3528/4004/3525
f 3633/4126/3631 395/4125/206 3521/3997/3518 3522/3998/3519
f 1534/1627/1500 1537/1630/1503 3633/4127/3631 3522/3998/3519
f 384/200/194 385/201/195 395/212/206 3633/4128/3631
f 1537/1630/1503 388/204/198 384/200/194 3633/4129/3631
f 396/214/208 397/215/209 3513/3989/3510 3514/3990/3511
f 3499/3975/3496 3500/3976/3497 3502/3978/3499 3507/3983/3504
f 2795/3079/2788 763/3080/622 764/3688/623 2800/3085/2793
f 824/741/693 827/744/696 834/754/705 2772/3051/2763
f 718/601/571 719/602/572 2745/3024/2736 2749/3028/2740
f 2737/3016/2728 1587/1696/1560 1588/1697/1561 2741/3020/2732
f 3634/4130/3632 1586/1695/1559 1587/1696/1560 2738/3017/2729
f 2701/2969/2692 3635/4131/3633 3634/4130/3632 2738/3017/2729
f 638/505/479 641/508/482 3634/4130/3632 3635/4131/3633
f 2696/2964/2687 637/504/478 638/505/479 3635/4131/3633
f 2701/2969/2692 2695/2963/2686 2696/2964/2687 3635/4131/3633
f 641/508/482 1589/1698/1562 1586/1695/1559 3634/4130/3632
f 2690/2958/2681 2691/2959/2682 637/504/478 2696/2964/2687
f 3636/4132/3634 636/503/477 637/504/478 2691/2959/2682
f 2685/2953/2676 2686/2954/2677 3636/4132/3634 2691/2959/2682
f 563/4134/394 564/4133/395 636/503/477 3636/4132/3634
f 2686/2954/2677 562/4135/393 563/4134/394 3636/4132/3634
f 2680/2948/2671 2681/2949/2672 562/4135/393 2686/2954/2677
f 538/378/366 539/379/367 2678/2945/2669 2682/2950/2673
f 552/394/382 561/404/392 562/405/393 2681/4136/2672
f 2677/2943/2668 551/393/381 552/394/382 2681/4136/2672
f 528/370/358 532/371/359 2669/2932/2659 2671/2934/2661
f 715/4138/568 3637/4137/3635 2653/2911/2643 2655/2913/2645
f 715/598/568 716/599/569 712/594/564 3637/4139/3635
f 3638/4140/3636 2651/2909/2641 2653/2911/2643 3637/4137/3635
f 712/594/564 707/589/559 3638/4141/3636 3637/4139/3635
f 3639/4142/3637 2650/2908/2640 2651/2909/2641 3638/4140/3636
f 707/589/559 708/590/560 3639/4143/3637 3638/4141/3636
f 3640/4144/3638 2643/2899/2633 2650/2908/2640 3639/4142/3637
f 708/590/560 1544/1641/1511 3640/4145/3638 3639/4143/3637
f 2640/2895/2630 2641/2896/2631 2643/2899/2633 3640/4144/3638
f 1544/1641/1511 1539/1635/1506 2640/4146/2630 3640/4145/3638
f 1539/1635/1506 1540/1636/1507 2638/4147/2628 2640/4146/2630
f 449/272/266 450/273/267 1516/4149/1479 2635/4148/2625
f 276/71/71 271/66/66 2618/2870/2608 2619/2871/2609
f 3641/4150/3639 2613/2864/2603 2614/2865/2604 2618/2870/2608
f 271/66/66 272/67/67 3641/4150/3639 2618/2870/2608
f 3643/4152/3641 3642/4151/3640 2613/2864/2603 3641/4150/3639
f 272/67/67 267/61/61 3643/4152/3641 3641/4150/3639
f 3645/4154/3643 3644/4153/3642 3642/4151/3640 3643/4152/3641
f 267/61/61 262/56/56 3645/4154/3643 3643/4152/3641
f 3647/4156/3645 3646/4155/3644 3644/4153/3642 3645/4154/3643
f 262/56/56 263/57/57 3647/4156/3645 3645/4154/3643
f 240/31/31 241/32/32 3646/4155/3644 3647/4156/3645
f 263/57/57 3648/4157/3646 240/31/31 3647/4156/3645
f 3649/4158/3647 239/30/30 240/31/31 3648/4157/3646
f 3651/4160/3649 3650/4159/3648 3649/4158/3647 3648/4157/3646
f 263/57/57 261/55/55 3651/4160/3649 3648/4157/3646
f 3653/4162/3651 3652/4161/3650 3650/4159/3648 3651/4160/3649
f 261/55/55 248/40/40 3653/4162/3651 3651/4160/3649
f 3655/4164/3653 3654/4163/3652 3652/4161/3650 3653/4162/3651
f 248/40/40 249/41/41 3655/4164/3653 3653/4162/3651
f 3656/4165/3654 228/17/17 3654/4163/3652 3655/4164/3653
f 249/41/41 250/42/42 3656/4165/3654 3655/4164/3653
f 3657/4166/3655 227/16/16 228/17/17 3656/4165/3654
f 250/42/42 3658/4167/3656 3657/4166/3655 3656/4165/3654
f 250/42/42 245/37/37 3659/4168/3657 3658/4167/3656
f 3661/4170/3659 3660/4169/3658 3657/4166/3655 3658/4167/3656
f 3659/4168/3657 3662/4171/3660 3661/4170/3659 3658/4167/3656
f 3659/4168/3657 3664/4173/3662 3663/4172/3661 3662/4171/3660
f 3666/4175/3664 3665/4174/3663 3661/4170/3659 3662/4171/3660
f 3663/4172/3661 3667/4176/3665 3666/4175/3664 3662/4171/3660
f 3663/4172/3661 3669/4178/3667 3668/4177/3666 3667/4176/3665
f 257/50/50 237/27/27 3666/4175/3664 3667/4176/3665
f 3668/4177/3666 256/49/49 257/50/50 3667/4176/3665
f 3670/4179/3668 1484/1571/1444 1485/1572/1445 3669/4178/3667
f 3663/4172/3661 3664/4173/3662 3670/4179/3668 3669/4178/3667
f 1485/1572/1445 1490/1577/1450 3668/4177/3666 3669/4178/3667
f 264/58/58 265/59/59 1484/1571/1444 3670/4179/3668
f 3664/4173/3662 246/38/38 264/58/58 3670/4179/3668
f 1490/1577/1450 260/53/53 256/49/49 3668/4177/3666
f 237/27/27 233/23/23 3665/4174/3663 3666/4175/3664
f 3671/4180/3669 3660/4169/3658 3661/4170/3659 3665/4174/3663
f 233/23/23 234/24/24 3671/4180/3669 3665/4174/3663
f 3672/4181/3670 231/20/20 3660/4169/3658 3671/4180/3669
f 234/24/24 3673/4182/3671 3672/4181/3670 3671/4180/3669
f 219/6/6 220/7/7 3672/4181/3670 3673/4182/3671
f 3674/4183/3672 218/5/5 219/6/6 3673/4182/3671
f 234/24/24 235/25/25 3674/4183/3672 3673/4182/3671
f 235/25/25 238/28/28 3675/4184/3673 3674/4183/3672
f 3675/4184/3673 3676/4185/3674 218/5/5 3674/4183/3672
f 3675/4184/3673 3678/4187/3676 3677/4186/3675 3676/4185/3674
f 3679/4188/3677 217/4/4 218/5/5 3676/4185/3674
f 3677/4186/3675 3680/4189/3678 3679/4188/3677 3676/4185/3674
f 3677/4186/3675 3682/4191/3680 3681/4190/3679 3680/4189/3678
f 3684/4193/3682 3683/4192/3681 3679/4188/3677 3680/4189/3678
f 3681/4190/3679 3685/4194/3683 3684/4193/3682 3680/4189/3678
f 3681/4190/3679 225/13/13 3686/4195/3684 3685/4194/3683
f 3688/4197/3686 3687/4196/3685 3684/4193/3682 3685/4194/3683
f 3686/4195/3684 3689/4198/3687 3688/4197/3686 3685/4194/3683
f 3686/4195/3684 3691/4200/3689 3690/4199/3688 3689/4198/3687
f 243/4202/34 3692/4201/3690 3688/4197/3686 3689/4198/3687
f 3690/4199/3688 242/4203/33 243/4202/34 3689/4198/3687
f 3693/4204/3691 3687/4196/3685 3688/4197/3686 3692/4201/3690
f 3649/4158/3647 3650/4159/3648 3693/4206/3691 3692/4205/3690
f 243/34/34 239/30/30 3649/4158/3647 3692/4205/3690
f 3695/4208/3693 3694/4207/3692 3687/4196/3685 3693/4204/3691
f 3650/4159/3648 3652/4161/3650 3695/4209/3693 3693/4206/3691
f 3697/4211/3695 3696/4210/3694 3694/4207/3692 3695/4208/3693
f 3652/4161/3650 3654/4163/3652 3697/4212/3695 3695/4209/3693
f 229/4214/18 232/4213/21 3696/4210/3694 3697/4211/3695
f 3654/4163/3652 228/17/17 229/18/18 3697/4212/3695
f 216/3/3 3683/4192/3681 3694/4207/3692 3696/4210/3694
f 232/4215/21 215/2/2 216/3/3 3696/4210/3694
f 3683/4192/3681 3684/4193/3682 3687/4196/3685 3694/4207/3692
f 221/9/9 222/10/10 3698/4216/3696 3691/4200/3689
f 3686/4195/3684 225/13/13 221/9/9 3691/4200/3689
f 3698/4216/3696 3699/4217/3697 3690/4199/3688 3691/4200/3689
f 3698/4216/3696 3701/4219/3699 3700/4218/3698 3699/4217/3697
f 244/4220/35 242/4203/33 3690/4199/3688 3699/4217/3697
f 3700/4218/3698 3702/4221/3700 244/4220/35 3699/4217/3697
f 3700/4218/3698 2604/2853/2594 3703/4222/3701 3702/4221/3700
f 3646/4155/3644 241/32/32 244/35/35 3702/4223/3700
f 3703/4224/3701 3644/4153/3642 3646/4155/3644 3702/4223/3700
f 2604/2853/2594 2605/2854/2595 2608/2857/2598 3703/4222/3701
f 2608/4225/2598 3642/4151/3640 3644/4153/3642 3703/4224/3701
f 3704/4226/3702 2600/2849/2590 2602/2851/2592 3701/4219/3699
f 3698/4216/3696 222/10/10 3704/4226/3702 3701/4219/3699
f 2602/2851/2592 2604/2853/2594 3700/4218/3698 3701/4219/3699
f 3705/4227/3703 2599/2848/2589 2600/2849/2590 3704/4226/3702
f 222/10/10 223/11/11 3705/4227/3703 3704/4226/3702
f 254/47/47 255/48/48 2599/2848/2589 3705/4227/3703
f 223/11/11 226/14/14 254/47/47 3705/4227/3703
f 216/3/3 217/4/4 3679/4188/3677 3683/4192/3681
f 3706/4228/3704 226/14/14 224/12/12 3682/4191/3680
f 3677/4186/3675 3678/4187/3676 3706/4228/3704 3682/4191/3680
f 224/12/12 225/13/13 3681/4190/3679 3682/4191/3680
f 253/46/46 254/47/47 226/14/14 3706/4228/3704
f 3678/4187/3676 252/45/45 253/46/46 3706/4228/3704
f 3675/4184/3673 238/28/28 252/45/45 3678/4187/3676
f 220/7/7 230/19/19 231/20/20 3672/4181/3670
f 3659/4168/3657 245/37/37 246/38/38 3664/4173/3662
f 231/20/20 227/16/16 3657/4166/3655 3660/4169/3658
f 2608/4225/2598 2609/2863/2599 2613/2864/2603 3642/4151/3640
f 2607/2856/2597 543/384/372 544/385/373 2612/2861/2602
f 3707/4229/3705 2591/2840/2581 2593/2842/2583 2596/2845/2586
f 259/52/52 260/53/53 3707/4229/3705 2596/2845/2586
f 1491/1578/1451 1492/1579/1452 2591/2840/2581 3707/4229/3705
f 260/53/53 1490/1577/1450 1491/1578/1451 3707/4229/3705
f 1488/1575/1448 1489/1576/1449 2588/2837/2578 2589/2838/2579
f 3709/4231/3707 3708/4230/3706 2586/2835/2576 2588/2837/2578
f 1489/1576/1449 3710/4232/3708 3709/4231/3707 2588/2837/2578
f 3712/4234/3710 3711/4233/3709 3709/4231/3707 3710/4232/3708
f 3713/4235/3711 325/129/126 3712/4234/3710 3710/4232/3708
f 1489/1576/1449 1486/1573/1446 3713/4235/3711 3710/4232/3708
f 3714/4236/3712 318/122/119 325/129/126 3713/4235/3711
f 1486/1573/1446 1487/1574/1447 3714/4236/3712 3713/4235/3711
f 277/72/72 317/121/118 318/122/119 3714/4236/3712
f 1487/1574/1447 270/65/65 277/72/72 3714/4236/3712
f 3716/4238/3714 3715/4237/3713 3711/4233/3709 3712/4234/3710
f 325/129/126 319/123/120 3716/4238/3714 3712/4234/3710
f 3718/4240/3716 3717/4239/3715 3715/4237/3713 3716/4238/3714
f 319/123/120 320/124/121 3718/4240/3716 3716/4238/3714
f 3720/4242/3718 3719/4241/3717 3717/4239/3715 3718/4240/3716
f 320/124/121 3721/4243/3719 3720/4242/3718 3718/4240/3716
f 320/124/121 321/125/122 3722/4244/3720 3721/4243/3719
f 3724/4246/3722 3723/4245/3721 3720/4242/3718 3721/4243/3719
f 3722/4244/3720 3725/4247/3723 3724/4246/3722 3721/4243/3719
f 3722/4244/3720 2439/2672/2429 2441/2674/2431 3725/4247/3723
f 3727/4249/3725 3726/4248/3724 3724/4246/3722 3725/4247/3723
f 2441/2674/2431 3728/4250/3726 3727/4249/3725 3725/4247/3723
f 2441/2674/2431 2442/2675/2432 2444/2677/2434 3728/4250/3726
f 1506/1595/1468 1507/1596/1469 3727/4249/3725 3728/4250/3726
f 2444/2677/2434 2446/2679/2436 1506/1595/1468 3728/4250/3726
f 1507/1596/1469 1508/1597/1470 3726/4248/3724 3727/4249/3725
f 3729/4251/3727 3723/4245/3721 3724/4246/3722 3726/4248/3724
f 1508/1597/1470 3730/4252/3728 3729/4251/3727 3726/4248/3724
f 3732/4254/3730 3731/4253/3729 3729/4251/3727 3730/4252/3728
f 3734/4256/3732 3733/4255/3731 3732/4254/3730 3730/4252/3728
f 1508/1597/1470 1504/1593/1466 3734/4256/3732 3730/4252/3728
f 3736/4258/3734 3735/4257/3733 3733/4255/3731 3734/4256/3732
f 1504/1593/1466 1505/1594/1467 3736/4258/3734 3734/4256/3732
f 3738/4260/3736 3737/4259/3735 3735/4257/3733 3736/4258/3734
f 1505/1594/1467 3739/4261/3737 3738/4260/3736 3736/4258/3734
f 2527/2766/2517 3740/4262/3738 3738/4260/3736 3739/4261/3737
f 2522/2761/2512 2523/2762/2513 2527/2766/2517 3739/4261/3737
f 1505/1594/1467 1499/1588/1461 2522/2761/2512 3739/4261/3737
f 3741/4263/3739 3737/4259/3735 3738/4260/3736 3740/4262/3738
f 2530/2769/2520 2532/2771/2522 3741/4263/3739 3740/4262/3738
f 2527/2766/2517 2528/2767/2518 2530/2769/2520 3740/4262/3738
f 3743/4265/3741 3742/4264/3740 3737/4259/3735 3741/4263/3739
f 2532/2771/2522 2534/2773/2524 3743/4265/3741 3741/4263/3739
f 590/445/425 591/446/426 3742/4264/3740 3743/4265/3741
f 2534/2773/2524 600/458/436 590/445/425 3743/4265/3741
f 591/446/426 596/451/431 3744/4266/3742 3742/4264/3740
f 3744/4266/3742 3735/4257/3733 3737/4259/3735 3742/4264/3740
f 596/451/431 626/492/466 627/493/467 3744/4266/3742
f 627/493/467 3733/4255/3731 3735/4257/3733 3744/4266/3742
f 627/493/467 623/489/463 3732/4254/3730 3733/4255/3731
f 623/489/463 624/490/464 3731/4253/3729 3732/4254/3730
f 3745/4267/3743 3723/4245/3721 3729/4251/3727 3731/4253/3729
f 624/490/464 3746/4268/3744 3745/4267/3743 3731/4253/3729
f 3747/4269/3745 3719/4241/3717 3745/4267/3743 3746/4268/3744
f 1528/1620/1493 1529/1621/1494 3747/4269/3745 3746/4268/3744
f 624/490/464 625/491/465 1528/1620/1493 3746/4268/3744
f 331/136/133 3717/4239/3715 3719/4241/3717 3747/4269/3745
f 1529/1621/1494 330/135/132 331/136/133 3747/4269/3745
f 3719/4241/3717 3720/4242/3718 3723/4245/3721 3745/4267/3743
f 321/125/122 322/126/123 2439/2672/2429 3722/4244/3720
f 331/136/133 326/131/128 3715/4237/3713 3717/4239/3715
f 326/131/128 327/132/129 3711/4233/3709 3715/4237/3713
f 327/132/129 3708/4230/3706 3709/4231/3707 3711/4233/3709
f 327/132/129 328/133/130 3748/4270/3746 3708/4230/3706
f 3748/4270/3746 2584/2833/2574 2586/2835/2576 3708/4230/3706
f 328/133/130 329/134/131 3749/4271/3747 3748/4270/3746
f 3749/4271/3747 2583/2832/2573 2584/2833/2574 3748/4270/3746
f 329/134/131 1530/1622/1495 1531/1623/1496 3749/4271/3747
f 1531/1623/1496 2582/2831/2572 2583/2832/2573 3749/4271/3747
f 1531/1623/1496 628/494/468 629/495/469 2582/2831/2572
f 629/495/469 632/498/472 2580/2829/2570 2582/2831/2572
f 632/498/472 630/496/470 2576/2824/2566 2577/2825/2567
f 630/496/470 631/497/471 3750/4272/3748 2576/2824/2566
f 3750/4272/3748 2573/2820/2563 2574/2821/2564 2576/2824/2566
f 631/497/471 594/449/429 595/450/430 3750/4272/3748
f 595/450/430 3751/4273/3749 2573/2820/2563 3750/4272/3748
f 595/450/430 592/447/427 3752/4274/3750 3751/4273/3749
f 3753/4275/3751 2571/2819/2561 2573/2820/2563 3751/4273/3749
f 3752/4274/3750 3754/4276/3752 3753/4275/3751 3751/4273/3749
f 3752/4274/3750 3756/4278/3754 3755/4277/3753 3754/4276/3752
f 3758/4282/3756 3757/4281/3755 3753/4280/3751 3754/4279/3752
f 3755/4284/3753 3759/4283/3757 3758/4282/3756 3754/4279/3752
f 3755/4284/3753 569/413/401 570/414/402 3759/4283/3757
f 3761/4286/3759 3760/4285/3758 3758/4282/3756 3759/4283/3757
f 570/414/402 3762/4287/3760 3761/4286/3759 3759/4283/3757
f 570/414/402 571/415/403 3763/4288/3761 3762/4287/3760
f 1578/1686/1550 3764/4289/3762 3761/4286/3759 3762/4287/3760
f 3763/4288/3761 1577/1685/1549 1578/1686/1550 3762/4287/3760
f 2560/2805/2550 3760/4285/3758 3761/4286/3759 3764/4289/3762
f 2557/2802/2547 2558/2803/2548 2560/2805/2550 3764/4289/3762
f 1578/1686/1550 1579/1687/1551 2557/2802/2547 3764/4289/3762
f 571/415/403 574/420/406 3765/4290/3763 3763/4288/3761
f 3765/4290/3763 1582/1690/1554 1577/1685/1549 3763/4288/3761
f 574/420/406 3766/4292/3764 582/4291/416 3765/4290/3763
f 582/4291/416 583/438/417 1582/1690/1554 3765/4290/3763
f 3767/4296/3765 575/4295/408 576/4294/409 3766/4293/3764
f 574/420/406 572/421/404 3767/4297/3765 3766/4292/3764
f 576/4294/409 581/430/415 582/431/416 3766/4293/3764
f 3768/4299/3766 580/428/413 575/423/408 3767/4298/3765
f 572/417/404 573/418/405 3768/4299/3766 3767/4298/3765
f 593/448/428 587/442/422 580/428/413 3768/4299/3766
f 573/418/405 3756/4278/3754 593/448/428 3768/4299/3766
f 3769/4300/3767 3757/4281/3755 3758/4282/3756 3760/4285/3758
f 2560/2805/2550 2561/2806/2551 3769/4300/3767 3760/4285/3758
f 2565/2810/2555 2569/2814/2559 3757/4281/3755 3769/4300/3767
f 2561/2806/2551 2562/2807/2552 2565/2810/2555 3769/4300/3767
f 2569/2814/2559 2571/2816/2561 3753/4280/3751 3757/4281/3755
f 3752/4274/3750 592/447/427 593/448/428 3756/4278/3754
f 573/418/405 569/419/401 3755/4277/3753 3756/4278/3754
f 1579/1687/1551 1580/1688/1552 2551/2793/2541 2557/2802/2547
f 602/460/438 600/458/436 2534/2773/2524 2535/2774/2525
f 3770/4301/3768 2449/2683/2439 2451/2686/2441 2517/2756/2507
f 1502/1591/1464 1503/1592/1465 3770/4301/3768 2517/2756/2507
f 2446/2679/2436 2447/2680/2437 2449/2683/2439 3770/4301/3768
f 1503/1592/1465 1506/1595/1468 2446/2679/2436 3770/4301/3768
f 2462/2700/2452 2463/2701/2453 2467/2705/2457 2513/4302/2503
f 2467/2705/2457 305/106/104 303/107/102 2513/4302/2503
f 2483/2721/2473 2484/2722/2474 2486/2724/2476 2509/2747/2499
f 3771/4303/3769 2472/2710/2462 2473/2711/2463 2477/2715/2467
f 846/770/719 847/771/720 3771/4304/3769 2477/2715/2467
f 302/105/101 305/106/104 2472/2710/2462 3771/4305/3769
f 847/771/720 301/100/100 302/101/101 3771/4306/3769
f 609/469/446 56/463/440 1498/1586/1459 2476/2714/2466
f 2470/2708/2460 2471/2709/2461 609/469/446 2476/2714/2466
f 1498/1586/1459 1493/1581/1454 2475/2713/2465 2476/2714/2466
f 305/106/104 2467/2705/2457 2468/2706/2458 2472/2710/2462
f 3772/4307/3770 608/468/445 609/469/446 2471/2709/2461
f 2465/2703/2455 2466/2704/2456 3772/4307/3770 2471/2709/2461
f 314/117/114 311/114/111 608/468/445 3772/4307/3770
f 2466/2704/2456 3773/4308/3771 314/117/114 3772/4307/3770
f 3774/4309/3772 313/116/113 314/117/114 3773/4308/3771
f 2461/2699/2451 293/91/91 3774/4309/3772 3773/4308/3771
f 2466/2704/2456 2460/2698/2450 2461/2699/2451 3773/4308/3771
f 3775/4310/3773 315/118/115 313/116/113 3774/4309/3772
f 293/91/91 294/92/92 3775/4310/3773 3774/4309/3772
f 3777/4312/3775 3776/4311/3774 315/118/115 3775/4310/3773
f 294/92/92 297/95/95 3777/4312/3775 3775/4310/3773
f 857/783/732 858/784/733 3776/4311/3774 3777/4312/3775
f 297/95/95 3778/4313/3776 857/783/732 3777/4312/3775
f 3779/4314/3777 856/782/731 857/783/732 3778/4313/3776
f 3781/4316/3779 3780/4315/3778 3779/4314/3777 3778/4313/3776
f 297/95/95 298/96/96 3781/4316/3779 3778/4313/3776
f 3783/4318/3781 3782/4317/3780 3780/4315/3778 3781/4316/3779
f 298/96/96 299/97/97 3783/4318/3781 3781/4316/3779
f 3785/4320/3783 3784/4319/3782 3782/4317/3780 3783/4318/3781
f 299/97/97 3786/4321/3784 3785/4320/3783 3783/4318/3781
f 3788/4323/3786 3787/4322/3785 3785/4320/3783 3786/4321/3784
f 355/166/161 356/167/162 3788/4323/3786 3786/4321/3784
f 299/97/97 295/93/93 355/166/161 3786/4321/3784
f 3790/4325/3788 3789/4324/3787 3787/4322/3785 3788/4323/3786
f 356/167/162 359/171/165 3790/4325/3788 3788/4323/3786
f 879/808/757 873/802/751 3789/4324/3787 3790/4325/3788
f 359/171/165 2402/2631/2392 879/808/757 3790/4325/3788
f 3792/4327/3790 3791/4326/3789 3787/4322/3785 3789/4324/3787
f 873/802/751 874/803/752 3792/4327/3790 3789/4324/3787
f 3794/4329/3792 3793/4328/3791 3791/4326/3789 3792/4327/3790
f 874/803/752 3795/4330/3793 3794/4329/3792 3792/4327/3790
f 3797/4332/3795 3796/4331/3794 907/840/788 3795/4330/3793
f 874/803/752 875/804/753 3797/4332/3795 3795/4330/3793
f 907/840/788 902/835/783 3794/4329/3792 3795/4330/3793
f 920/855/803 917/852/800 3796/4331/3794 3797/4332/3795
f 875/804/753 876/805/754 920/855/803 3797/4332/3795
f 3798/4333/3796 906/839/787 907/840/788 3796/4331/3794
f 917/852/800 918/853/801 3798/4333/3796 3796/4331/3794
f 3799/4334/3797 905/838/786 906/839/787 3798/4333/3796
f 918/853/801 924/4335/808 3799/4334/3797 3798/4333/3796
f 3801/4337/3799 3800/4336/3798 905/838/786 3799/4334/3797
f 924/4335/808 925/4338/809 3801/4337/3799 3799/4334/3797
f 3803/4340/3801 3802/4339/3800 3800/4336/3798 3801/4337/3799
f 925/4338/809 3804/4341/3802 3803/4340/3801 3801/4337/3799
f 3806/4343/3804 3805/4342/3803 3803/4340/3801 3804/4341/3802
f 3808/4347/3806 3807/4346/3805 3806/4345/3804 3804/4344/3802
f 925/861/809 926/862/810 3808/4347/3806 3804/4344/3802
f 868/796/745 872/800/749 3807/4346/3805 3808/4347/3806
f 926/862/810 867/795/744 868/796/745 3808/4347/3806
f 3809/4349/3807 863/4348/738 3806/4345/3804 3807/4346/3805
f 872/800/749 2112/2294/2098 3809/4349/3807 3807/4346/3805
f 3810/4351/3808 861/4350/736 863/4348/738 3809/4349/3807
f 2112/2294/2098 2113/2295/2099 3810/4351/3808 3809/4349/3807
f 2131/2313/2117 860/2314/735 861/4350/736 3810/4351/3808
f 2113/2295/2099 2114/2296/2100 2131/2313/2117 3810/4351/3808
f 863/789/738 854/780/729 3805/4342/3803 3806/4343/3804
f 3811/4352/3809 3802/4339/3800 3803/4340/3801 3805/4342/3803
f 854/780/729 855/781/730 3811/4352/3809 3805/4342/3803
f 850/775/724 853/778/727 3802/4339/3800 3811/4352/3809
f 855/781/730 849/774/723 850/775/724 3811/4352/3809
f 853/778/727 3812/4353/3810 3800/4336/3798 3802/4339/3800
f 904/837/785 905/838/786 3800/4336/3798 3812/4353/3810
f 3813/4354/3811 903/836/784 904/837/785 3812/4353/3810
f 853/778/727 851/776/725 3813/4354/3811 3812/4353/3810
f 3814/4355/3812 3793/4328/3791 903/836/784 3813/4354/3811
f 851/776/725 852/777/726 3814/4355/3812 3813/4354/3811
f 3784/4319/3782 3791/4326/3789 3793/4328/3791 3814/4355/3812
f 852/777/726 3782/4317/3780 3784/4319/3782 3814/4355/3812
f 902/835/783 903/836/784 3793/4328/3791 3794/4329/3792
f 3784/4319/3782 3785/4320/3783 3787/4322/3785 3791/4326/3789
f 852/777/726 848/773/722 3780/4315/3778 3782/4317/3780
f 848/773/722 849/774/723 3779/4314/3777 3780/4315/3778
f 849/774/723 855/781/730 856/782/731 3779/4314/3777
f 3815/4356/3813 310/113/110 315/118/115 3776/4311/3774
f 858/784/733 862/788/737 3815/4356/3813 3776/4311/3774
f 862/788/737 2134/2318/2120 1209/1216/1132 3815/4356/3813
f 1209/1216/1132 309/112/109 310/113/110 3815/4356/3813
f 2456/2693/2446 292/90/90 293/91/91 2461/2699/2451
f 2423/2656/2413 2424/2657/2414 2426/2659/2416 2429/2662/2419
f 1522/1613/1486 1523/1614/1487 2420/2653/2410 2421/2654/2411
f 366/179/173 2415/4359/2405 2416/4358/2406 2420/4357/2410
f 1523/4360/1487 365/178/172 366/179/173 2420/4357/2410
f 346/154/151 339/146/143 341/148/145 2419/2652/2409
f 2414/2646/2404 345/153/150 346/154/151 2419/2652/2409
f 3816/4361/3814 2411/2642/2401 2412/2643/2402 2415/2647/2405
f 366/179/173 360/173/167 3816/4362/3814 2415/4359/2405
f 3818/4364/3816 3817/4363/3815 2411/2642/2401 3816/4361/3814
f 360/173/167 361/174/168 3818/4365/3816 3816/4362/3814
f 3820/4367/3818 3819/4366/3817 3817/4363/3815 3818/4364/3816
f 361/174/168 3821/4369/3819 3820/4368/3818 3818/4365/3816
f 3823/4373/3821 3822/4372/3820 3820/4371/3818 3821/4370/3819
f 3825/4375/3823 3824/4374/3822 3823/4373/3821 3821/4370/3819
f 361/174/168 362/175/169 3825/4376/3823 3821/4369/3819
f 3827/4378/3825 3826/4377/3824 3824/4374/3822 3825/4375/3823
f 362/175/169 363/176/170 3827/4379/3825 3825/4376/3823
f 3829/4381/3827 3828/4380/3826 3826/4377/3824 3827/4378/3825
f 363/176/170 3830/4383/3828 3829/4382/3827 3827/4379/3825
f 363/176/170 364/177/171 3831/4384/3829 3830/4383/3828
f 3833/4386/3831 3832/4385/3830 3829/4382/3827 3830/4383/3828
f 3831/4384/3829 381/196/190 3833/4386/3831 3830/4383/3828
f 3834/4388/3832 884/4387/763 3832/4385/3830 3833/4386/3831
f 381/196/190 382/197/191 3834/4388/3832 3833/4386/3831
f 3835/4390/3833 883/4389/762 884/4387/763 3834/4388/3832
f 382/197/191 383/198/192 3835/4390/3833 3834/4388/3832
f 898/829/778 892/830/771 883/4389/762 3835/4390/3833
f 383/198/192 900/832/780 898/829/778 3835/4390/3833
f 3836/4392/3834 3828/4380/3826 3829/4381/3827 3832/4391/3830
f 884/814/763 885/815/764 3836/4392/3834 3832/4391/3830
f 3838/4394/3836 3837/4393/3835 3828/4380/3826 3836/4392/3834
f 885/815/764 889/819/768 3838/4394/3836 3836/4392/3834
f 3840/4396/3838 3839/4395/3837 3837/4393/3835 3838/4394/3836
f 889/819/768 3841/4397/3839 3840/4396/3838 3838/4394/3836
f 3843/4399/3841 3842/4398/3840 3840/4396/3838 3841/4397/3839
f 3845/4401/3843 3844/4400/3842 3843/4399/3841 3841/4397/3839
f 889/819/768 886/816/765 3845/4401/3843 3841/4397/3839
f 2185/2381/2171 2186/2382/2172 3844/4400/3842 3845/4401/3843
f 886/816/765 887/817/766 2185/2381/2171 3845/4401/3843
f 3847/4403/3845 3846/4402/3844 3843/4399/3841 3844/4400/3842
f 2186/2382/2172 2187/2383/2173 3847/4403/3845 3844/4400/3842
f 2192/2388/2178 3848/4404/3846 3846/4402/3844 3847/4403/3845
f 2187/2383/2173 2189/2385/2175 2192/2388/2178 3847/4403/3845
f 3850/4406/3848 3849/4405/3847 3846/4402/3844 3848/4404/3846
f 1271/1299/1203 664/540/510 3850/4406/3848 3848/4404/3846
f 2192/2388/2178 2193/2389/2179 1271/1299/1203 3848/4404/3846
f 3852/4408/3850 3851/4407/3849 3849/4405/3847 3850/4406/3848
f 664/540/510 665/541/511 3852/4408/3850 3850/4406/3848
f 3854/4410/3852 3853/4409/3851 3851/4407/3849 3852/4408/3850
f 665/541/511 666/542/512 3854/4410/3852 3852/4408/3850
f 2200/2396/2186 3855/4411/3853 3853/4409/3851 3854/4410/3852
f 666/542/512 2198/2394/2184 2200/2396/2186 3854/4410/3852
f 3857/4413/3855 3856/4412/3854 3853/4409/3851 3855/4411/3853
f 2203/2399/2189 3858/4414/3856 3857/4413/3855 3855/4411/3853
f 2200/2396/2186 2201/2397/2187 2203/2399/2189 3855/4411/3853
f 3860/4416/3858 3859/4415/3857 3857/4413/3855 3858/4414/3856
f 3862/4418/3860 3861/4417/3859 3860/4416/3858 3858/4414/3856
f 2203/2399/2189 2204/2400/2190 3862/4418/3860 3858/4414/3856
f 2209/4420/2195 3863/4419/3861 3861/4417/3859 3862/4418/3860
f 2204/2400/2190 2205/2401/2191 2209/4420/2195 3862/4418/3860
f 3865/4422/3863 3864/4421/3862 3861/4417/3859 3863/4419/3861
f 2212/2410/2198 3866/4425/3864 3865/4424/3863 3863/4423/3861
f 2209/2407/2195 2210/2408/2196 2212/2410/2198 3863/4423/3861
f 3869/4428/3867 3868/4427/3866 3867/4426/3865 3866/4425/3864
f 2212/2410/2198 2213/2411/2199 3869/4428/3867 3866/4425/3864
f 3867/4426/3865 3870/4429/3868 3865/4424/3863 3866/4425/3864
f 3867/4426/3865 3871/4430/3869 3819/4366/3817 3870/4429/3868
f 3822/4372/3820 3864/4421/3862 3865/4422/3863 3870/4431/3868
f 3819/4432/3817 3820/4371/3818 3822/4372/3820 3870/4431/3868
f 3873/4434/3871 2406/2635/2396 3872/4433/3870 3871/4430/3869
f 3867/4426/3865 3868/4427/3866 3873/4434/3871 3871/4430/3869
f 3872/4433/3870 3817/4363/3815 3819/4366/3817 3871/4430/3869
f 2403/2632/2393 2404/2633/2394 2406/2635/2396 3873/4434/3871
f 3868/4427/3866 3874/4435/3872 2403/2632/2393 3873/4434/3871
f 2398/2627/2388 2399/2628/2389 2403/2632/2393 3874/4435/3872
f 3875/4436/3873 2221/2419/2207 2398/2627/2388 3874/4435/3872
f 3868/4427/3866 3869/4428/3867 3875/4436/3873 3874/4435/3872
f 2214/2412/2200 2216/2414/2202 2221/2419/2207 3875/4436/3873
f 3869/4428/3867 2213/2411/2199 2214/2412/2200 3875/4436/3873
f 2406/2635/2396 2407/2636/2397 2409/2639/2399 3872/4433/3870
f 2409/2639/2399 2411/2642/2401 3817/4363/3815 3872/4433/3870
f 3876/4437/3874 3860/4416/3858 3861/4417/3859 3864/4421/3862
f 3822/4372/3820 3823/4373/3821 3876/4437/3874 3864/4421/3862
f 3877/4438/3875 3859/4415/3857 3860/4416/3858 3876/4437/3874
f 3823/4373/3821 3824/4374/3822 3877/4438/3875 3876/4437/3874
f 3879/4440/3877 3878/4439/3876 3859/4415/3857 3877/4438/3875
f 3824/4374/3822 3826/4377/3824 3879/4440/3877 3877/4438/3875
f 3837/4393/3835 3839/4395/3837 3878/4439/3876 3879/4440/3877
f 3826/4377/3824 3828/4380/3826 3837/4393/3835 3879/4440/3877
f 3856/4412/3854 3857/4413/3855 3859/4415/3857 3878/4439/3876
f 3839/4395/3837 3880/4441/3878 3856/4412/3854 3878/4439/3876
f 3839/4395/3837 3840/4396/3838 3842/4398/3840 3880/4441/3878
f 3851/4407/3849 3853/4409/3851 3856/4412/3854 3880/4441/3878
f 3842/4398/3840 3849/4405/3847 3851/4407/3849 3880/4441/3878
f 3842/4398/3840 3843/4399/3841 3846/4402/3844 3849/4405/3847
f 364/177/171 369/182/176 3881/4442/3879 3831/4384/3829
f 3881/4442/3879 380/195/189 381/196/190 3831/4384/3829
f 3882/4443/3880 379/194/188 380/195/189 3881/4442/3879
f 369/182/176 3883/4444/3881 3882/4443/3880 3881/4442/3879
f 369/182/176 367/180/174 3884/4445/3882 3883/4444/3881
f 3886/4447/3884 3885/4446/3883 3882/4443/3880 3883/4444/3881
f 3884/4445/3882 3887/4448/3885 3886/4447/3884 3883/4444/3881
f 3884/4445/3882 3889/4450/3887 3888/4449/3886 3887/4448/3885
f 3891/4452/3889 3890/4451/3888 3886/4447/3884 3887/4448/3885
f 3888/4449/3886 3892/4453/3890 3891/4452/3889 3887/4448/3885
f 3888/4449/3886 616/4454/454 614/476/452 3892/4453/3890
f 3893/4455/3891 643/511/485 3891/4452/3889 3892/4453/3890
f 614/476/452 615/477/453 3893/4455/3891 3892/4453/3890
f 3894/4456/3892 642/510/484 643/511/485 3893/4455/3891
f 615/477/453 3895/4457/3893 3894/4456/3892 3893/4455/3891
f 3898/4461/3896 3897/4460/3895 3896/4459/3894 3895/4458/3893
f 615/477/453 611/478/449 3898/4462/3896 3895/4457/3893
f 3896/4459/3894 651/4464/494 3894/4463/3892 3895/4458/3893
f 3900/4466/3898 3899/4465/3897 3897/4460/3895 3898/4461/3896
f 611/472/449 612/473/450 3900/4466/3898 3898/4461/3896
f 3902/4468/3900 3901/4467/3899 3899/4465/3897 3900/4466/3898
f 612/473/450 1527/1618/1491 3902/4468/3900 3900/4466/3898
f 3904/4470/3902 3903/4469/3901 3901/4467/3899 3902/4468/3900
f 1527/1618/1491 1519/1610/1483 3904/4470/3902 3902/4468/3900
f 1513/1603/1476 1514/1604/1477 3903/4469/3901 3904/4470/3902
f 1519/1610/1483 1512/1602/1475 1513/1603/1476 3904/4470/3902
f 1514/4472/1477 1555/1657/1524 1556/1658/1525 3903/4471/3901
f 1556/1658/1525 3905/4474/3903 3901/4473/3899 3903/4471/3901
f 1556/1658/1525 1554/1656/1523 3906/4475/3904 3905/4474/3903
f 3907/4477/3905 3899/4476/3897 3901/4473/3899 3905/4474/3903
f 3906/4475/3904 622/487/461 3907/4477/3905 3905/4474/3903
f 3908/4479/3906 3897/4478/3895 3899/4476/3897 3907/4477/3905
f 622/487/461 617/482/456 3908/4479/3906 3907/4477/3905
f 3909/4481/3907 3896/4480/3894 3897/4478/3895 3908/4479/3906
f 617/482/456 618/483/457 3909/4481/3907 3908/4479/3906
f 650/522/493 651/524/494 3896/4480/3894 3909/4481/3907
f 618/483/457 649/521/492 650/522/493 3909/4481/3907
f 1554/1656/1523 373/188/182 3910/4482/3908 3906/4475/3904
f 3910/4482/3908 621/486/460 622/487/461 3906/4475/3904
f 373/188/182 370/184/178 3911/4483/3909 3910/4482/3908
f 3911/4483/3909 620/485/459 621/486/460 3910/4482/3908
f 370/184/178 371/185/179 3912/4484/3910 3911/4483/3909
f 3912/4484/3910 3913/4485/3911 620/485/459 3911/4483/3909
f 3912/4484/3910 3915/4487/3913 3914/4486/3912 3913/4485/3911
f 3916/4488/3914 619/484/458 620/485/459 3913/4485/3911
f 3914/4486/3912 3917/4489/3915 3916/4488/3914 3913/4485/3911
f 3914/4486/3912 3918/4490/3916 647/517/489 3917/4489/3915
f 648/520/491 649/521/492 3916/4488/3914 3917/4489/3915
f 647/517/489 645/518/487 648/520/491 3917/4489/3915
f 3885/4446/3883 3886/4447/3884 3890/4451/3888 3918/4490/3916
f 3914/4486/3912 3915/4487/3913 3885/4446/3883 3918/4490/3916
f 3890/4451/3888 644/512/486 647/517/489 3918/4490/3916
f 649/521/492 618/483/457 619/484/458 3916/4488/3914
f 379/194/188 3882/4443/3880 3885/4446/3883 3915/4487/3913
f 3912/4484/3910 371/185/179 379/194/188 3915/4487/3913
f 651/4464/494 646/515/488 642/516/484 3894/4463/3892
f 643/511/485 644/512/486 3890/4451/3888 3891/4452/3889
f 368/181/175 1524/4492/1488 1525/4491/1489 3889/4450/3887
f 3884/4445/3882 367/180/174 368/181/175 3889/4450/3887
f 1525/4491/1489 616/4454/454 3888/4449/3886 3889/4450/3887
f 2397/2626/2387 878/807/756 879/808/757 2402/2631/2392
f 359/171/165 357/168/163 2401/2630/2391 2402/2631/2392
f 2221/2419/2207 2222/2420/2208 2224/2422/2210 2398/2627/2388
f 666/542/512 662/537/507 2196/2392/2182 2198/2394/2184
f 662/537/507 663/538/508 2194/2390/2180 2196/2392/2182
f 663/538/508 1271/1299/1203 2193/2389/2179 2194/2390/2180
f 887/817/766 2182/2378/2168 2183/2379/2169 2185/2381/2171
f 654/528/498 655/529/499 2164/2360/2150 2166/2362/2152
f 655/529/499 656/530/500 2159/2353/2145 2160/2354/2146
f 656/530/500 657/531/501 2158/2352/2144 2159/2353/2145
f 657/531/501 3919/4493/3917 2151/2339/2137 2158/2352/2144
f 2151/2339/2137 2152/2340/2138 2155/2346/2141 2158/2352/2144
f 3921/4496/3919 3920/4495/3918 2148/4494/2134 3919/4493/3917
f 657/531/501 658/532/502 3921/4496/3919 3919/4493/3917
f 2148/4494/2134 2149/2338/2135 2151/2339/2137 3919/4493/3917
f 1263/1288/1194 1265/1289/1197 3920/4498/3918 3921/4497/3919
f 658/532/502 661/535/505 1263/1284/1194 3921/4496/3919
f 1265/1289/1197 1289/1324/1223 1290/1325/1224 3920/4498/3918
f 1290/1325/1224 2146/2332/2132 2148/2334/2134 3920/4498/3918
f 1290/1325/1224 1285/1320/1219 2144/2330/2130 2146/2332/2132
f 1285/1320/1219 1286/1321/1220 2143/2329/2129 2144/2330/2130
f 872/800/749 869/797/746 2110/2292/2096 2112/2294/2098
f 870/798/747 871/799/748 3922/4499/3920 2107/2289/2093
f 3922/4499/3920 2102/2284/2088 2103/2285/2089 2107/2289/2093
f 871/799/748 3923/4500/3921 1004/950/895 3922/4499/3920
f 1004/950/895 1001/947/892 2102/2284/2088 3922/4499/3920
f 864/792/741 1639/1765/1618 1640/1766/1619 3923/4500/3921
f 871/799/748 96/791/740 864/792/741 3923/4500/3921
f 1640/1766/1619 1003/949/894 1004/950/895 3923/4500/3921
f 998/944/889 999/945/890 1008/955/900 2045/2217/2031
f 977/919/864 978/920/865 2034/2206/2020 2036/2208/2022
f 2030/2202/2016 1615/1733/1591 1616/1734/1592 2033/2205/2019
f 974/916/861 975/917/862 2027/2199/2013 2028/2200/2014
f 1350/1396/1291 1342/1388/1283 2025/2197/2011 2027/2199/2013
f 1342/1388/1283 1343/1389/1284 2023/2195/2009 2025/2197/2011
f 1343/1389/1284 2019/2191/2005 2020/2192/2006 2023/2195/2009
f 2018/2190/2004 1249/1268/1178 1250/1269/1179 2022/2194/2008
f 3926/4503/3924 3925/4502/3923 3924/4501/3922 2011/2183/1997
f 2005/2177/1991 2006/2178/1992 3926/4503/3924 2011/2183/1997
f 3924/4501/3922 3927/4504/3925 2010/2182/1996 2011/2183/1997
f 3924/4501/3922 3929/4506/3927 3928/4505/3926 3927/4504/3925
f 1251/1270/1180 1252/1271/1181 2010/2182/1996 3927/4504/3925
f 3928/4505/3926 3930/4507/3928 1251/1270/1180 3927/4504/3925
f 3928/4505/3926 3932/4509/3930 3931/4508/3929 3930/4507/3928
f 1238/1252/1165 1248/1267/1177 1251/1270/1180 3930/4507/3928
f 3931/4508/3929 1237/1251/1164 1238/1252/1165 3930/4507/3928
f 3933/4510/3931 1239/1255/1168 1240/1256/1169 3932/4509/3930
f 3928/4505/3926 3929/4506/3927 3933/4510/3931 3932/4509/3930
f 1240/1256/1169 1242/4511/1171 3931/4508/3929 3932/4509/3930
f 3934/4512/3932 1245/1264/1174 1239/1255/1168 3933/4510/3931
f 3929/4506/3927 3935/4513/3933 3934/4512/3932 3933/4510/3931
f 3937/4515/3935 3936/4514/3934 3934/4512/3932 3935/4513/3933
f 3925/4502/3923 3938/4516/3936 3937/4515/3935 3935/4513/3933
f 3929/4506/3927 3924/4501/3922 3925/4502/3923 3935/4513/3933
f 1261/1281/1191 1259/1279/1189 3937/4515/3935 3938/4516/3936
f 3940/4518/3938 3939/4517/3937 1261/1281/1191 3938/4516/3936
f 3925/4502/3923 3926/4503/3924 3940/4518/3938 3938/4516/3936
f 3942/4520/3940 3941/4519/3939 3939/4517/3937 3940/4518/3938
f 3926/4503/3924 2006/2178/1992 3942/4520/3940 3940/4518/3938
f 2001/2173/1987 3943/4521/3941 3941/4519/3939 3942/4520/3940
f 2006/2178/1992 2000/2172/1986 2001/2173/1987 3942/4520/3940
f 3945/4523/3943 3944/4522/3942 3941/4519/3939 3943/4521/3941
f 1997/2169/1983 3946/4524/3944 3945/4523/3943 3943/4521/3941
f 2001/2173/1987 1996/2168/1982 1997/2169/1983 3943/4521/3941
f 3948/4526/3946 3947/4525/3945 3945/4523/3943 3946/4524/3944
f 1994/2166/1980 3949/4527/3947 3948/4526/3946 3946/4524/3944
f 1997/2169/1983 1993/2165/1979 1994/2166/1980 3946/4524/3944
f 3951/4529/3949 3950/4528/3948 3948/4526/3946 3949/4527/3947
f 1990/2162/1976 3952/4530/3950 3951/4529/3949 3949/4527/3947
f 1994/2166/1980 1989/2161/1975 1990/2162/1976 3949/4527/3947
f 3954/4532/3952 3953/4531/3951 3951/4529/3949 3952/4530/3950
f 1304/1345/1240 1305/1346/1241 3954/4532/3952 3952/4530/3950
f 1990/2162/1976 1987/2159/1973 1304/1345/1240 3952/4530/3950
f 3956/4534/3954 3955/4533/3953 3953/4531/3951 3954/4532/3952
f 1305/1346/1241 1306/4535/3955 3956/4534/3954 3954/4532/3952
f 1686/1819/1670 1689/1822/1673 3955/4533/3953 3956/4534/3954
f 1306/4535/3955 1302/1343/1238 1686/1819/1670 3956/4534/3954
f 1689/1822/1673 3958/4537/3957 3957/4536/3956 3955/4533/3953
f 3957/4536/3956 3959/4538/3958 3953/4531/3951 3955/4533/3953
f 3957/4536/3956 3961/4540/3960 3960/4539/3959 3959/4538/3958
f 3950/4528/3948 3951/4529/3949 3953/4531/3951 3959/4538/3958
f 3960/4539/3959 3962/4541/3961 3950/4528/3948 3959/4538/3958
f 3960/4539/3959 3964/4543/3963 3963/4542/3962 3962/4541/3961
f 3947/4525/3945 3948/4526/3946 3950/4528/3948 3962/4541/3961
f 3963/4542/3962 3965/4544/3964 3947/4525/3945 3962/4541/3961
f 3963/4542/3962 3967/4546/3966 3966/4545/3965 3965/4544/3964
f 3944/4522/3942 3945/4523/3943 3947/4525/3945 3965/4544/3964
f 3966/4545/3965 3968/4547/3967 3944/4522/3942 3965/4544/3964
f 3966/4545/3965 1257/1277/1187 1258/1278/1188 3968/4547/3967
f 3939/4517/3937 3941/4519/3939 3944/4522/3942 3968/4547/3967
f 1258/1278/1188 1261/1281/1191 3939/4517/3937 3968/4547/3967
f 3970/4549/3969 1235/1247/1161 3969/4548/3968 3967/4546/3966
f 3963/4542/3962 3964/4543/3963 3970/4549/3969 3967/4546/3966
f 3969/4548/3968 1257/1277/1187 3966/4545/3965 3967/4546/3966
f 3971/4550/3970 1230/1242/1156 1235/1247/1161 3970/4549/3969
f 3964/4543/3963 3972/4551/3971 3971/4550/3970 3970/4549/3969
f 3974/4553/3973 3973/4552/3972 3971/4550/3970 3972/4551/3971
f 3961/4540/3960 3975/4554/3974 3974/4553/3973 3972/4551/3971
f 3964/4543/3963 3960/4539/3959 3961/4540/3960 3972/4551/3971
f 3976/4555/3975 1227/1238/1152 3974/4553/3973 3975/4554/3974
f 3958/4537/3957 1300/1340/1235 3976/4555/3975 3975/4554/3974
f 3961/4540/3960 3957/4536/3956 3958/4537/3957 3975/4554/3974
f 1292/4556/1227 1226/1237/1151 1227/1238/1152 3976/4555/3975
f 1300/1340/1235 159/1337/1226 1292/4556/1227 3976/4555/3975
f 1227/1238/1152 1219/1228/1144 3973/4552/3972 3974/4553/3973
f 1219/1228/1144 1220/1229/1145 1229/1241/1155 3973/4552/3972
f 1229/1241/1155 1230/1242/1156 3971/4550/3970 3973/4552/3972
f 1235/1247/1161 1233/1245/1159 3977/4557/3976 3969/4548/3968
f 3977/4557/3976 1256/1276/1186 1257/1277/1187 3969/4548/3968
f 1233/1245/1159 1234/1246/1160 3978/4558/3977 3977/4557/3976
f 3978/4558/3977 1260/1280/1190 1256/1276/1186 3977/4557/3976
f 3979/4559/3978 3936/4514/3934 1260/1280/1190 3978/4558/3977
f 1234/1246/1160 1246/4560/3979 3979/4559/3978 3978/4558/3977
f 1245/1264/1174 3934/4512/3932 3936/4514/3934 3979/4559/3978
f 1246/4560/3979 1244/1263/1173 1245/1264/1174 3979/4559/3978
f 1689/1822/1673 1299/1339/1234 1300/1340/1235 3958/4537/3957
f 1259/1279/1189 1260/1280/1190 3936/4514/3934 3937/4515/3935
f 1242/4511/1171 1236/1250/1163 1237/1251/1164 3931/4508/3929
f 1341/1386/1281 165/1379/1274 1998/2170/1984 2002/2174/1988
f 1336/1381/1276 1980/2152/1966 1982/2154/1968 1991/2163/1977
f 1336/1381/1276 1337/1382/1277 1978/2150/1964 1980/2152/1966
f 1337/1382/1277 1338/1383/1278 1976/2148/1962 1978/2150/1964
f 1338/1383/1278 1973/2145/1959 1974/2146/1960 1976/2148/1962
f 1876/2038/1862 1877/2039/1863 1966/2138/1952 1967/2139/1953
f 1702/1842/1688 1703/1843/1689 1955/2127/1941 1956/2128/1942
f 1404/1463/1353 1405/1464/1354 1702/1842/1688 1956/2128/1942
f 1880/2043/1866 1882/2046/1868 1935/2107/1921 1937/2109/1923
f 1882/2046/1868 1883/2047/1869 1886/2051/1872 1933/2103/1919
f 1886/2051/1872 1930/2098/1916 1931/2099/1917 1933/2103/1919
f 1886/2051/1872 1887/2052/1873 1891/4561/1877 1930/2098/1916
f 1891/4561/1877 1893/4562/1879 1928/2097/1914 1930/2098/1916
f 1893/2059/1879 1895/2061/1881 1926/2092/1912 1928/2094/1914
f 1895/2061/1881 1897/2063/1883 1925/2091/1911 1926/2092/1912
f 1897/2063/1883 1899/2065/1885 1919/2085/1905 1925/2091/1911
f 1363/1411/1306 1364/1412/1307 1372/1423/1318 1922/2088/1908
f 1899/2065/1885 1905/2071/1891 1915/2081/1901 1919/2085/1905
f 1359/1406/1301 1473/1559/1432 1474/1560/1433 1890/2056/1876
f 1885/2050/1871 1358/1405/1300 1359/1406/1301 1890/2056/1876
f 1764/1912/1750 1765/1913/1751 1856/2015/1842 1859/2018/1845
f 1765/1913/1751 1766/1914/1752 1855/2014/1841 1856/2015/1842
f 1776/1924/1762 1777/1925/1763 1779/1927/1765 1851/2010/1837
f 1206/1972/1128 1192/1194/1112 1193/1195/1113 1812/1966/1798
f 1193/1195/1113 1189/1196/1109 1797/1948/1783 1799/1949/1785
f 1180/1179/1098 1181/1180/1099 1155/1151/1070 1788/1936/1774
f 1058/1023/958 1059/1024/959 1080/1054/984 1750/1898/1736
f 1062/1030/964 1038/993/934 1745/1892/1731 1746/1893/1732
f 1083/1061/988 1084/1062/989 1732/1872/1718 1734/1874/1720
f 1087/1065/992 1076/1050/980 1079/1053/983 1724/1864/1710
f 1079/1053/983 1077/1051/981 1391/1449/1339 1721/1861/1707
f 1399/1458/1348 1464/1548/1421 1459/1543/1416 1719/1859/1705
f 1393/1451/1341 1396/1454/1344 1716/1856/1702 1717/1857/1703
f 1303/1344/1239 675/552/522 670/547/517 1688/1821/1672
f 1215/2784/1139 1216/4563/1140 212/1818/1669 1687/1820/1671
f 1216/4563/1140 1298/1338/1233 1299/1339/1234 212/1818/1669
f 1679/4565/1662 1152/1147/1066 1153/1148/1067 1682/4564/1665
f 128/1072/993 1093/1073/999 1681/1813/1664 1682/1814/1665
f 1153/1148/1067 1090/1069/996 128/1066/993 1682/4564/1665
f 1160/1156/1075 1152/1147/1066 1679/4565/1662 1680/1960/1663
f 1329/3609/1268 1325/4566/1264 1648/1774/1627 1649/1775/1628
f 1325/4566/1264 1326/2269/1265 1647/1773/1626 1648/1774/1627
f 967/907/852 953/895/840 950/892/837 1646/1772/1625
f 1641/1767/1620 960/899/844 961/900/845 1644/1770/1623
f 954/4567/841 945/1747/832 204/1740/1598 1627/1748/1604
f 1021/974/915 1022/975/916 1624/1743/1601 1625/1744/1602
f 1022/975/916 1023/976/917 1623/1742/1600 1624/1743/1601
f 841/764/713 774/667/634 772/665/632 1598/1708/1572
f 672/549/519 673/550/520 1584/1693/1557 1585/1694/1558
f 583/438/417 586/439/420 1581/1689/1553 1582/1690/1554
f 498/334/322 486/322/310 491/327/315 1561/1665/1531
f 1514/4472/1477 1515/4568/1478 454/277/271 1555/1657/1524
f 1545/1652/1513 458/281/275 438/258/252 1552/1651/1520
f 708/590/560 704/586/556 1543/1640/1510 1544/1641/1511
f 704/586/556 705/587/557 1542/1639/1509 1543/1640/1510
f 329/134/131 330/135/132 1529/1621/1494 1530/1622/1495
f 612/473/450 613/474/451 1526/1617/1490 1527/1618/1491
f 613/474/451 616/479/454 1525/1616/1489 1526/1617/1490
f 368/181/175 365/178/172 1523/4360/1487 1524/4492/1488
f 450/273/267 454/277/271 1515/4568/1478 1516/4149/1479
f 56/463/440 604/464/441 1497/1585/1458 1498/1586/1459
f 279/75/75 280/76/76 1494/1582/1455 1495/1583/1456
f 1483/1570/1443 269/64/64 270/65/65 1487/1574/1447
f 265/59/59 269/64/64 1483/1570/1443 1484/1571/1444
f 1359/1406/1301 1360/1407/1302 1468/1553/1426 1473/1559/1432
f 1399/1458/1348 174/1455/1345 1402/1461/1351 1464/1548/1421
f 1442/1522/1395 1433/1511/1387 1434/1512/1388 1448/1530/1403
f 1444/1526/1399 1441/1521/1394 1442/1522/1395 1448/1530/1403
f 1432/1510/1386 1433/1511/1387 1442/1522/1395 1443/1523/1396
f 1114/1101/1023 1115/1102/1024 1418/1490/1370 1421/1491/1373
f 754/3268/612 755/4569/613 1378/1434/1325 1381/1435/1328
f 987/931/876 993/938/883 1347/1393/1288 1351/1397/1292
f 993/938/883 994/939/884 1346/1392/1287 1347/1393/1288
f 1216/1224/1140 1217/1225/1141 1297/1335/1232 1298/1336/1233
f 1225/1235/1150 1226/1236/1151 1292/1328/1227 1293/1329/1228
f 1289/1324/1223 1265/1289/1197 1266/1290/1198 1291/1326/1225
f 1238/1252/1165 1222/1232/1147 1223/1233/1148 1248/1267/1177
f 1234/1246/1160 1231/1243/1157 1243/1262/1172 1246/4560/3979
f 1241/1258/1170 3980/4571/3980 1236/4570/1163 1242/1261/1171
f 1228/1240/1154 1229/1241/1155 1220/1229/1145 3980/4571/3980
f 1241/1258/1170 1232/1244/1158 1228/1240/1154 3980/4571/3980
f 1220/1229/1145 1221/1230/1146 1236/4570/1163 3980/4571/3980
f 1201/1207/1123 1194/1197/1114 1192/1198/1112 1206/1212/1128
f 1168/1166/1085 1169/1167/1086 1187/1187/1106 1188/1188/1107
f 1169/1167/1086 1172/1170/1089 1186/1186/1105 1187/1187/1106
f 1157/1153/1072 1151/1146/1065 1152/1147/1066 1160/1156/1075
f 1150/1145/1064 1151/1146/1065 1157/1153/1072 1158/1154/1073
f 1142/1136/1055 1135/1128/1047 1136/1129/1048 1144/1138/1057
f 1134/1127/1046 1135/1128/1047 1142/1136/1055 1143/1137/1056
f 1112/1099/1021 1113/1100/1022 1137/1130/1049 1138/1131/1050
f 1113/1100/1022 1120/1107/1029 1136/1129/1048 1137/1130/1049
f 1082/1060/987 1075/1049/979 1076/1050/980 1087/1065/992
f 1055/1017/953 1053/1018/951 1057/1022/957 1058/1023/958
f 1053/1018/951 1054/3540/952 1056/1021/956 1057/1022/957
f 1044/1003/941 1018/969/912 1015/965/909 1049/1008/946
f 1023/976/917 1018/969/912 1044/1003/941 1045/1004/942
f 1024/978/919 1017/967/911 1019/970/913 1028/982/923
f 1016/966/910 1017/967/911 1024/978/919 1025/979/920
f 1012/960/905 3981/4572/3981 500/337/325 1014/963/908
f 507/345/333 508/346/334 1013/962/907 1014/963/908
f 500/337/325 501/338/326 507/345/333 1014/963/908
f 899/831/779 900/832/780 3982/4573/3982 3981/4572/3981
f 1012/960/905 901/833/781 899/831/779 3981/4572/3981
f 3982/4573/3982 499/336/324 500/337/325 3981/4572/3981
f 900/832/780 383/198/192 376/191/185 3982/4573/3982
f 376/191/185 377/192/186 499/336/324 3982/4573/3982
f 992/937/882 988/932/877 991/935/880 997/4574/887
f 987/931/876 988/932/877 992/937/882 993/938/883
f 876/805/754 911/846/794 908/842/790 920/855/803
f 827/744/696 3983/4575/3983 833/753/704 834/754/705
f 3984/4576/3984 832/752/703 833/753/704 3983/4575/3983
f 803/711/670 804/712/671 3984/4578/3984 3983/4577/3983
f 827/744/696 807/716/674 803/717/670 3983/4575/3983
f 811/4579/679 814/756/682 832/752/703 3984/4576/3984
f 804/712/671 810/722/678 811/723/679 3984/4578/3984
f 820/748/688 819/4580/689 821/4086/3598 829/747/699
f 806/715/673 796/701/661 794/702/659 808/719/675
f 760/651/618 758/649/616 768/661/628 769/662/629
f 758/649/616 759/650/617 767/660/627 768/661/628
f 403/222/216 404/223/217 696/577/547 697/578/548
f 404/223/217 407/226/220 695/576/546 696/577/547
f 546/387/375 547/388/376 556/398/386 688/568/538
f 564/4133/395 635/502/476 60/499/473 636/503/477
f 626/492/466 596/451/431 594/449/429 631/497/471
f 311/114/111 312/115/112 607/467/444 608/468/445
f 578/426/411 579/427/412 588/443/423 597/457/433
f 579/427/412 580/428/413 587/442/422 588/443/423
f 581/436/415 576/424/409 577/425/410 585/435/419
f 552/394/382 553/395/383 560/403/391 561/404/392
f 530/367/355 531/368/356 535/2940/363 536/3011/364
f 487/4582/311 461/285/279 462/286/280 490/4581/314
f 460/284/278 461/285/279 487/4582/311 488/3367/312
f 392/209/203 393/210/204 444/265/259 445/266/260
f 431/249/243 432/250/244 440/261/255 441/262/256
f 402/221/215 399/217/211 400/218/212 406/225/219
f 401/219/213 399/217/211 402/221/215 403/222/216
f 295/93/93 296/94/94 354/165/160 355/166/161
f 342/150/147 338/145/142 339/146/143 346/154/151
f 268/63/63 266/60/60 267/61/61 272/67/67
f 265/59/59 266/60/60 268/63/63 269/64/64
f 251/44/44 236/26/26 237/27/27 257/50/50
f 238/28/28 236/26/26 251/44/44 252/45/45
f 230/19/19 220/7/7 215/2/2 232/4583/21
f 423/3350/3016 422/3357/3023 421/3352/3018 420/3349/3015
f 528/370/358 527/2937/2664 529/369/357 46/366/354
f 748/638/605 747/3061/2773 749/3062/2774 76/637/604
f 816/733/685 821/4086/3598 819/4580/689 87/732/683
f 958/2492/2266 957/2501/2275 956/2494/2268 955/2493/2267
f 1244/1263/1173 1246/4560/3979 1243/1262/1172 151/1254/1167
f 1302/1343/1238 1306/4535/3955 1305/1346/1241 160/1341/1236
f 169/1416/1311 185/1417/1312 1481/1567/1440 1371/1421/1316
f 3989/4587/3985 3994/4586/3985 3993/4585/3985 3985/4584/3985
f 3993/4585/3985 3996/4589/3985 3995/4588/3985 3985/4584/3985
f 3995/4593/3985 3997/4592/3985 3989/4591/3985 3985/4590/3985
f 3995/4588/3985 3996/4589/3985 3998/4595/3985 3986/4594/3985
f 3990/4597/3985 3997/4592/3985 3995/4593/3985 3986/4596/3985
f 3998/4595/3985 3999/4599/3985 3990/4598/3985 3986/4594/3985
f 4000/4601/3985 3996/4589/3985 3993/4585/3985 3987/4600/3985
f 3991/4605/3985 4001/4604/3985 4000/4603/3985 3987/4602/3985
f 3993/4585/3985 3994/4586/3985 3991/4606/3985 3987/4600/3985
f 3998/4595/3985 3996/4589/3985 4000/4601/3985 3988/4607/3985
f 3992/4608/3985 3999/4599/3985 3998/4595/3985 3988/4607/3985
f 4000/4603/3985 4001/4604/3985 3992/4610/3985 3988/4609/3985
f 3997/4612/3985 4002/4611/3985 3994/4586/3985 3989/4587/3985
f 3999/4614/3985 4002/4611/3985 3997/4612/3985 3990/4613/3985
f 3994/4586/3985 4002/4611/3985 4001/4615/3985 3991/4606/3985
f 4001/4615/3985 4002/4611/3985 3999/4614/3985 3992/4616/3985
f 4007/4620/3985 4012/4619/3985 4011/4618/3985 4003/4617/3985
f 4011/4618/3985 4014/4622/3985 4013/4621/3985 4003/4617/3985
f 4013/4626/3985 4015/4625/3985 4007/4624/3985 4003/4623/3985
f 4008/4628/3985 4015/4625/3985 4013/4626/3985 4004/4627/3985
f 4013/4621/3985 4014/4622/3985 4016/4630/3985 4004/4629/3985
f 4016/4630/3985 4017/4632/3985 4008/4631/3985 4004/4629/3985
f 4009/4636/3985 4019/4635/3985 4018/4634/3985 4005/4633/3985
f 4018/4638/3985 4014/4622/3985 4011/4618/3985 4005/4637/3985
f 4011/4618/3985 4012/4619/3985 4009/4639/3985 4005/4637/3985
f 4016/4630/3985 4014/4622/3985 4018/4638/3985 4006/4640/3985
f 4010/4641/3985 4017/4632/3985 4016/4630/3985 4006/4640/3985
f 4018/4634/3985 4019/4635/3985 4010/4643/3985 4006/4642/3985
f 4015/4647/3985 4020/4646/3985 4012/4645/3985 4007/4644/3985
f 4017/4632/3985 4020/4646/3985 4015/4647/3985 4008/4631/3985
f 4012/4645/3985 4020/4646/3985 4019/4649/3985 4009/4648/3985
f 4019/4649/3985 4020/4646/3985 4017/4632/3985 4010/4641/3985
f 4025/4653/3985 4030/4652/3985 4029/4651/3985 4021/4650/3985
f 4029/4651/3985 4032/4655/3985 4031/4654/3985 4021/4650/3985
f 4031/4659/3985 4033/4658/3985 4025/4657/3985 4021/4656/3985
f 4026/4661/3985 4033/4658/3985 4031/4659/3985 4022/4660/3985
f 4031/4654/3985 4032/4655/3985 4034/4663/3985 4022/4662/3985
f 4034/4667/3985 4035/4666/3985 4026/4665/3985 4022/4664/3985
f 4027/4671/3985 4037/4670/3985 4036/4669/3985 4023/4668/3985
f 4036/4673/3985 4032/4655/3985 4029/4651/3985 4023/4672/3985
f 4029/4651/3985 4030/4652/3985 4027/4674/3985 4023/4672/3985
f 4034/4663/3985 4032/4655/3985 4036/4673/3985 4024/4675/3985
f 4028/4677/3985 4035/4666/3985 4034/4667/3985 4024/4676/3985
f 4036/4669/3985 4037/4670/3985 4028/4679/3985 4024/4678/3985
f 4033/4681/3985 4038/4680/3985 4030/4652/3985 4025/4653/3985
f 4035/4666/3985 4038/4680/3985 4033/4681/3985 4026/4665/3985
f 4030/4652/3985 4038/4680/3985 4037/4682/3985 4027/4674/3985
f 4037/4682/3985 4038/4680/3985 4035/4666/3985 4028/4677/3985
f 4043/4686/3985 4048/4685/3985 4047/4684/3985 4039/4683/3985
f 4047/4684/3985 4050/4688/3985 4049/4687/3985 4039/4683/3985
f 4049/4692/3985 4051/4691/3985 4043/4690/3985 4039/4689/3985
f 4044/4694/3985 4051/4691/3985 4049/4692/3985 4040/4693/3985
f 4049/4698/3985 4050/4697/3985 4052/4696/3985 4040/4695/3985
f 4052/4696/3985 4053/4700/3985 4044/4699/3985 4040/4695/3985
f 4045/4704/3985 4055/4703/3985 4054/4702/3985 4041/4701/3985
f 4054/4706/3985 4050/4688/3985 4047/4684/3985 4041/4705/3985
f 4047/4684/3985 4048/4685/3985 4045/4707/3985 4041/4705/3985
f 4052/4696/3985 4050/4697/3985 4054/4709/3985 4042/4708/3985
f 4046/4710/3985 4053/4700/3985 4052/4696/3985 4042/4708/3985
f 4054/4702/3985 4055/4703/3985 4046/4712/3985 4042/4711/3985
f 4051/4714/3985 4056/4713/3985 4048/4685/3985 4043/4686/3985
f 4053/4700/3985 4056/4713/3985 4051/4714/3985 4044/4699/3985
f 4048/4685/3985 4056/4713/3985 4055/4715/3985 4045/4707/3985
f 4055/4715/3985 4056/4713/3985 4053/4700/3985 4046/4710/3985

