# WaveFront *.obj file (generated by Cinema 4D)

mtllib ./entityCreatorOne_0021.mtl

v -0.545892 -0.204027 -0.202279
v -0.542594 -0.227702 -0.198423
v -0.545770 -0.210183 -0.195071
v -0.541605 -0.227631 -0.203008
v -0.540147 -0.216922 -0.210320
v -0.544315 -0.216773 -0.211244
v -0.545178 -0.204814 -0.206904
v -0.545113 -0.220392 -0.193576
v -0.546694 -0.204818 -0.202485
v -0.545975 -0.204503 -0.205177
v -0.545133 -0.204044 -0.204040
v -0.544170 -0.205598 -0.202256
v -0.545546 -0.205110 -0.200204
v -0.546683 -0.206261 -0.199622
v -0.542754 -0.227833 -0.200274
v -0.544104 -0.226253 -0.199488
v -0.543743 -0.226061 -0.196959
v -0.542757 -0.225007 -0.196294
v -0.541856 -0.226721 -0.198455
v -0.541397 -0.227786 -0.201095
v -0.546307 -0.208147 -0.196705
v -0.544968 -0.207626 -0.197787
v -0.544622 -0.210581 -0.195502
v -0.546138 -0.212573 -0.194280
v -0.547007 -0.210873 -0.196469
v -0.544674 -0.214216 -0.194176
v -0.542573 -0.227290 -0.203192
v -0.540877 -0.226126 -0.204981
v -0.542296 -0.225292 -0.206039
v -0.540565 -0.225624 -0.202497
v -0.539953 -0.219748 -0.209357
v -0.539660 -0.218529 -0.206862
v -0.540031 -0.215249 -0.208814
v -0.541130 -0.215963 -0.211453
v -0.541310 -0.219179 -0.210814
v -0.541366 -0.212703 -0.210161
v -0.544561 -0.214042 -0.211109
v -0.545980 -0.214549 -0.208773
v -0.544924 -0.218319 -0.209452
v -0.543474 -0.220789 -0.209507
v -0.542872 -0.218092 -0.211543
v -0.542945 -0.214620 -0.211795
v -0.545059 -0.206905 -0.208443
v -0.543523 -0.207670 -0.208721
v -0.544121 -0.205351 -0.206452
v -0.546426 -0.206724 -0.206347
v -0.546056 -0.219914 -0.194538
v -0.546256 -0.216341 -0.194228
v -0.545011 -0.217685 -0.193344
v -0.543413 -0.219930 -0.194506
v -0.544184 -0.222432 -0.194307
v -0.544955 -0.223415 -0.195683
v -0.545738 -0.222963 -0.198262
v -0.546760 -0.219074 -0.197385
v -0.545875 -0.221917 -0.202116
v -0.547178 -0.217511 -0.201089
v -0.547614 -0.213074 -0.200315
v -0.547274 -0.214647 -0.196572
v -0.547484 -0.208917 -0.199615
v -0.547399 -0.211431 -0.204199
v -0.547243 -0.207575 -0.203284
v -0.546360 -0.210515 -0.207753
v -0.546786 -0.216024 -0.205305
v -0.544939 -0.210202 -0.209969
v -0.543057 -0.211109 -0.210785
v -0.541842 -0.209737 -0.207839
v -0.540663 -0.212635 -0.205927
v -0.541762 -0.210280 -0.202793
v -0.542880 -0.207087 -0.204886
v -0.543377 -0.208317 -0.199756
v -0.541275 -0.214119 -0.200287
v -0.542881 -0.212123 -0.197489
v -0.541292 -0.218487 -0.198253
v -0.543011 -0.216049 -0.195471
v -0.541983 -0.222178 -0.196629
v -0.540226 -0.220614 -0.201402
v -0.540791 -0.224400 -0.199669
v -0.539757 -0.222443 -0.204750
v -0.540395 -0.223021 -0.207228
v -0.540014 -0.216603 -0.203784
v -0.541607 -0.222594 -0.208939
v -0.543913 -0.223408 -0.206455
v -0.544349 -0.225150 -0.202729
v -0.545710 -0.220064 -0.205996
v -0.343523 -0.434061 -0.067427
v -0.343526 -0.434068 -0.067422
v -0.343788 -0.434302 -0.066244
v -0.343524 -0.434044 -0.067407
v -0.343784 -0.434252 -0.066192
v -0.343524 -0.434074 -0.067433
v -0.343774 -0.434240 -0.066185
v -0.343775 -0.434271 -0.066199
v -0.343770 -0.434221 -0.066152
v -0.343515 -0.433990 -0.067342
v -0.343779 -0.434221 -0.066152
v -0.343781 -0.434296 -0.066239
v -0.343526 -0.434048 -0.067404
v -0.343782 -0.434273 -0.066221
v -0.343514 -0.434032 -0.067395
v -0.343786 -0.434281 -0.066212
v -0.343517 -0.434044 -0.067388
v -0.343783 -0.434302 -0.066235
v -0.343515 -0.434008 -0.067369
v -0.343518 -0.434013 -0.067360
v -0.343507 -0.433994 -0.067347
v -0.343775 -0.434218 -0.066156
v -0.343772 -0.434254 -0.066191
v -0.343776 -0.434243 -0.066170
v -0.343508 -0.434011 -0.067356
v -0.343515 -0.434051 -0.067403
v -0.343509 -0.433985 -0.067330
v -0.089872 -0.579311 -0.200659
v -0.085057 -0.568870 -0.212966
v -0.087743 -0.573187 -0.200608
v -0.084666 -0.584515 -0.199561
v -0.079049 -0.577939 -0.214696
v -0.078566 -0.575961 -0.204091
v -0.079503 -0.585002 -0.205531
v -0.082727 -0.570800 -0.216232
v -0.089043 -0.579655 -0.202546
v -0.089745 -0.576743 -0.203905
v -0.089702 -0.576935 -0.200853
v -0.088524 -0.580464 -0.199318
v -0.088064 -0.582168 -0.201217
v -0.088877 -0.578055 -0.199098
v -0.086024 -0.570212 -0.213094
v -0.084068 -0.570278 -0.215057
v -0.083716 -0.569198 -0.214377
v -0.085552 -0.569026 -0.210766
v -0.087021 -0.570304 -0.209757
v -0.083134 -0.569086 -0.211715
v -0.088178 -0.575061 -0.199520
v -0.089373 -0.574246 -0.201768
v -0.087814 -0.571907 -0.202592
v -0.085797 -0.571224 -0.203565
v -0.085640 -0.573131 -0.200638
v -0.086273 -0.576011 -0.199065
v -0.085965 -0.583698 -0.199904
v -0.086782 -0.581970 -0.198644
v -0.084104 -0.582863 -0.198743
v -0.082792 -0.585073 -0.201025
v -0.084666 -0.584812 -0.202328
v -0.081988 -0.583764 -0.200481
v -0.080204 -0.578751 -0.213960
v -0.079414 -0.581116 -0.211873
v -0.077917 -0.578978 -0.212715
v -0.078160 -0.576174 -0.213428
v -0.079253 -0.575562 -0.215257
v -0.081310 -0.575836 -0.215572
v -0.078008 -0.574913 -0.206441
v -0.077445 -0.577903 -0.206633
v -0.078216 -0.578208 -0.203391
v -0.080548 -0.577795 -0.201221
v -0.080085 -0.574833 -0.202718
v -0.080175 -0.572917 -0.205728
v -0.080405 -0.584395 -0.207535
v -0.082219 -0.584914 -0.204963
v -0.081141 -0.585435 -0.203571
v -0.078617 -0.583733 -0.205993
v -0.078374 -0.582716 -0.208838
v -0.079604 -0.583954 -0.202935
v -0.081908 -0.572753 -0.216090
v -0.080454 -0.572725 -0.215704
v -0.081684 -0.570345 -0.215163
v -0.084235 -0.572830 -0.215054
v -0.086224 -0.572836 -0.212266
v -0.086244 -0.576470 -0.211172
v -0.083466 -0.576127 -0.213858
v -0.085116 -0.580005 -0.209204
v -0.082762 -0.579641 -0.212292
v -0.084034 -0.583115 -0.207206
v -0.081274 -0.582410 -0.209835
v -0.087737 -0.580122 -0.205895
v -0.086083 -0.582874 -0.203892
v -0.088143 -0.576508 -0.207391
v -0.088232 -0.573121 -0.208894
v -0.089029 -0.573416 -0.204922
v -0.087910 -0.571013 -0.206166
v -0.085539 -0.569690 -0.207038
v -0.083052 -0.569987 -0.208315
v -0.082743 -0.571476 -0.204461
v -0.083049 -0.573898 -0.201575
v -0.080216 -0.571370 -0.209223
v -0.078399 -0.573929 -0.210085
v -0.081009 -0.570592 -0.212878
v -0.078988 -0.573038 -0.213275
v -0.077195 -0.576992 -0.210054
v -0.077512 -0.580235 -0.209821
v -0.077419 -0.581001 -0.206226
v -0.078900 -0.581396 -0.203104
v -0.080866 -0.580904 -0.200355
v -0.083899 -0.580198 -0.198792
v -0.083158 -0.576779 -0.199542
v -0.086414 -0.579020 -0.198219
v -0.163570 -0.086163 -0.075838
v -0.200478 -0.059878 -0.008341
v -0.065047 -0.074854 -0.129270
v -0.182191 0.078749 -0.048293
v -0.175247 0.092194 -0.051747
v -0.183473 0.089446 -0.038117
v -0.163803 0.066033 -0.083225
v -0.065858 0.006121 -0.141503
v -0.010778 0.085123 -0.124158
v -0.059823 0.189714 -0.053181
v -0.005986 -0.000943 -0.172615
v -0.023140 0.144251 -0.094239
v -0.028099 0.164663 -0.082999
v -0.007662 -0.228900 0.249497
v -0.177108 -0.151576 0.259329
v -0.165978 -0.087846 0.303077
v -0.223995 0.015889 0.240505
v -0.210891 0.004005 0.033386
v -0.074734 0.218597 0.251572
v -0.231656 0.068940 0.288036
v -0.232388 0.071331 0.285408
v -0.168829 0.062720 0.317464
v -0.135327 -0.016144 0.317531
v -0.132503 0.124760 0.296799
v -0.054238 0.179462 0.299860
v 0.011852 -0.017732 -0.174310
v 0.017346 -0.163374 -0.081081
v 0.011961 -0.144483 -0.094520
v 0.031785 -0.111340 -0.116355
v 0.035968 -0.182090 -0.057798
v 0.074558 -0.004742 -0.141493
v 0.154785 -0.074778 -0.087687
v 0.171634 -0.084129 -0.063689
v 0.177224 -0.071958 -0.060554
v 0.178884 -0.083165 -0.050662
v 0.091697 0.059882 -0.120889
v 0.133811 0.093681 -0.105253
v 0.154945 0.098352 -0.092654
v 0.196461 0.078763 -0.007261
v 0.068342 -0.225129 0.241000
v 0.206631 -0.001093 0.017977
v 0.225968 -0.001688 0.251335
v 0.028085 -0.188966 0.300957
v 0.123394 -0.132287 0.293429
v 0.136063 0.003127 0.320582
v 0.181214 -0.068766 0.316200
v 0.235754 -0.061109 0.293414
v 0.234668 -0.058779 0.295528
v 0.020636 0.232238 0.220930
v 0.080462 0.031343 0.326269
v 0.150219 0.094074 0.313208
v 0.188879 0.152481 0.263292
v -0.159087 -0.179718 0.200776
v 0.168461 0.184858 0.225369
v -0.093904 -0.050547 -0.124811
v -0.013159 -0.046471 -0.164727
v -0.140787 0.102675 -0.076802
v -0.152413 -0.183144 0.184870
v -0.163715 -0.175083 0.187117
v -0.105424 -0.199072 0.168262
v -0.079628 -0.205135 0.210064
v -0.016693 -0.211626 0.064567
v -0.073536 -0.158468 0.290034
v -0.051322 -0.015413 0.328521
v -0.060403 0.243542 0.213000
v -0.061020 0.233558 0.245593
v 0.008984 0.223317 0.090955
v 0.133569 -0.106940 -0.075208
v 0.028206 0.008868 -0.165200
v 0.056009 -0.238117 0.231968
v 0.064647 -0.239371 0.209447
v 0.103600 0.202334 0.212583
v 0.108474 0.202592 0.176628
v 0.165119 0.186290 0.214680
v 0.172636 0.175678 0.201132
v 0.043796 0.155940 0.300918
v -0.165855 -0.073699 -0.079078
v -0.175011 -0.077460 -0.064274
v -0.168435 -0.091812 -0.064208
v -0.157610 -0.102752 -0.065837
v -0.153321 -0.091037 -0.080886
v -0.151983 -0.073898 -0.090010
v -0.197853 -0.054304 -0.022223
v -0.201948 -0.038963 -0.011684
v -0.203850 -0.052111 0.004807
v -0.197801 -0.071915 -0.005728
v -0.193455 -0.069947 -0.025235
v -0.202116 -0.068142 0.014945
v -0.105536 -0.084357 -0.107944
v -0.078421 -0.099449 -0.111489
v -0.046850 -0.055720 -0.146011
v -0.062128 -0.031350 -0.144032
v -0.188096 0.088699 -0.021517
v -0.192288 0.071864 -0.025342
v -0.194757 0.050485 -0.029959
v -0.185139 0.057499 -0.053955
v -0.173926 0.062593 -0.071976
v -0.169938 0.080142 -0.067577
v -0.163406 0.096741 -0.062000
v -0.176508 0.099189 -0.041008
v -0.164041 0.109442 -0.047513
v -0.179805 0.103548 -0.022936
v -0.158402 0.053711 -0.090697
v -0.142297 0.067941 -0.096372
v -0.155217 0.079861 -0.082205
v -0.037512 -0.002288 -0.157982
v -0.022576 0.015851 -0.158882
v -0.037192 0.033597 -0.144839
v -0.038705 -0.025023 -0.158629
v -0.052699 0.062458 -0.129156
v -0.085440 0.039871 -0.127013
v -0.116001 0.022160 -0.118537
v -0.103393 -0.010264 -0.125244
v -0.005451 0.047883 -0.144564
v -0.045523 0.113130 -0.108404
v -0.075173 0.088516 -0.113682
v 0.028556 0.044931 -0.144194
v 0.039997 0.075551 -0.126199
v 0.010817 0.122617 -0.105258
v -0.069566 0.182641 -0.056358
v -0.058698 0.177027 -0.068612
v -0.049441 0.187707 -0.059132
v -0.060286 0.195204 -0.039496
v -0.075371 0.188764 -0.038983
v -0.044912 0.196277 -0.043132
v -0.008301 -0.009445 -0.173095
v 0.002968 -0.009375 -0.174752
v 0.003286 0.000678 -0.172727
v -0.012319 0.005104 -0.167989
v -0.020388 -0.007118 -0.168116
v 0.001280 0.011143 -0.167935
v -0.052731 0.153132 -0.087028
v -0.071563 0.130733 -0.094565
v -0.043552 0.170645 -0.077635
v 0.027521 0.147659 -0.086868
v 0.000341 0.162326 -0.079861
v -0.017431 0.175471 -0.072059
v -0.034442 0.183049 -0.065803
v -0.018818 -0.224304 0.247759
v -0.015207 -0.218214 0.262647
v -0.001763 -0.226058 0.258771
v 0.008911 -0.232280 0.250044
v -0.001899 -0.233150 0.239862
v -0.015640 -0.229724 0.231798
v -0.177113 -0.156776 0.248411
v -0.185081 -0.146703 0.246991
v -0.181849 -0.142709 0.262034
v -0.173625 -0.140712 0.272714
v -0.169171 -0.153019 0.264845
v -0.166758 -0.162425 0.251563
v -0.176577 -0.088047 0.295645
v -0.175680 -0.069073 0.298435
v -0.159499 -0.074623 0.306878
v -0.159173 -0.100165 0.302191
v -0.172577 -0.105050 0.293428
v -0.144103 -0.089034 0.309104
v -0.218313 -0.017486 0.239301
v -0.222371 -0.023050 0.206748
v -0.226098 0.005510 0.201750
v -0.228053 0.031476 0.192291
v -0.228844 0.040738 0.224996
v -0.230509 0.053186 0.249713
v -0.226850 0.039391 0.262431
v -0.218439 0.033401 0.279738
v -0.213791 0.010660 0.270403
v -0.208789 -0.016798 0.266798
v -0.206194 -0.020554 0.006302
v -0.200654 -0.006724 -0.020672
v -0.203210 0.017264 -0.006774
v -0.202808 0.043774 -0.000535
v -0.209529 0.038569 0.035207
v -0.213115 -0.026472 0.054923
v -0.208212 -0.040234 0.026077
v -0.217795 0.011138 0.079599
v -0.218480 -0.017333 0.091535
v -0.215549 0.040216 0.074337
v -0.091965 0.200724 0.257677
v -0.102754 0.204983 0.234160
v -0.087909 0.220154 0.228529
v -0.069477 0.232058 0.238022
v -0.058106 0.226646 0.255478
v -0.048406 0.217321 0.269491
v -0.064112 0.207434 0.272746
v -0.079249 0.193273 0.277658
v -0.231121 0.063941 0.284767
v -0.232645 0.068926 0.279389
v -0.228738 0.075354 0.285853
v -0.227305 0.070596 0.291034
v -0.225369 0.062538 0.291355
v -0.229571 0.076318 0.276142
v -0.181644 0.057784 0.313880
v -0.185345 0.072210 0.310215
v -0.166950 0.075452 0.314642
v -0.145002 0.072432 0.318831
v -0.155292 0.054059 0.320100
v -0.171435 0.041713 0.315748
v -0.171317 -0.016416 0.304577
v -0.179933 0.011991 0.306073
v -0.155670 0.019099 0.316919
v -0.132830 0.037822 0.322888
v -0.100724 0.014165 0.325606
v -0.148736 -0.051820 0.311788
v -0.172696 -0.045251 0.301397
v -0.096582 -0.045904 0.322160
v -0.124294 -0.071122 0.315453
v -0.147815 0.140986 0.272559
v -0.126742 0.162150 0.268240
v -0.110265 0.153174 0.289313
v -0.165519 0.110885 0.293072
v -0.171831 0.124008 0.273250
v -0.086050 0.147223 0.303818
v -0.097592 0.120349 0.311111
v -0.137900 0.095785 0.311783
v -0.165232 0.092584 0.306803
v -0.106303 0.091186 0.319164
v -0.065675 0.185512 0.291939
v -0.051818 0.196859 0.287559
v -0.040802 0.184610 0.297931
v -0.055922 0.165610 0.305287
v -0.075633 0.169276 0.297475
v -0.033653 0.167331 0.306245
v 0.003244 -0.019481 -0.174395
v 0.007291 -0.029979 -0.171660
v 0.018175 -0.023907 -0.171045
v 0.025428 -0.013948 -0.169719
v 0.013940 -0.009920 -0.173587
v 0.007438 -0.172895 -0.069269
v 0.023870 -0.179292 -0.063234
v 0.032423 -0.168840 -0.074435
v -0.010237 -0.161106 -0.077642
v 0.041699 -0.152961 -0.084659
v -0.020851 -0.128665 -0.105481
v -0.036201 -0.147780 -0.085047
v -0.007616 -0.103574 -0.125058
v 0.060713 -0.131316 -0.094703
v 0.025539 -0.080135 -0.139713
v -0.002560 -0.079567 -0.143437
v 0.087141 -0.111819 -0.098854
v 0.067020 -0.092311 -0.119447
v 0.052858 -0.069040 -0.138398
v 0.019296 -0.187983 -0.045009
v 0.037382 -0.188259 -0.043001
v 0.046092 -0.175182 -0.062868
v 0.054423 -0.182304 -0.044543
v 0.058353 -0.031896 -0.149293
v 0.076721 -0.052533 -0.134993
v 0.098941 -0.033339 -0.128284
v 0.123894 -0.017591 -0.115712
v 0.107982 0.014796 -0.122619
v 0.045893 -0.002761 -0.158353
v 0.039696 -0.020659 -0.161558
v 0.058864 0.029222 -0.142506
v 0.165438 -0.072766 -0.077611
v 0.162891 -0.055358 -0.084558
v 0.148049 -0.062787 -0.095892
v 0.132274 -0.075555 -0.100372
v 0.146771 -0.086623 -0.085315
v 0.161807 -0.086575 -0.073443
v 0.158076 -0.099809 -0.061931
v 0.172122 -0.091992 -0.054222
v 0.176331 -0.049908 -0.066725
v 0.187060 -0.066544 -0.038277
v 0.187863 -0.044261 -0.043614
v 0.183630 -0.083798 -0.034659
v 0.174800 -0.098043 -0.036055
v 0.120804 0.083724 -0.110135
v 0.114519 0.103517 -0.103468
v 0.086790 0.100653 -0.107836
v 0.049316 0.109471 -0.109018
v 0.133206 0.104816 -0.099810
v 0.145023 0.090511 -0.101548
v 0.146375 0.101853 -0.096347
v 0.139429 0.075430 -0.104783
v 0.156174 0.088708 -0.093968
v 0.165014 0.090613 -0.082177
v 0.159036 0.102648 -0.083536
v 0.148977 0.110936 -0.085920
v 0.194413 0.073430 -0.019851
v 0.199319 0.059534 -0.007435
v 0.199987 0.072283 0.006024
v 0.192860 0.089899 -0.006440
v 0.189239 0.087614 -0.024954
v 0.197047 0.086889 0.013425
v 0.052645 -0.233615 0.242208
v 0.043399 -0.227834 0.256693
v 0.056821 -0.217837 0.262317
v 0.064004 -0.235826 0.226477
v 0.070739 -0.203016 0.269575
v 0.084213 -0.208076 0.249236
v 0.205527 -0.036502 0.020111
v 0.212576 -0.040154 0.058283
v 0.215451 -0.011131 0.062571
v 0.196660 -0.011509 -0.021480
v 0.197275 -0.039443 -0.014667
v 0.200667 0.026362 -0.008381
v 0.192554 0.014903 -0.035278
v 0.210460 0.027765 0.039125
v 0.204506 0.044202 0.012165
v 0.217032 0.016580 0.073845
v 0.214441 0.004201 0.277677
v 0.209892 0.033172 0.273243
v 0.219718 0.033020 0.248971
v 0.232508 -0.027241 0.238723
v 0.233893 -0.040882 0.261181
v 0.228916 -0.026805 0.271771
v 0.219139 -0.020381 0.286747
v 0.223857 0.038380 0.219796
v 0.228678 0.009289 0.216579
v 0.232056 -0.016951 0.209111
v 0.017840 -0.195104 0.296567
v 0.008576 -0.181167 0.303066
v 0.026598 -0.176706 0.306170
v 0.045709 -0.177026 0.302458
v 0.039844 -0.192789 0.295726
v 0.029968 -0.203938 0.288925
v 0.086997 -0.130292 0.308560
v 0.093151 -0.099999 0.318228
v 0.127682 -0.102010 0.310570
v 0.157800 -0.098226 0.305872
v 0.158081 -0.116955 0.289956
v 0.101312 -0.161680 0.284441
v 0.076370 -0.157587 0.300186
v 0.164904 -0.129737 0.267949
v 0.139976 -0.147469 0.267107
v 0.118565 -0.169273 0.262157
v 0.112461 -0.034349 0.325401
v 0.066279 -0.020402 0.329087
v 0.162740 -0.030085 0.318924
v 0.144944 -0.050973 0.321925
v 0.174486 0.006093 0.309683
v 0.185699 -0.021525 0.311130
v 0.146981 0.043185 0.316445
v 0.174169 0.037009 0.306428
v 0.117015 0.062261 0.320975
v 0.181045 -0.079288 0.311991
v 0.160948 -0.079372 0.315290
v 0.167827 -0.062647 0.318874
v 0.192155 -0.063061 0.314201
v 0.196999 -0.074583 0.309056
v 0.180824 -0.049864 0.317002
v 0.233823 -0.053466 0.292449
v 0.235953 -0.058381 0.288024
v 0.233930 -0.065382 0.285756
v 0.232724 -0.064843 0.294099
v 0.230698 -0.060265 0.298317
v 0.227837 -0.051944 0.298141
v 0.033562 0.227671 0.218172
v 0.030670 0.223659 0.236211
v 0.014581 0.230836 0.233044
v 0.013614 0.235363 0.210148
v 0.029425 0.230766 0.198804
v 0.001907 0.236354 0.224118
v 0.011787 -0.016147 0.330802
v 0.017970 0.031947 0.329868
v 0.062326 0.079523 0.323309
v 0.099666 0.091597 0.319192
v 0.015647 0.076064 0.326681
v 0.138682 0.082371 0.316775
v 0.126782 0.102166 0.314921
v 0.146595 0.108497 0.310431
v 0.163034 0.109193 0.304432
v 0.163207 0.090523 0.308740
v 0.157184 0.070240 0.312450
v 0.189012 0.156863 0.253765
v 0.194711 0.145902 0.251799
v 0.192049 0.143040 0.265246
v 0.185120 0.143015 0.275163
v 0.182975 0.154900 0.268367
v 0.181745 0.163566 0.257765
v -0.161982 -0.176109 0.215928
v -0.148730 -0.182359 0.216073
v -0.149071 -0.184818 0.197367
v -0.171703 -0.168707 0.210541
v 0.171400 0.181686 0.218038
v 0.176734 0.176610 0.230120
v 0.169656 0.181816 0.234790
v 0.159819 0.186168 0.234246
v 0.161779 0.187850 0.222138
v -0.037973 -0.091846 -0.129289
v -0.026902 -0.071209 -0.145517
v -0.050708 -0.114380 -0.110472
v -0.133781 -0.019269 -0.110816
v -0.129112 -0.049914 -0.109010
v -0.131709 -0.077246 -0.099869
v -0.018269 -0.036784 -0.166813
v -0.031115 -0.043533 -0.158591
v -0.018322 -0.055902 -0.158002
v -0.000954 -0.060348 -0.156892
v -0.001704 -0.046074 -0.165813
v -0.005568 -0.033594 -0.170360
v -0.145234 0.121389 -0.054946
v -0.121624 0.087210 -0.097492
v -0.096157 0.108587 -0.098041
v -0.113282 0.124244 -0.079520
v -0.123547 0.138177 -0.059011
v -0.132492 -0.190707 0.186959
v -0.142140 -0.186408 0.168726
v -0.154921 -0.177781 0.159130
v -0.168126 -0.165242 0.150042
v -0.175957 -0.161889 0.179166
v -0.181970 -0.156882 0.204894
v -0.130507 -0.188467 0.211927
v -0.106430 -0.196084 0.207131
v -0.073328 -0.210454 0.177287
v -0.125600 -0.190712 0.144018
v -0.086142 -0.203375 0.126592
v -0.109599 -0.193018 0.109515
v -0.054772 -0.214620 0.216423
v -0.047483 -0.219983 0.188553
v -0.107607 -0.187848 0.236408
v -0.081646 -0.196163 0.238871
v -0.057043 -0.206379 0.241706
v -0.052487 -0.200809 0.048152
v -0.068815 -0.203709 0.087687
v -0.040731 -0.214341 0.105780
v 0.018913 -0.213139 0.052935
v 0.016333 -0.204678 0.014175
v -0.012722 -0.201897 0.015246
v -0.042405 -0.193841 0.007957
v 0.003784 -0.223220 0.104869
v 0.029374 -0.221531 0.089942
v -0.017576 -0.224172 0.130977
v -0.089081 -0.125932 0.305204
v -0.056744 -0.114200 0.315327
v -0.041794 -0.144988 0.306662
v -0.024223 -0.169636 0.300250
v -0.044254 -0.180984 0.285043
v -0.109839 -0.155629 0.282201
v -0.118572 -0.132317 0.297112
v -0.053914 -0.195049 0.264787
v -0.080001 -0.181783 0.264489
v -0.033210 -0.065289 0.326870
v -0.073360 -0.080834 0.320841
v -0.081566 0.049573 0.327363
v -0.036287 0.036147 0.329844
v -0.067826 0.239767 0.216361
v -0.068593 0.239362 0.198228
v -0.057553 0.243416 0.199719
v -0.046564 0.244692 0.206662
v -0.054244 0.243553 0.220783
v -0.061926 0.239681 0.229718
v -0.054100 0.238125 0.240183
v -0.045533 0.233003 0.251006
v 0.007563 0.214721 0.041510
v 0.036451 0.206893 0.032963
v 0.043356 0.212914 0.073363
v 0.055451 0.215550 0.111212
v 0.028124 0.225407 0.128882
v -0.023057 0.225544 0.082345
v -0.019827 0.218179 0.042295
v 0.139828 -0.124210 -0.046925
v 0.160259 -0.111055 -0.040930
v 0.112702 -0.092855 -0.099557
v 0.105178 -0.127102 -0.075411
v 0.116462 -0.140799 -0.049310
v 0.038569 0.015406 -0.157280
v 0.020554 0.024849 -0.158209
v 0.016392 0.011758 -0.166818
v 0.015731 0.000520 -0.171440
v 0.028933 -0.001569 -0.167289
v 0.132342 0.052426 -0.107697
v 0.137942 0.021436 -0.106249
v 0.058161 -0.240827 0.216629
v 0.049526 -0.241286 0.224983
v 0.041365 -0.238693 0.235905
v 0.071620 -0.234457 0.213571
v 0.073928 -0.233373 0.195475
v 0.062676 -0.239203 0.196620
v 0.077225 0.211429 0.211908
v 0.076041 0.214088 0.181040
v 0.099536 0.197095 0.239710
v 0.074464 0.205481 0.237894
v 0.127322 0.195409 0.221379
v 0.122927 0.190246 0.243490
v 0.134135 0.195102 0.198463
v 0.094466 0.204954 0.135231
v 0.118473 0.193652 0.121159
v 0.131575 0.191890 0.155286
v 0.147516 0.188646 0.182249
v 0.067103 0.215859 0.146877
v 0.151154 0.190835 0.213528
v 0.159702 0.186145 0.202966
v 0.182538 0.168204 0.221464
v 0.183682 0.159771 0.190010
v 0.190590 0.154934 0.213934
v 0.161907 0.177552 0.171796
v 0.175199 0.163097 0.161947
v 0.059212 0.180214 0.281048
v 0.089679 0.171353 0.282143
v 0.085487 0.149496 0.299158
v 0.016288 0.181758 0.291817
v 0.032984 0.195351 0.276276
v 0.089742 0.121460 0.311807
v 0.052241 0.118134 0.315469
v 0.011196 0.114019 0.320044
v 0.004486 0.147090 0.310654
v -0.008873 0.172664 0.301701
v -0.027928 0.113176 0.321597
v -0.029134 0.143366 0.314064
v -0.064081 0.115736 0.318789
v -0.058901 0.143669 0.312020
v -0.029948 0.077618 0.327183
v -0.070684 0.083961 0.324693
v -0.116939 0.063154 0.323545
v -0.022343 0.191708 0.292631
v -0.003767 0.200102 0.283263
v -0.020178 0.214049 0.273732
v -0.006314 0.221309 0.262009
v 0.011622 0.209509 0.269920
v -0.036055 0.205880 0.282109
v -0.034331 0.224770 0.262739
v -0.034162 0.237519 0.241418
v -0.021250 0.230691 0.252263
v -0.022643 0.240184 0.228005
v -0.009469 0.234617 0.238932
v 0.005465 0.227116 0.247807
v 0.023018 0.217671 0.253895
v 0.050878 0.214909 0.237309
v 0.044173 0.206673 0.257850
v 0.068584 0.195619 0.260682
v 0.094910 0.186800 0.262335
v 0.119598 0.180559 0.263879
v 0.117055 0.166055 0.281792
v 0.140841 0.175819 0.264582
v 0.139873 0.162767 0.280440
v 0.140360 0.146121 0.293726
v 0.116258 0.147242 0.296870
v 0.142668 0.127304 0.303817
v 0.119656 0.124924 0.308165
v 0.159308 0.145114 0.289263
v 0.161225 0.127705 0.298183
v 0.174217 0.143889 0.283164
v 0.176141 0.127388 0.290359
v 0.177999 0.108463 0.295743
v 0.178456 0.087639 0.299633
v 0.187823 0.127177 0.280138
v 0.190327 0.108127 0.283721
v 0.192400 0.086203 0.286650
v 0.193577 0.061628 0.289198
v 0.176864 0.064247 0.303141
v 0.199584 0.108788 0.268496
v 0.203026 0.086348 0.269628
v 0.206380 0.060980 0.271085
v 0.195021 0.034515 0.292238
v 0.210030 0.088056 0.249024
v 0.214684 0.062222 0.248520
v 0.213168 0.091466 0.224967
v 0.218712 0.066023 0.222444
v 0.213042 0.095868 0.198440
v 0.219100 0.071254 0.193969
v 0.224313 0.044886 0.189327
v 0.228307 0.017849 0.183863
v 0.216823 0.076986 0.164139
v 0.222065 0.051782 0.157903
v 0.225754 0.025672 0.151117
v 0.227359 -0.000421 0.143736
v 0.230497 -0.008377 0.177207
v 0.218036 0.058773 0.126120
v 0.221502 0.033619 0.117919
v 0.222830 0.007575 0.109184
v 0.221711 -0.018970 0.101000
v 0.226468 -0.026204 0.136830
v 0.216201 0.042024 0.084974
v 0.212858 0.066147 0.094557
v 0.207303 0.073590 0.064410
v 0.210338 0.051682 0.053690
v 0.201851 0.081062 0.037083
v 0.204862 0.062416 0.026933
v 0.201640 0.094721 0.072728
v 0.196105 0.099609 0.044465
v 0.190974 0.103210 0.018518
v 0.187724 0.118035 0.050411
v 0.182269 0.119714 0.022630
v 0.177310 0.119645 -0.003319
v 0.186485 0.104262 -0.005066
v 0.172857 0.117247 -0.027406
v 0.182161 0.102612 -0.026907
v 0.168362 0.113220 -0.049335
v 0.177588 0.098861 -0.047516
v 0.184434 0.083238 -0.043978
v 0.190115 0.066221 -0.037453
v 0.171895 0.094535 -0.066275
v 0.177953 0.078330 -0.062813
v 0.182804 0.059682 -0.056911
v 0.172109 0.054531 -0.075966
v 0.176377 0.031442 -0.069318
v 0.187778 0.038453 -0.047784
v 0.195218 0.047845 -0.025914
v 0.168685 0.074564 -0.079946
v 0.156221 0.073014 -0.094281
v 0.156169 0.051776 -0.092958
v 0.160423 0.026006 -0.089000
v 0.147374 -0.007808 -0.100613
v 0.166493 -0.000536 -0.082196
v 0.181471 0.006443 -0.060490
v 0.172501 -0.026209 -0.074319
v 0.185703 -0.019149 -0.050833
v 0.156212 -0.033525 -0.092579
v 0.137481 -0.043258 -0.106220
v 0.116695 -0.057102 -0.114691
v 0.094202 -0.074389 -0.118761
v 0.163862 0.107981 -0.068470
v 0.156342 0.125973 -0.050275
v 0.152301 0.119111 -0.070208
v 0.140796 0.137545 -0.050435
v 0.137028 0.128473 -0.071534
v 0.134187 0.117328 -0.088246
v 0.117426 0.136782 -0.072139
v 0.114578 0.121909 -0.090341
v 0.093843 0.145120 -0.071741
v 0.088954 0.126707 -0.091629
v 0.067074 0.154881 -0.069582
v 0.058642 0.135649 -0.090865
v 0.039670 0.165898 -0.065525
v 0.074762 0.168939 -0.044638
v 0.048842 0.179501 -0.039836
v 0.023419 0.189436 -0.034159
v 0.014074 0.177308 -0.059697
v -0.000460 0.197522 -0.028409
v -0.007676 0.187116 -0.053557
v -0.022530 0.202540 -0.023826
v -0.027314 0.193427 -0.047969
v -0.042681 0.203985 -0.020105
v -0.042325 0.211105 0.008756
v -0.062835 0.207750 0.010657
v -0.061241 0.201550 -0.017412
v -0.019995 0.210658 0.006521
v 0.004497 0.206548 0.002954
v -0.043880 0.217738 0.042292
v -0.047700 0.224027 0.078329
v -0.069235 0.219028 0.077110
v -0.065467 0.213628 0.042734
v -0.089235 0.210825 0.077624
v -0.085653 0.205984 0.044022
v -0.082379 0.200671 0.012361
v -0.105246 0.195244 0.046008
v -0.101547 0.190175 0.014429
v -0.097477 0.184480 -0.014225
v -0.079107 0.194860 -0.015681
v -0.092057 0.177941 -0.038797
v -0.116340 0.171153 -0.012137
v -0.110739 0.164084 -0.037996
v -0.102509 0.155166 -0.060044
v -0.084239 0.170598 -0.059044
v -0.090268 0.144144 -0.078889
v -0.071672 0.162305 -0.074856
v -0.130335 0.148418 -0.035657
v -0.135601 0.155992 -0.009337
v -0.153877 0.139781 -0.005542
v -0.149863 0.132536 -0.031968
v -0.170389 0.123364 -0.001565
v -0.166716 0.117748 -0.026882
v -0.183517 0.106353 0.001908
v -0.187620 0.108711 0.031329
v -0.198008 0.088366 0.033927
v -0.193339 0.088194 0.003410
v -0.173858 0.127384 0.027916
v -0.177399 0.130788 0.060070
v -0.191242 0.111063 0.064022
v -0.157771 0.145077 0.023931
v -0.161025 0.149139 0.056092
v -0.163996 0.152557 0.089711
v -0.180276 0.133697 0.093936
v -0.139647 0.161680 0.020242
v -0.143272 0.166304 0.052182
v -0.146123 0.169975 0.085799
v -0.148303 0.172905 0.119891
v -0.166011 0.155127 0.123901
v -0.124412 0.181779 0.048819
v -0.127595 0.185864 0.082272
v -0.129914 0.189009 0.116350
v -0.131017 0.191210 0.149879
v -0.149113 0.174625 0.153549
v -0.108558 0.199579 0.079499
v -0.111392 0.203237 0.113467
v -0.113094 0.205795 0.146794
v -0.112778 0.207212 0.178433
v -0.130158 0.191874 0.181970
v -0.092786 0.214911 0.111690
v -0.095463 0.218171 0.144679
v -0.096398 0.220122 0.175547
v -0.094198 0.220897 0.203566
v -0.109701 0.206907 0.207665
v -0.078206 0.227679 0.144179
v -0.080822 0.230426 0.173926
v -0.080901 0.231743 0.199907
v -0.077037 0.232191 0.221520
v -0.066092 0.237518 0.174600
v -0.060779 0.234386 0.146134
v -0.043314 0.238164 0.151750
v -0.051541 0.241792 0.178608
v -0.025848 0.239701 0.162056
v -0.037534 0.243306 0.186976
v -0.010358 0.239619 0.177564
v -0.023741 0.242855 0.198758
v -0.035091 0.243490 0.216736
v -0.044834 0.241945 0.230627
v -0.010757 0.240410 0.211977
v 0.003017 0.238102 0.194480
v 0.006589 0.233791 0.153673
v 0.020038 0.232943 0.177068
v 0.041472 0.225259 0.160300
v 0.050210 0.223502 0.188923
v 0.053212 0.220177 0.214379
v -0.011105 0.233362 0.131502
v -0.033106 0.232739 0.119593
v -0.054189 0.229731 0.113727
v -0.073836 0.223870 0.111472
v -0.119528 0.187709 0.239096
v -0.126513 0.190926 0.211906
v -0.137662 0.169175 0.243640
v -0.144544 0.173241 0.216007
v -0.148105 0.175000 0.185825
v -0.163203 0.154987 0.219832
v -0.166188 0.156884 0.189732
v -0.166989 0.156814 0.157518
v -0.183667 0.138387 0.193620
v -0.183818 0.137917 0.161700
v -0.182658 0.136256 0.128131
v -0.198986 0.118429 0.166098
v -0.197220 0.116225 0.132636
v -0.194679 0.113693 0.098175
v -0.209362 0.095218 0.137420
v -0.206203 0.092226 0.102579
v -0.202509 0.089831 0.067526
v -0.214881 0.069159 0.107191
v -0.210455 0.066401 0.070863
v -0.205409 0.065536 0.035104
v -0.199338 0.067671 0.002570
v -0.220231 0.044156 0.112637
v -0.223885 0.049219 0.149240
v -0.226107 0.024010 0.156900
v -0.222772 0.017439 0.119534
v -0.218229 0.072911 0.142868
v -0.220765 0.077195 0.176696
v -0.226296 0.055097 0.183721
v -0.211427 0.098166 0.171000
v -0.212579 0.100646 0.202153
v -0.222226 0.081430 0.207680
v -0.199393 0.119532 0.197652
v -0.198503 0.119050 0.226411
v -0.212507 0.101760 0.230027
v -0.181643 0.136716 0.223173
v -0.177665 0.132349 0.249839
v -0.196124 0.115954 0.251782
v -0.157374 0.149999 0.247378
v -0.192694 0.109758 0.273325
v -0.209427 0.097031 0.273526
v -0.211428 0.100860 0.253940
v -0.221808 0.085879 0.274323
v -0.222744 0.086762 0.256889
v -0.222945 0.085050 0.234587
v -0.229697 0.074005 0.261203
v -0.229056 0.068744 0.240854
v -0.227911 0.061765 0.214890
v -0.231911 0.062862 0.267561
v -0.229416 0.054409 0.276421
v -0.222402 0.050350 0.287355
v -0.211369 0.050200 0.297998
v -0.205807 0.032270 0.295013
v -0.215372 0.063994 0.298298
v -0.201748 0.067697 0.304757
v -0.197147 0.052923 0.307085
v -0.218154 0.074489 0.294826
v -0.204652 0.080066 0.298842
v -0.220210 0.081774 0.286913
v -0.207040 0.090124 0.288536
v -0.189123 0.099762 0.290548
v -0.187100 0.086645 0.302806
v -0.189593 0.035024 0.307164
v -0.199389 0.009743 0.290988
v -0.193736 -0.016698 0.288141
v -0.191395 -0.043438 0.286012
v -0.204910 -0.043851 0.265498
v -0.190221 -0.067812 0.284228
v -0.201570 -0.068855 0.265284
v -0.209158 -0.071535 0.241764
v -0.213654 -0.045942 0.240213
v -0.212950 -0.075710 0.214741
v -0.217947 -0.050340 0.210827
v -0.213449 -0.080751 0.184930
v -0.218670 -0.055980 0.179185
v -0.222791 -0.029599 0.172699
v -0.216731 -0.062119 0.146172
v -0.220655 -0.036512 0.137921
v -0.222778 -0.009747 0.128755
v -0.225511 -0.002472 0.165366
v -0.216764 -0.043774 0.103018
v -0.212905 -0.068600 0.112884
v -0.208042 -0.075093 0.080353
v -0.211884 -0.051849 0.069455
v -0.202756 -0.081297 0.050032
v -0.206880 -0.060728 0.039891
v -0.197583 -0.085877 0.022517
v -0.196272 -0.101301 0.058041
v -0.190483 -0.104083 0.028714
v -0.184945 -0.104491 0.001455
v -0.192564 -0.087780 -0.002252
v -0.179477 -0.102293 -0.023606
v -0.187579 -0.086202 -0.024951
v -0.174030 -0.097719 -0.045811
v -0.181897 -0.082325 -0.046011
v -0.187833 -0.065216 -0.044860
v -0.192618 -0.047078 -0.041125
v -0.180013 -0.059730 -0.063818
v -0.184578 -0.039602 -0.060672
v -0.188890 -0.018188 -0.054692
v -0.196872 -0.027844 -0.032773
v -0.168940 -0.054740 -0.080498
v -0.172952 -0.032614 -0.079295
v -0.177512 -0.009279 -0.074636
v -0.181828 0.013849 -0.068072
v -0.192547 0.004221 -0.045929
v -0.156511 -0.026036 -0.095641
v -0.162091 -0.000517 -0.092256
v -0.167873 0.023343 -0.085811
v -0.172497 0.044448 -0.078748
v -0.184660 0.036172 -0.060395
v -0.141738 0.009401 -0.106566
v -0.150536 0.034126 -0.099533
v -0.129208 0.048282 -0.108287
v -0.103801 0.066656 -0.113387
v -0.194930 0.027310 -0.036860
v -0.152696 -0.051553 -0.095374
v -0.168684 -0.117552 -0.021827
v -0.162901 -0.111547 -0.045891
v -0.154730 -0.132149 -0.019823
v -0.148206 -0.124551 -0.045656
v -0.141941 -0.113569 -0.068048
v -0.129933 -0.137520 -0.044819
v -0.122275 -0.125042 -0.069190
v -0.114274 -0.107985 -0.090237
v -0.136323 -0.098155 -0.086000
v -0.099524 -0.137725 -0.068771
v -0.089667 -0.120710 -0.091465
v -0.074798 -0.150486 -0.066002
v -0.063343 -0.134454 -0.089895
v -0.048962 -0.163001 -0.061343
v -0.059777 -0.174677 -0.033026
v -0.033623 -0.185090 -0.026726
v -0.023706 -0.174183 -0.055141
v -0.085093 -0.163000 -0.038588
v -0.095095 -0.171946 -0.007496
v -0.069934 -0.183676 -0.000315
v -0.108743 -0.150330 -0.042483
v -0.117739 -0.159421 -0.013070
v -0.127153 -0.165156 0.018935
v -0.105615 -0.178025 0.026318
v -0.137737 -0.146017 -0.017021
v -0.145801 -0.151427 0.013325
v -0.154389 -0.153991 0.045375
v -0.137183 -0.168267 0.052448
v -0.161680 -0.136608 0.008892
v -0.168934 -0.138521 0.039573
v -0.176512 -0.138142 0.071373
v -0.163247 -0.154418 0.078256
v -0.174658 -0.120967 0.005076
v -0.180993 -0.121749 0.034198
v -0.187468 -0.120419 0.064947
v -0.193943 -0.117361 0.096600
v -0.183930 -0.136147 0.103668
v -0.201961 -0.096995 0.089140
v -0.207216 -0.091766 0.121223
v -0.199774 -0.113303 0.128651
v -0.204453 -0.108524 0.160044
v -0.196252 -0.128736 0.166289
v -0.190784 -0.132803 0.135430
v -0.211257 -0.086284 0.153545
v -0.207140 -0.103611 0.190297
v -0.207279 -0.098781 0.218273
v -0.200725 -0.119424 0.221729
v -0.199824 -0.124057 0.195116
v -0.193329 -0.137140 0.224689
v -0.191371 -0.141993 0.200054
v -0.186806 -0.146463 0.172313
v -0.180148 -0.150264 0.142488
v -0.158334 -0.167820 0.119167
v -0.172097 -0.152942 0.110797
v -0.147781 -0.168899 0.086165
v -0.142874 -0.180347 0.129447
v -0.129927 -0.181826 0.096350
v -0.117346 -0.181093 0.061351
v -0.094609 -0.192907 0.073014
v -0.081039 -0.189738 0.035860
v -0.184951 -0.151772 0.227917
v -0.175601 -0.162699 0.231012
v -0.192153 -0.132629 0.246307
v -0.187579 -0.128649 0.263827
v -0.198606 -0.115025 0.245015
v -0.193084 -0.111333 0.265009
v -0.184239 -0.108194 0.280933
v -0.178984 -0.125555 0.278039
v -0.204240 -0.094616 0.243605
v -0.197826 -0.091333 0.265162
v -0.188216 -0.089158 0.282832
v -0.166555 -0.122248 0.289019
v -0.160348 -0.139002 0.281864
v -0.150403 -0.117474 0.298120
v -0.142194 -0.136408 0.289485
v -0.135842 -0.154740 0.276382
v -0.155352 -0.153994 0.270517
v -0.132702 -0.170056 0.258102
v -0.152105 -0.166502 0.255233
v -0.131003 -0.181512 0.236506
v -0.150051 -0.175964 0.236168
v -0.164513 -0.170292 0.234660
v -0.108244 -0.174618 0.261348
v -0.130290 -0.109319 0.305696
v -0.104867 -0.097060 0.313370
v -0.007744 -0.192762 -0.021217
v -0.001237 -0.183264 -0.049187
v 0.016821 -0.196481 -0.019041
v 0.041961 -0.202998 0.011871
v 0.039295 -0.195494 -0.018732
v 0.065293 -0.196941 0.009977
v 0.060262 -0.189785 -0.019873
v 0.087383 -0.187165 0.008829
v 0.081145 -0.179753 -0.021052
v 0.072828 -0.171503 -0.047180
v 0.102518 -0.166538 -0.021638
v 0.093644 -0.157032 -0.049052
v 0.080583 -0.145521 -0.073407
v 0.060659 -0.162354 -0.068398
v 0.124311 -0.151238 -0.020704
v 0.109061 -0.174311 0.008927
v 0.130174 -0.159285 0.010100
v 0.150218 -0.142868 0.012543
v 0.145404 -0.135135 -0.018376
v 0.168061 -0.125593 0.015517
v 0.164047 -0.119297 -0.014469
v 0.182813 -0.107182 0.018425
v 0.178681 -0.102963 -0.011291
v 0.193942 -0.086986 0.020223
v 0.188853 -0.084972 -0.009830
v 0.201387 -0.063912 0.020822
v 0.194809 -0.064216 -0.011232
v 0.198586 -0.089990 0.053628
v 0.207156 -0.066513 0.055801
v 0.202606 -0.093654 0.088348
v 0.211983 -0.070504 0.091579
v 0.218276 -0.045503 0.095485
v 0.215847 -0.075015 0.126818
v 0.222699 -0.051208 0.131207
v 0.218643 -0.079489 0.160721
v 0.225955 -0.056960 0.165173
v 0.229838 -0.033288 0.170650
v 0.228022 -0.062588 0.196780
v 0.231981 -0.040590 0.202300
v 0.229083 -0.067784 0.225338
v 0.233113 -0.048372 0.230698
v 0.229297 -0.072122 0.249787
v 0.233951 -0.056336 0.254275
v 0.228813 -0.074432 0.269737
v 0.234256 -0.062427 0.272530
v 0.235258 -0.051591 0.277402
v 0.231688 -0.043106 0.284680
v 0.223898 -0.038887 0.294155
v 0.218185 -0.053326 0.304334
v 0.212080 -0.038689 0.303469
v 0.204872 -0.018834 0.300309
v 0.197095 -0.042202 0.311478
v 0.198171 0.006336 0.295867
v 0.205645 -0.057279 0.309930
v 0.211028 -0.068775 0.305663
v 0.222522 -0.063723 0.301886
v 0.225556 -0.070545 0.295575
v 0.214480 -0.077632 0.297600
v 0.199838 -0.085264 0.299967
v 0.227554 -0.074081 0.284940
v 0.217026 -0.083816 0.285248
v 0.202306 -0.094269 0.286251
v 0.183122 -0.105138 0.287788
v 0.181350 -0.092511 0.302573
v 0.218983 -0.087250 0.268337
v 0.205010 -0.100562 0.267883
v 0.186924 -0.114572 0.267908
v 0.207344 -0.103989 0.245243
v 0.190773 -0.120324 0.243944
v 0.171288 -0.137432 0.242584
v 0.150247 -0.155625 0.240409
v 0.193514 -0.122973 0.216584
v 0.175729 -0.141216 0.214334
v 0.156602 -0.159716 0.211727
v 0.137437 -0.178047 0.208382
v 0.130220 -0.175001 0.236618
v 0.178069 -0.142228 0.183639
v 0.159880 -0.160843 0.180786
v 0.141226 -0.178797 0.177872
v 0.122695 -0.195376 0.174977
v 0.119212 -0.195445 0.204694
v 0.160811 -0.159914 0.148060
v 0.142168 -0.177534 0.145335
v 0.123307 -0.193678 0.143195
v 0.104441 -0.207721 0.141924
v 0.104959 -0.210068 0.172718
v 0.141122 -0.174798 0.111553
v 0.121597 -0.190505 0.109745
v 0.101799 -0.204108 0.109271
v 0.081622 -0.215111 0.110587
v 0.086027 -0.219277 0.142390
v 0.118465 -0.186190 0.075635
v 0.097619 -0.199363 0.075379
v 0.076150 -0.209839 0.077116
v 0.053499 -0.217278 0.081479
v 0.061249 -0.223242 0.114763
v 0.092788 -0.193684 0.041533
v 0.070387 -0.203713 0.042953
v 0.046427 -0.210293 0.046506
v 0.114189 -0.180788 0.041592
v 0.138498 -0.170761 0.077088
v 0.134860 -0.165653 0.043055
v 0.157566 -0.153623 0.079520
v 0.154253 -0.148825 0.045321
v 0.174963 -0.135007 0.082309
v 0.171813 -0.130704 0.048239
v 0.190178 -0.115087 0.085350
v 0.186733 -0.111206 0.051048
v 0.177324 -0.138588 0.116901
v 0.192829 -0.118600 0.119929
v 0.205829 -0.097474 0.123193
v 0.194461 -0.121467 0.153908
v 0.208033 -0.100917 0.157084
v 0.194741 -0.123077 0.186347
v 0.209055 -0.103570 0.189219
v 0.220310 -0.083436 0.192572
v 0.208807 -0.104752 0.218832
v 0.220824 -0.086489 0.221564
v 0.220344 -0.087941 0.247018
v 0.178457 -0.141098 0.150900
v 0.159832 -0.157335 0.113988
v 0.040406 -0.228540 0.122810
v 0.050207 -0.233802 0.151778
v 0.067849 -0.227995 0.145285
v 0.057670 -0.237399 0.176641
v 0.072489 -0.231339 0.172486
v 0.088065 -0.222197 0.171531
v 0.086983 -0.223873 0.197603
v 0.102170 -0.210939 0.200891
v 0.081101 -0.224564 0.220317
v 0.095490 -0.210345 0.226387
v 0.111897 -0.193563 0.231784
v 0.100489 -0.189795 0.256098
v 0.084986 -0.184470 0.276899
v 0.055218 -0.197634 0.285213
v 0.065847 -0.180023 0.292532
v 0.050111 -0.155719 0.309441
v 0.053728 -0.129007 0.316743
v 0.024209 -0.156615 0.312583
v 0.021045 -0.130387 0.319092
v 0.017452 -0.098422 0.325193
v 0.056068 -0.097733 0.323561
v -0.000813 -0.161381 0.309325
v -0.010874 -0.135555 0.315931
v -0.021133 -0.103702 0.322287
v 0.013797 -0.060662 0.329249
v 0.059363 -0.061998 0.328117
v 0.100177 -0.068292 0.324197
v 0.134097 -0.075556 0.319389
v -0.008777 -0.188679 0.294330
v 0.005042 -0.202793 0.288190
v -0.006769 -0.210828 0.276437
v -0.023389 -0.197884 0.281125
v -0.032468 -0.207767 0.264108
v -0.035763 -0.216354 0.245013
v -0.033304 -0.223137 0.223839
v -0.007796 -0.234069 0.213776
v -0.025823 -0.228112 0.201162
v 0.003430 -0.236983 0.195186
v -0.013935 -0.231095 0.177727
v -0.034705 -0.223264 0.159653
v 0.001471 -0.232209 0.155403
v -0.059049 -0.213700 0.141931
v 0.017314 -0.237992 0.177504
v 0.033034 -0.237046 0.162556
v 0.019919 -0.231246 0.136102
v 0.030247 -0.241565 0.196906
v 0.043701 -0.240625 0.185030
v 0.040958 -0.242626 0.212989
v 0.051796 -0.242029 0.203208
v 0.030198 -0.240934 0.225048
v 0.017975 -0.240318 0.211120
v 0.006978 -0.237352 0.226167
v 0.019541 -0.237332 0.238048
v 0.019850 -0.228152 0.260495
v 0.031223 -0.234153 0.248597
v 0.031434 -0.221113 0.269908
v 0.018454 -0.213126 0.280353
v 0.043594 -0.211174 0.277755
v 0.007354 -0.220551 0.270031
v -0.108518 0.182461 0.263174
v -0.093975 0.175306 0.283110
v -0.120818 0.176986 0.016952
v 0.030385 0.199143 -0.003122
v 0.056531 0.189667 -0.009901
v 0.063812 0.197184 0.024063
v 0.089256 0.186276 0.016131
v 0.097468 0.190981 0.050490
v 0.072051 0.202263 0.060605
v 0.081905 0.179140 -0.015823
v 0.105704 0.167999 -0.020537
v 0.112402 0.174624 0.009853
v 0.099501 0.158464 -0.047883
v 0.121853 0.148142 -0.049768
v 0.127004 0.156481 -0.023773
v 0.145434 0.144259 -0.025882
v 0.150657 0.148845 0.001447
v 0.132974 0.162100 0.004981
v 0.156699 0.151232 0.030727
v 0.139766 0.165574 0.035849
v 0.120020 0.178703 0.042233
v 0.147543 0.166977 0.067804
v 0.128833 0.180825 0.075831
v 0.107171 0.193277 0.085685
v 0.138835 0.180990 0.109386
v 0.082580 0.204877 0.097772
v 0.156297 0.166942 0.100171
v 0.165659 0.165413 0.131788
v 0.150085 0.179866 0.142001
v 0.179072 0.149089 0.123652
v 0.186823 0.146044 0.153714
v 0.171083 0.151028 0.092571
v 0.183530 0.133690 0.086028
v 0.190398 0.130633 0.116553
v 0.163536 0.151970 0.061390
v 0.176898 0.135474 0.055779
v 0.193710 0.114705 0.079648
v 0.170823 0.135995 0.026539
v 0.165465 0.134554 -0.001244
v 0.160626 0.131285 -0.027008
v 0.207363 0.088924 0.102691
v 0.199833 0.110620 0.109815
v 0.212632 0.083040 0.133433
v 0.205581 0.105795 0.140161
v 0.196978 0.127005 0.146712
v 0.210239 0.100876 0.169915
v 0.202487 0.122710 0.175746
v 0.193655 0.142468 0.182146
v 0.206180 0.118359 0.202912
v 0.198621 0.138066 0.207925
v 0.207265 0.114162 0.227773
v 0.200908 0.133903 0.230825
v 0.194206 0.150021 0.234550
v 0.200069 0.130290 0.250661
v 0.187282 0.162380 0.239130
v 0.179918 0.170540 0.244320
v 0.170808 0.176316 0.248009
v 0.171638 0.168155 0.261583
v 0.158159 0.172087 0.263984
v 0.158623 0.180705 0.248861
v 0.172615 0.157589 0.273623
v 0.158319 0.160040 0.277755
v 0.142839 0.185176 0.247187
v 0.145907 0.190151 0.229346
v 0.205143 0.110888 0.249705
v 0.195766 0.127997 0.266996
v -0.001803 0.025436 -0.158607
v 0.013277 -0.042319 -0.165399
v -0.008359 -0.021273 -0.172745
v -0.021941 -0.022484 -0.167694
v 0.019642 -0.058391 -0.155300
v 0.040001 -0.048637 -0.153045
v 0.028072 -0.034109 -0.164190
v -0.539488 0.080951 -0.062370
v -0.539676 0.080486 -0.060626
v -0.539530 0.080378 -0.062979
v -0.539405 0.080759 -0.062889
v -0.539766 0.080748 -0.062127
v -0.539508 0.081138 -0.061929
v -0.539223 0.080831 -0.063887
v -0.539229 0.080660 -0.063275
v -0.539340 0.081269 -0.062891
v -0.539197 0.080886 -0.060178
v -0.539408 0.080377 -0.059268
v -0.539345 0.080844 -0.063607
v -0.539325 0.081026 -0.060964
v -0.539465 0.080458 -0.059368
v -0.539787 0.080639 -0.061568
v -0.539707 0.080398 -0.062135
v -0.539520 0.081120 -0.063153
v -0.539330 0.080820 -0.061407
v -0.539633 0.080267 -0.061311
v -0.539475 0.080238 -0.062687
v -0.539303 0.081027 -0.063770
v -0.539660 0.080565 -0.062641
v -0.539273 0.080676 -0.062433
v -0.539561 0.080185 -0.062186
v -0.539441 0.081250 -0.063284
v -0.539671 0.080801 -0.061769
v -0.539518 0.081276 -0.062553
v -0.539689 0.080701 -0.060844
v -0.539171 0.080783 -0.063217
v -0.539458 0.080410 -0.062669
v -0.539435 0.080175 -0.061802
v -0.539569 0.080676 -0.062408
v -0.539221 0.081058 -0.063046
v -0.539508 0.080672 -0.061469
v -0.539353 0.081229 -0.061995
v -0.539176 0.080934 -0.060520
v -0.539495 0.080382 -0.059660
v -0.539178 0.080815 -0.060700
v -0.539394 0.080376 -0.060117
v -0.539494 0.080572 -0.060213
v -0.539183 0.081009 -0.061731
v -0.539403 0.080394 -0.061539
v -0.539154 0.080765 -0.061923
v -0.539468 0.080238 -0.060566
v -0.457265 0.369019 -0.205782
v -0.455196 0.369087 -0.197015
v -0.455153 0.384092 -0.217538
v -0.455322 0.388708 -0.211286
v -0.455268 0.376954 -0.192400
v -0.452949 0.385566 -0.196373
v -0.451199 0.376971 -0.216747
v -0.446299 0.380376 -0.204312
v -0.458194 0.371020 -0.206512
v -0.458284 0.370380 -0.202108
v -0.456724 0.368445 -0.203091
v -0.454793 0.368561 -0.204598
v -0.455741 0.369586 -0.208230
v -0.457063 0.371976 -0.210047
v -0.456047 0.368438 -0.199300
v -0.457323 0.370292 -0.198345
v -0.456039 0.370752 -0.195322
v -0.453876 0.371954 -0.194708
v -0.453545 0.369822 -0.197161
v -0.453804 0.368710 -0.200891
v -0.454760 0.381659 -0.217599
v -0.452612 0.382725 -0.217662
v -0.453979 0.385467 -0.216568
v -0.456617 0.384336 -0.215477
v -0.456623 0.380818 -0.215873
v -0.455402 0.386792 -0.214898
v -0.456749 0.387244 -0.211616
v -0.454060 0.388284 -0.212680
v -0.455044 0.388795 -0.207827
v -0.456887 0.387013 -0.207623
v -0.452688 0.388581 -0.209310
v -0.456807 0.377209 -0.193600
v -0.455714 0.380659 -0.194071
v -0.454215 0.379191 -0.192537
v -0.454808 0.374630 -0.192756
v -0.456577 0.373792 -0.194314
v -0.452633 0.376868 -0.193322
v -0.453604 0.386936 -0.198934
v -0.451106 0.386650 -0.200171
v -0.451430 0.384645 -0.196393
v -0.454379 0.383717 -0.194848
v -0.455495 0.385134 -0.198118
v -0.452471 0.382084 -0.194174
v -0.451787 0.379519 -0.217307
v -0.453795 0.378255 -0.217367
v -0.452839 0.375350 -0.215625
v -0.449879 0.376633 -0.214438
v -0.449620 0.379991 -0.215507
v -0.451247 0.373696 -0.213185
v -0.446741 0.378036 -0.202794
v -0.447700 0.380168 -0.199745
v -0.446916 0.382468 -0.203192
v -0.446503 0.380337 -0.207730
v -0.447151 0.376970 -0.206455
v -0.447493 0.383536 -0.207061
v -0.448909 0.384928 -0.201368
v -0.449215 0.386286 -0.206088
v -0.450573 0.386826 -0.210464
v -0.448631 0.383805 -0.211694
v -0.447915 0.380250 -0.211640
v -0.448136 0.376539 -0.210982
v -0.450644 0.383558 -0.215193
v -0.452084 0.386464 -0.214506
v -0.449884 0.373112 -0.209048
v -0.448708 0.373522 -0.204822
v -0.452157 0.370296 -0.207079
v -0.451322 0.370552 -0.202520
v -0.450910 0.371940 -0.198664
v -0.448623 0.374897 -0.200416
v -0.451619 0.374179 -0.195214
v -0.449176 0.377167 -0.197277
v -0.450803 0.379767 -0.194833
v -0.449208 0.382638 -0.197824
v -0.453616 0.371239 -0.210645
v -0.454912 0.373479 -0.213598
v -0.456122 0.376926 -0.214942
v -0.457922 0.375690 -0.211540
v -0.458375 0.380062 -0.211861
v -0.459152 0.379248 -0.207232
v -0.459118 0.374724 -0.206693
v -0.459184 0.378461 -0.201717
v -0.459033 0.374014 -0.202015
v -0.458130 0.377761 -0.197190
v -0.458244 0.373634 -0.197293
v -0.457313 0.381828 -0.197184
v -0.458159 0.382839 -0.202164
v -0.456573 0.386304 -0.202443
v -0.458530 0.383652 -0.207170
v -0.457817 0.384132 -0.212192
v -0.454191 0.388117 -0.203510
v -0.451828 0.388043 -0.204481
v -0.204935 0.510476 -0.060737
v -0.204939 0.510493 -0.060734
v -0.204914 0.510502 -0.060822
v -0.204911 0.510512 -0.060796
v -0.204907 0.510493 -0.060800
v -0.204912 0.510478 -0.060739
v -0.204916 0.510512 -0.060820
v -0.205839 0.510656 -0.061260
v -0.205809 0.510662 -0.061276
v -0.204917 0.510496 -0.060735
v -0.205825 0.510632 -0.061203
v -0.204919 0.510480 -0.060768
v -0.205835 0.510640 -0.061235
v -0.204942 0.510491 -0.060761
v -0.205840 0.510641 -0.061199
v -0.204927 0.510482 -0.060723
v -0.205829 0.510652 -0.061199
v -0.205839 0.510659 -0.061231
v -0.204926 0.510507 -0.060763
v -0.205818 0.510649 -0.061273
v -0.205824 0.510664 -0.061289
v -0.204929 0.510494 -0.060803
v -0.205814 0.510662 -0.061232
v -0.205822 0.510671 -0.061268
v -0.204907 0.510495 -0.060768
v -0.205810 0.510642 -0.061236
v -0.205815 0.510644 -0.061202
v -0.204933 0.510508 -0.060800
v 0.196609 -0.508871 -0.061658
v 0.197624 -0.509324 -0.061101
v 0.197637 -0.509300 -0.060953
v 0.197675 -0.509389 -0.061142
v 0.196659 -0.508897 -0.061618
v 0.197685 -0.509349 -0.060992
v 0.197660 -0.509306 -0.060918
v 0.197673 -0.509394 -0.061187
v 0.197645 -0.509342 -0.061072
v 0.196655 -0.508851 -0.061411
v 0.197686 -0.509326 -0.060880
v 0.196673 -0.508909 -0.061603
v 0.196606 -0.508844 -0.061567
v 0.197644 -0.509360 -0.061163
v 0.196613 -0.508864 -0.061638
v 0.196636 -0.508905 -0.061693
v 0.197637 -0.509310 -0.061011
v 0.196630 -0.508848 -0.061483
v 0.196622 -0.508828 -0.061458
v 0.197663 -0.509305 -0.060882
v 0.196652 -0.508896 -0.061592
v 0.197693 -0.509381 -0.061062
v 0.196665 -0.508926 -0.061683
v 0.197661 -0.509353 -0.061101
v 0.196645 -0.508909 -0.061700
v 0.197688 -0.509390 -0.061135
v 0.196637 -0.508856 -0.061534
v 0.196668 -0.508880 -0.061492
v 0.196653 -0.508848 -0.061431
v 0.197676 -0.509337 -0.060942
v 0.458088 -0.382111 -0.216101
v 0.458359 -0.386463 -0.207287
v 0.459864 -0.377539 -0.196917
v 0.459079 -0.372146 -0.204304
v 0.461922 -0.373814 -0.200505
v 0.453721 -0.380148 -0.208663
v 0.458403 -0.378885 -0.215964
v 0.457361 -0.384471 -0.200105
v 0.458192 -0.380487 -0.216496
v 0.456973 -0.380520 -0.215762
v 0.456972 -0.382609 -0.215334
v 0.457781 -0.384164 -0.213494
v 0.458858 -0.382576 -0.214695
v 0.459443 -0.380371 -0.214887
v 0.457525 -0.386184 -0.209143
v 0.456594 -0.386121 -0.206515
v 0.458050 -0.386352 -0.204829
v 0.459510 -0.384967 -0.204139
v 0.459511 -0.385319 -0.207529
v 0.458727 -0.385035 -0.210822
v 0.458748 -0.379229 -0.197374
v 0.458047 -0.377357 -0.198289
v 0.459687 -0.375737 -0.197677
v 0.461112 -0.375415 -0.198230
v 0.460778 -0.377884 -0.197701
v 0.459743 -0.380568 -0.197957
v 0.457781 -0.373120 -0.206028
v 0.458832 -0.373490 -0.208197
v 0.460046 -0.372417 -0.205292
v 0.459186 -0.372492 -0.202077
v 0.457455 -0.373798 -0.203182
v 0.460715 -0.372474 -0.202206
v 0.462034 -0.375614 -0.200102
v 0.460993 -0.373397 -0.199718
v 0.461782 -0.373549 -0.202923
v 0.462227 -0.375947 -0.203212
v 0.454001 -0.381809 -0.207220
v 0.454419 -0.382641 -0.210269
v 0.454320 -0.380296 -0.210954
v 0.454860 -0.377716 -0.210137
v 0.454329 -0.378348 -0.207153
v 0.454391 -0.379905 -0.204673
v 0.457389 -0.378236 -0.215152
v 0.459338 -0.378034 -0.214463
v 0.458568 -0.376387 -0.213087
v 0.456300 -0.383602 -0.200779
v 0.457367 -0.381568 -0.198701
v 0.458367 -0.382956 -0.198932
v 0.459107 -0.384183 -0.200922
v 0.457583 -0.385509 -0.202045
v 0.456179 -0.385236 -0.203400
v 0.455355 -0.384785 -0.208465
v 0.454813 -0.383734 -0.205329
v 0.455215 -0.381940 -0.202360
v 0.455755 -0.377561 -0.202242
v 0.456352 -0.379591 -0.199989
v 0.457530 -0.375288 -0.200445
v 0.459436 -0.373850 -0.199492
v 0.455616 -0.375905 -0.205169
v 0.456233 -0.375208 -0.208163
v 0.457284 -0.375341 -0.211014
v 0.456117 -0.377798 -0.212906
v 0.455450 -0.380388 -0.213786
v 0.455652 -0.382910 -0.213097
v 0.456372 -0.384881 -0.211476
v 0.459908 -0.374829 -0.210081
v 0.460662 -0.377173 -0.211194
v 0.461695 -0.376391 -0.207265
v 0.461136 -0.373910 -0.206370
v 0.461588 -0.379634 -0.207637
v 0.461920 -0.379077 -0.203491
v 0.460618 -0.380019 -0.211806
v 0.459965 -0.382910 -0.211574
v 0.460727 -0.382791 -0.207785
v 0.460957 -0.382393 -0.203693
v 0.460547 -0.381572 -0.200244
v 0.461627 -0.378538 -0.199923
v 0.542223 -0.081936 -0.059852
v 0.542597 -0.082176 -0.059518
v 0.542080 -0.081370 -0.057938
v 0.542622 -0.081589 -0.057376
v 0.542813 -0.082148 -0.059402
v 0.543005 -0.082199 -0.059821
v 0.542985 -0.081597 -0.057382
v 0.543426 -0.082121 -0.059041
v 0.543481 -0.081950 -0.058139
v 0.542493 -0.081410 -0.057183
v 0.542452 -0.081294 -0.056671
v 0.542531 -0.081295 -0.056795
v 0.543320 -0.081866 -0.057794
v 0.542395 -0.081953 -0.059891
v 0.542097 -0.081775 -0.059249
v 0.542416 -0.082129 -0.060184
v 0.542560 -0.082145 -0.060336
v 0.542480 -0.081894 -0.059487
v 0.542478 -0.082070 -0.059787
v 0.542351 -0.081835 -0.058506
v 0.542865 -0.082059 -0.058736
v 0.542671 -0.082090 -0.059040
v 0.542300 -0.082014 -0.059427
v 0.542322 -0.081956 -0.059327
v 0.542753 -0.082285 -0.060005
v 0.542264 -0.081492 -0.057920
v 0.542082 -0.081529 -0.058136
v 0.542221 -0.081695 -0.058956
v 0.542235 -0.081579 -0.058700
v 0.542433 -0.081551 -0.058327
v 0.542299 -0.081280 -0.057230
v 0.542561 -0.081532 -0.057297
v 0.542808 -0.081574 -0.057319
v 0.543235 -0.081928 -0.058071
v 0.543072 -0.081977 -0.058271
v 0.543171 -0.082277 -0.059416
v 0.543158 -0.082067 -0.058839
v 0.542965 -0.081866 -0.058716
v 0.542774 -0.081542 -0.057634
v 0.543215 -0.081869 -0.058442
v 0.543316 -0.081878 -0.058102
v 0.542633 -0.081514 -0.057924
v 0.543501 -0.082138 -0.058700
v 0.542241 -0.081329 -0.057081
v 0.542439 -0.081717 -0.058128
v 0.542761 -0.081861 -0.059200
v 0.099756 0.587208 -0.202143
v 0.103585 0.594766 -0.185198
v 0.101673 0.597560 -0.205714
v 0.110823 0.593843 -0.192886
v 0.095675 0.598370 -0.194634
v 0.104982 0.602051 -0.200643
v 0.095985 0.586312 -0.194874
v 0.105517 0.587880 -0.186568
v 0.098534 0.589223 -0.203089
v 0.097081 0.587643 -0.200642
v 0.098878 0.586157 -0.199813
v 0.101902 0.586082 -0.198887
v 0.101798 0.588140 -0.201966
v 0.101188 0.590581 -0.204129
v 0.101807 0.595841 -0.186533
v 0.103591 0.597816 -0.188053
v 0.105589 0.595495 -0.186195
v 0.106083 0.592733 -0.185411
v 0.103616 0.592432 -0.184886
v 0.100599 0.593070 -0.186140
v 0.102791 0.595398 -0.205388
v 0.104708 0.597693 -0.204145
v 0.102862 0.599279 -0.204694
v 0.099810 0.596757 -0.205057
v 0.100107 0.593874 -0.205151
v 0.100332 0.599630 -0.203747
v 0.110004 0.592114 -0.194058
v 0.109580 0.590726 -0.190743
v 0.110071 0.593632 -0.190364
v 0.110174 0.596093 -0.194619
v 0.109651 0.594283 -0.197126
v 0.109563 0.596451 -0.191600
v 0.094962 0.596075 -0.195350
v 0.095679 0.597559 -0.198535
v 0.097052 0.599671 -0.196635
v 0.098698 0.600273 -0.193887
v 0.097024 0.598002 -0.192163
v 0.095603 0.595115 -0.191980
v 0.104004 0.601273 -0.202686
v 0.106292 0.599584 -0.201932
v 0.106643 0.601068 -0.199263
v 0.103367 0.602397 -0.199000
v 0.101795 0.601525 -0.201565
v 0.105670 0.601410 -0.196427
v 0.095165 0.588388 -0.193821
v 0.097333 0.587408 -0.191086
v 0.097593 0.585647 -0.193343
v 0.095955 0.586769 -0.197404
v 0.094949 0.589259 -0.197198
v 0.098334 0.585227 -0.196558
v 0.106144 0.589767 -0.185679
v 0.108022 0.590158 -0.187627
v 0.106730 0.587596 -0.188609
v 0.103456 0.587158 -0.187168
v 0.103271 0.589606 -0.185503
v 0.103906 0.586159 -0.189836
v 0.104792 0.586149 -0.193528
v 0.101232 0.585246 -0.195085
v 0.100797 0.585348 -0.191559
v 0.100131 0.587082 -0.188717
v 0.107567 0.588252 -0.191939
v 0.108132 0.589578 -0.195782
v 0.105028 0.587575 -0.197439
v 0.104949 0.589671 -0.201064
v 0.107614 0.592112 -0.199322
v 0.106547 0.594840 -0.202272
v 0.103889 0.592694 -0.203754
v 0.108152 0.597216 -0.199889
v 0.108771 0.598670 -0.197011
v 0.107783 0.599373 -0.193825
v 0.107673 0.596276 -0.188540
v 0.106007 0.598926 -0.190635
v 0.103473 0.600982 -0.193440
v 0.101203 0.601667 -0.196434
v 0.101256 0.599431 -0.190790
v 0.099082 0.597168 -0.189120
v 0.097939 0.593975 -0.188724
v 0.100299 0.589768 -0.186917
v 0.097126 0.590571 -0.189437
v 0.095233 0.591511 -0.192724
v 0.094372 0.592820 -0.196318
v 0.095645 0.590726 -0.200632
v 0.095402 0.594130 -0.199929
v 0.097727 0.592119 -0.203544
v 0.097200 0.595722 -0.202986
v 0.097914 0.598734 -0.201533
v 0.099111 0.601045 -0.199279
v 0.108537 0.593095 -0.187493
v 0.346505 0.433699 -0.069933
v 0.346530 0.433520 -0.069840
v 0.346497 0.433759 -0.069961
v 0.346534 0.433498 -0.069820
v 0.346512 0.433652 -0.069898
v 0.345322 0.433776 -0.069493
v 0.346508 0.433697 -0.069931
v 0.345313 0.433846 -0.069521
v 0.345358 0.433534 -0.069370
v 0.346547 0.433440 -0.069792
v 0.345325 0.433750 -0.069467
v 0.345313 0.433843 -0.069523
v 0.345317 0.433801 -0.069497
v 0.346522 0.433589 -0.069879
v 0.346529 0.433573 -0.069864
v 0.346528 0.433562 -0.069852
v 0.345329 0.433704 -0.069456
v 0.345343 0.433603 -0.069402
v 0.346543 0.433449 -0.069800
v 0.345347 0.433596 -0.069404
v 0.346518 0.433595 -0.069874
v 0.346506 0.433705 -0.069928
v 0.345333 0.433676 -0.069432
v 0.345351 0.433569 -0.069383
v 0.345338 0.433686 -0.069448
v 0.345329 0.433743 -0.069469
v 0.346541 0.433484 -0.069820
v 0.345349 0.433602 -0.069401
v 0.571079 0.226520 -0.196557
v 0.573081 0.217558 -0.188584
v 0.570985 0.212071 -0.210750
v 0.573302 0.214132 -0.211638
v 0.575917 0.207143 -0.198023
v 0.578146 0.227831 -0.194757
v 0.584089 0.218349 -0.187967
v 0.585655 0.213367 -0.195741
v 0.570572 0.224925 -0.199249
v 0.572834 0.226358 -0.199498
v 0.573061 0.227591 -0.195905
v 0.570910 0.225182 -0.194509
v 0.569499 0.222857 -0.197641
v 0.573284 0.226686 -0.192943
v 0.572751 0.215141 -0.190319
v 0.570715 0.217288 -0.192488
v 0.572126 0.219769 -0.189704
v 0.574679 0.221076 -0.188067
v 0.575475 0.217758 -0.187377
v 0.575611 0.214404 -0.188852
v 0.572026 0.212887 -0.211506
v 0.571119 0.215315 -0.210349
v 0.570057 0.213504 -0.208985
v 0.570418 0.211449 -0.206854
v 0.571964 0.210412 -0.209115
v 0.573636 0.211360 -0.210432
v 0.575223 0.213289 -0.210278
v 0.573216 0.216382 -0.210249
v 0.576003 0.216498 -0.208944
v 0.574047 0.207758 -0.200513
v 0.573077 0.209311 -0.197240
v 0.575781 0.208493 -0.195271
v 0.578940 0.208549 -0.194669
v 0.577973 0.207390 -0.198604
v 0.576120 0.207501 -0.202350
v 0.578883 0.226490 -0.197031
v 0.581303 0.225146 -0.194331
v 0.579227 0.226805 -0.192547
v 0.575794 0.228114 -0.195305
v 0.575949 0.226889 -0.198583
v 0.576427 0.227273 -0.192175
v 0.582120 0.218263 -0.187068
v 0.581453 0.221450 -0.187775
v 0.584055 0.220416 -0.189047
v 0.584869 0.216179 -0.189363
v 0.582507 0.215068 -0.188405
v 0.585416 0.218143 -0.191140
v 0.584692 0.213800 -0.198454
v 0.583137 0.210989 -0.199208
v 0.584559 0.211495 -0.195286
v 0.586007 0.215384 -0.193588
v 0.585116 0.217050 -0.196490
v 0.585014 0.213550 -0.192069
v 0.582641 0.211976 -0.191145
v 0.582026 0.209726 -0.194908
v 0.579216 0.211124 -0.191027
v 0.580765 0.208628 -0.199036
v 0.580876 0.211328 -0.203384
v 0.578569 0.208880 -0.203446
v 0.577973 0.212352 -0.207450
v 0.576036 0.209808 -0.207355
v 0.573828 0.208805 -0.206197
v 0.571984 0.209223 -0.203668
v 0.569409 0.213713 -0.203184
v 0.570748 0.211274 -0.200231
v 0.569039 0.216924 -0.199097
v 0.570368 0.214129 -0.196123
v 0.572614 0.212100 -0.193601
v 0.575763 0.211059 -0.191714
v 0.579229 0.214426 -0.188131
v 0.578773 0.218046 -0.186851
v 0.578174 0.221623 -0.187347
v 0.577224 0.224887 -0.189407
v 0.580555 0.224489 -0.189796
v 0.573947 0.224265 -0.190077
v 0.571192 0.222669 -0.192019
v 0.569658 0.220078 -0.195033
v 0.569054 0.219664 -0.201567
v 0.570329 0.222016 -0.203283
v 0.569257 0.216374 -0.205790
v 0.570585 0.218456 -0.207175
v 0.573026 0.219930 -0.207427
v 0.572907 0.223490 -0.203438
v 0.576166 0.224064 -0.202460
v 0.576311 0.220254 -0.206027
v 0.579773 0.219783 -0.203522
v 0.579625 0.223562 -0.200160
v 0.579300 0.215736 -0.206005
v 0.582345 0.214791 -0.202347
v 0.582956 0.218547 -0.199988
v 0.584632 0.220294 -0.193816
v 0.582504 0.222260 -0.197156
v 0.583005 0.222962 -0.191463
# 1881 vertices

vn -0.200659 0.952596 0.228684
vn -0.828393 0.558613 0.041428
vn -0.612393 0.724061 -0.317350
vn 0.341254 0.939724 -0.021552
vn 0.782241 0.581044 0.224693
vn 0.211152 0.829127 0.517652
vn -0.729780 0.553386 0.401478
vn 0.050142 -0.883373 0.465980
vn -0.363386 -0.931372 0.022276
vn -0.833958 -0.551548 0.017587
vn -0.433571 -0.705760 0.560285
vn 0.505212 -0.412814 0.757856
vn 0.729268 -0.507372 0.459066
vn 0.640637 -0.764250 0.074199
vn -0.026049 0.481310 0.876163
vn -0.433444 0.593043 0.678548
vn 0.498788 0.634695 0.590230
vn 0.604283 0.405677 0.685761
vn -0.471946 0.222912 0.852981
vn -0.918960 0.160497 0.360213
vn 0.439349 0.210880 0.873214
vn 0.263773 -0.906387 -0.329979
vn -0.465960 -0.809688 -0.356773
vn 0.629752 -0.646331 -0.430892
vn -0.241173 -0.731471 -0.637798
vn 0.958957 -0.279379 0.048476
vn 0.891363 0.038596 -0.451644
vn 0.875578 -0.207360 -0.436308
vn 0.999520 0.014070 -0.027587
vn 0.963262 0.202183 -0.176771
vn 0.602528 0.067798 -0.795213
vn 0.377173 -0.349144 -0.857811
vn 0.783394 0.357698 -0.508277
vn -0.644449 -0.197141 -0.738797
vn -0.630340 0.045998 -0.774956
vn -0.913618 -0.073768 -0.399824
vn -0.825055 -0.292102 -0.483694
vn -0.525064 -0.515465 -0.677203
vn -0.228795 -0.297956 -0.926755
vn 0.021603 0.106610 -0.994066
vn -0.100118 0.805498 -0.584080
vn -0.388380 0.501191 -0.773284
vn 0.517950 0.571546 -0.636445
vn 0.601280 0.737393 -0.307757
vn -0.897803 0.235155 -0.372359
vn -0.343778 -0.252642 0.904427
vn -0.847769 -0.252740 0.466272
vn -0.757882 -0.004310 0.652377
vn 0.088764 0.023938 0.995765
vn 0.706191 -0.019480 0.707753
vn 0.111962 -0.396510 0.911177
vn -0.724487 -0.501221 0.473176
vn -0.925364 -0.373833 0.062859
vn -0.971468 -0.205698 0.118061
vn -0.934015 -0.332090 -0.131650
vn -0.982104 -0.178176 -0.061034
vn -0.999459 -0.031093 0.010694
vn -0.975126 -0.038115 0.218347
vn -0.981192 0.150570 0.120789
vn -0.985848 -0.001486 -0.167636
vn -0.981367 0.161650 -0.103865
vn -0.914906 0.076085 -0.396432
vn -0.966357 -0.144051 -0.213080
vn -0.554589 0.267365 -0.788002
vn 0.242823 0.412636 -0.877934
vn 0.874749 0.427976 -0.227270
vn 0.960495 0.277886 0.015093
vn 0.925800 0.337470 0.170316
vn 0.877039 0.480361 0.007455
vn 0.839943 0.428312 0.333233
vn 0.936840 0.208069 0.281138
vn 0.855696 0.283039 0.433213
vn 0.921271 0.083615 0.379827
vn 0.817386 0.143991 0.557806
vn 0.858868 -0.067754 0.507696
vn 0.975469 0.006089 0.220054
vn 0.942132 -0.137289 0.305841
vn 0.991092 -0.133130 0.003599
vn 0.798052 -0.424828 -0.427357
vn 0.980347 0.133854 0.144924
vn 0.113370 -0.622352 -0.774484
vn -0.726247 -0.518637 -0.451200
vn -0.826437 -0.512630 -0.232837
vn -0.901470 -0.316618 -0.295135
vn 0.000000 0.000000 0.000000
vn -0.954226 -0.259405 0.148870
vn -0.890701 -0.402817 -0.210692
vn -0.972102 -0.084357 -0.218864
vn -0.967288 0.066136 0.244909
vn -0.771836 -0.361760 0.522876
vn -0.765145 -0.643719 -0.013370
vn -0.594395 0.098451 0.798124
vn -0.459401 0.835541 -0.301365
vn -0.801097 0.338161 -0.493854
vn -0.543094 0.315005 -0.778345
vn -0.014407 0.912336 -0.409189
vn -0.284808 0.957968 0.034387
vn -0.837326 0.518198 -0.174232
vn 0.337940 0.939065 0.062884
vn -0.251466 0.679021 0.689707
vn -0.454013 0.423294 0.784024
vn -0.873791 0.392892 0.286576
vn -0.502935 0.771079 0.390504
vn 0.067507 0.883579 0.463391
vn 0.170670 0.663013 0.728893
vn 0.108635 0.359828 0.926673
vn -0.124359 -0.776248 0.618040
vn -0.559285 -0.772379 0.301051
vn -0.368549 -0.376704 0.849862
vn 0.185081 -0.355219 0.916278
vn 0.108511 -0.917638 0.382317
vn -0.449431 -0.885729 -0.116171
vn 0.566708 -0.406481 0.716670
vn 0.420892 -0.410086 -0.809123
vn -0.099727 -0.586484 -0.803798
vn 0.235504 -0.725678 -0.646474
vn 0.774000 -0.359332 -0.521349
vn 0.930514 0.122555 -0.345144
vn 0.553952 -0.077237 -0.828958
vn -0.179906 -0.342568 -0.922107
vn 0.816388 0.358130 0.453049
vn 0.873414 0.429420 0.229667
vn 0.980984 0.092709 0.170517
vn 0.864075 0.101300 0.493065
vn 0.640142 0.200722 0.741572
vn 0.634174 0.495207 0.593796
vn 0.645589 0.678501 0.350502
vn 0.470189 -0.876049 -0.107053
vn 0.078555 -0.893042 -0.443063
vn -0.296994 -0.906788 -0.299216
vn 0.287267 -0.948342 0.134630
vn 0.837315 -0.543228 0.061697
vn 0.641679 -0.666478 -0.379547
vn 0.750192 -0.473738 0.461285
vn -0.080060 0.344987 -0.935187
vn -0.105485 -0.072863 -0.991748
vn 0.630578 0.277803 -0.724705
vn 0.457783 0.694356 -0.555252
vn -0.631808 -0.186050 -0.752465
vn -0.827657 -0.102098 -0.551869
vn -0.753017 -0.339779 -0.563486
vn -0.569693 -0.397910 -0.719109
vn -0.647742 -0.539571 -0.537859
vn -0.454632 -0.590501 -0.666796
vn -0.512920 -0.721680 -0.464856
vn -0.248398 -0.762036 -0.597996
vn -0.776281 -0.479322 -0.409438
vn -0.652779 -0.689192 -0.314474
vn -0.877781 -0.234988 -0.417469
vn -0.935485 0.062942 -0.347714
vn -0.960065 0.260120 -0.103020
vn -0.703767 0.705310 0.085146
vn -0.115987 0.960326 0.253615
vn 0.377561 0.889407 0.257689
vn 0.411244 0.794295 0.447184
vn 0.435560 0.590150 0.679714
vn 0.672304 0.724551 0.151768
vn 0.885873 0.463417 0.021790
vn 0.669322 0.739971 -0.066719
vn 0.862387 0.452703 -0.226602
vn 0.989068 0.127084 -0.074789
vn 0.944871 -0.265813 -0.191215
vn 0.967964 -0.200819 0.150723
vn 0.851314 -0.151304 0.502365
vn 0.641087 -0.062240 0.764940
vn 0.356462 0.031292 0.933785
vn 0.415923 0.306022 0.856364
vn -0.058489 0.067117 0.996029
vn -0.661602 -0.411702 -0.626725
vn -0.704719 -0.260824 -0.659804
vn -0.825535 -0.295215 -0.480979
vn -0.734239 -0.474585 -0.485451
vn -0.588069 -0.612838 -0.527830
vn -0.527358 -0.483145 -0.698903
vn -0.528132 -0.291480 -0.797569
vn -0.961576 -0.186275 -0.201676
vn -0.952059 -0.151609 -0.265703
vn -0.972933 -0.066486 -0.221317
vn -0.977117 -0.138370 -0.161541
vn -0.939806 -0.280702 -0.194862
vn -0.921200 -0.270523 -0.279656
vn -0.960009 -0.245192 -0.135146
vn -0.348721 -0.396235 -0.849348
vn -0.409050 -0.214601 -0.886918
vn -0.366377 -0.406830 -0.836814
vn -0.316371 -0.490479 -0.811998
vn -0.398659 -0.347574 -0.848683
vn -0.472140 -0.125416 -0.872556
vn -0.859367 0.280052 -0.427854
vn -0.874098 0.363137 -0.322620
vn -0.903500 0.363101 -0.227695
vn -0.941922 0.214425 -0.258467
vn -0.947993 0.134271 -0.288585
vn -0.890735 0.175584 -0.419239
vn -0.785041 0.235884 -0.572773
vn -0.718822 0.368555 -0.589459
vn -0.646317 0.493067 -0.582373
vn -0.752298 0.422558 -0.505462
vn -0.772852 0.515269 -0.370401
vn -0.654120 0.610515 -0.446541
vn -0.804573 0.543901 -0.238399
vn -0.652009 0.286867 -0.701849
vn -0.602288 0.191161 -0.775053
vn -0.455460 0.323116 -0.829549
vn -0.564682 0.413945 -0.713991
vn -0.417022 0.136667 -0.898563
vn -0.466372 0.171980 -0.867710
vn -0.322530 0.405562 -0.855274
vn -0.276097 0.381821 -0.882033
vn -0.488879 -0.083217 -0.868374
vn -0.213833 0.353184 -0.910789
vn -0.327013 0.222688 -0.918407
vn -0.406051 0.108434 -0.907394
vn -0.417408 -0.007723 -0.908686
vn -0.041255 0.441035 -0.896541
vn -0.069592 0.495622 -0.865746
vn -0.122434 0.425089 -0.896833
vn -0.230478 0.373675 -0.898469
vn 0.155600 0.480625 -0.863011
vn 0.124525 0.421129 -0.898412
vn 0.053336 0.495126 -0.867182
vn 0.005576 0.496671 -0.867921
vn -0.269628 0.833216 -0.482755
vn -0.401307 0.743351 -0.535146
vn -0.256631 0.667203 -0.699271
vn -0.117169 0.817412 -0.564011
vn -0.265535 0.899208 -0.347730
vn -0.448982 0.818441 -0.358565
vn -0.053550 0.920694 -0.386594
vn -0.205992 0.265768 -0.941772
vn -0.246046 0.079786 -0.965969
vn -0.016493 0.079537 -0.996695
vn -0.013412 0.296402 -0.954969
vn -0.294252 0.364637 -0.883434
vn -0.418151 0.136571 -0.898052
vn -0.063033 0.474790 -0.877839
vn -0.189204 0.496367 -0.847243
vn -0.250083 0.465153 -0.849171
vn 0.038502 0.577255 -0.815655
vn -0.103526 0.615192 -0.781551
vn 0.137782 0.629070 -0.765041
vn 0.165359 0.644168 -0.746796
vn 0.138261 0.708523 -0.692011
vn 0.021510 0.781101 -0.624035
vn -0.317157 -0.886093 0.338009
vn -0.408379 -0.851306 0.329400
vn -0.366200 -0.771567 0.520175
vn -0.242523 -0.846955 0.473128
vn -0.135827 -0.921938 0.362741
vn -0.260886 -0.939748 0.220935
vn -0.369770 -0.916778 0.150958
vn -0.633568 -0.634237 0.443098
vn -0.667140 -0.689407 0.282208
vn -0.832907 -0.507783 0.220050
vn -0.748957 -0.487284 0.449017
vn -0.544608 -0.517215 0.660220
vn -0.445741 -0.690189 0.570048
vn -0.434696 -0.807793 0.398133
vn -0.435268 -0.171347 0.883845
vn -0.616121 -0.164387 0.770306
vn -0.592641 -0.055581 0.803547
vn -0.367582 -0.092015 0.925428
vn -0.345659 -0.286678 0.893497
vn -0.552924 -0.309748 0.773518
vn -0.213694 -0.203855 0.955394
vn -0.967402 -0.195436 0.161052
vn -0.960983 -0.156304 0.228212
vn -0.986952 -0.136851 0.084837
vn -0.993538 -0.106010 0.040547
vn -0.999539 -0.018223 -0.024287
vn -0.998422 -0.055989 -0.004288
vn -0.997511 -0.069390 -0.012517
vn -0.940095 -0.288029 0.182375
vn -0.811238 -0.366498 0.455602
vn -0.858869 -0.278006 0.430182
vn -0.879745 -0.174029 0.442450
vn -0.986993 0.009038 -0.160510
vn -0.982940 -0.027541 -0.181851
vn -0.966938 0.003875 -0.254983
vn -0.974404 0.042844 -0.220682
vn -0.972993 0.111936 -0.201877
vn -0.981452 0.103840 -0.161152
vn -0.988470 -0.077779 -0.129917
vn -0.985346 -0.099464 -0.138564
vn -0.990829 0.010648 -0.134701
vn -0.990811 -0.070749 -0.115277
vn -0.983692 0.110130 -0.142198
vn -0.525901 0.686509 0.502129
vn -0.547439 0.676741 0.492273
vn -0.623229 0.716999 0.312247
vn -0.635402 0.721773 0.274423
vn -0.522685 0.764416 0.377450
vn -0.356087 0.795152 0.490852
vn -0.305001 0.740351 0.599044
vn -0.191313 0.710309 0.677393
vn -0.353449 0.664138 0.658783
vn -0.438737 0.621624 0.648917
vn -0.841478 0.015614 0.540066
vn -0.888218 -0.296324 0.351086
vn -0.995568 0.092136 0.018857
vn -0.910324 0.307268 0.277304
vn -0.695390 0.600164 0.395268
vn -0.609802 0.219225 0.761631
vn -0.650077 -0.252819 0.716577
vn -0.852387 0.522186 0.027520
vn -0.222788 0.112158 0.968394
vn -0.323673 0.023671 0.945873
vn -0.331010 0.268032 0.904760
vn -0.217537 0.298185 0.929389
vn -0.132217 0.230079 0.964149
vn -0.167861 0.032695 0.985268
vn -0.289540 -0.119168 0.949719
vn -0.241028 -0.089106 0.966419
vn -0.482216 -0.130080 0.866341
vn -0.462599 -0.218062 0.859332
vn -0.265332 -0.136775 0.954406
vn -0.138848 -0.019998 0.990112
vn -0.111532 -0.038449 0.993017
vn -0.307497 -0.061516 0.949559
vn -0.528202 -0.051760 0.847540
vn -0.136919 -0.092962 0.986211
vn -0.172603 -0.136324 0.975512
vn -0.069846 -0.040175 0.996748
vn -0.345599 0.529165 0.774949
vn -0.502659 0.667790 0.548990
vn -0.548278 0.632030 0.547657
vn -0.440020 0.519280 0.732619
vn -0.360544 0.627886 0.689759
vn -0.487720 0.718141 0.496389
vn -0.304999 0.387943 0.869756
vn -0.228908 0.352927 0.907217
vn -0.197041 0.397989 0.895980
vn -0.260480 0.481580 0.836798
vn -0.147276 0.271303 0.951160
vn -0.174736 0.474507 0.862734
vn -0.308912 0.551656 0.774757
vn -0.187048 0.626513 0.756633
vn -0.047303 0.515848 0.855373
vn -0.169877 0.369588 0.913535
vn -0.350414 0.445958 0.823609
vn 0.007607 0.377654 0.925915
vn 0.179834 -0.104005 -0.978184
vn -0.002174 -0.129990 -0.991513
vn 0.098742 -0.306401 -0.946767
vn 0.289131 -0.216141 -0.932570
vn 0.396596 -0.032623 -0.917413
vn 0.212170 0.063001 -0.975200
vn -0.011388 -0.666179 -0.745705
vn -0.128169 -0.777838 -0.615257
vn 0.003624 -0.832762 -0.553620
vn 0.141704 -0.687178 -0.712535
vn 0.009586 -0.614216 -0.789080
vn -0.170449 -0.729644 -0.662244
vn 0.225810 -0.599382 -0.767953
vn -0.098303 -0.622458 -0.776455
vn -0.188385 -0.710917 -0.677576
vn 0.146362 -0.570292 -0.808298
vn -0.038708 -0.590471 -0.806130
vn 0.273104 -0.584167 -0.764306
vn 0.175286 -0.549623 -0.816817
vn -0.013099 -0.585251 -0.810746
vn 0.344488 -0.558767 -0.754393
vn 0.295077 -0.498097 -0.815370
vn 0.316004 -0.437228 -0.842005
vn 0.154396 -0.852590 -0.499251
vn -0.055137 -0.922637 -0.381709
vn 0.151978 -0.917576 -0.367365
vn 0.292447 -0.759669 -0.580843
vn 0.346488 -0.843288 -0.410865
vn 0.474040 0.054626 -0.878807
vn 0.455716 -0.177412 -0.872266
vn 0.407430 -0.269796 -0.872474
vn 0.455896 -0.113292 -0.882793
vn 0.504008 -0.024504 -0.863351
vn 0.440672 0.080194 -0.894079
vn 0.496406 0.105510 -0.861654
vn 0.468261 -0.118864 -0.875558
vn 0.267633 0.237952 -0.933676
vn 0.361997 0.321831 -0.874862
vn 0.588424 -0.330568 -0.737890
vn 0.722151 -0.257477 -0.642030
vn 0.727381 -0.101096 -0.678747
vn 0.561871 -0.216965 -0.798265
vn 0.429449 -0.396292 -0.811497
vn 0.495021 -0.509388 -0.703902
vn 0.630041 -0.499099 -0.594935
vn 0.745573 -0.424868 -0.513428
vn 0.574933 -0.652922 -0.493097
vn 0.741186 -0.537274 -0.402469
vn 0.858553 -0.215139 -0.465405
vn 0.870317 -0.350996 -0.345471
vn 0.852599 -0.072198 -0.517555
vn 0.937536 -0.165614 -0.305938
vn 0.927508 -0.071516 -0.366899
vn 0.895798 -0.359413 -0.261473
vn 0.765781 -0.575670 -0.286677
vn 0.212123 0.212755 -0.953802
vn 0.118637 0.476765 -0.870988
vn 0.124804 0.441015 -0.888780
vn 0.114103 0.465233 -0.877804
vn 0.266220 0.290284 -0.919164
vn 0.249119 0.519044 -0.817639
vn 0.444178 0.182139 -0.877229
vn 0.458793 0.475213 -0.750788
vn 0.427712 0.016281 -0.903769
vn 0.640391 0.372914 -0.671443
vn 0.672168 0.144859 -0.726090
vn 0.820149 0.222590 -0.527076
vn 0.714805 0.472703 -0.515370
vn 0.505783 0.652144 -0.564705
vn 0.951535 0.238603 -0.194035
vn 0.949506 0.184684 -0.253634
vn 0.970360 0.101528 -0.219302
vn 0.967103 0.198841 -0.158661
vn 0.920817 0.343473 -0.184720
vn 0.912838 0.314928 -0.259900
vn 0.937999 0.321027 -0.130760
vn 0.515168 -0.741859 0.429240
vn 0.297994 -0.839889 0.453637
vn 0.235822 -0.817675 0.525162
vn 0.393943 -0.725729 0.564026
vn 0.468427 -0.832950 0.294570
vn 0.317608 -0.881229 0.350086
vn 0.468680 -0.657377 0.590080
vn 0.557518 -0.699890 0.446461
vn 0.976367 -0.015170 -0.215584
vn 0.973570 -0.100191 -0.205238
vn 0.975764 -0.126052 -0.178872
vn 0.983548 -0.028687 -0.178356
vn 0.954724 -0.026893 -0.296276
vn 0.962091 -0.082495 -0.259953
vn 0.967765 0.014979 -0.251411
vn 0.938856 -0.006888 -0.344241
vn 0.982759 0.059114 -0.175186
vn 0.979068 0.072405 -0.190220
vn 0.985769 0.053575 -0.159339
vn 0.951906 0.220392 0.212843
vn 0.822669 0.270874 0.499843
vn 0.857124 0.167737 0.487035
vn 0.949832 0.171584 0.261492
vn 0.993503 0.108419 0.034612
vn 0.991215 0.127231 0.036113
vn 0.913916 0.317638 0.252712
vn 0.760531 0.373283 0.531274
vn 0.980737 0.166761 0.101716
vn 0.987069 0.145611 0.067030
vn 0.997424 0.071731 0.000737
vn 0.074476 -0.493603 0.866493
vn -0.058525 -0.569678 0.819781
vn -0.144631 -0.429509 0.891405
vn 0.051673 -0.374274 0.925878
vn 0.256763 -0.407839 0.876208
vn 0.228964 -0.550183 0.803041
vn 0.108972 -0.671109 0.733306
vn 0.364128 -0.555098 0.747848
vn 0.261497 -0.376700 0.888660
vn 0.164408 -0.289133 0.943065
vn 0.197448 -0.421093 0.885266
vn 0.227073 -0.540030 0.810435
vn 0.363455 -0.668512 0.648839
vn 0.462988 -0.546570 0.697785
vn 0.346372 -0.424922 0.836342
vn 0.498746 -0.735616 0.458390
vn 0.515879 -0.682588 0.517632
vn 0.561268 -0.646203 0.517108
vn 0.189736 0.068857 0.979418
vn 0.099537 -0.016824 0.994892
vn 0.064097 -0.002062 0.997942
vn 0.087021 0.057772 0.994530
vn 0.195506 0.093559 0.976230
vn 0.109918 -0.059138 0.992180
vn 0.396614 0.150657 0.905539
vn 0.355510 0.210318 0.910703
vn 0.263683 0.036209 0.963930
vn 0.464611 0.073760 0.882437
vn 0.128068 0.072041 0.989145
vn 0.201402 -0.223519 0.953665
vn 0.229946 -0.430099 0.873006
vn 0.131208 -0.359116 0.924024
vn 0.133760 -0.130776 0.982347
vn 0.282217 -0.131552 0.950288
vn 0.342616 -0.410942 0.844832
vn 0.219074 0.047116 0.974570
vn 0.918862 -0.199954 0.340163
vn 0.801022 0.085299 0.592527
vn 0.843912 0.352463 0.404452
vn 0.997907 -0.010192 0.063849
vn 0.890851 -0.452073 0.044871
vn 0.730664 -0.506562 0.457739
vn 0.578005 -0.105810 0.809144
vn 0.590189 0.310880 0.745004
vn 0.312204 0.934087 0.173235
vn 0.360836 0.917626 0.166616
vn 0.348850 0.871803 0.343894
vn 0.282893 0.911521 0.298498
vn 0.263870 0.961576 0.075790
vn 0.320625 0.946944 0.022307
vn 0.212444 0.957658 0.194318
vn 0.003507 -0.010746 0.999936
vn 0.024872 0.044769 0.998688
vn 0.065413 0.152074 0.986202
vn 0.068935 0.185135 0.980292
vn 0.042558 0.127544 0.990919
vn 0.262815 0.163652 0.950866
vn 0.182915 0.101788 0.977845
vn 0.103553 0.235839 0.966259
vn 0.225586 0.281289 0.932731
vn 0.406454 0.270081 0.872841
vn 0.412925 0.135513 0.900627
vn 0.345474 0.042654 0.937458
vn 0.782039 0.484085 0.392526
vn 0.816818 0.534058 0.218151
vn 0.915047 0.369079 0.162698
vn 0.848418 0.344928 0.401511
vn 0.666352 0.393923 0.633088
vn 0.612687 0.569693 0.547781
vn 0.627890 0.685008 0.369483
vn -0.535048 -0.843969 0.037954
vn -0.527239 -0.839457 0.131650
vn -0.341321 -0.920672 0.189376
vn -0.396894 -0.916755 0.045113
vn -0.473771 -0.878340 -0.063718
vn -0.625472 -0.777829 -0.061381
vn -0.694318 -0.718740 0.036541
vn 0.528906 0.845009 0.078851
vn 0.662550 0.743577 -0.090121
vn 0.731360 0.680242 0.048810
vn 0.513314 0.830900 0.214741
vn 0.275476 0.926352 0.256874
vn 0.353912 0.934014 0.048612
vn 0.490698 0.860665 -0.135910
vn -0.208732 -0.530896 -0.821329
vn -0.225457 -0.518669 -0.824713
vn -0.215473 -0.578668 -0.786584
vn -0.478046 -0.055618 -0.876572
vn -0.441376 -0.183952 -0.878265
vn -0.413558 -0.349483 -0.840733
vn -0.188783 -0.424989 -0.885294
vn -0.308685 -0.274499 -0.910694
vn -0.414240 -0.308731 -0.856207
vn -0.225383 -0.492088 -0.840864
vn 0.013702 -0.551933 -0.833776
vn -0.000779 -0.443148 -0.896448
vn -0.102740 -0.285695 -0.952797
vn -0.514089 0.517959 -0.683689
vn -0.588120 0.622414 -0.516445
vn -0.392198 0.405663 -0.825602
vn -0.333053 0.439850 -0.834031
vn -0.457139 0.530514 -0.713848
vn -0.554926 0.621977 -0.552450
vn -0.305126 -0.951841 0.029948
vn -0.421157 -0.903112 -0.083758
vn -0.567004 -0.813593 -0.128732
vn -0.687350 -0.714399 -0.131090
vn -0.748877 -0.657166 -0.085532
vn -0.796629 -0.604335 -0.012708
vn -0.317008 -0.948418 -0.003086
vn -0.262749 -0.947416 0.182664
vn -0.294225 -0.940913 0.167675
vn -0.360926 -0.917999 0.164347
vn -0.343690 -0.938964 0.014957
vn -0.385010 -0.917938 -0.095695
vn -0.315282 -0.944241 -0.094905
vn -0.365544 -0.922425 -0.124541
vn -0.400451 -0.902176 0.160366
vn -0.355995 -0.934329 0.017212
vn -0.273841 -0.893146 0.356793
vn -0.354997 -0.863474 0.358316
vn -0.420656 -0.838080 0.347377
vn -0.163276 -0.966343 -0.198803
vn -0.245186 -0.948091 -0.202504
vn -0.278979 -0.947595 -0.155671
vn -0.245330 -0.957152 -0.153861
vn -0.018987 -0.976500 -0.214679
vn -0.031255 -0.973391 -0.227007
vn -0.155245 -0.959590 -0.234702
vn -0.234555 -0.936882 -0.259298
vn -0.119329 -0.972783 -0.198630
vn 0.017849 -0.975287 -0.220219
vn -0.219820 -0.963323 -0.153910
vn -0.253027 -0.567366 0.783628
vn -0.165208 -0.405593 0.899000
vn -0.150410 -0.296379 0.943152
vn -0.209905 -0.386651 0.898021
vn -0.259815 -0.448541 0.855165
vn -0.344234 -0.591699 0.728968
vn -0.193863 -0.650329 0.734499
vn -0.166616 -0.488266 0.856641
vn -0.403895 -0.731033 0.549964
vn -0.322376 -0.756611 0.568870
vn -0.074169 -0.108002 0.991380
vn -0.119200 -0.175395 0.977255
vn -0.070079 0.057074 0.995907
vn -0.027562 0.034555 0.999023
vn -0.267413 0.962178 0.051994
vn -0.458756 0.881582 0.111156
vn -0.436405 0.898282 -0.051378
vn -0.206116 0.976463 -0.063530
vn -0.006719 0.999970 0.003785
vn -0.128977 0.980888 0.145682
vn -0.347436 0.898983 0.266677
vn -0.172870 0.899167 0.402013
vn -0.059418 0.844978 0.531490
vn 0.165488 0.971919 -0.167295
vn 0.162645 0.966833 -0.196930
vn 0.235202 0.948559 -0.211934
vn 0.248146 0.953986 -0.168324
vn 0.280901 0.950724 -0.131223
vn 0.238284 0.962277 -0.131313
vn 0.030761 0.983335 -0.179182
vn 0.051689 0.980290 -0.190680
vn 0.468068 -0.635379 -0.614171
vn 0.554450 -0.701961 -0.447029
vn 0.629187 -0.682260 -0.372351
vn 0.385105 -0.511326 -0.768271
vn 0.441137 -0.637539 -0.631619
vn 0.520111 -0.703397 -0.484476
vn 0.342493 0.338014 -0.876610
vn 0.387574 0.357338 -0.849762
vn 0.159903 0.518354 -0.840083
vn 0.163891 0.437044 -0.884382
vn 0.198379 0.250263 -0.947636
vn 0.394937 0.160320 -0.904612
vn 0.448254 0.027424 -0.893485
vn 0.528811 0.039831 -0.847804
vn 0.276351 -0.955087 0.106949
vn 0.135129 -0.969782 0.203134
vn 0.059204 -0.945307 0.320765
vn 0.399481 -0.915519 0.047334
vn 0.557698 -0.817596 0.143210
vn 0.526900 -0.849105 -0.037373
vn 0.323080 -0.942616 -0.084224
vn 0.276190 0.949798 0.146977
vn 0.337081 0.928865 0.153578
vn 0.338559 0.940879 0.011130
vn 0.328607 0.944211 -0.021994
vn 0.242160 0.908261 0.341205
vn 0.311948 0.886176 0.342607
vn 0.211540 0.963920 0.161580
vn 0.184395 0.915908 0.356526
vn 0.289060 0.957155 -0.017280
vn 0.349495 0.932486 -0.091234
vn 0.414901 0.901740 -0.121336
vn 0.420937 0.899713 -0.115450
vn 0.440450 0.886936 -0.139103
vn 0.318145 0.944933 -0.076716
vn 0.269494 0.963002 -0.000696
vn 0.466480 0.868486 -0.167713
vn 0.698875 0.692574 -0.178651
vn 0.809291 0.583318 -0.069192
vn 0.793631 0.591217 -0.143572
vn 0.856572 0.509339 -0.082819
vn 0.603681 0.777776 -0.175026
vn 0.728001 0.665873 -0.163182
vn 0.141561 0.464300 0.874292
vn 0.208633 0.655625 0.725691
vn 0.150901 0.677029 0.720320
vn 0.101335 0.509759 0.854328
vn 0.191459 0.539758 0.819759
vn 0.253865 0.665692 0.701717
vn 0.068639 0.339286 0.938176
vn 0.079777 0.292105 0.953053
vn 0.065135 0.240159 0.968546
vn 0.099221 0.343808 0.933784
vn 0.115890 0.443336 0.888832
vn -0.007805 0.210900 0.977476
vn 0.000620 0.288193 0.957572
vn -0.114286 0.245411 0.962659
vn -0.148599 0.298659 0.942720
vn -0.013028 0.121288 0.992532
vn -0.079961 0.164680 0.983101
vn -0.103683 0.127986 0.986341
vn 0.069813 0.561226 0.824713
vn 0.163695 0.629287 0.759738
vn 0.090763 0.716720 0.691429
vn 0.186845 0.791543 0.581850
vn 0.238594 0.720104 0.651555
vn -0.044029 0.660094 0.749891
vn 0.003737 0.787493 0.616312
vn 0.079720 0.922673 0.377253
vn 0.127928 0.863591 0.487694
vn 0.144292 0.965143 0.218357
vn 0.185067 0.922683 0.338240
vn 0.244541 0.861991 0.444040
vn 0.299845 0.808173 0.506902
vn 0.352595 0.869567 0.345732
vn 0.310040 0.785670 0.535349
vn 0.266524 0.794548 0.545581
vn 0.201840 0.814757 0.543537
vn 0.163489 0.821233 0.546669
vn 0.137697 0.689410 0.711163
vn 0.174534 0.811180 0.558145
vn 0.170810 0.686768 0.706523
vn 0.176686 0.545862 0.819034
vn 0.113073 0.536880 0.836047
vn 0.194736 0.409841 0.891127
vn 0.097814 0.383232 0.918458
vn 0.296193 0.525642 0.797477
vn 0.350462 0.392019 0.850587
vn 0.464356 0.472553 0.749044
vn 0.536229 0.335856 0.774377
vn 0.587322 0.223091 0.778000
vn 0.591197 0.122571 0.797159
vn 0.730129 0.273820 0.626047
vn 0.761492 0.190788 0.619460
vn 0.761073 0.128992 0.635711
vn 0.731853 0.104430 0.673414
vn 0.540822 0.064668 0.838648
vn 0.891155 0.188797 0.412552
vn 0.888491 0.150164 0.433628
vn 0.875690 0.139087 0.462408
vn 0.684436 0.133935 0.716665
vn 0.953364 0.182280 0.240562
vn 0.951561 0.164523 0.259737
vn 0.970394 0.222971 0.092840
vn 0.976260 0.188123 0.107361
vn 0.963237 0.268563 -0.006999
vn 0.976259 0.216506 0.006537
vn 0.985071 0.172091 0.004496
vn 0.992097 0.124329 -0.016932
vn 0.966774 0.249004 -0.057831
vn 0.980472 0.187540 -0.059189
vn 0.989556 0.123314 -0.074647
vn 0.994038 0.043417 -0.100014
vn 0.997305 0.048149 -0.055363
vn 0.973431 0.207207 -0.097453
vn 0.985078 0.130785 -0.111878
vn 0.989879 0.047713 -0.133655
vn 0.987422 -0.045164 -0.151521
vn 0.990527 -0.059803 -0.123615
vn 0.981045 0.140460 -0.133500
vn 0.966609 0.228214 -0.116559
vn 0.960239 0.251440 -0.121322
vn 0.978395 0.151238 -0.140960
vn 0.951935 0.281727 -0.120210
vn 0.975114 0.169087 -0.143393
vn 0.928521 0.352148 -0.117650
vn 0.912270 0.391600 -0.120055
vn 0.891458 0.432601 -0.134756
vn 0.857264 0.498109 -0.130327
vn 0.828996 0.539681 -0.146661
vn 0.801468 0.569212 -0.183431
vn 0.870785 0.457898 -0.179058
vn 0.780553 0.577418 -0.239425
vn 0.860617 0.447127 -0.243753
vn 0.765808 0.564631 -0.307782
vn 0.860220 0.402508 -0.313063
vn 0.910695 0.249317 -0.329357
vn 0.937279 0.125520 -0.325196
vn 0.855835 0.329608 -0.398629
vn 0.890572 0.166158 -0.423406
vn 0.901938 0.066319 -0.426742
vn 0.815610 0.007788 -0.578550
vn 0.837924 -0.004549 -0.545768
vn 0.918093 0.017219 -0.395992
vn 0.954844 0.050108 -0.292853
vn 0.819797 0.067179 -0.568700
vn 0.654396 -0.005793 -0.756130
vn 0.653933 -0.019723 -0.756295
vn 0.699804 0.000334 -0.714335
vn 0.615152 0.001242 -0.788407
vn 0.761214 -0.004169 -0.648488
vn 0.874523 -0.011034 -0.484859
vn 0.813857 -0.020944 -0.580688
vn 0.906320 -0.023627 -0.421931
vn 0.678282 -0.039175 -0.733757
vn 0.536031 -0.114553 -0.836390
vn 0.435946 -0.249106 -0.864811
vn 0.373681 -0.388970 -0.842060
vn 0.749309 0.533598 -0.392186
vn 0.633732 0.699899 -0.329432
vn 0.579842 0.693061 -0.428310
vn 0.498917 0.783556 -0.370298
vn 0.416604 0.763657 -0.493222
vn 0.314603 0.692483 -0.649224
vn 0.301047 0.774088 -0.556918
vn 0.191244 0.664460 -0.722439
vn 0.243456 0.762273 -0.599724
vn 0.162361 0.625059 -0.763506
vn 0.219921 0.757548 -0.614618
vn 0.154511 0.617188 -0.771495
vn 0.210800 0.767724 -0.605114
vn 0.279060 0.846047 -0.454235
vn 0.254439 0.860342 -0.441670
vn 0.231643 0.882843 -0.408570
vn 0.212824 0.792486 -0.571552
vn 0.182229 0.913959 -0.362591
vn 0.178863 0.839208 -0.513554
vn 0.083436 0.944873 -0.316628
vn 0.085724 0.889488 -0.448846
vn -0.069808 0.958048 -0.277975
vn -0.087985 0.971738 -0.219051
vn -0.265829 0.940562 -0.211371
vn -0.263237 0.929638 -0.257838
vn 0.065710 0.969642 -0.235536
vn 0.170408 0.950590 -0.259500
vn -0.104246 0.976331 -0.189501
vn -0.131121 0.974425 -0.182493
vn -0.302708 0.936535 -0.176834
vn -0.276826 0.942439 -0.187554
vn -0.448200 0.878763 -0.163989
vn -0.427612 0.885156 -0.183430
vn -0.422446 0.881212 -0.212142
vn -0.538131 0.824024 -0.177197
vn -0.532595 0.818621 -0.214945
vn -0.535381 0.797423 -0.278358
vn -0.431648 0.862808 -0.263139
vn -0.532845 0.750880 -0.390200
vn -0.597653 0.749691 -0.284209
vn -0.578391 0.709834 -0.401995
vn -0.520555 0.638149 -0.567264
vn -0.481166 0.672322 -0.562550
vn -0.404336 0.546393 -0.733462
vn -0.352711 0.577983 -0.735888
vn -0.613232 0.685793 -0.391963
vn -0.643712 0.714271 -0.274684
vn -0.689688 0.680037 -0.248756
vn -0.649400 0.671065 -0.357703
vn -0.751575 0.625188 -0.210419
vn -0.708939 0.638870 -0.298748
vn -0.834023 0.522773 -0.176395
vn -0.849169 0.507208 -0.147143
vn -0.917330 0.371215 -0.143892
vn -0.912877 0.371796 -0.168592
vn -0.776515 0.608478 -0.163642
vn -0.787891 0.600736 -0.135442
vn -0.854058 0.503635 -0.130140
vn -0.714251 0.675007 -0.184961
vn -0.728079 0.669772 -0.145964
vn -0.734604 0.668795 -0.114321
vn -0.790199 0.602639 -0.111406
vn -0.661288 0.722216 -0.202736
vn -0.673560 0.722071 -0.157894
vn -0.683134 0.719986 -0.122263
vn -0.690189 0.719017 -0.081573
vn -0.734846 0.673847 -0.077015
vn -0.614936 0.770330 -0.168658
vn -0.627158 0.767266 -0.134073
vn -0.642149 0.760726 -0.094548
vn -0.657317 0.752694 -0.037228
vn -0.692986 0.720569 -0.023478
vn -0.553708 0.819351 -0.148561
vn -0.578529 0.807500 -0.115098
vn -0.609164 0.790519 -0.063236
vn -0.638122 0.769669 0.020255
vn -0.666960 0.743423 0.049871
vn -0.484667 0.863254 -0.141033
vn -0.534318 0.839334 -0.100115
vn -0.589296 0.807510 -0.025653
vn -0.633354 0.767667 0.097728
vn -0.649971 0.745741 0.146318
vn -0.415777 0.898624 -0.140014
vn -0.497145 0.863627 -0.083637
vn -0.576584 0.816672 0.024440
vn -0.604679 0.770999 0.199808
vn -0.339766 0.931302 -0.131285
vn -0.250873 0.953287 -0.168245
vn -0.072172 0.983241 -0.167416
vn -0.138112 0.981374 -0.133529
vn 0.068759 0.988419 -0.135274
vn 0.029211 0.995937 -0.085183
vn 0.158045 0.983946 -0.082902
vn 0.124421 0.992187 -0.009168
vn 0.089607 0.990459 0.104695
vn 0.000305 0.966762 0.255678
vn 0.175757 0.980852 0.083897
vn 0.215987 0.976307 -0.013231
vn 0.199474 0.972435 -0.120746
vn 0.262872 0.962841 -0.061939
vn 0.295055 0.952658 -0.073387
vn 0.340221 0.940180 0.017633
vn 0.364729 0.916995 0.161533
vn 0.115229 0.980361 -0.160043
vn -0.011976 0.983532 -0.180339
vn -0.179993 0.966656 -0.182149
vn -0.349278 0.922095 -0.166573
vn -0.628249 0.700545 0.338438
vn -0.661278 0.729218 0.175934
vn -0.621868 0.697191 0.356658
vn -0.666489 0.720931 0.189871
vn -0.687389 0.723493 0.063672
vn -0.670461 0.719234 0.182170
vn -0.708440 0.703233 0.059797
vn -0.727446 0.685787 -0.022767
vn -0.740697 0.670808 0.037198
vn -0.769742 0.637403 -0.034858
vn -0.784666 0.614607 -0.080971
vn -0.824387 0.563157 -0.056914
vn -0.842544 0.530751 -0.091772
vn -0.851663 0.511523 -0.114079
vn -0.903337 0.415988 -0.104576
vn -0.911925 0.392265 -0.120508
vn -0.916571 0.377378 -0.132225
vn -0.958781 0.254985 -0.125382
vn -0.961332 0.237934 -0.138668
vn -0.961931 0.226987 -0.152200
vn -0.957271 0.223190 -0.183896
vn -0.985076 0.121710 -0.121703
vn -0.986546 0.129962 -0.099181
vn -0.997604 0.006660 -0.068867
vn -0.994313 0.012949 -0.105704
vn -0.954948 0.275526 -0.110266
vn -0.948090 0.303889 -0.093681
vn -0.987842 0.134658 -0.077691
vn -0.888035 0.452562 -0.081129
vn -0.859845 0.508615 -0.044473
vn -0.932821 0.351698 -0.078449
vn -0.791701 0.610909 -0.000651
vn -0.736103 0.670953 0.089299
vn -0.808286 0.588533 0.017423
vn -0.689717 0.708935 0.147314
vn -0.606445 0.734899 0.303558
vn -0.649615 0.725596 0.226957
vn -0.604619 0.715751 0.349479
vn -0.534153 0.737758 0.412787
vn -0.605498 0.731602 0.313258
vn -0.724861 0.676601 0.129569
vn -0.704361 0.686056 0.182218
vn -0.827078 0.561786 0.018396
vn -0.897914 0.437178 -0.051230
vn -0.941856 0.328446 -0.070920
vn -0.975879 0.203522 -0.078991
vn -0.986252 0.147835 -0.073836
vn -0.999317 -0.028952 -0.022958
vn -0.914965 -0.330624 0.231359
vn -0.740475 -0.384021 0.551566
vn -0.575332 -0.254945 0.777172
vn -0.637079 -0.318331 0.701995
vn -0.507346 -0.023408 0.861425
vn -0.412886 0.155416 0.897425
vn -0.439280 -0.100011 0.892766
vn -0.485145 0.371908 0.791403
vn -0.411329 0.458131 0.787988
vn -0.560771 0.668154 0.488986
vn -0.481919 0.675232 0.558405
vn -0.417478 0.664528 0.619770
vn -0.342853 0.497031 0.797128
vn -0.452809 -0.221783 0.863583
vn -0.681750 -0.270509 0.679736
vn -0.712794 -0.166358 0.681359
vn -0.744072 -0.091428 0.661814
vn -0.888530 -0.128568 0.440437
vn -0.777848 -0.091099 0.621814
vn -0.897390 -0.133582 0.420532
vn -0.955890 -0.167871 0.241025
vn -0.958173 -0.147972 0.244966
vn -0.974010 -0.200326 0.105705
vn -0.981290 -0.161759 0.104428
vn -0.971963 -0.234814 0.012253
vn -0.983670 -0.179613 0.011479
vn -0.991392 -0.130907 -0.002446
vn -0.978021 -0.202613 -0.049215
vn -0.988672 -0.137452 -0.060286
vn -0.994249 -0.069273 -0.081667
vn -0.996570 -0.076638 -0.031211
vn -0.984096 -0.149836 -0.095415
vn -0.969641 -0.229032 -0.085681
vn -0.959773 -0.260628 -0.104449
vn -0.979534 -0.168183 -0.110578
vn -0.946388 -0.301211 -0.116711
vn -0.972845 -0.199545 -0.117279
vn -0.926775 -0.348584 -0.139921
vn -0.906341 -0.402919 -0.127286
vn -0.878526 -0.452402 -0.153378
vn -0.846790 -0.492793 -0.200253
vn -0.902580 -0.385099 -0.192477
vn -0.815324 -0.511886 -0.270591
vn -0.881613 -0.387454 -0.269514
vn -0.782190 -0.507292 -0.361710
vn -0.863010 -0.354276 -0.360142
vn -0.901845 -0.225591 -0.368490
vn -0.928786 -0.117392 -0.351534
vn -0.851901 -0.175233 -0.493516
vn -0.875865 -0.088614 -0.474351
vn -0.904206 -0.026402 -0.426279
vn -0.951362 -0.040818 -0.305361
vn -0.736633 -0.145208 -0.660520
vn -0.770696 -0.070546 -0.633286
vn -0.812106 -0.016060 -0.583289
vn -0.853242 0.026762 -0.520828
vn -0.929394 0.017578 -0.368669
vn -0.619431 -0.064822 -0.782371
vn -0.670009 -0.002130 -0.742350
vn -0.722556 0.046604 -0.689740
vn -0.772536 0.105163 -0.626203
vn -0.884469 0.080239 -0.459648
vn -0.515204 0.034490 -0.856373
vn -0.554735 0.107530 -0.825049
vn -0.414770 0.205810 -0.886345
vn -0.324937 0.300711 -0.896654
vn -0.945268 0.062486 -0.320255
vn -0.572739 -0.154662 -0.805015
vn -0.721449 -0.629376 -0.288786
vn -0.663840 -0.638589 -0.389257
vn -0.619552 -0.719811 -0.313093
vn -0.555043 -0.715787 -0.423764
vn -0.482503 -0.663273 -0.572067
vn -0.469768 -0.763682 -0.442840
vn -0.414151 -0.695054 -0.587689
vn -0.372886 -0.567462 -0.734127
vn -0.424816 -0.530681 -0.733423
vn -0.358706 -0.731109 -0.580353
vn -0.324972 -0.617806 -0.716037
vn -0.303366 -0.771083 -0.559822
vn -0.256575 -0.673287 -0.693437
vn -0.255847 -0.806656 -0.532774
vn -0.285550 -0.873393 -0.394520
vn -0.237245 -0.904453 -0.354512
vn -0.228244 -0.838293 -0.495145
vn -0.338577 -0.839795 -0.424394
vn -0.364988 -0.875528 -0.316600
vn -0.298319 -0.909191 -0.290478
vn -0.399825 -0.802972 -0.442014
vn -0.439943 -0.834829 -0.330924
vn -0.480420 -0.839491 -0.253874
vn -0.391751 -0.887563 -0.242413
vn -0.524581 -0.784973 -0.329594
vn -0.576472 -0.777336 -0.251849
vn -0.628014 -0.751426 -0.202379
vn -0.523943 -0.826891 -0.204291
vn -0.675195 -0.698335 -0.237572
vn -0.726461 -0.660610 -0.189341
vn -0.774325 -0.612416 -0.159271
vn -0.679862 -0.712930 -0.171810
vn -0.768868 -0.601262 -0.217547
vn -0.811811 -0.558308 -0.171044
vn -0.849910 -0.507300 -0.142480
vn -0.882746 -0.453832 -0.121643
vn -0.818452 -0.558046 -0.136826
vn -0.928434 -0.354992 -0.109502
vn -0.946211 -0.311604 -0.087109
vn -0.910739 -0.401483 -0.096782
vn -0.934603 -0.350964 -0.057801
vn -0.893828 -0.442779 -0.070840
vn -0.858448 -0.500858 -0.110488
vn -0.961039 -0.272002 -0.049182
vn -0.953149 -0.302476 0.003967
vn -0.961544 -0.256807 0.097379
vn -0.939021 -0.332925 0.086027
vn -0.922389 -0.386167 -0.008545
vn -0.899187 -0.430762 0.076858
vn -0.872776 -0.487778 -0.018294
vn -0.832878 -0.547287 -0.082411
vn -0.784590 -0.607562 -0.123643
vn -0.625535 -0.764740 -0.154526
vn -0.732297 -0.664281 -0.149909
vn -0.571618 -0.801984 -0.173420
vn -0.504234 -0.851952 -0.141155
vn -0.460858 -0.873272 -0.158131
vn -0.423913 -0.884972 -0.192673
vn -0.339273 -0.924907 -0.171582
vn -0.313657 -0.923246 -0.221892
vn -0.825505 -0.557942 0.085109
vn -0.688398 -0.710275 0.147031
vn -0.898051 -0.380848 0.220132
vn -0.826728 -0.361935 0.430725
vn -0.930886 -0.288329 0.224317
vn -0.871956 -0.266473 0.410713
vn -0.741539 -0.278690 0.610288
vn -0.657772 -0.387746 0.645747
vn -0.948491 -0.216508 0.231280
vn -0.894752 -0.185919 0.406021
vn -0.784540 -0.167799 0.596942
vn -0.448811 -0.421338 0.788063
vn -0.350320 -0.551512 0.757040
vn -0.270243 -0.406675 0.872688
vn -0.221929 -0.540721 0.811399
vn -0.207763 -0.690184 0.693167
vn -0.286050 -0.705420 0.648504
vn -0.223142 -0.819621 0.527664
vn -0.283451 -0.827245 0.485100
vn -0.245732 -0.903738 0.350533
vn -0.315189 -0.890894 0.327054
vn -0.488253 -0.835397 0.252430
vn -0.235839 -0.796676 0.556496
vn -0.168125 -0.340556 0.925071
vn -0.138397 -0.258360 0.956084
vn -0.167349 -0.935409 -0.311454
vn -0.175941 -0.880760 -0.439667
vn -0.041474 -0.958834 -0.280923
vn 0.138201 -0.961829 -0.236189
vn 0.143469 -0.949444 -0.279236
vn 0.308641 -0.916433 -0.254738
vn 0.324060 -0.894325 -0.308494
vn 0.440903 -0.855571 -0.271299
vn 0.443754 -0.826984 -0.345225
vn 0.437400 -0.768214 -0.467470
vn 0.516141 -0.775500 -0.363590
vn 0.482578 -0.724844 -0.491650
vn 0.402711 -0.652019 -0.642413
vn 0.371130 -0.680207 -0.632124
vn 0.568969 -0.740629 -0.357412
vn 0.532128 -0.800242 -0.276501
vn 0.599466 -0.754549 -0.267015
vn 0.661514 -0.709383 -0.243258
vn 0.620138 -0.713621 -0.325843
vn 0.735652 -0.643729 -0.210780
vn 0.695640 -0.664472 -0.273061
vn 0.824514 -0.535359 -0.183217
vn 0.803121 -0.553111 -0.221508
vn 0.906108 -0.385232 -0.174827
vn 0.903563 -0.377004 -0.203571
vn 0.955734 -0.227611 -0.186458
vn 0.953385 -0.201561 -0.224568
vn 0.903257 -0.399059 -0.157729
vn 0.952235 -0.255254 -0.167613
vn 0.896066 -0.421065 -0.140603
vn 0.946085 -0.286803 -0.150559
vn 0.975243 -0.156044 -0.156690
vn 0.937995 -0.320903 -0.131093
vn 0.973554 -0.184550 -0.134662
vn 0.926672 -0.360349 -0.106901
vn 0.970654 -0.213130 -0.111387
vn 0.993240 -0.069429 -0.093026
vn 0.964887 -0.247401 -0.088234
vn 0.995246 -0.073920 -0.063408
vn 0.951262 -0.300324 -0.070045
vn 0.994877 -0.085797 -0.053461
vn 0.919493 -0.390363 -0.046370
vn 0.988597 -0.137625 -0.061120
vn 0.852824 -0.521805 0.020259
vn 0.963991 -0.258859 -0.060934
vn 0.994699 0.099797 0.024792
vn 0.879723 0.368135 0.300940
vn 0.682405 0.404196 0.609056
vn 0.448615 0.124861 0.884960
vn 0.497266 0.293108 0.816587
vn 0.558540 0.313069 0.768128
vn 0.344034 0.164133 0.924500
vn 0.625051 0.230854 0.745666
vn 0.361189 -0.023506 0.932196
vn 0.407378 -0.342652 0.846541
vn 0.467131 -0.248824 0.848455
vn 0.585167 -0.594422 0.551582
vn 0.492016 -0.619640 0.611529
vn 0.406760 -0.631087 0.660512
vn 0.736502 -0.645269 0.202959
vn 0.612843 -0.713628 0.339350
vn 0.512176 -0.733787 0.446354
vn 0.424760 -0.720730 0.547839
vn 0.306887 -0.614926 0.726420
vn 0.731995 -0.665985 0.143690
vn 0.628367 -0.733899 0.257967
vn 0.549283 -0.751964 0.364469
vn 0.726636 -0.676901 0.117493
vn 0.655066 -0.727146 0.205298
vn 0.612732 -0.739169 0.279623
vn 0.610644 -0.721810 0.325737
vn 0.730270 -0.678075 0.083189
vn 0.686815 -0.714328 0.134242
vn 0.668939 -0.724896 0.164457
vn 0.664091 -0.728582 0.167785
vn 0.627459 -0.704511 0.331600
vn 0.730192 -0.682682 0.027643
vn 0.698422 -0.714313 0.044309
vn 0.675526 -0.736166 0.041519
vn 0.649961 -0.759720 0.019411
vn 0.656457 -0.739801 0.147510
vn 0.709599 -0.703440 -0.040529
vn 0.670739 -0.740111 -0.048423
vn 0.626462 -0.776227 -0.070830
vn 0.563785 -0.819059 -0.106252
vn 0.611677 -0.790831 -0.020919
vn 0.657590 -0.745076 -0.111523
vn 0.597485 -0.790902 -0.132230
vn 0.515742 -0.841627 -0.160233
vn 0.399521 -0.896635 -0.190861
vn 0.468023 -0.870667 -0.151304
vn 0.570158 -0.802151 -0.177409
vn 0.475941 -0.857296 -0.196276
vn 0.346483 -0.913545 -0.213040
vn 0.184937 -0.957124 -0.222962
vn 0.246642 -0.945308 -0.213449
vn 0.450254 -0.863365 -0.227755
vn 0.315071 -0.921088 -0.228752
vn 0.148364 -0.963319 -0.223616
vn 0.548222 -0.806820 -0.220212
vn 0.640731 -0.750957 -0.159777
vn 0.621777 -0.755494 -0.206452
vn 0.701940 -0.697273 -0.145223
vn 0.686965 -0.701864 -0.188326
vn 0.764534 -0.630075 -0.135992
vn 0.756523 -0.631491 -0.169973
vn 0.831525 -0.538986 -0.134389
vn 0.832606 -0.530851 -0.158002
vn 0.763469 -0.638346 -0.098129
vn 0.823288 -0.557761 -0.105353
vn 0.884891 -0.450481 -0.118473
vn 0.806881 -0.587197 -0.064364
vn 0.867953 -0.488896 -0.087395
vn 0.778313 -0.627863 -0.004167
vn 0.840989 -0.539337 -0.043043
vn 0.908532 -0.410764 -0.076439
vn 0.796728 -0.603958 0.021434
vn 0.876608 -0.479875 -0.035752
vn 0.820755 -0.570555 0.028780
vn 0.753265 -0.656056 -0.046713
vn 0.709573 -0.697504 -0.099971
vn 0.078527 -0.973291 -0.215725
vn 0.150473 -0.968172 -0.200005
vn 0.326247 -0.926131 -0.189325
vn 0.232933 -0.958646 -0.163525
vn 0.421058 -0.896486 -0.137928
vn 0.544783 -0.834903 -0.078417
vn 0.613231 -0.788514 0.046838
vn 0.640270 -0.760445 0.108529
vn 0.619546 -0.750752 0.229205
vn 0.622814 -0.731810 0.276690
vn 0.631728 -0.710676 0.309612
vn 0.573250 -0.662651 0.481953
vn 0.491244 -0.589539 0.641189
vn 0.364156 -0.605875 0.707323
vn 0.390574 -0.498234 0.774090
vn 0.207736 -0.323588 0.923112
vn 0.147245 -0.265240 0.952873
vn 0.029034 -0.287334 0.957390
vn 0.011244 -0.228311 0.973523
vn -0.002179 -0.160424 0.987046
vn 0.091024 -0.190053 0.977545
vn -0.142810 -0.336498 0.930793
vn -0.118492 -0.272785 0.954750
vn -0.090300 -0.198588 0.975914
vn -0.007672 -0.077626 0.996953
vn 0.058657 -0.091242 0.994100
vn 0.099847 -0.150992 0.983479
vn 0.110793 -0.246534 0.962780
vn -0.260730 -0.529777 0.807067
vn -0.178458 -0.638447 0.748691
vn -0.277803 -0.703846 0.653778
vn -0.347598 -0.635714 0.689234
vn -0.416098 -0.740349 0.527964
vn -0.440974 -0.833683 0.332437
vn -0.408584 -0.900157 0.150921
vn -0.299182 -0.953357 0.040001
vn -0.345416 -0.938251 0.019317
vn -0.227664 -0.972654 -0.045979
vn -0.272330 -0.959304 -0.074646
vn -0.296390 -0.951383 -0.083812
vn -0.184243 -0.972210 -0.144435
vn -0.304894 -0.948492 -0.086040
vn -0.138011 -0.983296 -0.118670
vn -0.013766 -0.984580 -0.174392
vn -0.069777 -0.978836 -0.192384
vn -0.082131 -0.994689 -0.062043
vn 0.047208 -0.990020 -0.132788
vn -0.008533 -0.999094 0.041703
vn 0.117223 -0.991908 -0.048765
vn -0.076963 -0.985986 0.148017
vn -0.162252 -0.986477 0.023165
vn -0.212108 -0.970580 0.113949
vn -0.100473 -0.962977 0.250161
vn -0.023316 -0.864180 0.502642
vn 0.041829 -0.911773 0.408559
vn 0.121010 -0.789369 0.601874
vn -0.028066 -0.734087 0.678475
vn 0.265780 -0.706488 0.655924
vn -0.145271 -0.790643 0.594794
vn -0.562921 0.644995 0.516818
vn -0.470525 0.556662 0.684641
vn -0.605999 0.766467 -0.212823
vn 0.233285 0.928505 -0.288889
vn 0.277409 0.907785 -0.314595
vn 0.292891 0.928154 -0.229662
vn 0.351791 0.904339 -0.241689
vn 0.377057 0.907072 -0.187216
vn 0.310103 0.934101 -0.176892
vn 0.321432 0.888435 -0.327667
vn 0.378467 0.866812 -0.324653
vn 0.422532 0.873021 -0.243519
vn 0.319598 0.836881 -0.444396
vn 0.390361 0.822535 -0.413588
vn 0.457580 0.834653 -0.306553
vn 0.559650 0.780255 -0.279275
vn 0.608582 0.763321 -0.216724
vn 0.509057 0.828254 -0.234215
vn 0.652113 0.736881 -0.178200
vn 0.551835 0.812031 -0.189954
vn 0.457764 0.867860 -0.193055
vn 0.591011 0.789293 -0.166501
vn 0.488891 0.856881 -0.163524
vn 0.399525 0.904295 -0.150433
vn 0.517515 0.842587 -0.149084
vn 0.332746 0.933090 -0.136469
vn 0.630015 0.760328 -0.158059
vn 0.673209 0.721745 -0.160855
vn 0.549624 0.821063 -0.154172
vn 0.774601 0.614336 -0.150284
vn 0.818743 0.556065 -0.143008
vn 0.733488 0.662488 -0.152007
vn 0.818240 0.557932 -0.138547
vn 0.850673 0.508242 -0.134331
vn 0.693258 0.702974 -0.158810
vn 0.784188 0.603414 -0.144713
vn 0.882394 0.453615 -0.124955
vn 0.748026 0.643541 -0.162207
vn 0.711050 0.674797 -0.197630
vn 0.674105 0.693850 -0.253290
vn 0.941893 0.316566 -0.112352
vn 0.904752 0.408769 -0.119714
vn 0.954488 0.282717 -0.094993
vn 0.925866 0.363222 -0.104120
vn 0.882778 0.453760 -0.121675
vn 0.946138 0.316226 -0.069451
vn 0.914340 0.394605 -0.090935
vn 0.865176 0.487570 -0.117244
vn 0.942441 0.332845 -0.031930
vn 0.908532 0.413393 -0.060635
vn 0.959697 0.273051 0.066513
vn 0.939402 0.340944 0.035779
vn 0.900271 0.434938 0.018458
vn 0.942315 0.278348 0.185915
vn 0.827318 0.558111 0.063699
vn 0.688725 0.695742 0.203965
vn 0.468439 0.808854 0.355414
vn 0.422164 0.753361 0.504207
vn 0.257662 0.789217 0.557447
vn 0.265957 0.872226 0.410473
vn 0.414579 0.631907 0.654842
vn 0.262451 0.667969 0.696374
vn 0.178971 0.903452 0.389544
vn 0.192299 0.959603 0.205386
vn 0.951437 0.220723 0.214592
vn 0.880814 0.248067 0.403274
vn -0.090092 0.526837 -0.845178
vn 0.189880 -0.414174 -0.890172
vn -0.214259 -0.116985 -0.969746
vn -0.401024 -0.083804 -0.912226
vn 0.205388 -0.495977 -0.843696
vn 0.355021 -0.367261 -0.859698
vn 0.356122 -0.302857 -0.884000
vn -0.508374 -0.846550 0.157825
vn -0.594470 -0.803878 -0.019646
vn -0.564951 -0.819965 0.092129
vn -0.640332 -0.756090 0.135283
vn -0.382992 -0.911295 0.151194
vn -0.525250 -0.847294 0.078770
vn -0.638222 -0.764037 0.094448
vn -0.628543 -0.762204 0.154852
vn -0.637208 -0.709497 0.300965
vn -0.609460 -0.745965 0.268505
vn -0.964666 -0.218100 0.147821
vn -0.957723 -0.284338 0.043800
vn -0.093909 -0.886599 0.452906
vn -0.079635 -0.875173 0.477211
vn -0.506604 -0.855598 0.106324
vn -0.606587 -0.784162 0.130926
vn -0.707572 -0.703746 0.063902
vn 0.357637 0.886451 -0.293767
vn 0.138189 0.941513 -0.307339
vn 0.283722 0.860938 -0.422241
vn 0.441748 0.834149 -0.330235
vn 0.594297 0.790953 -0.145620
vn 0.651290 0.727690 -0.215149
vn -0.630387 -0.757265 -0.170771
vn -0.638728 -0.752087 -0.162455
vn -0.679345 -0.731989 -0.051796
vn -0.742089 -0.668851 0.044071
vn 0.460735 0.758330 -0.461149
vn 0.496001 0.670099 -0.552223
vn 0.526507 0.808307 -0.263495
vn 0.512791 0.821096 -0.250693
vn 0.406763 0.757662 -0.510384
vn 0.168874 0.556158 -0.813739
vn -0.767299 -0.624993 0.143652
vn -0.442726 -0.886884 0.132024
vn 0.184796 0.339937 -0.922113
vn 0.414372 0.723931 -0.551561
vn 0.439911 0.837962 -0.322953
vn 0.459913 0.787476 -0.410318
vn 0.478377 0.848677 -0.225618
vn 0.455537 0.874145 -0.168396
vn 0.602879 0.797619 0.018476
vn 0.477400 0.865515 0.151569
vn 0.694041 0.719795 -0.014208
vn 0.708753 0.675957 -0.201868
vn 0.435441 0.896795 0.078427
vn -0.573501 -0.816964 0.060554
vn -0.566196 -0.819710 0.086589
vn -0.751683 -0.659507 0.004827
vn -0.361113 -0.925691 0.112668
vn -0.364510 -0.926428 0.094148
vn 0.549645 0.622552 -0.557063
vn 0.389959 0.920821 0.004652
vn 0.772703 0.634207 -0.026679
vn 0.779240 0.598233 -0.186822
vn 0.708799 0.705180 -0.018023
vn 0.609361 0.688392 -0.393440
vn 0.490270 0.849151 -0.196412
vn 0.423125 0.810811 -0.404415
vn -0.470231 -0.870267 0.146692
vn -0.488203 -0.861247 0.141107
vn -0.425535 -0.904493 0.028509
vn -0.579152 -0.773675 -0.256923
vn -0.876301 -0.430321 -0.216612
vn -0.902216 -0.425484 0.070494
vn -0.446869 -0.894129 -0.029004
vn 0.216983 -0.961713 -0.167409
vn -0.196184 -0.876291 -0.440030
vn -0.665750 -0.544987 -0.509673
vn -0.014022 -0.868691 0.495156
vn -0.278313 -0.935148 0.219180
vn -0.816885 -0.489760 0.304689
vn -0.401083 -0.617862 0.676297
vn 0.341181 -0.552485 0.760497
vn 0.509605 -0.750792 0.420255
vn 0.420449 -0.903808 0.079715
vn -0.418645 0.307947 -0.854345
vn -0.340580 -0.025380 -0.939873
vn 0.366683 0.224181 -0.902932
vn 0.089118 0.593497 -0.799887
vn -0.792228 0.286098 -0.539001
vn -0.809362 -0.093733 -0.579782
vn -0.435927 0.718275 -0.542263
vn -0.372336 0.911430 -0.175103
vn -0.763930 0.611794 -0.205230
vn 0.093505 0.925351 -0.367400
vn -0.296102 0.953022 0.063810
vn -0.801697 0.593208 0.073388
vn 0.345015 0.935418 -0.077195
vn -0.310903 -0.005574 0.950425
vn -0.767880 0.066010 0.637183
vn -0.606804 0.389019 0.693148
vn 0.044937 0.215643 0.975438
vn 0.015639 -0.326522 0.945060
vn -0.683727 -0.298466 0.665910
vn 0.556709 -0.122263 0.821661
vn 0.064616 0.772722 0.631447
vn -0.118947 0.906264 0.405632
vn 0.499442 0.805757 0.318297
vn 0.539134 0.589447 0.601570
vn -0.298901 0.605945 0.737217
vn -0.654295 0.636146 0.408921
vn 0.355125 0.376808 0.855512
vn 0.466804 -0.409348 -0.783918
vn 0.416031 -0.105406 -0.903221
vn -0.242562 -0.318955 -0.916205
vn 0.072182 -0.618389 -0.782551
vn 0.757310 -0.386151 -0.526658
vn 0.818372 0.030454 -0.573881
vn 0.493269 -0.712056 -0.499662
vn 0.996346 0.056101 0.064406
vn 0.963983 -0.200060 0.175249
vn 0.914082 0.066429 0.400051
vn 0.928782 0.328203 0.172182
vn 0.984757 0.043439 -0.168424
vn 0.935522 -0.337561 -0.104165
vn 0.893482 0.435113 -0.111208
vn 0.782218 0.569803 0.251914
vn 0.726390 0.687278 0.002647
vn 0.675160 0.702855 -0.223952
vn 0.850080 0.411230 -0.329019
vn 0.931448 0.034282 -0.362257
vn 0.881456 -0.357662 -0.308404
vn 0.730683 0.370531 -0.573419
vn 0.514067 0.696214 -0.501021
vn 0.727909 -0.637524 -0.252411
vn 0.833064 -0.552924 -0.016730
vn 0.528281 -0.818336 -0.226374
vn 0.694018 -0.719212 0.032772
vn 0.760174 -0.564329 0.321975
vn 0.878249 -0.404645 0.254835
vn 0.712619 -0.362920 0.600387
vn 0.846712 -0.174464 0.502634
vn 0.722676 0.083187 0.686163
vn 0.800151 0.326530 0.503128
vn 0.175701 -0.843985 -0.506772
vn -0.329191 -0.655918 -0.679268
vn -0.663456 -0.353027 -0.659695
vn -0.879998 -0.250823 -0.403350
vn -0.953745 -0.013517 -0.300314
vn -0.995851 0.055611 -0.072024
vn -0.976886 -0.156951 -0.145119
vn -0.988004 0.093384 0.122997
vn -0.987728 -0.128952 0.088122
vn -0.940372 0.097645 0.325831
vn -0.933057 -0.170336 0.316845
vn -0.855539 0.362026 0.370121
vn -0.926680 0.331253 0.177586
vn -0.737261 0.633994 0.233447
vn -0.957092 0.289786 -0.000016
vn -0.939038 0.258649 -0.226514
vn -0.226687 0.945992 0.231758
vn 0.395125 0.910413 0.122573
vn -0.863999 0.475593 -0.165278
vn -0.861544 0.469101 -0.194130
vn -0.871289 0.450767 -0.194073
vn 0.493852 0.844044 -0.209047
vn -0.858329 0.462196 -0.222812
vn -0.872733 0.487860 -0.018187
vn -0.780666 0.304148 -0.545943
vn -0.872523 0.434846 -0.222741
vn 0.826893 -0.389264 0.405859
vn 0.849035 -0.411870 0.330913
vn 0.863644 -0.436001 0.253025
vn 0.872749 -0.470517 0.130086
vn 0.867552 -0.456640 0.197060
vn 0.858177 -0.422365 0.291788
vn 0.806401 -0.349800 0.476821
vn -0.875971 0.480223 -0.045398
vn 0.851820 -0.431151 0.297508
vn -0.853973 0.441385 -0.275517
vn 0.844635 -0.511891 -0.156712
vn 0.524658 0.797198 -0.298678
vn 0.212560 -0.497416 -0.841068
vn -0.508298 0.075269 -0.857886
vn -0.676619 0.083004 -0.731640
vn -0.462605 -0.524162 -0.715018
vn 0.125571 -0.842401 -0.524017
vn 0.701888 -0.507585 -0.499710
vn 0.875398 -0.068758 -0.478489
vn 0.806426 -0.053985 -0.588866
vn 0.377304 -0.923503 -0.069174
vn -0.047988 -0.968589 -0.243994
vn -0.504134 -0.863307 0.023457
vn 0.184962 -0.968635 0.165936
vn 0.754078 -0.636314 0.162701
vn 0.763858 -0.639084 -0.089960
vn 0.567802 -0.751766 -0.335335
vn 0.097485 0.058360 0.993524
vn -0.316913 -0.118857 0.940978
vn -0.718833 0.260824 0.644399
vn -0.210302 0.456734 0.864388
vn 0.627011 0.318495 0.710927
vn 0.699245 -0.135878 0.701850
vn 0.472330 -0.438759 0.764458
vn -0.261908 0.963968 -0.046595
vn -0.569241 0.812394 -0.126413
vn -0.064018 0.907663 -0.414789
vn 0.294168 0.928472 -0.226728
vn -0.362286 0.893014 0.266972
vn -0.758629 0.618884 0.203628
vn 0.373321 0.919898 0.120081
vn 0.873795 0.427193 0.232355
vn 0.962628 0.065191 0.262863
vn 0.399713 0.752797 0.522997
vn 0.872610 0.485300 -0.055103
vn 0.997750 0.048781 -0.046001
vn -0.994491 0.086454 -0.059273
vn -0.984993 -0.163117 0.056407
vn -0.921037 -0.328286 -0.209569
vn -0.955983 0.084737 -0.280919
vn -0.860084 0.452704 -0.235190
vn -0.947682 0.316810 0.039129
vn -0.963429 0.090809 0.252107
vn 0.197663 0.486138 -0.851234
vn -0.421494 0.581877 -0.695529
vn 0.691290 0.421241 -0.587090
vn 0.098369 0.795267 -0.598226
vn -0.300318 -0.701627 0.646165
vn -0.761876 -0.394188 0.513967
vn -0.605463 -0.207410 0.768372
vn 0.107718 -0.595216 0.796313
vn 0.620240 -0.671711 0.405101
vn -0.024071 -0.911634 0.410296
vn -0.698128 -0.670684 0.250600
vn -0.786367 -0.609538 -0.100449
vn -0.907881 -0.391303 0.150447
vn -0.923758 -0.123744 0.362435
vn -0.893651 0.290444 0.342097
vn -0.851946 0.088407 0.516112
vn -0.770303 0.463620 0.437825
vn -0.382004 0.717735 0.582177
vn -0.869312 0.479720 0.119017
vn -0.742307 0.648267 -0.169501
vn -0.443055 0.784601 -0.433709
vn -0.725276 0.516820 -0.454833
vn -0.871586 0.086787 -0.482499
vn -0.794497 -0.413274 -0.444949
vn -0.487193 -0.793284 -0.365162
vn 0.528600 0.702376 -0.476707
vn 0.881447 0.277092 -0.382454
vn 0.964624 0.146347 -0.219277
vn 0.779566 0.555023 -0.290219
vn 0.979927 -0.138197 -0.143680
vn 0.981007 -0.191981 0.027734
vn 0.951933 -0.097585 -0.290344
vn 0.868099 -0.410453 -0.279165
vn 0.923834 -0.369071 -0.101571
vn 0.914633 -0.393428 0.093063
vn 0.831141 -0.439325 0.340879
vn 0.935623 -0.219038 0.276824
vn 0.125891 0.958583 -0.255480
vn 0.100673 0.956915 -0.272358
vn -0.034362 0.959015 -0.281264
vn 0.037448 0.967456 -0.250254
vn 0.213336 0.942110 -0.258680
vn 0.491524 0.744392 -0.451978
vn 0.131532 -0.216466 -0.967389
vn 0.230858 -0.268759 -0.935133
vn 0.475724 -0.318641 -0.819850
vn 0.438597 -0.293703 -0.849336
vn -0.383295 -0.908032 0.169005
vn -0.408651 -0.884711 0.224256
vn -0.243462 -0.932209 0.267793
vn -0.215996 -0.960123 0.177511
vn -0.487832 -0.864650 0.119999
vn -0.693003 -0.715562 0.087851
vn 0.203990 -0.875311 -0.438427
vn -0.930735 0.365692 -0.001089
vn -0.926397 0.368296 0.078396
vn -0.986814 -0.161722 -0.006679
vn -0.985031 0.023137 -0.170818
vn 0.257523 0.943745 -0.207430
vn 0.077171 0.961505 -0.263730
vn 0.174976 0.951310 -0.253758
vn 0.288998 0.936818 -0.197111
vn -0.862152 0.462127 0.207683
vn -0.861579 0.461331 0.211790
vn -0.195693 -0.921519 0.335422
vn -0.229448 -0.919567 0.318982
vn 0.238501 -0.541839 0.805932
vn 0.147432 -0.710233 0.688356
vn -0.160748 -0.930002 0.330539
vn -0.152484 -0.950990 0.269011
vn -0.179538 -0.910686 0.372045
vn 0.598214 -0.673862 -0.433647
vn -0.140537 -0.974829 0.173082
vn 0.808903 -0.082110 -0.582180
vn 0.865845 -0.278880 -0.415378
vn 0.869507 -0.324659 -0.372228
vn 0.927683 0.060301 -0.368466
vn 0.626294 0.696196 -0.350808
vn 0.417116 0.896874 -0.147076
vn 0.409701 0.900424 -0.146225
vn 0.347971 0.929172 -0.124724
vn 0.361171 0.922442 -0.136590
vn 0.418877 0.889059 -0.184708
vn 0.396018 0.891421 -0.220314
vn 0.372844 0.900294 -0.224627
vn 0.356724 0.914951 -0.188710
vn -0.340558 -0.889827 0.303692
vn -0.217569 -0.932192 0.289278
vn 0.879210 -0.384737 -0.281011
vn 0.865057 -0.454236 -0.212945
vn 0.325286 0.899907 -0.290441
vn 0.422028 0.063179 0.904379
vn -0.860991 0.460527 0.215893
vn -0.968086 -0.064039 0.242298
vn 0.284465 0.953182 -0.102586
vn 0.304282 0.943569 -0.130727
vn -0.090854 -0.958590 0.269909
vn -0.645623 -0.718927 0.257516
vn 0.884867 -0.311520 -0.346361
vn 0.338026 0.905905 -0.255099
vn -0.845383 -0.533940 -0.015363
vn 0.327036 -0.317386 -0.890120
vn -0.603677 -0.791664 0.094036
vn -0.026712 -0.742502 -0.669311
vn -0.353300 -0.492146 -0.795595
vn -0.648851 -0.570371 -0.503657
vn -0.151940 -0.889421 -0.431097
vn 0.325580 -0.879267 -0.347687
vn 0.352765 -0.679385 -0.643423
vn 0.141530 -0.437967 -0.887780
vn -0.054021 0.401886 0.914095
vn -0.328889 0.514014 0.792225
vn 0.039622 0.770578 0.636113
vn 0.320590 0.526365 0.787503
vn 0.454640 0.081801 0.886911
vn -0.111022 0.032447 0.993288
vn -0.533496 0.085003 0.841521
vn -0.021452 0.222284 -0.974746
vn 0.303743 -0.110143 -0.946366
vn 0.620557 0.125349 -0.774078
vn 0.137300 0.520978 -0.842455
vn -0.476220 0.233298 -0.847813
vn -0.216824 -0.186624 -0.958206
vn -0.450435 0.643252 -0.619141
vn 0.999632 -0.018855 0.019502
vn 0.922219 -0.347687 -0.169193
vn 0.890384 -0.427705 0.155836
vn 0.941330 0.056242 0.332768
vn 0.960980 0.268072 -0.068220
vn 0.917252 -0.107596 -0.383499
vn 0.801569 0.504510 0.320869
vn -0.810586 0.552457 0.194272
vn -0.957348 0.275496 0.087102
vn -0.875386 0.419678 -0.239937
vn -0.679011 0.734090 0.007441
vn -0.407043 0.854278 0.323302
vn -0.671296 0.576742 0.465543
vn -0.869694 0.201783 0.450462
vn 0.355835 0.899147 -0.254787
vn 0.269377 0.760113 -0.591323
vn 0.733565 0.381348 -0.562544
vn 0.685765 0.706395 -0.175304
vn 0.019881 0.999726 -0.012386
vn -0.281890 0.891534 -0.354548
vn 0.379771 0.903587 0.198252
vn -0.749561 -0.652436 0.111739
vn -0.907880 -0.330803 0.257532
vn -0.671238 -0.514500 0.533600
vn -0.442107 -0.865044 0.237148
vn -0.727210 -0.651559 -0.215953
vn -0.964025 -0.225346 -0.140976
vn -0.237261 -0.959901 -0.149325
vn 0.350773 -0.696181 0.626330
vn 0.420214 -0.350655 0.836936
vn 0.798066 -0.364604 0.479744
vn 0.593550 -0.752717 0.284807
vn -0.049420 -0.762563 0.645024
vn -0.164037 -0.355022 0.920354
vn 0.235309 -0.945716 0.224169
vn 0.456585 -0.886095 -0.079791
vn 0.166610 -0.982602 -0.082061
vn -0.095717 -0.959485 0.265002
vn -0.395801 -0.684314 0.612418
vn 0.705304 -0.708513 -0.023571
vn 0.762260 -0.581089 -0.285123
vn 0.578001 -0.746174 -0.330363
vn 0.608018 -0.550763 -0.571817
vn 0.782026 -0.373453 -0.498967
vn 0.748001 -0.149226 -0.646703
vn 0.520054 -0.348440 -0.779829
vn 0.874379 0.135112 -0.466053
vn 0.859100 0.497020 -0.122141
vn 0.627553 0.737075 0.250795
vn 0.604101 0.553053 0.573755
vn 0.350231 0.805342 0.478292
vn 0.079474 0.923688 0.374813
vn -0.219751 0.961546 0.164740
vn -0.198182 0.830962 0.519832
vn -0.510356 0.559753 0.652850
vn -0.716439 0.169329 0.676788
vn -0.536816 -0.292655 0.791316
vn -0.759396 -0.168080 0.628543
vn -0.932364 -0.056971 0.357004
vn -0.999380 0.028723 -0.020371
vn -0.867555 -0.184557 -0.461831
vn -0.927471 0.117734 -0.354875
vn -0.635291 -0.156618 -0.756225
vn -0.766739 0.194435 -0.611805
vn -0.717415 0.552124 -0.424822
vn -0.516971 0.841703 -0.155814
vn 0.780039 0.111594 0.615700
vn 0.931141 -0.030123 -0.363414
vn 0.931319 -0.031584 -0.362833
vn 0.930925 -0.029071 -0.364052
vn -0.931601 0.027268 0.362457
vn -0.932494 0.033870 0.359594
vn -0.931834 0.035276 0.361165
vn -0.934335 0.046029 0.353412
vn -0.934267 0.046375 0.353545
vn -0.332847 -0.486877 -0.807566
vn -0.934132 0.047067 0.353812
vn -0.929259 0.018632 0.368960
vn 0.932578 -0.037856 -0.358979
vn 0.931491 -0.033480 -0.362222
vn 0.933706 -0.043396 -0.355400
vn 0.932240 -0.038940 -0.359739
vn 0.932577 -0.026709 -0.359981
vn -0.936585 0.072762 0.342805
vn 0.932085 -0.036610 -0.360385
vn 0.933636 -0.042231 -0.355725
vn 0.935135 -0.047850 -0.351046
vn -0.712373 0.701554 0.018621
vn -0.745633 0.612619 -0.262165
vn -0.254794 0.853525 -0.454505
vn -0.374620 0.927151 -0.007189
vn -0.821525 0.471601 0.320450
vn -0.965689 0.252873 0.059154
vn -0.468615 0.738751 0.484404
vn -0.632315 -0.172125 0.755348
vn -0.681014 -0.412765 0.604851
vn -0.896841 -0.174658 0.406413
vn -0.758011 0.076779 0.647707
vn -0.416785 0.265983 0.869220
vn -0.344175 -0.145859 0.927507
vn -0.320961 -0.525137 0.788172
vn -0.661744 -0.422307 -0.619477
vn -0.241637 -0.155521 -0.957823
vn -0.609079 0.363029 -0.705147
vn -0.925566 -0.096807 -0.366000
vn -0.845867 -0.521364 -0.112646
vn -0.400074 -0.796634 -0.453117
vn 0.249366 -0.615764 -0.747429
vn 0.212219 0.154696 -0.964900
vn 0.567797 -0.095776 -0.817578
vn 0.037784 0.524949 -0.850295
vn 0.542937 0.363250 -0.757145
vn -0.184857 -0.963648 0.192898
vn -0.432218 -0.900534 0.047171
vn -0.659280 -0.687727 0.303943
vn -0.289940 -0.848216 0.443244
vn 0.164041 -0.899019 0.406025
vn 0.202841 -0.978133 0.045959
vn 0.062748 -0.971131 -0.230148
vn 0.371727 0.926386 -0.060230
vn 0.527551 0.772222 -0.354066
vn 0.730839 0.675427 -0.098352
vn 0.437926 0.857527 0.269942
vn 0.016275 0.999380 -0.031236
vn 0.163017 0.866130 -0.472487
vn -0.054315 0.874297 0.482343
vn 0.667764 0.058829 0.742045
vn 0.298675 -0.037139 0.953632
vn 0.344339 0.453754 0.821911
vn 0.770000 0.417723 0.482294
vn 0.782542 -0.240211 0.574393
vn 0.338099 -0.485910 0.805966
vn 0.967534 0.187743 0.169208
vn 0.950347 -0.276578 -0.142639
vn 0.905290 -0.120450 -0.407360
vn 0.766620 -0.552728 -0.326780
vn 0.780700 -0.623154 0.046755
vn 0.998345 -0.054183 0.019269
vn 0.924313 0.228032 -0.306019
vn 0.788727 -0.484305 0.378627
vn 0.416373 -0.708624 0.569636
vn 0.491895 -0.835560 0.244702
vn 0.059687 -0.750183 0.658531
vn 0.533769 -0.834490 -0.136811
vn 0.744631 -0.395476 -0.537702
vn 0.495837 -0.766221 -0.408719
vn 0.696150 -0.258696 -0.669665
vn 0.407904 -0.712485 -0.570945
vn -0.155540 -0.929198 -0.335259
vn -0.651835 -0.757183 -0.042245
vn -0.961807 -0.273434 0.012662
vn -0.844835 -0.513100 0.151599
vn -0.986154 -0.118987 0.115511
vn -0.894447 -0.350750 0.277380
vn -0.687202 -0.563144 0.458936
vn -0.332625 -0.707463 0.623583
vn 0.003774 -0.517550 0.855645
vn -0.034659 -0.103677 0.994007
vn -0.053344 0.352014 0.934474
vn -0.051565 0.652243 0.756254
vn 0.424340 0.710206 0.561732
vn -0.478884 0.507047 0.716640
vn -0.817289 0.269275 0.509441
vn -0.963249 0.035205 0.266293
vn -0.978913 0.170311 -0.112798
vn -0.723691 0.539276 -0.430641
vn -0.972314 0.076735 -0.220718
vn -0.683319 0.484230 -0.546440
vn -0.091192 0.675751 -0.731467
vn -0.189704 0.755505 -0.627076
vn 0.287911 0.725359 -0.625269
vn 0.404283 0.586266 -0.702031
vn 0.667324 0.435824 -0.603933
vn 0.603098 0.608794 -0.515405
vn 0.730558 0.164528 -0.662733
vn 0.826991 0.019240 -0.561886
vn 0.815451 0.323158 -0.480218
vn 0.898531 0.420579 -0.125525
vn 0.789054 0.511230 -0.340644
vn 0.775255 0.606727 0.175675
# 1848 normals

vt 0.000167 0.939930 0.000000
vt 0.003308 0.956458 0.000000
vt 0.018647 0.948506 0.000000
vt 0.008727 0.932587 0.000000
vt 0.330698 0.381486 0.000000
vt 0.330315 0.381006 0.000000
vt 0.330166 0.381867 0.000000
vt 0.330698 0.382293 0.000000
vt 0.436386 0.485512 0.000000
vt 0.436535 0.484736 0.000000
vt 0.436535 0.484251 0.000000
vt 0.436162 0.485453 0.000000
vt 0.489161 0.361444 0.000000
vt 0.484394 0.372665 0.000000
vt 0.498369 0.379142 0.000000
vt 0.498369 0.360777 0.000000
vt 0.326337 0.387782 0.000000
vt 0.326919 0.387782 0.000000
vt 0.327429 0.387782 0.000000
vt 0.326491 0.387449 0.000000
vt 0.325577 0.386871 0.000000
vt 0.325761 0.387288 0.000000
vt 0.330698 0.385281 0.000000
vt 0.330698 0.384307 0.000000
vt 0.330698 0.383723 0.000000
vt 0.330425 0.385157 0.000000
vt 0.436535 0.481850 0.000000
vt 0.436260 0.481142 0.000000
vt 0.436126 0.482142 0.000000
vt 0.436535 0.482790 0.000000
vt 0.330039 0.386346 0.000000
vt 0.330409 0.385996 0.000000
vt 0.589978 0.271811 0.000000
vt 0.577064 0.267302 0.000000
vt 0.573820 0.283721 0.000000
vt 0.590236 0.283721 0.000000
vt 0.599021 0.267225 0.000000
vt 0.585292 0.254630 0.000000
vt 0.325108 0.386245 0.000000
vt 0.325727 0.385915 0.000000
vt 0.325108 0.385350 0.000000
vt 0.325896 0.381627 0.000000
vt 0.325591 0.382403 0.000000
vt 0.326264 0.383025 0.000000
vt 0.326451 0.381808 0.000000
vt 0.325981 0.380911 0.000000
vt 0.325396 0.381665 0.000000
vt 0.326811 0.380775 0.000000
vt 0.431339 0.486182 0.000000
vt 0.431947 0.486549 0.000000
vt 0.432464 0.485657 0.000000
vt 0.431530 0.485259 0.000000
vt 0.497168 0.592575 0.000000
vt 0.507062 0.609028 0.000000
vt 0.515996 0.592250 0.000000
vt 0.500791 0.580487 0.000000
vt 0.014017 0.927902 0.000000
vt 0.016986 0.915629 0.000000
vt 0.000594 0.911789 0.000000
vt 0.000167 0.931587 0.000000
vt 0.329533 0.380182 0.000000
vt 0.328843 0.380182 0.000000
vt 0.328377 0.380290 0.000000
vt 0.329451 0.380507 0.000000
vt 0.434957 0.486752 0.000000
vt 0.435535 0.486353 0.000000
vt 0.434760 0.486218 0.000000
vt 0.434256 0.486752 0.000000
vt 0.330027 0.380601 0.000000
vt 0.519322 0.481518 0.000000
vt 0.535771 0.484447 0.000000
vt 0.535147 0.471041 0.000000
vt 0.514966 0.473738 0.000000
vt 0.329000 0.387782 0.000000
vt 0.329460 0.387356 0.000000
vt 0.328819 0.387230 0.000000
vt 0.328413 0.387782 0.000000
vt 0.002723 0.728579 0.000000
vt 0.000167 0.736456 0.000000
vt 0.018880 0.736456 0.000000
vt 0.018435 0.724370 0.000000
vt 0.308168 0.439112 0.000000
vt 0.327198 0.439112 0.000000
vt 0.329088 0.428620 0.000000
vt 0.311870 0.428620 0.000000
vt 0.434053 0.479383 0.000000
vt 0.433193 0.479383 0.000000
vt 0.432568 0.480179 0.000000
vt 0.433466 0.480384 0.000000
vt 0.434419 0.480739 0.000000
vt 0.434866 0.479622 0.000000
vt 0.432709 0.481931 0.000000
vt 0.433737 0.482383 0.000000
vt 0.434815 0.482968 0.000000
vt 0.435349 0.481367 0.000000
vt 0.435597 0.480226 0.000000
vt 0.435851 0.483641 0.000000
vt 0.434289 0.484582 0.000000
vt 0.435392 0.485104 0.000000
vt 0.433602 0.485951 0.000000
vt 0.433072 0.484156 0.000000
vt 0.432976 0.486752 0.000000
vt 0.407887 0.471197 0.000000
vt 0.409990 0.486752 0.000000
vt 0.430011 0.486752 0.000000
vt 0.430011 0.471197 0.000000
vt 0.602348 0.579607 0.000000
vt 0.624068 0.582228 0.000000
vt 0.629020 0.568603 0.000000
vt 0.611715 0.562435 0.000000
vt 0.327187 0.380182 0.000000
vt 0.326180 0.380398 0.000000
vt 0.327935 0.381008 0.000000
vt 0.327547 0.382203 0.000000
vt 0.328834 0.382737 0.000000
vt 0.329158 0.381434 0.000000
vt 0.329972 0.383196 0.000000
vt 0.328494 0.384199 0.000000
vt 0.329629 0.384750 0.000000
vt 0.328189 0.385652 0.000000
vt 0.329278 0.386146 0.000000
vt 0.327823 0.386957 0.000000
vt 0.327022 0.385091 0.000000
vt 0.326731 0.386447 0.000000
vt 0.326026 0.384556 0.000000
vt 0.325307 0.383908 0.000000
vt 0.327285 0.383642 0.000000
vt 0.325108 0.383116 0.000000
vt 0.325108 0.384786 0.000000
vt 0.295844 0.387093 0.000000
vt 0.297575 0.403492 0.000000
vt 0.311867 0.399827 0.000000
vt 0.311867 0.380595 0.000000
vt 0.490432 0.579042 0.000000
vt 0.488468 0.561870 0.000000
vt 0.467408 0.560052 0.000000
vt 0.474113 0.579042 0.000000
vt 0.431320 0.483140 0.000000
vt 0.431870 0.481558 0.000000
vt 0.431379 0.481347 0.000000
vt 0.431011 0.482633 0.000000
vt 0.431011 0.484756 0.000000
vt 0.432034 0.483669 0.000000
vt 0.254831 0.370887 0.000000
vt 0.235595 0.376527 0.000000
vt 0.240279 0.391180 0.000000
vt 0.257005 0.390628 0.000000
vt 0.292812 0.386744 0.000000
vt 0.290494 0.367112 0.000000
vt 0.278217 0.374754 0.000000
vt 0.282302 0.391180 0.000000
vt 0.325528 0.381047 0.000000
vt 0.449262 0.413698 0.000000
vt 0.456167 0.397868 0.000000
vt 0.442325 0.388782 0.000000
vt 0.437647 0.408523 0.000000
vt 0.546078 0.353972 0.000000
vt 0.556648 0.350814 0.000000
vt 0.541833 0.346622 0.000000
vt 0.538921 0.344213 0.000000
vt 0.537205 0.363743 0.000000
vt 0.555572 0.367642 0.000000
vt 0.522621 0.348258 0.000000
vt 0.559852 0.338532 0.000000
vt 0.580869 0.323150 0.000000
vt 0.555121 0.321705 0.000000
vt 0.550332 0.336136 0.000000
vt 0.580869 0.351099 0.000000
vt 0.525900 0.386023 0.000000
vt 0.580869 0.387782 0.000000
vt 0.288887 0.412226 0.000000
vt 0.272477 0.413663 0.000000
vt 0.270196 0.425600 0.000000
vt 0.286769 0.428575 0.000000
vt 0.307168 0.429117 0.000000
vt 0.307168 0.417105 0.000000
vt 0.499369 0.357586 0.000000
vt 0.239563 0.429117 0.000000
vt 0.255760 0.429117 0.000000
vt 0.254379 0.411086 0.000000
vt 0.239247 0.408159 0.000000
vt 0.526271 0.327874 0.000000
vt 0.499369 0.323668 0.000000
vt 0.545871 0.322153 0.000000
vt 0.545268 0.301638 0.000000
vt 0.534551 0.314256 0.000000
vt 0.541280 0.332634 0.000000
vt 0.499369 0.296317 0.000000
vt 0.513625 0.282542 0.000000
vt 0.267566 0.422786 0.000000
vt 0.268563 0.412330 0.000000
vt 0.282918 0.392180 0.000000
vt 0.270196 0.400727 0.000000
vt 0.256832 0.397337 0.000000
vt 0.268563 0.397337 0.000000
vt 0.541368 0.264109 0.000000
vt 0.568414 0.287078 0.000000
vt 0.276369 0.364913 0.000000
vt 0.276928 0.364696 0.000000
vt 0.276978 0.363716 0.000000
vt 0.276307 0.364323 0.000000
vt 0.276290 0.365346 0.000000
vt 0.276919 0.365465 0.000000
vt 0.276047 0.364794 0.000000
vt 0.280249 0.365271 0.000000
vt 0.280104 0.365208 0.000000
vt 0.280457 0.365835 0.000000
vt 0.280581 0.365607 0.000000
vt 0.280321 0.364697 0.000000
vt 0.279996 0.364259 0.000000
vt 0.280839 0.365017 0.000000
vt 0.280308 0.361260 0.000000
vt 0.280078 0.360756 0.000000
vt 0.279884 0.361268 0.000000
vt 0.280201 0.361869 0.000000
vt 0.280691 0.362446 0.000000
vt 0.280704 0.361499 0.000000
vt 0.280620 0.360779 0.000000
vt 0.214389 0.384401 0.000000
vt 0.234595 0.391180 0.000000
vt 0.233178 0.372785 0.000000
vt 0.210412 0.371915 0.000000
vt 0.088306 0.382141 0.000000
vt 0.072546 0.380497 0.000000
vt 0.066503 0.404878 0.000000
vt 0.088306 0.403436 0.000000
vt 0.065429 0.059285 0.000000
vt 0.065795 0.059144 0.000000
vt 0.065382 0.058730 0.000000
vt 0.065036 0.058951 0.000000
vt 0.495921 0.551309 0.000000
vt 0.496045 0.551614 0.000000
vt 0.496793 0.551565 0.000000
vt 0.496290 0.551232 0.000000
vt 0.495537 0.551232 0.000000
vt 0.495274 0.551317 0.000000
vt 0.495122 0.551675 0.000000
vt 0.066429 0.056315 0.000000
vt 0.066281 0.055632 0.000000
vt 0.065671 0.056061 0.000000
vt 0.066054 0.056857 0.000000
vt 0.066418 0.057428 0.000000
vt 0.066838 0.056472 0.000000
vt 0.066838 0.055432 0.000000
vt 0.498051 0.552159 0.000000
vt 0.497782 0.552213 0.000000
vt 0.497785 0.553038 0.000000
vt 0.498051 0.552713 0.000000
vt 0.064422 0.057556 0.000000
vt 0.064646 0.057192 0.000000
vt 0.064422 0.056208 0.000000
vt 0.064422 0.056992 0.000000
vt 0.064619 0.058250 0.000000
vt 0.064965 0.058057 0.000000
vt 0.280863 0.366112 0.000000
vt 0.281194 0.366112 0.000000
vt 0.281719 0.366112 0.000000
vt 0.281105 0.365881 0.000000
vt 0.493326 0.551736 0.000000
vt 0.493161 0.552230 0.000000
vt 0.493895 0.552365 0.000000
vt 0.493947 0.551671 0.000000
vt 0.493161 0.552955 0.000000
vt 0.493952 0.553219 0.000000
vt 0.495011 0.553219 0.000000
vt 0.495039 0.552376 0.000000
vt 0.496147 0.553219 0.000000
vt 0.496153 0.552347 0.000000
vt 0.497075 0.553219 0.000000
vt 0.497083 0.552305 0.000000
vt 0.497410 0.551585 0.000000
vt 0.278884 0.364691 0.000000
vt 0.278884 0.363602 0.000000
vt 0.277888 0.364212 0.000000
vt 0.277880 0.365225 0.000000
vt 0.277798 0.365984 0.000000
vt 0.278734 0.365555 0.000000
vt 0.276951 0.366112 0.000000
vt 0.277921 0.362996 0.000000
vt 0.278884 0.362295 0.000000
vt 0.278021 0.361760 0.000000
vt 0.277094 0.362635 0.000000
vt 0.278884 0.361089 0.000000
vt 0.279884 0.362343 0.000000
vt 0.280079 0.363019 0.000000
vt 0.276376 0.363463 0.000000
vt 0.279884 0.363675 0.000000
vt 0.280548 0.363585 0.000000
vt 0.281179 0.364010 0.000000
vt 0.281375 0.362985 0.000000
vt 0.282182 0.363504 0.000000
vt 0.282182 0.362654 0.000000
vt 0.281405 0.361992 0.000000
vt 0.281869 0.364452 0.000000
vt 0.066838 0.054332 0.000000
vt 0.066125 0.054622 0.000000
vt 0.281469 0.365342 0.000000
vt 0.066838 0.053309 0.000000
vt 0.066030 0.053650 0.000000
vt 0.065196 0.054140 0.000000
vt 0.065363 0.055056 0.000000
vt 0.282182 0.365644 0.000000
vt 0.494466 0.551232 0.000000
vt 0.494147 0.551335 0.000000
vt 0.064767 0.055573 0.000000
vt 0.065087 0.056646 0.000000
vt 0.064660 0.054585 0.000000
vt 0.065477 0.057547 0.000000
vt 0.065866 0.058208 0.000000
vt 0.066343 0.058654 0.000000
vt 0.282182 0.361580 0.000000
vt 0.281415 0.360762 0.000000
vt 0.281423 0.361204 0.000000
vt 0.282182 0.362008 0.000000
vt 0.280515 0.360365 0.000000
vt 0.279884 0.360365 0.000000
vt 0.066838 0.058658 0.000000
vt 0.066223 0.059113 0.000000
vt 0.276135 0.365155 0.000000
vt 0.276415 0.365832 0.000000
vt 0.064422 0.055169 0.000000
vt 0.278884 0.360221 0.000000
vt 0.278169 0.360817 0.000000
vt 0.066503 0.355809 0.000000
vt 0.066503 0.379497 0.000000
vt 0.088272 0.379497 0.000000
vt 0.088272 0.355809 0.000000
vt 0.276047 0.363994 0.000000
vt 0.404723 0.546728 0.000000
vt 0.396525 0.534518 0.000000
vt 0.384302 0.549210 0.000000
vt 0.396208 0.560166 0.000000
vt 0.406221 0.568498 0.000000
vt 0.415027 0.548528 0.000000
vt 0.410278 0.525402 0.000000
vt 0.333265 0.589645 0.000000
vt 0.335769 0.571700 0.000000
vt 0.312505 0.570196 0.000000
vt 0.315350 0.594555 0.000000
vt 0.342034 0.600435 0.000000
vt 0.352821 0.579241 0.000000
vt 0.320260 0.613966 0.000000
vt 0.042767 0.176100 0.000000
vt 0.052643 0.144651 0.000000
vt 0.021734 0.174472 0.000000
vt 0.024158 0.202709 0.000000
vt 0.065745 0.181981 0.000000
vt 0.076637 0.150087 0.000000
vt 0.253154 0.488078 0.000000
vt 0.244457 0.497360 0.000000
vt 0.238516 0.511976 0.000000
vt 0.249818 0.512520 0.000000
vt 0.261996 0.511188 0.000000
vt 0.264832 0.484469 0.000000
vt 0.266648 0.459170 0.000000
vt 0.254535 0.461512 0.000000
vt 0.244205 0.465706 0.000000
vt 0.245238 0.483140 0.000000
vt 0.238614 0.490706 0.000000
vt 0.231831 0.473989 0.000000
vt 0.227815 0.504867 0.000000
vt 0.115335 0.005904 0.000000
vt 0.106069 0.012373 0.000000
vt 0.114100 0.021610 0.000000
vt 0.121573 0.000500 0.000000
vt 0.270312 0.433854 0.000000
vt 0.259218 0.434702 0.000000
vt 0.100753 0.109422 0.000000
vt 0.110308 0.137526 0.000000
vt 0.136671 0.131028 0.000000
vt 0.136026 0.108360 0.000000
vt 0.093346 0.161317 0.000000
vt 0.138087 0.087214 0.000000
vt 0.109988 0.075581 0.000000
vt 0.095536 0.068246 0.000000
vt 0.080396 0.100252 0.000000
vt 0.177917 0.109732 0.000000
vt 0.167377 0.126954 0.000000
vt 0.175650 0.083362 0.000000
vt 0.142053 0.067559 0.000000
vt 0.186906 0.161842 0.000000
vt 0.196956 0.154880 0.000000
vt 0.208005 0.116112 0.000000
vt 0.209482 0.092895 0.000000
vt 0.102636 0.391014 0.000000
vt 0.120642 0.393990 0.000000
vt 0.122552 0.380142 0.000000
vt 0.099660 0.380142 0.000000
vt 0.096491 0.402146 0.000000
vt 0.113963 0.409293 0.000000
vt 0.237605 0.051424 0.000000
vt 0.236087 0.061233 0.000000
vt 0.248892 0.060634 0.000000
vt 0.245805 0.048025 0.000000
vt 0.135777 0.174218 0.000000
vt 0.127652 0.181917 0.000000
vt 0.132032 0.193792 0.000000
vt 0.140567 0.182844 0.000000
vt 0.136965 0.157535 0.000000
vt 0.121319 0.163214 0.000000
vt 0.151051 0.165467 0.000000
vt 0.202452 0.072426 0.000000
vt 0.175177 0.065787 0.000000
vt 0.222976 0.085573 0.000000
vt 0.221107 0.072722 0.000000
vt 0.228994 0.123722 0.000000
vt 0.233063 0.104292 0.000000
vt 0.236558 0.087081 0.000000
vt 0.236376 0.072826 0.000000
vt 0.314355 0.805645 0.000000
vt 0.311675 0.796752 0.000000
vt 0.300622 0.805718 0.000000
vt 0.308144 0.813390 0.000000
vt 0.315528 0.818311 0.000000
vt 0.321489 0.806347 0.000000
vt 0.323344 0.791700 0.000000
vt 0.260521 0.754918 0.000000
vt 0.264603 0.750218 0.000000
vt 0.260495 0.746024 0.000000
vt 0.255743 0.752462 0.000000
vt 0.253569 0.758081 0.000000
vt 0.260190 0.758973 0.000000
vt 0.267056 0.754432 0.000000
vt 0.227957 0.762129 0.000000
vt 0.228785 0.755480 0.000000
vt 0.216474 0.752320 0.000000
vt 0.218610 0.764068 0.000000
vt 0.233858 0.765196 0.000000
vt 0.237287 0.758236 0.000000
vt 0.225784 0.773735 0.000000
vt 0.200429 0.699600 0.000000
vt 0.211334 0.705663 0.000000
vt 0.220357 0.688719 0.000000
vt 0.208895 0.679088 0.000000
vt 0.200159 0.671356 0.000000
vt 0.192396 0.688831 0.000000
vt 0.183667 0.697321 0.000000
vt 0.187495 0.703875 0.000000
vt 0.188005 0.710881 0.000000
vt 0.197706 0.713580 0.000000
vt 0.205927 0.717596 0.000000
vt 0.261993 0.580731 0.000000
vt 0.288041 0.572484 0.000000
vt 0.289133 0.539738 0.000000
vt 0.269147 0.540747 0.000000
vt 0.255777 0.539609 0.000000
vt 0.243849 0.570723 0.000000
vt 0.272245 0.610608 0.000000
vt 0.293347 0.600484 0.000000
vt 0.241271 0.611384 0.000000
vt 0.252101 0.627764 0.000000
vt 0.230527 0.600460 0.000000
vt 0.026525 0.711172 0.000000
vt 0.043232 0.710481 0.000000
vt 0.043650 0.681285 0.000000
vt 0.030352 0.679346 0.000000
vt 0.449215 0.002577 0.000000
vt 0.439147 0.000500 0.000000
vt 0.442704 0.005465 0.000000
vt 0.450250 0.010988 0.000000
vt 0.464538 0.021341 0.000000
vt 0.468578 0.013231 0.000000
vt 0.027644 0.742283 0.000000
vt 0.044297 0.738783 0.000000
vt 0.170511 0.705743 0.000000
vt 0.173057 0.705445 0.000000
vt 0.171876 0.703530 0.000000
vt 0.169851 0.704975 0.000000
vt 0.167720 0.705489 0.000000
vt 0.168938 0.707461 0.000000
vt 0.172696 0.709169 0.000000
vt 0.168465 0.701824 0.000000
vt 0.157604 0.732925 0.000000
vt 0.164409 0.728684 0.000000
vt 0.158387 0.722229 0.000000
vt 0.151606 0.729691 0.000000
vt 0.149032 0.745653 0.000000
vt 0.159771 0.744362 0.000000
vt 0.169822 0.740272 0.000000
vt 0.187572 0.765875 0.000000
vt 0.194162 0.745310 0.000000
vt 0.186441 0.739001 0.000000
vt 0.176566 0.752236 0.000000
vt 0.165335 0.759903 0.000000
vt 0.171864 0.778758 0.000000
vt 0.204849 0.765737 0.000000
vt 0.204715 0.749396 0.000000
vt 0.199433 0.790752 0.000000
vt 0.213416 0.782159 0.000000
vt 0.182107 0.809736 0.000000
vt 0.117809 0.734981 0.000000
vt 0.110017 0.709603 0.000000
vt 0.083961 0.711060 0.000000
vt 0.088649 0.736280 0.000000
vt 0.137302 0.719898 0.000000
vt 0.131241 0.706660 0.000000
vt 0.091798 0.758640 0.000000
vt 0.116855 0.759270 0.000000
vt 0.137096 0.744245 0.000000
vt 0.144887 0.726277 0.000000
vt 0.135968 0.763250 0.000000
vt 0.048227 0.776390 0.000000
vt 0.045023 0.761197 0.000000
vt 0.029323 0.766059 0.000000
vt 0.039055 0.788442 0.000000
vt 0.066685 0.780009 0.000000
vt 0.066868 0.759075 0.000000
vt 0.063269 0.802521 0.000000
vt 0.128613 0.211345 0.000000
vt 0.124114 0.203992 0.000000
vt 0.115766 0.219288 0.000000
vt 0.126071 0.226328 0.000000
vt 0.139575 0.220711 0.000000
vt 0.135920 0.204145 0.000000
vt 0.019046 0.347201 0.000000
vt 0.000167 0.356170 0.000000
vt 0.000167 0.379142 0.000000
vt 0.020089 0.364383 0.000000
vt 0.036596 0.322398 0.000000
vt 0.007299 0.324769 0.000000
vt 0.043145 0.348314 0.000000
vt 0.035660 0.281695 0.000000
vt 0.013147 0.287510 0.000000
vt 0.075552 0.305371 0.000000
vt 0.057147 0.270333 0.000000
vt 0.075722 0.335077 0.000000
vt 0.089782 0.280853 0.000000
vt 0.069883 0.257036 0.000000
vt 0.110308 0.334541 0.000000
vt 0.115553 0.311985 0.000000
vt 0.120010 0.289880 0.000000
vt 0.517647 0.734192 0.000000
vt 0.519328 0.718466 0.000000
vt 0.500747 0.723572 0.000000
vt 0.506554 0.739238 0.000000
vt 0.532440 0.742505 0.000000
vt 0.541131 0.725603 0.000000
vt 0.519265 0.753882 0.000000
vt 0.167007 0.252724 0.000000
vt 0.147013 0.264762 0.000000
vt 0.146543 0.290203 0.000000
vt 0.162584 0.290228 0.000000
vt 0.174299 0.292204 0.000000
vt 0.182250 0.256743 0.000000
vt 0.159688 0.226920 0.000000
vt 0.143719 0.241255 0.000000
vt 0.203233 0.204740 0.000000
vt 0.186066 0.203091 0.000000
vt 0.157873 0.348636 0.000000
vt 0.173017 0.356085 0.000000
vt 0.176509 0.342385 0.000000
vt 0.163257 0.338172 0.000000
vt 0.151798 0.339751 0.000000
vt 0.153962 0.358914 0.000000
vt 0.169362 0.368580 0.000000
vt 0.589305 0.919676 0.000000
vt 0.599425 0.897762 0.000000
vt 0.585069 0.896126 0.000000
vt 0.575859 0.920522 0.000000
vt 0.186232 0.373456 0.000000
vt 0.196232 0.360939 0.000000
vt 0.194873 0.379142 0.000000
vt 0.204456 0.368688 0.000000
vt 0.194921 0.344698 0.000000
vt 0.217838 0.355560 0.000000
vt 0.215984 0.342169 0.000000
vt 0.217383 0.368509 0.000000
vt 0.574200 0.934733 0.000000
vt 0.557757 0.921906 0.000000
vt 0.559708 0.939875 0.000000
vt 0.219755 0.209055 0.000000
vt 0.228586 0.194394 0.000000
vt 0.220855 0.180840 0.000000
vt 0.212669 0.150279 0.000000
vt 0.228228 0.210171 0.000000
vt 0.236364 0.203205 0.000000
vt 0.231165 0.218272 0.000000
vt 0.240368 0.211453 0.000000
vt 0.221114 0.226503 0.000000
vt 0.241691 0.217287 0.000000
vt 0.236291 0.224305 0.000000
vt 0.243322 0.226672 0.000000
vt 0.247347 0.216626 0.000000
vt 0.248343 0.207485 0.000000
vt 0.284704 0.241281 0.000000
vt 0.273118 0.246023 0.000000
vt 0.276664 0.261522 0.000000
vt 0.292099 0.249145 0.000000
vt 0.289521 0.230461 0.000000
vt 0.275092 0.232307 0.000000
vt 0.303896 0.235442 0.000000
vt 0.319946 0.852143 0.000000
vt 0.319159 0.845703 0.000000
vt 0.311650 0.841687 0.000000
vt 0.308091 0.848846 0.000000
vt 0.327185 0.848697 0.000000
vt 0.324349 0.847767 0.000000
vt 0.303944 0.857293 0.000000
vt 0.317843 0.860922 0.000000
vt 0.275254 0.314875 0.000000
vt 0.267919 0.336275 0.000000
vt 0.293430 0.338106 0.000000
vt 0.302046 0.322672 0.000000
vt 0.239731 0.322653 0.000000
vt 0.239769 0.337644 0.000000
vt 0.264202 0.291607 0.000000
vt 0.237076 0.300499 0.000000
vt 0.298013 0.293937 0.000000
vt 0.285340 0.278023 0.000000
vt 0.314385 0.305280 0.000000
vt 0.434325 0.320136 0.000000
vt 0.453446 0.315796 0.000000
vt 0.456203 0.297053 0.000000
vt 0.438301 0.296275 0.000000
vt 0.424165 0.336196 0.000000
vt 0.437106 0.346312 0.000000
vt 0.444176 0.337232 0.000000
vt 0.453100 0.332689 0.000000
vt 0.416941 0.294754 0.000000
vt 0.408751 0.317173 0.000000
vt 0.402085 0.333287 0.000000
vt 0.280854 0.839688 0.000000
vt 0.283303 0.833258 0.000000
vt 0.270628 0.832421 0.000000
vt 0.271051 0.843326 0.000000
vt 0.276075 0.853536 0.000000
vt 0.285894 0.844655 0.000000
vt 0.291429 0.837641 0.000000
vt 0.271126 0.910082 0.000000
vt 0.254005 0.893437 0.000000
vt 0.236262 0.905022 0.000000
vt 0.248197 0.924018 0.000000
vt 0.258617 0.941251 0.000000
vt 0.273867 0.934388 0.000000
vt 0.287748 0.884181 0.000000
vt 0.272650 0.876153 0.000000
vt 0.297350 0.930544 0.000000
vt 0.300782 0.908002 0.000000
vt 0.308450 0.886089 0.000000
vt 0.183432 0.944193 0.000000
vt 0.201534 0.924168 0.000000
vt 0.185339 0.891464 0.000000
vt 0.158574 0.899390 0.000000
vt 0.210172 0.962896 0.000000
vt 0.220019 0.945802 0.000000
vt 0.188178 0.983252 0.000000
vt 0.208259 0.991551 0.000000
vt 0.157341 0.952724 0.000000
vt 0.168136 0.982480 0.000000
vt 0.137870 0.925457 0.000000
vt 0.247891 0.968299 0.000000
vt 0.256842 0.963361 0.000000
vt 0.247774 0.950328 0.000000
vt 0.237993 0.960365 0.000000
vt 0.247237 0.982874 0.000000
vt 0.260761 0.978792 0.000000
vt 0.229601 0.977354 0.000000
vt 0.452097 0.362796 0.000000
vt 0.452930 0.361421 0.000000
vt 0.451492 0.357807 0.000000
vt 0.449277 0.360497 0.000000
vt 0.448629 0.364931 0.000000
vt 0.454086 0.365314 0.000000
vt 0.456475 0.362425 0.000000
vt 0.457622 0.356144 0.000000
vt 0.440234 0.078429 0.000000
vt 0.438040 0.097055 0.000000
vt 0.456880 0.091947 0.000000
vt 0.449753 0.070848 0.000000
vt 0.428033 0.073125 0.000000
vt 0.416786 0.092355 0.000000
vt 0.438453 0.058869 0.000000
vt 0.180573 0.851912 0.000000
vt 0.158367 0.851823 0.000000
vt 0.125190 0.881920 0.000000
vt 0.111327 0.910642 0.000000
vt 0.132375 0.846628 0.000000
vt 0.106862 0.959116 0.000000
vt 0.119801 0.944492 0.000000
vt 0.099156 0.936715 0.000000
vt 0.091052 0.957858 0.000000
vt 0.088461 0.972000 0.000000
vt 0.110877 0.969774 0.000000
vt 0.135197 0.962337 0.000000
vt 0.488883 0.191419 0.000000
vt 0.476468 0.193360 0.000000
vt 0.472936 0.204552 0.000000
vt 0.487022 0.203304 0.000000
vt 0.498369 0.199603 0.000000
vt 0.496736 0.185759 0.000000
vt 0.479798 0.184966 0.000000
vt 0.288999 0.732774 0.000000
vt 0.283570 0.738119 0.000000
vt 0.288217 0.740294 0.000000
vt 0.292684 0.732912 0.000000
vt 0.294025 0.728793 0.000000
vt 0.289739 0.727373 0.000000
vt 0.280099 0.734588 0.000000
vt 0.434859 0.184831 0.000000
vt 0.431498 0.187438 0.000000
vt 0.444607 0.189498 0.000000
vt 0.445809 0.183170 0.000000
vt 0.444638 0.177791 0.000000
vt 0.432883 0.182293 0.000000
vt 0.428574 0.184894 0.000000
vt 0.046722 0.227722 0.000000
vt 0.063037 0.220481 0.000000
vt 0.031720 0.239430 0.000000
vt 0.068978 0.093461 0.000000
vt 0.044343 0.128620 0.000000
vt 0.019181 0.154145 0.000000
vt 0.094666 0.207818 0.000000
vt 0.101230 0.193463 0.000000
vt 0.084589 0.185563 0.000000
vt 0.079428 0.212627 0.000000
vt 0.083135 0.239705 0.000000
vt 0.098882 0.220873 0.000000
vt 0.109570 0.206194 0.000000
vt 0.241339 0.436199 0.000000
vt 0.224681 0.452826 0.000000
vt 0.133238 0.000500 0.000000
vt 0.125236 0.029645 0.000000
vt 0.146822 0.048223 0.000000
vt 0.152454 0.027082 0.000000
vt 0.217760 0.409168 0.000000
vt 0.206014 0.428123 0.000000
vt 0.302775 0.732515 0.000000
vt 0.304388 0.725183 0.000000
vt 0.303442 0.720276 0.000000
vt 0.301713 0.714031 0.000000
vt 0.287746 0.722336 0.000000
vt 0.277068 0.730215 0.000000
vt 0.323343 0.730747 0.000000
vt 0.295824 0.742418 0.000000
vt 0.306397 0.745184 0.000000
vt 0.314681 0.749463 0.000000
vt 0.334899 0.741687 0.000000
vt 0.324941 0.718217 0.000000
vt 0.359216 0.718636 0.000000
vt 0.355962 0.705493 0.000000
vt 0.319659 0.762788 0.000000
vt 0.339880 0.756348 0.000000
vt 0.290988 0.758565 0.000000
vt 0.296511 0.764804 0.000000
vt 0.301410 0.773985 0.000000
vt 0.422926 0.742135 0.000000
vt 0.420622 0.712903 0.000000
vt 0.391443 0.714310 0.000000
vt 0.392776 0.736423 0.000000
vt 0.436639 0.762703 0.000000
vt 0.461514 0.745606 0.000000
vt 0.453246 0.727408 0.000000
vt 0.446365 0.703994 0.000000
vt 0.405248 0.771812 0.000000
vt 0.415390 0.785451 0.000000
vt 0.387253 0.760931 0.000000
vt 0.259119 0.794706 0.000000
vt 0.240934 0.795246 0.000000
vt 0.232088 0.812402 0.000000
vt 0.247046 0.815278 0.000000
vt 0.260708 0.816949 0.000000
vt 0.271770 0.801822 0.000000
vt 0.260880 0.778679 0.000000
vt 0.246896 0.781642 0.000000
vt 0.286309 0.786860 0.000000
vt 0.279678 0.778657 0.000000
vt 0.205705 0.825039 0.000000
vt 0.215374 0.805397 0.000000
vt 0.156302 0.785161 0.000000
vt 0.158236 0.813918 0.000000
vt 0.422441 0.007008 0.000000
vt 0.423301 0.000500 0.000000
vt 0.411203 0.007653 0.000000
vt 0.414783 0.014829 0.000000
vt 0.421148 0.023052 0.000000
vt 0.429063 0.013202 0.000000
vt 0.433476 0.005775 0.000000
vt 0.439541 0.012347 0.000000
vt 0.447999 0.018740 0.000000
vt 0.329477 0.077850 0.000000
vt 0.301490 0.079614 0.000000
vt 0.301345 0.097856 0.000000
vt 0.322205 0.102274 0.000000
vt 0.348298 0.112916 0.000000
vt 0.358534 0.091190 0.000000
vt 0.327926 0.056077 0.000000
vt 0.301569 0.064413 0.000000
vt 0.598307 0.865587 0.000000
vt 0.571202 0.870085 0.000000
vt 0.563847 0.897977 0.000000
vt 0.615122 0.877689 0.000000
vt 0.635048 0.868185 0.000000
vt 0.625952 0.849459 0.000000
vt 0.592326 0.823134 0.000000
vt 0.567497 0.833245 0.000000
vt 0.615890 0.809868 0.000000
vt 0.159522 0.194600 0.000000
vt 0.172776 0.197512 0.000000
vt 0.174230 0.169901 0.000000
vt 0.157236 0.181012 0.000000
vt 0.144893 0.193790 0.000000
vt 0.150615 0.207641 0.000000
vt 0.209310 0.236787 0.000000
vt 0.193345 0.266292 0.000000
vt 0.332269 0.842497 0.000000
vt 0.328339 0.839813 0.000000
vt 0.323051 0.836449 0.000000
vt 0.336161 0.844756 0.000000
vt 0.334834 0.849573 0.000000
vt 0.346286 0.842435 0.000000
vt 0.344001 0.836843 0.000000
vt 0.423086 0.142903 0.000000
vt 0.426210 0.131955 0.000000
vt 0.402620 0.130391 0.000000
vt 0.403339 0.151746 0.000000
vt 0.453675 0.142684 0.000000
vt 0.454628 0.129675 0.000000
vt 0.434203 0.161128 0.000000
vt 0.457490 0.155416 0.000000
vt 0.419520 0.167734 0.000000
vt 0.372019 0.142572 0.000000
vt 0.369574 0.155611 0.000000
vt 0.396645 0.166315 0.000000
vt 0.414029 0.175583 0.000000
vt 0.375696 0.122908 0.000000
vt 0.429214 0.177009 0.000000
vt 0.425341 0.182472 0.000000
vt 0.426471 0.191322 0.000000
vt 0.442964 0.195688 0.000000
vt 0.422915 0.199089 0.000000
vt 0.439583 0.203807 0.000000
vt 0.410401 0.183489 0.000000
vt 0.406121 0.192180 0.000000
vt 0.059262 0.883463 0.000000
vt 0.028485 0.902969 0.000000
vt 0.030906 0.922611 0.000000
vt 0.055441 0.917395 0.000000
vt 0.038219 0.854233 0.000000
vt 0.017460 0.873827 0.000000
vt 0.082123 0.912396 0.000000
vt 0.095185 0.879546 0.000000
vt 0.107528 0.841257 0.000000
vt 0.079707 0.839484 0.000000
vt 0.055032 0.826762 0.000000
vt 0.113815 0.808722 0.000000
vt 0.088688 0.807261 0.000000
vt 0.115926 0.782602 0.000000
vt 0.091507 0.781996 0.000000
vt 0.136092 0.813336 0.000000
vt 0.136925 0.785525 0.000000
vt 0.151882 0.763559 0.000000
vt 0.028558 0.806876 0.000000
vt 0.016006 0.824621 0.000000
vt 0.494729 0.060946 0.000000
vt 0.474574 0.043387 0.000000
vt 0.468675 0.053513 0.000000
vt 0.486322 0.074577 0.000000
vt 0.000167 0.843322 0.000000
vt 0.498369 0.046939 0.000000
vt 0.478662 0.033481 0.000000
vt 0.460158 0.029231 0.000000
vt 0.498369 0.031872 0.000000
vt 0.482370 0.023451 0.000000
vt 0.443775 0.027710 0.000000
vt 0.454587 0.038193 0.000000
vt 0.436553 0.038297 0.000000
vt 0.447206 0.047989 0.000000
vt 0.460241 0.063029 0.000000
vt 0.472402 0.084558 0.000000
vt 0.456819 0.112820 0.000000
vt 0.478192 0.106801 0.000000
vt 0.498369 0.100482 0.000000
vt 0.477650 0.126026 0.000000
vt 0.498369 0.124388 0.000000
vt 0.477985 0.140091 0.000000
vt 0.498369 0.139139 0.000000
vt 0.479148 0.151769 0.000000
vt 0.498369 0.150954 0.000000
vt 0.480822 0.161944 0.000000
vt 0.498369 0.160576 0.000000
vt 0.030074 0.938897 0.000000
vt 0.027973 0.952269 0.000000
vt 0.049629 0.951852 0.000000
vt 0.052853 0.935986 0.000000
vt 0.070778 0.954137 0.000000
vt 0.075444 0.935425 0.000000
vt 0.047591 0.965823 0.000000
vt 0.067964 0.968966 0.000000
vt 0.046388 0.978256 0.000000
vt 0.066519 0.982451 0.000000
vt 0.087481 0.985283 0.000000
vt 0.114981 0.982717 0.000000
vt 0.064556 0.995643 0.000000
vt 0.085882 0.999833 0.000000
vt 0.114646 0.999833 0.000000
vt 0.484452 0.256145 0.000000
vt 0.479931 0.279235 0.000000
vt 0.498369 0.279769 0.000000
vt 0.498369 0.256765 0.000000
vt 0.490434 0.233570 0.000000
vt 0.476076 0.234582 0.000000
vt 0.468479 0.254909 0.000000
vt 0.462069 0.276651 0.000000
vt 0.475849 0.298304 0.000000
vt 0.452652 0.251982 0.000000
vt 0.444503 0.273423 0.000000
vt 0.436007 0.249390 0.000000
vt 0.426086 0.271380 0.000000
vt 0.419555 0.244911 0.000000
vt 0.407705 0.266066 0.000000
vt 0.396330 0.290001 0.000000
vt 0.387176 0.312720 0.000000
vt 0.390882 0.258097 0.000000
vt 0.378470 0.282393 0.000000
vt 0.366163 0.306137 0.000000
vt 0.355886 0.324559 0.000000
vt 0.379001 0.331300 0.000000
vt 0.361780 0.273903 0.000000
vt 0.347355 0.296647 0.000000
vt 0.334746 0.314811 0.000000
vt 0.324895 0.329014 0.000000
vt 0.347668 0.338069 0.000000
vt 0.329820 0.286266 0.000000
vt 0.345615 0.265382 0.000000
vt 0.330476 0.256531 0.000000
vt 0.315223 0.274803 0.000000
vt 0.318104 0.245268 0.000000
vt 0.302357 0.261851 0.000000
vt 0.344506 0.237385 0.000000
vt 0.329026 0.230467 0.000000
vt 0.311773 0.223174 0.000000
vt 0.335761 0.215999 0.000000
vt 0.316118 0.212592 0.000000
vt 0.296954 0.211931 0.000000
vt 0.293907 0.220729 0.000000
vt 0.279940 0.212471 0.000000
vt 0.277902 0.221262 0.000000
vt 0.266026 0.214025 0.000000
vt 0.264070 0.223858 0.000000
vt 0.261250 0.235937 0.000000
vt 0.257731 0.251972 0.000000
vt 0.252521 0.226243 0.000000
vt 0.247646 0.239081 0.000000
vt 0.241994 0.255180 0.000000
vt 0.227786 0.254633 0.000000
vt 0.220226 0.277158 0.000000
vt 0.238313 0.276804 0.000000
vt 0.258921 0.271121 0.000000
vt 0.236394 0.238849 0.000000
vt 0.227799 0.234875 0.000000
vt 0.217044 0.250372 0.000000
vt 0.205803 0.273175 0.000000
vt 0.186036 0.296498 0.000000
vt 0.198526 0.300680 0.000000
vt 0.214621 0.302847 0.000000
vt 0.195419 0.326258 0.000000
vt 0.214558 0.325708 0.000000
vt 0.181349 0.323251 0.000000
vt 0.170149 0.320577 0.000000
vt 0.158237 0.318049 0.000000
vt 0.142551 0.315756 0.000000
vt 0.137430 0.339094 0.000000
vt 0.255516 0.215291 0.000000
vt 0.267549 0.204386 0.000000
vt 0.257175 0.204952 0.000000
vt 0.268729 0.194043 0.000000
vt 0.256977 0.194680 0.000000
vt 0.246364 0.197575 0.000000
vt 0.254740 0.182564 0.000000
vt 0.241647 0.186366 0.000000
vt 0.250246 0.167732 0.000000
vt 0.234589 0.172337 0.000000
vt 0.246387 0.149186 0.000000
vt 0.228566 0.149599 0.000000
vt 0.246155 0.126951 0.000000
vt 0.263259 0.147310 0.000000
vt 0.262322 0.124892 0.000000
vt 0.264127 0.103098 0.000000
vt 0.249111 0.105995 0.000000
vt 0.264456 0.084061 0.000000
vt 0.250463 0.086424 0.000000
vt 0.263596 0.070423 0.000000
vt 0.250160 0.072554 0.000000
vt 0.261919 0.057490 0.000000
vt 0.279359 0.054214 0.000000
vt 0.277806 0.040742 0.000000
vt 0.259252 0.043073 0.000000
vt 0.280730 0.067517 0.000000
vt 0.281510 0.081083 0.000000
vt 0.300702 0.050584 0.000000
vt 0.053864 0.469179 0.000000
vt 0.043926 0.509948 0.000000
vt 0.057442 0.517023 0.000000
vt 0.067023 0.477734 0.000000
vt 0.299225 0.037462 0.000000
vt 0.326718 0.041772 0.000000
vt 0.071062 0.522892 0.000000
vt 0.080879 0.484782 0.000000
vt 0.093023 0.454764 0.000000
vt 0.078168 0.447118 0.000000
vt 0.097300 0.493590 0.000000
vt 0.110978 0.463660 0.000000
vt 0.124712 0.438939 0.000000
vt 0.104670 0.429342 0.000000
vt 0.088271 0.421392 0.000000
vt 0.137176 0.416446 0.000000
vt 0.149137 0.451214 0.000000
vt 0.164419 0.427925 0.000000
vt 0.177069 0.407263 0.000000
vt 0.145883 0.397262 0.000000
vt 0.186689 0.386676 0.000000
vt 0.150538 0.380142 0.000000
vt 0.201415 0.057678 0.000000
vt 0.176412 0.047901 0.000000
vt 0.220470 0.060370 0.000000
vt 0.190649 0.446589 0.000000
vt 0.173234 0.468521 0.000000
vt 0.191561 0.489702 0.000000
vt 0.209342 0.468353 0.000000
vt 0.204813 0.508839 0.000000
vt 0.218808 0.489624 0.000000
vt 0.216629 0.523427 0.000000
vt 0.204524 0.546798 0.000000
vt 0.217727 0.556298 0.000000
vt 0.229260 0.532433 0.000000
vt 0.189423 0.533921 0.000000
vt 0.172822 0.562004 0.000000
vt 0.190540 0.575030 0.000000
vt 0.172985 0.515614 0.000000
vt 0.154409 0.543625 0.000000
vt 0.139264 0.573232 0.000000
vt 0.159777 0.588887 0.000000
vt 0.154475 0.494084 0.000000
vt 0.135605 0.523399 0.000000
vt 0.118437 0.555918 0.000000
vt 0.103843 0.587892 0.000000
vt 0.126470 0.601184 0.000000
vt 0.116107 0.506320 0.000000
vt 0.099851 0.540877 0.000000
vt 0.083715 0.576258 0.000000
vt 0.070726 0.608356 0.000000
vt 0.093102 0.616348 0.000000
vt 0.084172 0.530271 0.000000
vt 0.069837 0.568104 0.000000
vt 0.053854 0.602008 0.000000
vt 0.046253 0.630407 0.000000
vt 0.064078 0.635641 0.000000
vt 0.058601 0.562021 0.000000
vt 0.041199 0.597022 0.000000
vt 0.033436 0.626647 0.000000
vt 0.032592 0.653586 0.000000
vt 0.044611 0.656668 0.000000
vt 0.028691 0.592768 0.000000
vt 0.021853 0.625112 0.000000
vt 0.023977 0.651948 0.000000
vt 0.022837 0.676559 0.000000
vt 0.010154 0.624539 0.000000
vt 0.015339 0.651203 0.000000
vt 0.018369 0.674673 0.000000
vt 0.016473 0.589919 0.000000
vt 0.397214 0.016484 0.000000
vt 0.376929 0.023702 0.000000
vt 0.381777 0.034168 0.000000
vt 0.402094 0.025173 0.000000
vt 0.387708 0.044365 0.000000
vt 0.407644 0.032975 0.000000
vt 0.397904 0.054987 0.000000
vt 0.415331 0.042092 0.000000
vt 0.427887 0.030619 0.000000
vt 0.435349 0.020129 0.000000
vt 0.425921 0.050843 0.000000
vt 0.412321 0.065030 0.000000
vt 0.377033 0.069399 0.000000
vt 0.397201 0.082584 0.000000
vt 0.385262 0.102704 0.000000
vt 0.408043 0.111777 0.000000
vt 0.431208 0.116704 0.000000
vt 0.361271 0.056218 0.000000
vt 0.356130 0.042389 0.000000
vt 0.352106 0.031379 0.000000
vt 0.032694 0.551478 0.000000
vt 0.046099 0.556582 0.000000
vt 0.017771 0.698720 0.000000
vt 0.010722 0.690962 0.000000
vt 0.060491 0.684371 0.000000
vt 0.061315 0.660460 0.000000
vt 0.082380 0.687199 0.000000
vt 0.083221 0.664513 0.000000
vt 0.086229 0.641502 0.000000
vt 0.108155 0.668732 0.000000
vt 0.111212 0.647622 0.000000
vt 0.117082 0.625228 0.000000
vt 0.133682 0.656330 0.000000
vt 0.140057 0.636540 0.000000
vt 0.148569 0.613923 0.000000
vt 0.158439 0.645584 0.000000
vt 0.167848 0.624716 0.000000
vt 0.178778 0.601308 0.000000
vt 0.181941 0.633215 0.000000
vt 0.193333 0.609743 0.000000
vt 0.204824 0.583745 0.000000
vt 0.205377 0.616482 0.000000
vt 0.217830 0.591555 0.000000
vt 0.230882 0.563919 0.000000
vt 0.242715 0.536943 0.000000
vt 0.215842 0.624161 0.000000
vt 0.201401 0.645539 0.000000
vt 0.209572 0.652395 0.000000
vt 0.224878 0.633920 0.000000
vt 0.192450 0.639552 0.000000
vt 0.182927 0.660038 0.000000
vt 0.192093 0.665705 0.000000
vt 0.172071 0.653226 0.000000
vt 0.166140 0.670624 0.000000
vt 0.177134 0.676829 0.000000
vt 0.151790 0.663830 0.000000
vt 0.147490 0.679316 0.000000
vt 0.161081 0.683429 0.000000
vt 0.129746 0.674600 0.000000
vt 0.129193 0.691277 0.000000
vt 0.145615 0.692294 0.000000
vt 0.107078 0.689172 0.000000
vt 0.146599 0.703233 0.000000
vt 0.156935 0.701564 0.000000
vt 0.157737 0.693187 0.000000
vt 0.164162 0.701419 0.000000
vt 0.166540 0.695251 0.000000
vt 0.171194 0.687485 0.000000
vt 0.171981 0.697676 0.000000
vt 0.178439 0.692180 0.000000
vt 0.185588 0.682547 0.000000
vt 0.176074 0.700882 0.000000
vt 0.178558 0.705051 0.000000
vt 0.178833 0.710204 0.000000
vt 0.176824 0.716534 0.000000
vt 0.185368 0.720443 0.000000
vt 0.170254 0.713638 0.000000
vt 0.165309 0.717899 0.000000
vt 0.171953 0.723595 0.000000
vt 0.165818 0.710238 0.000000
vt 0.160463 0.713612 0.000000
vt 0.163865 0.706399 0.000000
vt 0.157933 0.708030 0.000000
vt 0.149584 0.711424 0.000000
vt 0.153716 0.717465 0.000000
vt 0.179059 0.731220 0.000000
vt 0.193406 0.725522 0.000000
vt 0.200700 0.730247 0.000000
vt 0.209296 0.735482 0.000000
vt 0.215025 0.723581 0.000000
vt 0.219591 0.741457 0.000000
vt 0.225437 0.731622 0.000000
vt 0.232915 0.721362 0.000000
vt 0.222104 0.712512 0.000000
vt 0.242369 0.710369 0.000000
vt 0.232076 0.699682 0.000000
vt 0.254184 0.700162 0.000000
vt 0.244234 0.687151 0.000000
vt 0.231248 0.673516 0.000000
vt 0.257295 0.675223 0.000000
vt 0.245340 0.659838 0.000000
vt 0.234033 0.645226 0.000000
vt 0.218945 0.661672 0.000000
vt 0.261933 0.645476 0.000000
vt 0.271943 0.663304 0.000000
vt 0.287813 0.651094 0.000000
vt 0.280205 0.632272 0.000000
vt 0.305195 0.639514 0.000000
vt 0.299060 0.621909 0.000000
vt 0.326107 0.626682 0.000000
vt 0.312759 0.652613 0.000000
vt 0.332680 0.636320 0.000000
vt 0.353001 0.616667 0.000000
vt 0.347462 0.608915 0.000000
vt 0.371023 0.595767 0.000000
vt 0.362821 0.587614 0.000000
vt 0.384650 0.577039 0.000000
vt 0.373859 0.567710 0.000000
vt 0.359460 0.556586 0.000000
vt 0.338405 0.545969 0.000000
vt 0.367656 0.534318 0.000000
vt 0.344566 0.520025 0.000000
vt 0.318550 0.511877 0.000000
vt 0.313237 0.540520 0.000000
vt 0.377865 0.515958 0.000000
vt 0.352325 0.497068 0.000000
vt 0.325196 0.486146 0.000000
vt 0.298823 0.483021 0.000000
vt 0.294046 0.508741 0.000000
vt 0.362191 0.477008 0.000000
vt 0.331481 0.465663 0.000000
vt 0.302918 0.462481 0.000000
vt 0.281389 0.460196 0.000000
vt 0.278705 0.483122 0.000000
vt 0.336312 0.447612 0.000000
vt 0.305986 0.444375 0.000000
vt 0.284201 0.438311 0.000000
vt 0.094084 0.028774 0.000000
vt 0.083720 0.059072 0.000000
vt 0.104587 0.039256 0.000000
vt 0.117763 0.050240 0.000000
vt 0.370273 0.458305 0.000000
vt 0.275315 0.509743 0.000000
vt 0.389773 0.500504 0.000000
vt 0.402182 0.487073 0.000000
vt 0.036991 0.113808 0.000000
vt 0.015769 0.136743 0.000000
vt 0.377422 0.602852 0.000000
vt 0.393748 0.584864 0.000000
vt 0.384652 0.610120 0.000000
vt 0.402301 0.592699 0.000000
vt 0.416427 0.576743 0.000000
vt 0.412806 0.602507 0.000000
vt 0.429491 0.586909 0.000000
vt 0.442771 0.567652 0.000000
vt 0.427011 0.556608 0.000000
vt 0.000167 0.171668 0.000000
vt 0.001434 0.193934 0.000000
vt 0.000167 0.153253 0.000000
vt 0.446657 0.599054 0.000000
vt 0.464054 0.580622 0.000000
vt 0.007417 0.218679 0.000000
vt 0.465690 0.617494 0.000000
vt 0.488389 0.600236 0.000000
vt 0.013156 0.249970 0.000000
vt 0.480080 0.643182 0.000000
vt 0.505314 0.631581 0.000000
vt 0.458030 0.658391 0.000000
vt 0.469394 0.687142 0.000000
vt 0.489485 0.673661 0.000000
vt 0.513660 0.665245 0.000000
vt 0.443304 0.633553 0.000000
vt 0.421532 0.648852 0.000000
vt 0.435818 0.674653 0.000000
vt 0.426850 0.615329 0.000000
vt 0.406160 0.630742 0.000000
vt 0.386505 0.647681 0.000000
vt 0.400178 0.663024 0.000000
vt 0.393452 0.618473 0.000000
vt 0.374911 0.637190 0.000000
vt 0.356181 0.657907 0.000000
vt 0.366066 0.665678 0.000000
vt 0.366320 0.629816 0.000000
vt 0.347927 0.651219 0.000000
vt 0.329480 0.671410 0.000000
vt 0.337288 0.678671 0.000000
vt 0.358840 0.623578 0.000000
vt 0.339966 0.644382 0.000000
vt 0.321551 0.662589 0.000000
vt 0.305078 0.678247 0.000000
vt 0.312249 0.687854 0.000000
vt 0.296546 0.666620 0.000000
vt 0.281530 0.679237 0.000000
vt 0.289532 0.691647 0.000000
vt 0.275188 0.701751 0.000000
vt 0.280934 0.710810 0.000000
vt 0.295118 0.701061 0.000000
vt 0.267733 0.689728 0.000000
vt 0.262322 0.710638 0.000000
vt 0.251215 0.720345 0.000000
vt 0.258161 0.727652 0.000000
vt 0.268951 0.719130 0.000000
vt 0.263370 0.733534 0.000000
vt 0.273756 0.725371 0.000000
vt 0.284940 0.716897 0.000000
vt 0.298783 0.707929 0.000000
vt 0.321222 0.703020 0.000000
vt 0.317205 0.695575 0.000000
vt 0.345233 0.686771 0.000000
vt 0.324325 0.710600 0.000000
vt 0.351301 0.695715 0.000000
vt 0.376725 0.677641 0.000000
vt 0.385782 0.694242 0.000000
vt 0.414066 0.685101 0.000000
vt 0.267517 0.738174 0.000000
vt 0.271339 0.742560 0.000000
vt 0.255610 0.741628 0.000000
vt 0.250189 0.748740 0.000000
vt 0.249665 0.736440 0.000000
vt 0.243788 0.744220 0.000000
vt 0.239921 0.751402 0.000000
vt 0.246812 0.755270 0.000000
vt 0.242088 0.729533 0.000000
vt 0.235298 0.738553 0.000000
vt 0.230729 0.747221 0.000000
vt 0.244521 0.761518 0.000000
vt 0.252358 0.763873 0.000000
vt 0.241231 0.769086 0.000000
vt 0.250375 0.771449 0.000000
vt 0.261688 0.770025 0.000000
vt 0.261076 0.763158 0.000000
vt 0.272854 0.763403 0.000000
vt 0.269426 0.758354 0.000000
vt 0.284379 0.753826 0.000000
vt 0.279206 0.750382 0.000000
vt 0.275232 0.746986 0.000000
vt 0.276246 0.770268 0.000000
vt 0.235312 0.779436 0.000000
vt 0.226221 0.791932 0.000000
vt 0.476971 0.712891 0.000000
vt 0.495821 0.702409 0.000000
vt 0.516626 0.694480 0.000000
vt 0.483336 0.732131 0.000000
vt 0.469551 0.761652 0.000000
vt 0.490992 0.748301 0.000000
vt 0.478677 0.777148 0.000000
vt 0.501767 0.764655 0.000000
vt 0.489176 0.794616 0.000000
vt 0.514581 0.782789 0.000000
vt 0.536500 0.770996 0.000000
vt 0.528444 0.808177 0.000000
vt 0.554578 0.797597 0.000000
vt 0.578181 0.783086 0.000000
vt 0.552989 0.757054 0.000000
vt 0.596240 0.764428 0.000000
vt 0.565159 0.738756 0.000000
vt 0.539378 0.840173 0.000000
vt 0.500451 0.818171 0.000000
vt 0.507973 0.846745 0.000000
vt 0.510130 0.878267 0.000000
vt 0.542643 0.873481 0.000000
vt 0.510494 0.907056 0.000000
vt 0.538587 0.901504 0.000000
vt 0.511664 0.930356 0.000000
vt 0.535727 0.924724 0.000000
vt 0.515002 0.949689 0.000000
vt 0.538675 0.944065 0.000000
vt 0.236072 0.367633 0.000000
vt 0.257479 0.366099 0.000000
vt 0.262566 0.350802 0.000000
vt 0.238884 0.351643 0.000000
vt 0.520605 0.967253 0.000000
vt 0.487554 0.958718 0.000000
vt 0.493780 0.976738 0.000000
vt 0.286089 0.353394 0.000000
vt 0.459003 0.968508 0.000000
vt 0.466387 0.986816 0.000000
vt 0.309255 0.358106 0.000000
vt 0.316389 0.343286 0.000000
vt 0.334218 0.364031 0.000000
vt 0.340370 0.351033 0.000000
vt 0.360229 0.371813 0.000000
vt 0.367031 0.357412 0.000000
vt 0.372450 0.345318 0.000000
vt 0.393324 0.358719 0.000000
vt 0.397442 0.346489 0.000000
vt 0.414355 0.360801 0.000000
vt 0.418580 0.348533 0.000000
vt 0.429588 0.365634 0.000000
vt 0.432716 0.355755 0.000000
vt 0.441435 0.369062 0.000000
vt 0.442074 0.361769 0.000000
vt 0.444325 0.355108 0.000000
vt 0.449077 0.349795 0.000000
vt 0.456405 0.346508 0.000000
vt 0.466047 0.355933 0.000000
vt 0.467626 0.344468 0.000000
vt 0.469418 0.329978 0.000000
vt 0.484845 0.345188 0.000000
vt 0.491923 0.330207 0.000000
vt 0.498369 0.314461 0.000000
vt 0.472621 0.314307 0.000000
vt 0.498369 0.298384 0.000000
vt 0.228052 0.999833 0.000000
vt 0.247486 0.999833 0.000000
vt 0.477871 0.358742 0.000000
vt 0.261883 0.993231 0.000000
vt 0.462897 0.364447 0.000000
vt 0.472512 0.369525 0.000000
vt 0.458585 0.369210 0.000000
vt 0.465582 0.376378 0.000000
vt 0.273253 0.989704 0.000000
vt 0.272333 0.975425 0.000000
vt 0.450456 0.371152 0.000000
vt 0.455206 0.379142 0.000000
vt 0.285131 0.989683 0.000000
vt 0.283755 0.974441 0.000000
vt 0.279969 0.955239 0.000000
vt 0.267600 0.959077 0.000000
vt 0.297897 0.991249 0.000000
vt 0.297918 0.973427 0.000000
vt 0.296993 0.952843 0.000000
vt 0.315851 0.974505 0.000000
vt 0.317418 0.952536 0.000000
vt 0.320091 0.928842 0.000000
vt 0.323870 0.904953 0.000000
vt 0.340161 0.951933 0.000000
vt 0.342765 0.926695 0.000000
vt 0.345227 0.902205 0.000000
vt 0.346959 0.881296 0.000000
vt 0.328110 0.884470 0.000000
vt 0.366544 0.925177 0.000000
vt 0.366995 0.899310 0.000000
vt 0.366473 0.876889 0.000000
vt 0.365101 0.859314 0.000000
vt 0.348048 0.865588 0.000000
vt 0.390444 0.898478 0.000000
vt 0.388021 0.874390 0.000000
vt 0.385347 0.855253 0.000000
vt 0.382789 0.841772 0.000000
vt 0.363591 0.846532 0.000000
vt 0.414202 0.870059 0.000000
vt 0.411243 0.849710 0.000000
vt 0.408686 0.836783 0.000000
vt 0.405397 0.825513 0.000000
vt 0.380332 0.832088 0.000000
vt 0.441112 0.840368 0.000000
vt 0.436323 0.824129 0.000000
vt 0.430246 0.810517 0.000000
vt 0.422629 0.798078 0.000000
vt 0.400464 0.814150 0.000000
vt 0.462776 0.808372 0.000000
vt 0.453595 0.791970 0.000000
vt 0.444769 0.777551 0.000000
vt 0.471314 0.828843 0.000000
vt 0.444593 0.863137 0.000000
vt 0.476604 0.854453 0.000000
vt 0.446362 0.890241 0.000000
vt 0.477570 0.883271 0.000000
vt 0.448651 0.919102 0.000000
vt 0.477733 0.912465 0.000000
vt 0.452948 0.946486 0.000000
vt 0.482043 0.938281 0.000000
vt 0.419710 0.923943 0.000000
vt 0.423973 0.952216 0.000000
vt 0.429112 0.976016 0.000000
vt 0.394586 0.953669 0.000000
vt 0.396876 0.977935 0.000000
vt 0.399814 0.999833 0.000000
vt 0.434738 0.994145 0.000000
vt 0.365951 0.951577 0.000000
vt 0.365568 0.975672 0.000000
vt 0.365041 0.999833 0.000000
vt 0.338347 0.976253 0.000000
vt 0.336381 0.999833 0.000000
vt 0.387700 0.373894 0.000000
vt 0.410072 0.375337 0.000000
vt 0.314800 0.995873 0.000000
vt 0.427843 0.378203 0.000000
vt 0.443253 0.379142 0.000000
vt 0.392749 0.925872 0.000000
vt 0.417102 0.895890 0.000000
vt 0.394442 0.803425 0.000000
vt 0.372636 0.814924 0.000000
vt 0.376710 0.822882 0.000000
vt 0.355453 0.825471 0.000000
vt 0.358554 0.831270 0.000000
vt 0.361813 0.838275 0.000000
vt 0.347524 0.847215 0.000000
vt 0.348375 0.854695 0.000000
vt 0.334290 0.853386 0.000000
vt 0.333639 0.859992 0.000000
vt 0.331864 0.870268 0.000000
vt 0.314146 0.871308 0.000000
vt 0.297813 0.868261 0.000000
vt 0.293409 0.851632 0.000000
vt 0.284963 0.862226 0.000000
vt 0.261551 0.864254 0.000000
vt 0.244498 0.874717 0.000000
vt 0.255987 0.849473 0.000000
vt 0.239699 0.854519 0.000000
vt 0.220959 0.856284 0.000000
vt 0.225736 0.882348 0.000000
vt 0.255665 0.833410 0.000000
vt 0.240823 0.834187 0.000000
vt 0.223726 0.832221 0.000000
vt 0.201772 0.854860 0.000000
vt 0.205684 0.886165 0.000000
vt 0.218210 0.913655 0.000000
vt 0.232788 0.933823 0.000000
vt 0.274376 0.820769 0.000000
vt 0.286573 0.825384 0.000000
vt 0.292222 0.815987 0.000000
vt 0.282065 0.808676 0.000000
vt 0.293094 0.796400 0.000000
vt 0.306649 0.784467 0.000000
vt 0.322733 0.775638 0.000000
vt 0.336551 0.790346 0.000000
vt 0.340672 0.772358 0.000000
vt 0.349308 0.793135 0.000000
vt 0.359293 0.774281 0.000000
vt 0.364334 0.754469 0.000000
vt 0.376219 0.782295 0.000000
vt 0.363975 0.734696 0.000000
vt 0.360631 0.798570 0.000000
vt 0.367948 0.806422 0.000000
vt 0.387330 0.792977 0.000000
vt 0.346292 0.814626 0.000000
vt 0.351659 0.819853 0.000000
vt 0.336010 0.828602 0.000000
vt 0.340141 0.832248 0.000000
vt 0.329977 0.825129 0.000000
vt 0.339192 0.810390 0.000000
vt 0.330601 0.807708 0.000000
vt 0.323087 0.822025 0.000000
vt 0.309155 0.827947 0.000000
vt 0.316399 0.832820 0.000000
vt 0.303831 0.836285 0.000000
vt 0.295879 0.830636 0.000000
vt 0.299195 0.843578 0.000000
vt 0.301225 0.822514 0.000000
vt 0.061281 0.710715 0.000000
vt 0.064278 0.736659 0.000000
vt 0.133093 0.476326 0.000000
vt 0.281859 0.098172 0.000000
vt 0.279995 0.120744 0.000000
vt 0.298550 0.119744 0.000000
vt 0.297035 0.144763 0.000000
vt 0.316290 0.147357 0.000000
vt 0.317177 0.124928 0.000000
vt 0.280099 0.145087 0.000000
vt 0.282542 0.166426 0.000000
vt 0.299450 0.165885 0.000000
vt 0.266334 0.166155 0.000000
vt 0.268573 0.181891 0.000000
vt 0.283845 0.182511 0.000000
vt 0.282929 0.194712 0.000000
vt 0.299984 0.194168 0.000000
vt 0.300471 0.182244 0.000000
vt 0.319768 0.192579 0.000000
vt 0.320167 0.181024 0.000000
vt 0.318919 0.165878 0.000000
vt 0.342757 0.178623 0.000000
vt 0.341217 0.165305 0.000000
vt 0.340597 0.150515 0.000000
vt 0.367534 0.166381 0.000000
vt 0.342362 0.133224 0.000000
vt 0.366443 0.178782 0.000000
vt 0.388068 0.185191 0.000000
vt 0.392547 0.175081 0.000000
vt 0.383912 0.195623 0.000000
vt 0.402140 0.201778 0.000000
vt 0.363435 0.191254 0.000000
vt 0.359569 0.204466 0.000000
vt 0.379034 0.207894 0.000000
vt 0.342086 0.190947 0.000000
vt 0.339918 0.202864 0.000000
vt 0.353788 0.220066 0.000000
vt 0.318562 0.202632 0.000000
vt 0.298893 0.203508 0.000000
vt 0.281712 0.203969 0.000000
vt 0.360650 0.243573 0.000000
vt 0.371886 0.224172 0.000000
vt 0.375745 0.250456 0.000000
vt 0.388407 0.229925 0.000000
vt 0.396821 0.213499 0.000000
vt 0.403590 0.237194 0.000000
vt 0.413210 0.220476 0.000000
vt 0.418976 0.208154 0.000000
vt 0.429128 0.227287 0.000000
vt 0.435341 0.213591 0.000000
vt 0.445616 0.230804 0.000000
vt 0.452496 0.216027 0.000000
vt 0.456999 0.204989 0.000000
vt 0.468419 0.217313 0.000000
vt 0.460112 0.195441 0.000000
vt 0.462349 0.187042 0.000000
vt 0.464022 0.179282 0.000000
vt 0.482023 0.178459 0.000000
vt 0.482055 0.170751 0.000000
vt 0.463129 0.172328 0.000000
vt 0.498369 0.179097 0.000000
vt 0.498369 0.170566 0.000000
vt 0.027062 0.965973 0.000000
vt 0.027291 0.977481 0.000000
vt 0.027569 0.986495 0.000000
vt 0.045798 0.988782 0.000000
vt 0.460967 0.165110 0.000000
vt 0.440776 0.171034 0.000000
vt 0.461674 0.233171 0.000000
vt 0.482060 0.217847 0.000000
vt 0.493994 0.216002 0.000000
vt 0.144460 0.983497 0.000000
vt 0.160068 0.144664 0.000000
vt 0.106897 0.238733 0.000000
vt 0.118527 0.192857 0.000000
vt 0.109214 0.177729 0.000000
vt 0.096781 0.262526 0.000000
vt 0.120756 0.270532 0.000000
vt 0.122732 0.246963 0.000000
vt 0.526874 0.408611 0.000000
vt 0.513301 0.430944 0.000000
vt 0.528316 0.450532 0.000000
vt 0.546674 0.437373 0.000000
vt 0.494992 0.388782 0.000000
vt 0.497277 0.417911 0.000000
vt 0.481490 0.559052 0.000000
vt 0.503779 0.530052 0.000000
vt 0.476010 0.505036 0.000000
vt 0.458120 0.519688 0.000000
vt 0.017835 0.549057 0.000000
vt 0.017835 0.534260 0.000000
vt 0.001204 0.531170 0.000000
vt 0.001204 0.549057 0.000000
vt 0.458619 0.413287 0.000000
vt 0.465665 0.432698 0.000000
vt 0.478102 0.420344 0.000000
vt 0.472721 0.391544 0.000000
vt 0.438763 0.521996 0.000000
vt 0.454083 0.496301 0.000000
vt 0.438017 0.503927 0.000000
vt 0.445815 0.548152 0.000000
vt 0.021615 0.518026 0.000000
vt 0.012316 0.518008 0.000000
vt 0.028405 0.529935 0.000000
vt 0.493440 0.436110 0.000000
vt 0.483762 0.438457 0.000000
vt 0.488583 0.449637 0.000000
vt 0.501091 0.444658 0.000000
vt 0.511218 0.466806 0.000000
vt 0.316718 0.390218 0.000000
vt 0.312867 0.401897 0.000000
vt 0.324108 0.405324 0.000000
vt 0.324108 0.380653 0.000000
vt 0.444708 0.436841 0.000000
vt 0.438800 0.461509 0.000000
vt 0.454078 0.466181 0.000000
vt 0.457728 0.450747 0.000000
vt 0.000167 0.520861 0.000000
vt 0.437647 0.479955 0.000000
vt 0.453054 0.479819 0.000000
vt 0.478344 0.451973 0.000000
vt 0.473723 0.446148 0.000000
vt 0.468150 0.457334 0.000000
vt 0.478344 0.460251 0.000000
vt 0.490179 0.460853 0.000000
vt 0.483258 0.483017 0.000000
vt 0.486879 0.480718 0.000000
vt 0.483647 0.476846 0.000000
vt 0.481894 0.479732 0.000000
vt 0.482119 0.491086 0.000000
vt 0.503830 0.485107 0.000000
vt 0.475566 0.483793 0.000000
vt 0.475479 0.476312 0.000000
vt 0.486478 0.470583 0.000000
vt 0.476590 0.468682 0.000000
vt 0.466192 0.468247 0.000000
vt 0.465205 0.478205 0.000000
vt 0.468246 0.490004 0.000000
vt 0.412373 0.517313 0.000000
vt 0.412566 0.517013 0.000000
vt 0.411269 0.516983 0.000000
vt 0.411523 0.517356 0.000000
vt 0.411996 0.517817 0.000000
vt 0.413017 0.517617 0.000000
vt 0.413796 0.517182 0.000000
vt 0.409526 0.517450 0.000000
vt 0.410304 0.517407 0.000000
vt 0.409940 0.517027 0.000000
vt 0.409048 0.517234 0.000000
vt 0.408722 0.517689 0.000000
vt 0.409612 0.517865 0.000000
vt 0.410788 0.517937 0.000000
vt 0.064540 0.050690 0.000000
vt 0.064422 0.050822 0.000000
vt 0.064596 0.051521 0.000000
vt 0.064865 0.051091 0.000000
vt 0.506442 0.996102 0.000000
vt 0.506442 0.981334 0.000000
vt 0.487248 0.980889 0.000000
vt 0.495669 0.999833 0.000000
vt 0.065640 0.050690 0.000000
vt 0.065158 0.050346 0.000000
vt 0.067035 0.050850 0.000000
vt 0.066729 0.050479 0.000000
vt 0.066493 0.051156 0.000000
vt 0.067870 0.050900 0.000000
vt 0.068008 0.050464 0.000000
vt 0.067533 0.051457 0.000000
vt 0.073022 0.050735 0.000000
vt 0.072538 0.050251 0.000000
vt 0.072408 0.050457 0.000000
vt 0.072893 0.051014 0.000000
vt 0.407887 0.517298 0.000000
vt 0.408087 0.517454 0.000000
vt 0.408586 0.517005 0.000000
vt 0.408367 0.516946 0.000000
vt 0.408019 0.517523 0.000000
vt 0.408260 0.517904 0.000000
vt 0.071659 0.051056 0.000000
vt 0.070807 0.050997 0.000000
vt 0.070352 0.051601 0.000000
vt 0.071603 0.051562 0.000000
vt 0.072042 0.050800 0.000000
vt 0.071088 0.050558 0.000000
vt 0.072397 0.051353 0.000000
vt 0.416121 0.518610 0.000000
vt 0.416322 0.518511 0.000000
vt 0.416315 0.517805 0.000000
vt 0.415833 0.518133 0.000000
vt 0.415430 0.518990 0.000000
vt 0.415593 0.519072 0.000000
vt 0.414799 0.518569 0.000000
vt 0.432717 0.473971 0.000000
vt 0.433213 0.473344 0.000000
vt 0.432392 0.472539 0.000000
vt 0.432053 0.473712 0.000000
vt 0.432882 0.474819 0.000000
vt 0.433742 0.474378 0.000000
vt 0.431986 0.474934 0.000000
vt 0.431011 0.473286 0.000000
vt 0.431011 0.474761 0.000000
vt 0.431011 0.476172 0.000000
vt 0.432044 0.476347 0.000000
vt 0.433082 0.476234 0.000000
vt 0.434056 0.475785 0.000000
vt 0.432076 0.477608 0.000000
vt 0.433164 0.477517 0.000000
vt 0.434086 0.477194 0.000000
vt 0.431011 0.477399 0.000000
vt 0.065423 0.052163 0.000000
vt 0.065797 0.051683 0.000000
vt 0.432263 0.478382 0.000000
vt 0.433319 0.478214 0.000000
vt 0.067057 0.052163 0.000000
vt 0.435004 0.476381 0.000000
vt 0.435004 0.474945 0.000000
vt 0.434706 0.473627 0.000000
vt 0.412012 0.519072 0.000000
vt 0.413382 0.519072 0.000000
vt 0.412620 0.518381 0.000000
vt 0.411328 0.518491 0.000000
vt 0.410028 0.518478 0.000000
vt 0.410709 0.519072 0.000000
vt 0.434056 0.472417 0.000000
vt 0.435004 0.471573 0.000000
vt 0.433897 0.470650 0.000000
vt 0.433056 0.471446 0.000000
vt 0.432653 0.470097 0.000000
vt 0.431894 0.470798 0.000000
vt 0.431287 0.471909 0.000000
vt 0.071126 0.052163 0.000000
vt 0.072095 0.051910 0.000000
vt 0.069858 0.052163 0.000000
vt 0.072657 0.051465 0.000000
vt 0.408960 0.518257 0.000000
vt 0.413901 0.518051 0.000000
vt 0.414960 0.517563 0.000000
vt 0.415554 0.517195 0.000000
vt 0.414256 0.516832 0.000000
vt 0.414451 0.516708 0.000000
vt 0.412837 0.516708 0.000000
vt 0.412718 0.516766 0.000000
vt 0.415803 0.517018 0.000000
vt 0.411046 0.516708 0.000000
vt 0.411131 0.516746 0.000000
vt 0.409512 0.516708 0.000000
vt 0.409644 0.516761 0.000000
vt 0.071388 0.049954 0.000000
vt 0.071308 0.050161 0.000000
vt 0.069852 0.049954 0.000000
vt 0.069739 0.050124 0.000000
vt 0.069556 0.050477 0.000000
vt 0.068061 0.049954 0.000000
vt 0.068029 0.050115 0.000000
vt 0.066452 0.049954 0.000000
vt 0.066478 0.050100 0.000000
vt 0.065106 0.050275 0.000000
vt 0.069283 0.050934 0.000000
vt 0.068902 0.051534 0.000000
vt 0.068446 0.052163 0.000000
vt 0.416494 0.517538 0.000000
vt 0.018795 0.737457 0.000000
vt 0.000167 0.738950 0.000000
vt 0.000167 0.752515 0.000000
vt 0.018795 0.752515 0.000000
vt 0.525035 0.102390 0.000000
vt 0.520500 0.114292 0.000000
vt 0.532067 0.116518 0.000000
vt 0.534434 0.102741 0.000000
vt 0.533596 0.091358 0.000000
vt 0.521196 0.094351 0.000000
vt 0.499369 0.107337 0.000000
vt 0.519461 0.082002 0.000000
vt 0.500240 0.076806 0.000000
vt 0.530873 0.076435 0.000000
vt 0.521528 0.056422 0.000000
vt 0.564455 0.121456 0.000000
vt 0.546089 0.118582 0.000000
vt 0.537616 0.132680 0.000000
vt 0.561874 0.142894 0.000000
vt 0.566256 0.098522 0.000000
vt 0.547865 0.102295 0.000000
vt 0.003276 0.059285 0.000000
vt 0.019017 0.059285 0.000000
vt 0.007906 0.043454 0.000000
vt 0.000167 0.045296 0.000000
vt 0.024325 0.039534 0.000000
vt 0.039527 0.035772 0.000000
vt 0.035612 0.017779 0.000000
vt 0.015963 0.029769 0.000000
vt 0.043719 0.059285 0.000000
vt 0.530349 0.131403 0.000000
vt 0.529602 0.158034 0.000000
vt 0.520810 0.130964 0.000000
vt 0.505317 0.138710 0.000000
vt 0.002472 0.028551 0.000000
vt 0.545170 0.090600 0.000000
vt 0.552641 0.075681 0.000000
vt 0.053536 0.031972 0.000000
vt 0.062386 0.046678 0.000000
vt 0.073964 0.026185 0.000000
vt 0.055308 0.017779 0.000000
vt 0.553429 0.056422 0.000000
vt 0.583748 0.560281 0.000000
vt 0.588407 0.538835 0.000000
vt 0.581833 0.536720 0.000000
vt 0.564565 0.560947 0.000000
vt 0.603675 0.555260 0.000000
vt 0.598321 0.533049 0.000000
vt 0.388047 0.458803 0.000000
vt 0.400209 0.469097 0.000000
vt 0.406097 0.452019 0.000000
vt 0.393115 0.439134 0.000000
vt 0.588126 0.524958 0.000000
vt 0.575706 0.530685 0.000000
vt 0.564565 0.534927 0.000000
vt 0.578158 0.520386 0.000000
vt 0.566625 0.521544 0.000000
vt 0.416091 0.456449 0.000000
vt 0.422099 0.469097 0.000000
vt 0.436646 0.451798 0.000000
vt 0.420169 0.445634 0.000000
vt 0.411111 0.440696 0.000000
vt 0.624005 0.523639 0.000000
vt 0.608438 0.524554 0.000000
vt 0.618862 0.547787 0.000000
vt 0.634609 0.541855 0.000000
vt 0.566889 0.472024 0.000000
vt 0.571954 0.456865 0.000000
vt 0.558964 0.450418 0.000000
vt 0.543718 0.463962 0.000000
vt 0.554503 0.484447 0.000000
vt 0.571954 0.482635 0.000000
vt 0.545382 0.485447 0.000000
vt 0.541436 0.517028 0.000000
vt 0.551600 0.517426 0.000000
vt 0.562312 0.500840 0.000000
vt 0.514966 0.487853 0.000000
vt 0.517860 0.523120 0.000000
vt 0.536771 0.473150 0.000000
vt 0.539696 0.480442 0.000000
vt 0.580323 0.492923 0.000000
vt 0.593777 0.507461 0.000000
vt 0.416317 0.428010 0.000000
vt 0.401678 0.428010 0.000000
vt 0.550179 0.532309 0.000000
vt 0.536959 0.549542 0.000000
vt 0.555409 0.524629 0.000000
vt 0.431366 0.428010 0.000000
vt 0.331037 0.420012 0.000000
vt 0.331109 0.419853 0.000000
vt 0.330874 0.420153 0.000000
vt 0.330816 0.420391 0.000000
vt 0.330848 0.421095 0.000000
vt 0.331149 0.420531 0.000000
vt 0.331339 0.420402 0.000000
vt 0.330821 0.423428 0.000000
vt 0.330713 0.422865 0.000000
vt 0.330622 0.423701 0.000000
vt 0.330800 0.424167 0.000000
vt 0.331032 0.424437 0.000000
vt 0.331020 0.423274 0.000000
vt 0.330932 0.422185 0.000000
vt 0.327708 0.427010 0.000000
vt 0.328184 0.426845 0.000000
vt 0.327706 0.426596 0.000000
vt 0.327226 0.426824 0.000000
vt 0.011471 0.933389 0.000000
vt 0.011681 0.933968 0.000000
vt 0.011933 0.934362 0.000000
vt 0.011759 0.933452 0.000000
vt 0.330999 0.427010 0.000000
vt 0.331339 0.426731 0.000000
vt 0.331001 0.426624 0.000000
vt 0.330743 0.426890 0.000000
vt 0.325970 0.424370 0.000000
vt 0.326149 0.423890 0.000000
vt 0.325970 0.423120 0.000000
vt 0.325970 0.424144 0.000000
vt 0.326075 0.425173 0.000000
vt 0.326536 0.424845 0.000000
vt 0.015342 0.765823 0.000000
vt 0.018456 0.753515 0.000000
vt 0.000167 0.753923 0.000000
vt 0.000193 0.769562 0.000000
vt 0.012663 0.935088 0.000000
vt 0.012532 0.934555 0.000000
vt 0.012439 0.935077 0.000000
vt 0.013433 0.935186 0.000000
vt 0.013596 0.934579 0.000000
vt 0.013345 0.935412 0.000000
vt 0.328159 0.423054 0.000000
vt 0.328701 0.423448 0.000000
vt 0.328757 0.422312 0.000000
vt 0.328007 0.422125 0.000000
vt 0.327271 0.422398 0.000000
vt 0.327823 0.423508 0.000000
vt 0.328431 0.424392 0.000000
vt 0.326972 0.419987 0.000000
vt 0.326896 0.420330 0.000000
vt 0.327628 0.420140 0.000000
vt 0.327486 0.419838 0.000000
vt 0.018517 0.934137 0.000000
vt 0.018647 0.933454 0.000000
vt 0.018100 0.933603 0.000000
vt 0.017898 0.934485 0.000000
vt 0.314255 0.410489 0.000000
vt 0.308168 0.427010 0.000000
vt 0.324970 0.426686 0.000000
vt 0.324970 0.406324 0.000000
vt 0.330559 0.425958 0.000000
vt 0.330457 0.425811 0.000000
vt 0.330516 0.426475 0.000000
vt 0.330689 0.426312 0.000000
vt 0.330953 0.425554 0.000000
vt 0.330702 0.425258 0.000000
vt 0.330547 0.424821 0.000000
vt 0.330457 0.423027 0.000000
vt 0.330457 0.424191 0.000000
vt 0.330457 0.425240 0.000000
vt 0.328962 0.425147 0.000000
vt 0.327720 0.425263 0.000000
vt 0.328312 0.426051 0.000000
vt 0.328842 0.426368 0.000000
vt 0.329457 0.425645 0.000000
vt 0.329457 0.424050 0.000000
vt 0.327065 0.425858 0.000000
vt 0.326538 0.426154 0.000000
vt 0.327240 0.424247 0.000000
vt 0.326585 0.423121 0.000000
vt 0.326288 0.422032 0.000000
vt 0.326976 0.421177 0.000000
vt 0.326363 0.421176 0.000000
vt 0.327814 0.420932 0.000000
vt 0.328708 0.421164 0.000000
vt 0.328426 0.420303 0.000000
vt 0.329457 0.422849 0.000000
vt 0.329457 0.421803 0.000000
vt 0.330457 0.421264 0.000000
vt 0.330457 0.421988 0.000000
vt 0.310052 0.039357 0.000000
vt 0.327864 0.036265 0.000000
vt 0.327864 0.015373 0.000000
vt 0.310052 0.022287 0.000000
vt 0.016103 0.935226 0.000000
vt 0.016558 0.934666 0.000000
vt 0.015002 0.934601 0.000000
vt 0.014737 0.935164 0.000000
vt 0.014442 0.935412 0.000000
vt 0.015454 0.935412 0.000000
vt 0.017362 0.934970 0.000000
vt 0.015197 0.933703 0.000000
vt 0.013788 0.933658 0.000000
vt 0.016812 0.933720 0.000000
vt 0.016791 0.932587 0.000000
vt 0.015378 0.932587 0.000000
vt 0.018017 0.932587 0.000000
vt 0.331339 0.423200 0.000000
vt 0.331339 0.424584 0.000000
vt 0.013992 0.932587 0.000000
vt 0.331339 0.421776 0.000000
vt 0.331339 0.425819 0.000000
vt 0.012742 0.932587 0.000000
vt 0.012543 0.933591 0.000000
vt 0.011915 0.932587 0.000000
vt 0.325970 0.425233 0.000000
vt 0.326263 0.426116 0.000000
vt 0.326900 0.426589 0.000000
vt 0.555882 0.656920 0.000000
vt 0.544780 0.648324 0.000000
vt 0.526873 0.668745 0.000000
vt 0.558894 0.675123 0.000000
vt 0.559019 0.649575 0.000000
vt 0.556430 0.639794 0.000000
vt 0.570380 0.654320 0.000000
vt 0.533397 0.554219 0.000000
vt 0.518143 0.554219 0.000000
vt 0.518143 0.571587 0.000000
vt 0.533397 0.568606 0.000000
vt 0.417807 0.539062 0.000000
vt 0.436351 0.539062 0.000000
vt 0.436351 0.524824 0.000000
vt 0.417807 0.523574 0.000000
vt 0.600781 0.678993 0.000000
vt 0.607829 0.647873 0.000000
vt 0.584091 0.655145 0.000000
vt 0.579034 0.678993 0.000000
vt 0.016449 0.957459 0.000000
vt 0.000167 0.957459 0.000000
vt 0.000167 0.970367 0.000000
vt 0.016449 0.970816 0.000000
vt 0.521070 0.604821 0.000000
vt 0.517008 0.636752 0.000000
vt 0.539220 0.630188 0.000000
vt 0.538020 0.609627 0.000000
vt 0.540506 0.584910 0.000000
vt 0.517008 0.579993 0.000000
vt 0.598398 0.580054 0.000000
vt 0.590966 0.561947 0.000000
vt 0.580769 0.564509 0.000000
vt 0.576651 0.578991 0.000000
vt 0.583939 0.606029 0.000000
vt 0.591645 0.618491 0.000000
vt 0.622433 0.616577 0.000000
vt 0.569196 0.605580 0.000000
vt 0.584233 0.639732 0.000000
vt 0.589348 0.631893 0.000000
vt 0.573271 0.637172 0.000000
vt 0.577851 0.629036 0.000000
vt 0.571895 0.624196 0.000000
vt 0.566260 0.625925 0.000000
vt 0.567630 0.575650 0.000000
vt 0.555123 0.597416 0.000000
vt 0.564939 0.617745 0.000000
vt 0.572232 0.619567 0.000000
vt 0.573813 0.615678 0.000000
vt 0.551337 0.614991 0.000000
vt 0.578380 0.614231 0.000000
vt 0.579436 0.620370 0.000000
vt 0.568704 0.561947 0.000000
vt 0.422359 0.487752 0.000000
vt 0.424614 0.498238 0.000000
vt 0.436351 0.498361 0.000000
vt 0.436351 0.487752 0.000000
vt 0.493161 0.556987 0.000000
vt 0.493161 0.565655 0.000000
vt 0.500029 0.571587 0.000000
vt 0.502336 0.554219 0.000000
vt 0.423389 0.507843 0.000000
vt 0.436351 0.510757 0.000000
vt 0.551729 0.628287 0.000000
vt 0.000167 0.985151 0.000000
vt 0.016449 0.985446 0.000000
vt 0.000167 0.999833 0.000000
vt 0.016449 0.999833 0.000000
vt 0.417807 0.488733 0.000000
vt 0.417807 0.493784 0.000000
vt 0.317003 0.382592 0.000000
vt 0.316453 0.382984 0.000000
vt 0.316813 0.383460 0.000000
vt 0.317289 0.382742 0.000000
vt 0.317242 0.381775 0.000000
vt 0.316765 0.381965 0.000000
vt 0.315955 0.382274 0.000000
vt 0.016051 0.953548 0.000000
vt 0.016535 0.953972 0.000000
vt 0.016828 0.953381 0.000000
vt 0.016028 0.952960 0.000000
vt 0.015268 0.952915 0.000000
vt 0.015588 0.953659 0.000000
vt 0.015954 0.954382 0.000000
vt 0.313911 0.382090 0.000000
vt 0.314431 0.381844 0.000000
vt 0.314022 0.381160 0.000000
vt 0.313480 0.381805 0.000000
vt 0.314045 0.382784 0.000000
vt 0.314924 0.382624 0.000000
vt 0.313316 0.382641 0.000000
vt 0.076084 0.055154 0.000000
vt 0.076522 0.055073 0.000000
vt 0.076124 0.054176 0.000000
vt 0.075717 0.054655 0.000000
vt 0.076099 0.055963 0.000000
vt 0.076800 0.056249 0.000000
vt 0.075501 0.055509 0.000000
vt 0.004894 0.787159 0.000000
vt 0.017804 0.787761 0.000000
vt 0.017804 0.770562 0.000000
vt 0.000167 0.775999 0.000000
vt 0.017938 0.955917 0.000000
vt 0.018297 0.955608 0.000000
vt 0.018243 0.954893 0.000000
vt 0.017674 0.955476 0.000000
vt 0.016883 0.955900 0.000000
vt 0.017431 0.956223 0.000000
vt 0.076327 0.058999 0.000000
vt 0.076873 0.059285 0.000000
vt 0.076961 0.058701 0.000000
vt 0.076232 0.058389 0.000000
vt 0.312936 0.381068 0.000000
vt 0.312867 0.381486 0.000000
vt 0.312867 0.382179 0.000000
vt 0.313061 0.381385 0.000000
vt 0.075662 0.057809 0.000000
vt 0.076048 0.058727 0.000000
vt 0.014649 0.956458 0.000000
vt 0.015101 0.956394 0.000000
vt 0.014827 0.955848 0.000000
vt 0.014402 0.956022 0.000000
vt 0.003583 0.909108 0.000000
vt 0.019007 0.910789 0.000000
vt 0.018687 0.893125 0.000000
vt 0.000167 0.898077 0.000000
vt 0.277217 0.375797 0.000000
vt 0.265759 0.370490 0.000000
vt 0.258005 0.387510 0.000000
vt 0.276663 0.391180 0.000000
vt 0.014411 0.953318 0.000000
vt 0.014692 0.953095 0.000000
vt 0.014600 0.952590 0.000000
vt 0.014305 0.953115 0.000000
vt 0.014550 0.953987 0.000000
vt 0.015017 0.953868 0.000000
vt 0.014305 0.953978 0.000000
vt 0.076736 0.053175 0.000000
vt 0.077561 0.053933 0.000000
vt 0.078301 0.054166 0.000000
vt 0.077396 0.053459 0.000000
vt 0.014305 0.955062 0.000000
vt 0.014629 0.954971 0.000000
vt 0.076122 0.053163 0.000000
vt 0.076759 0.053915 0.000000
vt 0.077343 0.055012 0.000000
vt 0.078214 0.055006 0.000000
vt 0.075643 0.053461 0.000000
vt 0.316877 0.380653 0.000000
vt 0.316243 0.380989 0.000000
vt 0.078609 0.055100 0.000000
vt 0.077703 0.056399 0.000000
vt 0.078609 0.056332 0.000000
vt 0.077805 0.057739 0.000000
vt 0.078609 0.057676 0.000000
vt 0.076934 0.057561 0.000000
vt 0.077752 0.058815 0.000000
vt 0.076158 0.057224 0.000000
vt 0.075484 0.056655 0.000000
vt 0.074965 0.054876 0.000000
vt 0.074965 0.055922 0.000000
vt 0.016960 0.952294 0.000000
vt 0.016946 0.952756 0.000000
vt 0.017915 0.953426 0.000000
vt 0.017959 0.952950 0.000000
vt 0.018647 0.954229 0.000000
vt 0.018647 0.953620 0.000000
vt 0.017702 0.954076 0.000000
vt 0.017131 0.954716 0.000000
vt 0.016369 0.955181 0.000000
vt 0.015249 0.954719 0.000000
vt 0.015542 0.955502 0.000000
vt 0.015952 0.956176 0.000000
vt 0.015487 0.956458 0.000000
vt 0.016460 0.956458 0.000000
vt 0.315323 0.384056 0.000000
vt 0.316370 0.384056 0.000000
vt 0.315905 0.383833 0.000000
vt 0.314804 0.383984 0.000000
vt 0.313811 0.383963 0.000000
vt 0.314247 0.384056 0.000000
vt 0.315438 0.383288 0.000000
vt 0.314352 0.383530 0.000000
vt 0.313453 0.383433 0.000000
vt 0.312966 0.382986 0.000000
vt 0.313306 0.383626 0.000000
vt 0.018647 0.954955 0.000000
vt 0.016418 0.788761 0.000000
vt 0.000167 0.788761 0.000000
vt 0.002311 0.808928 0.000000
vt 0.016418 0.808928 0.000000
vt 0.317109 0.383745 0.000000
vt 0.015979 0.952294 0.000000
vt 0.075237 0.054021 0.000000
vt 0.015151 0.952294 0.000000
vt 0.315334 0.381414 0.000000
vt 0.314830 0.380653 0.000000
vt 0.014305 0.954978 0.000000
vt 0.014305 0.955905 0.000000
vt 0.317481 0.381789 0.000000
vt 0.317481 0.382945 0.000000
vt 0.313632 0.380653 0.000000
vt 0.046532 0.410225 0.000000
vt 0.060528 0.404834 0.000000
vt 0.037681 0.394800 0.000000
vt 0.035495 0.406275 0.000000
vt 0.024813 0.416496 0.000000
vt 0.042512 0.418527 0.000000
vt 0.533904 0.189540 0.000000
vt 0.531022 0.201979 0.000000
vt 0.543709 0.201765 0.000000
vt 0.547865 0.189690 0.000000
vt 0.525135 0.171921 0.000000
vt 0.499369 0.210432 0.000000
vt 0.559953 0.159034 0.000000
vt 0.042512 0.430113 0.000000
vt 0.051609 0.436806 0.000000
vt 0.028622 0.429604 0.000000
vt 0.020481 0.439112 0.000000
vt 0.534375 0.210089 0.000000
vt 0.526608 0.222927 0.000000
vt 0.542889 0.210152 0.000000
vt 0.552180 0.225455 0.000000
vt 0.526259 0.240844 0.000000
vt 0.499369 0.254438 0.000000
vt 0.556638 0.263109 0.000000
vt 0.544625 0.242934 0.000000
vt 0.014943 0.401779 0.000000
vt 0.000167 0.415242 0.000000
vt 0.006162 0.424793 0.000000
vt 0.550480 0.204833 0.000000
vt 0.548232 0.210959 0.000000
vt 0.560383 0.200345 0.000000
vt 0.559589 0.215462 0.000000
vt 0.583313 0.241918 0.000000
vt 0.076392 0.422396 0.000000
vt 0.583313 0.189165 0.000000
vt 0.583313 0.223466 0.000000
vt 0.306592 0.437978 0.000000
vt 0.305566 0.438309 0.000000
vt 0.305802 0.438525 0.000000
vt 0.306873 0.437973 0.000000
vt 0.057437 0.353410 0.000000
vt 0.057135 0.353438 0.000000
vt 0.056480 0.354162 0.000000
vt 0.056995 0.353824 0.000000
vt 0.057437 0.352875 0.000000
vt 0.057220 0.352672 0.000000
vt 0.054688 0.353106 0.000000
vt 0.053947 0.353466 0.000000
vt 0.054701 0.353953 0.000000
vt 0.055367 0.353251 0.000000
vt 0.055580 0.352441 0.000000
vt 0.054583 0.352487 0.000000
vt 0.053426 0.352728 0.000000
vt 0.298767 0.438641 0.000000
vt 0.298943 0.438975 0.000000
vt 0.299890 0.439001 0.000000
vt 0.299604 0.438453 0.000000
vt 0.299596 0.437616 0.000000
vt 0.298785 0.438043 0.000000
vt 0.270963 0.369490 0.000000
vt 0.271567 0.369178 0.000000
vt 0.271204 0.369202 0.000000
vt 0.270589 0.369490 0.000000
vt 0.270362 0.369117 0.000000
vt 0.270812 0.368649 0.000000
vt 0.299405 0.439112 0.000000
vt 0.300327 0.439112 0.000000
vt 0.270584 0.367345 0.000000
vt 0.270196 0.368230 0.000000
vt 0.050987 0.353458 0.000000
vt 0.051116 0.354083 0.000000
vt 0.051793 0.354116 0.000000
vt 0.051419 0.353245 0.000000
vt 0.051444 0.352329 0.000000
vt 0.050987 0.352931 0.000000
vt 0.487672 0.018429 0.000000
vt 0.498369 0.014901 0.000000
vt 0.492397 0.000500 0.000000
vt 0.477857 0.009893 0.000000
vt 0.270845 0.360746 0.000000
vt 0.270847 0.361527 0.000000
vt 0.271734 0.361162 0.000000
vt 0.271462 0.360425 0.000000
vt 0.270612 0.360779 0.000000
vt 0.270332 0.361999 0.000000
vt 0.271301 0.360214 0.000000
vt 0.274411 0.360720 0.000000
vt 0.274417 0.360558 0.000000
vt 0.273608 0.360214 0.000000
vt 0.273865 0.360679 0.000000
vt 0.054074 0.350309 0.000000
vt 0.053482 0.350309 0.000000
vt 0.053301 0.350873 0.000000
vt 0.054232 0.350757 0.000000
vt 0.274085 0.361436 0.000000
vt 0.274634 0.361282 0.000000
vt 0.274301 0.363026 0.000000
vt 0.273674 0.363743 0.000000
vt 0.273954 0.364697 0.000000
vt 0.274597 0.363308 0.000000
vt 0.274260 0.362337 0.000000
vt 0.273412 0.362823 0.000000
vt 0.274745 0.362261 0.000000
vt 0.052739 0.350309 0.000000
vt 0.052442 0.350968 0.000000
vt 0.274894 0.363775 0.000000
vt 0.275047 0.362438 0.000000
vt 0.051745 0.351303 0.000000
vt 0.052267 0.351950 0.000000
vt 0.274305 0.365361 0.000000
vt 0.274629 0.365661 0.000000
vt 0.275047 0.364247 0.000000
vt 0.272940 0.366175 0.000000
vt 0.273316 0.366929 0.000000
vt 0.273762 0.367013 0.000000
vt 0.271820 0.367510 0.000000
vt 0.272195 0.368261 0.000000
vt 0.272595 0.368300 0.000000
vt 0.299163 0.436963 0.000000
vt 0.299831 0.436463 0.000000
vt 0.300290 0.435704 0.000000
vt 0.299879 0.435704 0.000000
vt 0.301156 0.437191 0.000000
vt 0.301205 0.436049 0.000000
vt 0.051584 0.354809 0.000000
vt 0.052458 0.354809 0.000000
vt 0.303107 0.436866 0.000000
vt 0.302976 0.435704 0.000000
vt 0.053608 0.354501 0.000000
vt 0.052854 0.353879 0.000000
vt 0.052341 0.352961 0.000000
vt 0.053263 0.351792 0.000000
vt 0.054431 0.351614 0.000000
vt 0.055526 0.351580 0.000000
vt 0.055182 0.350772 0.000000
vt 0.056495 0.351675 0.000000
vt 0.056118 0.350916 0.000000
vt 0.056526 0.352515 0.000000
vt 0.057203 0.351844 0.000000
vt 0.056304 0.353392 0.000000
vt 0.055637 0.354194 0.000000
vt 0.054519 0.354809 0.000000
vt 0.304981 0.436555 0.000000
vt 0.303338 0.437896 0.000000
vt 0.305264 0.437616 0.000000
vt 0.303652 0.438655 0.000000
vt 0.301303 0.438182 0.000000
vt 0.301657 0.438871 0.000000
vt 0.302082 0.439112 0.000000
vt 0.304014 0.438922 0.000000
vt 0.270196 0.364304 0.000000
vt 0.270360 0.363746 0.000000
vt 0.270196 0.362315 0.000000
vt 0.270196 0.366388 0.000000
vt 0.270464 0.365631 0.000000
vt 0.271230 0.364605 0.000000
vt 0.271003 0.363012 0.000000
vt 0.271491 0.366126 0.000000
vt 0.272608 0.364872 0.000000
vt 0.272326 0.363605 0.000000
vt 0.273146 0.361780 0.000000
vt 0.272013 0.362296 0.000000
vt 0.272860 0.360846 0.000000
vt 0.272554 0.360214 0.000000
vt 0.056910 0.351196 0.000000
vt 0.057437 0.352033 0.000000
vt 0.270489 0.361010 0.000000
# 2337 texture coordinates

o Volume_Mesher_remesh_21
usemtl default
f 11/4/4 10/3/3 9/2/2 1/1/1
f 13/8/6 12/7/5 11/6/4 1/5/1
f 9/12/2 14/11/7 13/10/6 1/9/1
f 17/16/11 16/15/10 15/14/9 2/13/8
f 19/20/13 18/19/12 17/18/11 2/17/8
f 15/22/9 20/21/14 19/20/13 2/17/8
f 23/26/18 22/25/17 21/24/16 3/23/15
f 21/30/16 25/29/20 24/28/19 3/27/15
f 24/32/19 26/31/21 23/26/18 3/23/15
f 20/36/14 15/35/9 27/34/23 4/33/22
f 27/34/23 29/38/25 28/37/24 4/33/22
f 28/41/24 30/40/26 20/21/14 4/39/22
f 33/45/30 32/44/29 31/43/28 5/42/27
f 31/43/28 35/47/32 34/46/31 5/42/27
f 34/46/31 36/48/33 33/45/30 5/42/27
f 39/52/37 38/51/36 37/50/35 6/49/34
f 41/56/39 40/55/38 39/54/37 6/53/34
f 37/60/35 42/59/40 41/58/39 6/57/34
f 45/64/44 44/63/43 43/62/42 7/61/41
f 43/68/42 46/67/45 10/66/3 7/65/41
f 10/69/3 11/6/4 45/64/44 7/61/41
f 49/73/49 48/72/48 47/71/47 8/70/46
f 51/77/51 50/76/50 49/75/49 8/74/46
f 47/81/47 52/80/52 51/79/51 8/78/46
f 17/85/11 18/84/12 51/83/51 52/82/52
f 53/89/53 16/88/10 17/87/11 52/86/52
f 47/91/47 54/90/54 53/89/53 52/86/52
f 56/93/56 55/92/55 53/89/53 54/90/54
f 58/95/58 57/94/57 56/93/56 54/90/54
f 47/91/47 48/96/48 58/95/58 54/90/54
f 25/29/20 59/97/59 57/94/57 58/95/58
f 48/96/48 24/28/19 25/29/20 58/95/58
f 61/99/61 60/98/60 57/94/57 59/97/59
f 14/11/7 9/12/2 61/99/61 59/97/59
f 25/29/20 21/30/16 14/11/7 59/97/59
f 46/67/45 62/100/62 60/98/60 61/99/61
f 9/12/2 10/66/3 46/67/45 61/99/61
f 38/51/36 63/101/63 60/98/60 62/100/62
f 64/102/64 37/50/35 38/51/36 62/100/62
f 46/67/45 43/68/42 64/102/64 62/100/62
f 65/106/65 42/105/40 37/104/35 64/103/64
f 43/110/42 44/109/43 65/108/65 64/107/64
f 36/48/33 34/46/31 42/112/40 65/111/65
f 44/63/43 66/113/66 36/48/33 65/111/65
f 67/114/67 33/45/30 36/48/33 66/113/66
f 69/116/69 68/115/68 67/114/67 66/113/66
f 44/63/43 45/64/44 69/116/69 66/113/66
f 12/7/5 70/117/70 68/115/68 69/116/69
f 45/64/44 11/6/4 12/7/5 69/116/69
f 72/119/72 71/118/71 68/115/68 70/117/70
f 22/25/17 23/26/18 72/119/72 70/117/70
f 12/7/5 13/8/6 22/25/17 70/117/70
f 74/121/74 73/120/73 71/118/71 72/119/72
f 23/26/18 26/31/21 74/121/74 72/119/72
f 50/76/50 75/122/75 73/120/73 74/121/74
f 26/31/21 49/75/49 50/76/50 74/121/74
f 77/124/77 76/123/76 73/120/73 75/122/75
f 18/19/12 19/20/13 77/124/77 75/122/75
f 50/76/50 51/77/51 18/19/12 75/122/75
f 30/40/26 78/125/78 76/123/76 77/124/77
f 19/20/13 20/21/14 30/40/26 77/124/77
f 79/126/79 31/43/28 32/44/29 78/125/78
f 30/40/26 28/41/24 79/126/79 78/125/78
f 32/44/29 80/127/80 76/123/76 78/125/78
f 32/44/29 33/45/30 67/114/67 80/127/80
f 71/118/71 73/120/73 76/123/76 80/127/80
f 67/114/67 68/115/68 71/118/71 80/127/80
f 81/128/81 35/47/32 31/43/28 79/126/79
f 28/41/24 29/129/25 81/128/81 79/126/79
f 40/133/38 41/132/39 35/131/32 81/130/81
f 29/137/25 82/136/82 40/135/38 81/134/81
f 29/141/25 27/140/23 83/139/83 82/138/82
f 84/143/84 39/52/37 40/142/38 82/138/82
f 83/139/83 55/92/55 84/143/84 82/138/82
f 63/101/63 38/51/36 39/52/37 84/143/84
f 55/92/55 56/93/56 63/101/63 84/143/84
f 27/147/23 15/146/9 16/145/10 83/144/83
f 16/88/10 53/89/53 55/92/55 83/139/83
f 56/93/56 57/94/57 60/98/60 63/101/63
f 26/151/21 24/150/19 48/149/48 49/148/49
f 34/46/31 35/47/32 41/152/39 42/112/40
f 13/156/6 14/155/7 21/154/16 22/153/17
f 96/160/85 90/159/85 87/158/85 85/157/85
f 87/158/85 88/162/85 98/161/85 85/157/85
f 98/161/85 99/163/85 96/160/85 85/157/85
f 102/167/85 101/166/85 100/165/85 86/164/85
f 100/165/85 97/168/85 87/158/85 86/164/85
f 87/158/85 90/159/85 102/167/85 86/164/85
f 89/170/85 103/169/85 98/161/85 88/162/85
f 104/174/85 95/173/85 94/172/85 89/171/85
f 97/176/85 100/175/85 104/174/85 89/171/85
f 99/163/85 98/161/85 103/169/85 91/177/85
f 103/181/85 106/180/85 105/179/85 91/178/85
f 105/183/85 107/182/85 99/163/85 91/177/85
f 109/186/85 108/185/85 101/166/85 92/184/85
f 101/166/85 102/167/85 110/187/85 92/184/85
f 110/187/85 107/182/85 109/186/85 92/184/85
f 109/186/85 107/182/85 105/183/85 93/188/85
f 111/189/85 108/185/85 109/186/85 93/188/85
f 105/179/85 106/180/85 111/191/85 93/190/85
f 94/172/85 106/193/85 103/192/85 89/171/85
f 95/195/85 111/191/85 106/180/85 94/194/85
f 104/197/85 108/185/85 111/189/85 95/196/85
f 110/187/85 102/167/85 90/159/85 96/160/85
f 99/163/85 107/182/85 110/187/85 96/160/85
f 104/197/85 100/165/85 101/166/85 108/185/85
f 97/168/85 89/170/85 88/162/85 87/158/85
f 122/201/89 121/200/88 120/199/87 112/198/86
f 120/199/87 124/203/91 123/202/90 112/198/86
f 123/202/90 125/204/92 122/201/89 112/198/86
f 128/208/96 127/207/95 126/206/94 113/205/93
f 126/206/94 130/210/98 129/209/97 113/205/93
f 129/209/97 131/211/99 128/208/96 113/205/93
f 134/215/103 133/214/102 132/213/101 114/212/100
f 136/217/105 135/216/104 134/215/103 114/212/100
f 132/213/101 137/218/106 136/217/105 114/212/100
f 140/222/110 139/221/109 138/220/108 115/219/107
f 138/226/108 142/225/112 141/224/111 115/223/107
f 141/230/111 143/229/113 140/228/110 115/227/107
f 146/234/117 145/233/116 144/232/115 116/231/114
f 148/236/119 147/235/118 146/234/117 116/231/114
f 144/232/115 149/237/120 148/236/119 116/231/114
f 152/241/124 151/240/123 150/239/122 117/238/121
f 154/243/126 153/242/125 152/241/124 117/238/121
f 150/239/122 155/244/127 154/243/126 117/238/121
f 158/248/131 157/247/130 156/246/129 118/245/128
f 156/252/129 160/251/133 159/250/132 118/249/128
f 159/250/132 161/254/134 158/253/131 118/249/128
f 164/258/138 163/257/137 162/256/136 119/255/135
f 162/262/136 165/261/139 127/260/95 119/259/135
f 127/207/95 128/208/96 164/258/138 119/255/135
f 166/264/140 126/263/94 127/260/95 165/261/139
f 168/266/142 167/265/141 166/264/140 165/261/139
f 162/262/136 149/237/120 168/266/142 165/261/139
f 170/268/144 169/267/143 167/265/141 168/266/142
f 149/237/120 144/232/115 170/268/144 168/266/142
f 172/270/146 171/269/145 169/267/143 170/268/144
f 144/232/115 145/233/116 172/270/146 170/268/144
f 156/246/129 157/247/130 171/269/145 172/270/146
f 145/233/116 160/271/133 156/246/129 172/270/146
f 174/275/148 173/274/147 169/273/143 171/272/145
f 157/277/130 142/276/112 174/275/148 171/272/145
f 124/203/91 120/199/87 173/274/147 174/275/148
f 142/276/112 138/278/108 124/203/91 174/275/148
f 120/199/87 121/200/88 175/279/149 173/274/147
f 175/279/149 167/280/141 169/273/143 173/274/147
f 121/200/88 177/282/151 176/281/150 175/279/149
f 176/281/150 166/283/140 167/280/141 175/279/149
f 133/214/102 134/215/103 178/285/152 177/284/151
f 121/200/88 122/201/89 133/286/102 177/282/151
f 178/285/152 130/210/98 176/287/150 177/284/151
f 134/215/103 135/216/104 179/288/153 178/285/152
f 179/288/153 129/209/97 130/210/98 178/285/152
f 135/216/104 181/290/155 180/289/154 179/288/153
f 180/289/154 131/211/99 129/209/97 179/288/153
f 182/293/156 154/292/126 155/291/127 181/290/155
f 135/216/104 136/217/105 182/293/156 181/290/155
f 155/291/127 183/294/157 180/289/154 181/290/155
f 155/244/127 150/239/122 184/296/158 183/295/157
f 185/297/159 131/211/99 180/289/154 183/294/157
f 184/296/158 186/299/160 185/298/159 183/295/157
f 184/296/158 187/301/161 147/300/118 186/299/160
f 163/257/137 164/258/138 185/297/159 186/302/160
f 147/235/118 148/236/119 163/304/137 186/303/160
f 151/240/123 189/306/163 188/305/162 187/301/161
f 184/296/158 150/239/122 151/240/123 187/301/161
f 188/305/162 146/307/117 147/300/118 187/301/161
f 190/308/164 161/254/134 159/250/132 189/306/163
f 151/240/123 152/241/124 190/308/164 189/306/163
f 159/250/132 160/251/133 188/305/162 189/306/163
f 191/309/165 143/229/113 161/254/134 190/308/164
f 152/241/124 153/242/125 191/309/165 190/308/164
f 192/310/166 140/228/110 143/229/113 191/309/165
f 153/314/125 193/313/167 192/312/166 191/311/165
f 182/293/156 136/217/105 137/218/106 193/313/167
f 153/314/125 154/292/126 182/293/156 193/313/167
f 137/218/106 194/315/168 192/312/166 193/313/167
f 137/218/106 132/213/101 125/316/92 194/315/168
f 139/318/109 140/228/110 192/310/166 194/317/168
f 125/204/92 123/202/90 139/320/109 194/319/168
f 160/251/133 145/321/116 146/307/117 188/305/162
f 164/258/138 128/208/96 131/211/99 185/297/159
f 130/323/98 126/322/94 166/283/140 176/281/150
f 148/236/119 149/237/120 162/262/136 163/304/137
f 143/229/113 141/230/111 158/253/131 161/254/134
f 141/327/111 142/326/112 157/325/130 158/324/131
f 123/202/90 124/203/91 138/278/108 139/320/109
f 122/201/89 125/204/92 132/328/101 133/286/102
f 273/332/172 272/331/171 271/330/170 195/329/169
f 275/334/174 274/333/173 273/332/172 195/329/169
f 271/330/170 276/335/175 275/334/174 195/329/169
f 279/339/179 278/338/178 277/337/177 196/336/176
f 277/337/177 281/341/181 280/340/180 196/336/176
f 280/340/180 282/342/182 279/339/179 196/336/176
f 284/346/186 283/345/185 249/344/184 197/343/183
f 249/344/184 286/348/188 285/347/187 197/343/183
f 288/352/192 287/351/191 200/350/190 198/349/189
f 290/354/194 289/353/193 288/352/192 198/349/189
f 292/356/196 291/355/195 290/354/194 198/349/189
f 199/358/198 293/357/197 292/356/196 198/349/189
f 200/350/190 294/359/199 199/358/198 198/349/189
f 294/359/199 295/360/200 293/357/197 199/358/198
f 287/351/191 296/361/201 294/359/199 200/350/190
f 299/365/205 298/364/204 297/363/203 201/362/202
f 291/355/195 292/356/196 299/367/205 201/366/202
f 302/371/209 301/370/208 300/369/207 202/368/206
f 300/369/207 303/372/210 286/348/188 202/368/206
f 305/374/212 304/373/211 302/371/209 202/368/206
f 307/376/214 306/375/213 305/374/212 202/368/206
f 286/348/188 249/344/184 307/376/214 202/368/206
f 308/378/216 302/371/209 304/373/211 203/377/215
f 304/373/211 310/380/218 309/379/217 203/377/215
f 312/382/220 311/381/219 308/378/216 203/377/215
f 309/379/217 206/384/222 313/383/221 203/377/215
f 316/388/226 315/387/225 314/386/224 204/385/223
f 314/386/224 318/390/228 317/389/227 204/385/223
f 317/394/227 319/393/229 316/392/226 204/391/223
f 322/398/233 321/397/232 320/396/231 205/395/230
f 320/396/231 324/400/235 323/399/234 205/395/230
f 323/399/234 325/401/236 322/398/233 205/395/230
f 309/379/217 327/403/238 326/402/237 206/384/222
f 326/402/237 328/405/240 207/404/239 206/384/222
f 330/407/242 329/406/241 313/383/221 206/384/222
f 207/404/239 331/408/243 330/407/242 206/384/222
f 328/405/240 332/409/244 331/408/243 207/404/239
f 335/413/248 334/412/247 333/411/246 208/410/245
f 337/415/250 336/414/249 335/413/248 208/410/245
f 333/411/246 338/416/251 337/415/250 208/410/245
f 341/420/255 340/419/254 339/418/253 209/417/252
f 343/422/257 342/421/256 341/420/255 209/417/252
f 339/418/253 344/423/258 343/422/257 209/417/252
f 347/427/262 346/426/261 345/425/260 210/424/259
f 345/425/260 349/429/264 348/428/263 210/424/259
f 348/428/263 350/430/265 347/427/262 210/424/259
f 353/434/269 352/433/268 351/432/267 211/431/266
f 355/436/271 354/435/270 353/434/269 211/431/266
f 357/438/273 356/437/272 355/436/271 211/431/266
f 359/440/275 358/439/274 357/438/273 211/431/266
f 351/432/267 360/441/276 359/440/275 211/431/266
f 363/445/280 362/444/279 361/443/278 212/442/277
f 365/447/282 364/446/281 363/445/280 212/442/277
f 361/443/278 367/449/284 366/448/283 212/442/277
f 366/448/283 369/451/286 368/450/285 212/442/277
f 368/450/285 370/452/287 365/447/282 212/442/277
f 373/456/291 372/455/290 371/454/289 213/453/288
f 375/460/294 260/459/293 374/458/292 213/457/288
f 377/462/296 376/461/295 375/460/294 213/457/288
f 371/454/289 378/464/297 377/463/296 213/453/288
f 215/468/301 380/467/300 379/466/299 214/465/298
f 382/470/303 381/469/302 215/468/301 214/465/298
f 379/466/299 383/471/304 382/470/303 214/465/298
f 381/469/302 384/472/305 380/467/300 215/468/301
f 387/476/309 386/475/308 385/474/307 216/473/306
f 389/478/311 388/477/310 387/476/309 216/473/306
f 385/474/307 390/479/312 389/478/311 216/473/306
f 393/483/316 392/482/315 391/481/314 217/480/313
f 395/485/318 394/484/317 393/483/316 217/480/313
f 391/481/314 397/487/320 396/486/319 217/480/313
f 396/486/319 399/489/322 398/488/321 217/480/313
f 398/488/321 258/490/323 395/485/318 217/480/313
f 402/494/327 401/493/326 400/492/325 218/491/324
f 400/492/325 404/496/329 403/495/328 218/491/324
f 406/498/331 405/497/330 402/494/327 218/491/324
f 403/495/328 408/500/333 407/499/332 218/491/324
f 407/499/332 409/501/334 406/498/331 218/491/324
f 412/505/338 411/504/337 410/503/336 219/502/335
f 410/503/336 414/507/340 413/506/339 219/502/335
f 413/506/339 415/508/341 412/505/338 219/502/335
f 418/512/345 417/511/344 416/510/343 220/509/342
f 420/514/347 419/513/346 418/512/345 220/509/342
f 416/510/343 321/397/232 420/514/347 220/509/342
f 423/518/351 422/517/350 421/516/349 221/515/348
f 421/516/349 424/520/353 222/519/352 221/515/348
f 222/519/352 425/521/354 423/518/351 221/515/348
f 424/520/353 427/523/356 426/522/355 222/519/352
f 426/522/355 428/525/358 223/524/357 222/519/352
f 223/524/357 429/526/359 425/521/354 222/519/352
f 428/525/358 431/528/361 430/527/360 223/524/357
f 433/530/363 432/529/362 429/526/359 223/524/357
f 430/527/360 434/531/364 433/530/363 223/524/357
f 436/535/367 435/534/366 422/533/350 224/532/365
f 422/533/350 423/537/351 437/536/368 224/532/365
f 437/536/368 438/538/369 436/535/367 224/532/365
f 441/542/373 440/541/372 439/540/371 225/539/370
f 443/544/375 442/543/374 441/542/373 225/539/370
f 439/540/371 445/546/377 444/545/376 225/539/370
f 446/548/379 230/547/378 443/544/375 225/539/370
f 449/552/383 448/551/382 447/550/381 226/549/380
f 451/554/385 450/553/384 449/552/383 226/549/380
f 447/550/381 452/555/386 451/554/385 226/549/380
f 454/559/389 453/558/388 452/557/386 227/556/387
f 452/555/386 447/550/381 228/561/390 227/560/387
f 228/561/390 229/563/391 454/562/389 227/560/387
f 447/550/381 448/551/382 455/564/392 228/561/390
f 455/564/392 457/566/394 456/565/393 228/561/390
f 456/565/393 458/567/395 229/563/391 228/561/390
f 458/570/395 459/569/396 454/559/389 229/568/391
f 462/573/399 461/572/398 460/571/397 230/547/378
f 446/548/379 311/381/219 312/382/220 230/547/378
f 312/382/220 463/574/400 462/573/399 230/547/378
f 460/571/397 461/572/398 464/576/402 231/575/401
f 464/576/402 466/578/404 465/577/403 231/575/401
f 465/577/403 467/579/405 460/571/397 231/575/401
f 470/583/409 469/582/408 468/581/407 232/580/406
f 468/581/407 465/577/403 466/578/404 232/580/406
f 466/578/404 471/584/410 470/583/409 232/580/406
f 474/588/414 473/587/413 472/586/412 233/585/411
f 472/586/412 476/590/416 475/589/415 233/585/411
f 475/589/415 477/591/417 474/588/414 233/585/411
f 480/595/421 479/594/420 478/593/419 234/592/418
f 478/593/419 264/597/423 481/596/422 234/592/418
f 483/599/425 482/598/424 480/595/421 234/592/418
f 486/603/429 485/602/428 484/601/427 235/600/426
f 484/601/427 488/605/431 487/604/430 235/600/426
f 487/604/430 490/607/433 489/606/432 235/600/426
f 489/606/432 492/609/435 491/608/434 235/600/426
f 491/608/434 493/610/436 486/603/429 235/600/426
f 496/614/440 495/613/439 494/612/438 236/611/437
f 499/617/443 498/616/442 497/615/441 236/611/437
f 494/612/438 500/618/444 499/617/443 236/611/437
f 502/620/446 501/619/445 496/614/440 236/611/437
f 497/615/441 503/621/447 502/620/446 236/611/437
f 506/625/451 505/624/450 504/623/449 237/622/448
f 508/627/453 507/626/452 506/625/451 237/622/448
f 504/623/449 509/628/454 508/627/453 237/622/448
f 512/632/458 511/631/457 510/630/456 238/629/455
f 514/634/460 513/633/459 512/632/458 238/629/455
f 510/630/456 516/636/462 515/635/461 238/629/455
f 518/638/464 517/637/463 514/634/460 238/629/455
f 515/635/461 519/639/465 518/638/464 238/629/455
f 244/643/469 521/642/468 520/641/467 239/640/466
f 520/641/467 523/645/471 522/644/470 239/640/466
f 522/644/470 525/647/473 524/646/472 239/640/466
f 524/646/472 527/649/475 526/648/474 239/640/466
f 526/648/474 528/650/476 244/643/469 239/640/466
f 531/654/480 530/653/479 529/652/478 240/651/477
f 529/652/478 533/656/482 532/655/481 240/651/477
f 532/655/481 534/657/483 531/654/480 240/651/477
f 536/661/487 535/660/486 242/659/485 241/658/484
f 538/663/489 537/662/488 536/661/487 241/658/484
f 242/659/485 539/664/490 538/663/489 241/658/484
f 535/660/486 540/665/491 539/664/490 242/659/485
f 543/669/495 542/668/494 541/667/493 243/666/492
f 541/667/493 545/671/497 544/670/496 243/666/492
f 544/670/496 546/672/498 543/669/495 243/666/492
f 548/674/500 547/673/499 521/642/468 244/643/469
f 528/650/476 550/676/502 549/675/501 244/643/469
f 549/675/501 551/677/503 548/674/500 244/643/469
f 554/681/507 553/680/506 552/679/505 245/678/504
f 556/683/509 555/682/508 554/681/507 245/678/504
f 552/679/505 557/684/510 556/683/509 245/678/504
f 560/688/514 559/687/513 558/686/512 246/685/511
f 562/690/516 561/689/515 560/688/514 246/685/511
f 558/686/512 563/691/517 562/690/516 246/685/511
f 566/695/521 565/694/520 564/693/519 247/692/518
f 253/697/523 252/696/522 566/695/521 247/692/518
f 564/693/519 567/698/524 253/697/523 247/692/518
f 570/702/528 569/701/527 568/700/526 248/699/525
f 572/704/530 571/703/529 570/702/528 248/699/525
f 568/700/526 268/705/531 572/704/530 248/699/525
f 285/347/187 574/707/533 573/706/532 197/343/183
f 573/706/532 575/708/534 284/346/186 197/343/183
f 577/710/536 576/709/535 307/376/214 249/344/184
f 283/345/185 578/711/537 577/710/536 249/344/184
f 581/715/541 580/714/540 579/713/539 250/712/538
f 583/717/543 582/716/542 581/715/541 250/712/538
f 579/713/539 584/718/544 583/717/543 250/712/538
f 293/357/197 295/360/200 585/720/546 251/719/545
f 586/722/547 298/364/204 299/365/205 251/721/545
f 588/724/549 587/723/548 586/722/547 251/721/545
f 585/720/546 589/726/550 588/725/549 251/719/545
f 299/367/205 292/356/196 293/357/197 251/719/545
f 591/728/552 590/727/551 566/695/521 252/696/522
f 253/697/523 592/729/553 591/728/552 252/696/522
f 594/731/555 593/730/554 592/729/553 253/697/523
f 567/698/524 595/732/556 594/731/555 253/697/523
f 597/735/559 596/734/558 590/727/551 254/733/557
f 598/737/561 255/736/560 597/735/559 254/733/557
f 590/727/551 591/728/552 599/738/562 254/733/557
f 599/738/562 601/740/564 600/739/563 254/733/557
f 598/737/561 603/742/566 602/741/565 255/736/560
f 605/744/568 604/743/567 597/735/559 255/736/560
f 602/741/565 606/745/569 605/744/568 255/736/560
f 609/749/573 608/748/572 607/747/571 256/746/570
f 612/752/576 611/751/575 610/750/574 256/746/570
f 607/747/571 613/753/577 612/752/576 256/746/570
f 610/750/574 615/755/579 614/754/578 256/746/570
f 614/754/578 616/756/580 609/749/573 256/746/570
f 619/760/584 618/759/583 617/758/582 257/757/581
f 621/762/586 620/761/585 619/760/584 257/757/581
f 617/758/582 623/764/588 622/763/587 257/757/581
f 625/766/590 624/765/589 621/762/586 257/757/581
f 398/488/321 627/768/592 626/767/591 258/490/323
f 629/770/594 628/769/593 395/485/318 258/490/323
f 632/774/598 631/773/597 630/772/596 259/771/595
f 634/776/600 633/775/599 632/774/598 259/771/595
f 630/772/596 635/777/601 634/776/600 259/771/595
f 375/460/294 637/779/603 636/778/602 260/459/293
f 636/778/602 635/777/601 374/458/292 260/459/293
f 640/783/607 639/782/606 638/781/605 261/780/604
f 642/785/609 641/784/608 640/783/607 261/780/604
f 638/781/605 644/787/611 643/786/610 261/780/604
f 453/558/388 646/790/614 645/789/613 262/788/612
f 647/793/615 450/792/384 451/791/385 262/788/612
f 645/789/613 649/795/617 648/794/616 262/788/612
f 648/794/616 432/796/362 647/793/615 262/788/612
f 451/791/385 452/557/386 453/558/388 262/788/612
f 652/800/621 651/799/620 650/798/619 263/797/618
f 654/802/623 653/801/622 652/800/621 263/797/618
f 650/798/619 444/545/376 654/802/623 263/797/618
f 460/571/397 467/579/405 655/803/624 230/547/378
f 655/803/624 656/804/625 443/544/375 230/547/378
f 658/806/627 657/805/626 481/596/422 264/597/423
f 478/593/419 659/807/628 658/806/627 264/597/423
f 660/809/630 481/596/422 657/805/626 265/808/629
f 662/811/632 661/810/631 660/809/630 265/808/629
f 267/815/636 664/814/635 663/813/634 266/812/633
f 663/813/634 666/817/638 665/816/637 266/812/633
f 665/816/637 668/819/640 667/818/639 266/812/633
f 667/818/639 669/820/641 267/815/636 266/812/633
f 672/823/644 671/822/643 670/821/642 267/815/636
f 669/820/641 673/824/645 672/823/644 267/815/636
f 670/821/642 674/825/646 664/814/635 267/815/636
f 676/827/648 675/826/647 572/704/530 268/705/531
f 568/700/526 269/828/649 676/827/648 268/705/531
f 568/700/526 569/701/527 677/829/650 269/828/649
f 677/829/650 679/831/652 678/830/651 269/828/649
f 678/830/651 681/833/654 680/832/653 269/828/649
f 680/832/653 673/824/645 676/827/648 269/828/649
f 684/837/658 683/836/657 682/835/656 270/834/655
f 682/835/656 686/839/660 685/838/659 270/834/655
f 688/841/662 687/840/661 684/837/658 270/834/655
f 549/675/501 550/676/502 687/840/661 688/841/662
f 689/842/663 551/677/503 549/675/501 688/841/662
f 270/834/655 690/843/664 689/842/663 688/841/662
f 270/834/655 685/838/659 691/844/665 690/843/664
f 693/846/667 692/845/666 689/842/663 690/843/664
f 691/844/665 415/508/341 693/846/667 690/843/664
f 695/848/669 694/847/668 692/845/666 693/846/667
f 415/508/341 413/506/339 695/848/669 693/846/667
f 405/497/330 406/498/331 694/847/668 695/848/669
f 413/506/339 414/507/340 405/497/330 695/848/669
f 697/850/671 696/849/670 692/845/666 694/847/668
f 406/498/331 409/501/334 697/850/671 694/847/668
f 628/769/593 629/770/594 696/849/670 697/850/671
f 409/501/334 698/851/672 628/769/593 697/850/671
f 394/484/317 395/485/318 628/769/593 698/851/672
f 388/477/310 389/478/311 394/484/317 698/851/672
f 409/501/334 407/499/332 388/477/310 698/851/672
f 551/677/503 689/842/663 692/845/666 696/849/670
f 629/770/594 548/674/500 551/677/503 696/849/670
f 685/838/659 700/853/674 699/852/673 691/844/665
f 699/852/673 412/505/338 415/508/341 691/844/665
f 703/857/677 702/856/676 701/855/675 700/854/674
f 685/838/659 686/839/660 703/858/677 700/853/674
f 701/855/675 704/860/678 699/859/673 700/854/674
f 701/855/675 705/861/679 376/461/295 704/860/678
f 411/863/337 412/862/338 699/859/673 704/860/678
f 376/461/295 377/462/296 411/863/337 704/860/678
f 707/865/681 706/864/680 637/779/603 705/861/679
f 701/855/675 702/856/676 707/865/681 705/861/679
f 637/779/603 375/460/294 376/461/295 705/861/679
f 709/867/683 708/866/682 706/864/680 707/865/681
f 702/856/676 710/868/684 709/867/683 707/865/681
f 543/669/495 546/672/498 709/867/683 710/868/684
f 711/869/685 542/668/494 543/669/495 710/868/684
f 702/856/676 703/857/677 711/869/685 710/868/684
f 713/871/687 712/870/686 542/668/494 711/869/685
f 703/857/677 686/872/660 713/871/687 711/869/685
f 714/873/688 666/817/638 712/870/686 713/871/687
f 686/872/660 682/874/656 714/873/688 713/871/687
f 715/875/689 665/816/637 666/817/638 714/873/688
f 682/874/656 683/876/657 715/875/689 714/873/688
f 716/877/690 668/819/640 665/816/637 715/875/689
f 683/876/657 717/878/691 716/877/690 715/875/689
f 719/880/693 718/879/692 716/877/690 717/878/691
f 721/884/695 720/883/694 719/882/693 717/881/691
f 683/836/657 684/837/658 721/884/695 717/881/691
f 723/886/697 722/885/696 720/883/694 721/884/695
f 684/837/658 687/840/661 723/886/697 721/884/695
f 553/680/506 554/681/507 722/885/696 723/886/697
f 687/840/661 550/676/502 553/680/506 723/886/697
f 725/888/699 724/887/698 720/883/694 722/885/696
f 554/681/507 555/682/508 725/888/699 722/885/696
f 727/890/701 726/889/700 724/887/698 725/888/699
f 555/682/508 728/891/702 727/890/701 725/888/699
f 555/682/508 556/683/509 729/892/703 728/891/702
f 731/894/705 730/893/704 727/890/701 728/891/702
f 729/892/703 732/895/706 731/894/705 728/891/702
f 729/899/703 734/898/708 733/897/707 732/896/706
f 736/902/710 735/901/709 731/900/705 732/896/706
f 733/897/707 737/903/711 736/902/710 732/896/706
f 733/897/707 738/904/712 495/613/439 737/903/711
f 740/906/714 739/905/713 736/902/710 737/903/711
f 495/613/439 496/614/440 740/906/714 737/903/711
f 742/908/716 741/907/715 739/905/713 740/906/714
f 496/614/440 501/619/445 742/908/716 740/906/714
f 744/910/718 743/909/717 741/907/715 742/908/716
f 501/619/445 745/911/719 744/910/718 742/908/716
f 501/619/445 502/620/446 746/912/720 745/911/719
f 748/914/722 747/913/721 744/910/718 745/911/719
f 746/912/720 749/915/723 748/914/722 745/911/719
f 746/912/720 751/917/725 750/916/724 749/915/723
f 753/919/727 752/918/726 748/914/722 749/915/723
f 750/916/724 754/920/728 753/919/727 749/915/723
f 750/916/724 756/922/730 755/921/729 754/920/728
f 493/610/436 757/923/731 753/919/727 754/920/728
f 755/921/729 486/603/429 493/610/436 754/920/728
f 758/924/732 752/918/726 753/919/727 757/923/731
f 760/926/734 759/925/733 758/924/732 757/923/731
f 493/610/436 491/608/434 760/926/734 757/923/731
f 762/928/736 761/927/735 759/925/733 760/926/734
f 491/608/434 492/609/435 762/928/736 760/926/734
f 474/588/414 477/591/417 761/927/735 762/928/736
f 492/609/435 473/587/413 474/588/414 762/928/736
f 764/930/738 763/929/737 759/925/733 761/927/735
f 477/591/417 765/931/739 764/930/738 761/927/735
f 767/933/741 766/932/740 764/930/738 765/931/739
f 769/935/743 768/934/742 767/933/741 765/931/739
f 477/591/417 475/589/415 769/935/743 765/931/739
f 771/937/745 770/936/744 768/934/742 769/935/743
f 475/589/415 476/590/416 771/937/745 769/935/743
f 773/939/747 772/938/746 770/936/744 771/937/745
f 476/590/416 774/940/748 773/939/747 771/937/745
f 476/590/416 472/586/412 775/941/749 774/940/748
f 777/943/751 776/942/750 773/939/747 774/940/748
f 775/941/749 778/944/752 777/943/751 774/940/748
f 781/947/755 780/946/754 779/945/753 778/944/752
f 775/941/749 782/948/756 781/947/755 778/944/752
f 779/945/753 783/949/757 777/943/751 778/944/752
f 779/945/753 785/951/759 784/950/758 783/949/757
f 469/582/408 776/942/750 777/943/751 783/949/757
f 784/950/758 468/581/407 469/582/408 783/949/757
f 786/952/760 656/804/625 655/803/624 785/951/759
f 779/945/753 780/946/754 786/952/760 785/951/759
f 655/803/624 467/579/405 784/950/758 785/951/759
f 788/954/762 787/953/761 656/804/625 786/952/760
f 780/946/754 789/955/763 788/954/762 786/952/760
f 791/957/765 790/956/764 788/954/762 789/955/763
f 490/607/433 487/604/430 791/957/765 789/955/763
f 780/946/754 781/947/755 490/607/433 789/955/763
f 457/566/394 455/564/392 790/956/764 791/957/765
f 487/604/430 488/605/431 457/566/394 791/957/765
f 455/564/392 448/551/382 792/958/766 790/956/764
f 792/958/766 787/953/761 788/954/762 790/956/764
f 448/551/382 449/552/383 793/959/767 792/958/766
f 793/959/767 442/543/374 787/953/761 792/958/766
f 449/552/383 450/553/384 794/960/768 793/959/767
f 794/960/768 441/542/373 442/543/374 793/959/767
f 450/553/384 647/962/615 795/961/769 794/960/768
f 795/961/769 440/541/372 441/542/373 794/960/768
f 647/962/615 432/529/362 433/530/363 795/961/769
f 433/530/363 434/531/364 440/541/372 795/961/769
f 442/543/374 443/544/375 656/804/625 787/953/761
f 467/579/405 465/577/403 468/581/407 784/950/758
f 489/606/432 490/607/433 781/947/755 782/948/756
f 473/587/413 492/609/435 489/606/432 782/948/756
f 775/941/749 472/586/412 473/587/413 782/948/756
f 796/963/770 772/938/746 773/939/747 776/942/750
f 469/582/408 470/583/409 796/963/770 776/942/750
f 798/965/772 797/964/771 772/938/746 796/963/770
f 470/583/409 471/584/410 798/965/772 796/963/770
f 800/967/774 799/966/773 797/964/771 798/965/772
f 471/584/410 801/968/775 800/967/774 798/965/772
f 803/970/777 802/969/776 800/967/774 801/968/775
f 464/576/402 461/572/398 803/970/777 801/968/775
f 471/584/410 466/578/404 464/576/402 801/968/775
f 805/972/779 804/971/778 802/969/776 803/970/777
f 461/572/398 462/573/399 805/972/779 803/970/777
f 807/974/781 806/973/780 804/971/778 805/972/779
f 462/573/399 463/574/400 807/974/781 805/972/779
f 329/406/241 808/975/782 806/973/780 807/974/781
f 463/574/400 313/383/221 329/406/241 807/974/781
f 810/977/784 809/976/783 806/973/780 808/975/782
f 812/979/786 811/978/785 810/977/784 808/975/782
f 329/406/241 330/407/242 812/979/786 808/975/782
f 814/981/788 813/980/787 811/978/785 812/979/786
f 330/407/242 331/408/243 814/981/788 812/979/786
f 816/983/790 815/982/789 813/980/787 814/981/788
f 331/408/243 332/409/244 816/983/790 814/981/788
f 319/393/229 817/984/791 815/982/789 816/983/790
f 332/409/244 316/392/226 319/393/229 816/983/790
f 820/987/794 819/986/793 818/985/792 817/984/791
f 319/393/229 317/394/227 820/987/794 817/984/791
f 818/985/792 821/988/795 815/982/789 817/984/791
f 644/787/611 638/781/605 822/989/796 821/988/795
f 818/985/792 823/990/797 644/787/611 821/988/795
f 822/989/796 813/980/787 815/982/789 821/988/795
f 826/994/800 825/993/799 824/992/798 823/991/797
f 818/985/792 819/986/793 826/995/800 823/990/797
f 824/996/798 643/786/610 644/787/611 823/990/797
f 828/998/802 827/997/801 825/993/799 826/994/800
f 819/1000/793 829/999/803 828/998/802 826/994/800
f 831/1002/805 830/1001/804 828/998/802 829/999/803
f 833/1004/807 832/1003/806 831/1002/805 829/999/803
f 819/1000/793 820/1005/794 833/1004/807 829/999/803
f 318/390/228 834/1006/808 832/1003/806 833/1004/807
f 820/1005/794 317/389/227 318/390/228 833/1004/807
f 836/1008/810 835/1007/809 832/1003/806 834/1006/808
f 838/1010/812 837/1009/811 836/1008/810 834/1006/808
f 318/390/228 314/386/224 838/1010/812 834/1006/808
f 840/1012/814 839/1011/813 837/1009/811 838/1010/812
f 314/386/224 315/387/225 840/1012/814 838/1010/812
f 326/402/237 327/403/238 839/1014/813 840/1013/814
f 315/1015/225 328/405/240 326/402/237 840/1013/814
f 588/725/549 589/726/550 837/1009/811 839/1011/813
f 327/403/238 587/723/548 588/724/549 839/1014/813
f 589/726/550 841/1016/815 836/1008/810 837/1009/811
f 844/1019/818 843/1018/817 842/1017/816 841/1016/815
f 589/726/550 585/720/546 844/1019/818 841/1016/815
f 842/1017/816 835/1007/809 836/1008/810 841/1016/815
f 846/1021/820 845/1020/819 843/1018/817 844/1019/818
f 585/720/546 295/360/200 846/1021/820 844/1019/818
f 296/361/201 847/1022/821 845/1020/819 846/1021/820
f 295/360/200 294/359/199 296/361/201 846/1021/820
f 850/1025/824 849/1024/823 848/1023/822 847/1022/821
f 296/361/201 287/351/191 850/1025/824 847/1022/821
f 848/1023/822 851/1026/825 845/1020/819 847/1022/821
f 848/1023/822 853/1028/827 852/1027/826 851/1026/825
f 854/1029/828 843/1018/817 845/1020/819 851/1026/825
f 852/1027/826 855/1030/829 854/1029/828 851/1026/825
f 852/1027/826 857/1032/831 856/1031/830 855/1030/829
f 859/1034/833 858/1033/832 854/1029/828 855/1030/829
f 856/1031/830 860/1035/834 859/1034/833 855/1030/829
f 856/1031/830 862/1037/836 861/1036/835 860/1035/834
f 864/1039/838 863/1038/837 859/1034/833 860/1035/834
f 861/1036/835 865/1040/839 864/1039/838 860/1035/834
f 861/1036/835 867/1042/841 866/1041/840 865/1040/839
f 869/1044/843 868/1043/842 864/1039/838 865/1040/839
f 866/1041/840 870/1045/844 869/1044/843 865/1040/839
f 866/1041/840 872/1047/846 871/1046/845 870/1045/844
f 874/1049/848 873/1048/847 869/1044/843 870/1045/844
f 871/1046/845 875/1050/849 874/1049/848 870/1045/844
f 871/1046/845 877/1052/851 876/1051/850 875/1050/849
f 879/1054/853 878/1053/852 874/1049/848 875/1050/849
f 876/1051/850 880/1055/854 879/1054/853 875/1050/849
f 876/1051/850 373/456/291 881/1056/855 880/1055/854
f 631/1058/597 882/1057/856 879/1054/853 880/1055/854
f 881/1056/855 630/1059/596 631/1058/597 880/1055/854
f 883/1060/857 878/1053/852 879/1054/853 882/1057/856
f 885/1064/859 884/1063/858 883/1062/857 882/1061/856
f 631/773/597 632/774/598 885/1064/859 882/1061/856
f 887/1066/861 886/1065/860 884/1063/858 885/1064/859
f 632/774/598 633/775/599 887/1066/861 885/1064/859
f 889/1068/863 888/1067/862 886/1065/860 887/1066/861
f 633/775/599 890/1069/864 889/1068/863 887/1066/861
f 633/775/599 634/776/600 891/1070/865 890/1069/864
f 708/866/682 892/1071/866 889/1068/863 890/1069/864
f 891/1070/865 706/864/680 708/866/682 890/1069/864
f 893/1072/867 888/1067/862 889/1068/863 892/1071/866
f 546/672/498 544/670/496 893/1072/867 892/1071/866
f 708/866/682 709/867/683 546/672/498 892/1071/866
f 895/1074/869 894/1073/868 888/1067/862 893/1072/867
f 544/670/496 545/671/497 895/1074/869 893/1072/867
f 896/1075/870 642/785/609 894/1073/868 895/1074/869
f 545/671/497 897/1076/871 896/1075/870 895/1074/869
f 664/814/635 674/825/646 896/1075/870 897/1076/871
f 898/1077/872 663/813/634 664/814/635 897/1076/871
f 545/671/497 541/667/493 898/1077/872 897/1076/871
f 712/870/686 666/817/638 663/813/634 898/1077/872
f 541/667/493 542/668/494 712/870/686 898/1077/872
f 674/825/646 641/784/608 642/785/609 896/1075/870
f 899/1078/873 886/1065/860 888/1067/862 894/1073/868
f 642/785/609 261/780/604 899/1078/873 894/1073/868
f 900/1079/874 884/1063/858 886/1065/860 899/1078/873
f 261/780/604 643/786/610 900/1079/874 899/1078/873
f 901/1080/875 883/1062/857 884/1063/858 900/1079/874
f 643/786/610 824/996/798 901/1080/875 900/1079/874
f 902/1082/876 878/1053/852 883/1060/857 901/1081/875
f 824/992/798 825/993/799 902/1082/876 901/1081/875
f 873/1048/847 874/1049/848 878/1053/852 902/1082/876
f 825/993/799 827/997/801 873/1048/847 902/1082/876
f 634/776/600 635/777/601 636/778/602 891/1070/865
f 636/778/602 637/779/603 706/864/680 891/1070/865
f 373/456/291 213/453/288 374/1083/292 881/1056/855
f 374/1083/292 635/1084/601 630/1059/596 881/1056/855
f 904/1086/878 903/1085/877 372/455/290 877/1052/851
f 871/1046/845 872/1047/846 904/1086/878 877/1052/851
f 372/455/290 373/456/291 876/1051/850 877/1052/851
f 906/1088/880 905/1087/879 903/1085/877 904/1086/878
f 872/1047/846 907/1089/881 906/1088/880 904/1086/878
f 909/1091/883 908/1090/882 906/1088/880 907/1089/881
f 867/1042/841 910/1092/884 909/1091/883 907/1089/881
f 872/1047/846 866/1041/840 867/1042/841 907/1089/881
f 912/1094/886 911/1093/885 909/1091/883 910/1092/884
f 862/1037/836 913/1095/887 912/1094/886 910/1092/884
f 867/1042/841 861/1036/835 862/1037/836 910/1092/884
f 915/1097/889 914/1096/888 912/1094/886 913/1095/887
f 857/1032/831 916/1098/890 915/1097/889 913/1095/887
f 862/1037/836 856/1031/830 857/1032/831 913/1095/887
f 918/1100/892 917/1099/891 915/1097/889 916/1098/890
f 853/1028/827 919/1101/893 918/1100/892 916/1098/890
f 857/1032/831 852/1027/826 853/1028/827 916/1098/890
f 921/1103/895 920/1102/894 918/1100/892 919/1101/893
f 849/1024/823 922/1104/896 921/1103/895 919/1101/893
f 853/1028/827 848/1023/822 849/1024/823 919/1101/893
f 365/447/282 370/452/287 921/1103/895 922/1104/896
f 923/1105/897 364/446/281 365/447/282 922/1104/896
f 849/1024/823 850/1025/824 923/1105/897 922/1104/896
f 288/352/192 289/353/193 364/446/281 923/1105/897
f 850/1025/824 287/351/191 288/352/192 923/1105/897
f 370/452/287 924/1106/898 920/1102/894 921/1103/895
f 927/1109/901 926/1108/900 925/1107/899 924/1106/898
f 370/452/287 368/450/285 927/1109/901 924/1106/898
f 925/1107/899 928/1110/902 920/1102/894 924/1106/898
f 925/1107/899 930/1112/904 929/1111/903 928/1110/902
f 917/1099/891 918/1100/892 920/1102/894 928/1110/902
f 929/1111/903 931/1113/905 917/1099/891 928/1110/902
f 929/1111/903 933/1115/907 932/1114/906 931/1113/905
f 914/1096/888 915/1097/889 917/1099/891 931/1113/905
f 932/1114/906 934/1116/908 914/1096/888 931/1113/905
f 932/1114/906 936/1118/910 935/1117/909 934/1116/908
f 911/1093/885 912/1094/886 914/1096/888 934/1116/908
f 935/1117/909 937/1119/911 911/1093/885 934/1116/908
f 935/1117/909 939/1121/913 938/1120/912 937/1119/911
f 908/1090/882 909/1091/883 911/1093/885 937/1119/911
f 938/1120/912 940/1122/914 908/1090/882 937/1119/911
f 938/1120/912 404/496/329 400/492/325 940/1122/914
f 905/1087/879 906/1088/880 908/1090/882 940/1122/914
f 400/492/325 401/493/326 905/1087/879 940/1122/914
f 943/1125/917 942/1124/916 941/1123/915 939/1121/913
f 935/1117/909 936/1118/910 943/1125/917 939/1121/913
f 941/1123/915 404/496/329 938/1120/912 939/1121/913
f 945/1127/919 944/1126/918 942/1124/916 943/1125/917
f 936/1118/910 946/1128/920 945/1127/919 943/1125/917
f 948/1130/922 947/1129/921 945/1127/919 946/1128/920
f 933/1115/907 949/1131/923 948/1130/922 946/1128/920
f 936/1118/910 932/1114/906 933/1115/907 946/1128/920
f 355/436/271 356/437/272 948/1130/922 949/1131/923
f 930/1112/904 354/435/270 355/436/271 949/1131/923
f 933/1115/907 929/1111/903 930/1112/904 949/1131/923
f 356/437/272 950/1132/924 947/1129/921 948/1130/922
f 951/1133/925 379/466/299 380/467/300 950/1132/924
f 356/437/272 357/438/273 951/1133/925 950/1132/924
f 380/467/300 384/472/305 947/1129/921 950/1132/924
f 952/1134/926 383/471/304 379/466/299 951/1133/925
f 357/438/273 358/439/274 952/1134/926 951/1133/925
f 358/439/274 954/1136/928 953/1135/927 952/1134/926
f 953/1135/927 955/1137/929 383/471/304 952/1134/926
f 953/1135/927 957/1139/931 956/1138/930 955/1137/929
f 958/1140/932 382/470/303 383/471/304 955/1137/929
f 956/1138/930 959/1141/933 958/1140/932 955/1137/929
f 961/1143/935 960/1142/934 958/1140/932 959/1141/933
f 963/1145/937 962/1144/936 961/1143/935 959/1141/933
f 956/1138/930 386/475/308 963/1145/937 959/1141/933
f 408/500/333 403/495/328 962/1144/936 963/1145/937
f 386/475/308 387/476/309 408/500/333 963/1145/937
f 941/1123/915 942/1124/916 961/1143/935 962/1144/936
f 403/495/328 404/496/329 941/1123/915 962/1144/936
f 942/1124/916 944/1126/918 960/1142/934 961/1143/935
f 381/469/302 382/470/303 958/1140/932 960/1142/934
f 944/1126/918 384/472/305 381/469/302 960/1142/934
f 964/1146/938 390/479/312 385/474/307 957/1139/931
f 953/1135/927 954/1136/928 964/1146/938 957/1139/931
f 385/474/307 386/475/308 956/1138/930 957/1139/931
f 392/482/315 393/483/316 390/479/312 964/1146/938
f 954/1136/928 965/1147/939 392/482/315 964/1146/938
f 966/1148/940 391/481/314 392/482/315 965/1147/939
f 359/440/275 360/441/276 966/1148/940 965/1147/939
f 954/1136/928 358/439/274 359/440/275 965/1147/939
f 967/1149/941 397/487/320 391/481/314 966/1148/940
f 360/441/276 968/1150/942 967/1149/941 966/1148/940
f 970/1152/944 969/1151/943 967/1149/941 968/1150/942
f 972/1154/946 971/1153/945 970/1152/944 968/1150/942
f 360/441/276 351/432/267 972/1154/946 968/1150/942
f 974/1156/948 973/1155/947 971/1153/945 972/1154/946
f 351/432/267 352/433/268 974/1156/948 972/1154/946
f 976/1158/950 975/1157/949 973/1155/947 974/1156/948
f 352/433/268 977/1159/951 976/1158/950 974/1156/948
f 979/1161/953 978/1160/952 976/1158/950 977/1159/951
f 981/1163/955 980/1162/954 979/1161/953 977/1159/951
f 352/433/268 353/434/269 981/1163/955 977/1159/951
f 926/1108/900 927/1109/901 980/1162/954 981/1163/955
f 353/434/269 354/435/270 926/1108/900 981/1163/955
f 369/451/286 982/1164/956 979/1161/953 980/1162/954
f 927/1109/901 368/450/285 369/451/286 980/1162/954
f 983/1165/957 978/1160/952 979/1161/953 982/1164/956
f 985/1167/959 984/1166/958 983/1165/957 982/1164/956
f 369/451/286 366/448/283 985/1167/959 982/1164/956
f 987/1169/961 986/1168/960 984/1166/958 985/1167/959
f 366/448/283 367/449/284 987/1169/961 985/1167/959
f 282/342/182 988/1170/962 986/1168/960 987/1169/961
f 367/449/284 279/339/179 282/342/182 987/1169/961
f 990/1172/964 989/1171/963 986/1168/960 988/1170/962
f 992/1174/966 991/1173/965 990/1172/964 988/1170/962
f 282/342/182 280/340/180 992/1174/966 988/1170/962
f 994/1176/968 993/1175/967 991/1173/965 992/1174/966
f 280/340/180 281/341/181 994/1176/968 992/1174/966
f 996/1178/970 995/1177/969 993/1175/967 994/1176/968
f 281/341/181 997/1179/971 996/1178/970 994/1176/968
f 281/341/181 277/337/177 998/1180/972 997/1179/971
f 999/1181/973 272/331/171 996/1178/970 997/1179/971
f 998/1180/972 1000/1182/974 999/1181/973 997/1179/971
f 998/1180/972 1002/1184/976 1001/1183/975 1000/1182/974
f 1004/1186/978 1003/1185/977 999/1181/973 1000/1182/974
f 1001/1183/975 1005/1187/979 1004/1186/978 1000/1182/974
f 1001/1183/975 1007/1189/981 1006/1188/980 1005/1187/979
f 1009/1191/983 1008/1190/982 1004/1186/978 1005/1187/979
f 1006/1188/980 1010/1192/984 1009/1191/983 1005/1187/979
f 1006/1188/980 1012/1194/986 1011/1193/985 1010/1192/984
f 1014/1196/988 1013/1195/987 1009/1191/983 1010/1192/984
f 1011/1193/985 297/1197/203 1014/1196/988 1010/1192/984
f 1015/1200/989 306/375/213 1013/1199/987 1014/1198/988
f 297/363/203 298/364/204 1015/1200/989 1014/1198/988
f 1016/1201/990 305/374/212 306/375/213 1015/1200/989
f 298/364/204 586/722/547 1016/1201/990 1015/1200/989
f 310/380/218 304/373/211 305/374/212 1016/1201/990
f 586/722/547 587/723/548 310/380/218 1016/1201/990
f 576/1202/535 1008/1190/982 1009/1191/983 1013/1195/987
f 306/375/213 307/376/214 576/709/535 1013/1199/987
f 1017/1203/991 289/353/193 290/354/194 1012/1194/986
f 1006/1188/980 1007/1189/981 1017/1203/991 1012/1194/986
f 290/354/194 291/355/195 1011/1193/985 1012/1194/986
f 363/445/280 364/446/281 289/353/193 1017/1203/991
f 1007/1189/981 362/444/279 363/445/280 1017/1203/991
f 291/355/195 201/366/202 297/1197/203 1011/1193/985
f 1018/1204/992 1003/1185/977 1004/1186/978 1008/1190/982
f 576/1202/535 577/1205/536 1018/1204/992 1008/1190/982
f 276/335/175 271/330/170 1003/1185/977 1018/1204/992
f 577/710/536 578/711/537 276/1207/175 1018/1206/992
f 1001/1183/975 1002/1184/976 362/444/279 1007/1189/981
f 271/330/170 272/331/171 999/1181/973 1003/1185/977
f 278/338/178 361/443/278 362/444/279 1002/1184/976
f 998/1180/972 277/337/177 278/338/178 1002/1184/976
f 272/331/171 273/332/172 995/1177/969 996/1178/970
f 1020/1209/994 1019/1208/993 993/1175/967 995/1177/969
f 273/332/172 274/333/173 1020/1209/994 995/1177/969
f 1022/1211/996 1021/1210/995 1019/1208/993 1020/1209/994
f 274/333/173 1023/1212/997 1022/1211/996 1020/1209/994
f 1025/1214/999 1024/1213/998 1022/1211/996 1023/1212/997
f 1027/1216/1001 1026/1215/1000 1025/1214/999 1023/1212/997
f 274/333/173 275/334/174 1027/1216/1001 1023/1212/997
f 578/711/537 283/345/185 1026/1218/1000 1027/1217/1001
f 275/1219/174 276/1207/175 578/711/537 1027/1217/1001
f 1029/1221/1003 1028/1220/1002 1025/1214/999 1026/1215/1000
f 283/345/185 284/346/186 1029/1222/1003 1026/1218/1000
f 1031/1224/1005 1030/1223/1004 1028/1220/1002 1029/1221/1003
f 284/346/186 575/708/534 1031/1225/1005 1029/1222/1003
f 427/1227/356 1032/1226/1006 1030/1223/1004 1031/1224/1005
f 575/708/534 426/522/355 427/523/356 1031/1225/1005
f 1035/1230/1009 1034/1229/1008 1033/1228/1007 1032/1226/1006
f 427/1227/356 424/1231/353 1035/1230/1009 1032/1226/1006
f 1033/1228/1007 1036/1232/1010 1030/1223/1004 1032/1226/1006
f 1033/1228/1007 1038/1234/1012 1037/1233/1011 1036/1232/1010
f 1039/1235/1013 1028/1220/1002 1030/1223/1004 1036/1232/1010
f 1037/1233/1011 1040/1236/1014 1039/1235/1013 1036/1232/1010
f 1037/1233/1011 1042/1238/1016 1041/1237/1015 1040/1236/1014
f 1043/1239/1017 1024/1213/998 1039/1235/1013 1040/1236/1014
f 1041/1237/1015 1044/1240/1018 1043/1239/1017 1040/1236/1014
f 1041/1237/1015 1046/1242/1020 1045/1241/1019 1044/1240/1018
f 1047/1243/1021 1021/1210/995 1043/1239/1017 1044/1240/1018
f 1045/1241/1019 1048/1244/1022 1047/1243/1021 1044/1240/1018
f 1045/1241/1019 1050/1246/1024 1049/1245/1023 1048/1244/1022
f 1052/1248/1026 1051/1247/1025 1047/1243/1021 1048/1244/1022
f 1049/1245/1023 1053/1249/1027 1052/1248/1026 1048/1244/1022
f 1049/1245/1023 1055/1251/1029 1054/1250/1028 1053/1249/1027
f 989/1171/963 990/1172/964 1052/1248/1026 1053/1249/1027
f 1054/1250/1028 1056/1252/1030 989/1171/963 1053/1249/1027
f 1054/1250/1028 1058/1254/1032 1057/1253/1031 1056/1252/1030
f 984/1166/958 986/1168/960 989/1171/963 1056/1252/1030
f 1057/1253/1031 983/1165/957 984/1166/958 1056/1252/1030
f 1061/1257/1035 1060/1256/1034 1059/1255/1033 1058/1254/1032
f 1054/1250/1028 1055/1251/1029 1061/1257/1035 1058/1254/1032
f 1059/1255/1033 1062/1258/1036 1057/1253/1031 1058/1254/1032
f 1059/1255/1033 1063/1259/1037 975/1157/949 1062/1258/1036
f 978/1160/952 983/1165/957 1057/1253/1031 1062/1258/1036
f 975/1157/949 976/1158/950 978/1160/952 1062/1258/1036
f 1066/1262/1040 1065/1261/1039 1064/1260/1038 1063/1259/1037
f 1059/1255/1033 1060/1256/1034 1066/1262/1040 1063/1259/1037
f 1064/1260/1038 973/1155/947 975/1157/949 1063/1259/1037
f 1068/1264/1042 1067/1263/1041 1065/1261/1039 1066/1262/1040
f 1060/1256/1034 1069/1265/1043 1068/1264/1042 1066/1262/1040
f 594/731/555 595/732/556 1068/1264/1042 1069/1265/1043
f 1070/1266/1044 593/730/554 594/731/555 1069/1265/1043
f 1060/1256/1034 1061/1257/1035 1070/1266/1044 1069/1265/1043
f 1072/1268/1046 1071/1267/1045 593/730/554 1070/1266/1044
f 1061/1257/1035 1055/1251/1029 1072/1268/1046 1070/1266/1044
f 1050/1246/1024 1073/1269/1047 1071/1267/1045 1072/1268/1046
f 1055/1251/1029 1049/1245/1023 1050/1246/1024 1072/1268/1046
f 1075/1271/1049 1074/1270/1048 1071/1267/1045 1073/1269/1047
f 1046/1242/1020 1076/1272/1050 1075/1271/1049 1073/1269/1047
f 1050/1246/1024 1045/1241/1019 1046/1242/1020 1073/1269/1047
f 1077/1273/1051 601/740/564 1075/1271/1049 1076/1272/1050
f 1042/1238/1016 1078/1274/1052 1077/1273/1051 1076/1272/1050
f 1046/1242/1020 1041/1237/1015 1042/1238/1016 1076/1272/1050
f 607/747/571 608/748/572 1077/1273/1051 1078/1274/1052
f 1038/1234/1012 613/753/577 607/747/571 1078/1274/1052
f 1042/1238/1016 1037/1233/1011 1038/1234/1012 1078/1274/1052
f 608/748/572 600/739/563 601/740/564 1077/1273/1051
f 601/740/564 599/738/562 1074/1270/1048 1075/1271/1049
f 599/738/562 591/728/552 592/729/553 1074/1270/1048
f 592/729/553 593/730/554 1071/1267/1045 1074/1270/1048
f 595/732/556 1079/1275/1053 1067/1263/1041 1068/1264/1042
f 1080/1276/1054 339/418/253 340/419/254 1079/1275/1053
f 595/732/556 567/698/524 1080/1276/1054 1079/1275/1053
f 340/419/254 1081/1277/1055 1067/1263/1041 1079/1275/1053
f 340/419/254 341/420/255 1082/1278/1056 1081/1277/1055
f 1083/1279/1057 1065/1261/1039 1067/1263/1041 1081/1277/1055
f 1082/1278/1056 1084/1280/1058 1083/1279/1057 1081/1277/1055
f 1082/1278/1056 1086/1282/1060 1085/1281/1059 1084/1280/1058
f 1088/1284/1062 1087/1283/1061 1083/1279/1057 1084/1280/1058
f 1085/1281/1059 1089/1285/1063 1088/1284/1062 1084/1280/1058
f 1085/1281/1059 349/429/264 345/425/260 1089/1285/1063
f 969/1151/943 970/1152/944 1088/1284/1062 1089/1285/1063
f 345/425/260 346/426/261 969/1151/943 1089/1285/1063
f 970/1152/944 971/1153/945 1087/1283/1061 1088/1284/1062
f 1064/1260/1038 1065/1261/1039 1083/1279/1057 1087/1283/1061
f 971/1153/945 973/1155/947 1064/1260/1038 1087/1283/1061
f 342/421/256 1091/1287/1065 1090/1286/1064 1086/1282/1060
f 1082/1278/1056 341/420/255 342/421/256 1086/1282/1060
f 1090/1286/1064 349/429/264 1085/1281/1059 1086/1282/1060
f 1093/1289/1067 1092/1288/1066 1090/1286/1064 1091/1287/1065
f 1095/1291/1069 1094/1290/1068 1093/1289/1067 1091/1287/1065
f 342/421/256 343/422/257 1095/1291/1069 1091/1287/1065
f 1097/1293/1071 1096/1292/1070 1094/1290/1068 1095/1291/1069
f 343/422/257 344/423/258 1097/1293/1071 1095/1291/1069
f 1099/1295/1073 1098/1294/1072 1096/1292/1070 1097/1293/1071
f 344/423/258 1100/1296/1074 1099/1295/1073 1097/1293/1071
f 564/693/519 565/694/520 1099/1295/1073 1100/1296/1074
f 1080/1276/1054 567/698/524 564/693/519 1100/1296/1074
f 344/423/258 339/418/253 1080/1276/1054 1100/1296/1074
f 565/694/520 596/734/558 1098/1294/1072 1099/1295/1073
f 604/743/567 1101/1297/1075 1096/1292/1070 1098/1294/1072
f 596/734/558 597/735/559 604/743/567 1098/1294/1072
f 625/766/590 257/757/581 622/763/587 1101/1297/1075
f 604/743/567 605/744/568 625/766/590 1101/1297/1075
f 622/763/587 1094/1290/1068 1096/1292/1070 1101/1297/1075
f 622/763/587 623/764/588 1093/1289/1067 1094/1290/1068
f 623/764/588 1102/1298/1076 1092/1288/1066 1093/1289/1067
f 1103/1299/1077 399/489/322 350/430/265 1102/1298/1076
f 623/764/588 617/758/582 1103/1299/1077 1102/1298/1076
f 350/430/265 348/428/263 1092/1288/1066 1102/1298/1076
f 627/768/592 398/488/321 399/489/322 1103/1299/1077
f 617/758/582 618/759/583 627/768/592 1103/1299/1077
f 348/428/263 349/429/264 1090/1286/1064 1092/1288/1066
f 990/1172/964 991/1173/965 1051/1247/1025 1052/1248/1026
f 1019/1208/993 1021/1210/995 1047/1243/1021 1051/1247/1025
f 991/1173/965 993/1175/967 1019/1208/993 1051/1247/1025
f 1021/1210/995 1022/1211/996 1024/1213/998 1043/1239/1017
f 1024/1213/998 1025/1214/999 1028/1220/1002 1039/1235/1013
f 1033/1228/1007 1034/1229/1008 613/753/577 1038/1234/1012
f 1105/1301/1079 1104/1300/1078 1034/1229/1008 1035/1230/1009
f 424/1231/353 421/1302/349 1105/1301/1079 1035/1230/1009
f 435/534/366 1106/1303/1080 1104/1300/1078 1105/1301/1079
f 421/1302/349 422/533/350 435/534/366 1105/1301/1079
f 1108/1305/1082 1107/1304/1081 611/751/575 1106/1303/1080
f 435/534/366 436/535/367 1108/1305/1082 1106/1303/1080
f 611/751/575 612/752/576 1104/1300/1078 1106/1303/1080
f 1110/1307/1084 1109/1306/1083 1107/1304/1081 1108/1305/1082
f 436/535/367 438/538/369 1110/1307/1084 1108/1305/1082
f 1112/1309/1086 1111/1308/1085 1109/1306/1083 1110/1307/1084
f 438/538/369 1113/1310/1087 1112/1309/1086 1110/1307/1084
f 1115/1312/1089 1114/1311/1088 1112/1309/1086 1113/1310/1087
f 1117/1314/1091 1116/1313/1090 1115/1312/1089 1113/1310/1087
f 438/538/369 437/536/368 1117/1314/1091 1113/1310/1087
f 425/1316/354 429/1315/359 1116/1313/1090 1117/1314/1091
f 437/536/368 423/537/351 425/1316/354 1117/1314/1091
f 648/794/616 649/795/617 1115/1312/1089 1116/1313/1090
f 429/1315/359 432/796/362 648/794/616 1116/1313/1090
f 649/795/617 1118/1317/1092 1114/1311/1088 1115/1312/1089
f 1120/1319/1094 1119/1318/1093 1114/1311/1088 1118/1317/1092
f 1122/1321/1096 1121/1320/1095 1120/1319/1094 1118/1317/1092
f 649/795/617 645/789/613 1122/1321/1096 1118/1317/1092
f 1124/1323/1098 1123/1322/1097 1121/1320/1095 1122/1321/1096
f 645/789/613 646/790/614 1124/1323/1098 1122/1321/1096
f 1126/1325/1100 1125/1324/1099 1123/1322/1097 1124/1323/1098
f 646/790/614 459/569/396 1126/1325/1100 1124/1323/1098
f 1128/1327/1102 1127/1326/1101 1125/1324/1099 1126/1325/1100
f 459/569/396 458/570/395 1128/1327/1102 1126/1325/1100
f 1130/1331/1104 1129/1330/1103 1127/1329/1101 1128/1328/1102
f 458/567/395 456/565/393 1130/1331/1104 1128/1328/1102
f 488/605/431 484/601/427 1129/1330/1103 1130/1331/1104
f 456/565/393 457/566/394 488/605/431 1130/1331/1104
f 1132/1334/1106 1131/1333/1105 1127/1326/1101 1129/1332/1103
f 484/601/427 485/602/428 1132/1335/1106 1129/1330/1103
f 1134/1337/1108 1133/1336/1107 1131/1333/1105 1132/1334/1106
f 485/602/428 1135/1339/1109 1134/1338/1108 1132/1335/1106
f 1137/1341/1111 1136/1340/1110 1134/1338/1108 1135/1339/1109
f 755/921/729 756/922/730 1137/1341/1111 1135/1339/1109
f 485/602/428 486/603/429 755/921/729 1135/1339/1109
f 1139/1343/1113 1138/1342/1112 1136/1340/1110 1137/1341/1111
f 756/922/730 1140/1344/1114 1139/1343/1113 1137/1341/1111
f 1142/1346/1116 1141/1345/1115 1139/1343/1113 1140/1344/1114
f 751/917/725 503/621/447 1142/1346/1116 1140/1344/1114
f 756/922/730 750/916/724 751/917/725 1140/1344/1114
f 1144/1348/1118 1143/1347/1117 1141/1345/1115 1142/1346/1116
f 503/621/447 497/615/441 1144/1348/1118 1142/1346/1116
f 1146/1350/1120 1145/1349/1119 1143/1347/1117 1144/1348/1118
f 497/615/441 498/616/442 1146/1350/1120 1144/1348/1118
f 1148/1352/1122 1147/1351/1121 1145/1349/1119 1146/1350/1120
f 498/616/442 1149/1353/1123 1148/1352/1122 1146/1350/1120
f 536/661/487 537/662/488 1148/1352/1122 1149/1353/1123
f 1150/1354/1124 535/660/486 536/661/487 1149/1353/1123
f 498/616/442 499/617/443 1150/1354/1124 1149/1353/1123
f 1151/1355/1125 540/665/491 535/660/486 1150/1354/1124
f 499/617/443 500/618/444 1151/1355/1125 1150/1354/1124
f 1153/1357/1127 1152/1356/1126 540/665/491 1151/1355/1125
f 500/618/444 1154/1358/1128 1153/1357/1127 1151/1355/1125
f 525/1360/473 1155/1359/1129 1153/1357/1127 1154/1358/1128
f 1156/1362/1130 524/1361/472 525/1360/473 1154/1358/1128
f 500/618/444 494/612/438 1156/1362/1130 1154/1358/1128
f 738/904/712 527/1363/475 524/1361/472 1156/1362/1130
f 494/612/438 495/613/439 738/904/712 1156/1362/1130
f 534/657/483 532/655/481 1157/1365/1131 1155/1364/1129
f 525/647/473 522/644/470 534/657/483 1155/1364/1129
f 1157/1366/1131 1152/1356/1126 1153/1357/1127 1155/1359/1129
f 532/655/481 533/656/482 1158/1367/1132 1157/1365/1131
f 1158/1369/1132 1159/1368/1133 1152/1356/1126 1157/1366/1131
f 1158/1369/1132 1161/1371/1135 1160/1370/1134 1159/1368/1133
f 539/664/490 540/665/491 1152/1356/1126 1159/1368/1133
f 1160/1370/1134 538/663/489 539/664/490 1159/1368/1133
f 1158/1367/1132 533/656/482 1162/1373/1136 1161/1372/1135
f 1164/1375/1138 1163/1374/1137 1160/1370/1134 1161/1371/1135
f 1162/1373/1136 1165/1377/1139 1164/1376/1138 1161/1372/1135
f 1162/1373/1136 1167/1379/1141 1166/1378/1140 1165/1377/1139
f 1169/1381/1143 1168/1380/1142 1164/1376/1138 1165/1377/1139
f 1166/1378/1140 1170/1382/1144 1169/1381/1143 1165/1377/1139
f 1166/1378/1140 514/634/460 517/637/463 1170/1382/1144
f 1172/1384/1146 1171/1383/1145 1169/1381/1143 1170/1382/1144
f 517/637/463 1173/1385/1147 1172/1384/1146 1170/1382/1144
f 517/637/463 518/638/464 1174/1386/1148 1173/1385/1147
f 1176/1388/1150 1175/1387/1149 1172/1384/1146 1173/1385/1147
f 1174/1386/1148 1177/1389/1151 1176/1388/1150 1173/1385/1147
f 1174/1386/1148 1179/1391/1153 1178/1390/1152 1177/1389/1151
f 1181/1393/1155 1180/1392/1154 1176/1388/1150 1177/1389/1151
f 1178/1390/1152 1182/1394/1156 1181/1393/1155 1177/1389/1151
f 1178/1390/1152 1184/1396/1158 1183/1395/1157 1182/1394/1156
f 1186/1398/1160 1185/1397/1159 1181/1393/1155 1182/1394/1156
f 1183/1395/1157 1187/1399/1161 1186/1398/1160 1182/1394/1156
f 1183/1395/1157 1189/1401/1163 1188/1400/1162 1187/1399/1161
f 1191/1403/1165 1190/1402/1164 1186/1398/1160 1187/1399/1161
f 1188/1400/1162 1192/1404/1166 1191/1403/1165 1187/1399/1161
f 1188/1400/1162 1194/1406/1168 1193/1405/1167 1192/1404/1166
f 1196/1408/1170 1195/1407/1169 1191/1403/1165 1192/1404/1166
f 1193/1405/1167 1197/1409/1171 1196/1408/1170 1192/1404/1166
f 1193/1405/1167 1199/1411/1173 1198/1410/1172 1197/1409/1171
f 1201/1413/1175 1200/1412/1174 1196/1408/1170 1197/1409/1171
f 1198/1410/1172 1202/1414/1176 1201/1413/1175 1197/1409/1171
f 1198/1410/1172 615/755/579 610/750/574 1202/1414/1176
f 1107/1304/1081 1109/1306/1083 1201/1413/1175 1202/1414/1176
f 610/750/574 611/751/575 1107/1304/1081 1202/1414/1176
f 1109/1306/1083 1111/1308/1085 1200/1412/1174 1201/1413/1175
f 1203/1415/1177 1195/1407/1169 1196/1408/1170 1200/1412/1174
f 1111/1308/1085 1119/1318/1093 1203/1415/1177 1200/1412/1174
f 1205/1417/1179 1204/1416/1178 1195/1407/1169 1203/1415/1177
f 1119/1318/1093 1120/1319/1094 1205/1417/1179 1203/1415/1177
f 1207/1419/1181 1206/1418/1180 1204/1416/1178 1205/1417/1179
f 1120/1319/1094 1121/1320/1095 1207/1419/1181 1205/1417/1179
f 1209/1421/1183 1208/1420/1182 1206/1418/1180 1207/1419/1181
f 1121/1320/1095 1123/1322/1097 1209/1421/1183 1207/1419/1181
f 1211/1423/1185 1210/1422/1184 1208/1420/1182 1209/1421/1183
f 1123/1322/1097 1125/1324/1099 1211/1423/1185 1209/1421/1183
f 1131/1333/1105 1133/1336/1107 1210/1422/1184 1211/1423/1185
f 1125/1324/1099 1127/1326/1101 1131/1333/1105 1211/1423/1185
f 1213/1425/1187 1212/1424/1186 1208/1420/1182 1210/1422/1184
f 1133/1336/1107 1214/1426/1188 1213/1425/1187 1210/1422/1184
f 1216/1428/1190 1215/1427/1189 1213/1425/1187 1214/1426/1188
f 1136/1430/1110 1138/1429/1112 1216/1428/1190 1214/1426/1188
f 1133/1336/1107 1134/1337/1108 1136/1430/1110 1214/1426/1188
f 1218/1432/1192 1217/1431/1191 1215/1427/1189 1216/1428/1190
f 1138/1429/1112 1219/1433/1193 1218/1432/1192 1216/1428/1190
f 1221/1435/1195 1220/1434/1194 1218/1432/1192 1219/1433/1193
f 1141/1345/1115 1143/1347/1117 1221/1437/1195 1219/1436/1193
f 1138/1342/1112 1139/1343/1113 1141/1345/1115 1219/1436/1193
f 1222/1438/1196 1171/1383/1145 1220/1434/1194 1221/1435/1195
f 1143/1347/1117 1145/1349/1119 1222/1439/1196 1221/1437/1195
f 1168/1380/1142 1169/1381/1143 1171/1383/1145 1222/1438/1196
f 1145/1349/1119 1147/1351/1121 1168/1440/1142 1222/1439/1196
f 1171/1383/1145 1172/1384/1146 1175/1387/1149 1220/1434/1194
f 1175/1387/1149 1217/1431/1191 1218/1432/1192 1220/1434/1194
f 1175/1387/1149 1176/1388/1150 1180/1392/1154 1217/1431/1191
f 1180/1392/1154 1223/1441/1197 1215/1427/1189 1217/1431/1191
f 1180/1392/1154 1181/1393/1155 1185/1397/1159 1223/1441/1197
f 1212/1424/1186 1213/1425/1187 1215/1427/1189 1223/1441/1197
f 1185/1397/1159 1224/1442/1198 1212/1424/1186 1223/1441/1197
f 1185/1397/1159 1186/1398/1160 1190/1402/1164 1224/1442/1198
f 1206/1418/1180 1208/1420/1182 1212/1424/1186 1224/1442/1198
f 1190/1402/1164 1204/1416/1178 1206/1418/1180 1224/1442/1198
f 1190/1402/1164 1191/1403/1165 1195/1407/1169 1204/1416/1178
f 1227/1445/1201 1226/1444/1200 1225/1443/1199 1199/1411/1173
f 1193/1405/1167 1194/1406/1168 1227/1445/1201 1199/1411/1173
f 1225/1443/1199 615/755/579 1198/1410/1172 1199/1411/1173
f 1229/1447/1203 1228/1446/1202 1226/1444/1200 1227/1445/1201
f 1194/1406/1168 1230/1448/1204 1229/1447/1203 1227/1445/1201
f 1231/1449/1205 661/810/631 1229/1447/1203 1230/1448/1204
f 1189/1401/1163 1232/1450/1206 1231/1449/1205 1230/1448/1204
f 1194/1406/1168 1188/1400/1162 1189/1401/1163 1230/1448/1204
f 1234/1452/1208 1233/1451/1207 1231/1449/1205 1232/1450/1206
f 1184/1396/1158 1235/1453/1209 1234/1452/1208 1232/1450/1206
f 1189/1401/1163 1183/1395/1157 1184/1396/1158 1232/1450/1206
f 1236/1454/1210 483/599/425 1234/1452/1208 1235/1453/1209
f 1179/1391/1153 519/639/465 1236/1454/1210 1235/1453/1209
f 1184/1396/1158 1178/1390/1152 1179/1391/1153 1235/1453/1209
f 1237/1455/1211 482/598/424 483/599/425 1236/1454/1210
f 519/639/465 515/635/461 1237/1455/1211 1236/1454/1210
f 1239/1457/1213 1238/1456/1212 482/598/424 1237/1455/1211
f 515/635/461 516/636/462 1239/1457/1213 1237/1455/1211
f 507/626/452 508/627/453 1238/1456/1212 1239/1457/1213
f 516/636/462 1240/1458/1214 507/626/452 1239/1457/1213
f 516/636/462 510/630/456 1241/1459/1215 1240/1458/1214
f 1242/1460/1216 506/625/451 507/626/452 1240/1458/1214
f 1241/1459/1215 1243/1461/1217 1242/1460/1216 1240/1458/1214
f 1241/1459/1215 1245/1463/1219 1244/1462/1218 1243/1461/1217
f 1247/1465/1221 1246/1464/1220 1242/1460/1216 1243/1461/1217
f 1244/1462/1218 1248/1466/1222 1247/1465/1221 1243/1461/1217
f 1244/1462/1218 1249/1467/1223 626/767/591 1248/1466/1222
f 618/759/583 619/760/584 1247/1465/1221 1248/1466/1222
f 626/767/591 627/768/592 618/759/583 1248/1466/1222
f 1250/1468/1224 521/642/468 547/673/499 1249/1467/1223
f 1244/1462/1218 1245/1463/1219 1250/1468/1224 1249/1467/1223
f 547/673/499 258/490/323 626/767/591 1249/1467/1223
f 1251/1469/1225 520/641/467 521/642/468 1250/1468/1224
f 1245/1463/1219 511/631/457 1251/1469/1225 1250/1468/1224
f 1252/1470/1226 523/645/471 520/641/467 1251/1469/1225
f 511/631/457 512/632/458 1252/1470/1226 1251/1469/1225
f 530/653/479 531/654/480 523/645/471 1252/1470/1226
f 512/632/458 513/633/459 530/653/479 1252/1470/1226
f 619/760/584 620/761/585 1246/1464/1220 1247/1465/1221
f 505/624/450 506/625/451 1242/1460/1216 1246/1464/1220
f 620/761/585 1253/1471/1227 505/624/450 1246/1464/1220
f 1254/1472/1228 504/623/449 505/624/450 1253/1471/1227
f 1256/1474/1230 1255/1473/1229 1254/1472/1228 1253/1471/1227
f 620/761/585 621/762/586 1256/1474/1230 1253/1471/1227
f 1257/1475/1231 334/412/247 1255/1473/1229 1256/1474/1230
f 621/762/586 624/765/589 1257/1475/1231 1256/1474/1230
f 1258/1476/1232 333/411/246 334/412/247 1257/1475/1231
f 624/765/589 606/745/569 1258/1476/1232 1257/1475/1231
f 1259/1477/1233 338/416/251 333/411/246 1258/1476/1232
f 606/745/569 602/741/565 1259/1477/1233 1258/1476/1232
f 1261/1479/1235 1260/1478/1234 338/416/251 1259/1477/1233
f 602/741/565 603/742/566 1261/1479/1235 1259/1477/1233
f 1263/1481/1237 1262/1480/1236 1260/1478/1234 1261/1479/1235
f 603/742/566 1264/1482/1238 1263/1481/1237 1261/1479/1235
f 616/756/580 1265/1483/1239 1263/1481/1237 1264/1482/1238
f 1266/1484/1240 609/749/573 616/756/580 1264/1482/1238
f 603/742/566 598/737/561 1266/1484/1240 1264/1482/1238
f 600/739/563 608/748/572 609/749/573 1266/1484/1240
f 598/737/561 254/733/557 600/739/563 1266/1484/1240
f 1267/1485/1241 1262/1480/1236 1263/1481/1237 1265/1483/1239
f 1269/1487/1243 1268/1486/1242 1267/1485/1241 1265/1483/1239
f 616/756/580 614/754/578 1269/1487/1243 1265/1483/1239
f 1225/1443/1199 1226/1444/1200 1268/1486/1242 1269/1487/1243
f 614/754/578 615/755/579 1225/1443/1199 1269/1487/1243
f 1271/1489/1245 1270/1488/1244 1267/1485/1241 1268/1486/1242
f 1226/1444/1200 1228/1446/1202 1271/1489/1245 1268/1486/1242
f 1273/1491/1247 1272/1490/1246 1270/1488/1244 1271/1489/1245
f 1228/1446/1202 662/811/632 1273/1491/1247 1271/1489/1245
f 657/805/626 658/806/627 1272/1490/1246 1273/1491/1247
f 662/811/632 265/808/629 657/805/626 1273/1491/1247
f 658/806/627 659/807/628 1274/1492/1248 1272/1490/1246
f 1274/1492/1248 1275/1493/1249 1270/1488/1244 1272/1490/1246
f 1274/1492/1248 1277/1495/1251 1276/1494/1250 1275/1493/1249
f 1262/1480/1236 1267/1485/1241 1270/1488/1244 1275/1493/1249
f 1276/1494/1250 1260/1478/1234 1262/1480/1236 1275/1493/1249
f 1279/1497/1253 1278/1496/1252 336/414/249 1277/1495/1251
f 1274/1492/1248 659/807/628 1279/1497/1253 1277/1495/1251
f 336/414/249 337/415/250 1276/1494/1250 1277/1495/1251
f 479/594/420 1280/1498/1254 1278/1496/1252 1279/1497/1253
f 659/807/628 478/593/419 479/594/420 1279/1497/1253
f 1282/1500/1256 509/628/454 1281/1499/1255 1280/1498/1254
f 479/594/420 480/595/421 1282/1500/1256 1280/1498/1254
f 1281/1499/1255 1283/1501/1257 1278/1496/1252 1280/1498/1254
f 335/413/248 336/414/249 1278/1496/1252 1283/1501/1257
f 1255/1473/1229 334/412/247 335/413/248 1283/1501/1257
f 1281/1499/1255 1254/1472/1228 1255/1473/1229 1283/1501/1257
f 1238/1456/1212 508/627/453 509/628/454 1282/1500/1256
f 480/595/421 482/598/424 1238/1456/1212 1282/1500/1256
f 509/628/454 504/623/449 1254/1472/1228 1281/1499/1255
f 337/415/250 338/416/251 1260/1478/1234 1276/1494/1250
f 1241/1459/1215 510/630/456 511/631/457 1245/1463/1219
f 483/599/425 234/592/418 1233/1451/1207 1234/1452/1208
f 234/592/418 481/596/422 660/809/630 1233/1451/1207
f 660/809/630 661/810/631 1231/1449/1205 1233/1451/1207
f 661/810/631 662/811/632 1228/1446/1202 1229/1447/1203
f 1174/1386/1148 518/638/464 519/639/465 1179/1391/1153
f 1147/1351/1121 1163/1374/1137 1164/1375/1138 1168/1440/1142
f 529/652/478 530/653/479 513/633/459 1167/1379/1141
f 1162/1373/1136 533/656/482 529/652/478 1167/1379/1141
f 513/633/459 514/634/460 1166/1378/1140 1167/1379/1141
f 537/662/488 538/663/489 1160/1370/1134 1163/1374/1137
f 1147/1351/1121 1148/1352/1122 537/662/488 1163/1374/1137
f 1111/1308/1085 1112/1309/1086 1114/1311/1088 1119/1318/1093
f 612/752/576 613/753/577 1034/1229/1008 1104/1300/1078
f 346/426/261 397/487/320 967/1149/941 969/1151/943
f 384/472/305 944/1126/918 945/1127/919 947/1129/921
f 925/1107/899 926/1108/900 354/435/270 930/1112/904
f 401/493/326 1284/1502/1258 903/1085/877 905/1087/879
f 401/493/326 402/494/327 1285/1503/1259 1284/1502/1258
f 371/454/289 372/455/290 903/1085/877 1284/1502/1258
f 1285/1503/1259 378/464/297 371/454/289 1284/1502/1258
f 402/494/327 405/497/330 414/507/340 1285/1503/1259
f 414/507/340 410/503/336 378/464/297 1285/1503/1259
f 827/997/801 868/1043/842 869/1044/843 873/1048/847
f 830/1001/804 863/1038/837 864/1039/838 868/1043/842
f 827/997/801 828/998/802 830/1001/804 868/1043/842
f 1286/1504/1260 858/1033/832 859/1034/833 863/1038/837
f 830/1001/804 831/1002/805 1286/1504/1260 863/1038/837
f 835/1007/809 842/1017/816 858/1033/832 1286/1504/1260
f 831/1002/805 832/1003/806 835/1007/809 1286/1504/1260
f 842/1017/816 843/1018/817 854/1029/828 858/1033/832
f 638/781/605 639/782/606 1287/1505/1261 822/989/796
f 1287/1505/1261 811/978/785 813/980/787 822/989/796
f 639/782/606 1289/1507/1263 1288/1506/1262 1287/1505/1261
f 1288/1506/1262 810/977/784 811/978/785 1287/1505/1261
f 1292/1510/1266 1291/1509/1265 1290/1508/1264 1289/1507/1263
f 639/782/606 640/783/607 1292/1510/1266 1289/1507/1263
f 1290/1508/1264 1293/1511/1267 1288/1506/1262 1289/1507/1263
f 1290/1508/1264 1295/1513/1269 1294/1512/1268 1293/1511/1267
f 809/976/783 810/977/784 1288/1506/1262 1293/1511/1267
f 1294/1512/1268 1296/1514/1270 809/976/783 1293/1511/1267
f 1294/1512/1268 1298/1516/1272 1297/1515/1271 1296/1514/1270
f 804/971/778 806/973/780 809/976/783 1296/1514/1270
f 1297/1515/1271 802/969/776 804/971/778 1296/1514/1270
f 1301/1519/1275 1300/1518/1274 1299/1517/1273 1298/1516/1272
f 1294/1512/1268 1295/1513/1269 1301/1519/1275 1298/1516/1272
f 1299/1517/1273 799/966/773 1297/1515/1271 1298/1516/1272
f 1303/1521/1277 1302/1520/1276 1300/1518/1274 1301/1519/1275
f 1295/1513/1269 1304/1522/1278 1303/1521/1277 1301/1519/1275
f 1306/1524/1280 1305/1523/1279 1303/1521/1277 1304/1522/1278
f 1291/1509/1265 1307/1525/1281 1306/1524/1280 1304/1522/1278
f 1295/1513/1269 1290/1508/1264 1291/1509/1265 1304/1522/1278
f 671/822/643 1308/1526/1282 1306/1524/1280 1307/1525/1281
f 1309/1527/1283 670/821/642 671/822/643 1307/1525/1281
f 1291/1509/1265 1292/1510/1266 1309/1527/1283 1307/1525/1281
f 641/784/608 674/825/646 670/821/642 1309/1527/1283
f 1292/1510/1266 640/783/607 641/784/608 1309/1527/1283
f 1312/1530/1286 1311/1529/1285 1310/1528/1284 1308/1526/1282
f 671/822/643 672/823/644 1312/1530/1286 1308/1526/1282
f 1310/1528/1284 1305/1523/1279 1306/1524/1280 1308/1526/1282
f 680/832/653 681/833/654 1311/1529/1285 1312/1530/1286
f 672/823/644 673/824/645 680/832/653 1312/1530/1286
f 681/833/654 1314/1532/1288 1313/1531/1287 1311/1529/1285
f 1313/1531/1287 1315/1533/1289 1310/1528/1284 1311/1529/1285
f 1313/1531/1287 1317/1535/1291 1316/1534/1290 1315/1533/1289
f 1318/1536/1292 1305/1523/1279 1310/1528/1284 1315/1533/1289
f 1316/1534/1290 1319/1537/1293 1318/1536/1292 1315/1533/1289
f 1316/1534/1290 1320/1538/1294 766/932/740 1319/1537/1293
f 1321/1539/1295 1302/1520/1276 1318/1536/1292 1319/1537/1293
f 766/932/740 767/933/741 1321/1539/1295 1319/1537/1293
f 1322/1540/1296 1300/1518/1274 1302/1520/1276 1321/1539/1295
f 767/933/741 768/934/742 1322/1540/1296 1321/1539/1295
f 1323/1541/1297 1299/1517/1273 1300/1518/1274 1322/1540/1296
f 768/934/742 770/936/744 1323/1541/1297 1322/1540/1296
f 797/964/771 799/966/773 1299/1517/1273 1323/1541/1297
f 770/936/744 772/938/746 797/964/771 1323/1541/1297
f 1325/1543/1299 1324/1542/1298 763/929/737 1320/1538/1294
f 1316/1534/1290 1317/1535/1291 1325/1543/1299 1320/1538/1294
f 763/929/737 764/930/738 766/932/740 1320/1538/1294
f 1327/1545/1301 1326/1544/1300 1324/1542/1298 1325/1543/1299
f 1317/1535/1291 1328/1546/1302 1327/1545/1301 1325/1543/1299
f 1330/1548/1304 1329/1547/1303 1327/1545/1301 1328/1546/1302
f 1314/1532/1288 1331/1549/1305 1330/1548/1304 1328/1546/1302
f 1317/1535/1291 1313/1531/1287 1314/1532/1288 1328/1546/1302
f 1333/1551/1307 1332/1550/1306 1330/1548/1304 1331/1549/1305
f 678/830/651 679/831/652 1333/1551/1307 1331/1549/1305
f 1314/1532/1288 681/833/654 678/830/651 1331/1549/1305
f 1335/1553/1309 1334/1552/1308 1332/1550/1306 1333/1551/1307
f 679/831/652 1336/1554/1310 1335/1553/1309 1333/1551/1307
f 559/687/513 1337/1555/1311 1335/1553/1309 1336/1554/1310
f 1338/1556/1312 558/686/512 559/687/513 1336/1554/1310
f 679/831/652 677/829/650 1338/1556/1312 1336/1554/1310
f 1339/1557/1313 563/691/517 558/686/512 1338/1556/1312
f 677/829/650 569/701/527 1339/1557/1313 1338/1556/1312
f 569/701/527 570/702/528 1340/1558/1314 1339/1557/1313
f 1340/1558/1314 1341/1559/1315 563/691/517 1339/1557/1313
f 1340/1558/1314 1343/1561/1317 1342/1560/1316 1341/1559/1315
f 1344/1562/1318 562/690/516 563/691/517 1341/1559/1315
f 1342/1560/1316 1345/1563/1319 1344/1562/1318 1341/1559/1315
f 1342/1560/1316 718/879/692 719/880/693 1345/1563/1319
f 724/887/698 726/889/700 1344/1565/1318 1345/1564/1319
f 719/882/693 720/883/694 724/887/698 1345/1564/1319
f 726/889/700 561/1567/515 562/1566/516 1344/1565/1318
f 571/703/529 1347/1569/1321 1346/1568/1320 1343/1561/1317
f 1340/1558/1314 570/702/528 571/703/529 1343/1561/1317
f 1346/1568/1320 718/879/692 1342/1560/1316 1343/1561/1317
f 675/826/647 669/820/641 667/818/639 1347/1569/1321
f 571/703/529 572/704/530 675/826/647 1347/1569/1321
f 667/818/639 668/819/640 1346/1568/1320 1347/1569/1321
f 668/819/640 716/877/690 718/879/692 1346/1568/1320
f 1349/1571/1323 735/901/709 1348/1570/1322 1337/1555/1311
f 559/687/513 560/688/514 1349/1571/1323 1337/1555/1311
f 1348/1570/1322 1334/1552/1308 1335/1553/1309 1337/1555/1311
f 730/1572/704 731/900/705 735/901/709 1349/1571/1323
f 560/688/514 561/689/515 730/1572/704 1349/1571/1323
f 735/901/709 736/902/710 739/905/713 1348/1570/1322
f 739/905/713 741/907/715 1334/1552/1308 1348/1570/1322
f 741/907/715 743/909/717 1332/1550/1306 1334/1552/1308
f 743/909/717 1329/1547/1303 1330/1548/1304 1332/1550/1306
f 743/909/717 744/910/718 747/913/721 1329/1547/1303
f 747/913/721 1326/1544/1300 1327/1545/1301 1329/1547/1303
f 747/913/721 748/914/722 752/918/726 1326/1544/1300
f 752/918/726 758/924/732 1324/1542/1298 1326/1544/1300
f 758/924/732 759/925/733 763/929/737 1324/1542/1298
f 1302/1520/1276 1303/1521/1277 1305/1523/1279 1318/1536/1292
f 799/966/773 800/967/774 802/969/776 1297/1515/1271
f 746/912/720 502/620/446 503/621/447 751/917/725
f 733/897/707 734/898/708 527/1363/475 738/904/712
f 557/684/510 526/648/474 527/649/475 734/1573/708
f 729/892/703 556/683/509 557/684/510 734/1573/708
f 561/1567/515 726/889/700 727/890/701 730/893/704
f 673/824/645 669/820/641 675/826/647 676/827/648
f 444/545/376 445/546/377 419/513/346 654/802/623
f 419/513/346 420/514/347 653/801/622 654/802/623
f 322/398/233 325/401/236 652/800/621 653/801/622
f 420/514/347 321/397/232 322/398/233 653/801/622
f 325/401/236 1350/1574/1324 651/799/620 652/800/621
f 308/378/216 311/381/219 651/799/620 1350/1574/1324
f 301/370/208 302/371/209 308/378/216 1350/1574/1324
f 325/401/236 323/399/234 301/370/208 1350/1574/1324
f 311/381/219 446/548/379 650/798/619 651/799/620
f 446/548/379 225/539/370 444/545/376 650/798/619
f 453/558/388 454/559/389 459/569/396 646/790/614
f 258/490/323 547/673/499 548/674/500 629/770/594
f 605/744/568 606/745/569 624/765/589 625/766/590
f 565/694/520 566/695/521 590/727/551 596/734/558
f 327/403/238 309/379/217 310/380/218 587/723/548
f 417/511/344 1351/1575/1325 583/717/543 584/718/544
f 1352/1576/1326 416/510/343 417/511/344 584/718/544
f 579/713/539 1353/1577/1327 1352/1576/1326 584/718/544
f 579/713/539 580/714/540 303/372/210 1353/1577/1327
f 324/400/235 320/396/231 1352/1576/1326 1353/1577/1327
f 303/372/210 300/369/207 324/400/235 1353/1577/1327
f 320/396/231 321/397/232 416/510/343 1352/1576/1326
f 1354/1578/1328 582/716/542 583/717/543 1351/1575/1325
f 1356/1580/1330 1355/1579/1329 1354/1578/1328 1351/1575/1325
f 417/511/344 418/512/345 1356/1580/1330 1351/1575/1325
f 445/546/377 439/540/371 1355/1579/1329 1356/1580/1330
f 418/512/345 419/513/346 445/546/377 1356/1580/1330
f 434/531/364 430/527/360 1354/1578/1328 1355/1579/1329
f 439/540/371 440/541/372 434/531/364 1355/1579/1329
f 430/527/360 431/528/361 582/716/542 1354/1578/1328
f 431/528/361 574/707/533 581/715/541 582/716/542
f 574/707/533 285/347/187 580/714/540 581/715/541
f 285/347/187 286/348/188 303/372/210 580/714/540
f 573/706/532 428/525/358 426/522/355 575/708/534
f 431/528/361 428/525/358 573/706/532 574/707/533
f 552/679/505 528/650/476 526/648/474 557/684/510
f 550/676/502 528/650/476 552/679/505 553/680/506
f 522/644/470 523/645/471 531/654/480 534/657/483
f 312/382/220 203/377/215 313/383/221 463/574/400
f 377/463/296 378/464/297 410/503/336 411/504/337
f 387/476/309 388/477/310 407/499/332 408/500/333
f 396/486/319 347/427/262 350/430/265 399/489/322
f 346/426/261 347/427/262 396/486/319 397/487/320
f 389/478/311 390/479/312 393/483/316 394/484/317
f 361/443/278 278/338/178 279/339/179 367/449/284
f 328/405/240 315/1015/225 316/392/226 332/409/244
f 300/369/207 301/370/208 323/399/234 324/400/235
f 1358/1584/1334 1362/1583/1333 1371/1582/1332 1357/1581/1331
f 1371/1582/1332 1373/1586/1336 1372/1585/1335 1357/1581/1331
f 1375/1590/1338 1374/1589/1337 1358/1588/1334 1357/1587/1331
f 1363/1594/1342 1376/1593/1341 1368/1592/1340 1359/1591/1339
f 1368/1598/1340 1378/1597/1344 1377/1596/1343 1359/1595/1339
f 1380/1601/1347 1379/1600/1346 1375/1590/1338 1360/1599/1345
f 1375/1590/1338 1357/1587/1331 1372/1602/1335 1360/1599/1345
f 1372/1605/1335 1368/1592/1340 1380/1604/1347 1360/1603/1345
f 1381/1607/1351 1378/1597/1350 1373/1586/1349 1361/1606/1348
f 1383/1609/1353 1382/1608/1352 1381/1607/1351 1361/1606/1348
f 1373/1586/1336 1371/1582/1332 1383/1609/1355 1361/1606/1354
f 1384/1610/1356 1383/1609/1355 1371/1582/1332 1362/1583/1333
f 1358/1614/1334 1369/1613/1357 1384/1612/1356 1362/1611/1333
f 1386/1618/1361 1385/1617/1360 1376/1616/1359 1363/1615/1358
f 1359/1595/1363 1377/1596/1362 1386/1618/1361 1363/1615/1358
f 1380/1604/1347 1368/1592/1340 1376/1593/1341 1364/1619/1364
f 1387/1621/1365 1379/1600/1346 1380/1601/1347 1364/1620/1364
f 1376/1616/1359 1385/1617/1360 1387/1621/1367 1364/1620/1366
f 1390/1625/1371 1389/1624/1370 1388/1623/1369 1365/1622/1368
f 1382/1608/1352 1391/1626/1372 1390/1625/1371 1365/1622/1368
f 1388/1623/1369 1381/1607/1351 1382/1608/1352 1365/1622/1368
f 1367/1630/1376 1392/1629/1375 1370/1628/1374 1366/1627/1373
f 1370/1628/1379 1369/1632/1357 1393/1631/1378 1366/1627/1377
f 1393/1631/1378 1394/1633/1381 1367/1630/1380 1366/1627/1377
f 1394/1633/1383 1395/1634/1382 1392/1629/1375 1367/1630/1376
f 1374/1589/1337 1393/1631/1378 1369/1632/1357 1358/1588/1334
f 1372/1585/1335 1373/1586/1336 1378/1597/1344 1368/1598/1340
f 1370/1628/1374 1392/1629/1375 1396/1635/1385 1369/1632/1384
f 1396/1635/1385 1391/1626/1372 1384/1610/1386 1369/1632/1384
f 1397/1636/1387 1390/1625/1371 1391/1626/1372 1396/1635/1385
f 1392/1629/1375 1395/1634/1382 1397/1636/1387 1396/1635/1385
f 1398/1637/1388 1389/1624/1370 1390/1625/1371 1397/1636/1387
f 1395/1634/1382 1399/1638/1389 1398/1637/1388 1397/1636/1387
f 1395/1634/1392 1394/1633/1381 1400/1639/1391 1399/1638/1390
f 1387/1621/1367 1385/1617/1360 1398/1637/1388 1399/1638/1389
f 1400/1639/1391 1379/1600/1346 1387/1621/1365 1399/1638/1390
f 1394/1633/1381 1393/1631/1378 1374/1589/1337 1400/1639/1391
f 1374/1589/1337 1375/1590/1338 1379/1600/1346 1400/1639/1391
f 1385/1617/1360 1386/1618/1361 1389/1624/1370 1398/1637/1388
f 1382/1608/1352 1383/1609/1353 1384/1610/1386 1391/1626/1372
f 1386/1618/1361 1377/1596/1362 1388/1623/1369 1389/1624/1370
f 1377/1596/1362 1378/1597/1350 1381/1607/1351 1388/1623/1369
f 1411/1643/1396 1410/1642/1395 1409/1641/1394 1401/1640/1393
f 1413/1645/1398 1412/1644/1397 1411/1643/1396 1401/1640/1393
f 1409/1641/1394 1414/1646/1399 1413/1645/1398 1401/1640/1393
f 1417/1650/1403 1416/1649/1402 1415/1648/1401 1402/1647/1400
f 1419/1652/1405 1418/1651/1404 1417/1650/1403 1402/1647/1400
f 1415/1648/1401 1420/1653/1406 1419/1652/1405 1402/1647/1400
f 1423/1657/1410 1422/1656/1409 1421/1655/1408 1403/1654/1407
f 1421/1661/1408 1425/1660/1412 1424/1659/1411 1403/1658/1407
f 1424/1663/1411 1426/1662/1413 1423/1657/1410 1403/1654/1407
f 1428/1666/1416 1426/1662/1413 1427/1665/1415 1404/1664/1414
f 1427/1665/1415 1430/1668/1418 1429/1667/1417 1404/1664/1414
f 1429/1667/1417 1431/1669/1419 1428/1666/1416 1404/1664/1414
f 1434/1673/1423 1433/1672/1422 1432/1671/1421 1405/1670/1420
f 1432/1677/1421 1436/1676/1425 1435/1675/1424 1405/1674/1420
f 1435/1675/1424 1437/1679/1426 1434/1678/1423 1405/1674/1420
f 1440/1683/1430 1439/1682/1429 1438/1681/1428 1406/1680/1427
f 1438/1681/1428 1442/1685/1432 1441/1684/1431 1406/1680/1427
f 1441/1684/1431 1443/1686/1433 1440/1683/1430 1406/1680/1427
f 1446/1690/1437 1445/1689/1436 1444/1688/1435 1407/1687/1434
f 1444/1688/1435 1448/1692/1439 1447/1691/1438 1407/1687/1434
f 1447/1691/1438 1449/1693/1440 1446/1690/1437 1407/1687/1434
f 1452/1697/1444 1451/1696/1443 1450/1695/1442 1408/1694/1441
f 1450/1695/1442 1454/1699/1446 1453/1698/1445 1408/1694/1441
f 1453/1698/1445 1455/1700/1447 1452/1697/1444 1408/1694/1441
f 1457/1702/1449 1456/1701/1448 1452/1697/1444 1455/1700/1447
f 1459/1704/1451 1458/1703/1450 1457/1702/1449 1455/1700/1447
f 1453/1698/1445 1460/1705/1452 1459/1704/1451 1455/1700/1447
f 1453/1698/1445 1454/1699/1446 1461/1706/1453 1460/1705/1452
f 1448/1708/1439 1462/1707/1454 1459/1704/1451 1460/1705/1452
f 1461/1706/1453 1447/1709/1438 1448/1708/1439 1460/1705/1452
f 1463/1710/1455 1458/1703/1450 1459/1704/1451 1462/1707/1454
f 1422/1656/1409 1423/1657/1410 1463/1712/1455 1462/1711/1454
f 1448/1708/1439 1444/1714/1435 1422/1713/1409 1462/1707/1454
f 1428/1666/1416 1431/1669/1419 1458/1715/1450 1463/1712/1455
f 1423/1657/1410 1426/1662/1413 1428/1666/1416 1463/1712/1455
f 1464/1717/1456 1449/1716/1440 1447/1709/1438 1461/1706/1453
f 1454/1699/1446 1465/1718/1457 1464/1717/1456 1461/1706/1453
f 1467/1722/1459 1466/1721/1458 1464/1720/1456 1465/1719/1457
f 1469/1724/1461 1468/1723/1460 1467/1722/1459 1465/1719/1457
f 1454/1699/1446 1450/1695/1442 1469/1725/1461 1465/1718/1457
f 1471/1728/1463 1470/1727/1462 1468/1726/1460 1469/1725/1461
f 1450/1695/1442 1451/1696/1443 1471/1728/1463 1469/1725/1461
f 1472/1730/1464 1437/1729/1426 1470/1727/1462 1471/1728/1463
f 1451/1696/1443 1473/1731/1465 1472/1730/1464 1471/1728/1463
f 1440/1683/1430 1443/1686/1433 1472/1733/1464 1473/1732/1465
f 1456/1734/1448 1439/1682/1429 1440/1683/1430 1473/1732/1465
f 1451/1696/1443 1452/1697/1444 1456/1701/1448 1473/1731/1465
f 1443/1686/1433 1434/1673/1423 1437/1735/1426 1472/1733/1464
f 1418/1651/1404 1419/1652/1405 1468/1723/1460 1470/1736/1462
f 1437/1679/1426 1435/1675/1424 1418/1651/1404 1470/1736/1462
f 1419/1652/1405 1420/1653/1406 1467/1722/1459 1468/1723/1460
f 1420/1653/1406 1412/1644/1397 1466/1721/1458 1467/1722/1459
f 1412/1644/1397 1413/1645/1398 1474/1737/1466 1466/1721/1458
f 1474/1737/1466 1449/1693/1440 1464/1720/1456 1466/1721/1458
f 1413/1645/1398 1414/1646/1399 1475/1738/1467 1474/1737/1466
f 1475/1738/1467 1446/1690/1437 1449/1693/1440 1474/1737/1466
f 1414/1646/1399 1477/1740/1469 1476/1739/1468 1475/1738/1467
f 1476/1739/1468 1445/1689/1436 1446/1690/1437 1475/1738/1467
f 1480/1743/1472 1479/1742/1471 1478/1741/1470 1477/1740/1469
f 1414/1646/1399 1409/1641/1394 1480/1743/1472 1477/1740/1469
f 1478/1741/1470 1425/1744/1412 1476/1739/1468 1477/1740/1469
f 1482/1746/1474 1481/1745/1473 1479/1742/1471 1480/1743/1472
f 1409/1641/1394 1410/1642/1395 1482/1746/1474 1480/1743/1472
f 1484/1748/1476 1483/1747/1475 1481/1745/1473 1482/1746/1474
f 1410/1642/1395 1416/1649/1402 1484/1748/1476 1482/1746/1474
f 1436/1676/1425 1432/1677/1421 1483/1747/1475 1484/1748/1476
f 1416/1649/1402 1417/1650/1403 1436/1676/1425 1484/1748/1476
f 1432/1671/1421 1433/1672/1422 1485/1750/1477 1483/1749/1475
f 1485/1750/1477 1486/1752/1478 1481/1751/1473 1483/1749/1475
f 1485/1750/1477 1442/1685/1432 1487/1753/1479 1486/1752/1478
f 1488/1755/1480 1479/1754/1471 1481/1751/1473 1486/1752/1478
f 1487/1753/1479 1430/1668/1418 1488/1755/1480 1486/1752/1478
f 1489/1757/1481 1478/1756/1470 1479/1754/1471 1488/1755/1480
f 1430/1668/1418 1427/1665/1415 1489/1757/1481 1488/1755/1480
f 1424/1663/1411 1425/1758/1412 1478/1756/1470 1489/1757/1481
f 1427/1665/1415 1426/1662/1413 1424/1663/1411 1489/1757/1481
f 1442/1685/1432 1438/1681/1428 1490/1759/1482 1487/1753/1479
f 1490/1759/1482 1429/1667/1417 1430/1668/1418 1487/1753/1479
f 1438/1681/1428 1439/1682/1429 1491/1760/1483 1490/1759/1482
f 1491/1760/1483 1431/1669/1419 1429/1667/1417 1490/1759/1482
f 1439/1682/1429 1456/1734/1448 1457/1761/1449 1491/1760/1483
f 1457/1761/1449 1458/1715/1450 1431/1669/1419 1491/1760/1483
f 1433/1672/1422 1441/1684/1431 1442/1685/1432 1485/1750/1477
f 1425/1744/1412 1421/1762/1408 1445/1689/1436 1476/1739/1468
f 1421/1766/1408 1422/1765/1409 1444/1764/1435 1445/1763/1436
f 1441/1684/1431 1433/1672/1422 1434/1673/1423 1443/1686/1433
f 1417/1650/1403 1418/1651/1404 1435/1675/1424 1436/1676/1425
f 1415/1648/1401 1411/1643/1396 1412/1644/1397 1420/1653/1406
f 1410/1642/1395 1411/1643/1396 1415/1648/1401 1416/1649/1402
f 1504/1770/85 1503/1769/85 1502/1768/85 1492/1767/85
f 1506/1772/85 1505/1771/85 1504/1770/85 1492/1767/85
f 1502/1768/85 1507/1773/85 1506/1772/85 1492/1767/85
f 1506/1772/85 1507/1773/85 1508/1775/85 1493/1774/85
f 1509/1776/85 1505/1771/85 1506/1772/85 1493/1774/85
f 1508/1775/85 1510/1777/85 1509/1776/85 1493/1774/85
f 1500/1781/85 1496/1780/85 1511/1779/85 1494/1778/85
f 1511/1779/85 1513/1783/85 1512/1782/85 1494/1778/85
f 1512/1787/85 1498/1786/85 1500/1785/85 1494/1784/85
f 1515/1791/85 1510/1790/85 1514/1789/85 1495/1788/85
f 1514/1789/85 1516/1792/85 1500/1785/85 1495/1788/85
f 1500/1785/85 1498/1786/85 1515/1791/85 1495/1788/85
f 1517/1793/85 1503/1769/85 1511/1779/85 1496/1780/85
f 1500/1781/85 1516/1794/85 1517/1793/85 1496/1780/85
f 1518/1796/85 1507/1773/85 1502/1768/85 1497/1795/85
f 1502/1768/85 1503/1769/85 1517/1793/85 1497/1795/85
f 1517/1793/85 1516/1794/85 1518/1796/85 1497/1795/85
f 1512/1787/85 1519/1797/85 1515/1791/85 1498/1786/85
f 1513/1783/85 1504/1770/85 1505/1771/85 1499/1798/85
f 1519/1799/85 1512/1782/85 1513/1783/85 1499/1798/85
f 1505/1771/85 1509/1776/85 1519/1799/85 1499/1798/85
f 1508/1803/85 1507/1802/85 1518/1801/85 1501/1800/85
f 1518/1801/85 1516/1792/85 1514/1789/85 1501/1800/85
f 1514/1789/85 1510/1790/85 1508/1803/85 1501/1800/85
f 1509/1776/85 1510/1777/85 1515/1804/85 1519/1799/85
f 1511/1779/85 1503/1769/85 1504/1770/85 1513/1783/85
f 1528/1808/1486 1532/1807/1485 1521/1806/1484 1520/1805/1484
f 1521/1806/85 1534/1810/85 1533/1809/85 1520/1805/85
f 1533/1814/85 1535/1813/85 1528/1812/85 1520/1811/85
f 1532/1807/1487 1536/1815/1487 1534/1810/1487 1521/1806/1487
f 1532/1807/1485 1528/1808/1486 1537/1817/1489 1522/1816/1488
f 1538/1818/85 1536/1815/85 1532/1807/85 1522/1816/85
f 1537/1817/85 1539/1819/85 1538/1818/85 1522/1816/85
f 1542/1823/85 1541/1822/85 1540/1821/85 1523/1820/85
f 1535/1813/85 1527/1824/85 1542/1823/85 1523/1820/85
f 1540/1821/1491 1528/1812/1486 1535/1813/1490 1523/1820/1490
f 1545/1828/85 1544/1827/85 1543/1826/85 1524/1825/85
f 1525/1832/85 1531/1831/85 1545/1830/85 1524/1829/85
f 1543/1834/1495 1546/1833/1494 1525/1832/1493 1524/1829/1492
f 1548/1838/1497 1530/1837/1496 1547/1836/1496 1525/1835/1493
f 1547/1836/85 1541/1840/85 1531/1839/85 1525/1835/85
f 1546/1833/1494 1526/1842/1498 1548/1841/1497 1525/1832/1493
f 1538/1818/85 1539/1819/85 1548/1838/85 1526/1843/85
f 1546/1844/85 1536/1815/85 1538/1818/85 1526/1843/85
f 1544/1846/85 1545/1845/85 1542/1823/85 1527/1824/85
f 1535/1813/85 1533/1814/85 1544/1846/85 1527/1824/85
f 1540/1848/1491 1549/1847/1499 1537/1817/1489 1528/1808/1486
f 1530/1837/85 1548/1838/85 1539/1819/85 1529/1849/85
f 1549/1847/1500 1547/1836/1496 1530/1837/1496 1529/1849/1500
f 1539/1819/85 1537/1817/85 1549/1847/85 1529/1849/85
f 1541/1822/85 1542/1823/85 1545/1845/85 1531/1850/85
f 1540/1848/1491 1541/1840/1501 1547/1836/1501 1549/1847/1499
f 1543/1826/1495 1534/1810/1502 1536/1815/1502 1546/1844/1494
f 1533/1809/1503 1534/1810/1503 1543/1826/1503 1544/1827/1503
f 1560/1854/1507 1559/1853/1506 1558/1852/1505 1550/1851/1504
f 1562/1856/1509 1561/1855/1508 1560/1854/1507 1550/1851/1504
f 1558/1852/1511 1563/1857/1510 1562/1856/1509 1550/1851/1504
f 1566/1861/1515 1565/1860/1514 1564/1859/1513 1551/1858/1512
f 1568/1863/1517 1567/1862/1516 1566/1861/1515 1551/1858/1512
f 1564/1859/1513 1569/1864/1518 1568/1863/1517 1551/1858/1512
f 1572/1868/1522 1571/1867/1521 1570/1866/1520 1552/1865/1519
f 1574/1872/1524 1573/1871/1523 1572/1870/1522 1552/1869/1519
f 1570/1876/1520 1575/1875/1525 1574/1874/1524 1552/1873/1519
f 1578/1880/1529 1577/1879/1528 1576/1878/1527 1553/1877/1526
f 1576/1878/1527 1580/1882/1531 1579/1881/1530 1553/1877/1526
f 1579/1886/1530 1581/1885/1532 1578/1884/1529 1553/1883/1526
f 1583/1889/1535 1573/1871/1523 1582/1888/1534 1554/1887/1533
f 1582/1888/1534 1585/1891/1537 1584/1890/1536 1554/1887/1533
f 1584/1890/1536 1581/1892/1532 1583/1889/1535 1554/1887/1533
f 1588/1896/1541 1587/1895/1540 1586/1894/1539 1555/1893/1538
f 1590/1898/1543 1589/1897/1542 1588/1896/1541 1555/1893/1538
f 1586/1894/1539 1591/1899/1544 1590/1898/1543 1555/1893/1538
f 1558/1903/1505 1559/1902/1506 1592/1901/1546 1556/1900/1545
f 1593/1907/1547 1563/1906/1510 1558/1905/1511 1556/1904/1545
f 1592/1911/1546 1594/1910/1548 1593/1909/1547 1556/1908/1545
f 1597/1915/1552 1596/1914/1551 1595/1913/1550 1557/1912/1549
f 1599/1917/1554 1598/1916/1553 1597/1915/1552 1557/1912/1549
f 1595/1913/1550 1600/1918/1555 1599/1917/1554 1557/1912/1549
f 1602/1920/1557 1601/1919/1556 1565/1860/1514 1600/1918/1555
f 1595/1913/1550 1603/1921/1558 1602/1920/1557 1600/1918/1555
f 1565/1860/1514 1566/1861/1515 1599/1917/1554 1600/1918/1555
f 1605/1924/1560 1604/1923/1559 1591/1899/1544 1603/1922/1558
f 1595/1926/1550 1596/1925/1551 1605/1924/1560 1603/1922/1558
f 1591/1899/1544 1586/1894/1539 1602/1927/1557 1603/1922/1558
f 1571/1867/1521 1606/1928/1561 1604/1923/1559 1605/1924/1560
f 1596/1925/1551 1570/1866/1520 1571/1867/1521 1605/1924/1560
f 1607/1929/1562 1579/1881/1530 1580/1882/1531 1606/1928/1561
f 1571/1867/1521 1572/1868/1522 1607/1929/1562 1606/1928/1561
f 1580/1882/1531 1608/1930/1563 1604/1923/1559 1606/1928/1561
f 1580/1882/1531 1576/1878/1527 1609/1931/1564 1608/1930/1563
f 1590/1898/1543 1591/1899/1544 1604/1923/1559 1608/1930/1563
f 1609/1931/1564 1589/1897/1542 1590/1898/1543 1608/1930/1563
f 1576/1878/1527 1577/1879/1528 1610/1932/1565 1609/1931/1564
f 1610/1932/1565 1611/1933/1566 1589/1897/1542 1609/1931/1564
f 1610/1932/1565 1594/1934/1548 1592/1901/1546 1611/1933/1566
f 1612/1935/1567 1588/1896/1541 1589/1897/1542 1611/1933/1566
f 1592/1901/1546 1559/1902/1506 1612/1935/1567 1611/1933/1566
f 1613/1936/1568 1587/1895/1540 1588/1896/1541 1612/1935/1567
f 1559/1902/1506 1560/1937/1507 1613/1936/1568 1612/1935/1567
f 1614/1939/1569 1601/1938/1556 1587/1895/1540 1613/1936/1568
f 1560/1854/1507 1561/1855/1508 1614/1941/1569 1613/1940/1568
f 1564/1859/1513 1565/1860/1514 1601/1919/1556 1614/1941/1569
f 1561/1855/1508 1569/1864/1518 1564/1859/1513 1614/1941/1569
f 1577/1945/1528 1615/1944/1570 1594/1943/1548 1610/1942/1565
f 1618/1949/1573 1617/1948/1572 1616/1947/1571 1615/1946/1570
f 1577/1951/1528 1578/1950/1529 1618/1949/1573 1615/1946/1570
f 1616/1947/1571 1593/1907/1547 1594/1952/1548 1615/1946/1570
f 1584/1890/1536 1585/1891/1537 1617/1948/1572 1618/1949/1573
f 1578/1950/1529 1581/1892/1532 1584/1890/1536 1618/1949/1573
f 1585/1891/1537 1620/1954/1575 1619/1953/1574 1617/1948/1572
f 1619/1953/1574 1621/1955/1576 1616/1947/1571 1617/1948/1572
f 1619/1953/1574 1623/1957/1578 1622/1956/1577 1621/1955/1576
f 1563/1906/1510 1593/1907/1547 1616/1947/1571 1621/1955/1576
f 1622/1956/1577 1562/1958/1509 1563/1906/1510 1621/1955/1576
f 1624/1960/1579 1567/1862/1516 1568/1863/1517 1623/1959/1578
f 1619/1953/1574 1620/1954/1575 1624/1961/1579 1623/1957/1578
f 1568/1863/1517 1569/1864/1518 1622/1962/1577 1623/1959/1578
f 1625/1963/1580 1598/1916/1553 1567/1862/1516 1624/1960/1579
f 1620/1954/1575 1626/1965/1581 1625/1964/1580 1624/1961/1579
f 1574/1872/1524 1575/1966/1525 1625/1964/1580 1626/1965/1581
f 1582/1888/1534 1573/1871/1523 1574/1872/1524 1626/1965/1581
f 1620/1954/1575 1585/1891/1537 1582/1888/1534 1626/1965/1581
f 1575/1875/1525 1597/1915/1552 1598/1916/1553 1625/1963/1580
f 1569/1864/1518 1561/1855/1508 1562/1856/1509 1622/1962/1577
f 1583/1968/1535 1581/1967/1532 1579/1881/1530 1607/1929/1562
f 1572/1868/1522 1573/1969/1523 1583/1968/1535 1607/1929/1562
f 1586/1894/1539 1587/1895/1540 1601/1938/1556 1602/1927/1557
f 1566/1861/1515 1567/1862/1516 1598/1916/1553 1599/1917/1554
f 1575/1875/1525 1570/1876/1520 1596/1914/1551 1597/1915/1552
f 1642/1973/1585 1641/1972/1584 1640/1971/1583 1627/1970/1582
f 1640/1971/1583 1644/1975/1587 1643/1974/1586 1627/1970/1582
f 1643/1974/1591 1645/1976/1590 1642/1973/1589 1627/1970/1588
f 1648/1980/1595 1647/1979/1594 1646/1978/1593 1628/1977/1592
f 1646/1984/1593 1650/1983/1597 1649/1982/1596 1628/1981/1592
f 1649/1988/1596 1651/1987/1598 1648/1986/1595 1628/1985/1592
f 1654/1992/1602 1653/1991/1601 1652/1990/1600 1629/1989/1599
f 1656/1996/1606 1655/1995/1605 1654/1994/1604 1629/1993/1603
f 1652/1998/1600 1657/1997/1608 1656/1996/1607 1629/1993/1599
f 1659/2002/1612 1637/2001/1611 1658/2000/1610 1630/1999/1609
f 1647/2005/1594 1661/2004/1614 1660/2003/1613 1630/1999/1609
f 1660/2003/1613 1633/2006/1615 1659/2002/1612 1630/1999/1609
f 1662/2008/1617 1648/1986/1595 1651/1987/1598 1631/2007/1616
f 1651/1987/1598 1645/1976/1590 1632/2009/1618 1631/2007/1616
f 1632/2009/1618 1663/2010/1620 1662/2008/1619 1631/2007/1616
f 1664/2012/1622 1634/2011/1621 1663/2010/1620 1632/2009/1618
f 1665/2014/1626 1638/2013/1625 1659/2002/1624 1633/2006/1623
f 1635/2017/1629 1667/2016/1628 1666/2015/1627 1633/2006/1623
f 1666/2015/1627 1668/2018/1630 1665/2014/1626 1633/2006/1623
f 1660/2003/1613 1639/2019/1632 1635/2017/1631 1633/2006/1615
f 1664/2012/1622 1666/2015/1627 1667/2016/1628 1634/2011/1621
f 1667/2016/1634 1669/2020/1633 1663/2010/1620 1634/2011/1621
f 1639/2019/1635 1669/2020/1635 1667/2016/1628 1635/2017/1629
f 1637/2001/1611 1659/2002/1612 1638/2013/1636 1636/2021/1636
f 1657/2025/1608 1652/2024/1600 1670/2023/1638 1636/2022/1637
f 1638/2013/1625 1665/2014/1626 1657/1997/1640 1636/2021/1639
f 1660/2003/1613 1661/2004/1614 1669/2020/1641 1639/2019/1632
f 1671/2029/1642 1630/2028/1609 1658/2027/1610 1670/2026/1638
f 1652/2024/1600 1653/2031/1601 1671/2030/1642 1670/2023/1638
f 1646/1978/1593 1647/1979/1594 1630/2028/1609 1671/2029/1642
f 1653/2031/1601 1650/1983/1597 1646/1984/1593 1671/2030/1642
f 1661/2004/1643 1662/2008/1619 1663/2010/1620 1669/2020/1633
f 1656/1996/1606 1657/1997/1640 1665/2014/1626 1668/2018/1630
f 1672/2032/1644 1655/1995/1605 1656/1996/1606 1668/2018/1630
f 1666/2015/1627 1664/2012/1622 1672/2032/1644 1668/2018/1630
f 1644/1975/1587 1640/1971/1583 1655/1995/1605 1672/2032/1644
f 1664/2012/1622 1632/2009/1618 1644/1975/1587 1672/2032/1644
f 1661/2004/1614 1647/2005/1594 1648/1986/1595 1662/2008/1617
f 1640/1971/1583 1641/1972/1584 1654/1994/1604 1655/1995/1605
f 1641/2034/1645 1650/2033/1597 1653/1991/1601 1654/1992/1602
f 1649/1988/1646 1642/1973/1589 1645/1976/1590 1651/1987/1598
f 1641/2034/1645 1642/2036/1647 1649/2035/1596 1650/2033/1597
f 1645/1976/1590 1643/1974/1591 1644/1975/1587 1632/2009/1618
f 1670/2023/85 1658/2038/85 1637/2037/85 1636/2022/85
f 1683/2042/1651 1682/2041/1650 1681/2040/1649 1673/2039/1648
f 1685/2044/1653 1684/2043/1652 1683/2042/1651 1673/2039/1648
f 1681/2040/1649 1686/2045/1654 1685/2044/1653 1673/2039/1648
f 1689/2049/1658 1688/2048/1657 1687/2047/1656 1674/2046/1655
f 1691/2051/1660 1690/2050/1659 1689/2049/1658 1674/2046/1655
f 1687/2047/1656 1692/2052/1661 1691/2051/1660 1674/2046/1655
f 1695/2056/1665 1694/2055/1664 1693/2054/1663 1675/2053/1662
f 1693/2054/1663 1697/2058/1667 1696/2057/1666 1675/2053/1662
f 1696/2057/1666 1698/2059/1668 1695/2056/1665 1675/2053/1662
f 1701/2063/1672 1700/2062/1671 1699/2061/1670 1676/2060/1669
f 1699/2061/1670 1703/2065/1674 1702/2064/1673 1676/2060/1669
f 1702/2064/1673 1704/2066/1675 1701/2063/1672 1676/2060/1669
f 1707/2070/1679 1706/2069/1678 1705/2068/1677 1677/2067/1676
f 1709/2074/1681 1708/2073/1680 1707/2072/1679 1677/2071/1676
f 1705/2076/1677 1710/2075/1682 1709/2074/1681 1677/2071/1676
f 1713/2080/1686 1712/2079/1685 1711/2078/1684 1678/2077/1683
f 1711/2084/1684 1715/2083/1688 1714/2082/1687 1678/2081/1683
f 1714/2086/1687 1716/2085/1689 1713/2080/1686 1678/2077/1683
f 1719/2090/1693 1718/2089/1692 1717/2088/1691 1679/2087/1690
f 1717/2094/1691 1721/2093/1695 1720/2092/1694 1679/2091/1690
f 1720/2098/1694 1722/2097/1696 1719/2096/1693 1679/2095/1690
f 1725/2102/1700 1724/2101/1699 1723/2100/1698 1680/2099/1697
f 1723/2100/1698 1727/2104/1702 1726/2103/1701 1680/2099/1697
f 1726/2103/1701 1728/2105/1703 1725/2102/1700 1680/2099/1697
f 1731/2109/1706 1730/2108/1705 1729/2107/1704 1728/2106/1703
f 1726/2103/1701 1732/2111/1707 1731/2110/1706 1728/2105/1703
f 1729/2107/1704 1733/2113/1708 1725/2112/1700 1728/2106/1703
f 1729/2107/1704 1735/2115/1710 1734/2114/1709 1733/2113/1708
f 1700/2062/1671 1724/2116/1699 1725/2112/1700 1733/2113/1708
f 1734/2114/1709 1699/2061/1670 1700/2062/1671 1733/2113/1708
f 1684/2043/1652 1685/2044/1653 1736/2118/1711 1735/2117/1710
f 1729/2107/1704 1730/2108/1705 1684/2119/1652 1735/2115/1710
f 1736/2121/1711 1737/2120/1712 1734/2114/1709 1735/2115/1710
f 1736/2121/1711 1739/2123/1714 1738/2122/1713 1737/2120/1712
f 1703/2065/1674 1699/2061/1670 1734/2114/1709 1737/2120/1712
f 1738/2122/1713 1740/2124/1715 1703/2065/1674 1737/2120/1712
f 1738/2122/1713 1694/2125/1664 1712/2079/1685 1740/2124/1715
f 1741/2126/1716 1702/2064/1673 1703/2065/1674 1740/2124/1715
f 1712/2079/1685 1713/2080/1686 1741/2126/1716 1740/2124/1715
f 1742/2127/1717 1704/2066/1675 1702/2064/1673 1741/2126/1716
f 1713/2080/1686 1716/2085/1689 1742/2127/1717 1741/2126/1716
f 1744/2129/1719 1743/2128/1718 1704/2066/1675 1742/2127/1717
f 1716/2133/1689 1745/2132/1720 1744/2131/1719 1742/2130/1717
f 1716/2133/1689 1714/2135/1687 1746/2134/1721 1745/2132/1720
f 1747/2136/1722 1688/2048/1657 1744/2131/1719 1745/2132/1720
f 1746/2134/1721 1708/2073/1680 1747/2136/1722 1745/2132/1720
f 1748/2137/1723 1687/2047/1656 1688/2048/1657 1747/2136/1722
f 1708/2073/1680 1709/2074/1681 1748/2137/1723 1747/2136/1722
f 1749/2138/1724 1692/2052/1661 1687/2047/1656 1748/2137/1723
f 1709/2074/1681 1710/2075/1682 1749/2138/1724 1748/2137/1723
f 1751/2140/1726 1750/2139/1725 1692/2052/1661 1749/2138/1724
f 1710/2075/1682 1752/2141/1727 1751/2140/1726 1749/2138/1724
f 1717/2088/1691 1718/2089/1692 1751/2140/1726 1752/2141/1727
f 1753/2143/1728 1721/2142/1695 1717/2088/1691 1752/2141/1727
f 1710/2075/1682 1705/2076/1677 1753/2143/1728 1752/2141/1727
f 1755/2147/1730 1754/2146/1729 1721/2145/1695 1753/2144/1728
f 1705/2149/1677 1706/2148/1678 1755/2147/1730 1753/2144/1728
f 1757/2151/1732 1756/2150/1731 1754/2146/1729 1755/2147/1730
f 1706/2148/1678 1758/2152/1733 1757/2151/1732 1755/2147/1730
f 1706/2148/1678 1707/2154/1679 1759/2153/1734 1758/2152/1733
f 1698/2059/1668 1696/2057/1666 1757/2151/1732 1758/2152/1733
f 1759/2153/1734 1715/2083/1688 1698/2059/1668 1758/2152/1733
f 1707/2072/1679 1708/2073/1680 1746/2134/1721 1759/2155/1734
f 1746/2159/1721 1714/2158/1687 1715/2157/1688 1759/2156/1734
f 1696/2057/1666 1697/2058/1667 1756/2150/1731 1757/2151/1732
f 1681/2040/1649 1682/2041/1650 1754/2146/1729 1756/2150/1731
f 1697/2058/1667 1686/2045/1654 1681/2040/1649 1756/2150/1731
f 1682/2041/1650 1720/2160/1694 1721/2145/1695 1754/2146/1729
f 1718/2089/1692 1732/2111/1707 1750/2139/1725 1751/2140/1726
f 1727/2104/1702 1691/2051/1660 1692/2052/1661 1750/2139/1725
f 1732/2111/1707 1726/2103/1701 1727/2104/1702 1750/2139/1725
f 1688/2048/1657 1689/2049/1658 1743/2161/1718 1744/2131/1719
f 1760/2162/1735 1701/2063/1672 1704/2066/1675 1743/2128/1718
f 1689/2049/1658 1690/2050/1659 1760/2163/1735 1743/2161/1718
f 1724/2116/1699 1700/2062/1671 1701/2063/1672 1760/2162/1735
f 1690/2050/1659 1723/2100/1698 1724/2101/1699 1760/2163/1735
f 1686/2045/1654 1697/2058/1667 1693/2054/1663 1739/2164/1714
f 1736/2118/1711 1685/2044/1653 1686/2045/1654 1739/2164/1714
f 1693/2054/1663 1694/2055/1664 1738/2165/1713 1739/2164/1714
f 1718/2089/1692 1719/2090/1693 1731/2110/1706 1732/2111/1707
f 1719/2090/1693 1722/2167/1696 1730/2166/1705 1731/2110/1706
f 1722/2169/1696 1683/2042/1651 1684/2043/1652 1730/2168/1705
f 1723/2100/1698 1690/2050/1659 1691/2051/1660 1727/2104/1702
f 1720/2160/1694 1682/2041/1650 1683/2042/1651 1722/2169/1696
f 1711/2084/1684 1695/2056/1665 1698/2059/1668 1715/2083/1688
f 1694/2055/1664 1695/2056/1665 1711/2084/1684 1712/2170/1685
f 1766/2174/1738 1774/2173/1737 1777/2172/1736 1761/2171/1736
f 1772/2176/85 1767/2175/85 1766/2174/85 1761/2171/85
f 1780/2180/1741 1779/2179/1741 1778/2178/1740 1762/2177/1739
f 1778/2178/1740 1781/2182/1743 1777/2181/1742 1762/2177/1739
f 1777/2181/1744 1774/2183/1744 1780/2180/1744 1762/2177/1744
f 1772/2176/85 1761/2171/85 1773/2185/85 1763/2184/85
f 1773/2185/85 1782/2187/85 1768/2186/85 1763/2184/85
f 1768/2186/85 1767/2175/85 1772/2176/85 1763/2184/85
f 1783/2189/1745 1781/2182/1743 1778/2178/1740 1764/2188/1745
f 1778/2178/85 1779/2179/85 1784/2190/85 1764/2188/85
f 1784/2190/85 1776/2191/85 1783/2189/85 1764/2188/85
f 1771/2195/85 1782/2194/85 1773/2193/85 1765/2192/85
f 1783/2189/1746 1776/2191/1746 1771/2195/1746 1765/2192/1746
f 1773/2193/85 1781/2182/85 1783/2189/85 1765/2192/85
f 1767/2175/1748 1785/2196/1747 1774/2173/1737 1766/2174/1738
f 1786/2198/1750 1775/2197/1749 1785/2196/1747 1767/2175/1748
f 1768/2186/85 1782/2187/85 1786/2198/85 1767/2175/85
f 1770/2200/85 1784/2190/85 1779/2179/85 1769/2199/85
f 1779/2179/85 1780/2180/85 1787/2201/85 1769/2199/85
f 1787/2201/85 1788/2202/85 1770/2200/85 1769/2199/85
f 1788/2202/1751 1776/2191/1751 1784/2190/1751 1770/2200/1751
f 1776/2191/85 1786/2203/85 1782/2194/85 1771/2195/85
f 1777/2172/1742 1781/2204/1743 1773/2185/1752 1761/2171/1752
f 1785/2205/1747 1787/2201/1754 1780/2180/1753 1774/2183/1737
f 1786/2203/85 1776/2191/85 1788/2202/85 1775/2206/85
f 1788/2202/1755 1787/2201/1754 1785/2205/1747 1775/2206/1749
f 1799/2210/1759 1798/2209/1758 1797/2208/1757 1789/2207/1756
f 1797/2214/1757 1801/2213/1761 1800/2212/1760 1789/2211/1756
f 1800/2212/1760 1802/2216/1762 1799/2215/1759 1789/2211/1756
f 1805/2220/1766 1804/2219/1765 1803/2218/1764 1790/2217/1763
f 1807/2222/1768 1806/2221/1767 1805/2220/1766 1790/2217/1763
f 1803/2218/1764 1808/2223/1769 1807/2222/1768 1790/2217/1763
f 1811/2227/1773 1810/2226/1772 1809/2225/1771 1791/2224/1770
f 1813/2229/1775 1812/2228/1774 1811/2227/1773 1791/2224/1770
f 1809/2233/1771 1814/2232/1776 1813/2231/1775 1791/2230/1770
f 1815/2235/1778 1814/2232/1776 1809/2233/1771 1792/2234/1777
f 1809/2225/1771 1810/2226/1772 1816/2237/1779 1792/2236/1777
f 1816/2239/1779 1817/2238/1780 1815/2235/1778 1792/2234/1777
f 1820/2243/1784 1819/2242/1783 1818/2241/1782 1793/2240/1781
f 1822/2245/1786 1821/2244/1785 1820/2243/1784 1793/2240/1781
f 1818/2249/1782 1823/2248/1787 1822/2247/1786 1793/2246/1781
f 1826/2253/1791 1825/2252/1790 1824/2251/1789 1794/2250/1788
f 1824/2251/1789 1828/2255/1793 1827/2254/1792 1794/2250/1788
f 1827/2254/1792 1829/2256/1794 1826/2253/1791 1794/2250/1788
f 1832/2260/1798 1831/2259/1797 1830/2258/1796 1795/2257/1795
f 1830/2264/1796 1834/2263/1800 1833/2262/1799 1795/2261/1795
f 1833/2266/1799 1835/2265/1801 1832/2260/1798 1795/2257/1795
f 1838/2270/1805 1837/2269/1804 1836/2268/1803 1796/2267/1802
f 1836/2268/1803 1840/2272/1807 1839/2271/1806 1796/2267/1802
f 1839/2271/1806 1841/2273/1808 1838/2270/1805 1796/2267/1802
f 1833/2262/1799 1834/2263/1800 1842/2275/1809 1841/2274/1808
f 1839/2271/1806 1835/2265/1801 1833/2266/1799 1841/2273/1808
f 1842/2277/1809 1843/2276/1810 1838/2270/1805 1841/2273/1808
f 1842/2275/1809 1844/2279/1811 1821/2244/1785 1843/2278/1810
f 1845/2280/1812 1837/2269/1804 1838/2270/1805 1843/2276/1810
f 1821/2282/1785 1822/2281/1786 1845/2280/1812 1843/2276/1810
f 1847/2284/1814 1846/2283/1813 1837/2269/1804 1845/2280/1812
f 1822/2281/1786 1823/2285/1787 1847/2284/1814 1845/2280/1812
f 1849/2287/1816 1848/2286/1815 1846/2283/1813 1847/2284/1814
f 1823/2285/1787 1850/2288/1817 1849/2287/1816 1847/2284/1814
f 1851/2290/1818 1812/2228/1774 1813/2229/1775 1850/2289/1817
f 1823/2292/1787 1818/2291/1782 1851/2290/1818 1850/2289/1817
f 1813/2231/1775 1814/2232/1776 1849/2287/1816 1850/2288/1817
f 1853/2294/1820 1852/2293/1819 1812/2228/1774 1851/2290/1818
f 1818/2241/1782 1819/2242/1783 1853/2296/1820 1851/2295/1818
f 1855/2298/1822 1854/2297/1821 1852/2293/1819 1853/2294/1820
f 1819/2242/1783 1856/2300/1823 1855/2299/1822 1853/2296/1820
f 1803/2218/1764 1804/2219/1765 1855/2299/1822 1856/2300/1823
f 1857/2301/1824 1808/2223/1769 1803/2218/1764 1856/2300/1823
f 1819/2242/1783 1820/2243/1784 1857/2301/1824 1856/2300/1823
f 1844/2279/1811 1858/2302/1825 1808/2223/1769 1857/2301/1824
f 1820/2243/1784 1821/2244/1785 1844/2279/1811 1857/2301/1824
f 1859/2303/1826 1807/2222/1768 1808/2223/1769 1858/2302/1825
f 1834/2263/1800 1830/2264/1796 1859/2303/1826 1858/2302/1825
f 1844/2279/1811 1842/2275/1809 1834/2263/1800 1858/2302/1825
f 1860/2304/1827 1806/2221/1767 1807/2222/1768 1859/2303/1826
f 1830/2264/1796 1831/2305/1797 1860/2304/1827 1859/2303/1826
f 1831/2305/1797 1862/2307/1829 1861/2306/1828 1860/2304/1827
f 1861/2306/1828 1863/2308/1830 1806/2221/1767 1860/2304/1827
f 1861/2306/1828 1829/2309/1794 1802/2216/1762 1863/2308/1830
f 1864/2310/1831 1805/2220/1766 1806/2221/1767 1863/2308/1830
f 1802/2216/1762 1800/2212/1760 1864/2310/1831 1863/2308/1830
f 1865/2311/1832 1804/2219/1765 1805/2220/1766 1864/2310/1831
f 1800/2212/1760 1801/2213/1761 1865/2311/1832 1864/2310/1831
f 1854/2312/1821 1855/2299/1822 1804/2219/1765 1865/2311/1832
f 1801/2315/1761 1866/2314/1833 1854/2297/1821 1865/2313/1832
f 1801/2315/1761 1797/2208/1757 1867/2316/1834 1866/2314/1833
f 1868/2317/1835 1852/2293/1819 1854/2297/1821 1866/2314/1833
f 1867/2316/1834 1869/2318/1836 1868/2317/1835 1866/2314/1833
f 1867/2316/1834 1871/2320/1838 1870/2319/1837 1869/2318/1836
f 1810/2226/1772 1811/2227/1773 1868/2317/1835 1869/2318/1836
f 1870/2319/1837 1816/2237/1779 1810/2226/1772 1869/2318/1836
f 1798/2323/1758 1828/2255/1793 1872/2322/1839 1871/2321/1838
f 1867/2316/1834 1797/2208/1757 1798/2209/1758 1871/2320/1838
f 1872/2322/1839 1873/2325/1840 1870/2324/1837 1871/2321/1838
f 1872/2322/1839 1875/2327/1842 1874/2326/1841 1873/2325/1840
f 1817/2238/1780 1816/2239/1779 1870/2324/1837 1873/2325/1840
f 1874/2326/1841 1876/2328/1843 1817/2238/1780 1873/2325/1840
f 1874/2326/1841 1878/2330/1845 1877/2329/1844 1876/2328/1843
f 1848/2286/1815 1815/2235/1778 1817/2238/1780 1876/2328/1843
f 1877/2329/1844 1846/2283/1813 1848/2286/1815 1876/2328/1843
f 1880/2332/1847 1879/2331/1846 1840/2272/1807 1878/2330/1845
f 1874/2326/1841 1875/2327/1842 1880/2332/1847 1878/2330/1845
f 1840/2272/1807 1836/2268/1803 1877/2329/1844 1878/2330/1845
f 1825/2252/1790 1881/2333/1848 1879/2331/1846 1880/2332/1847
f 1875/2327/1842 1824/2251/1789 1825/2252/1790 1880/2332/1847
f 1862/2334/1829 1831/2259/1797 1832/2260/1798 1881/2333/1848
f 1825/2252/1790 1826/2253/1791 1862/2334/1829 1881/2333/1848
f 1832/2260/1798 1835/2265/1801 1879/2331/1846 1881/2333/1848
f 1835/2265/1801 1839/2271/1806 1840/2272/1807 1879/2331/1846
f 1836/2268/1803 1837/2269/1804 1846/2283/1813 1877/2329/1844
f 1872/2322/1839 1828/2255/1793 1824/2251/1789 1875/2327/1842
f 1811/2227/1773 1812/2228/1774 1852/2293/1819 1868/2317/1835
f 1826/2335/1791 1829/2309/1794 1861/2306/1828 1862/2307/1829
f 1814/2232/1776 1815/2235/1778 1848/2286/1815 1849/2287/1816
f 1827/2336/1792 1799/2215/1759 1802/2216/1762 1829/2309/1794
f 1798/2323/1758 1799/2337/1759 1827/2254/1792 1828/2255/1793

