# WaveFront *.obj file (generated by Cinema 4D)

mtllib ./entityCreatorOne_0031.mtl

v -0.527658 -0.256077 -0.135998
v -0.522152 -0.257335 -0.143913
v -0.512376 -0.261205 -0.144169
v -0.513137 -0.262115 -0.106841
v -0.503649 -0.268631 -0.132933
v -0.502871 -0.262297 -0.114364
v -0.508165 -0.271141 -0.112447
v -0.525184 -0.259216 -0.115874
v -0.526811 -0.257643 -0.137707
v -0.525301 -0.256478 -0.140501
v -0.525923 -0.254780 -0.137141
v -0.527833 -0.256255 -0.131971
v -0.527417 -0.259128 -0.132794
v -0.526023 -0.254598 -0.131892
v -0.523366 -0.258386 -0.142634
v -0.520038 -0.260591 -0.143618
v -0.519225 -0.258261 -0.144684
v -0.518744 -0.256510 -0.142739
v -0.522505 -0.255644 -0.142074
v -0.511668 -0.263584 -0.142875
v -0.508303 -0.263413 -0.140650
v -0.510708 -0.260571 -0.142103
v -0.515470 -0.259994 -0.144720
v -0.515683 -0.262275 -0.143812
v -0.514362 -0.258073 -0.142842
v -0.515485 -0.263258 -0.107536
v -0.517658 -0.260074 -0.109339
v -0.513644 -0.260157 -0.108410
v -0.510194 -0.263857 -0.107072
v -0.512292 -0.265663 -0.107665
v -0.509542 -0.261029 -0.108823
v -0.506045 -0.269119 -0.134103
v -0.505315 -0.270708 -0.128692
v -0.502706 -0.268868 -0.128829
v -0.503996 -0.266208 -0.134830
v -0.506894 -0.266731 -0.137902
v -0.502282 -0.266127 -0.129759
v -0.505367 -0.260366 -0.113357
v -0.505354 -0.259265 -0.118302
v -0.502476 -0.261956 -0.118448
v -0.501592 -0.265372 -0.117622
v -0.502929 -0.264355 -0.113079
v -0.505614 -0.262978 -0.110227
v -0.510966 -0.269691 -0.111160
v -0.508730 -0.268239 -0.109057
v -0.506089 -0.269678 -0.111949
v -0.508386 -0.271621 -0.116259
v -0.512518 -0.270851 -0.115421
v -0.504961 -0.270928 -0.116445
v -0.526457 -0.258080 -0.120046
v -0.524464 -0.256371 -0.119193
v -0.523061 -0.258024 -0.114336
v -0.523968 -0.261390 -0.115010
v -0.525879 -0.261289 -0.120177
v -0.521243 -0.261051 -0.111422
v -0.518494 -0.264093 -0.110207
v -0.521130 -0.265031 -0.114501
v -0.519187 -0.257515 -0.112921
v -0.520438 -0.255155 -0.118547
v -0.515275 -0.255523 -0.118093
v -0.514450 -0.257357 -0.112397
v -0.509956 -0.256711 -0.118181
v -0.509501 -0.258728 -0.112461
v -0.510693 -0.255994 -0.124982
v -0.505950 -0.258574 -0.124904
v -0.516187 -0.254175 -0.125140
v -0.517129 -0.254209 -0.132188
v -0.511762 -0.255844 -0.132177
v -0.521449 -0.254082 -0.125212
v -0.522139 -0.253573 -0.132138
v -0.522591 -0.254384 -0.137933
v -0.517957 -0.254841 -0.138446
v -0.525442 -0.254917 -0.125574
v -0.527495 -0.257280 -0.125952
v -0.526992 -0.260141 -0.126608
v -0.524379 -0.263933 -0.127255
v -0.524751 -0.262153 -0.133899
v -0.523099 -0.264657 -0.120510
v -0.518839 -0.268334 -0.120948
v -0.519978 -0.267113 -0.128008
v -0.517062 -0.268127 -0.114793
v -0.513792 -0.270639 -0.121627
v -0.514783 -0.267487 -0.110130
v -0.508902 -0.271908 -0.122099
v -0.509573 -0.270841 -0.128781
v -0.514793 -0.269854 -0.128488
v -0.510293 -0.269187 -0.134863
v -0.515376 -0.267710 -0.135122
v -0.520584 -0.265476 -0.134683
v -0.515731 -0.265254 -0.140381
v -0.520463 -0.262914 -0.140197
v -0.524486 -0.260433 -0.139176
v -0.510881 -0.266353 -0.139752
v -0.504856 -0.271029 -0.122487
v -0.502207 -0.269058 -0.122842
v -0.502580 -0.268344 -0.116943
v -0.503987 -0.267465 -0.112018
v -0.501477 -0.265655 -0.123687
v -0.502701 -0.262193 -0.124401
v -0.503793 -0.262340 -0.130960
v -0.505680 -0.263017 -0.136556
v -0.507083 -0.258915 -0.131699
v -0.508719 -0.259468 -0.137829
v -0.513083 -0.256822 -0.138353
v -0.506797 -0.265553 -0.108896
v -0.255837 -0.307180 -0.059821
v -0.293527 -0.009557 -0.123413
v -0.240737 -0.307224 -0.070578
v -0.273448 -0.020415 -0.077172
v -0.277700 -0.001465 -0.063616
v -0.281963 0.002737 -0.046051
v -0.202444 -0.232799 -0.133220
v -0.263851 -0.013942 -0.061171
v -0.265046 -0.011539 -0.042981
v -0.177766 -0.231699 -0.144541
v -0.217041 -0.221806 -0.025041
v -0.216403 -0.158806 -0.030872
v -0.214150 -0.206030 -0.031802
v -0.073808 -0.200305 -0.180493
v -0.019585 -0.041948 -0.232451
v -0.400584 0.068827 -0.051418
v -0.386721 0.069073 -0.064964
v -0.278815 0.083541 -0.128794
v -0.273566 0.052029 -0.071776
v -0.277918 0.033865 -0.061016
v -0.282032 0.031966 -0.045690
v -0.263753 0.034477 -0.058646
v -0.115612 0.246118 -0.161738
v -0.199366 0.120850 -0.036328
v -0.188334 0.108993 -0.009268
v -0.112627 0.136252 -0.192959
v -0.085383 0.260000 -0.171455
v -0.075786 0.277449 -0.062416
v -0.058701 0.268838 -0.067059
v -0.004561 0.014188 -0.233744
v -0.116402 0.300172 -0.137247
v -0.106172 0.308773 -0.138860
v -0.264102 -0.320644 0.047659
v -0.232687 -0.284017 0.061854
v -0.160756 -0.281550 -0.000807
v -0.079848 -0.166462 0.047798
v -0.037098 -0.134138 0.055404
v 0.038647 -0.224316 0.024167
v -0.019990 -0.074891 0.063589
v 0.031822 -0.180112 0.047315
v -0.354740 0.054598 0.018040
v -0.388242 0.059926 0.029754
v -0.270507 0.045106 0.010287
v -0.213368 0.045917 0.022218
v -0.153456 0.051738 0.046330
v -0.122373 0.056355 0.057222
v -0.116738 0.063358 0.057364
v -0.129921 0.312846 0.062592
v -0.105355 -0.029049 0.061932
v -0.103069 0.083145 0.054815
v -0.123700 0.303512 0.060322
v -0.075664 0.190179 0.048084
v -0.038834 0.177715 0.047372
v -0.109145 0.319751 -0.003484
v -0.131614 0.355061 0.008060
v 0.109869 -0.302827 -0.134918
v 0.022994 -0.045386 -0.231958
v 0.046796 -0.269721 -0.066121
v 0.069535 -0.261826 -0.173415
v 0.109647 -0.153401 -0.192511
v 0.069527 -0.280924 -0.064807
v 0.102522 -0.261951 -0.161539
v 0.081541 -0.283645 -0.048059
v 0.198607 -0.121237 -0.033987
v 0.083232 -0.284975 -0.044867
v 0.254168 -0.098064 -0.122191
v 0.265400 -0.035233 -0.056502
v 0.276531 -0.052049 -0.068925
v 0.279739 -0.034517 -0.058185
v 0.283387 -0.032910 -0.042500
v 0.389090 -0.071864 -0.062145
v 0.403349 -0.071977 -0.049760
v 0.011777 0.030393 -0.232096
v 0.100123 0.214007 -0.159606
v 0.217383 0.205974 -0.027906
v 0.216119 0.177111 -0.031072
v 0.223041 0.227985 -0.035312
v 0.186745 0.216004 -0.136819
v 0.224049 0.251256 -0.095579
v 0.206702 0.244787 -0.113102
v 0.264421 0.011927 -0.059809
v 0.265762 0.008889 -0.041262
v 0.273563 0.019302 -0.075781
v 0.278411 0.000284 -0.061509
v 0.282698 -0.004571 -0.043148
v 0.241597 0.293174 -0.063774
v 0.293296 0.011345 -0.123013
v 0.248918 0.289182 -0.054249
v 0.256253 0.301211 -0.046315
v 0.133401 -0.353281 0.018712
v 0.139757 -0.333490 0.061011
v 0.020232 -0.236131 -0.010900
v 0.052041 -0.196434 0.046398
v 0.064397 -0.180314 0.048920
v 0.111053 0.034480 0.058712
v 0.125942 -0.302698 0.063852
v 0.126714 -0.011344 0.054312
v 0.226433 -0.034594 0.024456
v 0.145037 -0.031982 0.047475
v 0.277255 -0.046752 0.016635
v 0.346985 -0.056953 0.031582
v 0.383147 -0.056308 0.061841
v 0.383655 -0.052135 0.059930
v 0.444261 -0.077760 0.040554
v 0.442629 -0.075880 0.039317
v -0.014642 0.206865 0.018916
v -0.001650 0.121387 0.057237
v -0.031059 0.207409 0.028008
v -0.033724 0.160135 0.052489
v 0.087020 0.174065 0.043369
v 0.146952 0.272975 -0.013810
v 0.346839 -0.029501 0.020124
v 0.085486 0.104898 0.059692
v -0.244295 -0.300620 -0.073926
v -0.245534 -0.284931 -0.073493
v -0.180505 -0.208099 -0.155834
v -0.136087 -0.096495 -0.196267
v -0.192438 0.015383 -0.192344
v -0.257030 0.054518 -0.031230
v -0.122208 0.038761 -0.207232
v -0.072290 0.270026 -0.031761
v -0.061414 0.267539 -0.162915
v -0.097797 0.284158 -0.158380
v -0.019796 0.112745 -0.210688
v -0.106764 0.320549 -0.028677
v -0.251897 -0.307509 0.056477
v -0.148270 -0.120825 0.061195
v -0.103912 -0.120479 0.066282
v -0.089756 -0.140507 0.060969
v -0.290865 0.049868 0.001529
v -0.232595 0.016460 0.025507
v -0.139301 0.039130 0.052960
v -0.041458 0.156913 0.054052
v 0.084014 -0.273064 -0.166065
v 0.096017 -0.305673 -0.038609
v 0.026166 -0.136658 -0.209453
v 0.052621 -0.268815 -0.161352
v 0.070721 -0.275094 -0.028035
v 0.133492 -0.030762 -0.209993
v 0.195645 -0.008173 -0.196418
v 0.258984 -0.054618 -0.028250
v 0.119776 0.099317 -0.195672
v 0.208489 0.225546 -0.120812
v 0.228598 0.268532 -0.088562
v 0.236724 0.278772 -0.076562
v 0.095150 -0.299316 0.003691
v 0.019730 -0.157271 0.052189
v 0.072141 -0.078798 0.055958
v 0.293524 -0.051666 0.007628
v 0.101762 0.146032 0.057009
v 0.139655 0.151648 0.062702
v 0.139379 0.129273 0.060997
v -0.263270 -0.318215 -0.048009
v -0.260586 -0.321235 -0.048044
v -0.253509 -0.312942 -0.059964
v -0.266325 -0.313434 -0.041057
v -0.269921 -0.323075 -0.035249
v -0.233190 -0.284466 -0.089287
v -0.260512 -0.299628 -0.046296
v -0.262380 -0.038642 -0.136507
v -0.248078 -0.030490 -0.159113
v -0.277552 -0.003455 -0.152699
v -0.304608 0.016888 -0.150562
v -0.319798 0.013357 -0.126317
v -0.285936 -0.020881 -0.102865
v -0.265436 -0.044214 -0.115616
v -0.318261 0.003198 -0.093709
v -0.303519 -0.005816 -0.082400
v -0.337471 0.016925 -0.099672
v -0.252166 -0.320961 -0.050173
v -0.221384 -0.287503 -0.094142
v -0.226172 -0.307990 -0.071154
v -0.206926 -0.291047 -0.094328
v -0.240935 -0.320966 -0.049387
v -0.262950 -0.036086 -0.079693
v -0.264504 -0.043753 -0.096784
v -0.278890 -0.023612 -0.087652
v -0.290333 -0.007757 -0.071555
v -0.299129 -0.000001 -0.052356
v -0.305405 0.002786 -0.032177
v -0.284300 -0.005561 -0.027304
v -0.264148 -0.022071 -0.023345
v -0.267101 0.027458 -0.044359
v -0.217137 -0.260310 -0.111554
v -0.200973 -0.263544 -0.118418
v -0.216534 -0.230023 -0.121426
v -0.228941 -0.257291 -0.100353
v -0.195258 -0.205395 -0.148787
v -0.208923 -0.202099 -0.137609
v -0.249418 -0.055235 -0.061036
v -0.249886 -0.064697 -0.081582
v -0.248378 -0.050516 -0.040255
v -0.245637 -0.049816 -0.020059
v -0.183807 -0.270488 -0.117629
v -0.156141 -0.247316 -0.140621
v -0.120654 -0.224229 -0.161105
v -0.145721 -0.203727 -0.166573
v -0.166422 -0.184703 -0.168438
v -0.220105 -0.227421 -0.028932
v -0.217636 -0.218028 -0.035755
v -0.215147 -0.214466 -0.028426
v -0.217492 -0.221295 -0.017707
v -0.222439 -0.232246 -0.018938
v -0.214428 -0.209352 -0.020629
v -0.213063 -0.182949 -0.016928
v -0.213508 -0.196826 -0.026991
v -0.215369 -0.186765 -0.038363
v -0.218447 -0.184485 -0.055322
v -0.220557 -0.156984 -0.055807
v -0.223657 -0.120541 -0.034909
v -0.219570 -0.112787 -0.012996
v -0.213085 -0.144957 -0.008099
v -0.226747 -0.124388 -0.058206
v -0.210916 -0.172236 -0.000846
v -0.215881 -0.204814 -0.039762
v -0.115657 -0.171274 -0.184264
v -0.105257 -0.243847 -0.149729
v -0.065119 -0.233208 -0.162944
v -0.047871 -0.157658 -0.199802
v -0.091219 -0.130913 -0.200494
v -0.023030 -0.028957 -0.232650
v -0.040249 -0.034381 -0.229653
v -0.028377 -0.052079 -0.229680
v -0.006763 -0.044714 -0.232667
v -0.006798 -0.028961 -0.233824
v -0.009537 -0.061932 -0.229728
v -0.403412 0.066015 -0.054158
v -0.390968 0.064863 -0.074842
v -0.407488 0.070460 -0.034726
v -0.412864 0.067683 -0.034252
v -0.396517 0.071135 -0.038713
v -0.370568 0.070150 -0.064316
v -0.381905 0.070867 -0.039079
v -0.376565 0.064040 -0.099638
v -0.369604 0.068070 -0.094552
v -0.356029 0.070191 -0.090964
v -0.338771 0.058641 -0.168996
v -0.334766 0.055928 -0.171292
v -0.331377 0.058256 -0.173879
v -0.334828 0.060663 -0.170004
v -0.306571 0.075445 -0.135135
v -0.294131 0.073426 -0.156747
v -0.266225 0.082546 -0.155874
v -0.304286 0.074017 -0.103650
v -0.323493 0.072862 -0.111284
v -0.234364 0.099224 -0.158664
v -0.244592 0.102849 -0.136347
v -0.246089 0.100664 -0.114253
v -0.270448 0.082454 -0.106609
v -0.290532 0.070290 -0.091361
v -0.291101 0.051807 -0.065678
v -0.280355 0.062322 -0.079708
v -0.261963 0.060671 -0.073246
v -0.264687 0.074528 -0.088919
v -0.299310 0.049053 -0.048181
v -0.282897 0.047807 -0.028987
v -0.305217 0.052521 -0.030002
v -0.244993 0.081247 -0.072671
v -0.247690 0.065752 -0.052102
v -0.141988 0.236353 -0.147975
v -0.145062 0.194322 -0.163938
v -0.113354 0.195455 -0.178745
v -0.078856 0.201975 -0.188732
v -0.087431 0.236354 -0.178543
v -0.104136 0.273682 -0.159009
v -0.129448 0.283978 -0.134969
v -0.145343 0.272455 -0.126410
v -0.224742 0.092450 -0.045790
v -0.224929 0.106051 -0.069789
v -0.204910 0.133484 -0.065268
v -0.189526 0.163593 -0.061450
v -0.182995 0.154551 -0.037481
v -0.171313 0.150289 -0.016347
v -0.181711 0.125528 -0.015047
v -0.203268 0.098207 -0.016846
v -0.081544 0.278811 -0.049677
v -0.078260 0.276448 -0.053607
v -0.076287 0.273829 -0.047686
v -0.079704 0.276791 -0.043023
v -0.168777 0.122505 0.002370
v -0.180826 0.103169 0.003772
v -0.198581 0.085559 0.001821
v -0.075585 0.085688 -0.209716
v -0.059811 0.159700 -0.199060
v -0.156360 0.150362 -0.174440
v -0.068643 0.233663 -0.184235
v -0.063823 0.248732 -0.177501
v -0.084530 0.277503 -0.162632
v -0.072971 0.279023 -0.069996
v -0.071055 0.272670 -0.057529
v -0.080906 0.280771 -0.058677
v -0.082264 0.286064 -0.065739
v -0.034835 0.258163 -0.069969
v -0.033268 0.250651 -0.048498
v -0.054213 0.260691 -0.047818
v -0.069169 0.269159 -0.046343
v -0.072836 0.284345 -0.083333
v -0.056906 0.274240 -0.087671
v -0.035612 0.264339 -0.091673
v -0.006052 0.003310 -0.234018
v 0.009066 0.003163 -0.233938
v 0.005941 0.016873 -0.233662
v -0.013488 0.021031 -0.232505
v -0.021527 0.007028 -0.232473
v -0.000399 0.028365 -0.232388
v -0.129294 0.322631 -0.109631
v -0.138897 0.312510 -0.108415
v -0.113826 0.316206 -0.126979
v -0.122907 0.330642 -0.105440
v -0.103476 0.298019 -0.147866
v -0.092186 0.294433 -0.150380
v -0.099998 0.308350 -0.136989
v -0.108537 0.320248 -0.121039
v -0.288563 -0.338949 0.034743
v -0.287651 -0.340334 0.033163
v -0.289594 -0.340573 0.030635
v -0.289478 -0.338555 0.031361
v -0.275323 -0.331180 0.040929
v -0.279336 -0.329059 0.040314
v -0.270998 -0.319422 0.044664
v -0.260409 -0.326608 0.040776
v -0.271385 -0.334115 0.035342
v -0.251710 -0.313040 0.052802
v -0.248157 -0.317969 0.045809
v -0.262814 -0.307613 0.048913
v -0.257611 -0.308757 0.053794
v -0.243968 -0.298301 0.059351
v -0.248883 -0.296126 0.057524
v -0.237685 -0.280614 0.060164
v -0.227247 -0.288393 0.059570
v -0.240201 -0.302505 0.056610
v -0.219298 -0.266065 0.063661
v -0.213198 -0.271022 0.061508
v -0.225065 -0.262001 0.061767
v -0.167395 -0.288667 -0.006443
v -0.176312 -0.290489 0.006487
v -0.164653 -0.279417 0.009295
v -0.150298 -0.274545 -0.005870
v -0.154658 -0.282449 -0.017676
v -0.150941 -0.267999 0.007383
v -0.073925 -0.191102 0.029774
v -0.099701 -0.203147 0.030881
v -0.107009 -0.186535 0.046206
v -0.044952 -0.164375 0.043702
v -0.045448 -0.187501 0.027748
v -0.118786 -0.172986 0.056706
v -0.100071 -0.154942 0.058208
v -0.071927 -0.139310 0.057844
v -0.080177 -0.118597 0.063588
v -0.054949 -0.102016 0.062889
v -0.004119 -0.115208 0.058604
v -0.008042 -0.153199 0.050595
v -0.016592 -0.171984 0.040901
v 0.010362 -0.141161 0.054549
v 0.048414 -0.236665 0.019843
v 0.038042 -0.236604 0.006978
v 0.027382 -0.220245 0.018811
v 0.024712 -0.206871 0.030350
v 0.040320 -0.217539 0.032147
v 0.054463 -0.232586 0.030857
v 0.028742 -0.076747 0.061279
v 0.030965 -0.111957 0.057306
v -0.006266 -0.032089 0.066506
v 0.032111 -0.041313 0.064671
v 0.026561 -0.193806 0.040206
v 0.006588 -0.182306 0.039986
v 0.012110 -0.167626 0.048194
v 0.044692 -0.208096 0.040426
v 0.037429 -0.164253 0.051292
v -0.437473 0.074599 0.035945
v -0.436482 0.075604 0.036763
v -0.436231 0.074788 0.039445
v -0.435990 0.073736 0.037396
v -0.343301 0.057748 0.004060
v -0.315031 0.052343 0.002506
v -0.313429 0.047043 0.013096
v -0.378327 0.063708 0.019285
v -0.366468 0.064117 0.004095
v -0.394649 0.065861 0.030500
v -0.311970 0.035560 0.016686
v -0.346970 0.043148 0.018478
v -0.376381 0.049706 0.022090
v -0.405790 0.066807 0.037968
v -0.404474 0.067952 0.037061
v -0.412587 0.069754 0.040621
v -0.410781 0.070643 0.038053
v -0.286334 0.051571 -0.011238
v -0.259748 0.054456 -0.007674
v -0.224795 0.065948 -0.001390
v -0.273690 0.027623 0.018059
v -0.186230 0.074385 0.020163
v -0.164724 0.069893 0.035012
v -0.174525 0.049082 0.037938
v -0.166103 0.027889 0.044926
v -0.191951 0.022844 0.035747
v -0.146708 0.065675 0.045628
v -0.132598 0.058700 0.053082
v -0.122101 0.071850 0.053342
v -0.117302 0.046366 0.058616
v -0.105744 0.060609 0.059185
v -0.120617 0.290754 0.057587
v -0.128185 0.295245 0.058097
v -0.137249 0.316766 0.061549
v -0.138095 0.329592 0.065895
v -0.133694 0.327325 0.066622
v -0.136320 0.300481 0.055588
v -0.131053 0.330185 0.064306
v -0.126271 0.318538 0.060735
v -0.120311 0.305946 0.057483
v -0.146881 -0.038009 0.054369
v -0.158935 -0.001287 0.049458
v -0.126315 0.009558 0.057438
v -0.112829 -0.073510 0.063475
v -0.144913 -0.078231 0.057861
v -0.101760 0.027602 0.061750
v -0.077536 0.004541 0.064903
v -0.062772 -0.049937 0.065312
v -0.081900 -0.082349 0.065193
v -0.043614 -0.014840 0.066733
v -0.090504 0.109897 0.052613
v -0.065678 0.100103 0.058599
v -0.075203 0.073453 0.060859
v -0.085509 0.049007 0.062668
v -0.135632 0.081650 0.044932
v -0.122206 0.098692 0.044574
v -0.111052 0.121135 0.043547
v -0.114383 0.290374 0.054462
v -0.078426 0.161271 0.049639
v -0.099151 0.170549 0.043188
v -0.098457 0.197417 0.044149
v -0.103787 0.225010 0.046217
v -0.088614 0.222829 0.047287
v -0.076657 0.227214 0.043437
v -0.060527 0.201767 0.044484
v -0.052964 0.168296 0.051542
v -0.057152 0.149512 0.054003
v -0.051790 0.212706 0.036413
v -0.033035 0.195319 0.037492
v -0.011252 0.184953 0.035647
v -0.014779 0.164480 0.047061
v -0.021913 0.146937 0.053960
v -0.162647 0.389580 0.016562
v -0.163794 0.387313 0.013904
v -0.163064 0.388996 0.010640
v -0.161144 0.389806 0.012437
v -0.103096 0.312293 -0.020717
v -0.095374 0.298132 -0.015471
v -0.098433 0.299615 0.002158
v -0.101290 0.298038 0.020786
v -0.111386 0.316604 0.020832
v -0.120288 0.338050 0.002466
v -0.118881 0.340450 -0.021900
v -0.111384 0.328073 -0.024165
v -0.120926 0.333352 0.024902
v -0.139795 0.367864 -0.001678
v -0.134695 0.362228 -0.025960
v -0.127171 0.352584 -0.021586
v -0.129871 0.346867 0.031117
v -0.137410 0.355179 0.040571
v -0.140636 0.363691 0.026505
v -0.145731 0.373296 0.016485
v -0.135452 0.334712 0.068511
v -0.137983 0.337211 0.068018
v -0.136995 0.340437 0.067688
v -0.134510 0.337397 0.066914
v 0.100521 -0.307728 -0.131062
v 0.112187 -0.325316 -0.108762
v 0.121045 -0.322801 -0.111210
v 0.096234 -0.282834 -0.154821
v 0.086771 -0.290070 -0.150394
v 0.130716 -0.317233 -0.111320
v 0.119795 -0.292069 -0.136236
v 0.009689 -0.046218 -0.232581
v 0.012585 -0.064382 -0.229219
v 0.032462 -0.057421 -0.229051
v 0.045287 -0.040452 -0.229089
v 0.026825 -0.032617 -0.232465
v 0.009919 -0.030140 -0.233633
v 0.040493 -0.273577 -0.088908
v 0.013997 -0.263370 -0.089580
v 0.016874 -0.257513 -0.065465
v 0.017853 -0.248204 -0.039794
v 0.044825 -0.261638 -0.042775
v 0.064787 -0.272988 -0.044029
v 0.064972 -0.276301 -0.057729
v 0.064045 -0.281186 -0.072856
v 0.060710 -0.284353 -0.087530
v 0.052898 -0.249491 -0.176609
v 0.073664 -0.274111 -0.164553
v 0.080769 -0.258645 -0.172628
v 0.065467 -0.235039 -0.182255
v 0.065917 -0.180269 -0.195228
v 0.088170 -0.221700 -0.180025
v 0.117605 -0.207202 -0.173970
v 0.072395 -0.111575 -0.210578
v 0.145601 -0.201738 -0.161501
v 0.151401 -0.160492 -0.175665
v 0.139768 -0.105680 -0.198625
v 0.104283 -0.075735 -0.211898
v 0.171759 -0.122386 -0.183801
v 0.077425 -0.285901 -0.062402
v 0.076445 -0.289503 -0.070978
v 0.076121 -0.281973 -0.055030
v 0.134383 -0.282075 -0.131816
v 0.125424 -0.248513 -0.154399
v 0.076268 -0.280156 -0.046736
v 0.079771 -0.282308 -0.039830
v 0.082866 -0.286411 -0.051992
v 0.086111 -0.288950 -0.046907
v 0.181305 -0.155963 -0.034504
v 0.168178 -0.151987 -0.013470
v 0.179223 -0.125899 -0.012518
v 0.204774 -0.134334 -0.063455
v 0.188587 -0.165070 -0.058768
v 0.225682 -0.092373 -0.043742
v 0.226081 -0.106393 -0.068710
v 0.086207 -0.289666 -0.039331
v 0.224503 -0.124933 -0.120080
v 0.226609 -0.117153 -0.094149
v 0.249685 -0.092661 -0.094343
v 0.237828 -0.105597 -0.150673
v 0.213095 -0.130157 -0.145159
v 0.269831 -0.073664 -0.086970
v 0.279798 -0.080322 -0.103466
v 0.278585 -0.087036 -0.136643
v 0.262348 -0.089661 -0.158485
v 0.296683 -0.079445 -0.116123
v 0.264953 -0.060661 -0.071209
v 0.247468 -0.081173 -0.071646
v 0.249362 -0.066013 -0.050068
v 0.268427 -0.028648 -0.041907
v 0.293915 -0.051961 -0.061743
v 0.284626 -0.061929 -0.076167
v 0.300956 -0.049757 -0.044091
v 0.284323 -0.048632 -0.025196
v 0.306048 -0.053422 -0.025393
v 0.328613 -0.061718 -0.188308
v 0.332148 -0.063534 -0.185042
v 0.334835 -0.061505 -0.184542
v 0.330468 -0.059316 -0.186736
v 0.372428 -0.071392 -0.090605
v 0.358838 -0.072395 -0.085666
v 0.372471 -0.072249 -0.060152
v 0.394736 -0.068792 -0.072910
v 0.380199 -0.068165 -0.096961
v 0.382667 -0.072618 -0.035570
v 0.398032 -0.073573 -0.036432
v 0.407211 -0.069535 -0.053031
v 0.409863 -0.073138 -0.033436
v 0.416637 -0.071073 -0.033738
v 0.019572 0.020353 -0.232512
v 0.033942 0.028045 -0.229453
v 0.015961 0.041275 -0.229328
v -0.005976 0.043122 -0.229164
v 0.081180 0.172568 -0.183443
v 0.127684 0.153793 -0.178982
v 0.141760 0.195455 -0.159973
v 0.047010 0.218780 -0.169574
v 0.033367 0.189517 -0.187105
v 0.089119 0.240087 -0.140788
v 0.048873 0.238631 -0.151117
v 0.140413 0.240183 -0.134943
v 0.124872 0.253492 -0.123175
v 0.164860 0.227240 -0.138379
v 0.217727 0.201238 -0.037298
v 0.216239 0.197368 -0.019753
v 0.219803 0.217841 -0.027005
v 0.220336 0.217571 -0.036968
v 0.219696 0.214979 -0.015659
v 0.218346 0.142985 -0.034885
v 0.214590 0.134824 -0.013505
v 0.212726 0.164820 -0.009892
v 0.218648 0.177718 -0.054068
v 0.220944 0.148047 -0.057009
v 0.214391 0.189577 -0.004479
v 0.224083 0.230386 -0.027024
v 0.229272 0.241692 -0.030760
v 0.226083 0.233874 -0.041139
v 0.222432 0.220718 -0.048093
v 0.172827 0.183855 -0.154973
v 0.194341 0.175605 -0.146605
v 0.200670 0.204704 -0.133490
v 0.188301 0.254087 -0.115077
v 0.216767 0.224436 -0.110854
v 0.221399 0.218812 -0.098415
v 0.227954 0.242287 -0.084539
v 0.222284 0.272140 -0.090314
v 0.209031 0.277617 -0.091048
v 0.249607 0.051618 -0.060910
v 0.249429 0.062073 -0.081461
v 0.262872 0.034519 -0.078913
v 0.248793 0.045899 -0.040099
v 0.264564 0.018085 -0.021284
v 0.246168 0.044631 -0.019952
v 0.285069 0.002617 -0.023243
v 0.263843 0.042975 -0.096133
v 0.278760 0.023157 -0.086361
v 0.290657 0.007068 -0.069195
v 0.299911 -0.001211 -0.048589
v 0.306584 -0.005036 -0.026286
v 0.237523 0.271264 -0.074385
v 0.253118 0.311197 -0.041463
v 0.242775 0.312561 -0.042888
v 0.227863 0.296956 -0.066244
v 0.253901 0.303207 -0.049350
v 0.260635 0.311721 -0.036343
v 0.318748 -0.002116 -0.091573
v 0.303846 0.005998 -0.080005
v 0.285594 0.021342 -0.101709
v 0.320411 -0.011162 -0.126161
v 0.338410 -0.015176 -0.097973
v 0.264272 0.044660 -0.115248
v 0.260787 0.040367 -0.136432
v 0.246337 0.033741 -0.160038
v 0.277366 0.006548 -0.153871
v 0.305161 -0.013999 -0.152270
v 0.258860 0.298301 -0.034051
v 0.262266 0.307501 -0.033832
v 0.246016 0.276526 -0.049576
v 0.253901 0.286627 -0.031058
v 0.142372 -0.368221 0.010524
v 0.137882 -0.365870 -0.010506
v 0.129268 -0.354739 -0.007444
v 0.119715 -0.341633 -0.008439
v 0.120868 -0.336973 0.014207
v 0.120725 -0.328776 0.033370
v 0.130731 -0.341470 0.038372
v 0.142612 -0.358863 0.033312
v 0.148351 -0.370308 0.024498
v 0.135678 -0.329944 0.061031
v 0.135986 -0.322163 0.063338
v 0.141268 -0.328032 0.060964
v 0.142105 -0.339771 0.056558
v 0.136648 -0.338296 0.054962
v 0.145588 -0.335572 0.056092
v 0.162895 -0.387112 0.010164
v 0.160832 -0.387753 0.011460
v 0.162144 -0.387483 0.015964
v 0.163516 -0.385343 0.013786
v 0.048234 -0.256650 -0.020706
v -0.011675 -0.239731 -0.038825
v -0.012150 -0.226343 -0.013513
v 0.009038 -0.215253 0.011466
v -0.016430 -0.209107 0.008722
v 0.055859 -0.255334 -0.001285
v 0.063156 -0.147506 0.050475
v 0.089317 -0.153723 0.043938
v 0.089891 -0.182813 0.044243
v 0.080265 -0.211498 0.048506
v 0.068686 -0.218635 0.046238
v 0.096726 -0.210810 0.046129
v 0.083285 0.003925 0.063135
v 0.053532 0.021230 0.065285
v 0.070450 0.057311 0.062757
v 0.122186 0.086773 0.059284
v 0.099339 -0.017682 0.060447
v 0.151960 0.039447 0.050748
v 0.162313 0.000280 0.045633
v 0.152788 0.080732 0.053504
v 0.124156 -0.307235 0.062343
v 0.118057 -0.295015 0.059772
v 0.122753 -0.292999 0.061843
v 0.130476 -0.306893 0.063953
v 0.130195 -0.315368 0.063543
v 0.128936 -0.294830 0.061121
v 0.173301 -0.031558 0.039349
v 0.115518 -0.039211 0.054504
v 0.101005 -0.033424 0.059394
v 0.134966 -0.050982 0.046982
v 0.187139 -0.066922 0.022110
v 0.159388 -0.058605 0.036383
v 0.229575 -0.061847 0.001406
v 0.199317 -0.082049 0.004046
v 0.197391 0.007457 0.035383
v 0.263507 -0.054268 -0.003560
v 0.288843 -0.042079 0.026739
v 0.288258 -0.052428 -0.006354
v 0.313090 -0.045095 0.032203
v 0.313177 -0.051262 0.023667
v 0.314680 -0.054572 0.010157
v 0.339828 -0.049757 0.040059
v 0.339866 -0.059774 0.012455
v 0.361061 -0.052995 0.050242
v 0.368732 -0.058831 0.046690
v 0.375359 -0.055346 0.058019
v 0.373811 -0.051616 0.057918
v 0.383429 -0.054338 0.061777
v 0.389317 -0.058926 0.060831
v 0.382033 -0.059449 0.056193
v 0.391491 -0.056579 0.061339
v 0.375938 -0.048910 0.055150
v 0.383095 -0.048140 0.050674
v 0.390031 -0.053162 0.057982
v 0.442681 -0.077124 0.041152
v 0.443720 -0.077248 0.038051
v 0.441451 -0.077659 0.038370
v 0.438453 -0.073391 0.041703
v 0.437429 -0.070488 0.035486
v 0.441336 -0.073693 0.032522
v 0.441879 -0.076085 0.031064
v 0.437904 -0.075599 0.043267
v 0.016950 0.196610 0.019522
v 0.016921 0.174975 0.036212
v -0.010141 0.221392 -0.003156
v 0.017395 0.213364 -0.001013
v -0.037950 0.226443 0.012191
v -0.034070 0.234808 -0.006621
v -0.045677 0.221214 0.025610
v -0.005694 0.082787 0.062976
v -0.037879 0.090924 0.061832
v -0.034201 0.120159 0.058556
v 0.011717 0.150265 0.048602
v -0.038341 0.143022 0.055831
v 0.040353 0.109286 0.058652
v 0.031316 0.070706 0.063374
v 0.045656 0.142136 0.050568
v 0.049490 0.170599 0.038742
v 0.047780 0.193582 0.021590
v 0.078563 0.198440 0.024604
v 0.105395 0.212526 0.025949
v 0.114925 0.197961 0.042054
v 0.111290 0.165560 0.054588
v 0.080107 0.141181 0.053639
v 0.129273 0.187595 0.053358
v 0.134814 0.266006 -0.018547
v 0.138267 0.272583 -0.031844
v 0.153567 0.279535 -0.020475
v 0.152198 0.271808 -0.002751
v 0.136732 0.260402 -0.003899
v 0.164767 0.282513 -0.006669
v 0.371213 -0.034411 0.012404
v 0.384485 -0.042812 0.031428
v 0.369557 -0.040971 0.038369
v 0.361424 -0.043263 0.046199
v 0.339359 -0.035880 0.035158
v 0.310577 -0.027477 0.028168
v 0.313325 -0.018650 0.015204
v 0.311184 -0.010201 -0.004462
v 0.337342 -0.019163 -0.005886
v 0.360252 -0.025810 -0.011311
v 0.284763 0.336835 0.046614
v 0.283956 0.338054 0.044664
v 0.286001 0.338671 0.042913
v 0.285914 0.336577 0.044092
v 0.113396 0.133645 0.060615
v -0.244877 -0.271676 -0.068073
v -0.255776 -0.286942 -0.045024
v -0.187235 -0.176371 -0.161820
v -0.160575 -0.038774 -0.197126
v -0.198581 -0.054250 -0.181336
v -0.181675 -0.098567 -0.180252
v -0.181020 -0.140817 -0.172533
v -0.150315 -0.148883 -0.182375
v -0.063808 -0.096428 -0.214037
v -0.094464 -0.064599 -0.212850
v -0.113150 -0.019274 -0.211322
v -0.225628 -0.015040 -0.177966
v -0.246432 0.029842 -0.183146
v -0.260972 0.009358 -0.172118
v -0.156509 0.087635 -0.193191
v -0.204664 0.061348 -0.187986
v -0.247423 0.054808 -0.182663
v -0.227377 0.077878 -0.023571
v -0.071339 0.023369 -0.221201
v -0.046768 0.052929 -0.221839
v -0.073600 -0.013028 -0.222519
v -0.071714 0.266221 -0.011519
v -0.085032 0.282289 -0.012607
v -0.084675 0.283507 -0.029596
v -0.085745 0.284608 -0.042642
v -0.053937 0.255671 -0.028993
v -0.054468 0.249957 -0.009261
v -0.078956 0.289585 -0.147000
v -0.048478 0.271219 -0.147686
v -0.069021 0.287371 -0.136462
v -0.029045 0.246813 -0.170119
v -0.020618 0.256237 -0.153957
v -0.038659 0.230324 -0.183304
v -0.012258 0.068118 -0.222436
v 0.012277 0.155074 -0.200449
v -0.027202 0.185054 -0.196227
v -0.104722 0.318730 -0.041395
v -0.099901 0.308685 -0.036219
v -0.109798 0.328345 -0.043419
v -0.119082 -0.106411 0.064953
v -0.118208 -0.127675 0.065844
v -0.138206 -0.143839 0.064375
v -0.172245 -0.119735 0.052261
v -0.171515 -0.082744 0.048942
v -0.096401 -0.106383 0.066005
v -0.096441 -0.129827 0.064615
v -0.111173 -0.142236 0.063663
v -0.310729 0.054093 -0.012035
v -0.246577 -0.002573 0.020448
v -0.279061 0.012830 0.015203
v -0.196086 -0.006154 0.037446
v -0.218933 -0.025320 0.027304
v 0.094939 -0.304708 -0.046393
v 0.091380 -0.297471 -0.042542
v 0.092545 -0.299726 -0.033388
v 0.098820 -0.311288 -0.036139
v 0.098022 -0.311924 -0.048554
v 0.095590 -0.304694 -0.024664
v -0.025292 -0.119580 -0.213347
v -0.000335 -0.178825 -0.198142
v 0.038598 -0.206503 -0.191238
v 0.018064 -0.091779 -0.222388
v -0.015124 -0.085966 -0.223429
v 0.048424 -0.078925 -0.222263
v 0.074772 -0.290564 -0.143769
v 0.043085 -0.275383 -0.144458
v 0.066427 -0.291920 -0.132246
v 0.016656 -0.249840 -0.167387
v 0.012523 -0.261546 -0.150552
v 0.022662 -0.230240 -0.181979
v 0.084825 -0.289273 -0.028594
v 0.073618 -0.274414 -0.008047
v 0.087678 -0.292282 -0.013987
v 0.111147 0.022637 -0.212465
v 0.073589 0.012535 -0.222951
v 0.082394 -0.022433 -0.222302
v 0.070394 -0.054519 -0.222539
v 0.155440 0.043197 -0.198219
v 0.171675 -0.069757 -0.199827
v 0.213004 -0.049656 -0.196146
v 0.248941 -0.023807 -0.189082
v 0.261550 -0.004881 -0.175426
v 0.224841 0.019805 -0.179952
v 0.251923 -0.046869 -0.193129
v 0.193260 0.058424 -0.182043
v 0.229210 -0.076692 -0.021087
v 0.062686 0.130388 -0.200014
v 0.036905 0.092827 -0.213240
v 0.080536 0.064514 -0.212624
v 0.170760 0.102272 -0.179177
v 0.166652 0.145917 -0.169458
v 0.236898 0.261354 -0.067705
v 0.097287 -0.293282 0.026060
v 0.109732 -0.312630 0.029214
v 0.109217 -0.319940 0.009703
v 0.101497 -0.313648 -0.015972
v 0.110339 -0.327509 -0.011154
v 0.078941 -0.275164 0.009965
v 0.083419 -0.271877 0.026886
v 0.035284 -0.140978 0.054235
v 0.098871 -0.058469 0.055135
v 0.119831 -0.072517 0.046212
v 0.103120 -0.095975 0.045858
v 0.093366 -0.124711 0.044432
v 0.064787 -0.115750 0.052819
v 0.065279 -0.045878 0.062214
v 0.087848 -0.041789 0.060379
v 0.085444 -0.027086 0.062624
v 0.310925 -0.055609 -0.006422
v 0.126712 0.156722 0.060391
v 0.152814 0.170439 0.063223
v 0.160619 0.159042 0.062418
v 0.173176 0.151229 0.057639
v 0.160802 0.118763 0.056019
v 0.185215 0.148055 0.049789
v 0.178384 0.115653 0.047591
v 0.176530 0.080918 0.044960
v 0.192026 0.117238 0.036454
v 0.193955 0.084700 0.033670
v 0.202589 0.052301 0.030510
v 0.181905 0.044327 0.041159
v 0.219216 0.021022 0.026644
v 0.216353 0.060326 0.017099
v 0.232898 0.032512 0.014574
v 0.255637 0.008830 0.012767
v 0.245040 -0.005890 0.022882
v 0.283534 -0.006809 0.012990
v 0.278816 -0.018686 0.024089
v 0.276043 -0.033157 0.028275
v 0.309363 -0.037414 0.033629
v 0.337208 -0.042633 0.041147
v 0.358696 -0.047840 0.050296
v 0.261701 0.017061 -0.002746
v 0.285475 0.000473 -0.003606
v 0.241193 0.040136 -0.001202
v 0.225460 0.067821 0.000658
v 0.231242 0.073689 -0.018277
v 0.220672 0.104234 -0.016339
v 0.224570 0.110818 -0.037371
v 0.234839 0.079114 -0.039216
v 0.214833 0.097242 0.002995
v 0.209390 0.127560 0.005601
v 0.206334 0.090718 0.019739
v 0.202108 0.121386 0.022355
v 0.202906 0.151527 0.024893
v 0.208566 0.156846 0.008636
v 0.195223 0.148318 0.038661
v 0.195012 0.178009 0.051124
v 0.202184 0.177810 0.040439
v 0.207702 0.179749 0.027032
v 0.211872 0.205129 0.041274
v 0.215527 0.206031 0.028310
v 0.217899 0.208175 0.013639
v 0.211629 0.183798 0.011723
v 0.219117 0.211402 -0.001592
v 0.226398 0.230453 0.013900
v 0.226274 0.231074 -0.001040
v 0.225276 0.231339 -0.015242
v 0.234770 0.249046 -0.002662
v 0.232389 0.246372 -0.017466
v 0.243961 0.265455 -0.005696
v 0.240000 0.260539 -0.021644
v 0.235378 0.253102 -0.036557
v 0.247562 0.273995 -0.026503
v 0.241144 0.264676 -0.043339
v 0.234326 0.251452 -0.058923
v 0.230197 0.242064 -0.049733
v 0.227619 0.233983 -0.072779
v 0.225410 0.226537 -0.060181
v 0.222769 0.212278 -0.083825
v 0.221676 0.206319 -0.068335
v 0.219705 0.202057 -0.052186
v 0.220341 0.181639 -0.073955
v 0.220274 0.187125 -0.092616
v 0.221303 0.158985 -0.098821
v 0.222091 0.153497 -0.078692
v 0.226275 0.129226 -0.102932
v 0.227723 0.123315 -0.081472
v 0.226915 0.117171 -0.059637
v 0.237055 0.092708 -0.082680
v 0.236700 0.085122 -0.060714
v 0.235597 0.098668 -0.103836
v 0.248590 0.069429 -0.101952
v 0.230788 0.102760 -0.124739
v 0.245407 0.072180 -0.122237
v 0.220475 0.104316 -0.144309
v 0.237036 0.071418 -0.143183
v 0.201643 0.104239 -0.162775
v 0.220063 0.067106 -0.163464
v 0.193845 0.141325 -0.156627
v 0.211298 0.137894 -0.141106
v 0.208771 0.169709 -0.133640
v 0.221450 0.133915 -0.122751
v 0.217242 0.164518 -0.117618
v 0.217662 0.192926 -0.109169
v 0.211180 0.198725 -0.123465
v 0.252643 0.280404 -0.009443
v 0.260289 0.293822 -0.013052
v 0.264851 0.299025 0.004090
v 0.271220 0.310820 0.001467
v 0.265831 0.305317 -0.015792
v 0.256507 0.284947 0.007141
v 0.258710 0.288381 0.022492
v 0.267964 0.302980 0.019697
v 0.246622 0.268784 0.010203
v 0.248083 0.271263 0.025115
v 0.247950 0.273596 0.038237
v 0.259519 0.291236 0.035737
v 0.236363 0.250587 0.012633
v 0.236638 0.251834 0.027235
v 0.235664 0.253202 0.040108
v 0.233150 0.255289 0.050596
v 0.246463 0.276024 0.048665
v 0.225537 0.230003 0.028343
v 0.223278 0.230409 0.041245
v 0.219715 0.231784 0.051614
v 0.214737 0.234587 0.059087
v 0.229363 0.258031 0.057838
v 0.206712 0.206053 0.051899
v 0.200328 0.208706 0.059304
v 0.192958 0.213353 0.063471
v 0.208723 0.238457 0.062864
v 0.186377 0.181036 0.058948
v 0.177223 0.186647 0.063090
v 0.168606 0.194412 0.063807
v 0.185132 0.219178 0.063634
v 0.176435 0.225747 0.060159
v 0.193836 0.248755 0.059130
v 0.201679 0.243435 0.063058
v 0.158999 0.201975 0.060317
v 0.148352 0.210183 0.053132
v 0.167123 0.232566 0.052569
v 0.142017 0.178806 0.060494
v 0.157698 0.239895 0.041642
v 0.176330 0.259843 0.040493
v 0.185245 0.254420 0.051611
v 0.137513 0.219140 0.041766
v 0.128626 0.229520 0.027212
v 0.149076 0.247279 0.027625
v 0.141955 0.254305 0.012070
v 0.159317 0.268997 0.011785
v 0.167586 0.264942 0.026909
v 0.121924 0.239450 0.010332
v 0.099220 0.225974 0.007800
v 0.095506 0.237395 -0.011795
v 0.117803 0.248469 -0.007336
v 0.094427 0.247061 -0.031799
v 0.116457 0.256421 -0.025107
v 0.095760 0.254925 -0.051911
v 0.118843 0.263699 -0.042339
v 0.099677 0.260567 -0.071596
v 0.124118 0.269592 -0.059327
v 0.145442 0.279049 -0.045279
v 0.132070 0.273172 -0.075569
v 0.154978 0.283964 -0.058607
v 0.174456 0.293733 -0.040274
v 0.163033 0.287128 -0.029973
v 0.190640 0.301317 -0.021309
v 0.177505 0.292682 -0.013323
v 0.204305 0.306399 -0.002470
v 0.189759 0.295645 0.003761
v 0.174959 0.283005 0.008892
v 0.200646 0.296423 0.020255
v 0.184564 0.281483 0.024302
v 0.210373 0.295295 0.034791
v 0.193849 0.278618 0.038308
v 0.219109 0.292922 0.046616
v 0.202636 0.274689 0.049520
v 0.226882 0.289589 0.054818
v 0.210727 0.270391 0.057483
v 0.233533 0.285999 0.059254
v 0.218013 0.265845 0.061464
v 0.239144 0.282272 0.059528
v 0.224199 0.261720 0.061665
v 0.243412 0.278993 0.055992
v 0.252784 0.300004 0.056938
v 0.256468 0.296874 0.053459
v 0.258656 0.294047 0.046312
v 0.267645 0.311739 0.050765
v 0.269284 0.308987 0.043649
v 0.269323 0.306194 0.033155
v 0.277467 0.320951 0.041198
v 0.276989 0.318257 0.030707
v 0.274822 0.314997 0.017268
v 0.281721 0.327449 0.028848
v 0.279015 0.324279 0.015359
v 0.274612 0.319936 -0.000406
v 0.279833 0.330698 0.014242
v 0.274712 0.326207 -0.001846
v 0.268014 0.319812 -0.019280
v 0.268977 0.314314 -0.017422
v 0.271071 0.329648 -0.002498
v 0.263033 0.322371 -0.021253
v 0.264373 0.330847 -0.001768
v 0.254698 0.323517 -0.021297
v 0.254927 0.329598 0.000698
v 0.244145 0.322994 -0.019079
v 0.230690 0.313029 -0.040883
v 0.214210 0.299471 -0.064137
v 0.231836 0.320138 -0.014753
v 0.217685 0.311633 -0.036090
v 0.200428 0.300053 -0.058465
v 0.179597 0.285822 -0.081038
v 0.193983 0.282550 -0.088076
v 0.204181 0.307760 -0.029224
v 0.187033 0.298184 -0.050178
v 0.166516 0.286385 -0.070855
v 0.142181 0.273413 -0.090417
v 0.154702 0.269787 -0.102882
v 0.170003 0.262639 -0.111638
v 0.113926 0.261058 -0.107929
v 0.081868 0.251831 -0.122211
v 0.105647 0.262995 -0.090493
v 0.076566 0.255479 -0.102475
v 0.045909 0.252366 -0.110728
v 0.047797 0.249095 -0.131585
v 0.072603 0.253716 -0.081582
v 0.044362 0.250483 -0.088633
v 0.016007 0.251420 -0.092622
v 0.015837 0.254033 -0.114914
v 0.070337 0.248195 -0.059852
v 0.043328 0.244852 -0.065826
v 0.016265 0.245537 -0.069427
v -0.010131 0.250220 -0.070825
v -0.010873 0.256274 -0.093474
v 0.043379 0.236348 -0.042718
v 0.016626 0.237172 -0.046113
v -0.009182 0.242185 -0.047902
v 0.017229 0.226555 -0.023053
v -0.009005 0.232763 -0.025355
v -0.032826 0.242977 -0.027251
v 0.044162 0.225297 -0.020077
v 0.045790 0.211389 0.001704
v 0.070769 0.229143 -0.016123
v 0.073576 0.215684 0.004763
v 0.069590 0.239863 -0.037919
v -0.037400 0.268952 -0.112034
v -0.012421 0.259931 -0.115274
v -0.041409 0.271513 -0.130859
v -0.015244 0.260250 -0.135516
v 0.014751 0.252292 -0.135930
v 0.011967 0.244873 -0.155200
v 0.005532 0.230519 -0.172465
v -0.006863 0.209541 -0.186858
v -0.053575 0.213549 -0.190213
v -0.062298 0.284224 -0.122287
v -0.058464 0.279751 -0.105934
v -0.074642 0.290559 -0.097469
v -0.078538 0.296657 -0.111002
v -0.090604 0.307689 -0.097000
v -0.095860 0.314097 -0.106670
v -0.084193 0.301666 -0.122708
v -0.086739 0.300425 -0.086373
v -0.095198 0.308501 -0.072628
v -0.099566 0.317096 -0.080704
v -0.083905 0.292790 -0.075435
v -0.091615 0.299740 -0.064488
v -0.096498 0.304791 -0.051045
v -0.101068 0.314793 -0.057200
v -0.088143 0.291102 -0.057241
v -0.091587 0.294557 -0.045774
v -0.093306 0.296422 -0.031638
v -0.084871 0.283902 -0.052259
v -0.105765 0.324101 -0.062493
v -0.115914 0.338426 -0.045175
v -0.111275 0.332971 -0.067402
v -0.104650 0.324548 -0.088053
v -0.117365 0.340107 -0.072077
v -0.110562 0.330258 -0.094657
v -0.102014 0.318583 -0.114653
v -0.116753 0.332713 -0.100364
v -0.091765 0.305574 -0.131804
v -0.123833 0.344610 -0.076706
v -0.130509 0.345163 -0.080653
v -0.136541 0.357875 -0.055017
v -0.143547 0.357432 -0.057076
v -0.137519 0.341736 -0.083026
v -0.129699 0.354517 -0.051482
v -0.141689 0.367894 -0.030164
v -0.122742 0.347788 -0.047704
v -0.146226 0.375456 -0.007850
v -0.152127 0.379061 -0.011547
v -0.148087 0.369912 -0.032721
v -0.157090 0.379362 -0.012788
v -0.154347 0.368504 -0.033059
v -0.150488 0.353951 -0.056593
v -0.159691 0.364328 -0.030749
v -0.157329 0.347915 -0.053297
v -0.153887 0.327446 -0.077605
v -0.145660 0.335372 -0.082123
v -0.149895 0.302456 -0.102441
v -0.161302 0.318207 -0.069959
v -0.159500 0.292480 -0.092817
v -0.158803 0.262629 -0.114337
v -0.166677 0.282008 -0.080436
v -0.168134 0.252937 -0.099606
v -0.172674 0.221280 -0.115825
v -0.160459 0.228946 -0.132917
v -0.181545 0.188298 -0.128027
v -0.167465 0.192531 -0.146918
v -0.196357 0.156088 -0.135580
v -0.181490 0.156122 -0.155918
v -0.217469 0.126914 -0.138473
v -0.204929 0.124070 -0.159341
v -0.184872 0.112509 -0.177698
v -0.220311 0.086806 -0.176148
v -0.255350 0.072802 -0.173422
v -0.285391 0.066258 -0.171727
v -0.280820 0.054227 -0.179198
v -0.305594 0.055605 -0.176894
v -0.307674 0.046438 -0.175264
v -0.282318 0.039302 -0.178162
v -0.308700 0.063402 -0.170983
v -0.325136 0.061973 -0.170483
v -0.322421 0.057281 -0.175351
v -0.316141 0.068532 -0.157942
v -0.331796 0.065294 -0.159095
v -0.327116 0.070729 -0.139061
v -0.341935 0.067011 -0.141837
v -0.350761 0.063046 -0.144112
v -0.341246 0.062171 -0.160022
v -0.353748 0.057966 -0.145960
v -0.344503 0.058448 -0.160873
v -0.350628 0.051521 -0.147487
v -0.341156 0.053416 -0.162461
v -0.341475 0.042937 -0.148660
v -0.331444 0.046834 -0.164095
v -0.324820 0.051863 -0.173150
v -0.315011 0.037907 -0.165853
v -0.326127 0.031866 -0.149549
v -0.291515 0.026006 -0.168308
v -0.353863 0.041120 -0.128143
v -0.339663 0.029029 -0.127765
v -0.367488 0.041214 -0.104483
v -0.354559 0.030096 -0.102881
v -0.380866 0.043142 -0.079425
v -0.368704 0.032873 -0.077230
v -0.352807 0.022131 -0.073339
v -0.381074 0.037024 -0.052097
v -0.365286 0.027344 -0.048385
v -0.346668 0.018260 -0.043516
v -0.334676 0.011454 -0.067714
v -0.326374 0.009858 -0.037918
v -0.316796 0.003816 -0.059927
v -0.355588 0.024599 -0.021727
v -0.333279 0.016186 -0.017648
v -0.309174 0.006822 -0.013532
v -0.338109 0.023507 -0.000720
v -0.311105 0.014047 0.001980
v -0.282925 0.001773 0.005358
v -0.284817 -0.004598 -0.009359
v -0.255953 -0.014887 0.009696
v -0.261352 -0.021891 -0.005409
v -0.232462 -0.037816 0.014529
v -0.240841 -0.045684 -0.001363
v -0.215306 -0.065914 0.019157
v -0.224579 -0.074148 0.002495
v -0.230589 -0.080502 -0.016676
v -0.213671 -0.104671 0.006553
v -0.234273 -0.085739 -0.037958
v -0.236657 -0.090527 -0.059972
v -0.228598 -0.128106 -0.080614
v -0.237763 -0.096378 -0.082096
v -0.228469 -0.131712 -0.102211
v -0.237377 -0.100698 -0.103547
v -0.249806 -0.070705 -0.101952
v -0.233940 -0.102963 -0.124552
v -0.247584 -0.072126 -0.122362
v -0.225463 -0.102961 -0.144665
v -0.240289 -0.069782 -0.143112
v -0.209055 -0.101239 -0.163372
v -0.224491 -0.064167 -0.163374
v -0.217498 -0.136421 -0.141658
v -0.203288 -0.138087 -0.158634
v -0.215461 -0.168461 -0.134622
v -0.204010 -0.171730 -0.149827
v -0.217796 -0.197962 -0.123728
v -0.221587 -0.165133 -0.117101
v -0.222233 -0.193740 -0.108046
v -0.226315 -0.219452 -0.095474
v -0.223925 -0.225211 -0.108999
v -0.233335 -0.242171 -0.079473
v -0.233220 -0.249845 -0.090229
v -0.241787 -0.261033 -0.060739
v -0.230536 -0.234713 -0.067990
v -0.237040 -0.251647 -0.052239
v -0.243617 -0.264463 -0.034829
v -0.250334 -0.275482 -0.040657
v -0.249528 -0.273855 -0.016747
v -0.257403 -0.285852 -0.020807
v -0.264348 -0.297653 -0.023591
v -0.262742 -0.293282 -0.002031
v -0.270274 -0.305099 -0.004190
v -0.276438 -0.315910 -0.004914
v -0.269986 -0.309157 -0.024212
v -0.280656 -0.325257 -0.004033
v -0.274661 -0.319998 -0.021948
v -0.282490 -0.332447 -0.002117
v -0.276739 -0.328200 -0.018687
v -0.281159 -0.337063 0.000267
v -0.275297 -0.333310 -0.015938
v -0.268110 -0.327966 -0.032712
v -0.270107 -0.335610 -0.013318
v -0.261986 -0.329834 -0.031356
v -0.262001 -0.335611 -0.010047
v -0.252527 -0.329896 -0.028957
v -0.251405 -0.333408 -0.005741
v -0.241142 -0.328229 -0.024965
v -0.228190 -0.319915 -0.045764
v -0.228309 -0.324557 -0.019435
v -0.214968 -0.317211 -0.039827
v -0.198375 -0.306970 -0.060909
v -0.212232 -0.308338 -0.067648
v -0.178345 -0.294432 -0.081975
v -0.192195 -0.293635 -0.089937
v -0.154303 -0.280507 -0.102018
v -0.168233 -0.276950 -0.111848
v -0.126312 -0.267065 -0.120182
v -0.139487 -0.259342 -0.132138
v -0.094142 -0.255916 -0.135127
v -0.115375 -0.269763 -0.105158
v -0.085403 -0.261452 -0.118175
v -0.053094 -0.257367 -0.127265
v -0.058675 -0.250157 -0.145942
v -0.020207 -0.259337 -0.131951
v -0.021997 -0.252261 -0.150945
v -0.022157 -0.237441 -0.168409
v -0.018408 -0.212012 -0.184106
v 0.011154 -0.266422 -0.131903
v -0.017611 -0.260157 -0.111015
v 0.011848 -0.266783 -0.111676
v 0.038345 -0.276618 -0.108968
v 0.039045 -0.277845 -0.127419
v 0.059932 -0.288280 -0.103213
v 0.061714 -0.290906 -0.118316
v 0.076579 -0.299401 -0.093814
v 0.079236 -0.304113 -0.105587
v 0.084122 -0.307137 -0.116220
v 0.092233 -0.315457 -0.089693
v 0.097321 -0.320825 -0.097542
v 0.104089 -0.324111 -0.103960
v 0.091362 -0.308681 -0.125179
v 0.106844 -0.331499 -0.076570
v 0.113589 -0.337224 -0.081030
v 0.121305 -0.340325 -0.084248
v 0.120471 -0.346722 -0.056769
v 0.128192 -0.352477 -0.059138
v 0.136138 -0.355144 -0.060396
v 0.129655 -0.340797 -0.086106
v 0.144153 -0.355013 -0.060190
v 0.138412 -0.337956 -0.085569
v 0.151781 -0.351848 -0.057590
v 0.147464 -0.333009 -0.082476
v 0.141678 -0.309687 -0.107441
v 0.155812 -0.325924 -0.076307
v 0.152429 -0.301517 -0.100281
v 0.148690 -0.272684 -0.123054
v 0.145800 -0.239659 -0.143882
v 0.161308 -0.292266 -0.089869
v 0.160672 -0.263699 -0.111084
v 0.161751 -0.231725 -0.129915
v 0.166605 -0.197440 -0.145720
v 0.168998 -0.254048 -0.096187
v 0.172937 -0.223548 -0.113131
v 0.180601 -0.191480 -0.127028
v 0.193785 -0.159715 -0.137597
v 0.177080 -0.162202 -0.157977
v 0.179039 -0.214322 -0.093952
v 0.188661 -0.183862 -0.105807
v 0.203335 -0.153485 -0.114570
v 0.191003 -0.174723 -0.082841
v 0.206449 -0.145108 -0.089643
v 0.180570 -0.204584 -0.073144
v 0.177615 -0.194734 -0.051501
v 0.174067 -0.233386 -0.060526
v 0.170912 -0.223123 -0.041276
v 0.164163 -0.213698 -0.022174
v 0.170582 -0.185899 -0.030149
v 0.154330 -0.205589 -0.004419
v 0.159664 -0.178982 -0.010483
v 0.142003 -0.198556 0.011607
v 0.146155 -0.172672 0.006782
v 0.153718 -0.146894 0.004603
v 0.164453 -0.122554 0.004625
v 0.130303 -0.166368 0.021839
v 0.136956 -0.140578 0.020200
v 0.147963 -0.115602 0.020358
v 0.163723 -0.091959 0.021167
v 0.178327 -0.101179 0.005969
v 0.117148 -0.133152 0.033678
v 0.127458 -0.107125 0.034028
v 0.142518 -0.082770 0.035079
v 0.111459 -0.160030 0.034160
v 0.127301 -0.192336 0.025183
v 0.110234 -0.187053 0.036319
v 0.127485 -0.217745 0.030554
v 0.112728 -0.213205 0.039831
v 0.129401 -0.241650 0.037181
v 0.117066 -0.237692 0.044886
v 0.104295 -0.235864 0.049333
v 0.121684 -0.259709 0.050582
v 0.111544 -0.258281 0.053606
v 0.102209 -0.259278 0.053068
v 0.092262 -0.236971 0.050256
v 0.094472 -0.262719 0.048634
v 0.082417 -0.241108 0.046973
v 0.088280 -0.267275 0.039943
v 0.074973 -0.246392 0.039691
v 0.060432 -0.226179 0.040043
v 0.068879 -0.251239 0.028803
v 0.063122 -0.254402 0.014838
v 0.104999 -0.282482 0.051070
v 0.100530 -0.287585 0.041197
v 0.114212 -0.299680 0.054128
v 0.111438 -0.305662 0.044070
v 0.121029 -0.320669 0.047676
v 0.122317 -0.313254 0.057113
v 0.129465 -0.323396 0.059641
v 0.129622 -0.331694 0.051371
v 0.139056 -0.347806 0.045127
v 0.145236 -0.348838 0.048997
v 0.149280 -0.358963 0.039783
v 0.154147 -0.354527 0.040468
v 0.158168 -0.364513 0.032074
v 0.153537 -0.369340 0.031563
v 0.150043 -0.344442 0.048764
v 0.153404 -0.335679 0.044704
v 0.158116 -0.345628 0.035878
v 0.148286 -0.326405 0.052323
v 0.149832 -0.313505 0.045692
v 0.155953 -0.322651 0.036799
v 0.142487 -0.318745 0.058390
v 0.143148 -0.305505 0.052832
v 0.142787 -0.289143 0.045254
v 0.150678 -0.296856 0.036398
v 0.136491 -0.312169 0.062117
v 0.135915 -0.299397 0.058167
v 0.134386 -0.282970 0.051938
v 0.131999 -0.263703 0.044722
v 0.141885 -0.269555 0.036187
v 0.125825 -0.279101 0.056405
v 0.117804 -0.277466 0.057998
v 0.110797 -0.278926 0.056490
v 0.140825 -0.247683 0.027036
v 0.150887 -0.255235 0.014608
v 0.150754 -0.277398 0.025793
v 0.159097 -0.264388 0.000806
v 0.158335 -0.286573 0.013720
v 0.157354 -0.306260 0.026248
v 0.163947 -0.297036 0.000969
v 0.162793 -0.316537 0.015039
v 0.160779 -0.332960 0.027200
v 0.166238 -0.327447 0.003843
v 0.164506 -0.343437 0.017232
v 0.161639 -0.355930 0.027122
v 0.166338 -0.353630 0.007953
v 0.164241 -0.365441 0.018783
v 0.161086 -0.373617 0.024709
v 0.165090 -0.373570 0.011728
v 0.163141 -0.380746 0.018458
v 0.160424 -0.384471 0.019467
v 0.157624 -0.378124 0.024625
v 0.157872 -0.385218 0.013928
v 0.153465 -0.379344 0.018287
v 0.149369 -0.377533 0.005348
v 0.154874 -0.382778 0.002423
v 0.151953 -0.377154 -0.014744
v 0.145302 -0.373284 -0.013232
v 0.159468 -0.384554 0.001302
v 0.157469 -0.377552 -0.014288
v 0.155127 -0.366774 -0.034487
v 0.148420 -0.367903 -0.035994
v 0.162606 -0.383224 0.002346
v 0.162075 -0.375040 -0.011876
v 0.160660 -0.362706 -0.030644
v 0.158712 -0.346427 -0.052727
v 0.165059 -0.369928 -0.007044
v 0.165006 -0.356346 -0.024703
v 0.164039 -0.338776 -0.045288
v 0.162799 -0.317454 -0.067595
v 0.167349 -0.347946 -0.016601
v 0.167635 -0.329550 -0.035838
v 0.167389 -0.307552 -0.056355
v 0.167673 -0.282318 -0.076984
v 0.168715 -0.319094 -0.024497
v 0.169542 -0.296808 -0.043359
v 0.170698 -0.271578 -0.061913
v 0.173584 -0.243921 -0.079154
v 0.168668 -0.285639 -0.028933
v 0.170596 -0.260600 -0.045551
v 0.165234 -0.274609 -0.014061
v 0.167105 -0.249869 -0.028432
v 0.160760 -0.239906 -0.011630
v 0.151720 -0.231204 0.004319
v 0.140517 -0.223732 0.018442
v 0.167626 -0.308019 -0.012116
v 0.167966 -0.338099 -0.007018
v 0.166720 -0.362644 -0.000399
v 0.164727 -0.379601 0.006038
v 0.141188 -0.366072 -0.035777
v 0.133419 -0.360816 -0.034093
v 0.125433 -0.352706 -0.032255
v 0.113325 -0.339005 -0.054397
v 0.117382 -0.342329 -0.031455
v 0.107065 -0.329780 -0.052085
v 0.109936 -0.331049 -0.031831
v 0.101944 -0.320516 -0.050179
v 0.103475 -0.319917 -0.033379
v 0.097105 -0.316509 -0.066398
v 0.094046 -0.308847 -0.061153
v 0.101324 -0.324482 -0.071644
v 0.088795 -0.309311 -0.081275
v 0.075812 -0.294383 -0.081894
v 0.086745 -0.302621 -0.072734
v 0.085594 -0.296507 -0.064654
v 0.091639 -0.301556 -0.055994
v 0.084527 -0.290943 -0.057779
v 0.089176 -0.295000 -0.050832
v 0.203253 -0.096935 -0.014451
v 0.186593 -0.108208 -0.006972
v 0.195891 -0.129929 -0.166233
v 0.220108 -0.103554 -0.171870
v 0.198970 -0.092489 -0.187702
v 0.230323 -0.073169 -0.189095
v 0.246821 -0.085595 -0.176166
v 0.272301 -0.075052 -0.179610
v 0.261013 -0.064292 -0.189302
v 0.285257 -0.079961 -0.164505
v 0.304800 -0.074056 -0.169189
v 0.294749 -0.069525 -0.181827
v 0.299150 -0.080087 -0.145875
v 0.317100 -0.075455 -0.152110
v 0.331193 -0.071751 -0.156921
v 0.320755 -0.070272 -0.172379
v 0.314551 -0.077350 -0.125202
v 0.330470 -0.074750 -0.132224
v 0.343830 -0.071917 -0.137621
v 0.352945 -0.068295 -0.142129
v 0.341525 -0.068229 -0.160431
v 0.344832 -0.073515 -0.109853
v 0.357411 -0.071481 -0.115462
v 0.366258 -0.068180 -0.120608
v 0.370495 -0.063303 -0.124561
v 0.358058 -0.063751 -0.145537
v 0.384131 -0.063408 -0.101486
v 0.383650 -0.056857 -0.103901
v 0.370588 -0.057023 -0.127158
v 0.397419 -0.063972 -0.077740
v 0.396880 -0.057751 -0.079802
v 0.392168 -0.049893 -0.079667
v 0.379073 -0.048882 -0.104681
v 0.409688 -0.065320 -0.055447
v 0.408820 -0.059314 -0.055933
v 0.404427 -0.052188 -0.054912
v 0.395935 -0.043906 -0.052162
v 0.383475 -0.041016 -0.077987
v 0.419216 -0.061796 -0.033322
v 0.414898 -0.055166 -0.031119
v 0.406853 -0.047957 -0.027729
v 0.394920 -0.040257 -0.022971
v 0.383653 -0.035325 -0.048159
v 0.423575 -0.058928 -0.009539
v 0.415828 -0.052473 -0.005409
v 0.404547 -0.046032 -0.000340
v 0.389770 -0.039752 0.005726
v 0.379358 -0.032955 -0.017387
v 0.422898 -0.057427 0.013563
v 0.412452 -0.051846 0.018926
v 0.399368 -0.046862 0.024874
v 0.418174 -0.057507 0.033829
v 0.406584 -0.053174 0.039542
v 0.394234 -0.049901 0.045221
v 0.410701 -0.058611 0.049259
v 0.399722 -0.055334 0.054177
v 0.411701 -0.062949 0.054264
v 0.401049 -0.059501 0.058351
v 0.409825 -0.066153 0.054294
v 0.398843 -0.062377 0.058150
v 0.405247 -0.068236 0.049665
v 0.392888 -0.063986 0.053180
v 0.398377 -0.069382 0.040195
v 0.383355 -0.064481 0.043604
v 0.390102 -0.069845 0.026497
v 0.371295 -0.064621 0.029263
v 0.382227 -0.070268 0.009068
v 0.362630 -0.065358 0.011390
v 0.374221 -0.070191 -0.010949
v 0.354933 -0.065918 -0.008507
v 0.333570 -0.060422 -0.006794
v 0.346749 -0.065792 -0.029884
v 0.326861 -0.060216 -0.027028
v 0.337503 -0.066433 -0.051981
v 0.319071 -0.059674 -0.047663
v 0.326163 -0.068446 -0.074144
v 0.309523 -0.062625 -0.067527
v 0.312860 -0.073081 -0.095422
v 0.296919 -0.069351 -0.086220
v 0.329256 -0.073993 -0.103385
v 0.343185 -0.071653 -0.080235
v 0.355281 -0.070285 -0.056450
v 0.365583 -0.070202 -0.033030
v 0.391390 -0.073297 -0.013261
v 0.405808 -0.074647 -0.014449
v 0.398894 -0.073598 0.006705
v 0.412823 -0.075542 0.004791
v 0.423436 -0.075845 0.003967
v 0.417126 -0.074605 -0.014390
v 0.405850 -0.073654 0.023571
v 0.418774 -0.075940 0.021257
v 0.428828 -0.076784 0.019585
v 0.435485 -0.076186 0.019092
v 0.430648 -0.074619 0.003642
v 0.423895 -0.075777 0.033915
v 0.432986 -0.077187 0.031890
v 0.439130 -0.077219 0.030743
v 0.438791 -0.074163 0.019525
v 0.436091 -0.076768 0.039799
v 0.427809 -0.074892 0.042521
v 0.430426 -0.073015 0.046297
v 0.417291 -0.071943 0.045842
v 0.420741 -0.069835 0.050248
v 0.422214 -0.066640 0.049621
v 0.431405 -0.070289 0.045378
v 0.421407 -0.062509 0.044231
v 0.430632 -0.066582 0.039378
v 0.427804 -0.062224 0.028782
v 0.434765 -0.066858 0.024444
v 0.430128 -0.062892 0.009369
v 0.433971 -0.067871 0.006169
v 0.438455 -0.070990 0.021449
v 0.434073 -0.071874 0.004447
v 0.427500 -0.064664 -0.012206
v 0.427822 -0.069461 -0.013839
v 0.424263 -0.072787 -0.014226
v 0.419612 -0.067112 -0.033928
v 0.412127 -0.073157 0.036924
v 0.349079 -0.018495 -0.036886
v 0.367790 -0.026454 -0.042924
v 0.335936 -0.010930 -0.063679
v 0.354330 -0.020790 -0.069987
v 0.370601 -0.030975 -0.074720
v 0.356106 -0.028028 -0.101734
v 0.369757 -0.039142 -0.103904
v 0.340892 -0.026810 -0.127994
v 0.355995 -0.039151 -0.128708
v 0.365675 -0.048961 -0.128489
v 0.343143 -0.041173 -0.150875
v 0.353473 -0.050510 -0.149741
v 0.358142 -0.057866 -0.148074
v 0.342919 -0.053073 -0.167222
v 0.347762 -0.059267 -0.165310
v 0.346933 -0.064203 -0.163267
v 0.339561 -0.060678 -0.177989
v 0.338399 -0.064266 -0.176538
v 0.331835 -0.067311 -0.174928
v 0.325049 -0.065049 -0.184490
v 0.312309 -0.066740 -0.183621
v 0.320942 -0.061336 -0.189202
v 0.307110 -0.060780 -0.189344
v 0.286842 -0.061197 -0.189561
v 0.305368 -0.052738 -0.189530
v 0.282724 -0.049129 -0.190864
v 0.308321 -0.043592 -0.183059
v 0.283721 -0.034860 -0.185497
v 0.315876 -0.035278 -0.170355
v 0.292436 -0.022369 -0.172201
v 0.327257 -0.029433 -0.151479
v 0.332642 -0.045263 -0.168701
v 0.324953 -0.050626 -0.181436
v 0.335306 -0.056222 -0.179620
v 0.321224 -0.056292 -0.188067
v 0.317745 -0.004276 -0.055684
v 0.328467 -0.011239 -0.030867
v -0.014847 -0.256819 -0.088328
v -0.044181 -0.254532 -0.084557
v -0.041429 -0.247164 -0.060970
v -0.012525 -0.249807 -0.064111
v -0.048224 -0.258410 -0.106802
v -0.078256 -0.261275 -0.098941
v -0.072777 -0.256954 -0.077939
v -0.099503 -0.263091 -0.068648
v -0.094796 -0.255099 -0.048254
v -0.069047 -0.249117 -0.055721
v -0.106487 -0.268288 -0.087819
v -0.131907 -0.277741 -0.073977
v -0.123750 -0.271849 -0.057049
v -0.142249 -0.280843 -0.089203
v -0.165468 -0.292566 -0.071101
v -0.154230 -0.288163 -0.058153
v -0.173055 -0.297916 -0.041091
v -0.162701 -0.290568 -0.029466
v -0.144834 -0.281569 -0.043807
v -0.185255 -0.303519 -0.051817
v -0.201521 -0.312463 -0.032136
v -0.188779 -0.305686 -0.023415
v -0.201504 -0.310822 -0.005724
v -0.188624 -0.301130 0.001061
v -0.177039 -0.297471 -0.014532
v -0.215016 -0.318700 -0.012807
v -0.225929 -0.322161 0.005395
v -0.212235 -0.313080 0.011323
v -0.239280 -0.328910 -0.000470
v -0.248003 -0.330554 0.016331
v -0.235072 -0.322901 0.021703
v -0.259756 -0.335800 0.011217
v -0.266235 -0.335910 0.025165
v -0.255109 -0.329694 0.030267
v -0.269442 -0.338682 0.006774
v -0.275362 -0.339604 0.020662
v -0.279745 -0.338988 0.030790
v -0.276799 -0.339099 0.003152
v -0.281836 -0.340772 0.017015
v -0.285486 -0.341012 0.027260
v -0.283049 -0.337364 0.036401
v -0.285633 -0.339357 0.014274
v -0.288427 -0.340471 0.024809
v -0.286500 -0.335481 0.012509
v -0.288878 -0.337421 0.023936
v -0.284679 -0.329182 0.011602
v -0.286636 -0.332007 0.024061
v -0.286850 -0.334025 0.032669
v -0.282035 -0.324226 0.025107
v -0.281610 -0.326902 0.034824
v -0.285401 -0.335665 0.036972
v -0.275279 -0.314315 0.026968
v -0.274445 -0.317234 0.037706
v -0.267033 -0.302444 0.029353
v -0.265912 -0.305406 0.040806
v -0.257319 -0.288679 0.031835
v -0.256208 -0.291506 0.043597
v -0.253158 -0.293942 0.052264
v -0.245169 -0.275316 0.045853
v -0.242145 -0.277807 0.054668
v -0.233501 -0.256633 0.047289
v -0.229813 -0.258890 0.056263
v -0.221489 -0.235293 0.047912
v -0.217065 -0.237124 0.056853
v -0.211278 -0.240385 0.062615
v -0.204148 -0.212495 0.056739
v -0.197148 -0.215932 0.062554
v -0.189549 -0.221626 0.064761
v -0.204916 -0.245091 0.064495
v -0.181958 -0.228724 0.062812
v -0.197916 -0.250943 0.062613
v -0.174184 -0.236680 0.057113
v -0.190828 -0.257393 0.056792
v -0.206418 -0.276444 0.055652
v -0.183505 -0.264029 0.047663
v -0.199414 -0.281677 0.046315
v -0.214385 -0.297407 0.043723
v -0.221319 -0.293091 0.053357
v -0.228846 -0.310665 0.039963
v -0.235093 -0.306991 0.050064
v -0.242357 -0.321415 0.035364
v -0.221127 -0.312928 0.026823
v -0.206836 -0.300555 0.031188
v -0.198216 -0.302058 0.016619
v -0.191919 -0.286229 0.034306
v -0.184381 -0.289308 0.020592
v -0.176591 -0.270188 0.035807
v -0.170062 -0.275560 0.022445
v -0.160056 -0.253167 0.035648
v -0.154649 -0.260866 0.021733
v -0.142153 -0.235586 0.034288
v -0.137105 -0.245874 0.019266
v -0.134386 -0.255474 0.003182
v -0.117364 -0.231306 0.016090
v -0.114796 -0.243246 -0.001882
v -0.114962 -0.254045 -0.020464
v -0.134405 -0.264642 -0.012996
v -0.117922 -0.263748 -0.039059
v -0.138109 -0.273437 -0.028607
v -0.092415 -0.244828 -0.027387
v -0.092584 -0.232653 -0.006664
v -0.067788 -0.225481 -0.010575
v -0.067415 -0.238560 -0.032932
v -0.040966 -0.223123 -0.013024
v -0.040280 -0.236561 -0.036829
v -0.070173 -0.209827 0.010511
v -0.043332 -0.206681 0.008751
v -0.018496 -0.190989 0.026820
v 0.005133 -0.198188 0.027736
v -0.094993 -0.218788 0.012999
v -0.122144 -0.218626 0.032502
v -0.129202 -0.205514 0.046315
v -0.148779 -0.225198 0.047157
v -0.156746 -0.214968 0.056764
v -0.138133 -0.193459 0.056524
v -0.166833 -0.244889 0.047763
v -0.147416 -0.181571 0.062449
v -0.129011 -0.159684 0.062815
v -0.165031 -0.205278 0.062719
v -0.173653 -0.196155 0.064419
v -0.156652 -0.169615 0.064243
v -0.167159 -0.158001 0.061374
v -0.182496 -0.188712 0.062143
v -0.191971 -0.184915 0.055743
v -0.180804 -0.154202 0.054351
v -0.192514 -0.154817 0.043960
v -0.188643 -0.122800 0.041139
v -0.200079 -0.184414 0.046181
v -0.206376 -0.186357 0.033789
v -0.201122 -0.158438 0.030966
v -0.210179 -0.211223 0.047449
v -0.214448 -0.211777 0.035615
v -0.217138 -0.213633 0.021845
v -0.210498 -0.190248 0.019574
v -0.224555 -0.234605 0.036134
v -0.225863 -0.234613 0.022515
v -0.225792 -0.234749 0.007946
v -0.218183 -0.216296 0.007403
v -0.235492 -0.254936 0.035579
v -0.235972 -0.253395 0.021697
v -0.234756 -0.251399 0.006627
v -0.232331 -0.248249 -0.008609
v -0.224447 -0.234255 -0.006308
v -0.246387 -0.270173 0.019841
v -0.244446 -0.266577 0.004069
v -0.240881 -0.261347 -0.012411
v -0.236313 -0.253743 -0.028559
v -0.228920 -0.242981 -0.022962
v -0.253900 -0.280453 0.000930
v -0.256635 -0.285178 0.017398
v -0.265887 -0.298555 0.014886
v -0.273969 -0.310430 0.012847
v -0.280288 -0.320719 0.011671
v -0.246731 -0.272910 0.034014
v -0.225208 -0.234726 -0.035361
v -0.231132 -0.242815 -0.043506
v -0.226329 -0.228102 -0.056260
v -0.221623 -0.222404 -0.045249
v -0.219143 -0.205922 -0.052037
v -0.222691 -0.209183 -0.066321
v -0.221360 -0.186083 -0.073226
v -0.225555 -0.213998 -0.081049
v -0.222930 -0.189488 -0.091056
v -0.223768 -0.161794 -0.097956
v -0.223033 -0.158720 -0.077636
v -0.225378 -0.134510 -0.122637
v -0.218165 -0.219145 -0.006339
v -0.214050 -0.202284 -0.009660
v -0.212973 -0.195648 0.004512
v -0.207166 -0.164218 0.015711
v -0.207894 -0.135566 0.010924
v -0.200188 -0.128230 0.027313
v -0.204552 -0.096851 0.023370
v -0.191134 -0.089250 0.037445
v -0.200688 -0.056146 0.032968
v -0.178754 -0.045315 0.044341
v -0.311535 0.023736 0.012592
v -0.342251 0.032769 0.011666
v -0.362664 0.032048 -0.003084
v -0.368893 0.040230 0.011644
v -0.383339 0.039705 -0.005486
v -0.390423 0.047098 0.010893
v -0.397490 0.054589 0.023602
v -0.406839 0.053218 0.009507
v -0.413098 0.059559 0.023232
v -0.418879 0.065113 0.033322
v -0.405802 0.062220 0.032734
v -0.423827 0.069854 0.039322
v -0.414458 0.067668 0.039324
v -0.426371 0.072689 0.041160
v -0.418856 0.071257 0.041137
v -0.426180 0.074506 0.038092
v -0.418412 0.072634 0.038498
v -0.414430 0.073154 0.030905
v -0.404414 0.070005 0.031093
v -0.423486 0.074809 0.030655
v -0.418711 0.074672 0.018622
v -0.407933 0.072706 0.019055
v -0.432588 0.075293 0.037608
v -0.430586 0.075672 0.030161
v -0.426881 0.074843 0.018554
v -0.421557 0.073766 0.003051
v -0.412511 0.073726 0.002778
v -0.435020 0.075017 0.030012
v -0.431789 0.073946 0.018689
v -0.427027 0.071928 0.003594
v -0.420625 0.069936 -0.014462
v -0.415031 0.072051 -0.015271
v -0.433178 0.071436 0.019383
v -0.428439 0.068944 0.004480
v -0.422107 0.065906 -0.013651
v -0.413929 0.063295 -0.034030
v -0.425726 0.064408 0.005892
v -0.419165 0.060775 -0.012281
v -0.410872 0.057078 -0.033215
v -0.400615 0.054218 -0.056010
v -0.403974 0.060852 -0.055939
v -0.411783 0.054265 -0.010352
v -0.403329 0.049938 -0.031374
v -0.393018 0.045959 -0.054749
v -0.388654 0.051871 -0.080152
v -0.391381 0.041684 -0.028764
v -0.399832 0.047364 -0.007996
v -0.375301 0.033344 -0.025456
v -0.418572 0.059291 0.007643
v -0.430644 0.068269 0.020566
v -0.424017 0.063964 0.022103
v -0.434100 0.071244 0.031292
v -0.428338 0.068537 0.032437
v -0.431360 0.071785 0.038720
v -0.432721 0.074283 0.040338
v -0.436210 0.073707 0.030098
v -0.375514 0.050696 -0.104504
v -0.378581 0.058153 -0.103052
v -0.391839 0.059300 -0.078840
v -0.365419 0.057864 -0.126041
v -0.362893 0.063438 -0.123501
v -0.362467 0.050421 -0.127633
v -0.354736 0.067689 -0.119991
v -0.341210 0.070698 -0.116236
v -0.339517 0.070424 -0.086496
v -0.321774 0.068288 -0.080478
v -0.335467 0.065614 -0.057290
v -0.353418 0.069043 -0.061530
v -0.346546 0.064755 -0.034943
v -0.365208 0.068743 -0.037456
v -0.356505 0.064512 -0.014042
v -0.375375 0.068892 -0.015555
v -0.391656 0.071566 -0.016500
v -0.385013 0.068999 0.003669
v -0.400184 0.072320 0.002976
v -0.405005 0.072696 -0.016495
v -0.394710 0.069376 0.019277
v -0.326507 0.059137 -0.032051
v -0.334791 0.059070 -0.012903
v -0.317198 0.059146 -0.052569
v -0.305708 0.062617 -0.072649
v -0.203842 0.151557 -0.113756
v -0.223322 0.124178 -0.116142
v -0.206389 0.143862 -0.090340
v -0.224985 0.116768 -0.093385
v -0.245396 0.093426 -0.093002
v -0.191512 0.173119 -0.084998
v -0.189226 0.181696 -0.107242
v -0.179212 0.212560 -0.096864
v -0.181184 0.202927 -0.076377
v -0.174525 0.232070 -0.064456
v -0.172059 0.221410 -0.045328
v -0.178755 0.193031 -0.055020
v -0.173461 0.242691 -0.082804
v -0.170392 0.271062 -0.065812
v -0.170982 0.259683 -0.049739
v -0.169009 0.285322 -0.033096
v -0.166161 0.273736 -0.018399
v -0.168074 0.248509 -0.032807
v -0.169291 0.296831 -0.047110
v -0.168610 0.319721 -0.027885
v -0.168109 0.308282 -0.015933
v -0.166461 0.307988 -0.059540
v -0.166985 0.330396 -0.038548
v -0.167000 0.349233 -0.018765
v -0.168170 0.339211 -0.009828
v -0.162868 0.339992 -0.047102
v -0.164280 0.357718 -0.025963
v -0.164695 0.371554 -0.007822
v -0.166780 0.364238 -0.001930
v -0.161605 0.376669 -0.011645
v -0.162461 0.385022 0.002736
v -0.164781 0.381389 0.005724
v -0.159566 0.386452 0.002647
v -0.155455 0.385083 0.004953
v -0.158743 0.387673 0.015609
v -0.161269 0.386895 0.020215
v -0.150993 0.380618 0.009464
v -0.155152 0.382709 0.020761
v -0.159174 0.381254 0.025689
v -0.151300 0.375358 0.027848
v -0.155889 0.373619 0.032852
v -0.160018 0.367903 0.031867
v -0.162324 0.376286 0.024498
v -0.163853 0.382959 0.018379
v -0.165157 0.367606 0.017566
v -0.165472 0.375497 0.010867
v -0.166870 0.355271 0.005838
v -0.163059 0.358411 0.025613
v -0.165544 0.345125 0.014763
v -0.166943 0.328397 0.000554
v -0.162194 0.334655 0.024460
v -0.163915 0.317237 0.011532
v -0.164888 0.296882 -0.003137
v -0.158704 0.306595 0.022589
v -0.159622 0.285830 0.009593
v -0.160451 0.262836 -0.003615
v -0.152155 0.275879 0.021649
v -0.152616 0.252735 0.010373
v -0.153889 0.228177 0.000113
v -0.162385 0.237811 -0.015944
v -0.157122 0.202495 -0.008236
v -0.165997 0.211463 -0.026254
v -0.162776 0.176393 -0.013927
v -0.172594 0.183822 -0.033686
v -0.145808 0.194344 0.008073
v -0.150897 0.169290 0.003773
v -0.158660 0.145001 0.001928
v -0.137134 0.161934 0.019255
v -0.144673 0.138406 0.018075
v -0.155079 0.116337 0.018375
v -0.128912 0.130503 0.032007
v -0.139315 0.108791 0.032568
v -0.151956 0.089114 0.033551
v -0.168283 0.095902 0.019395
v -0.121393 0.154016 0.032387
v -0.103374 0.145192 0.042988
v -0.082809 0.135573 0.050956
v -0.117050 0.178722 0.034049
v -0.115994 0.204271 0.037071
v -0.132525 0.186493 0.022278
v -0.130652 0.211549 0.027094
v -0.131171 0.236207 0.033451
v -0.118104 0.229893 0.041364
v -0.143318 0.219384 0.014636
v -0.142666 0.243933 0.022935
v -0.143192 0.267026 0.032254
v -0.132832 0.259777 0.040794
v -0.134818 0.281255 0.048456
v -0.125252 0.275947 0.052544
v -0.121676 0.253950 0.046745
v -0.143833 0.288324 0.041703
v -0.144198 0.306921 0.050381
v -0.152006 0.296729 0.032860
v -0.151300 0.315056 0.042988
v -0.149986 0.330003 0.051045
v -0.143847 0.322617 0.057449
v -0.157502 0.324348 0.034080
v -0.155330 0.338908 0.043072
v -0.152414 0.349566 0.048608
v -0.147739 0.341319 0.056301
v -0.159898 0.348530 0.034299
v -0.156464 0.358754 0.040173
v -0.152336 0.364843 0.041215
v -0.148410 0.356154 0.050134
v -0.143548 0.358067 0.047370
v -0.140575 0.350515 0.056928
v -0.144668 0.348184 0.058277
v -0.147043 0.366691 0.036907
v -0.138352 0.344335 0.064072
v -0.141095 0.341818 0.064502
v -0.142920 0.334381 0.062315
v -0.134502 0.341854 0.061729
v -0.135479 0.347746 0.052816
v -0.129222 0.340241 0.047077
v -0.129609 0.334537 0.057966
v -0.121914 0.328115 0.042016
v -0.123644 0.323309 0.053831
v -0.113725 0.312925 0.038201
v -0.116711 0.309075 0.050268
v -0.104677 0.295100 0.036236
v -0.109001 0.292332 0.047447
v -0.094352 0.275681 0.035158
v -0.100094 0.272800 0.045303
v -0.107330 0.271378 0.051376
v -0.089451 0.251098 0.043813
v -0.098887 0.248904 0.048791
v -0.110047 0.250167 0.049547
v -0.115909 0.272187 0.053644
v -0.082326 0.254837 0.034825
v -0.068155 0.233485 0.035206
v -0.077095 0.258971 0.022160
v -0.062090 0.239355 0.023563
v -0.073455 0.262602 0.006552
v -0.057156 0.244443 0.008695
v -0.087021 0.281080 0.004810
v -0.090087 0.278617 0.021394
v -0.059695 0.126097 0.056186
v 0.218418 0.314629 -0.008990
v 0.243440 0.325675 0.004637
v 0.230271 0.318827 0.009688
v 0.215902 0.308977 0.015088
v 0.240167 0.320625 0.025818
v 0.225882 0.309491 0.030524
v 0.248363 0.320598 0.038792
v 0.234488 0.308286 0.042838
v 0.255165 0.319169 0.047939
v 0.241786 0.306051 0.051605
v 0.260556 0.317014 0.053072
v 0.247946 0.303076 0.056281
v 0.264791 0.314373 0.053941
v 0.271096 0.327427 0.049808
v 0.274389 0.325463 0.051054
v 0.276644 0.323260 0.048065
v 0.281322 0.332982 0.048482
v 0.282746 0.331577 0.045805
v 0.283028 0.329777 0.039142
v 0.285433 0.335592 0.037863
v 0.283502 0.333717 0.027717
v 0.284944 0.338439 0.037546
v 0.281998 0.337107 0.027679
v 0.277469 0.334359 0.014053
v 0.277600 0.337630 0.028925
v 0.271865 0.335293 0.015216
v 0.270268 0.335174 0.031404
v 0.263587 0.333458 0.017703
v 0.260463 0.329518 0.034787
v 0.252836 0.328633 0.021405
v 0.275383 0.335314 0.041227
v 0.266434 0.328976 0.044387
v 0.278927 0.334465 0.046956
v 0.281524 0.338420 0.038877
v 0.068808 -0.020237 0.064146
v 0.040307 -0.009746 0.066304
v 0.006476 0.002616 0.067287
v 0.019148 0.035635 0.066415
v -0.027880 0.017558 0.067296
v -0.015131 0.049161 0.065966
v -0.059403 0.033235 0.065575
v -0.046822 0.061716 0.064391
v 0.023542 0.061466 -0.223282
v 0.053169 0.042074 -0.223251
v 0.046360 0.007167 -0.229347
v 0.026039 0.004283 -0.232678
v 0.028603 -0.014553 -0.232583
v 0.050911 -0.017486 -0.229148
v 0.010200 -0.013287 -0.234022
v -0.006889 -0.012257 -0.233975
v -0.024378 -0.011141 -0.232727
v -0.041541 0.013376 -0.228844
v -0.045259 -0.011044 -0.229142
v -0.063190 -0.045474 -0.223272
v -0.042888 -0.070173 -0.223915
v -0.027062 0.033098 -0.228849
v -0.032732 -0.574594 -0.110574
v -0.026923 -0.587999 -0.097108
v -0.020951 -0.575884 -0.131434
v -0.022120 -0.567956 -0.124749
v -0.021496 -0.578638 -0.100437
v -0.017576 -0.596819 -0.101286
v -0.013375 -0.594542 -0.102826
v -0.013688 -0.578134 -0.130326
v -0.010297 -0.583221 -0.112900
v -0.013576 -0.585225 -0.105449
v -0.031953 -0.574493 -0.114396
v -0.030432 -0.571390 -0.115112
v -0.031368 -0.573035 -0.109825
v -0.032586 -0.577694 -0.107809
v -0.031920 -0.578534 -0.112119
v -0.031351 -0.576152 -0.105378
v -0.026394 -0.590014 -0.098746
v -0.029134 -0.586613 -0.101139
v -0.028675 -0.584777 -0.098534
v -0.026299 -0.583885 -0.097314
v -0.024578 -0.588095 -0.096401
v -0.023156 -0.591820 -0.097405
v -0.019579 -0.578526 -0.130641
v -0.017143 -0.576939 -0.131736
v -0.019599 -0.574064 -0.131828
v -0.023525 -0.575371 -0.129307
v -0.022787 -0.579408 -0.127554
v -0.022618 -0.572366 -0.129671
v -0.023920 -0.568902 -0.125561
v -0.020981 -0.570125 -0.128768
v -0.019496 -0.569241 -0.126150
v -0.022772 -0.568126 -0.120858
v -0.025978 -0.568631 -0.120932
v -0.019030 -0.569411 -0.121674
v -0.024373 -0.578726 -0.099656
v -0.024610 -0.574888 -0.103610
v -0.020682 -0.576256 -0.103877
v -0.017052 -0.579741 -0.104335
v -0.019548 -0.582034 -0.099851
v -0.022893 -0.583018 -0.097673
v -0.015367 -0.596576 -0.103102
v -0.016791 -0.595730 -0.106502
v -0.019522 -0.596014 -0.103045
v -0.021555 -0.594532 -0.099831
v -0.018366 -0.595556 -0.099221
v -0.015442 -0.595335 -0.100674
v -0.013050 -0.594810 -0.105669
v -0.013101 -0.591230 -0.103554
v -0.011494 -0.591443 -0.107931
v -0.016009 -0.592013 -0.099785
v -0.014967 -0.579951 -0.130008
v -0.012846 -0.582585 -0.126311
v -0.012160 -0.579065 -0.127575
v -0.015209 -0.575461 -0.131057
v -0.013506 -0.575439 -0.127907
v -0.010708 -0.586765 -0.110357
v -0.012229 -0.580584 -0.111274
v -0.010032 -0.582009 -0.117300
v -0.010153 -0.586360 -0.115611
v -0.011798 -0.578021 -0.117106
v -0.017272 -0.586922 -0.099871
v -0.015667 -0.576550 -0.110100
v -0.015060 -0.573932 -0.116459
v -0.019811 -0.573215 -0.109422
v -0.019224 -0.570860 -0.115658
v -0.015272 -0.572407 -0.122476
v -0.024249 -0.571690 -0.109035
v -0.023545 -0.569275 -0.115218
v -0.027472 -0.569627 -0.115090
v -0.028320 -0.571677 -0.109261
v -0.028469 -0.575119 -0.103993
v -0.027776 -0.579248 -0.099913
v -0.030377 -0.580510 -0.101436
v -0.031333 -0.582010 -0.104391
v -0.028007 -0.588268 -0.105205
v -0.030484 -0.583542 -0.108760
v -0.025509 -0.589448 -0.110160
v -0.028127 -0.584384 -0.114153
v -0.029678 -0.579292 -0.117464
v -0.024693 -0.584647 -0.119608
v -0.026423 -0.579505 -0.123007
v -0.026816 -0.574988 -0.125032
v -0.029853 -0.574533 -0.119789
v -0.025809 -0.571239 -0.125916
v -0.028514 -0.570987 -0.120704
v -0.020925 -0.583812 -0.124497
v -0.018389 -0.588195 -0.120103
v -0.015102 -0.585716 -0.123899
v -0.017479 -0.582251 -0.127984
v -0.022118 -0.589361 -0.115397
v -0.019232 -0.593333 -0.110764
v -0.015845 -0.591630 -0.115087
v -0.022448 -0.593378 -0.106261
v -0.024871 -0.592233 -0.102015
v -0.013878 -0.593992 -0.109993
v -0.011536 -0.590600 -0.113119
v -0.012908 -0.588710 -0.118637
v -0.011058 -0.584734 -0.121283
v -0.010740 -0.580556 -0.122700
v -0.012257 -0.576277 -0.123038
v -0.016218 -0.571850 -0.127475
v -0.017829 -0.572521 -0.130522
v -0.019555 -0.592274 -0.097632
v -0.021055 -0.587892 -0.097084
v -0.494607 0.318182 -0.087831
v -0.479946 0.316577 -0.126243
v -0.486448 0.306545 -0.101509
v -0.482103 0.307360 -0.118686
v -0.491578 0.335922 -0.118831
v -0.494221 0.337205 -0.102775
v -0.494430 0.324295 -0.087722
v -0.481219 0.330973 -0.123136
v -0.493126 0.315297 -0.089974
v -0.494919 0.316088 -0.092123
v -0.495849 0.319575 -0.089307
v -0.495502 0.322513 -0.087695
v -0.493686 0.319956 -0.087373
v -0.491439 0.317095 -0.089388
v -0.480351 0.313296 -0.124597
v -0.478787 0.314124 -0.122494
v -0.478899 0.318286 -0.125218
v -0.481792 0.318795 -0.126794
v -0.482910 0.314878 -0.124710
v -0.480505 0.322309 -0.126469
v -0.486923 0.306133 -0.104720
v -0.489912 0.308443 -0.100599
v -0.488286 0.308380 -0.098061
v -0.486107 0.310077 -0.098099
v -0.484332 0.307384 -0.103120
v -0.483970 0.306129 -0.107794
v -0.484401 0.307770 -0.117124
v -0.484196 0.306126 -0.112779
v -0.481484 0.307136 -0.115677
v -0.481195 0.309763 -0.121454
v -0.483870 0.310782 -0.121395
v -0.479731 0.309980 -0.119221
v -0.493367 0.334109 -0.116678
v -0.491459 0.330794 -0.120197
v -0.489477 0.333715 -0.121727
v -0.487903 0.335917 -0.120300
v -0.490901 0.337383 -0.116832
v -0.493687 0.336895 -0.112949
v -0.494573 0.335140 -0.098859
v -0.496334 0.333542 -0.100237
v -0.495315 0.336715 -0.104942
v -0.492932 0.338095 -0.109161
v -0.492072 0.337841 -0.105014
v -0.491574 0.335149 -0.100390
v -0.496316 0.325619 -0.090606
v -0.494657 0.327418 -0.089943
v -0.491838 0.326780 -0.091086
v -0.492617 0.323020 -0.088201
v -0.481865 0.329377 -0.125054
v -0.479650 0.325493 -0.124572
v -0.479887 0.328660 -0.121288
v -0.481778 0.331808 -0.117531
v -0.483223 0.333727 -0.120818
v -0.484661 0.332800 -0.123468
v -0.486432 0.330366 -0.124470
v -0.483197 0.326248 -0.126411
v -0.486309 0.336328 -0.117319
v -0.489824 0.338184 -0.113144
v -0.484978 0.334949 -0.113041
v -0.488595 0.336917 -0.108780
v -0.484063 0.331404 -0.108209
v -0.487944 0.334057 -0.103620
v -0.484064 0.326818 -0.103017
v -0.487787 0.329557 -0.098530
v -0.491606 0.331338 -0.095322
v -0.494597 0.331250 -0.094199
v -0.488474 0.324843 -0.093924
v -0.484851 0.321561 -0.098494
v -0.486556 0.316997 -0.094991
v -0.489653 0.320287 -0.090843
v -0.488627 0.313430 -0.093378
v -0.483717 0.313292 -0.100341
v -0.490865 0.311803 -0.093621
v -0.492692 0.311931 -0.096285
v -0.491027 0.309963 -0.105226
v -0.494128 0.314116 -0.100545
v -0.496185 0.318449 -0.096306
v -0.497037 0.322669 -0.092685
v -0.494715 0.317530 -0.106141
v -0.496857 0.322371 -0.101505
v -0.497444 0.326457 -0.097744
v -0.496721 0.329764 -0.094992
v -0.496488 0.326618 -0.107352
v -0.497164 0.330820 -0.103167
v -0.495306 0.330981 -0.112485
v -0.495812 0.334318 -0.108555
v -0.494463 0.322089 -0.111680
v -0.493236 0.326571 -0.116803
v -0.491205 0.317335 -0.116030
v -0.490076 0.322165 -0.120471
v -0.488334 0.326543 -0.123618
v -0.486365 0.317912 -0.123435
v -0.484863 0.322472 -0.125786
v -0.487442 0.313517 -0.119254
v -0.491562 0.313202 -0.110489
v -0.487852 0.309643 -0.114477
v -0.487576 0.307231 -0.109228
v -0.481888 0.318013 -0.103870
v -0.479896 0.314423 -0.109694
v -0.481905 0.310238 -0.105815
v -0.479241 0.311712 -0.114903
v -0.481236 0.307990 -0.111243
v -0.478860 0.319566 -0.113875
v -0.478198 0.316291 -0.118897
v -0.478872 0.324466 -0.118095
v -0.478333 0.321194 -0.122186
v -0.480908 0.328169 -0.113138
v -0.480846 0.323136 -0.108477
v 0.035509 0.583083 -0.089069
v 0.032756 0.599492 -0.088983
v 0.043313 0.580304 -0.114457
v 0.042014 0.576882 -0.095983
v 0.052793 0.594717 -0.112604
v 0.035752 0.612393 -0.101882
v 0.042578 0.594478 -0.120167
v 0.043995 0.612691 -0.102823
v 0.033825 0.583914 -0.090867
v 0.033511 0.588609 -0.088783
v 0.035973 0.585985 -0.087975
v 0.037324 0.580418 -0.090712
v 0.035848 0.580363 -0.093423
v 0.039019 0.583493 -0.089405
v 0.031960 0.596361 -0.089622
v 0.031252 0.599822 -0.093014
v 0.032924 0.603192 -0.091220
v 0.035705 0.603629 -0.090544
v 0.035017 0.598780 -0.088179
v 0.033962 0.593486 -0.087800
v 0.040822 0.581163 -0.113798
v 0.040728 0.578733 -0.109226
v 0.044027 0.578628 -0.111386
v 0.046842 0.581520 -0.113409
v 0.044949 0.582707 -0.116605
v 0.042081 0.584882 -0.117196
v 0.041768 0.576500 -0.099168
v 0.038618 0.577381 -0.096474
v 0.040010 0.578239 -0.093344
v 0.041908 0.580753 -0.092529
v 0.044176 0.579020 -0.096446
v 0.044886 0.577752 -0.101234
v 0.051525 0.595946 -0.115095
v 0.050896 0.591143 -0.115807
v 0.052341 0.590660 -0.112047
v 0.052198 0.592325 -0.107405
v 0.052461 0.597014 -0.109602
v 0.051060 0.600514 -0.112100
v 0.035588 0.610665 -0.104658
v 0.038741 0.611930 -0.106221
v 0.038160 0.613602 -0.102110
v 0.034614 0.610865 -0.098894
v 0.033262 0.607758 -0.101501
v 0.037331 0.611957 -0.098213
v 0.041702 0.598469 -0.118458
v 0.038714 0.595986 -0.116748
v 0.040871 0.591895 -0.118933
v 0.043824 0.588945 -0.119576
v 0.045104 0.593654 -0.120135
v 0.045231 0.598446 -0.118732
v 0.041394 0.613422 -0.102520
v 0.042365 0.612285 -0.106572
v 0.045484 0.610833 -0.105924
v 0.047336 0.608240 -0.103612
v 0.044436 0.610502 -0.100328
v 0.040963 0.612054 -0.098648
v 0.040400 0.608000 -0.094771
v 0.036564 0.608611 -0.094100
v 0.044499 0.606461 -0.096884
v 0.048071 0.603600 -0.100576
v 0.047707 0.597955 -0.097408
v 0.043821 0.600589 -0.093588
v 0.039664 0.602870 -0.091205
v 0.042584 0.594438 -0.090945
v 0.038474 0.596757 -0.088749
v 0.040761 0.588208 -0.089559
v 0.037229 0.591155 -0.087643
v 0.046279 0.591434 -0.094836
v 0.044258 0.585605 -0.093055
v 0.049138 0.588864 -0.099771
v 0.046763 0.583067 -0.097824
v 0.050603 0.586604 -0.105321
v 0.048017 0.581589 -0.103155
v 0.050607 0.585704 -0.110571
v 0.047959 0.580836 -0.108711
v 0.044726 0.577859 -0.106444
v 0.041170 0.576847 -0.104105
v 0.037179 0.580695 -0.106550
v 0.037686 0.578565 -0.101092
v 0.034081 0.584873 -0.103069
v 0.034530 0.581728 -0.097832
v 0.031813 0.589711 -0.099405
v 0.032482 0.586496 -0.094465
v 0.030954 0.595315 -0.095796
v 0.031569 0.591325 -0.091648
v 0.032440 0.594025 -0.104614
v 0.031419 0.599279 -0.100696
v 0.031844 0.604230 -0.097225
v 0.033201 0.603517 -0.105225
v 0.033480 0.607144 -0.094991
v 0.034189 0.597857 -0.109486
v 0.037036 0.601472 -0.113043
v 0.035956 0.606413 -0.108794
v 0.040621 0.603332 -0.115114
v 0.039567 0.608481 -0.110684
v 0.044548 0.603924 -0.115423
v 0.043521 0.608574 -0.111157
v 0.048297 0.602651 -0.114359
v 0.047082 0.607489 -0.110123
v 0.049637 0.604544 -0.107957
v 0.050828 0.600457 -0.105084
v 0.050602 0.594799 -0.102334
v 0.048719 0.597636 -0.117386
v 0.048309 0.592138 -0.118750
v 0.046836 0.587217 -0.118230
v 0.049287 0.585813 -0.115162
v 0.036208 0.592659 -0.113233
v 0.034559 0.588412 -0.108558
v 0.037581 0.584226 -0.111663
v 0.038953 0.587868 -0.116055
v -0.500345 -0.384410 0.151990
v -0.500206 -0.383439 0.153983
v -0.500129 -0.383022 0.154325
v -0.499754 -0.383511 0.153839
v -0.499708 -0.383053 0.154293
v -0.499710 -0.384143 0.152193
v -0.499561 -0.382910 0.153710
v -0.499662 -0.384387 0.151301
v -0.500002 -0.384034 0.152073
v -0.500434 -0.383958 0.152808
v -0.500164 -0.383987 0.152624
v -0.499906 -0.384325 0.151731
v -0.500083 -0.384497 0.151492
v -0.500246 -0.384340 0.152365
v -0.500498 -0.383910 0.153393
v -0.500241 -0.383437 0.153651
v -0.500478 -0.383445 0.154191
v -0.500283 -0.383637 0.153988
v -0.500009 -0.383771 0.153283
v -0.499981 -0.383087 0.154421
v -0.500379 -0.383365 0.153857
v -0.499854 -0.382892 0.154103
v -0.500194 -0.383101 0.154457
v -0.499705 -0.383346 0.153966
v -0.499944 -0.383239 0.154372
v -0.499437 -0.383027 0.154153
v -0.499616 -0.383424 0.153543
v -0.499446 -0.383535 0.153233
v -0.499972 -0.383944 0.153166
v -0.499635 -0.382790 0.154489
v -0.499854 -0.383007 0.154141
v -0.499398 -0.382902 0.153930
v -0.499517 -0.384254 0.151562
v -0.499433 -0.384021 0.151788
v -0.499799 -0.384472 0.151363
v -0.499687 -0.384096 0.152255
v -0.499952 -0.384580 0.151505
v -0.499365 -0.383481 0.152783
v -0.499733 -0.383970 0.152121
v -0.500020 -0.383308 0.153434
v -0.499594 -0.383389 0.152780
v -0.499698 -0.383335 0.153287
v -0.499642 -0.384050 0.151706
v -0.500089 -0.383950 0.152300
v -0.499994 -0.383399 0.153131
v -0.323581 -0.123208 0.207558
v -0.324527 -0.121457 0.207601
v -0.323323 -0.123358 0.208707
v -0.324544 -0.121533 0.208063
v -0.321912 -0.123544 0.207896
v -0.322727 -0.122882 0.207879
v -0.321539 -0.124382 0.208191
v -0.321494 -0.124276 0.208622
v -0.322773 -0.122438 0.208367
v -0.323292 -0.122323 0.207431
v -0.324054 -0.122498 0.207657
v -0.324128 -0.122690 0.207694
v -0.323640 -0.123227 0.208060
v -0.323110 -0.123333 0.207872
v -0.323407 -0.122804 0.207409
v -0.322798 -0.123890 0.207946
v -0.324335 -0.121986 0.207346
v -0.323933 -0.121962 0.207551
v -0.324041 -0.121697 0.207431
v -0.324549 -0.121564 0.207590
v -0.324575 -0.121841 0.207817
v -0.324189 -0.121442 0.207937
v -0.323413 -0.123501 0.208201
v -0.324052 -0.122665 0.208307
v -0.323548 -0.122992 0.208426
v -0.322637 -0.123845 0.208599
v -0.322758 -0.123863 0.208579
v -0.322931 -0.123150 0.208882
v -0.324353 -0.122109 0.207953
v -0.324066 -0.121781 0.208032
v -0.323943 -0.122152 0.208494
v -0.322242 -0.123790 0.207798
v -0.321747 -0.123890 0.208321
v -0.321947 -0.123245 0.208393
v -0.322546 -0.122704 0.207844
v -0.321461 -0.124034 0.208315
v -0.323419 -0.121907 0.207850
v -0.322125 -0.124087 0.208357
v -0.321896 -0.124356 0.208416
v -0.321539 -0.124253 0.208709
v -0.321717 -0.123709 0.208847
v -0.322023 -0.123994 0.208927
v -0.322108 -0.123631 0.208694
v -0.322709 -0.122346 0.208405
v -0.322013 -0.123185 0.208395
v -0.322527 -0.122798 0.208816
v -0.323445 -0.121935 0.208477
v -0.323389 -0.121932 0.207919
v -0.323142 -0.122615 0.208498
v -0.065626 -0.342797 0.211950
v -0.065882 -0.343786 0.212362
v -0.064450 -0.343370 0.211680
v -0.066643 -0.342919 0.212525
v -0.065561 -0.342156 0.211915
v -0.065144 -0.342323 0.211835
v -0.064152 -0.343164 0.211591
v -0.064295 -0.342917 0.211623
v -0.065513 -0.342189 0.211958
v -0.066498 -0.343277 0.212489
v -0.065470 -0.342932 0.211953
v -0.066060 -0.343674 0.212368
v -0.066289 -0.343303 0.212394
v -0.065847 -0.342415 0.212000
v -0.065127 -0.342992 0.211809
v -0.066161 -0.343402 0.212444
v -0.064989 -0.343084 0.211857
v -0.064934 -0.343265 0.211810
v -0.065392 -0.343938 0.212229
v -0.065447 -0.343900 0.212201
v -0.065022 -0.343926 0.212104
v -0.064456 -0.343157 0.211647
v -0.064399 -0.343195 0.211687
v -0.065791 -0.342456 0.212032
v -0.066458 -0.342875 0.212445
v -0.065815 -0.342146 0.212009
v -0.066399 -0.342918 0.212491
v -0.065389 -0.342494 0.211856
v -0.065952 -0.343007 0.212308
v -0.066293 -0.342759 0.212430
v -0.064710 -0.342710 0.211698
v -0.065391 -0.343297 0.212193
v -0.065891 -0.343050 0.212359
v -0.064651 -0.342749 0.211745
v -0.065063 -0.343656 0.212091
v -0.065030 -0.343678 0.212119
v -0.065284 -0.342568 0.211927
v -0.065541 -0.343558 0.212286
v -0.065643 -0.343488 0.212220
v -0.592929 0.239735 0.155326
v -0.592619 0.240149 0.155996
v -0.591349 0.239522 0.156223
v -0.591907 0.239931 0.156493
v -0.590236 0.238929 0.155569
v -0.588907 0.239719 0.156476
v -0.588120 0.239434 0.157204
v -0.588656 0.239968 0.157714
v -0.589608 0.239975 0.157554
v -0.592450 0.239936 0.155703
v -0.592655 0.239796 0.155801
v -0.592409 0.239531 0.155438
v -0.592043 0.239646 0.155368
v -0.592303 0.239991 0.155683
v -0.592383 0.239351 0.155188
v -0.592399 0.239370 0.155541
v -0.591703 0.239163 0.155696
v -0.591705 0.239138 0.155411
v -0.591984 0.240059 0.156306
v -0.591610 0.240195 0.156262
v -0.591640 0.240236 0.156667
v -0.590463 0.239271 0.156436
v -0.590531 0.239006 0.155856
v -0.590689 0.239810 0.157043
v -0.589354 0.239579 0.157230
v -0.590773 0.240069 0.157048
v -0.591357 0.238984 0.155359
v -0.590096 0.238975 0.155919
v -0.590474 0.239118 0.155535
v -0.591094 0.239187 0.155326
v -0.589183 0.239138 0.156097
v -0.588925 0.239852 0.156897
v -0.589353 0.240055 0.156810
v -0.590087 0.239829 0.156170
v -0.589325 0.239449 0.156224
v -0.588282 0.239548 0.156870
v -0.589890 0.239464 0.155827
v -0.588924 0.239454 0.157218
v -0.588213 0.239745 0.157658
v -0.588395 0.239671 0.157348
v -0.588885 0.239275 0.156665
v -0.589072 0.239176 0.156635
v -0.589288 0.239874 0.157633
v -0.588868 0.240085 0.157720
v -0.588255 0.239944 0.157478
v -0.589443 0.240160 0.157330
v -0.590222 0.240170 0.157432
v -0.590151 0.240252 0.157115
v -0.590920 0.240195 0.156487
v -0.590846 0.239920 0.155954
v -0.591441 0.239560 0.155442
v -0.266645 0.227482 0.206272
v -0.266186 0.227554 0.206418
v -0.266288 0.227352 0.206115
v -0.265794 0.227053 0.206445
v -0.266207 0.227084 0.206519
v -0.266081 0.227331 0.206727
v -0.266158 0.227591 0.206322
v -0.266103 0.227271 0.206544
v -0.266334 0.227362 0.206521
v -0.266580 0.227336 0.206388
v -0.266299 0.227221 0.206398
v -0.266500 0.227421 0.206158
v -0.266289 0.227429 0.206355
v -0.266567 0.227623 0.206327
v -0.266438 0.227625 0.206190
v -0.265986 0.227501 0.206385
v -0.266352 0.227672 0.206350
v -0.266158 0.227482 0.206589
v -0.266077 0.227143 0.206301
v -0.266202 0.227202 0.206223
v -0.265864 0.227187 0.206317
v -0.266070 0.227351 0.206265
v -0.266197 0.227487 0.206186
v -0.265989 0.227021 0.206482
v -0.266120 0.227169 0.206413
v -0.265753 0.227139 0.206585
v -0.266047 0.227292 0.206297
v -0.266452 0.227222 0.206270
v -0.266365 0.227193 0.206457
v -0.266170 0.227191 0.206656
v -0.266501 0.227486 0.206507
v -0.266289 0.227535 0.206537
v -0.266294 0.227337 0.206587
v -0.265878 0.227263 0.206710
v -0.265909 0.227460 0.206571
v -0.265790 0.227331 0.206449
v -0.266084 0.227434 0.206452
v -0.265913 0.227079 0.206674
v -0.199632 0.280232 0.119563
v -0.199632 0.280232 0.119563
v -0.199632 0.280232 0.119563
v -0.199632 0.280232 0.119563
v -0.199632 0.280232 0.119563
v -0.199632 0.280232 0.119563
v -0.199632 0.280232 0.119563
v -0.199632 0.280232 0.119563
v -0.075277 0.624795 0.166585
v -0.075807 0.624938 0.166422
v -0.075780 0.624536 0.166790
v -0.075665 0.624630 0.167021
v -0.075154 0.624776 0.166529
v -0.075362 0.625155 0.166142
v -0.075788 0.625087 0.166457
v -0.075191 0.625132 0.166433
v -0.075817 0.624601 0.166821
v -0.075336 0.624972 0.166365
v -0.075790 0.624725 0.166869
v -0.075730 0.624541 0.166999
v -0.075249 0.624704 0.166564
v -0.075208 0.624861 0.166644
v -0.075333 0.625090 0.166107
v -0.075799 0.624723 0.166585
v -0.075245 0.625022 0.166193
v -0.075733 0.624942 0.166541
v -0.075286 0.625232 0.166065
v -0.075850 0.625021 0.166416
v -0.075319 0.624849 0.166335
v -0.075231 0.624778 0.166412
v -0.075697 0.624508 0.166914
v -0.075162 0.624745 0.166662
v -0.075705 0.624819 0.166891
v -0.075145 0.624940 0.166588
v -0.075644 0.624644 0.166917
v -0.075694 0.624674 0.166727
v -0.075160 0.624987 0.166395
v -0.075869 0.624821 0.166557
v -0.075847 0.624948 0.166594
v -0.075306 0.625259 0.166149
v -0.075220 0.625219 0.166236
v -0.075758 0.625018 0.166643
v -0.075267 0.625095 0.166413
v -0.075674 0.624892 0.166766
v 0.055605 0.342196 0.213780
v 0.055045 0.343078 0.213378
v 0.057566 0.341280 0.214150
v 0.060323 0.340521 0.215221
v 0.062129 0.340121 0.215883
v 0.063712 0.340174 0.216591
v 0.056159 0.343480 0.213907
v 0.059458 0.342472 0.215728
v 0.062546 0.341305 0.215906
v 0.062670 0.340128 0.216483
v 0.055780 0.342406 0.213990
v 0.057126 0.341781 0.214572
v 0.056603 0.341625 0.214076
v 0.056358 0.341862 0.213779
v 0.055333 0.342413 0.213479
v 0.055112 0.342893 0.213606
v 0.055587 0.342741 0.213470
v 0.056247 0.343010 0.213673
v 0.055478 0.343372 0.213629
v 0.055618 0.343210 0.213877
v 0.058282 0.341071 0.214619
v 0.058546 0.341333 0.214385
v 0.056857 0.342029 0.213776
v 0.061441 0.340769 0.215408
v 0.059610 0.341468 0.214692
v 0.062826 0.340121 0.216099
v 0.058962 0.340962 0.215183
v 0.060958 0.340409 0.215767
v 0.062510 0.339894 0.216284
v 0.063404 0.340051 0.216471
v 0.063174 0.340180 0.216686
v 0.063439 0.340631 0.216597
v 0.063325 0.340550 0.216215
v 0.063131 0.340893 0.216340
v 0.057140 0.343249 0.214152
v 0.056616 0.343405 0.214323
v 0.057960 0.343169 0.214699
v 0.058777 0.342375 0.215511
v 0.057519 0.342951 0.214895
v 0.058820 0.342924 0.215311
v 0.060424 0.342337 0.215747
v 0.060782 0.342013 0.216093
v 0.060401 0.341551 0.216070
v 0.062202 0.340959 0.215720
v 0.062071 0.341671 0.216097
v 0.061398 0.341816 0.215623
v 0.060643 0.341801 0.215113
v 0.061496 0.340451 0.216243
v 0.062076 0.340865 0.216464
v 0.059715 0.341267 0.215707
v 0.062310 0.341182 0.216476
v 0.057888 0.342010 0.215076
v 0.056474 0.342773 0.214457
v 0.059706 0.342647 0.215156
v 0.058769 0.342554 0.214563
v 0.057779 0.342376 0.214088
v 0.512218 -0.330661 -0.108233
v 0.511400 -0.325086 -0.099171
v 0.512414 -0.307906 -0.121047
v 0.510379 -0.304327 -0.103453
v 0.519388 -0.311240 -0.123791
v 0.514569 -0.307955 -0.097818
v 0.518239 -0.326601 -0.119931
v 0.524906 -0.317786 -0.108677
v 0.511035 -0.329040 -0.110198
v 0.509864 -0.327333 -0.106456
v 0.511618 -0.329621 -0.105102
v 0.514554 -0.329908 -0.105549
v 0.514286 -0.330884 -0.109495
v 0.513709 -0.329709 -0.113212
v 0.511500 -0.327418 -0.101629
v 0.509381 -0.324896 -0.102359
v 0.510250 -0.322293 -0.099254
v 0.512242 -0.319932 -0.097492
v 0.513646 -0.324094 -0.098785
v 0.514153 -0.327454 -0.101562
v 0.511120 -0.310568 -0.120345
v 0.513819 -0.312114 -0.123173
v 0.514367 -0.308513 -0.122520
v 0.511954 -0.306113 -0.118000
v 0.510011 -0.308538 -0.116471
v 0.515036 -0.306095 -0.119706
v 0.510082 -0.306621 -0.101359
v 0.508481 -0.308133 -0.104469
v 0.509905 -0.304977 -0.106787
v 0.512236 -0.303433 -0.108101
v 0.512588 -0.303757 -0.103678
v 0.512305 -0.305589 -0.100073
v 0.519807 -0.314405 -0.124162
v 0.521874 -0.314419 -0.121484
v 0.520782 -0.310412 -0.121501
v 0.517413 -0.309830 -0.123779
v 0.516731 -0.313485 -0.124404
v 0.518028 -0.307645 -0.120769
v 0.515245 -0.306062 -0.100193
v 0.517924 -0.308458 -0.100649
v 0.516306 -0.310756 -0.097926
v 0.513600 -0.312781 -0.096872
v 0.512587 -0.308827 -0.097836
v 0.516084 -0.327001 -0.119024
v 0.516651 -0.329241 -0.115534
v 0.519594 -0.327339 -0.117562
v 0.519086 -0.323534 -0.121820
v 0.515921 -0.323156 -0.121628
v 0.521190 -0.323848 -0.119338
v 0.525051 -0.318395 -0.112275
v 0.523766 -0.322315 -0.110717
v 0.523821 -0.320217 -0.106797
v 0.524229 -0.314663 -0.107692
v 0.524341 -0.314044 -0.112189
v 0.522629 -0.316612 -0.103906
v 0.520719 -0.312425 -0.102026
v 0.521970 -0.310483 -0.106257
v 0.521053 -0.323190 -0.104388
v 0.520138 -0.319369 -0.101153
v 0.518239 -0.314842 -0.098858
v 0.516713 -0.321985 -0.099267
v 0.515345 -0.317506 -0.097464
v 0.511026 -0.315214 -0.097775
v 0.508865 -0.317747 -0.100197
v 0.508364 -0.312754 -0.102195
v 0.510025 -0.310430 -0.099057
v 0.508173 -0.320575 -0.104180
v 0.507478 -0.315350 -0.106492
v 0.508098 -0.310363 -0.109194
v 0.508176 -0.318050 -0.111526
v 0.508469 -0.312790 -0.114131
v 0.509445 -0.306453 -0.111445
v 0.512160 -0.304454 -0.113404
v 0.515299 -0.304456 -0.114836
v 0.515761 -0.303888 -0.109467
v 0.518972 -0.306413 -0.116210
v 0.519195 -0.306031 -0.110499
v 0.519084 -0.306832 -0.105197
v 0.515568 -0.304334 -0.104157
v 0.522461 -0.309720 -0.111639
v 0.521748 -0.309742 -0.116902
v 0.523696 -0.314160 -0.117330
v 0.522222 -0.319198 -0.120925
v 0.523924 -0.318944 -0.116717
v 0.523041 -0.323487 -0.115424
v 0.520610 -0.327260 -0.113386
v 0.521378 -0.325878 -0.108820
v 0.517639 -0.329738 -0.111460
v 0.517864 -0.328559 -0.106819
v 0.517750 -0.325862 -0.102641
v 0.519452 -0.319018 -0.123285
v 0.516470 -0.318228 -0.123705
v 0.512958 -0.316943 -0.121910
v 0.512824 -0.322104 -0.119699
v 0.509805 -0.320411 -0.116042
v 0.510301 -0.325349 -0.113144
v 0.512837 -0.326691 -0.116565
v 0.510366 -0.315093 -0.118725
v 0.508459 -0.323242 -0.108678
v 0.525906 0.266175 -0.090924
v 0.527668 0.279177 -0.089487
v 0.538273 0.267169 -0.119405
v 0.535584 0.256590 -0.114019
v 0.529167 0.287177 -0.099529
v 0.540891 0.288994 -0.106617
v 0.530740 0.255345 -0.102396
v 0.546191 0.279570 -0.112262
v 0.525571 0.264018 -0.093247
v 0.524299 0.268422 -0.093114
v 0.525488 0.269798 -0.090004
v 0.527933 0.270550 -0.089699
v 0.528200 0.265674 -0.091151
v 0.527975 0.261715 -0.094305
v 0.526337 0.279604 -0.090642
v 0.528534 0.283554 -0.092517
v 0.530153 0.281241 -0.090746
v 0.527785 0.275488 -0.088947
v 0.525393 0.274878 -0.090102
v 0.531061 0.277104 -0.090565
v 0.535727 0.267685 -0.118358
v 0.535427 0.262917 -0.117410
v 0.538452 0.264007 -0.118966
v 0.541269 0.267257 -0.118141
v 0.539957 0.270532 -0.119201
v 0.537316 0.272870 -0.117600
v 0.535412 0.258848 -0.116117
v 0.532437 0.258335 -0.112811
v 0.533474 0.255696 -0.111496
v 0.535434 0.255850 -0.109625
v 0.537480 0.257598 -0.113739
v 0.538424 0.260454 -0.116544
v 0.527130 0.284216 -0.099187
v 0.528960 0.283636 -0.103605
v 0.531107 0.287551 -0.102978
v 0.533321 0.289018 -0.100942
v 0.530068 0.287621 -0.097597
v 0.527388 0.284312 -0.095203
v 0.539985 0.288101 -0.108451
v 0.542824 0.285821 -0.110766
v 0.542999 0.286889 -0.107068
v 0.538853 0.289175 -0.103307
v 0.536645 0.289255 -0.105226
v 0.540951 0.286853 -0.103098
v 0.532726 0.255071 -0.105763
v 0.530967 0.255611 -0.106985
v 0.528844 0.256463 -0.102716
v 0.530961 0.257183 -0.099837
v 0.534259 0.257225 -0.102927
v 0.528120 0.258517 -0.098098
v 0.545834 0.278656 -0.109164
v 0.544806 0.283247 -0.108206
v 0.545238 0.282511 -0.111662
v 0.545588 0.276319 -0.114064
v 0.545286 0.273729 -0.111481
v 0.544124 0.279596 -0.114946
v 0.541539 0.282738 -0.113553
v 0.539350 0.278202 -0.116291
v 0.542283 0.275157 -0.117209
v 0.543671 0.271774 -0.116671
v 0.541182 0.263750 -0.115884
v 0.543723 0.268440 -0.113599
v 0.539984 0.260693 -0.111787
v 0.542071 0.265460 -0.109631
v 0.543544 0.271162 -0.106795
v 0.543725 0.277124 -0.104891
v 0.539233 0.263026 -0.104481
v 0.540219 0.268898 -0.101934
v 0.540401 0.275107 -0.099532
v 0.539380 0.281040 -0.098536
v 0.542891 0.282480 -0.103353
v 0.536170 0.267022 -0.096900
v 0.536043 0.273235 -0.094967
v 0.535297 0.279001 -0.093729
v 0.533709 0.283729 -0.094088
v 0.537726 0.285598 -0.098212
v 0.531747 0.271565 -0.091217
v 0.531797 0.265959 -0.093415
v 0.535392 0.261462 -0.100040
v 0.531529 0.260926 -0.096192
v 0.537404 0.258445 -0.107563
v 0.535431 0.288483 -0.099354
v 0.531912 0.286481 -0.095224
v 0.537981 0.285339 -0.111159
v 0.535794 0.280663 -0.112993
v 0.533600 0.274878 -0.114569
v 0.531950 0.282536 -0.108831
v 0.529999 0.276587 -0.109471
v 0.528678 0.270016 -0.109881
v 0.532316 0.268724 -0.114652
v 0.528599 0.263735 -0.109133
v 0.531880 0.262931 -0.114360
v 0.529355 0.258638 -0.108441
v 0.525886 0.265032 -0.103594
v 0.527070 0.259809 -0.102855
v 0.524517 0.266675 -0.097650
v 0.525740 0.261688 -0.097839
v 0.524287 0.272817 -0.098174
v 0.524269 0.273971 -0.093101
v 0.525938 0.271422 -0.103760
v 0.526932 0.278001 -0.104114
v 0.525374 0.278983 -0.098430
v 0.525187 0.279650 -0.094028
v 0.534446 0.286883 -0.107028
v 0.084586 -0.629883 0.156908
v 0.084854 -0.630589 0.157650
v 0.085032 -0.629979 0.157828
v 0.083775 -0.629627 0.157338
v 0.083811 -0.629179 0.157568
v 0.084177 -0.629774 0.158273
v 0.084730 -0.629606 0.158099
v 0.084128 -0.629934 0.157049
v 0.084420 -0.630303 0.157145
v 0.084649 -0.629966 0.157172
v 0.084813 -0.630535 0.157373
v 0.084757 -0.629869 0.157203
v 0.084500 -0.630247 0.157125
v 0.084212 -0.629572 0.156801
v 0.084445 -0.630303 0.157598
v 0.084725 -0.629932 0.157640
v 0.084964 -0.630530 0.158013
v 0.084966 -0.630082 0.157479
v 0.084989 -0.630496 0.157804
v 0.084927 -0.630334 0.158222
v 0.084819 -0.629738 0.157742
v 0.084786 -0.629778 0.158027
v 0.083757 -0.629169 0.157185
v 0.083971 -0.629886 0.157157
v 0.083900 -0.629236 0.156936
v 0.084067 -0.629768 0.157395
v 0.083831 -0.629082 0.157358
v 0.083774 -0.629606 0.157711
v 0.083931 -0.629857 0.157581
v 0.084024 -0.629801 0.158042
v 0.084184 -0.629511 0.157633
v 0.083935 -0.629132 0.157816
v 0.084295 -0.629407 0.158055
v 0.084083 -0.629693 0.157950
v 0.084334 -0.629318 0.158032
v 0.084575 -0.630051 0.158372
v 0.084594 -0.630017 0.158142
v 0.084292 -0.629486 0.156994
v 0.084594 -0.630139 0.157582
v 0.084308 -0.629344 0.157549
v 0.084528 -0.630204 0.158124
v 0.084137 -0.629568 0.157094
v 0.199632 -0.280232 0.119563
v 0.199632 -0.280232 0.119563
v 0.199632 -0.280232 0.119563
v 0.199632 -0.280232 0.119563
v 0.199632 -0.280232 0.119563
v 0.199632 -0.280232 0.119563
v 0.199632 -0.280232 0.119563
v 0.199632 -0.280232 0.119563
v 0.267392 -0.227785 0.203881
v 0.268296 -0.228092 0.204364
v 0.268409 -0.228112 0.204328
v 0.266926 -0.227224 0.204160
v 0.267071 -0.227687 0.204643
v 0.266697 -0.227544 0.204637
v 0.267983 -0.227758 0.204873
v 0.268288 -0.227880 0.205026
v 0.267201 -0.227440 0.203975
v 0.267231 -0.227933 0.204044
v 0.267801 -0.227739 0.203972
v 0.267957 -0.227957 0.204044
v 0.267706 -0.227463 0.204011
v 0.267094 -0.227548 0.204037
v 0.267938 -0.228219 0.204137
v 0.267709 -0.227926 0.204276
v 0.267880 -0.228304 0.204504
v 0.268362 -0.228048 0.204731
v 0.268361 -0.228298 0.204448
v 0.268420 -0.227940 0.204219
v 0.268635 -0.227915 0.204592
v 0.268344 -0.227668 0.204308
v 0.268290 -0.227927 0.204612
v 0.266718 -0.227601 0.204146
v 0.266800 -0.227445 0.204369
v 0.266761 -0.227289 0.204435
v 0.267381 -0.227246 0.204335
v 0.267145 -0.227958 0.204814
v 0.267665 -0.227923 0.204728
v 0.267151 -0.228059 0.204457
v 0.266698 -0.227744 0.204520
v 0.266999 -0.227469 0.204784
v 0.267016 -0.227583 0.204286
v 0.267109 -0.227257 0.204694
v 0.267203 -0.227694 0.204895
v 0.268066 -0.227447 0.204649
v 0.268387 -0.227706 0.204923
v 0.267930 -0.227935 0.205031
v 0.267806 -0.227461 0.204954
v 0.267422 -0.227549 0.204660
v 0.267877 -0.228174 0.204909
v 0.267694 -0.227707 0.205010
v 0.268352 -0.228164 0.204844
v 0.267743 -0.227668 0.204274
v 0.588795 -0.242743 0.155022
v 0.588683 -0.241840 0.155611
v 0.589960 -0.241606 0.154031
v 0.588657 -0.243296 0.156146
v 0.592363 -0.242157 0.153957
v 0.592025 -0.242686 0.154619
v 0.590837 -0.242201 0.154623
v 0.591208 -0.242438 0.155068
v 0.587885 -0.242854 0.156199
v 0.588658 -0.242668 0.155620
v 0.589181 -0.243137 0.155329
v 0.589761 -0.242540 0.154882
v 0.589037 -0.242106 0.154935
v 0.588177 -0.242556 0.155406
v 0.589705 -0.242340 0.154357
v 0.588026 -0.242379 0.155747
v 0.588593 -0.241857 0.155330
v 0.588866 -0.241876 0.154999
v 0.589904 -0.241639 0.154959
v 0.588894 -0.242272 0.155532
v 0.588451 -0.242339 0.156135
v 0.590088 -0.241588 0.154197
v 0.590786 -0.241889 0.153816
v 0.590852 -0.241329 0.153964
v 0.589683 -0.241372 0.154512
v 0.589009 -0.241946 0.154590
v 0.590161 -0.241631 0.154265
v 0.588422 -0.242846 0.156383
v 0.588726 -0.242920 0.156043
v 0.589531 -0.242945 0.156057
v 0.589076 -0.243047 0.155999
v 0.588151 -0.243091 0.155995
v 0.589783 -0.243300 0.155580
v 0.591688 -0.242383 0.153864
v 0.591794 -0.242535 0.154338
v 0.592027 -0.242686 0.154173
v 0.592020 -0.242227 0.154397
v 0.591963 -0.242187 0.153895
v 0.591841 -0.241726 0.153814
v 0.591227 -0.243085 0.154738
v 0.591020 -0.242879 0.155283
v 0.591497 -0.242855 0.154742
v 0.591769 -0.241716 0.154124
v 0.591097 -0.241494 0.154263
v 0.591281 -0.241751 0.153853
v 0.590215 -0.242955 0.155462
v 0.589888 -0.242329 0.155607
v 0.588086 -0.242471 0.156080
v 0.590470 -0.242923 0.155159
v 0.590586 -0.242830 0.154471
v 0.591014 -0.242081 0.154119
v 0.323248 0.122857 0.208036
v 0.323448 0.123277 0.208214
v 0.323008 0.122155 0.208489
v 0.322844 0.123505 0.208430
v 0.323037 0.121798 0.208929
v 0.322636 0.123062 0.208956
v 0.324098 0.122547 0.208143
v 0.324066 0.123229 0.207934
v 0.323600 0.122019 0.209255
v 0.323701 0.123315 0.208416
v 0.323280 0.123529 0.207979
v 0.322966 0.123265 0.208676
v 0.322690 0.122985 0.208645
v 0.322875 0.122504 0.208947
v 0.323363 0.122245 0.208619
v 0.323793 0.122864 0.208099
v 0.323786 0.123299 0.207583
v 0.323794 0.122400 0.207876
v 0.323703 0.123523 0.208205
v 0.322770 0.122228 0.208877
v 0.323017 0.121893 0.209158
v 0.323356 0.121909 0.208490
v 0.323127 0.123611 0.208721
v 0.322704 0.123301 0.209137
v 0.322956 0.123443 0.208675
v 0.322952 0.122025 0.209477
v 0.323258 0.121985 0.209003
v 0.323364 0.121777 0.209222
v 0.322663 0.122673 0.209381
v 0.322893 0.123028 0.209382
v 0.322857 0.122533 0.209088
v 0.323808 0.122084 0.208627
v 0.324077 0.122454 0.207964
v 0.324105 0.122915 0.207563
v 0.324170 0.122916 0.208205
v 0.324026 0.123338 0.207705
v 0.323699 0.121984 0.208577
v 0.323661 0.122412 0.208748
v 0.323962 0.122384 0.208792
v 0.323285 0.122425 0.209418
v 0.323737 0.122923 0.208996
v 0.323297 0.122996 0.208838
v 0.323390 0.123408 0.208965
v 0.323534 0.123594 0.208155
v 0.323898 0.123359 0.208504
v 0.324005 0.122929 0.208184
v 0.499749 0.382634 0.154273
v 0.499440 0.384064 0.154309
v 0.499665 0.382898 0.154602
v 0.499931 0.384522 0.154899
v 0.500158 0.383568 0.153300
v 0.500407 0.384635 0.154794
v 0.500170 0.383280 0.155036
v 0.500753 0.384174 0.153296
v 0.499923 0.382574 0.154372
v 0.499972 0.382817 0.154675
v 0.500283 0.382684 0.153847
v 0.499919 0.382748 0.153745
v 0.499458 0.382876 0.154515
v 0.499956 0.383014 0.153714
v 0.499885 0.383885 0.153468
v 0.499688 0.384441 0.153803
v 0.499898 0.384470 0.153950
v 0.499655 0.383284 0.154103
v 0.499582 0.383370 0.153848
v 0.499701 0.384026 0.154599
v 0.499368 0.383490 0.154918
v 0.499612 0.384675 0.154806
v 0.499826 0.383426 0.154963
v 0.499589 0.382985 0.155063
v 0.500186 0.384767 0.154449
v 0.499900 0.384768 0.155176
v 0.499594 0.384213 0.155268
v 0.500160 0.384180 0.155063
v 0.500175 0.383344 0.153152
v 0.500539 0.383254 0.153232
v 0.500432 0.383861 0.153503
v 0.500518 0.383892 0.153005
v 0.499914 0.384010 0.153418
v 0.500222 0.384810 0.154656
v 0.500669 0.384279 0.154361
v 0.500203 0.384373 0.155138
v 0.500172 0.382972 0.154826
v 0.499896 0.383657 0.155321
v 0.500480 0.383638 0.154840
v 0.500414 0.383780 0.154632
v 0.500537 0.383077 0.154335
v 0.500766 0.383689 0.153710
v 0.500485 0.384361 0.154029
v 0.500278 0.384450 0.153538
v 0.500555 0.384598 0.153754
v 0.499938 0.384794 0.154126
v 0.500234 0.384400 0.153330
v 0.500312 0.383208 0.154038
# 3259 vertices

vn -0.917554 0.326085 -0.227516
vn -0.908164 -0.212865 -0.360452
vn -0.743142 0.332140 -0.580881
vn -0.544409 0.798704 -0.256301
vn -0.951502 0.307613 0.004210
vn -0.911400 -0.397244 -0.107458
vn -0.467685 0.883456 0.027869
vn -0.402485 0.278694 -0.871972
vn -0.659158 -0.274156 -0.700250
vn -0.386362 -0.537893 -0.749263
vn -0.087416 0.210823 -0.973608
vn 0.189453 0.820217 -0.539770
vn -0.226205 0.788485 -0.571946
vn 0.432314 0.057529 -0.899886
vn 0.272354 -0.477983 -0.835078
vn 0.706555 -0.047273 -0.706077
vn 0.633890 0.460764 -0.621192
vn 0.166873 0.133898 -0.976844
vn -0.148750 -0.586848 -0.795916
vn 0.401097 0.724749 -0.560232
vn -0.045242 0.266481 0.962778
vn -0.379960 -0.111568 0.918250
vn -0.378667 0.461053 0.802522
vn 0.029187 0.681516 0.731221
vn 0.243604 0.062961 0.967829
vn -0.140890 -0.476510 0.867807
vn 0.381374 0.613639 0.691376
vn 0.713203 -0.574938 -0.400983
vn 0.320107 -0.843590 -0.431146
vn 0.308543 -0.933121 -0.184627
vn 0.806255 -0.559890 -0.190986
vn 0.864530 -0.131907 -0.484963
vn 0.513833 -0.540996 -0.665807
vn 0.973557 0.054537 -0.221841
vn 0.818197 0.486027 0.307135
vn 0.588970 0.714648 0.377349
vn 0.582190 0.806839 0.100325
vn 0.860886 0.503322 0.074450
vn 0.990251 0.005458 0.139188
vn 0.882742 0.112993 0.456070
vn 0.633318 0.378835 0.674828
vn 0.083923 -0.913135 0.398926
vn -0.194522 -0.837538 0.510579
vn 0.169753 -0.590375 0.789076
vn 0.452948 -0.725743 0.517819
vn 0.029934 -0.989729 0.139788
vn -0.334069 -0.923706 0.187522
vn 0.505362 -0.845223 0.173802
vn -0.856845 0.145813 0.494525
vn -0.927217 0.228800 0.296510
vn -0.505882 0.798911 0.325307
vn -0.578553 0.566144 0.587160
vn -0.821676 -0.337762 0.459091
vn -0.883554 -0.430783 0.183735
vn -0.666856 0.024067 0.744798
vn -0.595183 -0.452307 0.664210
vn -0.675435 -0.644454 0.358422
vn -0.221422 0.817213 0.532105
vn -0.136990 0.947204 0.289893
vn 0.131388 0.963874 0.231698
vn 0.087226 0.889018 0.449486
vn 0.358758 0.917803 0.170087
vn 0.348470 0.846745 0.401984
vn 0.395032 0.918644 0.006622
vn 0.620211 0.782398 -0.056501
vn 0.170320 0.983027 0.068178
vn 0.204012 0.975702 -0.079903
vn 0.425761 0.894658 -0.135329
vn -0.099645 0.986951 0.126486
vn -0.065868 0.997471 -0.026716
vn -0.080476 0.968046 -0.237507
vn 0.219559 0.941649 -0.255129
vn -0.505671 0.844961 0.174178
vn -0.950263 0.272926 0.150040
vn -0.913866 -0.404145 0.038921
vn -0.713128 -0.699615 -0.044575
vn -0.706624 -0.678486 -0.200845
vn -0.703435 -0.700717 0.119055
vn -0.536985 -0.841688 0.056648
vn -0.534126 -0.838611 -0.106966
vn -0.520856 -0.809371 0.271344
vn -0.337972 -0.941143 -0.004912
vn -0.419281 -0.704438 0.572687
vn -0.030275 -0.998716 -0.040626
vn -0.072375 -0.978803 -0.191588
vn -0.336632 -0.928012 -0.159604
vn -0.055244 -0.921421 -0.384620
vn -0.316857 -0.890842 -0.325580
vn -0.517914 -0.812744 -0.266855
vn -0.260916 -0.811521 -0.522834
vn -0.481730 -0.746095 -0.459650
vn -0.700271 -0.583829 -0.410809
vn 0.067236 -0.788602 -0.611218
vn 0.409084 -0.912194 -0.023495
vn 0.846882 -0.531658 -0.011430
vn 0.854414 -0.477850 0.204047
vn 0.766464 -0.344329 0.542191
vn 0.997683 0.036801 -0.057230
vn 0.859356 0.503398 -0.089983
vn 0.850512 0.470816 -0.234441
vn 0.831708 0.329469 -0.446892
vn 0.644443 0.739869 -0.193097
vn 0.660558 0.657906 -0.361696
vn 0.440569 0.846944 -0.297631
vn 0.529186 -0.140576 0.836780
vn -0.780993 -0.118102 -0.613271
vn -0.909896 0.180069 -0.373718
vn -0.850705 -0.213766 -0.480213
vn -0.758487 -0.279527 -0.588695
vn -0.574297 -0.348822 -0.740612
vn -0.596805 -0.304486 -0.742369
vn -0.866737 0.077907 -0.492643
vn -0.908242 0.293664 -0.298090
vn -0.647540 -0.702490 -0.295297
vn -0.746876 -0.521971 -0.411974
vn -0.591734 -0.400879 -0.699390
vn -0.544663 -0.560917 -0.623469
vn -0.499275 -0.670272 -0.549054
vn -0.563763 -0.749444 -0.347139
vn -0.677341 -0.734930 0.032964
vn -0.807564 -0.583239 -0.087595
vn -0.551010 -0.830117 -0.085401
vn -0.492886 -0.862656 0.113521
vn -0.556421 -0.807541 -0.195634
vn -0.246813 -0.679430 -0.690984
vn -0.457940 -0.540573 -0.705742
vn -0.409257 -0.675962 -0.612849
vn -0.059192 -0.859861 -0.507085
vn -0.279578 -0.587324 -0.759531
vn 0.016013 -0.837555 -0.546119
vn -0.064913 -0.750072 -0.658163
vn 0.094114 -0.907926 -0.408426
vn -0.547000 -0.627211 0.554434
vn -0.009768 -0.626171 0.779625
vn -0.849859 -0.316543 0.421356
vn -0.773688 -0.502115 0.386378
vn -0.800809 -0.567988 0.189986
vn -0.592665 -0.715584 0.369714
vn -0.276529 -0.881504 0.382731
vn -0.144914 -0.980419 0.133335
vn 0.201512 -0.926183 -0.318712
vn 0.659671 0.593401 -0.461205
vn 0.386792 0.427298 0.817195
vn -0.780926 0.331520 0.529386
vn -0.290586 -0.955880 0.043055
vn -0.433421 -0.895720 -0.099152
vn -0.739271 -0.672150 -0.041149
vn -0.822792 -0.413192 -0.390239
vn -0.621644 0.330247 -0.710279
vn -0.539642 -0.319746 -0.778812
vn -0.572778 -0.310739 -0.758529
vn -0.308222 -0.508411 -0.804063
vn -0.276745 -0.447935 -0.850157
vn -0.782299 -0.129886 -0.609212
vn -0.823981 -0.054436 -0.563996
vn -0.531727 -0.271044 -0.802372
vn -0.751272 -0.153887 -0.641802
vn -0.337036 -0.356024 -0.871581
vn -0.919401 -0.355466 0.168360
vn -0.902215 -0.387303 0.189750
vn -0.914252 -0.396429 0.083594
vn -0.866243 -0.466343 0.179297
vn -0.118653 -0.658337 -0.743313
vn -0.140785 -0.575404 -0.805661
vn -0.139419 -0.496855 -0.856561
vn -0.182490 -0.390431 -0.902364
vn -0.292022 -0.291135 -0.911023
vn -0.939409 0.341907 0.024708
vn -0.897401 0.428796 0.103949
vn -0.930064 0.294905 0.219117
vn -0.971743 0.219725 0.086237
vn -0.942729 0.324691 -0.076404
vn -0.883311 0.468024 -0.026727
vn -0.987549 0.150774 -0.044881
vn -0.980761 -0.101773 0.166585
vn -0.996704 0.009690 0.080548
vn -0.997066 0.022588 0.073140
vn -0.984817 -0.026604 0.171544
vn -0.983846 -0.003212 0.178989
vn -0.982487 -0.118614 0.143699
vn -0.954664 -0.219129 0.201493
vn -0.931644 -0.208282 0.297755
vn -0.966459 -0.082580 0.243182
vn -0.965034 -0.221843 0.139627
vn -0.987738 0.044985 0.149497
vn -0.985002 0.099974 0.140626
vn -0.967352 0.115507 0.225584
vn -0.141312 -0.412382 -0.899985
vn -0.185074 -0.300229 -0.935740
vn -0.059964 -0.674826 -0.735537
vn -0.116901 -0.635359 -0.763317
vn -0.116904 -0.293948 -0.948645
vn -0.187834 -0.243098 -0.951642
vn -0.097386 -0.103944 -0.989804
vn -0.114363 -0.041359 -0.992578
vn -0.194195 -0.070728 -0.978410
vn -0.139804 -0.155042 -0.977966
vn -0.032085 -0.117946 -0.992501
vn -0.029619 -0.037242 -0.998867
vn -0.050440 -0.204771 -0.977509
vn -0.341960 0.905831 -0.250066
vn -0.683068 0.609953 -0.401717
vn -0.608546 0.692730 -0.387037
vn -0.203217 0.964900 -0.166345
vn -0.289046 0.935763 -0.201990
vn -0.725931 0.581985 -0.366494
vn -0.051476 0.994846 -0.087357
vn -0.002160 0.999883 -0.015121
vn 0.065198 0.997865 -0.003720
vn -0.579465 0.735142 -0.351832
vn -0.245919 0.956308 -0.158112
vn -0.077523 0.996610 -0.027551
vn -0.350425 0.936580 -0.004575
vn -0.207891 0.973177 -0.098524
vn -0.209572 0.908683 -0.361074
vn -0.343535 0.828630 -0.441990
vn -0.100740 0.972204 0.211355
vn -0.117256 0.992012 0.046509
vn -0.482126 0.682384 -0.549461
vn -0.593620 0.788775 -0.159530
vn -0.625119 0.759449 0.180175
vn -0.373499 0.859030 0.350093
vn -0.046282 0.892250 0.449164
vn -0.052638 0.589135 0.806318
vn 0.396431 0.745252 0.536135
vn 0.010543 0.726956 0.686603
vn -0.466603 0.578810 0.668776
vn -0.397014 0.723732 0.564440
vn 0.515195 0.849655 0.112521
vn -0.543691 0.825488 -0.151558
vn 0.126741 0.915556 -0.381698
vn 0.325888 0.941841 -0.082059
vn -0.718131 0.561165 0.411560
vn -0.804383 0.545283 0.235871
vn -0.488344 0.296157 -0.820860
vn -0.600273 0.335962 -0.725811
vn -0.503536 0.317219 -0.803632
vn -0.370137 0.241029 -0.897164
vn -0.240806 0.184929 -0.952792
vn -0.293853 0.254926 -0.921229
vn -0.161535 0.391661 -0.905819
vn -0.444783 0.337820 -0.829485
vn -0.606422 0.378610 -0.699219
vn -0.687740 0.353519 -0.634065
vn -0.555304 0.441052 -0.705061
vn -0.759173 0.483978 0.435226
vn -0.736094 0.594271 0.324049
vn -0.765803 0.560851 0.314632
vn -0.827387 0.474414 0.300602
vn -0.893407 0.341337 0.292084
vn -0.839802 0.318034 0.439985
vn -0.778173 0.285080 0.559622
vn -0.715743 0.421914 0.556507
vn -0.664614 0.505400 0.550326
vn -0.658397 0.567078 0.494910
vn -0.664921 0.385769 0.639580
vn -0.615498 0.479945 0.625152
vn -0.574813 0.551704 0.604329
vn -0.245925 0.209381 -0.946404
vn -0.170173 0.181745 -0.968509
vn -0.031389 0.221148 -0.974735
vn -0.122554 0.181098 -0.975799
vn -0.416828 0.329791 -0.847049
vn 0.073248 0.458211 -0.885820
vn 0.303173 0.679074 -0.668540
vn 0.073221 0.565039 -0.821809
vn -0.257183 0.461595 -0.848992
vn 0.593077 0.738845 0.319950
vn 0.599307 0.730790 0.326766
vn 0.471049 0.838852 0.272838
vn 0.522438 0.815404 0.249350
vn 0.714432 0.645883 0.269112
vn 0.747417 0.597107 0.291258
vn 0.642088 0.745127 0.180302
vn 0.368943 0.890654 0.265737
vn 0.378234 0.878243 0.292623
vn 0.472176 0.853534 0.220296
vn 0.534508 0.832806 0.144001
vn 0.633928 0.726184 0.266067
vn 0.509255 0.827142 0.237689
vn 0.387451 0.897687 0.209856
vn -0.041749 0.057895 -0.997449
vn -0.043185 0.020805 -0.998850
vn 0.038569 0.017503 -0.999103
vn 0.018638 0.066866 -0.997588
vn -0.095818 0.108755 -0.989440
vn -0.125431 0.049789 -0.990852
vn -0.024812 0.153923 -0.987771
vn -0.511165 0.582977 -0.631545
vn -0.641012 0.457624 -0.616186
vn -0.237921 0.733183 -0.637052
vn -0.158868 0.802361 -0.575306
vn -0.240781 0.572776 -0.783551
vn -0.104204 0.722705 -0.683256
vn 0.250220 0.702657 -0.666080
vn 0.307789 0.797441 -0.518993
vn 0.297387 0.855039 -0.424817
vn -0.146726 -0.456025 0.877789
vn -0.012109 -0.568560 0.822552
vn -0.593557 0.099132 0.798663
vn -0.659675 0.171859 0.731637
vn 0.290915 -0.787887 0.542773
vn 0.297721 -0.839896 0.453803
vn 0.142855 -0.586858 0.796988
vn 0.340989 -0.738612 0.581531
vn -0.722877 0.289245 0.627523
vn -0.471226 -0.041338 0.881043
vn -0.134900 -0.311830 0.940513
vn -0.049354 -0.110304 0.992672
vn -0.080498 -0.197749 0.976942
vn -0.513728 0.179733 0.838915
vn -0.471334 0.220551 0.853933
vn 0.298877 -0.398978 0.866885
vn 0.288899 -0.511938 0.808985
vn -0.035655 -0.052170 0.998002
vn 0.291196 -0.307712 0.905825
vn -0.434913 0.229178 0.870820
vn 0.607684 -0.725183 0.323773
vn 0.578238 -0.774513 0.256458
vn 0.570769 -0.749840 0.334609
vn 0.604066 -0.691132 0.396788
vn 0.612639 -0.720112 0.325749
vn 0.583071 -0.779910 0.227527
vn 0.616118 -0.664018 0.423651
vn 0.213996 -0.452153 0.865889
vn 0.227129 -0.617829 0.752794
vn 0.382670 -0.586344 0.713977
vn 0.347400 -0.460736 0.816723
vn 0.032929 -0.482525 0.875263
vn 0.034163 -0.641344 0.766492
vn 0.273499 -0.323270 0.905922
vn 0.206543 -0.322777 0.923664
vn 0.164385 -0.287706 0.943506
vn 0.041997 -0.267683 0.962591
vn 0.126478 -0.125788 0.983962
vn 0.068097 -0.109183 0.991686
vn 0.030446 -0.088848 0.995580
vn 0.026099 -0.149554 0.988409
vn -0.083838 -0.317145 0.944664
vn -0.126976 -0.491921 0.861331
vn -0.017294 -0.179535 0.983599
vn -0.535949 -0.630476 0.561478
vn -0.590567 -0.640965 0.490300
vn -0.536949 -0.715658 0.446676
vn -0.480252 -0.671940 0.563786
vn -0.415053 -0.583354 0.698162
vn -0.493721 -0.552613 0.671460
vn -0.575182 -0.547050 0.608196
vn 0.070264 -0.110666 0.991371
vn 0.077636 -0.104660 0.991473
vn 0.013107 -0.051319 0.998596
vn 0.050365 -0.087214 0.994916
vn -0.155206 -0.292054 0.943724
vn -0.310191 -0.448241 0.838368
vn -0.236397 -0.485715 0.841545
vn -0.142311 -0.327357 0.934123
vn -0.194334 -0.223546 0.955124
vn -0.380594 -0.406432 0.830639
vn -0.014877 -0.160078 0.986992
vn 0.055246 -0.053537 0.997037
vn -0.056683 -0.209292 0.976209
vn 0.280426 0.570961 0.771599
vn 0.237383 0.931921 0.274177
vn 0.147931 0.951374 0.270192
vn 0.132251 0.663114 0.736742
vn 0.339679 0.857037 0.387434
vn 0.266772 0.939224 0.216079
vn 0.273775 -0.158154 0.948702
vn 0.438743 0.718734 0.539376
vn -0.011988 -0.041398 0.999071
vn 0.024656 -0.293536 0.955630
vn -0.048593 -0.637522 0.768898
vn 0.299518 -0.134060 0.944625
vn 0.467602 0.604504 0.644921
vn -0.051184 0.749258 0.660298
vn 0.063629 0.961345 0.267895
vn 0.023722 0.998186 0.055330
vn -0.238801 0.944882 0.223991
vn -0.476892 0.735222 0.481687
vn -0.337897 0.428546 0.837958
vn -0.233965 0.087879 0.968265
vn -0.100791 0.086984 0.991098
vn -0.488881 0.455692 0.743869
vn -0.433033 0.352852 0.829444
vn -0.390358 0.245701 0.887272
vn -0.335243 0.110089 0.935678
vn -0.324341 0.148029 0.934286
vn -0.376301 0.194937 0.905758
vn -0.386788 0.265449 0.883137
vn -0.331708 0.184607 0.925143
vn -0.304049 0.084862 0.948869
vn -0.253677 0.126762 0.958947
vn -0.283953 0.265930 0.921223
vn -0.211684 0.188409 0.959006
vn -0.199399 0.053690 0.978446
vn -0.139159 0.139733 0.980362
vn -0.211639 0.217568 0.952824
vn 0.093486 -0.180914 0.979046
vn 0.359279 -0.050762 0.931848
vn 0.187782 -0.144813 0.971477
vn -0.260688 -0.284104 0.922674
vn -0.524999 -0.299108 0.796813
vn -0.543467 -0.248159 0.801911
vn 0.191430 -0.183319 0.964235
vn -0.567928 -0.308644 0.763018
vn 0.793335 0.153564 0.589100
vn 0.724507 0.145818 0.673667
vn 0.681989 0.146694 0.716500
vn -0.136322 0.026819 0.990301
vn -0.257732 0.046418 0.965101
vn -0.283238 0.046674 0.957913
vn -0.217307 0.025058 0.975782
vn -0.114747 0.061727 0.991475
vn -0.255607 0.077311 0.963685
vn -0.150666 0.029364 0.988149
vn -0.092580 0.009807 0.995657
vn -0.025275 -0.018855 0.999503
vn 0.003871 -0.000227 0.999992
vn -0.033556 -0.019578 0.999245
vn -0.244131 0.156668 0.957003
vn -0.123797 0.125390 0.984353
vn -0.107090 0.130143 0.985695
vn -0.102262 0.088286 0.990832
vn -0.371439 0.312904 0.874142
vn -0.366938 0.274860 0.888712
vn -0.384852 0.187517 0.903729
vn 0.606658 0.089918 0.789862
vn -0.032106 0.085996 0.995778
vn -0.196290 0.072754 0.977843
vn -0.357015 0.021506 0.933851
vn -0.300135 -0.063581 0.951775
vn -0.225194 -0.138284 0.964451
vn 0.102998 0.028303 0.994279
vn 0.402985 0.245918 0.881548
vn 0.265405 0.276940 0.923506
vn 0.003854 0.190308 0.981717
vn -0.097509 0.107174 0.989447
vn 0.194505 0.332826 0.922710
vn 0.134184 0.261061 0.955951
vn 0.038262 0.197704 0.979515
vn 0.440482 0.457107 0.772677
vn 0.350262 0.481371 0.803492
vn 0.252556 0.510757 0.821792
vn 0.197432 0.363033 0.910619
vn 0.130522 0.227225 0.965056
vn 0.865482 0.486904 0.117753
vn 0.871713 0.482970 0.082803
vn 0.848264 0.523165 0.082142
vn 0.847347 0.511374 0.143177
vn 0.849249 0.476079 0.228308
vn 0.868625 0.460722 0.182282
vn 0.853874 0.508138 0.112672
vn 0.841051 0.535484 0.076751
vn 0.864972 0.494231 0.086945
vn 0.865970 0.474502 0.157935
vn 0.876094 0.475008 0.082621
vn 0.822429 0.559242 0.104203
vn 0.776407 0.628992 0.039517
vn 0.720793 0.691746 -0.044103
vn 0.800765 0.597553 0.041306
vn 0.838963 0.520465 0.158922
vn 0.751177 0.615978 0.237284
vn 0.764733 0.613049 0.198377
vn 0.764960 0.626202 0.150692
vn 0.269400 -0.621956 -0.735251
vn -0.097284 -0.785862 -0.610702
vn -0.173496 -0.840662 -0.513017
vn 0.198486 -0.732014 -0.651736
vn 0.267311 -0.546422 -0.793705
vn -0.096530 -0.742761 -0.662562
vn 0.463852 -0.575026 -0.673934
vn 0.475826 -0.464479 -0.746893
vn 0.423535 -0.335370 -0.841513
vn 0.089689 -0.113107 -0.989526
vn 0.029738 -0.121295 -0.992171
vn 0.036571 -0.208125 -0.977418
vn 0.121830 -0.165652 -0.978630
vn 0.174032 -0.087325 -0.980860
vn 0.108124 -0.053137 -0.992716
vn 0.033330 -0.041510 -0.998582
vn -0.414773 -0.867890 0.273367
vn -0.416497 -0.879390 0.230658
vn -0.287036 -0.932511 0.219164
vn -0.297682 -0.907539 0.296239
vn -0.332823 -0.875446 0.350462
vn -0.449620 -0.855558 0.256636
vn -0.502356 -0.848795 0.164880
vn -0.473499 -0.844418 0.250513
vn -0.511439 -0.795357 0.325327
vn -0.537741 -0.799732 0.266953
vn -0.511400 -0.797429 0.320278
vn -0.060335 -0.480009 -0.875186
vn -0.122682 -0.466678 -0.875877
vn -0.291765 -0.717985 -0.631957
vn -0.114882 -0.648209 -0.752746
vn 0.225446 -0.344411 -0.911348
vn 0.131915 -0.266214 -0.954845
vn 0.181775 -0.517290 -0.836282
vn 0.251962 -0.265105 -0.930717
vn 0.151568 -0.235264 -0.960041
vn 0.293768 -0.243113 -0.924444
vn 0.377901 -0.295818 -0.877316
vn 0.161228 -0.226887 -0.960483
vn 0.046854 -0.257222 -0.965216
vn 0.522596 -0.340888 -0.781466
vn 0.422964 -0.361148 -0.831068
vn 0.225272 -0.241981 -0.943768
vn 0.199245 -0.161707 -0.966515
vn 0.344117 -0.385812 -0.855998
vn -0.611946 -0.716991 0.333835
vn -0.642566 -0.679010 0.355040
vn -0.557667 -0.788777 0.258531
vn 0.578759 -0.401874 -0.709602
vn 0.491350 -0.346297 -0.799158
vn -0.645062 -0.750996 0.141066
vn -0.548158 -0.826242 0.129797
vn -0.667169 -0.743964 -0.037457
vn -0.719492 -0.694139 0.022406
vn -0.699934 -0.673404 0.237949
vn -0.810671 -0.580902 0.073251
vn 0.741489 -0.486681 0.461883
vn 0.828180 -0.307168 0.468791
vn 0.754047 -0.261305 0.602605
vn 0.684799 -0.410615 0.602034
vn 0.820034 -0.479824 0.311952
vn 0.889852 -0.336995 0.307569
vn 0.718447 -0.607059 0.339578
vn 0.751574 -0.574405 0.324340
vn -0.803840 -0.590914 -0.068272
vn 0.537279 -0.837528 0.099393
vn 0.751205 -0.659849 -0.017038
vn 0.757516 -0.612958 0.224615
vn 0.612006 -0.702660 0.362930
vn 0.530010 -0.784727 -0.321393
vn 0.682221 -0.640552 -0.352516
vn 0.328355 -0.757000 0.564919
vn 0.267020 -0.891797 0.365236
vn 0.341425 -0.939831 -0.012095
vn 0.355874 -0.882029 -0.308834
vn 0.212864 -0.961264 0.175100
vn 0.767380 -0.329210 0.550226
vn 0.423666 -0.593108 0.684639
vn 0.694455 -0.577155 0.429679
vn 0.792128 -0.555887 0.252037
vn 0.635101 -0.330624 -0.698093
vn 0.825773 0.427611 -0.367762
vn 0.832915 0.350003 0.428661
vn 0.528223 -0.837605 -0.139280
vn -0.423497 -0.436197 0.793966
vn 0.001422 -0.601858 0.798602
vn -0.037330 0.629187 0.776357
vn -0.424737 -0.758075 0.494894
vn -0.066105 -0.740093 0.669248
vn -0.632089 -0.611617 -0.475802
vn -0.517237 -0.852655 0.073799
vn -0.203834 0.935330 -0.289153
vn -0.120614 -0.917606 -0.378751
vn -0.331188 -0.937679 -0.105232
vn 0.115924 -0.986537 -0.115357
vn 0.162794 -0.981953 -0.096262
vn 0.023277 -0.999595 0.016360
vn -0.041781 -0.999052 0.012194
vn 0.434319 -0.848966 -0.301039
vn 0.418658 -0.871267 -0.256164
vn -0.093253 -0.995576 0.011519
vn 0.000638 -0.998558 -0.053677
vn 0.214141 -0.958489 -0.188259
vn 0.492261 -0.807742 -0.324395
vn 0.173120 -0.974594 -0.142116
vn 0.519327 -0.802998 -0.292393
vn 0.056276 0.165620 -0.984583
vn 0.099311 0.097456 -0.990272
vn 0.163824 0.150681 -0.974914
vn 0.077526 0.223635 -0.971585
vn -0.048837 0.227788 -0.972485
vn 0.172516 0.521526 -0.835613
vn 0.194785 0.339892 -0.920072
vn 0.241367 0.300541 -0.922723
vn 0.232770 0.394664 -0.888853
vn 0.206001 0.553107 -0.807240
vn 0.174518 0.360798 -0.916171
vn 0.076990 0.766558 -0.637544
vn 0.166179 0.783338 -0.598971
vn 0.111551 0.616904 -0.779092
vn -0.017665 0.790155 -0.612652
vn 0.231521 0.482902 -0.844514
vn 0.989269 -0.141094 0.037934
vn 0.988638 -0.110414 0.102000
vn 0.992783 -0.013595 0.119153
vn 0.991091 -0.129378 0.031625
vn 0.969082 -0.246715 -0.003433
vn 0.967691 -0.235625 0.089750
vn 0.964288 -0.261237 -0.043638
vn 0.978695 0.111099 0.172663
vn 0.964347 0.093713 0.247492
vn 0.984822 -0.032331 0.170529
vn 0.994766 0.003070 0.102130
vn 0.986715 0.117957 0.111712
vn 0.984699 -0.156691 0.076263
vn 0.939225 -0.338739 0.055785
vn 0.929700 -0.367669 -0.021831
vn 0.895497 -0.445011 -0.007135
vn 0.924089 -0.375239 0.072494
vn 0.961585 -0.248466 0.116702
vn 0.370961 0.373757 -0.850114
vn 0.358797 0.311426 -0.879931
vn 0.576890 0.231021 -0.783471
vn 0.598026 0.239635 -0.764814
vn 0.639431 0.248788 -0.727484
vn 0.464193 0.371638 -0.803996
vn 0.225276 0.562425 -0.795568
vn 0.817571 0.050206 -0.573635
vn 0.842702 0.088836 -0.531001
vn 0.963325 -0.069392 -0.259210
vn 0.953045 -0.175201 -0.247000
vn 0.644874 0.244598 -0.724092
vn 0.406913 0.477523 -0.778713
vn 0.204830 0.653964 -0.728269
vn 0.909160 0.378349 0.174013
vn 0.891494 0.411317 0.189886
vn 0.751363 0.530121 0.392970
vn 0.904056 0.416116 0.097629
vn 0.509003 0.651354 0.562720
vn 0.724054 0.689734 -0.003610
vn 0.851742 0.486794 0.193822
vn 0.413788 0.908986 -0.050243
vn 0.780227 0.592804 0.199575
vn 0.558158 0.735726 0.383624
vn 0.234649 0.886239 0.399400
vn 0.115672 0.979006 0.167832
vn 0.256454 0.963023 0.082568
vn 0.524861 0.474776 -0.706476
vn 0.774405 0.180233 -0.606476
vn 0.906431 -0.108270 -0.408240
vn 0.901938 -0.203860 -0.380720
vn 0.250510 0.759545 -0.600280
vn 0.083590 0.838666 -0.538194
vn 0.161835 0.745274 -0.646820
vn 0.681838 0.308947 -0.663060
vn 0.662652 0.462469 -0.589080
vn 0.634153 0.729174 -0.257207
vn 0.526744 0.848285 -0.054342
vn 0.460149 0.876714 0.140130
vn 0.652279 0.755776 0.057753
vn 0.556069 0.771282 -0.309694
vn 0.536909 0.827051 -0.166478
vn 0.789533 0.609367 -0.072860
vn 0.733381 0.558551 -0.387523
vn 0.587015 0.461108 -0.665427
vn 0.549447 0.612066 -0.568756
vn 0.508818 0.706236 -0.492275
vn 0.899814 -0.377276 -0.219084
vn 0.922974 -0.135107 -0.360367
vn 0.871841 -0.101980 -0.479055
vn 0.911129 -0.372495 -0.176328
vn 0.886355 -0.439033 -0.147056
vn -0.785335 -0.581967 0.211101
vn -0.768358 -0.620304 0.157637
vn -0.737585 -0.674327 0.035387
vn -0.786673 -0.608536 0.104067
vn -0.818106 -0.561217 0.125446
vn -0.819460 -0.541800 0.186919
vn -0.817292 -0.512653 0.263101
vn -0.773242 -0.559251 0.298891
vn -0.648871 -0.645298 0.403183
vn -0.670674 -0.641910 0.371681
vn 0.073761 -0.386795 0.919211
vn -0.398135 -0.421911 0.814543
vn 0.106202 -0.096137 0.989686
vn 0.515452 -0.073918 0.853724
vn 0.064639 -0.566570 0.821474
vn -0.578749 -0.597778 0.554717
vn 0.687026 -0.167248 0.707123
vn -0.395746 -0.804153 0.443534
vn -0.534231 -0.801392 0.269012
vn -0.160196 -0.897500 0.410890
vn -0.172567 -0.836193 0.520578
vn -0.345111 -0.721641 0.600110
vn -0.162454 -0.749761 0.641457
vn -0.618521 -0.720944 0.312523
vn 0.160322 -0.061734 0.985132
vn 0.309422 -0.027730 0.950520
vn 0.289232 0.067546 0.954873
vn -0.019523 0.015564 0.999688
vn -0.293517 -0.190934 0.936692
vn 0.257181 0.155278 0.953807
vn 0.153305 -0.013923 0.988081
vn 0.123515 0.004095 0.992334
vn 0.065545 0.027075 0.997482
vn 0.055887 0.047690 0.997298
vn -0.031367 0.080210 0.996284
vn 0.101929 -0.045509 0.993750
vn 0.238319 -0.067319 0.968851
vn 0.184415 -0.043733 0.981875
vn 0.258256 -0.049766 0.964794
vn 0.266682 -0.059353 0.961955
vn 0.266460 -0.084291 0.960153
vn -0.176196 0.048496 0.983160
vn -0.539443 -0.184290 0.821607
vn -0.568348 -0.097818 0.816953
vn -0.101311 0.170033 0.980217
vn 0.179246 0.117998 0.976702
vn -0.294335 -0.190622 0.936499
vn 0.374867 0.297797 0.877947
vn 0.284665 -0.179925 0.941591
vn 0.276820 -0.144089 0.950057
vn 0.246289 -0.150021 0.957515
vn 0.214895 -0.118668 0.969401
vn 0.283617 -0.203829 0.937025
vn 0.181129 -0.334638 0.924775
vn 0.393237 -0.429714 0.812841
vn 0.319842 -0.292378 0.901231
vn 0.382241 -0.746279 0.544941
vn 0.517359 -0.551365 0.654474
vn 0.304496 -0.013890 0.952412
vn -0.102273 -0.852978 0.511829
vn 0.156673 -0.956663 0.245457
vn -0.120986 -0.976156 0.180227
vn -0.054286 -0.998324 0.020053
vn -0.184692 -0.597431 0.780362
vn -0.267399 -0.589853 0.761952
vn -0.221917 -0.891240 0.395531
vn -0.181593 -0.969943 0.161973
vn -0.279309 -0.900707 0.332736
vn -0.368293 -0.576572 0.729332
vn -0.226939 -0.961102 0.157422
vn -0.445599 -0.555177 0.702296
vn -0.327278 -0.865204 0.379884
vn -0.244303 -0.359665 0.900532
vn -0.430336 -0.506519 0.747161
vn -0.322127 0.334439 0.885655
vn -0.055879 0.344996 0.936939
vn -0.075322 -0.578540 0.812169
vn -0.293801 -0.846088 0.444766
vn 0.257811 0.285465 0.923062
vn 0.120987 0.783057 0.610069
vn 0.020022 0.835995 0.548371
vn 0.226529 0.912050 0.341831
vn 0.297466 0.811620 0.502780
vn -0.062008 -0.997498 0.033943
vn 0.112057 -0.990881 -0.074816
vn 0.006380 -0.998908 0.046293
vn -0.088664 -0.981344 0.170593
vn 0.710754 0.658596 0.247144
vn 0.591451 0.619412 0.516251
vn 0.627056 0.759764 0.171929
vn 0.818917 0.573598 -0.019005
vn 0.897510 -0.364180 -0.248695
vn 0.782087 0.618746 0.074111
vn 0.614780 0.656916 0.436472
vn 0.527090 0.426293 0.735153
vn 0.334266 0.677728 0.654943
vn 0.107672 0.695536 0.710377
vn 0.095815 0.520941 0.848198
vn 0.300444 0.813172 0.498483
vn 0.101757 0.817698 0.566583
vn 0.502581 0.701327 0.505523
vn 0.467902 0.789742 0.396706
vn 0.418776 0.583680 0.695661
vn 0.504765 0.594491 0.625934
vn 0.051459 0.188173 0.980787
vn 0.010725 0.108223 0.994069
vn -0.035816 0.111188 0.993154
vn -0.016334 0.124390 0.992099
vn 0.086150 0.346782 0.933981
vn 0.006267 0.137678 0.990457
vn 0.003056 0.169011 0.985609
vn 0.023596 0.090554 0.995612
vn -0.029240 0.307397 0.951132
vn -0.250005 0.430613 0.867220
vn -0.062070 0.492178 0.868279
vn -0.080483 0.671768 0.736377
vn -0.270761 0.628691 0.728997
vn -0.418388 0.596527 0.684913
vn -0.395539 0.462998 0.793209
vn -0.271372 0.271764 0.923310
vn -0.217156 0.202643 0.954871
vn -0.150842 0.248142 0.956908
vn -0.345149 0.326032 0.880100
vn -0.554182 0.776041 0.301069
vn -0.544846 0.778814 0.310792
vn -0.515558 0.831818 0.205615
vn -0.529015 0.818025 0.225782
vn -0.559298 0.743901 0.365781
vn -0.554850 0.726338 0.405679
vn -0.536888 0.791524 0.291959
vn 0.221941 0.911066 0.347420
vn 0.307744 0.929664 0.202530
vn 0.297769 0.925889 0.232514
vn 0.188685 0.924066 0.332416
vn -0.008676 0.830986 0.556225
vn 0.018173 0.776834 0.629444
vn 0.052004 0.655642 0.753279
vn 0.243740 0.846153 0.473936
vn 0.328397 0.912863 0.242561
vn 0.306895 0.927503 0.213435
vn 0.343642 0.927157 0.149301
vn -0.119347 0.071660 0.990263
vn -0.926902 0.284543 -0.244721
vn -0.901328 0.396650 -0.174004
vn -0.497824 -0.205379 -0.842609
vn -0.276841 -0.164561 -0.946720
vn -0.289362 -0.098055 -0.952184
vn -0.412508 -0.185420 -0.891884
vn -0.420838 -0.175855 -0.889927
vn -0.447868 -0.180213 -0.875750
vn -0.279653 -0.217425 -0.935158
vn -0.183504 -0.218147 -0.958508
vn -0.250587 -0.134230 -0.958743
vn -0.232299 -0.052351 -0.971235
vn -0.261148 -0.038840 -0.964517
vn -0.221044 0.085510 -0.971508
vn -0.391998 -0.260182 -0.882407
vn -0.201047 -0.154235 -0.967363
vn -0.365068 -0.408457 -0.836593
vn -0.230377 0.201742 -0.951959
vn -0.196915 0.189539 -0.961925
vn -0.152009 0.208278 -0.966185
vn -0.636420 0.695811 0.332892
vn -0.228156 0.098518 -0.968627
vn -0.165767 0.193181 -0.967059
vn -0.250472 -0.006471 -0.968102
vn 0.663675 0.744603 0.071420
vn 0.709659 0.683163 0.172254
vn 0.797496 0.594243 0.104285
vn 0.800683 0.598913 0.014477
vn 0.827536 0.561383 -0.005802
vn 0.721549 0.692360 0.002095
vn 0.601335 0.792857 0.098865
vn 0.535700 0.815872 0.217666
vn 0.595025 0.753533 0.279521
vn 0.467325 0.757233 -0.456294
vn 0.430631 0.833781 -0.345494
vn 0.551221 0.803441 -0.225028
vn 0.255491 0.653195 -0.712783
vn 0.316650 0.840072 -0.440467
vn 0.148528 0.435209 -0.887993
vn -0.046064 0.252893 -0.966397
vn 0.089040 0.248823 -0.964448
vn 0.029405 0.237285 -0.970995
vn 0.877990 0.472142 0.078842
vn 0.878038 0.473328 0.070778
vn 0.860803 0.504152 0.069634
vn -0.235235 0.099843 0.966797
vn -0.101526 0.059397 0.993058
vn -0.027654 -0.035505 0.998987
vn -0.043704 -0.008573 0.999008
vn -0.473370 0.127664 0.871563
vn -0.423975 0.055543 0.903969
vn 0.037543 -0.051407 0.997972
vn 0.026666 -0.003341 0.999639
vn 0.123730 -0.164608 0.978568
vn 0.103794 -0.191608 0.975968
vn 0.185346 -0.278544 0.942369
vn 0.175687 0.981962 0.069887
vn -0.356929 -0.251549 0.899625
vn -0.267592 -0.381706 0.884701
vn -0.328530 0.037307 0.943756
vn -0.452536 -0.165213 0.876308
vn -0.887872 -0.458621 0.036756
vn -0.889481 -0.445984 0.099602
vn -0.865006 -0.501206 0.023619
vn -0.853191 -0.521574 -0.005085
vn -0.889174 -0.454150 0.055826
vn -0.893487 -0.431403 0.124785
vn -0.853655 -0.519309 0.039893
vn -0.085302 -0.265576 -0.960309
vn -0.055190 -0.296195 -0.953532
vn 0.015943 -0.281509 -0.959426
vn 0.045169 -0.254484 -0.966021
vn -0.068381 -0.251004 -0.965568
vn 0.145158 -0.209432 -0.966989
vn -0.350918 -0.801664 -0.483933
vn -0.378892 -0.854771 -0.354693
vn -0.480402 -0.836083 -0.264913
vn -0.220843 -0.674993 -0.703998
vn -0.273859 -0.861389 -0.427796
vn -0.125926 -0.447611 -0.885318
vn -0.642209 -0.762742 0.076108
vn -0.782226 -0.622427 -0.026581
vn -0.715856 -0.677819 0.167662
vn -0.795547 -0.600996 0.076875
vn 0.211737 -0.021672 -0.977086
vn 0.236189 0.120404 -0.964219
vn 0.228103 0.093679 -0.969120
vn 0.226946 -0.017303 -0.973754
vn 0.202874 -0.126543 -0.970994
vn 0.224191 0.149466 -0.963015
vn 0.269043 0.175996 -0.946912
vn 0.186104 -0.170832 -0.967565
vn 0.133099 -0.090249 -0.986985
vn 0.216976 0.310356 -0.925527
vn 0.387334 0.500300 -0.774385
vn 0.394488 0.349091 -0.850009
vn 0.100409 0.004125 -0.994938
vn 0.392982 0.259332 -0.882220
vn 0.601655 -0.715981 0.354096
vn 0.241517 0.229064 -0.942974
vn 0.158381 0.254717 -0.953957
vn 0.117987 0.245171 -0.962274
vn 0.205278 0.204912 -0.957012
vn 0.372526 0.242085 -0.895890
vn 0.361756 0.260490 -0.895141
vn 0.933956 -0.287659 -0.212082
vn -0.818385 -0.549677 0.167631
vn -0.808125 -0.504408 0.304149
vn -0.831588 -0.488279 0.264661
vn -0.837962 -0.516982 0.174784
vn -0.854261 -0.512247 0.088548
vn -0.844414 -0.522756 0.117010
vn -0.748936 -0.609308 0.260457
vn -0.750018 -0.533948 0.390348
vn 0.056040 -0.105188 0.992872
vn 0.161573 -0.154085 0.974757
vn 0.210339 -0.198352 0.957295
vn 0.282757 -0.232745 0.930526
vn 0.290868 -0.189275 0.937854
vn 0.310690 -0.107477 0.944415
vn 0.180870 -0.096888 0.978723
vn 0.090484 -0.125198 0.987997
vn 0.153308 -0.141951 0.977930
vn -0.196761 -0.980078 0.027074
vn -0.182711 0.127987 0.974800
vn -0.066454 0.011105 0.997728
vn 0.064269 -0.071197 0.995390
vn -0.069463 0.026835 0.997223
vn 0.142201 -0.114740 0.983165
vn 0.374046 -0.194722 0.906738
vn 0.302062 -0.142740 0.942541
vn 0.619977 -0.211371 0.755613
vn 0.532577 -0.132744 0.835907
vn 0.452808 -0.055507 0.889879
vn 0.736447 -0.075313 0.672290
vn 0.645519 0.027700 0.763242
vn 0.541580 0.113148 0.833000
vn 0.381381 -0.004611 0.924407
vn 0.415943 0.154545 0.896162
vn 0.706617 0.249329 0.662214
vn 0.599943 0.375546 0.706423
vn 0.454170 0.552814 0.698660
vn 0.230485 0.266680 0.935820
vn 0.312048 0.735031 0.601960
vn 0.084677 0.472428 0.877292
vn -0.106436 -0.110667 0.988142
vn -0.182766 0.083751 0.979583
vn -0.270100 0.211836 0.939240
vn -0.346505 0.281156 0.894922
vn 0.632390 0.687900 0.356197
vn 0.451553 0.849698 0.272237
vn 0.751182 0.491269 0.440886
vn 0.822228 0.335403 0.459832
vn 0.887403 0.355967 0.292922
vn 0.929097 0.225206 0.293362
vn 0.951477 0.232172 0.201958
vn 0.920129 0.339898 0.194503
vn 0.885665 0.194630 0.421565
vn 0.936103 0.058438 0.346837
vn 0.797501 0.125113 0.590203
vn 0.870203 -0.001032 0.492692
vn 0.916949 -0.124565 0.379063
vn 0.965735 -0.072310 0.249252
vn 0.808987 -0.178848 0.559959
vn 0.696738 -0.282153 0.659504
vn 0.853700 -0.274404 0.442605
vn 0.933869 -0.238368 0.266587
vn 0.870026 -0.357421 0.339566
vn 0.925535 -0.336745 0.173169
vn 0.949134 -0.308250 0.064238
vn 0.969374 -0.195985 0.147997
vn 0.959939 -0.280192 -0.003201
vn 0.915700 -0.401670 0.012440
vn 0.920542 -0.388157 -0.044000
vn 0.922769 -0.380069 -0.063602
vn 0.884124 -0.464401 -0.051538
vn 0.886145 -0.460221 -0.054257
vn 0.862467 -0.503507 -0.051300
vn 0.868944 -0.492446 -0.049320
vn 0.887221 -0.461162 -0.013003
vn 0.870643 -0.485964 -0.076288
vn 0.895099 -0.440821 -0.066899
vn 0.929499 -0.364497 -0.056328
vn 0.921612 -0.386510 0.035234
vn 0.965417 -0.254478 -0.056669
vn 0.961578 -0.267877 0.060081
vn 0.989351 -0.130410 -0.064642
vn 0.989282 -0.135006 0.055635
vn 0.987007 -0.115713 0.111481
vn 0.999059 -0.007490 0.042728
vn 0.996778 -0.009085 -0.079695
vn 0.989488 0.113769 -0.089278
vn 0.992450 0.115806 0.040410
vn 0.968671 0.234553 -0.081621
vn 0.970918 0.233112 0.054555
vn 0.963430 0.232514 0.133191
vn 0.938017 0.334381 0.091173
vn 0.932996 0.326620 0.151123
vn 0.936190 0.348658 -0.044570
vn 0.886717 0.459932 0.046849
vn 0.897728 0.347086 -0.271324
vn 0.861351 0.468943 -0.195365
vn 0.773286 0.318226 -0.548418
vn 0.761962 0.424652 -0.488962
vn 0.569319 0.274862 -0.774807
vn 0.582697 0.344663 -0.735983
vn 0.567528 0.239417 -0.787776
vn 0.787987 0.234208 -0.569406
vn 0.809530 0.163600 -0.563822
vn 0.924380 0.234975 -0.300513
vn 0.945793 0.126292 -0.299208
vn 0.959728 0.021289 -0.280122
vn 0.835686 0.101351 -0.539775
vn 0.858413 -0.508741 -0.065649
vn 0.871143 -0.479813 -0.104354
vn 0.862838 -0.501595 -0.062563
vn 0.893777 -0.433269 -0.115934
vn 0.898876 -0.405829 -0.165301
vn 0.852996 -0.520872 -0.033009
vn 0.848420 -0.528560 0.028441
vn 0.855588 -0.517646 -0.003401
vn 0.860340 -0.509371 -0.018899
vn 0.856650 -0.513431 0.050396
vn 0.842429 -0.511457 0.169483
vn 0.837304 -0.530101 0.133844
vn 0.882739 -0.469773 -0.009250
vn 0.876352 -0.476110 0.072985
vn 0.854089 -0.476410 0.208721
vn 0.787291 -0.449038 0.422538
vn 0.793860 -0.483453 0.368862
vn 0.902332 -0.416881 0.109576
vn 0.866298 -0.425151 0.262248
vn 0.774193 -0.404387 0.486925
vn 0.568311 -0.308327 0.762861
vn 0.606228 -0.339034 0.719405
vn 0.746650 -0.348507 0.566619
vn 0.519240 -0.273276 0.809759
vn 0.202997 -0.111617 0.972797
vn 0.227375 -0.104182 0.968218
vn 0.455713 -0.233521 0.858949
vn 0.175653 -0.113990 0.977830
vn -0.092050 0.057451 0.994096
vn -0.111338 0.094577 0.989272
vn -0.333913 0.275312 0.901502
vn -0.363660 0.334656 0.869343
vn -0.127756 0.141481 0.981663
vn -0.295644 0.227423 0.927832
vn -0.412630 0.365991 0.834139
vn -0.456499 0.409999 0.789626
vn -0.246950 0.185993 0.951011
vn -0.517459 0.514606 0.683679
vn -0.540163 0.559170 0.628930
vn -0.484591 0.464891 0.740978
vn -0.472261 0.485696 0.735574
vn -0.500001 0.590978 0.633044
vn -0.544869 0.600506 0.585245
vn -0.553932 0.670613 0.493394
vn -0.564150 0.694782 0.446108
vn -0.561128 0.633494 0.532748
vn -0.508606 0.677165 0.531759
vn -0.419985 0.705134 0.571313
vn -0.413388 0.783221 0.464408
vn -0.505598 0.745874 0.433639
vn -0.400506 0.841473 0.362655
vn -0.492854 0.803217 0.334570
vn -0.378352 0.890824 0.251559
vn -0.466707 0.855305 0.225029
vn -0.338570 0.934613 0.108943
vn -0.421539 0.902353 0.089801
vn -0.468213 0.879318 0.087045
vn -0.348063 0.933402 -0.087256
vn -0.398068 0.915172 -0.063266
vn -0.431254 0.902149 -0.012120
vn -0.489792 0.863626 0.119386
vn -0.461543 0.884608 0.066684
vn -0.508033 0.840265 0.189358
vn -0.492091 0.855413 0.161598
vn -0.531085 0.800921 0.276538
vn -0.553161 0.744483 0.373841
vn -0.546502 0.750637 0.371321
vn -0.560319 0.687273 0.462275
vn -0.544440 0.689727 0.477348
vn -0.548254 0.619677 0.561621
vn -0.511516 0.610764 0.604415
vn -0.502249 0.533266 0.680715
vn -0.412179 0.491622 0.767083
vn -0.388865 0.407526 0.826261
vn -0.165036 0.274195 0.947407
vn -0.144187 0.201240 0.968872
vn 0.266856 -0.071979 0.961045
vn 0.248755 -0.091559 0.964229
vn 0.637105 -0.365447 0.678636
vn 0.282197 -0.044618 0.958319
vn 0.667618 -0.389356 0.634577
vn 0.801043 -0.507678 0.317164
vn 0.702610 -0.413164 0.579340
vn 0.814482 -0.520219 0.256887
vn 0.843728 -0.529015 0.090923
vn 0.839890 -0.512781 0.177877
vn 0.868306 -0.495134 0.029771
vn 0.884166 -0.463787 -0.056151
vn 0.923222 -0.378330 -0.067285
vn 0.941191 -0.301137 -0.153223
vn 0.947225 -0.229268 -0.224054
vn 0.932331 0.172921 -0.317579
vn 0.871743 0.284599 -0.398833
vn 0.785363 0.381696 -0.487354
vn 0.941445 -0.169703 -0.291344
vn 0.413300 0.805897 -0.423926
vn 0.332638 0.795846 -0.505945
vn -0.030140 0.959145 -0.281306
vn 0.012071 0.916106 -0.400754
vn -0.260053 0.957111 -0.127714
vn -0.197581 0.946178 -0.256338
vn -0.124665 0.912267 -0.390164
vn -0.047979 0.857008 -0.513064
vn -0.336676 0.935461 -0.107529
vn -0.277657 0.932990 -0.228988
vn -0.215052 0.913940 -0.344188
vn -0.152434 0.881125 -0.447641
vn 0.016181 0.786867 -0.616910
vn -0.386259 0.919407 -0.074130
vn -0.341226 0.924435 -0.170249
vn -0.293898 0.922875 -0.248850
vn -0.235380 0.921427 -0.309141
vn -0.087885 0.838584 -0.537636
vn 0.067480 0.704183 -0.706805
vn -0.156560 0.923450 -0.350328
vn -0.045787 0.934708 -0.352455
vn -0.268260 0.959139 -0.089936
vn -0.152004 0.985897 -0.070020
vn -0.011684 0.999476 -0.030181
vn 0.076061 0.949375 -0.304797
vn -0.217202 0.966774 0.134803
vn -0.067340 0.984651 0.161023
vn 0.093565 0.978972 0.181270
vn 0.135558 0.990646 0.015660
vn -0.251538 0.927768 0.275635
vn -0.095145 0.952342 0.289816
vn 0.073096 0.954105 0.290416
vn 0.233480 0.931328 0.279489
vn 0.249210 0.948640 0.194877
vn -0.104714 0.915021 0.389577
vn 0.071211 0.924438 0.374624
vn 0.238104 0.909409 0.341002
vn 0.082987 0.883898 0.460258
vn 0.263213 0.875159 0.405976
vn 0.416836 0.848590 0.325796
vn -0.102647 0.867148 0.487358
vn -0.092816 0.793388 0.601598
vn -0.275891 0.828611 0.487122
vn -0.276569 0.749595 0.601346
vn -0.268372 0.883384 0.384199
vn 0.420575 0.901292 0.103874
vn 0.281764 0.957598 0.060132
vn 0.446602 0.891299 -0.078309
vn 0.315656 0.936097 -0.155187
vn 0.192612 0.953268 -0.232767
vn 0.234028 0.816286 -0.528117
vn 0.225222 0.598175 -0.769066
vn 0.156996 0.385109 -0.909419
vn -0.034651 0.250186 -0.967577
vn -0.093708 0.297148 -0.950222
vn 0.570801 0.821083 -0.003103
vn 0.549451 0.822357 0.147757
vn 0.666568 0.723413 0.179891
vn 0.674710 0.735943 0.056155
vn 0.758431 0.646382 0.083505
vn 0.713087 0.699676 -0.044263
vn 0.642941 0.758046 -0.109511
vn 0.766783 0.616629 0.178359
vn 0.836011 0.529637 0.143422
vn 0.816419 0.571604 0.082024
vn 0.757274 0.604373 0.247527
vn 0.842380 0.509453 0.175651
vn 0.875535 0.472120 0.102668
vn 0.869449 0.483560 0.101130
vn 0.842430 0.510278 0.172998
vn 0.866949 0.493840 0.067236
vn 0.856659 0.514022 0.043774
vn 0.818646 0.560394 0.125608
vn 0.755655 0.649630 0.083459
vn 0.848388 0.524646 0.070599
vn 0.825547 0.562867 0.040647
vn 0.802685 0.596279 0.012183
vn 0.765934 0.642815 -0.011629
vn 0.704779 0.703936 -0.088093
vn 0.645442 0.748913 -0.150113
vn 0.596712 0.774968 -0.208230
vn 0.347376 0.864081 -0.364272
vn 0.550808 0.779017 -0.299571
vn 0.475563 0.840367 -0.260046
vn 0.048410 0.881336 -0.470004
vn 0.299316 0.891333 -0.340492
vn -0.160005 0.850496 -0.501054
vn -0.375814 0.729167 -0.571909
vn 0.613863 0.775607 -0.146989
vn 0.522083 0.827694 -0.205795
vn 0.759472 0.650162 -0.022172
vn 0.667760 0.739815 -0.082288
vn 0.373940 0.884616 -0.278610
vn 0.111102 0.907822 -0.404371
vn -0.214086 0.868708 -0.446670
vn -0.415217 0.767256 -0.488787
vn -0.553345 0.650576 -0.520154
vn -0.775044 0.488984 -0.400251
vn -0.789060 0.437387 -0.431365
vn -0.782943 0.398482 -0.477716
vn -0.625227 0.545981 -0.557670
vn -0.751351 0.372942 -0.544413
vn -0.896577 0.272675 -0.348996
vn -0.866421 0.286344 -0.409049
vn -0.820661 0.309439 -0.480378
vn -0.951277 0.196818 -0.237350
vn -0.927744 0.248169 -0.278753
vn -0.893795 0.317467 -0.316774
vn -0.759378 0.341139 -0.554049
vn -0.847867 0.404642 -0.342616
vn -0.689992 0.381071 -0.615383
vn -0.788071 0.514798 -0.337531
vn -0.620415 0.448356 -0.643476
vn -0.710083 0.646110 -0.279865
vn -0.556985 0.550571 -0.621803
vn -0.361762 0.378477 -0.851988
vn -0.311857 0.460109 -0.831291
vn -0.231528 0.583501 -0.778409
vn -0.145536 0.692088 -0.706989
vn -0.113597 0.228501 -0.966893
vn -0.100906 0.234508 -0.966863
vn -0.229295 -0.380360 -0.895963
vn -0.201145 -0.262983 -0.943600
vn -0.098537 0.770528 -0.629744
vn -0.112137 0.834607 -0.539312
vn -0.151686 0.241869 -0.958379
vn -0.164004 0.932871 -0.320708
vn -0.208173 0.931788 -0.297381
vn -0.186902 0.970300 -0.153579
vn -0.265362 0.941075 -0.209668
vn -0.533328 0.772892 -0.343801
vn -0.451567 0.812294 -0.369142
vn -0.369868 0.708239 -0.601328
vn -0.838811 0.166978 -0.518183
vn -0.806539 0.167586 -0.566930
vn -0.694038 0.184332 -0.695940
vn -0.731983 -0.462827 -0.499993
vn -0.647807 -0.523102 -0.553814
vn -0.529758 -0.341811 -0.776223
vn -0.573692 -0.667324 -0.474928
vn -0.469946 -0.658563 -0.587745
vn -0.311598 -0.487131 -0.815849
vn -0.392477 -0.629386 -0.670697
vn -0.332542 0.240196 -0.911988
vn -0.507016 -0.701525 -0.500797
vn -0.362572 -0.541972 -0.758161
vn -0.630597 -0.666375 -0.397860
vn -0.566298 -0.736225 -0.370513
vn -0.652892 -0.680966 -0.331689
vn -0.580032 -0.769383 -0.267607
vn -0.651779 -0.711047 -0.263810
vn -0.567382 -0.803151 -0.181732
vn -0.516394 -0.850418 -0.100626
vn -0.543476 -0.833641 -0.098369
vn -0.479352 -0.877467 -0.016528
vn -0.425145 -0.903117 0.060255
vn -0.467968 -0.883744 -0.001780
vn -0.363194 -0.925768 0.105087
vn -0.369975 -0.923161 0.104366
vn -0.394681 -0.905693 0.154748
vn -0.370658 -0.904489 0.210979
vn -0.394898 -0.889590 0.229534
vn -0.327603 -0.855061 0.401928
vn -0.354869 -0.790177 0.499688
vn -0.432700 -0.681108 0.590646
vn -0.512254 -0.822742 0.246356
vn -0.534237 -0.522692 0.664367
vn -0.673538 -0.661497 0.329801
vn -0.626356 -0.359394 0.691747
vn -0.771578 -0.467766 0.431118
vn -0.707630 -0.224304 0.670036
vn -0.828617 -0.310705 0.465678
vn -0.896020 -0.334058 0.292495
vn -0.883645 -0.173538 0.434805
vn -0.928209 -0.320279 0.189341
vn -0.939549 -0.308364 0.148857
vn -0.972129 -0.220466 0.079753
vn -0.943543 -0.315820 0.099927
vn -0.975528 -0.216898 -0.036053
vn -0.944326 -0.328279 -0.021957
vn -0.898599 -0.435848 0.050573
vn -0.917204 -0.322865 -0.233442
vn -0.877136 -0.442200 -0.187330
vn -0.814192 -0.284966 -0.505851
vn -0.784703 -0.388224 -0.483242
vn -0.625372 -0.225499 -0.747034
vn -0.607355 -0.289707 -0.739723
vn -0.849478 -0.198604 -0.488819
vn -0.662416 -0.182888 -0.726469
vn -0.885847 -0.120621 -0.448023
vn -0.711232 -0.159185 -0.684697
vn -0.914262 -0.043739 -0.402755
vn -0.974567 -0.096875 -0.202075
vn -0.986576 0.025493 -0.161297
vn -0.980228 0.157937 -0.119197
vn -0.932271 0.047544 -0.358624
vn -0.953405 0.289464 -0.085025
vn -0.938487 0.161561 -0.305187
vn -0.913236 0.402323 -0.064315
vn -0.936196 0.344465 0.069862
vn -0.887239 0.458245 0.053094
vn -0.850317 0.525773 0.022875
vn -0.874156 0.483020 -0.050418
vn -0.831925 0.554876 0.003541
vn -0.848056 0.528812 -0.034028
vn -0.874726 0.473243 -0.104385
vn -0.834677 0.550713 -0.005470
vn -0.855494 0.515705 -0.046661
vn -0.887686 0.447454 -0.108618
vn -0.901621 0.389007 -0.189082
vn -0.935538 0.294377 -0.195218
vn -0.931402 0.236289 -0.276873
vn -0.940603 -0.119443 -0.317805
vn -0.902156 -0.175508 -0.394096
vn -0.590731 -0.732744 -0.337821
vn -0.535262 -0.737820 -0.411238
vn -0.451665 -0.745363 -0.490339
vn -0.068312 -0.958457 -0.276935
vn -0.045388 -0.925932 -0.374954
vn 0.167535 -0.973999 -0.152508
vn 0.141592 -0.951872 -0.271831
vn 0.294246 -0.954695 -0.044468
vn 0.265548 -0.950215 -0.163022
vn 0.226171 -0.932416 -0.281865
vn 0.359632 -0.931518 -0.054219
vn 0.333758 -0.929929 -0.154396
vn 0.299967 -0.922514 -0.242872
vn 0.171738 -0.901087 -0.398181
vn 0.255195 -0.912537 -0.319612
vn 0.108232 -0.856524 -0.504630
vn 0.196965 -0.900721 -0.387178
vn 0.044674 -0.800448 -0.597735
vn 0.123554 -0.886158 -0.446607
vn -0.012983 -0.738845 -0.673750
vn 0.037927 -0.868787 -0.493731
vn 0.237487 -0.953100 -0.187620
vn 0.127888 -0.971710 -0.198555
vn -0.008850 -0.980938 -0.194117
vn -0.066346 -0.858075 -0.509220
vn -0.155349 -0.973043 -0.170452
vn -0.174764 -0.858012 -0.482984
vn -0.172980 -0.641056 -0.747747
vn -0.134884 -0.425971 -0.894626
vn -0.294122 -0.946673 -0.131541
vn -0.135976 -0.988015 0.073052
vn -0.291030 -0.952514 0.089550
vn -0.431311 -0.894430 0.118173
vn -0.427337 -0.900501 -0.080508
vn -0.560434 -0.813146 0.157186
vn -0.549468 -0.835272 -0.020134
vn -0.678140 -0.709688 0.190968
vn -0.654515 -0.755260 0.034550
vn -0.569521 -0.803578 -0.172939
vn -0.741883 -0.666757 0.071028
vn -0.651723 -0.752256 -0.096786
vn -0.476951 -0.826661 -0.298579
vn -0.398759 -0.826240 -0.397893
vn -0.723153 -0.689943 -0.032063
vn -0.575389 -0.795766 -0.188900
vn -0.316464 -0.868841 -0.380744
vn -0.673809 -0.734431 -0.081195
vn -0.489707 -0.840098 -0.233285
vn -0.172491 -0.895375 -0.410548
vn 0.050261 -0.836571 -0.545548
vn 0.237980 -0.815383 -0.527746
vn 0.393534 -0.693626 -0.603335
vn 0.592513 -0.618725 -0.515855
vn 0.635827 -0.528236 -0.562752
vn 0.628864 -0.458617 -0.627854
vn 0.803877 -0.379284 -0.458177
vn 0.770540 -0.361212 -0.525161
vn 0.711789 -0.352454 -0.607562
vn 0.626195 -0.345687 -0.698842
vn 0.887467 -0.266333 -0.376125
vn 0.845361 -0.295381 -0.445100
vn 0.785171 -0.335013 -0.520839
vn 0.707701 -0.384810 -0.592521
vn 0.941160 -0.229978 -0.247645
vn 0.906287 -0.304553 -0.293073
vn 0.853773 -0.398711 -0.334815
vn 0.779855 -0.513228 -0.358361
vn 0.619445 -0.455949 -0.639061
vn 0.962499 -0.263785 -0.063347
vn 0.920438 -0.384321 -0.071351
vn 0.851632 -0.520474 -0.061892
vn 0.922592 -0.357976 0.143797
vn 0.852264 -0.496163 0.165737
vn 0.965251 -0.224437 0.133861
vn 0.935558 -0.191243 0.296914
vn 0.985811 -0.110622 0.126249
vn 0.958493 -0.062826 0.278107
vn 0.908926 -0.017283 0.416598
vn 0.880655 -0.154503 0.447856
vn 0.839994 0.027423 0.541903
vn 0.808295 -0.111174 0.578186
vn 0.751468 0.066820 0.656377
vn 0.722947 -0.071453 0.687199
vn 0.677575 -0.218478 0.702253
vn 0.617757 -0.357979 0.700163
vn 0.610466 -0.038718 0.791095
vn 0.571408 -0.174922 0.801807
vn 0.517332 -0.296628 0.802732
vn 0.459452 -0.381270 0.802208
vn 0.562412 -0.461518 0.686071
vn 0.444559 -0.133903 0.885684
vn 0.404767 -0.233704 0.884051
vn 0.364423 -0.292229 0.884194
vn 0.469011 -0.019874 0.882969
vn 0.633342 0.095132 0.768002
vn 0.477960 0.101770 0.872466
vn 0.643579 0.206234 0.737071
vn 0.476121 0.208117 0.854398
vn 0.645799 0.282133 0.709468
vn 0.462876 0.279927 0.841063
vn 0.201486 0.207935 0.957166
vn 0.437986 0.321026 0.839709
vn 0.115608 0.229204 0.966489
vn -0.276359 0.016736 0.960909
vn -0.129038 0.032384 0.991111
vn -0.572371 -0.232784 0.786259
vn -0.428024 -0.204695 0.880282
vn -0.709692 -0.418343 0.566857
vn -0.602183 -0.408655 0.685840
vn -0.481700 -0.396435 0.781540
vn -0.669299 -0.545542 0.504404
vn -0.669921 -0.637927 0.379810
vn -0.690967 -0.266770 0.671862
vn -0.783478 -0.418732 0.459157
vn -0.757037 -0.307631 0.576418
vn -0.815380 -0.425618 0.392434
vn -0.805470 -0.458408 0.375606
vn -0.747958 -0.362968 0.555709
vn -0.651247 -0.405041 0.641732
vn -0.753651 -0.509842 0.414815
vn -0.609076 -0.650239 0.454109
vn 0.002720 -0.654102 0.756402
vn -0.068753 -0.666316 0.742493
vn 0.661037 -0.309136 0.683715
vn 0.691576 -0.295144 0.659252
vn -0.081314 -0.653460 0.752581
vn 0.675429 -0.268927 0.686639
vn 0.869977 0.018398 0.492750
vn 0.896977 -0.019856 0.441631
vn 0.826869 0.083286 0.556193
vn 0.854501 0.186465 0.484828
vn 0.906588 0.128145 0.402091
vn 0.718281 0.150255 0.679335
vn 0.767430 0.246982 0.591651
vn 0.774905 0.285881 0.563733
vn 0.859987 0.229428 0.455834
vn 0.504463 0.166346 0.847258
vn 0.622135 0.291193 0.726743
vn 0.640456 0.329635 0.693655
vn 0.644140 0.323231 0.693257
vn 0.773698 0.285887 0.565385
vn 0.407920 0.332969 0.850137
vn 0.004691 0.221133 0.975232
vn -0.438302 -0.027147 0.898418
vn 0.770854 0.250223 0.585809
vn 0.858442 0.203280 0.470909
vn 0.859961 0.233984 0.453562
vn 0.921247 0.149542 0.359083
vn 0.919904 0.177067 0.349892
vn 0.916468 0.171390 0.361541
vn 0.961850 0.117489 0.247064
vn 0.955822 0.115199 0.270433
vn 0.942038 0.079794 0.325878
vn 0.983200 0.057544 0.173226
vn 0.969934 0.037663 0.240435
vn 0.926979 -0.035630 0.373418
vn 0.990633 -0.011229 0.136090
vn 0.961463 -0.046544 0.270966
vn 0.773250 -0.256275 0.580007
vn 0.988076 -0.084028 0.129014
vn 0.883815 -0.208612 0.418751
vn 0.104205 -0.733621 0.671522
vn -0.028695 -0.665341 0.745988
vn -0.614747 -0.768371 0.178022
vn -0.670302 -0.674666 0.309066
vn -0.714893 -0.696812 0.058146
vn -0.540344 -0.833494 -0.115396
vn -0.295170 -0.908935 -0.294469
vn -0.610121 -0.786093 -0.099047
vn -0.066664 -0.996085 -0.058053
vn 0.001535 -0.938383 -0.345593
vn 0.287340 -0.853242 -0.435218
vn 0.481365 -0.733172 -0.480362
vn -0.006236 -0.903153 -0.429274
vn 0.722380 -0.615427 -0.315304
vn 0.781544 -0.518865 -0.346363
vn 0.808011 -0.455914 -0.373177
vn 0.815346 -0.410897 -0.407891
vn 0.960273 -0.231899 -0.155237
vn 0.946829 -0.239431 -0.214911
vn 0.933220 -0.243056 -0.264622
vn 0.915195 -0.249842 -0.316223
vn 0.992578 -0.101769 -0.066566
vn 0.985992 -0.117265 -0.118614
vn 0.976898 -0.139987 -0.161471
vn 0.963201 -0.175877 -0.203253
vn 0.999613 -0.022290 0.016634
vn 0.998727 -0.048733 -0.012993
vn 0.994910 -0.095112 -0.033277
vn 0.984840 -0.166273 -0.049423
vn 0.992156 0.026606 0.122142
vn 0.992388 -0.026440 0.120278
vn 0.965299 0.091175 0.244712
vn 0.965737 0.032348 0.257500
vn 0.919453 0.085676 0.383753
vn 0.853837 0.134817 0.502779
vn 0.765264 0.177242 0.618834
vn 0.989013 0.053011 0.137997
vn 0.997977 -0.010231 0.062744
vn 0.996078 -0.088194 0.007155
vn 0.974674 -0.214968 -0.061636
vn 0.666952 -0.723395 -0.178534
vn 0.912607 -0.384252 0.139638
vn -0.415071 -0.873050 -0.255929
vn -0.640834 -0.762292 -0.090788
vn -0.747054 -0.664586 0.015355
vn -0.775831 -0.630574 0.021522
vn -0.806130 -0.587483 0.070836
vn -0.836219 -0.541900 0.084155
vn -0.847049 -0.523684 0.090904
vn -0.873336 -0.473137 0.115874
vn -0.873884 -0.479320 0.081110
vn -0.843027 -0.512263 0.163986
vn -0.857736 -0.469801 0.208749
vn -0.803251 -0.589600 0.084613
vn -0.776318 -0.599104 0.195971
vn -0.665055 -0.685743 0.295734
vn -0.779173 -0.562520 0.276516
vn -0.769240 -0.558621 0.310180
vn -0.856650 -0.471671 0.208992
vn -0.745611 -0.599294 0.291393
vn -0.846190 -0.509564 0.155906
vn 0.416606 -0.830531 0.369673
vn 0.625562 -0.570014 0.532688
vn 0.628220 -0.496638 0.598907
vn 0.528009 -0.539743 -0.655655
vn 0.414653 -0.631013 -0.655657
vn 0.262865 -0.393310 -0.881028
vn 0.165268 -0.402558 -0.900352
vn 0.279026 -0.708447 -0.648265
vn 0.168082 -0.755976 -0.632652
vn 0.087963 -0.405729 -0.909751
vn 0.237692 -0.916857 -0.320741
vn 0.171718 -0.933678 -0.314260
vn 0.099103 -0.792953 -0.601169
vn 0.236332 -0.967199 -0.093131
vn 0.193118 -0.970564 -0.143913
vn 0.217857 -0.958629 -0.183216
vn 0.164379 -0.940410 -0.297672
vn 0.161512 -0.985921 0.043289
vn 0.160973 -0.985735 -0.049125
vn 0.225680 -0.965587 -0.129268
vn 0.400493 -0.883866 -0.241633
vn 0.350022 -0.902757 -0.250031
vn 0.096511 -0.995332 -0.000877
vn 0.202078 -0.973827 -0.104040
vn 0.417282 -0.875174 -0.244838
vn 0.741343 -0.512577 -0.433214
vn 0.714335 -0.557186 -0.423401
vn 0.762343 -0.471717 -0.443075
vn 0.864266 0.154602 -0.478687
vn 0.858083 0.109245 -0.501756
vn 0.792841 -0.403001 -0.457158
vn 0.867415 0.223502 -0.444565
vn 0.731870 0.594780 -0.332569
vn 0.735850 0.554537 -0.388605
vn 0.840084 -0.309070 -0.445796
vn 0.868985 0.304239 -0.390261
vn 0.720968 0.639636 -0.266591
vn 0.597729 0.784156 -0.166789
vn 0.614287 0.752207 -0.238403
vn 0.873042 0.363928 -0.324584
vn 0.708947 0.677578 -0.195660
vn 0.579087 0.809631 -0.095692
vn 0.483825 0.875083 -0.011982
vn 0.510285 0.856012 -0.082782
vn 0.697227 0.705920 -0.124705
vn 0.563894 0.825416 -0.026670
vn 0.464810 0.883905 0.051614
vn 0.381812 0.915865 0.124140
vn 0.407380 0.910714 0.068129
vn 0.554130 0.831208 0.045090
vn 0.459791 0.880523 0.115206
vn 0.377916 0.909430 0.173539
vn 0.469850 0.859597 0.200833
vn 0.400233 0.882510 0.246959
vn 0.327133 0.901282 0.284032
vn 0.445473 0.794860 0.412009
vn 0.389658 0.806136 0.445321
vn 0.444852 0.323607 0.835096
vn 0.382043 0.272924 0.882924
vn 0.106508 -0.574062 0.811855
vn 0.031592 -0.616436 0.786771
vn -0.173999 -0.906702 0.384208
vn -0.217190 -0.892518 0.395272
vn -0.227376 -0.947971 0.222825
vn -0.262494 -0.925945 0.271520
vn -0.225222 -0.963141 0.147088
vn -0.254027 -0.945988 0.201436
vn -0.207683 -0.973187 0.098864
vn -0.234731 -0.962356 0.137012
vn -0.189915 -0.979280 0.070303
vn -0.228375 -0.969130 0.092905
vn -0.237633 -0.968139 0.078978
vn -0.236596 -0.967037 0.094131
vn -0.296125 -0.953304 0.059346
vn -0.224427 -0.962543 0.152129
vn -0.344301 -0.922753 0.173158
vn -0.141601 -0.962950 0.229516
vn -0.256463 -0.895279 0.364283
vn 0.017842 -0.968481 0.248448
vn -0.021342 -0.893254 0.449046
vn 0.045541 -0.993238 0.106789
vn -0.061869 -0.991317 0.116032
vn -0.133774 -0.986872 0.090489
vn -0.170361 -0.983058 0.067634
vn -0.131079 -0.991018 0.026496
vn -0.043548 -0.998551 -0.031609
vn -0.160387 -0.985632 0.052975
vn -0.083989 -0.996456 -0.004551
vn 0.063371 -0.994162 -0.087325
vn 0.122090 -0.985719 -0.115984
vn -0.184985 -0.977849 0.097938
vn -0.123768 -0.991568 0.038391
vn -0.003728 -0.998947 -0.045734
vn 0.311973 -0.931701 -0.186027
vn 0.406055 -0.885872 -0.224389
vn -0.154476 -0.980721 0.119679
vn -0.076754 -0.996587 0.030390
vn 0.180006 -0.976014 -0.122454
vn 0.890304 -0.347315 -0.294501
vn -0.112071 -0.967486 0.226741
vn -0.131211 -0.938229 0.320171
vn 0.232275 -0.459224 0.857415
vn -0.107665 -0.923681 0.367724
vn -0.147123 -0.919097 0.365535
vn 0.170299 -0.518533 0.837927
vn 0.494131 0.399754 0.772030
vn 0.540343 0.499360 0.677251
vn 0.493996 0.790221 0.362656
vn 0.546813 0.787125 0.285360
vn 0.548419 0.825283 0.134699
vn 0.661320 0.749163 0.037564
vn 0.683236 0.728413 -0.051014
vn 0.880964 0.428862 -0.199950
vn 0.868634 0.478976 -0.126721
vn 0.891497 -0.313771 -0.326774
vn 0.879210 0.398001 -0.261887
vn 0.889810 -0.278613 -0.361404
vn 0.474805 -0.841659 -0.257236
vn 0.877463 -0.260137 -0.402974
vn -0.194741 -0.964426 0.178768
vn 0.382528 0.920457 0.080197
vn 0.443292 0.896377 -0.000911
vn 0.434649 0.900233 0.025691
vn 0.487453 0.869881 -0.075472
vn 0.538141 0.827735 -0.158929
vn 0.559428 0.792503 -0.242857
vn 0.622090 0.719766 -0.308125
vn 0.558423 0.755552 -0.342497
vn 0.612910 0.694379 -0.377066
vn 0.727743 0.530162 -0.435107
vn 0.577627 0.681970 -0.448625
vn 0.703658 0.527437 -0.476105
vn 0.849989 0.078223 -0.520961
vn 0.656631 0.546847 -0.519417
vn 0.836950 0.048446 -0.545131
vn 0.661914 -0.625118 -0.413639
vn 0.801544 -0.000333 -0.597936
vn 0.556440 -0.716648 -0.420464
vn 0.253137 -0.919591 -0.300456
vn 0.414200 -0.665154 -0.621296
vn 0.116944 -0.859952 -0.496796
vn 0.074622 -0.829188 -0.553966
vn 0.094944 -0.331742 -0.938580
vn 0.034409 -0.368816 -0.928865
vn 0.044148 -0.395746 -0.917298
vn 0.135587 0.277916 -0.950988
vn 0.099565 0.128208 -0.986737
vn 0.298681 0.589998 -0.750128
vn 0.245479 0.464622 -0.850804
vn 0.430523 0.684682 -0.588099
vn 0.398385 0.621845 -0.674239
vn 0.518323 0.722065 -0.458218
vn 0.507481 0.679342 -0.530055
vn 0.394780 0.653564 -0.645758
vn 0.571887 0.575515 -0.584575
vn 0.232293 0.429932 -0.872467
vn 0.464662 0.353969 -0.811662
vn 0.686183 -0.076699 -0.723374
vn 0.297783 -0.253898 -0.920250
vn 0.334072 0.932922 0.134357
vn 0.319421 0.938257 0.132835
vn -0.130631 -0.965361 0.225860
vn 0.043241 -0.972448 0.229074
vn 0.041137 -0.937316 0.346044
vn -0.139719 -0.934304 0.327954
vn 0.029275 -0.997740 0.060484
vn 0.184909 -0.981592 0.047821
vn 0.211512 -0.952445 0.219341
vn 0.351628 -0.915325 0.196309
vn 0.372436 -0.871713 0.318445
vn 0.220409 -0.913329 0.342418
vn 0.311062 -0.949785 0.033888
vn 0.399996 -0.916294 0.020217
vn 0.452112 -0.876246 0.166696
vn 0.317572 -0.933260 -0.167848
vn 0.369739 -0.918455 -0.140478
vn 0.453129 -0.891335 0.013974
vn 0.477986 -0.877946 0.027215
vn 0.536945 -0.832898 0.134060
vn 0.512209 -0.847270 0.140622
vn 0.400708 -0.910864 -0.098792
vn 0.419821 -0.906929 -0.035072
vn 0.486696 -0.870537 0.072745
vn 0.492327 -0.857166 0.151259
vn 0.536435 -0.807162 0.246429
vn 0.537365 -0.826166 0.169379
vn 0.434210 -0.899359 0.051136
vn 0.445334 -0.881937 0.154480
vn 0.498964 -0.829744 0.250118
vn 0.379387 -0.923482 0.056975
vn 0.389976 -0.902844 0.181082
vn 0.447446 -0.851965 0.271934
vn 0.317941 -0.944564 0.081931
vn 0.332633 -0.913701 0.233463
vn 0.377157 -0.864856 0.331326
vn 0.196678 -0.979874 -0.034142
vn 0.237873 -0.965865 0.102575
vn 0.266387 -0.918416 0.292490
vn -0.065999 -0.981214 -0.181280
vn -0.021489 -0.997146 -0.072369
vn 0.052685 -0.995556 0.078059
vn -0.182357 -0.881426 0.435700
vn 0.089708 -0.735240 0.671844
vn -0.630076 -0.730872 -0.262353
vn -0.683669 -0.712842 -0.156373
vn -0.778664 -0.617795 0.109594
vn -0.971489 -0.029142 -0.235285
vn -0.984558 0.122733 -0.124826
vn -0.978387 0.109664 0.175307
vn -0.924530 0.365955 -0.106399
vn -0.895343 0.445096 0.015807
vn -0.845333 0.470196 0.253629
vn -0.847947 0.521448 0.095279
vn -0.807984 0.489482 0.327976
vn -0.580790 -0.032487 0.813405
vn -0.701066 -0.282276 0.654849
vn -0.830114 0.540992 0.135048
vn -0.805696 0.480692 0.346107
vn -0.824472 0.545898 0.149138
vn -0.808993 0.487365 0.328644
vn -0.825696 0.543538 0.150971
vn -0.806666 0.501671 0.312436
vn -0.728983 0.393202 0.560336
vn -0.809868 0.495705 0.313672
vn -0.716635 0.414518 0.560900
vn -0.818171 0.470117 0.331037
vn -0.702285 0.402605 0.587116
vn -0.826271 0.426240 0.368234
vn -0.682977 0.371905 0.628672
vn -0.400252 0.222728 0.888927
vn -0.651385 0.327201 0.684570
vn -0.363375 0.205633 0.908666
vn -0.020228 0.007819 0.999765
vn -0.025647 -0.014057 0.999572
vn 0.262831 -0.195064 0.944918
vn 0.279996 -0.240352 0.929426
vn 0.436599 -0.352096 0.827895
vn 0.453060 -0.399063 0.797173
vn 0.458043 -0.468159 0.755661
vn 0.538761 -0.504933 0.674373
vn 0.532849 -0.569596 0.625805
vn 0.513664 -0.649076 0.561115
vn 0.450729 -0.555668 0.698625
vn 0.477730 -0.732363 0.485199
vn 0.419019 -0.651874 0.632047
vn 0.424719 -0.807860 0.408627
vn 0.498291 -0.788293 0.360971
vn 0.537096 -0.715921 0.446077
vn 0.540854 -0.768160 0.342649
vn 0.563456 -0.642748 0.519030
vn 0.572341 -0.701497 0.424650
vn 0.579131 -0.581243 0.571633
vn 0.596675 -0.641918 0.481581
vn 0.578260 -0.546207 0.606031
vn 0.603003 -0.611072 0.512814
vn 0.549649 -0.541936 0.635761
vn 0.574683 -0.616245 0.538499
vn 0.583673 -0.679451 0.444603
vn 0.504962 -0.645852 0.572616
vn 0.508740 -0.715903 0.478191
vn 0.501470 -0.775235 0.384109
vn 0.577387 -0.738195 0.348845
vn 0.483802 -0.827954 0.283598
vn 0.553303 -0.794952 0.248810
vn 0.382914 -0.822656 0.420254
vn 0.389030 -0.763130 0.516032
vn 0.223197 -0.808585 0.544402
vn 0.221649 -0.868013 0.444325
vn 0.026040 -0.836080 0.547990
vn 0.031387 -0.895873 0.443200
vn 0.226684 -0.727513 0.647565
vn 0.030406 -0.752100 0.658347
vn -0.146454 -0.644489 0.750457
vn -0.299681 -0.624706 0.721064
vn 0.390416 -0.686746 0.613152
vn 0.485501 -0.559853 0.671456
vn 0.438689 -0.451229 0.777139
vn 0.498968 -0.448236 0.741698
vn 0.403854 -0.326558 0.854554
vn 0.349203 -0.318874 0.881122
vn 0.529781 -0.463931 0.710000
vn 0.194497 -0.159384 0.967867
vn 0.142868 -0.172086 0.974667
vn 0.235397 -0.168414 0.957196
vn -0.020681 0.016870 0.999644
vn -0.028717 0.013244 0.999500
vn -0.282313 0.147925 0.947849
vn -0.324106 0.179538 0.928828
vn -0.602702 0.271416 0.750389
vn -0.537542 0.207186 0.817388
vn -0.756562 0.196132 0.623816
vn -0.690371 0.089893 0.717849
vn -0.802947 0.288537 0.521558
vn -0.914271 0.260675 0.310093
vn -0.895934 0.148576 0.418603
vn -0.824675 0.365182 0.431919
vn -0.906382 0.357533 0.225038
vn -0.938864 0.335462 0.077455
vn -0.963543 0.219638 0.152790
vn -0.883420 0.434939 0.174351
vn -0.901074 0.431422 0.044061
vn -0.901320 0.431676 -0.035760
vn -0.948496 0.316080 -0.021180
vn -0.857287 0.491392 0.153601
vn -0.865048 0.499921 0.042069
vn -0.860212 0.509680 -0.016194
vn -0.851403 0.524033 -0.022402
vn -0.892784 0.445454 -0.067142
vn -0.839493 0.540885 0.051918
vn -0.834815 0.550500 0.005786
vn -0.831876 0.554921 0.006701
vn -0.840398 0.539503 0.051649
vn -0.849771 0.526030 0.034382
vn -0.826903 0.562222 0.011733
vn -0.827496 0.558543 0.057271
vn -0.828778 0.557383 0.049503
vn -0.842058 0.538867 0.023679
vn -0.870247 0.491986 -0.024898
vn -0.836672 0.526843 0.149721
vn -0.872047 0.469213 0.139184
vn -0.871291 0.476172 0.118796
vn -0.921772 0.351159 0.164388
vn -0.917849 0.331676 0.218048
vn -0.963055 0.152171 0.222193
vn -0.968725 0.188324 0.161574
vn -0.991579 0.029437 0.126111
vn -0.978764 0.197597 0.054549
vn -0.998822 0.045319 0.017366
vn -0.995461 -0.093461 -0.017939
vn -0.990194 -0.105315 0.091786
vn -0.949644 -0.211184 -0.231467
vn -0.947322 0.309767 -0.081397
vn -0.988400 0.149600 -0.026169
vn -0.982604 0.179497 0.047639
vn -0.962040 0.093824 0.256273
vn -0.932534 -0.038709 0.359003
vn -0.849154 0.024813 0.527563
vn -0.782773 -0.101937 0.613902
vn -0.616626 -0.011760 0.787169
vn -0.539887 -0.094570 0.836408
vn -0.381580 0.009219 0.924290
vn -0.215636 -0.548948 0.807562
vn -0.208449 -0.712591 0.669897
vn -0.345384 -0.891007 0.294646
vn -0.245225 -0.832989 0.495978
vn -0.395109 -0.899526 0.186392
vn -0.321066 -0.889880 0.324083
vn -0.208303 -0.846439 0.490053
vn -0.412582 -0.892163 0.183905
vn -0.340233 -0.893076 0.294376
vn -0.271694 -0.879224 0.391340
vn -0.110254 -0.808645 0.577873
vn -0.217813 -0.760260 0.612015
vn -0.069887 -0.696880 0.713774
vn -0.182375 -0.616330 0.766079
vn -0.056335 -0.562855 0.824633
vn 0.286701 0.355910 0.889455
vn 0.208723 0.849668 0.484251
vn 0.145198 0.873878 0.463956
vn 0.154116 0.943788 0.292425
vn 0.226240 0.917388 0.327436
vn 0.346203 0.826081 0.444673
vn 0.229921 0.964316 0.131269
vn 0.324764 0.918122 0.227114
vn 0.141494 0.987732 0.066065
vn 0.101913 0.994792 0.001433
vn 0.204025 0.975564 0.081535
vn 0.060880 0.976954 0.204585
vn -0.000311 0.999724 -0.023483
vn -0.084369 0.991562 -0.098421
vn -0.160684 0.977227 -0.138592
vn 0.054692 0.997989 -0.032044
vn -0.448717 0.873882 -0.187041
vn -0.578169 0.773384 -0.259996
vn -0.656888 0.691751 -0.299964
vn -0.702356 0.630469 -0.330463
vn -0.228016 0.958967 -0.168498
vn -0.962115 -0.112385 -0.248403
vn -0.948867 -0.138350 -0.283742
vn -0.935997 -0.140884 -0.322585
vn -0.919087 -0.129658 -0.372112
vn -0.711970 -0.697223 -0.083536
vn -0.742785 -0.651479 -0.154421
vn -0.762314 -0.605685 -0.228085
vn -0.777353 -0.549959 -0.305397
vn -0.898093 -0.057262 -0.436062
vn -0.575916 -0.817173 -0.023451
vn -0.611115 -0.784264 -0.107093
vn -0.636301 -0.748050 -0.188525
vn -0.788796 -0.488374 -0.373218
vn -0.511584 -0.859163 -0.011018
vn -0.469397 -0.879074 0.083031
vn -0.442888 -0.893368 0.075792
vn -0.529065 -0.846402 0.060772
vn -0.666825 -0.745152 -0.009644
vn -0.470262 -0.869933 0.148562
vn -0.604597 -0.792241 0.082559
vn -0.406413 -0.879815 0.246483
vn -0.670733 -0.667931 0.322467
vn -0.348054 -0.803012 0.483766
vn -0.733377 -0.456247 0.503981
vn -0.307622 -0.695090 0.649784
vn 0.075411 0.923829 0.375303
vn 0.032486 0.948120 0.316249
vn -0.519948 0.844396 0.129035
vn -0.980463 -0.052703 -0.189510
vn -0.997025 -0.042447 0.064336
vn -0.789224 -0.445760 -0.422402
vn -0.862964 0.129534 -0.488379
vn -0.876775 0.056423 -0.477580
vn -0.852392 0.155166 -0.499351
vn -0.567467 0.748155 -0.343866
vn -0.772366 -0.437286 -0.460686
vn -0.272372 0.946503 -0.173045
vn -0.149219 0.986571 -0.066417
vn 0.008186 0.996021 0.088745
vn 0.092630 0.968520 0.231058
vn 0.198052 0.965459 0.169307
vn 0.099800 0.991494 0.083544
vn 0.224863 0.967065 0.119255
vn 0.154194 0.985338 0.073024
vn 0.232063 0.963808 0.131227
vn 0.191280 0.977874 0.084700
vn 0.119034 0.992719 0.018444
vn 0.231712 0.964829 0.124153
vn 0.163644 0.985462 0.045669
vn 0.005834 0.998300 -0.057988
vn 0.282718 0.941935 0.181186
vn 0.285248 0.953783 0.094509
vn 0.232098 0.963951 0.130112
vn 0.326833 0.921502 0.209794
vn 0.220706 0.891931 0.394649
vn -0.856227 0.514893 -0.041954
vn -0.765764 0.642222 0.034002
vn -0.856389 0.489010 0.165731
vn -0.772355 0.594095 0.224767
vn -0.655821 0.663626 0.359861
vn -0.922512 0.360978 0.136625
vn -0.918634 0.388305 -0.073011
vn -0.958060 0.275347 -0.079409
vn -0.964775 0.234809 0.118634
vn -0.986478 0.125747 0.105111
vn -0.963181 0.080235 0.256601
vn -0.938885 0.203678 0.277507
vn -0.980397 0.182642 -0.073912
vn -0.991573 0.113936 -0.061660
vn -0.994375 0.043604 0.096529
vn -0.995283 -0.010482 0.096447
vn -0.971841 -0.075275 0.223291
vn -0.971693 -0.013775 0.235843
vn -0.996760 0.067776 -0.043323
vn -0.999088 0.039517 -0.016179
vn -0.993125 -0.040546 0.109811
vn -0.967047 0.162183 -0.196256
vn -0.978189 0.139757 -0.153672
vn -0.986873 0.122602 -0.105120
vn -0.999388 0.023694 0.025746
vn -0.916017 0.268636 -0.297906
vn -0.930648 0.266747 -0.250481
vn -0.946065 0.257131 -0.197092
vn -0.993768 0.104811 -0.037955
vn -0.742617 0.550693 -0.381126
vn -0.695514 0.630092 -0.345316
vn -0.965447 0.235726 -0.111112
vn 0.037988 0.934548 -0.353804
vn 0.038499 0.996953 -0.067838
vn -0.673609 0.707996 -0.212115
vn 0.571948 0.812777 -0.110766
vn 0.577224 0.792024 0.198775
vn 0.482395 0.780010 0.398596
vn -0.486586 0.823017 0.293046
vn 0.724103 0.687127 0.059427
vn 0.598608 0.722558 0.345802
vn -0.189480 0.668149 0.719496
vn 0.560679 0.712845 0.421297
vn -0.199784 0.643958 0.738515
vn -0.825252 0.204376 0.526488
vn -0.869246 0.197639 0.453157
vn -0.930406 0.193284 0.311425
vn -0.836357 0.283045 0.469459
vn -0.977242 0.043117 0.207701
vn -0.992819 0.095567 0.071947
vn -0.921924 0.382317 0.062362
vn -0.995507 0.019447 0.092667
vn -0.951481 0.011791 0.307481
vn -0.978770 -0.039980 0.201025
vn -0.988548 -0.050600 0.142169
vn -0.951351 -0.091353 0.294255
vn -0.962295 -0.113349 0.247268
vn -0.968285 -0.107184 0.225690
vn -0.921690 -0.171486 0.347966
vn -0.927156 -0.165659 0.336063
vn -0.930575 -0.129922 0.342274
vn -0.866995 -0.217651 0.448273
vn -0.870807 -0.176065 0.459016
vn -0.870073 -0.100419 0.482585
vn -0.929791 -0.061359 0.362938
vn -0.858584 0.008940 0.512595
vn -0.919127 0.041822 0.391735
vn -0.828838 0.143504 0.540771
vn -0.890671 0.174088 0.420000
vn -0.781231 -0.014544 0.624072
vn -0.757397 0.120299 0.641778
vn -0.717019 0.258799 0.647230
vn -0.661519 0.105769 0.742432
vn -0.629426 0.235575 0.740491
vn -0.584915 0.348333 0.732487
vn -0.516685 0.211590 0.829618
vn -0.485949 0.308397 0.817768
vn -0.461028 0.361028 0.810625
vn -0.540461 0.422181 0.727781
vn -0.535747 0.099832 0.838456
vn -0.387561 0.102503 0.916128
vn -0.241393 0.107566 0.964447
vn -0.532959 -0.014801 0.846012
vn -0.512625 -0.125938 0.849326
vn -0.675810 -0.024322 0.736674
vn -0.674511 -0.141082 0.724659
vn -0.663175 -0.230489 0.712091
vn -0.481092 -0.216748 0.849453
vn -0.788858 -0.128767 0.600935
vn -0.786276 -0.211774 0.580450
vn -0.778795 -0.260882 0.570455
vn -0.644690 -0.286206 0.708845
vn -0.616863 -0.311220 0.722926
vn -0.367038 -0.295838 0.881909
vn -0.435505 -0.273225 0.857720
vn -0.768812 -0.278942 0.575429
vn -0.757336 -0.267926 0.595531
vn -0.861656 -0.227858 0.453464
vn -0.855667 -0.205647 0.474915
vn -0.847660 -0.137344 0.512453
vn -0.755443 -0.224631 0.615505
vn -0.913069 -0.145328 0.381030
vn -0.893388 -0.068559 0.444024
vn -0.811645 0.131477 0.569163
vn -0.810177 0.033626 0.585221
vn -0.923922 -0.020714 0.382019
vn -0.808468 0.186863 0.558088
vn -0.263260 0.627650 0.732632
vn -0.379308 0.576213 0.723950
vn 0.386284 0.766836 0.512589
vn 0.273502 0.761930 0.587077
vn -0.510409 0.460359 0.726328
vn 0.490566 0.737652 0.463912
vn 0.190765 0.692037 0.696199
vn -0.603543 0.272830 0.749200
vn -0.761828 -0.100795 0.639889
vn -0.372528 0.063646 0.925836
vn 0.207171 0.473496 0.856085
vn 0.782170 0.515593 0.349819
vn 0.699680 0.310184 0.643609
vn 0.752056 0.594106 0.285393
vn 0.855432 0.468718 0.220317
vn 0.869269 0.367268 0.330887
vn 0.876328 0.419212 0.237300
vn 0.865450 0.323772 0.382320
vn 0.870462 0.404180 0.280951
vn 0.841117 0.308231 0.444427
vn 0.843249 0.405945 0.352336
vn 0.792917 0.286131 0.537970
vn 0.787916 0.416306 0.453737
vn 0.695916 0.268168 0.666173
vn 0.443722 0.045672 0.895000
vn 0.558025 0.255029 0.789663
vn 0.263221 0.023848 0.964441
vn -0.119611 -0.178299 0.976679
vn 0.022251 -0.180232 0.983372
vn 0.697073 0.430222 0.573584
vn 0.574455 0.440537 0.689876
vn 0.738217 0.545381 0.396983
vn 0.634570 0.578199 0.512842
vn 0.734870 0.623184 0.267597
vn 0.631568 0.676739 0.378346
vn 0.806102 0.560863 0.188763
vn 0.808698 0.506422 0.299241
vn -0.120715 0.109063 0.986678
vn -0.429716 0.902349 0.033318
vn -0.388306 0.921425 0.013968
vn -0.467307 0.872154 0.144816
vn -0.516761 0.814201 0.264642
vn -0.493527 0.829158 0.262541
vn -0.527699 0.761132 0.377111
vn -0.497995 0.770189 0.398510
vn -0.511539 0.691353 0.510254
vn -0.449859 0.676914 0.582593
vn -0.433510 0.583119 0.687053
vn -0.232319 0.464109 0.854769
vn -0.193308 0.361808 0.911991
vn 0.295002 -0.009039 0.955454
vn -0.280550 0.582021 0.763245
vn 0.312557 0.041348 0.948998
vn 0.749540 -0.435463 0.498560
vn 0.363248 0.137840 0.921440
vn 0.820534 -0.432512 0.373709
vn 0.891418 -0.448276 0.066508
vn 0.959545 -0.057985 0.275520
vn 0.985252 -0.133308 -0.107276
vn 0.972610 0.035967 -0.229643
vn 0.622198 0.766100 -0.161120
vn 0.549286 0.788246 -0.277405
vn 0.483769 0.801579 -0.351338
vn -0.132236 0.989401 -0.059992
vn -0.071548 0.982374 -0.172688
vn -0.373882 0.918786 0.126669
vn -0.317994 0.948083 -0.004232
vn -0.460828 0.844918 0.271571
vn -0.431614 0.891705 0.136278
vn -0.412492 0.861921 0.294861
vn -0.451103 0.768926 0.453056
vn -0.317574 0.721771 0.614974
vn -0.213875 0.972850 0.088429
vn -0.034717 0.894688 0.445340
vn 0.514148 0.397650 0.759952
vn 0.670178 0.719190 0.183377
vn 0.124038 -0.066424 0.990052
vn 0.083546 -0.047688 0.995362
vn 0.048279 -0.026166 0.998491
vn 0.016049 -0.004109 0.999863
vn 0.026803 0.046854 0.998542
vn -0.019162 0.018729 0.999641
vn -0.004153 0.064763 0.997892
vn -0.061524 0.045723 0.997058
vn -0.048088 0.086430 0.995097
vn 0.095328 0.253361 -0.962663
vn 0.191079 0.188862 -0.963234
vn 0.186208 0.065715 -0.980310
vn 0.115684 0.036423 -0.992618
vn 0.115337 -0.005999 -0.993308
vn 0.186295 -0.010171 -0.982441
vn 0.038099 -0.006413 -0.999253
vn -0.037945 -0.002651 -0.999276
vn -0.122999 0.006780 -0.992384
vn -0.188847 0.083500 -0.978450
vn -0.201677 0.007566 -0.979423
vn -0.234583 -0.105802 -0.966321
vn -0.169223 -0.196397 -0.965811
vn -0.143335 0.164330 -0.975936
vn 0.240638 -0.016794 0.970470
vn 0.651688 0.721039 0.235384
vn -0.960295 0.275380 0.044721
vn -0.962911 0.131039 -0.235864
vn -0.745637 0.663133 -0.065425
vn -0.698298 0.665680 0.263153
vn -0.992573 -0.007921 0.121391
vn -0.932320 -0.283288 -0.224783
vn -0.748418 0.447758 0.489268
vn -0.617575 -0.283927 0.733475
vn -0.716597 -0.587920 0.375285
vn -0.890635 -0.420196 0.173793
vn -0.753628 -0.046126 0.655680
vn -0.235835 0.270824 0.933293
vn -0.159561 -0.088025 0.983256
vn -0.308156 -0.546837 0.778466
vn -0.456847 -0.195573 -0.867780
vn -0.310852 -0.499642 -0.808535
vn 0.096168 -0.194773 -0.976123
vn -0.159171 0.213965 -0.963786
vn -0.692680 -0.144280 -0.706667
vn -0.592731 -0.517726 -0.616952
vn -0.519916 0.372525 -0.768709
vn 0.043150 0.980861 -0.189868
vn -0.389415 0.817829 -0.423688
vn -0.060732 0.766860 -0.638934
vn 0.374770 0.895433 -0.240308
vn 0.094435 0.991631 0.088033
vn -0.438931 0.892826 -0.101007
vn 0.504428 0.856495 0.109398
vn 0.407619 0.579459 0.705744
vn 0.088299 0.593589 0.799910
vn 0.089996 0.790561 0.605734
vn 0.461772 0.689959 0.557426
vn 0.692449 0.487748 0.531617
vn 0.561328 0.398296 0.725446
vn 0.222504 0.342787 0.912682
vn -0.055729 -0.978083 0.200619
vn 0.344465 -0.935943 0.073181
vn -0.064910 -0.943577 -0.324730
vn -0.390899 -0.915834 -0.091898
vn -0.480649 -0.808779 0.338900
vn 0.083135 -0.712234 0.697002
vn 0.635409 -0.455078 0.623826
vn 0.856067 -0.308618 0.414614
vn 0.752438 -0.658511 0.014172
vn 0.869553 0.052545 0.491037
vn 0.964805 -0.226605 0.133420
vn 0.654286 0.040801 0.755146
vn 0.677118 -0.112875 -0.727166
vn 0.293840 -0.510752 -0.807955
vn 0.598018 -0.549808 -0.583169
vn 0.902323 -0.010666 -0.430929
vn 0.585038 0.288495 -0.757959
vn 0.829976 0.479064 -0.285723
vn 0.938481 0.232422 0.255408
vn 0.967733 0.042327 0.248399
vn 0.810588 0.287911 0.509956
vn 0.824733 0.431182 0.365920
vn 0.984581 0.171733 0.033286
vn 0.968440 -0.227288 -0.102298
vn 0.851702 0.497708 0.163984
vn 0.645719 0.241012 0.724542
vn 0.697208 0.593092 0.402669
vn 0.704454 0.667605 0.240933
vn 0.480878 0.766686 0.425382
vn 0.490504 0.823209 0.285890
vn 0.712215 0.700333 0.047781
vn 0.140665 0.885568 0.442700
vn 0.137387 0.949004 0.283755
vn -0.320922 0.932652 0.164834
vn -0.266734 0.874275 0.405582
vn -0.315185 0.722380 0.615489
vn -0.345927 0.501732 0.792842
vn -0.800373 0.183521 0.570722
vn -0.959965 -0.236446 0.150200
vn -0.792833 -0.599575 -0.109205
vn -0.871092 -0.462802 -0.164358
vn -0.657003 -0.691577 -0.300115
vn -0.753894 -0.559836 -0.343843
vn -0.844385 -0.365062 -0.392102
vn -0.614403 -0.633781 -0.469926
vn -0.741709 -0.439104 -0.507007
vn -0.825052 -0.093024 -0.557347
vn -0.907129 -0.002553 -0.420846
vn -0.735073 0.387017 -0.556674
vn -0.798856 0.504321 -0.327856
vn -0.419007 -0.697989 -0.580727
vn -0.215607 -0.809005 -0.546832
vn 0.151495 -0.777332 -0.610578
vn -0.120210 -0.699737 -0.704215
vn -0.474929 -0.761385 -0.441287
vn -0.307961 -0.859858 -0.407191
vn 0.039103 -0.868213 -0.494648
vn -0.548489 -0.801849 -0.237061
vn -0.684453 -0.728788 0.019798
vn 0.382276 -0.853107 -0.355068
vn 0.785614 -0.567834 -0.245711
vn 0.465639 -0.739354 -0.486349
vn 0.833779 -0.408496 -0.371408
vn 0.977909 0.085818 -0.190602
vn 0.873240 0.486043 -0.034842
vn 0.639282 0.724961 -0.256416
vn 0.329234 0.625076 -0.707732
vn 0.263910 -0.224370 0.938088
vn 0.333032 0.113800 0.936023
vn -0.439729 -0.448346 0.778219
vn -0.242416 -0.685203 0.686827
vn -0.831141 -0.519485 0.198342
vn -0.877150 -0.267497 0.398815
vn -0.612032 0.100357 0.784439
vn 0.131166 -0.147387 0.980343
vn 0.527040 -0.304154 0.793548
vn 0.427850 -0.272211 -0.861885
vn 0.332283 -0.552138 -0.764677
vn 0.921312 -0.288186 -0.261021
vn 0.861349 -0.057823 -0.504712
vn -0.119714 -0.172505 -0.977707
vn -0.433507 -0.425524 -0.794355
vn 0.478416 0.119196 -0.870006
vn 0.176312 -0.913393 0.366917
vn -0.282168 -0.957361 0.061976
vn -0.622868 -0.774546 0.110061
vn 0.012875 -0.851835 0.523651
vn 0.679547 -0.441333 0.586038
vn 0.674268 -0.626736 0.390596
vn 0.386554 -0.914923 0.116150
vn 0.086304 -0.897259 -0.432986
vn -0.458446 -0.779795 -0.426318
vn -0.113776 -0.981720 -0.152579
vn 0.558752 -0.822004 -0.110024
vn 0.233357 -0.744730 -0.625237
vn -0.511731 -0.569677 -0.643117
vn 0.856315 -0.488237 -0.168372
vn -0.630888 0.525668 -0.570661
vn -0.863715 0.244462 -0.440720
vn -0.791859 0.030688 -0.609933
vn -0.499918 0.418437 -0.758283
vn 0.027924 0.831260 -0.555183
vn -0.302556 0.873614 -0.381128
vn -0.741077 0.620531 -0.256410
vn -0.316613 0.901634 0.294640
vn -0.278712 0.814798 0.508353
vn -0.881735 0.432911 0.187434
vn -0.759251 0.649781 0.036376
vn -0.328728 0.943574 -0.040062
vn 0.195731 0.942967 0.269264
vn 0.434475 0.756346 0.489051
vn -0.029040 0.394617 0.918387
vn -0.864489 0.270551 0.423627
vn -0.164441 0.629396 0.759486
vn 0.570680 0.488805 0.659844
vn 0.526104 0.227089 0.819540
vn 0.746795 0.564653 -0.351376
vn 0.471950 0.465413 -0.748768
vn 0.849076 0.252000 -0.464291
vn 0.921421 0.377754 -0.091026
vn 0.837877 0.535143 0.107625
vn 0.617012 0.747241 -0.246836
vn 0.148698 0.672373 -0.725123
vn -0.350779 0.294482 -0.888951
vn -0.046019 0.200396 -0.978634
vn 0.469857 0.873018 -0.130668
vn 0.180569 0.981795 -0.058943
vn 0.717079 0.676435 0.168029
vn 0.538693 0.814057 0.217074
vn 0.818127 0.483872 0.310703
vn 0.689461 0.614113 0.384068
vn 0.858969 0.323899 0.396562
vn 0.748682 0.459984 0.477378
vn 0.492430 0.638271 0.591712
vn -0.226844 0.734229 0.639882
vn 0.781138 0.295210 0.550158
vn 0.867673 0.161026 0.470334
vn 0.824779 -0.046950 0.563503
vn 0.754083 0.064570 0.653597
vn 0.602656 -0.392784 0.694641
vn 0.871473 -0.146609 0.468019
vn -0.113368 -0.784610 0.609537
vn -0.728554 -0.663965 0.168404
vn -0.791642 -0.596146 -0.133840
vn -0.882419 -0.464948 -0.071837
vn -0.948530 -0.316685 -0.000965
vn -0.986052 -0.094167 0.137238
vn -0.920268 -0.332098 -0.206924
vn -0.975496 -0.189597 -0.111630
vn -0.999332 0.016752 0.032482
vn -0.875389 0.368175 0.313276
vn -0.974052 -0.083374 -0.210408
vn -0.990773 0.119983 -0.063038
vn -0.947791 0.041189 -0.316220
vn -0.938989 0.299572 -0.168988
vn -0.918895 -0.224759 -0.324213
vn -0.884940 -0.118421 -0.450397
vn -0.844314 -0.328832 -0.423088
vn -0.795833 -0.208541 -0.568472
vn -0.666551 -0.033832 -0.744691
vn -0.674508 -0.291223 -0.678401
vn -0.482806 -0.090154 -0.871074
vn -0.738430 -0.428880 -0.520368
vn -0.845228 -0.450985 -0.286708
vn -0.727533 -0.584862 -0.358654
vn -0.595177 -0.782470 -0.183046
vn 0.922607 0.042596 0.383383
vn 0.958914 -0.089653 0.269160
vn 0.893301 -0.300025 0.334661
vn 0.960105 -0.256382 0.111651
vn 0.821541 -0.547401 0.159447
vn 0.978693 0.069173 0.193327
vn 0.997017 -0.072927 0.025282
vn 0.972508 0.215045 0.089351
vn 0.985359 0.092165 -0.143433
vn 0.907247 0.351760 0.230580
vn 0.929478 0.198462 0.310939
vn -0.444983 -0.502465 0.741295
vn -0.821739 -0.436483 0.366370
vn -0.710994 -0.192485 0.676341
vn -0.108016 -0.245602 0.963334
vn -0.179626 -0.702130 0.689019
vn -0.700077 -0.687874 0.191627
vn 0.375601 -0.326023 0.867544
vn -0.592629 0.277698 0.756092
vn -0.852472 0.044600 0.520866
vn -0.969926 0.161054 0.182497
vn -0.669813 0.458391 0.584147
vn -0.023188 0.524272 0.851235
vn -0.082460 0.269034 0.959594
vn -0.385605 -0.002705 0.922660
vn -0.090931 -0.777702 -0.622022
vn -0.537334 -0.617705 -0.574207
vn -0.444681 -0.828750 -0.339753
vn 0.168288 -0.908006 -0.383672
vn 0.614574 -0.669475 -0.417254
vn 0.188132 -0.614236 -0.766368
vn -0.393623 -0.434821 -0.809933
vn 0.353981 -0.851822 0.386131
vn 0.075816 -0.994163 0.076761
vn -0.453845 -0.882192 0.125544
vn 0.084967 -0.819356 0.566953
vn 0.585878 -0.404056 0.702485
vn 0.710418 -0.553765 0.434340
vn 0.636867 -0.762596 0.113351
vn 0.980327 0.050335 -0.190852
vn 0.852011 0.175839 -0.493111
vn 0.817753 -0.171545 -0.549410
vn 0.968667 -0.200749 -0.146234
vn 0.976216 -0.091143 0.196709
vn 0.983816 0.173450 0.044956
vn 0.870829 0.409730 -0.271623
vn -0.640277 0.760743 -0.106370
vn -0.729806 0.552679 -0.402403
vn -0.319340 0.797084 -0.512523
vn -0.244538 0.969304 -0.025501
vn -0.722732 0.663129 0.194726
vn -0.922719 0.348149 -0.165473
vn -0.176294 0.853300 0.490714
vn -0.289770 0.110716 -0.950671
vn -0.356198 0.347026 -0.867580
vn -0.729415 0.118572 -0.673717
vn -0.555164 -0.100000 -0.825707
vn -0.106063 -0.280096 -0.954095
vn 0.146087 0.053873 -0.987804
vn 0.193080 0.409080 -0.891837
vn 0.565556 0.814600 0.128737
vn 0.212826 0.975270 0.059611
vn 0.155764 0.882754 -0.443264
vn 0.637594 0.750181 -0.175225
vn 0.851025 0.487342 0.195587
vn 0.667282 0.601451 0.439308
vn 0.304377 0.777104 0.550875
vn 0.382560 0.560232 0.734703
vn -0.119410 0.688048 0.715773
vn 0.683429 0.404072 0.607989
vn 0.852783 0.302646 0.425637
vn 0.827857 0.137982 0.543704
vn 0.672262 0.245982 0.698252
vn 0.418576 0.380065 0.824830
vn 0.636847 0.088063 0.765945
vn 0.376781 0.186596 0.907314
vn 0.554128 -0.081363 0.828445
vn 0.197793 -0.014212 0.980141
vn 0.794904 -0.015659 0.606533
vn 0.737552 -0.174801 0.652274
vn 0.894104 -0.138839 0.425794
vn 0.845278 -0.309220 0.435761
vn 0.936167 -0.286954 0.203100
vn 0.857453 -0.482595 0.178541
vn 0.904004 -0.413512 -0.108555
vn 0.773914 -0.625189 -0.100975
vn 0.419007 -0.897856 -0.135231
vn -0.203423 -0.965009 -0.165459
vn -0.764173 -0.575568 -0.291138
vn -0.656007 -0.743096 -0.132149
vn -0.902207 -0.370070 -0.221518
vn -0.853628 -0.516973 -0.063695
vn -0.971366 -0.198612 -0.130389
vn -0.947131 -0.316029 0.055391
vn -0.999286 -0.037479 -0.004727
vn -0.956559 -0.138510 0.256535
vn -0.957298 -0.074411 -0.279361
vn -0.982819 0.070498 -0.170575
vn -0.965173 0.260733 0.021426
vn -0.919594 0.197872 -0.339401
vn -0.718590 0.563990 0.406870
vn -0.898245 0.072594 -0.433459
vn -0.744485 0.272174 -0.609642
vn -0.743751 0.395149 -0.539159
vn -0.382076 0.503223 -0.775103
vn -0.370186 0.627610 -0.684886
vn 0.146360 0.607509 -0.780713
vn 0.147889 0.741339 -0.654633
vn 0.597050 0.547088 -0.586708
vn 0.630888 0.662945 -0.403093
vn 0.884262 0.465399 -0.038527
vn 0.938320 0.245190 0.243799
vn 0.922950 0.036407 0.383194
vn 0.586508 0.309345 -0.748541
vn 0.553000 -0.050299 -0.831662
vn 0.417506 -0.376577 -0.826969
vn 0.757446 -0.438610 -0.483628
vn -0.854098 -0.072737 -0.515000
vn -0.903099 -0.226038 -0.365130
vn -0.791274 -0.403102 -0.459777
vn -0.721643 -0.252667 -0.644508
vn -0.773746 -0.631075 0.055326
vn -0.926427 0.125226 -0.355036
vn -0.980820 0.160152 -0.111098
vn -0.749469 -0.611032 0.254826
vn -0.700932 -0.708432 -0.082575
vn -0.705331 -0.650808 -0.280993
vn -0.614542 -0.767696 0.181604
vn -0.708304 -0.594877 0.380036
vn -0.882476 -0.414727 0.221897
vn -0.989633 0.089923 0.111985
vn -0.966403 0.041125 0.253718
vn -0.152647 -0.929327 0.336228
vn -0.606941 -0.775909 0.172010
vn 0.369284 -0.807988 0.459114
vn 0.392210 -0.798988 0.455840
vn -0.858951 -0.359282 0.364856
vn -0.807590 0.570673 -0.148764
vn -0.577653 0.774433 -0.258012
vn -0.513408 0.802794 -0.303206
vn -0.520952 0.815896 -0.250844
vn 0.000000 0.000000 0.000000
vn 0.623680 -0.700782 0.346306
vn 0.264000 -0.878360 0.398482
vn 0.464937 -0.736081 0.491954
vn 0.912646 -0.332834 0.237272
vn 0.969428 0.216508 -0.115467
vn 0.834836 -0.527728 0.156693
vn 0.004699 -0.969306 0.245812
vn 0.468503 0.876347 0.111893
vn -0.277634 0.959209 0.053263
vn -0.167757 0.971417 -0.167949
vn 0.596753 0.798676 -0.077480
vn 0.551815 -0.775652 0.306374
vn -0.048597 -0.976895 0.208122
vn 0.570544 -0.798020 0.194018
vn 0.891262 0.289042 -0.349438
vn 0.888270 0.341240 -0.307461
vn 0.733659 0.428545 -0.527346
vn 0.734365 0.365591 -0.571884
vn 0.258341 0.879291 -0.400133
vn 0.145956 0.879719 -0.452538
vn 0.752424 0.560737 -0.345589
vn 0.725478 0.626607 -0.284685
vn -0.675769 -0.679964 -0.284579
vn -0.703374 -0.690048 -0.170582
vn -0.438837 0.700916 -0.562263
vn 0.254101 0.704153 -0.663024
vn 0.024309 0.747758 -0.663527
vn -0.460948 0.709061 -0.533628
vn 0.589646 -0.803672 0.080180
vn 0.133574 0.832516 -0.537657
vn -0.336102 0.843226 -0.419531
vn 0.828310 0.484419 -0.281496
vn -0.229210 -0.470402 -0.852165
vn -0.332265 -0.367992 -0.868437
vn -0.807351 -0.525428 -0.268532
vn -0.442541 -0.669907 -0.596139
vn 0.065511 -0.388237 -0.919228
vn 0.072185 -0.259358 -0.963080
vn -0.000455 -0.592476 -0.805588
vn -0.332674 0.369229 -0.867754
vn -0.456873 -0.194697 -0.867963
vn 0.018606 -0.097949 -0.995018
vn 0.250856 0.555586 -0.792714
vn -0.987693 -0.141168 -0.067333
vn -0.941959 -0.298662 -0.153344
vn 0.299678 0.943964 0.138294
vn 0.165759 0.979921 0.110810
vn -0.522609 -0.277809 0.806041
vn -0.673214 -0.705065 0.222860
vn -0.753868 -0.321302 0.573104
vn -0.431952 -0.002788 0.901892
vn -0.439687 -0.453337 0.775345
vn -0.317519 -0.923498 -0.215252
vn -0.221025 0.073145 0.972521
vn -0.525971 0.438689 0.728634
vn -0.768201 -0.111728 0.630385
vn -0.043630 0.624808 0.779559
vn -0.342377 0.183986 0.921373
vn 0.457680 -0.064111 -0.886803
vn 0.331310 -0.018950 -0.943332
vn 0.230861 -0.307996 -0.922952
vn 0.481290 -0.208164 -0.851486
vn 0.762855 0.355372 -0.540151
vn 0.623036 0.524932 -0.579890
vn 0.926302 0.167834 -0.337338
vn 0.204063 0.039823 -0.978147
vn 0.480058 0.558507 -0.676471
vn 0.318797 -0.539602 -0.779230
vn 0.030424 -0.645052 -0.763533
vn -0.198212 -0.980142 -0.005844
vn -0.197282 -0.967901 0.155717
vn 0.967648 0.167883 -0.188340
vn 0.448923 -0.251717 0.857384
vn 0.652207 0.324952 0.684859
vn -0.153414 -0.452766 0.878332
vn 0.054571 0.133003 0.989612
vn 0.151849 0.522702 0.838883
vn 0.551364 0.754033 0.356975
vn 0.662771 0.545620 0.512868
vn 0.168505 0.329339 0.929054
vn 0.066168 0.600971 0.796527
vn 0.419763 0.881055 0.218040
vn -0.089166 0.300638 0.949561
vn -0.589989 -0.668666 0.452546
vn -0.702079 -0.535276 0.469643
vn -0.612270 -0.646454 0.455216
vn -0.529414 -0.718198 0.451566
vn 0.516738 0.729668 -0.447847
vn 0.314216 0.853336 -0.416036
vn 0.431270 0.780477 -0.452616
vn 0.734120 0.486933 -0.473249
vn 0.239440 0.898546 -0.367808
vn 0.378299 0.824591 -0.420642
vn -0.456776 -0.778799 0.429916
vn -0.582731 -0.660420 0.473571
vn -0.627683 -0.624079 0.465338
vn -0.255473 -0.881313 0.397518
vn -0.536409 -0.617139 0.575678
vn -0.101631 -0.923827 0.369073
vn 0.895793 -0.043732 -0.442315
vn 0.540879 0.645266 -0.539520
vn 0.730921 0.478338 -0.486772
vn -0.704133 0.177453 0.687537
vn -0.450248 -0.679607 0.579147
vn -0.412203 -0.696462 0.587392
vn -0.422621 -0.735926 0.528966
vn -0.794265 -0.372308 0.480136
vn -0.336259 -0.246586 -0.908914
vn 0.012928 -0.871219 0.490725
vn -0.221522 -0.836653 0.500939
vn 0.343066 0.834415 -0.431344
vn 0.267002 0.869435 -0.415684
vn 0.447672 0.770149 -0.454379
vn 0.580508 0.674383 -0.456310
vn 0.399230 0.825049 -0.399886
vn 0.142769 0.926720 -0.347574
vn -0.068635 0.956507 -0.283519
vn 0.452974 0.779358 -0.432916
vn 0.437401 0.806793 -0.397197
vn 0.391541 0.834431 -0.387841
vn 0.221119 0.915662 -0.335661
vn 0.432108 0.816632 -0.382616
vn 0.382941 0.769338 -0.511346
vn 0.319658 0.829122 -0.458667
vn -0.067047 0.880099 -0.470032
vn 0.221760 -0.938303 0.265348
vn 0.055170 -0.952057 0.300904
vn 0.554652 0.726543 -0.405582
vn 0.485808 0.771392 -0.411030
vn -0.433659 -0.755312 0.491369
vn -0.052329 -0.897852 0.437176
vn -0.483983 -0.754267 0.443669
vn -0.470418 -0.750443 0.464265
vn -0.490051 -0.745007 0.452564
vn -0.135965 -0.928534 0.345454
vn 0.490836 0.739740 -0.460288
vn 0.234701 0.902557 -0.360980
vn -0.866540 0.004613 0.499086
vn -0.947514 0.018678 0.319167
vn -0.836984 -0.275755 0.472669
vn -0.819175 -0.555434 0.142988
vn 0.104761 0.712448 -0.693861
vn -0.033040 0.400017 -0.915912
vn 0.122595 0.813274 -0.568820
vn 0.085471 0.827156 -0.555435
vn -0.539764 -0.533401 -0.651259
vn -0.304546 -0.446856 -0.841173
vn -0.840748 0.286641 0.459326
vn -0.819220 -0.036162 0.572338
vn 0.063386 0.914823 -0.398850
vn -0.086020 0.992384 -0.088171
vn -0.465705 0.595015 0.655039
vn -0.555203 -0.574840 0.601090
vn -0.768476 -0.495184 0.405262
vn -0.215801 -0.827990 0.517555
vn -0.194199 -0.919851 0.340823
vn -0.548455 -0.704473 0.450461
vn -0.372809 -0.609392 0.699754
vn -0.231163 -0.770452 0.594110
vn -0.629357 -0.424672 0.650817
vn -0.526286 -0.122161 0.841486
vn 0.276250 -0.705819 -0.652308
vn -0.073832 -0.844751 -0.530041
vn 0.165179 -0.985953 -0.024741
vn 0.402127 0.040670 -0.914680
vn 0.164586 0.102342 -0.981039
vn 0.610209 -0.378338 -0.696064
vn 0.469578 0.592288 -0.654745
vn 0.606446 0.681882 -0.408974
vn 0.260906 0.905815 -0.333806
vn 0.323423 0.718729 -0.615488
vn 0.558370 0.297088 -0.774572
vn 0.830669 0.194485 -0.521694
vn 0.367849 0.460587 -0.807804
vn 0.898598 -0.433080 -0.070451
vn 0.281500 -0.852741 0.439989
vn 0.939918 0.113037 0.322144
vn 0.992406 0.122724 0.008265
vn 0.706751 -0.605143 -0.366477
vn 0.074604 -0.967598 0.241222
vn -0.065518 -0.361382 0.930113
vn -0.115216 -0.579106 0.807070
vn -0.196685 -0.490573 0.848913
vn 0.025074 0.623331 0.781556
vn 0.679986 0.723960 0.116190
vn 0.721809 0.689170 -0.063531
vn 0.214091 0.970923 -0.107110
vn -0.318638 -0.401621 0.858586
vn -0.317390 0.299565 0.899736
vn -0.057146 0.977648 0.202331
vn 0.136462 0.937021 -0.321510
vn 0.192225 0.793093 -0.577973
vn 0.218277 0.571740 -0.790865
vn -0.596097 -0.788518 -0.151351
vn -0.973253 -0.044105 0.225465
vn -0.978325 -0.027729 0.205208
vn -0.988168 0.146319 0.045986
vn -0.980716 0.192282 0.034975
vn 0.962757 -0.139502 -0.231599
vn 0.952400 0.029377 -0.303434
vn 0.919621 0.139088 -0.367358
vn 0.729791 -0.615346 -0.297917
vn 0.749649 -0.533758 -0.391317
vn 0.987873 -0.056799 -0.144500
vn 0.178246 -0.926451 -0.331537
vn 0.243294 -0.930619 -0.273417
vn -0.937504 0.041654 0.345472
vn -0.953443 0.024387 0.300585
vn 0.721923 -0.627194 -0.292328
vn 0.898549 -0.163464 -0.407294
vn 0.940222 -0.124996 -0.316795
vn 0.952683 0.061303 -0.297720
vn -0.988534 0.038821 0.145923
vn -0.978447 0.202108 -0.042342
vn -0.986122 0.013751 0.165449
vn 0.956958 0.118143 -0.265093
vn 0.967366 0.151670 -0.202976
vn 0.986047 0.138159 -0.092859
vn 0.985136 0.135736 -0.105277
vn 0.903281 0.097403 -0.417847
vn 0.926759 0.197236 -0.319714
vn 0.980294 0.068974 -0.185110
vn 0.970820 0.068751 -0.229745
vn 0.948219 -0.047874 -0.313989
vn 0.957981 -0.003723 -0.286808
vn -0.981247 0.192732 -0.003063
vn -0.991775 -0.039523 0.121739
vn -0.982709 -0.011332 0.184808
vn -0.637999 -0.661217 0.394650
vn -0.574709 -0.258785 0.776364
vn -0.479452 -0.453797 0.751128
vn -0.474304 -0.854778 0.210690
vn -0.117576 -0.690336 -0.713871
vn -0.553707 -0.652740 -0.517047
vn -0.678366 0.040434 0.733611
vn -0.191160 -0.053879 -0.980079
vn -0.569740 -0.359075 -0.739230
vn 0.023281 -0.071054 -0.997201
vn 0.299931 0.288266 -0.909365
vn 0.269992 0.370405 -0.888766
vn -0.640738 0.459501 0.615072
vn -0.519793 0.588106 0.619634
vn -0.516840 0.380926 0.766663
vn -0.055649 -0.771268 -0.634073
vn -0.299370 -0.953930 -0.019868
vn -0.000994 -0.822518 -0.568738
vn 0.197532 -0.394194 -0.897548
vn 0.226404 -0.129376 -0.965403
vn 0.322898 -0.191255 -0.926908
vn 0.332619 -0.037361 -0.942321
vn 0.087852 -0.810552 -0.579040
vn 0.342944 -0.441784 -0.828985
vn -0.426425 -0.689414 0.585550
vn -0.362008 -0.849025 0.384846
vn -0.144917 -0.969994 0.195222
vn 0.293730 -0.952113 0.084871
vn 0.152677 -0.410192 0.899129
vn -0.077486 -0.344902 0.935435
vn 0.469621 0.380982 0.796435
vn 0.729492 0.085936 -0.678569
vn 0.621657 0.096994 -0.777261
vn 0.669354 0.708596 -0.223285
vn 0.067754 0.981345 -0.179922
vn 0.350852 0.654630 -0.669598
vn -0.191525 0.810014 0.554252
vn 0.247259 0.967795 -0.047291
vn -0.167135 0.423276 0.890451
vn -0.348632 0.069122 0.934707
vn -0.324605 0.385978 0.863512
vn 0.005689 0.799612 0.600491
vn 0.292938 0.910139 0.292975
vn -0.035851 0.471143 0.881328
vn -0.296571 -0.043331 0.954027
vn 0.562822 0.538808 -0.626831
vn 0.463461 0.152138 -0.872959
vn 0.431744 0.881187 0.192629
vn 0.496399 0.686036 -0.531924
vn 0.413419 0.281899 -0.865805
vn -0.260701 -0.575979 0.774780
vn -0.368007 -0.419357 0.829886
vn -0.224791 -0.043374 0.973441
vn -0.401477 -0.328066 0.855096
vn 0.090338 0.488616 0.867810
vn -0.433935 -0.186507 0.881428
vn -0.469657 0.023047 0.882548
vn 0.427659 0.806330 -0.408582
vn 0.404823 0.440071 -0.801534
vn 0.333505 0.137679 -0.932641
vn -0.450604 -0.892714 0.004214
vn -0.749287 -0.624541 -0.220266
vn -0.893451 -0.446302 0.050597
vn -0.461696 -0.830970 0.310362
vn 0.231130 -0.892209 0.387997
vn 0.030018 -0.999474 -0.012299
vn -0.374166 -0.844620 -0.382905
vn -0.371255 -0.494808 0.785706
vn -0.436240 -0.699061 0.566576
vn -0.889208 -0.351918 0.292341
vn -0.706126 -0.244954 0.664367
vn -0.209962 -0.176619 0.961625
vn 0.128546 -0.452519 0.882441
vn 0.254060 -0.721011 0.644669
vn -0.616652 0.482910 -0.621722
vn -0.815797 0.145011 -0.559864
vn -0.551053 0.054001 -0.832721
vn -0.285260 0.535442 -0.794939
vn -0.547433 0.726820 -0.414790
vn -0.893870 0.324595 -0.309248
vn 0.013434 0.879158 -0.476341
vn -0.619251 0.745946 0.245140
vn -0.749210 0.479997 0.456386
vn -0.952614 0.271655 0.136857
vn -0.767910 0.640467 -0.010751
vn -0.231965 0.970905 -0.059461
vn -0.119681 0.953383 0.277017
vn -0.226995 0.734239 0.639817
vn 0.508793 0.364481 -0.779925
vn 0.459301 0.016820 -0.888122
vn 0.852734 0.109510 -0.510738
vn 0.743372 0.487267 -0.458223
vn 0.118754 0.493108 -0.861825
vn -0.153037 0.016038 -0.988090
vn 0.425415 0.776507 -0.464822
vn 0.233901 0.465927 0.853348
vn 0.373870 0.717414 0.587825
vn 0.704346 0.465971 0.535507
vn 0.477938 0.226363 0.848726
vn -0.021801 0.060731 0.997916
vn -0.272318 0.372108 0.887344
vn 0.199780 -0.704173 -0.681343
vn -0.269254 -0.698461 -0.663065
vn 0.087337 -0.923757 -0.372887
vn 0.535553 -0.749296 -0.389536
vn 0.292094 -0.479548 -0.827475
vn -0.343530 -0.425261 -0.837341
vn 0.756017 -0.446179 -0.478919
vn 0.979015 -0.037938 0.200226
vn 0.995506 -0.082634 -0.046255
vn 0.910626 -0.406992 0.071534
vn 0.898163 -0.253730 0.359060
vn 0.940599 0.219522 0.259005
vn 0.959900 0.276993 -0.043205
vn 0.848189 0.013069 0.529533
vn 0.797601 0.245636 0.550903
vn 0.851709 0.445030 0.276660
vn 0.761573 -0.429384 0.485423
vn 0.706254 -0.195571 0.680409
vn 0.622327 0.020255 0.782495
vn 0.493590 -0.340276 0.800363
vn 0.285141 -0.125595 0.950221
vn -0.545027 0.003765 0.838410
vn -0.879100 -0.059331 0.472930
vn -0.950668 0.088175 0.297415
vn -0.735906 0.210566 0.643509
vn -0.978754 -0.144750 0.145219
vn -0.999503 -0.000357 0.031511
vn -0.981231 0.178664 -0.072559
vn -0.977778 -0.098388 -0.185119
vn -0.965814 0.061651 -0.251798
vn -0.850424 0.497357 -0.171507
vn -0.415374 0.878391 -0.236417
vn 0.171719 0.958109 -0.229213
vn 0.317506 0.948116 -0.016321
vn 0.573257 0.794199 -0.201552
vn 0.655002 0.755507 0.013452
vn 0.709040 0.654725 0.261911
vn 0.412921 0.873386 0.258249
vn 0.846617 0.532145 0.007887
vn 0.820691 0.531667 -0.209278
vn 0.941454 0.212589 -0.261668
vn 0.816034 -0.185706 -0.547360
vn 0.952590 -0.126725 -0.276609
vn 0.880907 -0.433668 -0.189564
vn 0.719522 -0.690846 -0.070844
vn 0.773499 -0.596235 0.214948
vn 0.442498 -0.896592 -0.017834
vn 0.578679 -0.752833 0.313645
vn 0.582615 -0.570033 0.579329
vn 0.376468 -0.256289 -0.890274
vn -0.256432 -0.243624 -0.935355
vn -0.660084 -0.176417 -0.730182
vn -0.695435 -0.335968 -0.635213
vn -0.886573 -0.216693 -0.408697
vn -0.862510 -0.379163 -0.335130
vn -0.635787 -0.555321 -0.536092
vn -0.876044 -0.072046 -0.476819
vn -0.965467 -0.241437 -0.097887
vn -0.414503 -0.438932 0.797199
vn -0.741745 -0.499815 0.447212
vn -0.968549 -0.135289 0.208832
vn -0.605585 -0.168632 0.777708
vn 0.165704 -0.183950 0.968868
vn 0.176694 -0.454453 0.873070
vn -0.081289 -0.703834 0.705698
vn -0.151491 0.325625 0.933284
vn -0.675659 0.401548 0.618259
vn -0.323880 0.676037 0.661873
vn 0.238314 0.407869 0.881391
vn 0.000835 0.039095 0.999235
vn -0.733060 0.081592 0.675253
vn 0.506559 0.051722 0.860653
vn -0.129401 -0.015006 -0.991479
vn -0.530003 0.067376 -0.845315
vn -0.488300 -0.233363 -0.840895
vn 0.153439 -0.317118 -0.935891
vn 0.651155 -0.217437 -0.727130
vn 0.141584 0.133814 -0.980840
vn -0.384944 0.303785 -0.871512
vn 0.061015 -0.837409 -0.543161
vn -0.266254 -0.542230 -0.796928
vn -0.701045 -0.412201 -0.581916
vn -0.271432 -0.881309 -0.386807
vn 0.459364 -0.887908 0.024564
vn 0.605094 -0.756660 -0.247642
vn 0.474357 -0.579125 -0.663024
vn -0.692427 0.709824 -0.129208
vn -0.870644 0.461611 -0.169982
vn -0.786795 0.413588 -0.458147
vn -0.590702 0.720862 -0.362531
vn -0.216395 0.976043 0.022659
vn -0.425748 0.869448 0.250596
vn -0.752077 0.608465 0.253281
vn 0.426526 0.900082 -0.089044
vn 0.034814 0.859515 -0.509923
vn 0.465355 0.708487 -0.530557
vn 0.776837 0.624531 0.080535
vn 0.356141 0.903602 0.238048
vn -0.183159 0.944883 -0.271384
vn 0.729952 0.470227 0.496042
vn -0.069556 -0.951708 0.299021
vn 0.200297 -0.970076 0.137238
vn -0.528677 -0.811972 -0.247390
vn -0.636593 -0.770059 0.041935
vn 0.244719 -0.787983 0.564974
vn 0.618178 -0.664502 0.419873
vn -0.454875 -0.774587 0.439436
vn 0.977517 0.130388 -0.165707
vn 0.975525 -0.006943 0.219778
vn 0.927237 0.304194 0.218397
vn 0.820590 0.446030 -0.357336
vn 0.911325 0.001307 -0.411687
vn 0.970234 -0.231349 0.071582
vn 0.512770 0.370613 -0.774411
vn 0.064030 0.576773 -0.814391
vn -0.178443 0.438194 -0.880990
vn 0.333987 0.252941 -0.908005
vn 0.808026 -0.106154 -0.579504
vn 0.834061 -0.445483 -0.325403
vn 0.934511 -0.336574 -0.115789
vn 0.838022 -0.545021 0.025918
vn 0.893795 -0.405497 0.191578
vn 0.904745 -0.267517 0.331470
vn 0.891516 -0.075930 0.446581
vn 0.812272 -0.437621 0.385618
vn 0.823218 -0.284674 0.491196
vn 0.808286 -0.103251 0.579666
vn 0.757589 0.125982 0.640459
vn 0.847307 0.170248 0.503077
vn 0.721525 -0.312386 0.617913
vn 0.711572 -0.128802 0.690706
vn 0.659042 0.095903 0.745966
vn 0.482774 0.420421 0.768228
vn 0.620204 0.437808 0.650900
vn 0.557444 -0.163511 0.813954
vn 0.555573 -0.368368 0.745415
vn 0.695525 -0.480265 0.534407
vn 0.456651 -0.579959 0.674623
vn 0.750903 -0.608171 0.257436
vn 0.273143 0.835832 0.476212
vn 0.069562 0.770585 0.633529
vn -0.281570 0.643356 -0.711907
vn -0.479397 0.458793 -0.748123
vn -0.631151 0.288628 -0.719960
vn -0.657939 0.441488 -0.610086
vn -0.775006 0.256163 -0.577708
vn -0.847878 0.075688 -0.524761
vn -0.735322 0.088300 -0.671941
vn -0.873311 -0.123355 -0.471287
vn -0.761081 -0.140501 -0.633257
vn -0.830369 -0.384329 -0.403458
vn -0.945362 -0.127051 -0.300248
vn -0.903665 -0.383319 -0.190934
vn -0.986403 -0.137737 -0.089653
vn -0.891629 -0.442757 0.094680
vn -0.985577 0.063495 -0.156865
vn -0.984843 0.087160 0.149957
vn -0.929295 0.061563 -0.364173
vn -0.879243 0.229473 -0.417462
vn -0.952048 0.243891 -0.184722
vn -0.933576 0.324114 0.152923
vn -0.479809 0.681081 -0.553093
vn -0.225299 -0.943942 -0.241275
vn -0.308637 -0.950079 0.045740
vn -0.390783 -0.917021 0.079756
vn -0.134657 -0.967753 -0.212891
vn 0.445458 0.838428 -0.314014
vn 0.141873 0.979495 -0.143043
vn 0.445397 0.871355 -0.205823
vn 0.563550 0.764311 -0.313433
vn 0.648310 0.662267 -0.375629
vn 0.646095 0.627468 -0.434565
vn -0.220394 -0.967985 0.120130
vn -0.377850 -0.885543 0.270264
vn -0.293179 -0.897408 0.329703
vn -0.177650 -0.897683 0.403245
vn -0.041892 -0.994766 0.093191
vn -0.134884 -0.889528 0.436515
vn -0.071201 -0.953270 0.293608
vn 0.769383 0.591246 -0.241821
vn 0.458674 0.832618 -0.310427
vn 0.580459 0.772099 -0.258709
vn 0.560091 0.804117 -0.199231
vn -0.226588 -0.802536 0.551901
vn -0.194718 -0.800398 0.566964
vn -0.256078 -0.676055 0.690923
vn -0.285578 -0.848612 0.445312
vn -0.470069 -0.865975 0.170655
vn 0.255529 0.946969 -0.194819
vn 0.268158 0.885903 -0.378507
vn 0.298327 0.902620 -0.310287
vn 0.353994 0.917528 -0.181193
vn 0.193684 0.977303 -0.085820
vn 0.032124 0.997809 -0.057830
vn -0.242582 -0.950579 0.193786
vn -0.359292 -0.892376 0.273081
vn -0.010548 -0.996130 0.087258
vn -0.393335 -0.861755 0.320416
vn -0.406221 -0.867151 0.288155
vn -0.115877 -0.968050 0.222377
vn -0.403278 -0.847475 0.345185
vn -0.379195 -0.824899 0.419228
vn 0.203873 0.962160 0.180788
vn 0.280722 0.959146 0.035137
vn 0.309580 0.949371 -0.053430
vn 0.319860 0.945880 -0.054784
vn -0.585280 -0.689012 0.427446
vn -0.338097 -0.797888 0.499064
vn 0.348442 0.882332 -0.316351
vn 0.594723 0.754207 -0.278346
vn 0.375949 0.896969 -0.232615
vn -0.602780 -0.314691 -0.733230
vn -0.388592 -0.806690 -0.445249
vn 0.374686 0.841863 -0.388429
vn 0.395414 0.853310 -0.339867
vn 0.559462 0.790177 -0.250245
vn 0.364024 0.910976 -0.193932
vn -0.318032 -0.840729 0.438212
vn -0.354056 -0.892826 0.278398
vn 0.082587 0.988936 -0.123229
vn -0.219022 0.607850 -0.763248
vn -0.447333 -0.041241 -0.893416
vn -0.490630 -0.667588 -0.560007
vn -0.497661 -0.711182 -0.496542
vn 0.279519 0.958972 0.047348
vn 0.426139 0.895021 -0.131693
vn 0.286115 0.879537 -0.380201
vn -0.048938 0.790484 -0.610524
vn 0.257444 -0.953684 -0.155591
vn -0.112938 -0.955275 -0.273302
vn -0.346929 -0.910641 -0.224437
vn -0.111149 -0.992452 0.051816
vn 0.362105 -0.883506 0.297147
vn 0.601311 -0.797809 -0.043881
vn 0.107890 -0.975116 -0.193669
vn 0.520797 0.841901 -0.141329
vn 0.528457 0.830493 -0.176111
vn 0.366720 0.926930 -0.079482
vn 0.947042 0.278607 0.159657
vn 0.625669 0.779238 0.036422
vn -0.449207 0.691016 -0.566313
vn -0.764477 -0.198658 -0.613278
vn -0.319434 0.938236 -0.132946
vn -0.944344 0.282389 -0.168733
vn 0.220332 0.972487 -0.075654
vn -0.402219 -0.883958 0.238409
vn -0.345980 -0.857465 0.380857
vn -0.358046 -0.908888 0.213836
vn -0.413365 -0.904961 -0.100868
vn -0.571825 -0.792304 0.212767
vn -0.282232 -0.842834 0.458232
vn -0.555912 -0.788804 -0.262204
vn -0.528426 0.650846 0.545129
vn -0.198823 0.873107 0.445144
vn -0.170542 0.512920 0.841325
vn -0.350290 0.329054 0.876938
vn 0.429023 0.901681 0.053958
vn 0.420157 0.907331 0.014768
vn 0.667847 0.714953 0.206937
vn 0.077198 0.797508 0.598350
vn 0.247630 0.956067 0.156890
vn 0.159382 -0.550412 0.819539
vn -0.113404 -0.737816 0.665408
vn -0.329936 -0.507394 0.796049
vn -0.160625 0.030903 0.986532
vn 0.810910 -0.356647 0.463926
vn -0.331168 -0.943264 0.024114
vn 0.421774 0.895685 -0.140909
vn -0.320993 -0.946457 0.034393
vn -0.426137 -0.656950 -0.621951
vn -0.478395 -0.710249 -0.516415
vn -0.311870 -0.790545 -0.527045
vn -0.314101 -0.711270 -0.628836
vn -0.466672 -0.514589 -0.719316
vn -0.539452 -0.539074 -0.646832
vn -0.379713 -0.576473 -0.723531
vn 0.012782 0.872023 0.489297
vn 0.220871 0.801835 0.555227
vn -0.703740 0.280314 -0.652820
vn -0.172344 0.949002 0.263996
vn 0.235566 0.749581 0.618576
vn 0.225587 0.707317 0.669935
vn 0.338699 0.631557 0.697437
vn -0.364021 -0.552828 -0.749580
vn -0.404693 -0.544233 -0.734870
vn -0.247683 -0.397357 -0.883606
vn -0.227847 -0.229113 -0.946358
vn -0.320521 0.917539 -0.235347
vn -0.576438 -0.184217 -0.796105
vn 0.061809 0.996721 0.052222
vn 0.147126 0.967399 0.206139
vn 0.198651 0.883638 0.423936
vn 0.408605 0.170839 0.896580
vn 0.310637 0.480121 0.820359
vn 0.309571 0.510550 0.802187
vn 0.408411 0.122272 0.904572
vn -0.276613 -0.921547 -0.272463
vn -0.298702 -0.863085 -0.407260
vn -0.527039 -0.780137 -0.337070
vn -0.548705 -0.820374 -0.160965
vn -0.208546 -0.888863 -0.407960
vn 0.014110 -0.998442 -0.053988
vn -0.155266 -0.576182 -0.802438
vn -0.142372 -0.566066 -0.811973
vn -0.163516 -0.739387 -0.653123
vn -0.163173 -0.777756 -0.607017
vn 0.631782 0.718424 0.291065
vn 0.663310 0.462154 0.588586
vn 0.591099 0.558666 0.581802
vn 0.560074 0.732343 0.387286
vn 0.577563 0.805022 0.135497
vn 0.634819 0.772560 0.012496
vn -0.158208 -0.917978 -0.363712
vn -0.087186 -0.921733 -0.377898
vn 0.576253 0.423020 0.699276
vn 0.397751 0.523013 0.753824
vn 0.496442 -0.174759 0.850297
vn 0.572189 0.441195 0.691337
vn 0.396238 0.659348 0.638949
vn 0.480449 0.509604 0.713773
vn 0.481087 0.696997 0.531743
vn 0.412712 0.256200 0.874088
vn 0.300486 0.594016 0.746226
vn 0.335180 0.765589 0.549115
vn 0.460443 0.585811 0.666947
vn -0.727674 -0.661277 -0.182216
vn -0.635813 -0.605313 -0.478892
vn 0.695543 0.375524 0.612537
vn -0.511286 -0.462331 -0.724457
vn 0.415697 0.803656 0.425831
vn 0.001861 0.255766 -0.966737
vn -0.069521 -0.104930 -0.992047
vn -0.152068 -0.867144 -0.474276
vn -0.212804 -0.727450 -0.652327
vn -0.238621 -0.607297 -0.757793
vn -0.453965 -0.154344 -0.877550
vn -0.306901 -0.027822 -0.951335
vn -0.369514 0.402886 -0.837342
vn -0.534858 -0.012994 -0.844842
vn -0.818810 -0.118289 -0.561745
vn -0.759614 -0.152607 -0.632217
vn -0.530181 -0.317015 -0.786390
vn -0.285820 -0.304654 -0.908567
vn -0.319712 -0.189582 -0.928355
vn -0.367644 0.018109 -0.929790
vn -0.267097 -0.306605 -0.913593
vn -0.065427 0.767327 -0.637909
vn -0.679130 -0.133737 -0.721732
vn -0.320036 -0.507739 -0.799861
vn -0.000264 -0.770189 -0.637816
vn -0.598803 0.006854 -0.800867
vn -0.506884 0.718473 -0.476304
vn -0.796700 -0.238322 -0.555402
vn -0.054133 0.962198 0.266917
vn 0.310259 0.746079 0.589157
vn 0.354347 0.558940 0.749682
vn 0.171571 0.743164 0.646738
vn 0.268760 -0.891733 -0.364115
vn 0.132691 -0.487467 0.863000
vn 0.318401 -0.328895 0.889072
vn 0.309262 -0.902351 0.300199
vn -0.040001 -0.143512 -0.988840
vn -0.973065 -0.197388 -0.119089
vn -0.953153 -0.116864 -0.279003
vn 0.176844 0.296059 0.938656
vn 0.263729 0.303837 0.915494
vn 0.030636 -0.004841 0.999519
vn -0.206942 -0.118326 0.971171
vn -0.289450 -0.367949 -0.883647
vn 0.183171 -0.782003 -0.595751
vn -0.463381 -0.485890 -0.741072
vn -0.181524 -0.227212 -0.956778
vn 0.979959 -0.173343 -0.098146
vn 0.978854 -0.199855 0.043614
vn 0.971724 0.197807 0.128936
vn 0.994525 0.030939 -0.099812
vn -0.346729 0.038198 -0.937187
vn 0.967375 0.233923 -0.097290
vn 0.786161 0.591226 0.180006
vn -0.401978 0.299944 -0.865129
vn 0.410477 -0.087839 0.907631
vn 0.672533 -0.524547 0.522062
vn 0.509511 0.108876 0.853548
vn 0.892864 0.029826 0.449338
vn 0.279609 0.026445 0.959750
vn 0.633964 0.336312 0.696407
vn 0.513460 0.162204 0.842643
vn 0.388624 0.258130 0.884500
vn 0.571846 0.453474 0.683633
vn 0.499301 0.819827 0.280325
vn 0.677428 0.552718 0.485381
vn 0.756821 0.244111 0.606327
vn -0.370844 -0.454220 0.810036
vn 0.031815 -0.981305 -0.189813
vn -0.254389 -0.929440 0.267258
vn 0.475351 -0.813808 0.334301
vn 0.604468 -0.777044 -0.175561
vn -0.961075 -0.178791 -0.210638
vn -0.971302 -0.224270 0.079221
vn 0.561060 -0.660039 -0.499561
vn 0.471421 -0.759333 -0.448526
vn -0.972982 0.228770 0.031161
vn -0.979607 0.191589 0.060523
vn -0.955075 0.034833 -0.294311
vn -0.882966 0.169383 -0.437814
vn -0.931306 0.155046 0.329591
vn -0.915504 0.135381 0.378846
vn -0.786702 0.608877 -0.101833
vn -0.825842 0.538694 0.166712
vn -0.881286 -0.190013 0.432701
vn -0.692417 -0.049817 0.719776
vn -0.551393 -0.486762 0.677517
vn -0.713137 0.422826 0.559155
vn -0.171654 0.985155 -0.002142
vn -0.006558 0.717252 0.696783
vn -0.671807 0.048107 0.739162
vn 0.134874 0.060535 0.989012
vn 0.298815 -0.403619 -0.864755
vn -0.130065 -0.494556 -0.859359
vn 0.759877 -0.374906 -0.531066
vn 0.842439 -0.168068 -0.511908
vn 0.347683 0.090369 -0.933247
vn -0.507539 0.190912 -0.840212
vn 0.711369 0.551924 0.435124
vn 0.729838 0.683558 -0.009220
vn 0.997968 0.050179 0.039271
vn 0.823098 0.182701 0.537708
vn 0.685780 -0.556387 0.469189
vn 0.171050 -0.548193 0.818674
vn 0.017624 -0.123599 0.992176
vn 0.829416 -0.197373 0.522601
vn 0.958693 -0.283518 -0.022915
vn 0.790618 -0.610349 0.048953
vn 0.877950 0.113981 -0.464986
vn 0.923169 -0.293325 -0.248435
vn 0.965183 -0.004774 -0.261532
vn 0.496445 0.615598 -0.612030
vn 0.585106 0.741381 -0.328640
vn -0.243967 0.924601 -0.292563
vn -0.266413 0.706049 -0.656140
vn -0.719947 0.557526 -0.413330
vn 0.838564 -0.469306 -0.276701
vn 0.397122 -0.727565 -0.559413
# 3297 normals

vt 0.628190 0.427232 0.000000
vt 0.629799 0.429143 0.000000
vt 0.633602 0.428260 0.000000
vt 0.629713 0.426557 0.000000
vt 0.624022 0.427565 0.000000
vt 0.624086 0.430140 0.000000
vt 0.624084 0.426557 0.000000
vt 0.637135 0.430863 0.000000
vt 0.635560 0.431753 0.000000
vt 0.635524 0.435949 0.000000
vt 0.637135 0.433308 0.000000
vt 0.427349 0.796515 0.000000
vt 0.428265 0.796515 0.000000
vt 0.428231 0.795876 0.000000
vt 0.427004 0.795971 0.000000
vt 0.635531 0.428433 0.000000
vt 0.393346 0.722085 0.000000
vt 0.392822 0.722556 0.000000
vt 0.392824 0.723523 0.000000
vt 0.393689 0.722763 0.000000
vt 0.988531 0.102400 0.000000
vt 0.994723 0.105297 0.000000
vt 0.999500 0.094704 0.000000
vt 0.989170 0.094389 0.000000
vt 0.394463 0.722406 0.000000
vt 0.393754 0.721779 0.000000
vt 0.428550 0.783909 0.000000
vt 0.427787 0.784248 0.000000
vt 0.427001 0.785034 0.000000
vt 0.428345 0.784497 0.000000
vt 0.526101 0.266869 0.000000
vt 0.514790 0.264358 0.000000
vt 0.508993 0.283312 0.000000
vt 0.526101 0.282799 0.000000
vt 0.429598 0.784548 0.000000
vt 0.429384 0.783909 0.000000
vt 0.391588 0.726302 0.000000
vt 0.391434 0.725942 0.000000
vt 0.391434 0.727507 0.000000
vt 0.391733 0.727409 0.000000
vt 0.392036 0.725723 0.000000
vt 0.391905 0.724691 0.000000
vt 0.392378 0.727164 0.000000
vt 0.393985 0.731489 0.000000
vt 0.394463 0.731756 0.000000
vt 0.394463 0.730325 0.000000
vt 0.393798 0.730493 0.000000
vt 0.392874 0.730692 0.000000
vt 0.393288 0.732079 0.000000
vt 0.393827 0.732904 0.000000
vt 0.494881 0.998858 0.000000
vt 0.494771 0.997625 0.000000
vt 0.493884 0.998195 0.000000
vt 0.494526 0.999412 0.000000
vt 0.495935 0.998864 0.000000
vt 0.496224 0.997310 0.000000
vt 0.495898 0.999833 0.000000
vt 0.605634 0.427183 0.000000
vt 0.609930 0.427551 0.000000
vt 0.609636 0.426557 0.000000
vt 0.603951 0.426557 0.000000
vt 0.603745 0.429295 0.000000
vt 0.609805 0.430182 0.000000
vt 0.599819 0.428579 0.000000
vt 0.597613 0.432556 0.000000
vt 0.602449 0.433181 0.000000
vt 0.425947 0.785988 0.000000
vt 0.425481 0.787164 0.000000
vt 0.426576 0.786434 0.000000
vt 0.596909 0.428040 0.000000
vt 0.594384 0.431424 0.000000
vt 0.426554 0.788328 0.000000
vt 0.428014 0.787872 0.000000
vt 0.428068 0.785863 0.000000
vt 0.425481 0.788745 0.000000
vt 0.429503 0.787685 0.000000
vt 0.429559 0.785801 0.000000
vt 0.430715 0.787518 0.000000
vt 0.430715 0.786047 0.000000
vt 0.430715 0.784924 0.000000
vt 0.429442 0.789830 0.000000
vt 0.430715 0.789521 0.000000
vt 0.428016 0.790139 0.000000
vt 0.428013 0.792377 0.000000
vt 0.429411 0.792092 0.000000
vt 0.426600 0.790521 0.000000
vt 0.426634 0.792663 0.000000
vt 0.426697 0.794593 0.000000
vt 0.428081 0.794442 0.000000
vt 0.425481 0.790810 0.000000
vt 0.425481 0.792829 0.000000
vt 0.425481 0.794431 0.000000
vt 0.616969 0.426557 0.000000
vt 0.617059 0.427713 0.000000
vt 0.616946 0.430393 0.000000
vt 0.616707 0.433837 0.000000
vt 0.624470 0.433655 0.000000
vt 0.609333 0.433716 0.000000
vt 0.608898 0.437352 0.000000
vt 0.616564 0.437352 0.000000
vt 0.602112 0.437352 0.000000
vt 0.496512 0.995475 0.000000
vt 0.498244 0.997169 0.000000
vt 0.498514 0.995475 0.000000
vt 0.597337 0.437352 0.000000
vt 0.494973 0.995846 0.000000
vt 0.594384 0.435623 0.000000
vt 0.493884 0.996507 0.000000
vt 0.498053 0.998723 0.000000
vt 0.500274 0.998681 0.000000
vt 0.500540 0.997116 0.000000
vt 0.500701 0.995475 0.000000
vt 0.502359 0.998621 0.000000
vt 0.502709 0.997079 0.000000
vt 0.502836 0.995475 0.000000
vt 0.504533 0.996964 0.000000
vt 0.504603 0.995475 0.000000
vt 0.624251 0.437352 0.000000
vt 0.630786 0.437352 0.000000
vt 0.630796 0.433000 0.000000
vt 0.505802 0.996763 0.000000
vt 0.505802 0.995475 0.000000
vt 0.504118 0.998369 0.000000
vt 0.505454 0.997927 0.000000
vt 0.392071 0.723873 0.000000
vt 0.501793 0.999833 0.000000
vt 0.503201 0.999510 0.000000
vt 0.500016 0.999833 0.000000
vt 0.497922 0.999833 0.000000
vt 0.391434 0.729369 0.000000
vt 0.391891 0.729175 0.000000
vt 0.391434 0.731193 0.000000
vt 0.392048 0.730941 0.000000
vt 0.391434 0.732540 0.000000
vt 0.392278 0.732487 0.000000
vt 0.392622 0.728962 0.000000
vt 0.393576 0.728701 0.000000
vt 0.393348 0.726714 0.000000
vt 0.393096 0.724930 0.000000
vt 0.394463 0.728402 0.000000
vt 0.394463 0.726260 0.000000
vt 0.394463 0.724245 0.000000
vt 0.430715 0.793930 0.000000
vt 0.430715 0.791776 0.000000
vt 0.429473 0.794306 0.000000
vt 0.429575 0.795823 0.000000
vt 0.430715 0.795549 0.000000
vt 0.392005 0.733458 0.000000
vt 0.392866 0.733504 0.000000
vt 0.393004 0.733910 0.000000
vt 0.393698 0.734040 0.000000
vt 0.394463 0.733342 0.000000
vt 0.425948 0.795565 0.000000
vt 0.429634 0.796515 0.000000
vt 0.044582 0.643363 0.000000
vt 0.044582 0.631629 0.000000
vt 0.036081 0.631629 0.000000
vt 0.034283 0.643363 0.000000
vt 0.106264 0.743420 0.000000
vt 0.101136 0.746579 0.000000
vt 0.102170 0.751236 0.000000
vt 0.105168 0.748345 0.000000
vt 0.110951 0.741459 0.000000
vt 0.118155 0.729912 0.000000
vt 0.110301 0.729971 0.000000
vt 0.099923 0.739538 0.000000
vt 0.131903 0.472440 0.000000
vt 0.146377 0.512006 0.000000
vt 0.162386 0.510693 0.000000
vt 0.153073 0.478409 0.000000
vt 0.149127 0.459014 0.000000
vt 0.132820 0.452573 0.000000
vt 0.119993 0.481221 0.000000
vt 0.130537 0.514692 0.000000
vt 0.104425 0.440501 0.000000
vt 0.097633 0.451903 0.000000
vt 0.108432 0.431302 0.000000
vt 0.112583 0.745726 0.000000
vt 0.108958 0.746157 0.000000
vt 0.106925 0.749986 0.000000
vt 0.109094 0.752829 0.000000
vt 0.122786 0.731956 0.000000
vt 0.117043 0.749635 0.000000
vt 0.128079 0.736552 0.000000
vt 0.111717 0.756572 0.000000
vt 0.096333 0.495546 0.000000
vt 0.082137 0.481672 0.000000
vt 0.076990 0.500630 0.000000
vt 0.096820 0.513809 0.000000
vt 0.113648 0.517019 0.000000
vt 0.106753 0.490418 0.000000
vt 0.089354 0.467126 0.000000
vt 0.069810 0.451377 0.000000
vt 0.062980 0.473852 0.000000
vt 0.898792 0.245831 0.000000
vt 0.921093 0.236207 0.000000
vt 0.914552 0.217934 0.000000
vt 0.886905 0.223756 0.000000
vt 0.863367 0.250554 0.000000
vt 0.887789 0.260094 0.000000
vt 0.053758 0.442957 0.000000
vt 0.049933 0.469743 0.000000
vt 0.335802 0.723279 0.000000
vt 0.335802 0.739178 0.000000
vt 0.359991 0.738923 0.000000
vt 0.357192 0.726128 0.000000
vt 0.903268 0.297345 0.000000
vt 0.888085 0.283008 0.000000
vt 0.870447 0.290618 0.000000
vt 0.892200 0.308306 0.000000
vt 0.144710 0.701335 0.000000
vt 0.132176 0.711588 0.000000
vt 0.138524 0.715402 0.000000
vt 0.156834 0.698494 0.000000
vt 0.138505 0.690942 0.000000
vt 0.126036 0.706146 0.000000
vt 0.154615 0.682419 0.000000
vt 0.148032 0.674227 0.000000
vt 0.161368 0.685500 0.000000
vt 0.076712 0.531868 0.000000
vt 0.094736 0.540177 0.000000
vt 0.060235 0.490946 0.000000
vt 0.061833 0.522030 0.000000
vt 0.890510 0.367593 0.000000
vt 0.875959 0.367593 0.000000
vt 0.875959 0.392781 0.000000
vt 0.890510 0.392781 0.000000
vt 0.144456 0.721967 0.000000
vt 0.164673 0.710841 0.000000
vt 0.190485 0.704367 0.000000
vt 0.181488 0.686864 0.000000
vt 0.175455 0.674881 0.000000
vt 0.072550 0.679594 0.000000
vt 0.079050 0.683145 0.000000
vt 0.076684 0.666216 0.000000
vt 0.068248 0.663768 0.000000
vt 0.062188 0.685200 0.000000
vt 0.072924 0.694536 0.000000
vt 0.366224 0.918987 0.000000
vt 0.370713 0.931171 0.000000
vt 0.386149 0.931742 0.000000
vt 0.379872 0.918776 0.000000
vt 0.406445 0.956723 0.000000
vt 0.403150 0.942681 0.000000
vt 0.387639 0.942607 0.000000
vt 0.384033 0.952818 0.000000
vt 0.057083 0.604273 0.000000
vt 0.065997 0.630984 0.000000
vt 0.079417 0.633373 0.000000
vt 0.074141 0.608952 0.000000
vt 0.423574 0.978420 0.000000
vt 0.441999 0.976374 0.000000
vt 0.427623 0.955753 0.000000
vt 0.072749 0.581366 0.000000
vt 0.056898 0.572170 0.000000
vt 0.417142 0.940500 0.000000
vt 0.065194 0.652329 0.000000
vt 0.072593 0.651218 0.000000
vt 0.372274 0.940405 0.000000
vt 0.367811 0.948306 0.000000
vt 0.224591 0.705817 0.000000
vt 0.204777 0.674857 0.000000
vt 0.195685 0.718810 0.000000
vt 0.228163 0.728246 0.000000
vt 0.244065 0.687042 0.000000
vt 0.222055 0.654930 0.000000
vt 0.274792 0.611180 0.000000
vt 0.274823 0.599652 0.000000
vt 0.257555 0.599105 0.000000
vt 0.262521 0.619967 0.000000
vt 0.283210 0.617013 0.000000
vt 0.286187 0.604689 0.000000
vt 0.274595 0.637400 0.000000
vt 0.921084 0.103893 0.000000
vt 0.921615 0.099220 0.000000
vt 0.902227 0.109473 0.000000
vt 0.911132 0.122376 0.000000
vt 0.934966 0.111355 0.000000
vt 0.937549 0.102175 0.000000
vt 0.932590 0.125601 0.000000
vt 0.911816 0.136648 0.000000
vt 0.932612 0.137953 0.000000
vt 0.875026 0.119046 0.000000
vt 0.878206 0.127267 0.000000
vt 0.879661 0.135981 0.000000
vt 0.802181 0.143626 0.000000
vt 0.811326 0.132012 0.000000
vt 0.793724 0.117417 0.000000
vt 0.782027 0.120157 0.000000
vt 0.842506 0.151038 0.000000
vt 0.843132 0.141638 0.000000
vt 0.751930 0.122675 0.000000
vt 0.765736 0.142405 0.000000
vt 0.779390 0.166293 0.000000
vt 0.811459 0.166240 0.000000
vt 0.846754 0.166512 0.000000
vt 0.862435 0.217934 0.000000
vt 0.881608 0.191081 0.000000
vt 0.852015 0.189843 0.000000
vt 0.841961 0.225436 0.000000
vt 0.822770 0.194578 0.000000
vt 0.907893 0.192976 0.000000
vt 0.850706 0.297850 0.000000
vt 0.879883 0.323091 0.000000
vt 0.933149 0.221015 0.000000
vt 0.933141 0.198824 0.000000
vt 0.813909 0.233270 0.000000
vt 0.828264 0.260274 0.000000
vt 0.606020 0.151954 0.000000
vt 0.616862 0.158438 0.000000
vt 0.636919 0.139714 0.000000
vt 0.624985 0.131284 0.000000
vt 0.253731 0.400350 0.000000
vt 0.261930 0.436140 0.000000
vt 0.269820 0.435099 0.000000
vt 0.264636 0.411051 0.000000
vt 0.264667 0.399464 0.000000
vt 0.256980 0.388209 0.000000
vt 0.597128 0.178835 0.000000
vt 0.605720 0.181564 0.000000
vt 0.244952 0.358433 0.000000
vt 0.241024 0.365882 0.000000
vt 0.775538 0.270712 0.000000
vt 0.803645 0.264015 0.000000
vt 0.786391 0.236363 0.000000
vt 0.759402 0.241004 0.000000
vt 0.735069 0.241889 0.000000
vt 0.748371 0.269087 0.000000
vt 0.752824 0.289122 0.000000
vt 0.771462 0.290132 0.000000
vt 0.787181 0.293016 0.000000
vt 0.801316 0.292956 0.000000
vt 0.774234 0.310845 0.000000
vt 0.793596 0.312115 0.000000
vt 0.814262 0.316283 0.000000
vt 0.261307 0.473778 0.000000
vt 0.268880 0.504239 0.000000
vt 0.300859 0.497231 0.000000
vt 0.279071 0.463280 0.000000
vt 0.646385 0.109291 0.000000
vt 0.665224 0.123002 0.000000
vt 0.272463 0.405931 0.000000
vt 0.273774 0.391614 0.000000
vt 0.263929 0.389350 0.000000
vt 0.258526 0.385784 0.000000
vt 0.291104 0.286202 0.000000
vt 0.288579 0.295038 0.000000
vt 0.301198 0.295056 0.000000
vt 0.297021 0.281441 0.000000
vt 0.285953 0.279371 0.000000
vt 0.279545 0.288335 0.000000
vt 0.291773 0.272803 0.000000
vt 0.314010 0.301992 0.000000
vt 0.321647 0.282080 0.000000
vt 0.309159 0.276303 0.000000
vt 0.299518 0.269956 0.000000
vt 0.282520 0.309029 0.000000
vt 0.292762 0.315992 0.000000
vt 0.304580 0.323762 0.000000
vt 0.293223 0.577187 0.000000
vt 0.290035 0.584634 0.000000
vt 0.299453 0.591879 0.000000
vt 0.300973 0.583405 0.000000
vt 0.289202 0.565724 0.000000
vt 0.279135 0.573841 0.000000
vt 0.302606 0.569603 0.000000
vt 0.234404 0.327484 0.000000
vt 0.230372 0.332329 0.000000
vt 0.246432 0.346639 0.000000
vt 0.237840 0.322776 0.000000
vt 0.253554 0.369224 0.000000
vt 0.249420 0.356236 0.000000
vt 0.258946 0.371966 0.000000
vt 0.253190 0.354906 0.000000
vt 0.247908 0.341582 0.000000
vt 0.082009 0.780341 0.000000
vt 0.086178 0.776658 0.000000
vt 0.084736 0.773332 0.000000
vt 0.081534 0.773143 0.000000
vt 0.089976 0.783616 0.000000
vt 0.090714 0.778895 0.000000
vt 0.082124 0.789989 0.000000
vt 0.089524 0.790488 0.000000
vt 0.077263 0.772342 0.000000
vt 0.076051 0.779408 0.000000
vt 0.090431 0.861357 0.000000
vt 0.084110 0.865112 0.000000
vt 0.084364 0.870172 0.000000
vt 0.089289 0.870203 0.000000
vt 0.056931 0.777180 0.000000
vt 0.066615 0.783087 0.000000
vt 0.069495 0.777016 0.000000
vt 0.060894 0.771751 0.000000
vt 0.080186 0.817092 0.000000
vt 0.086469 0.815207 0.000000
vt 0.083873 0.802017 0.000000
vt 0.078087 0.802251 0.000000
vt 0.083665 0.835757 0.000000
vt 0.090669 0.831440 0.000000
vt 0.050302 0.763904 0.000000
vt 0.044926 0.768490 0.000000
vt 0.135172 0.827127 0.000000
vt 0.132182 0.813788 0.000000
vt 0.123235 0.816364 0.000000
vt 0.129105 0.832314 0.000000
vt 0.144032 0.833344 0.000000
vt 0.143946 0.813054 0.000000
vt 0.138721 0.847252 0.000000
vt 0.156121 0.940822 0.000000
vt 0.164311 0.922679 0.000000
vt 0.155786 0.911184 0.000000
vt 0.148816 0.922075 0.000000
vt 0.170498 0.951810 0.000000
vt 0.175643 0.935378 0.000000
vt 0.140782 0.930139 0.000000
vt 0.143141 0.949116 0.000000
vt 0.152541 0.966782 0.000000
vt 0.168813 0.973978 0.000000
vt 0.145687 0.978440 0.000000
vt 0.159694 0.988592 0.000000
vt 0.873068 0.705789 0.000000
vt 0.868093 0.688171 0.000000
vt 0.849574 0.696521 0.000000
vt 0.856159 0.713955 0.000000
vt 0.183340 0.980372 0.000000
vt 0.184126 0.963585 0.000000
vt 0.860783 0.726902 0.000000
vt 0.871380 0.723187 0.000000
vt 0.217251 0.967320 0.000000
vt 0.232811 0.961987 0.000000
vt 0.230199 0.947173 0.000000
vt 0.212230 0.956386 0.000000
vt 0.205805 0.969625 0.000000
vt 0.215132 0.976418 0.000000
vt 0.233888 0.973438 0.000000
vt 0.835133 0.714783 0.000000
vt 0.843731 0.725232 0.000000
vt 0.722313 0.468526 0.000000
vt 0.706272 0.469306 0.000000
vt 0.709730 0.494366 0.000000
vt 0.722596 0.495426 0.000000
vt 0.200250 0.990593 0.000000
vt 0.202910 0.977766 0.000000
vt 0.194180 0.971848 0.000000
vt 0.192550 0.985803 0.000000
vt 0.214914 0.990644 0.000000
vt 0.215639 0.983589 0.000000
vt 0.872963 0.744317 0.000000
vt 0.863085 0.744525 0.000000
vt 0.854319 0.766499 0.000000
vt 0.869117 0.761486 0.000000
vt 0.871729 0.734588 0.000000
vt 0.866445 0.737851 0.000000
vt 0.983617 0.201570 0.000000
vt 0.963720 0.189939 0.000000
vt 0.962818 0.210083 0.000000
vt 0.974077 0.219382 0.000000
vt 0.975716 0.180319 0.000000
vt 0.962894 0.171953 0.000000
vt 0.999500 0.192473 0.000000
vt 0.985848 0.184323 0.000000
vt 0.000167 0.411567 0.000000
vt 0.003842 0.435615 0.000000
vt 0.013381 0.434216 0.000000
vt 0.013919 0.409989 0.000000
vt 0.021026 0.391690 0.000000
vt 0.006301 0.393776 0.000000
vt 0.999500 0.177176 0.000000
vt 0.991618 0.180593 0.000000
vt 0.858057 0.344540 0.000000
vt 0.869567 0.346853 0.000000
vt 0.875106 0.336653 0.000000
vt 0.855259 0.328382 0.000000
vt 0.835992 0.320719 0.000000
vt 0.837481 0.337966 0.000000
vt 0.340692 0.790884 0.000000
vt 0.357622 0.796515 0.000000
vt 0.362569 0.786019 0.000000
vt 0.341974 0.783557 0.000000
vt 0.007503 0.473383 0.000000
vt 0.013515 0.474799 0.000000
vt 0.957892 0.245705 0.000000
vt 0.958974 0.233650 0.000000
vt 0.817441 0.330967 0.000000
vt 0.817781 0.339825 0.000000
vt 0.830417 0.343074 0.000000
vt 0.834288 0.355605 0.000000
vt 0.843400 0.349346 0.000000
vt 0.827212 0.345891 0.000000
vt 0.818032 0.347658 0.000000
vt 0.819398 0.354126 0.000000
vt 0.826666 0.358354 0.000000
vt 0.820824 0.357915 0.000000
vt 0.813582 0.355956 0.000000
vt 0.817522 0.358589 0.000000
vt 0.821351 0.365922 0.000000
vt 0.815141 0.368438 0.000000
vt 0.801983 0.366349 0.000000
vt 0.647398 0.338124 0.000000
vt 0.650352 0.340263 0.000000
vt 0.655477 0.338534 0.000000
vt 0.653210 0.333989 0.000000
vt 0.645446 0.333704 0.000000
vt 0.641899 0.336455 0.000000
vt 0.642900 0.339336 0.000000
vt 0.650822 0.329866 0.000000
vt 0.642867 0.342126 0.000000
vt 0.646002 0.342763 0.000000
vt 0.649501 0.343226 0.000000
vt 0.841266 0.399422 0.000000
vt 0.851205 0.390179 0.000000
vt 0.839631 0.373005 0.000000
vt 0.831255 0.378531 0.000000
vt 0.862260 0.410439 0.000000
vt 0.870246 0.403606 0.000000
vt 0.823268 0.383259 0.000000
vt 0.825850 0.401080 0.000000
vt 0.844915 0.425297 0.000000
vt 0.859699 0.424528 0.000000
vt 0.830356 0.425297 0.000000
vt 0.780881 0.368284 0.000000
vt 0.784279 0.382708 0.000000
vt 0.801235 0.382816 0.000000
vt 0.813174 0.383690 0.000000
vt 0.807846 0.348932 0.000000
vt 0.793382 0.353195 0.000000
vt 0.774789 0.354311 0.000000
vt 0.656706 0.344096 0.000000
vt 0.727844 0.365863 0.000000
vt 0.745352 0.368642 0.000000
vt 0.741055 0.355595 0.000000
vt 0.725191 0.352201 0.000000
vt 0.699481 0.342313 0.000000
vt 0.699672 0.350407 0.000000
vt 0.697618 0.356414 0.000000
vt 0.719226 0.372735 0.000000
vt 0.739797 0.389991 0.000000
vt 0.751508 0.386304 0.000000
vt 0.733115 0.397484 0.000000
vt 0.741631 0.409781 0.000000
vt 0.744377 0.404174 0.000000
vt 0.346303 0.203461 0.000000
vt 0.328166 0.206973 0.000000
vt 0.329188 0.215715 0.000000
vt 0.346067 0.214236 0.000000
vt 0.359334 0.219736 0.000000
vt 0.363886 0.210155 0.000000
vt 0.364542 0.198210 0.000000
vt 0.354768 0.196731 0.000000
vt 0.646459 0.377821 0.000000
vt 0.651956 0.391888 0.000000
vt 0.663700 0.389557 0.000000
vt 0.659057 0.376827 0.000000
vt 0.656986 0.366918 0.000000
vt 0.647878 0.364331 0.000000
vt 0.633304 0.367935 0.000000
vt 0.624504 0.381119 0.000000
vt 0.635000 0.390190 0.000000
vt 0.638847 0.358753 0.000000
vt 0.641737 0.396049 0.000000
vt 0.623124 0.360138 0.000000
vt 0.612549 0.357707 0.000000
vt 0.607073 0.373762 0.000000
vt 0.615613 0.376394 0.000000
vt 0.633060 0.353768 0.000000
vt 0.630326 0.347649 0.000000
vt 0.622811 0.349454 0.000000
vt 0.615586 0.348150 0.000000
vt 0.836496 0.980135 0.000000
vt 0.842342 0.984523 0.000000
vt 0.854338 0.969758 0.000000
vt 0.851400 0.965779 0.000000
vt 0.340506 0.832561 0.000000
vt 0.330124 0.807649 0.000000
vt 0.326449 0.812303 0.000000
vt 0.333956 0.835575 0.000000
vt 0.847053 0.959950 0.000000
vt 0.827772 0.969528 0.000000
vt 0.807058 0.977185 0.000000
vt 0.817869 0.981556 0.000000
vt 0.302878 0.627228 0.000000
vt 0.293318 0.623111 0.000000
vt 0.290642 0.646711 0.000000
vt 0.306362 0.646259 0.000000
vt 0.320112 0.637449 0.000000
vt 0.307026 0.618028 0.000000
vt 0.295691 0.610696 0.000000
vt 0.270217 0.898679 0.000000
vt 0.279032 0.870306 0.000000
vt 0.260860 0.859437 0.000000
vt 0.249785 0.886166 0.000000
vt 0.237347 0.907910 0.000000
vt 0.258056 0.917872 0.000000
vt 0.270580 0.927495 0.000000
vt 0.276468 0.914842 0.000000
vt 0.286409 0.895038 0.000000
vt 0.293258 0.875278 0.000000
vt 0.284154 0.907247 0.000000
vt 0.319004 0.785056 0.000000
vt 0.308996 0.772376 0.000000
vt 0.309014 0.793583 0.000000
vt 0.321490 0.795631 0.000000
vt 0.324274 0.785945 0.000000
vt 0.314290 0.764762 0.000000
vt 0.326733 0.795524 0.000000
vt 0.751366 0.979210 0.000000
vt 0.764063 0.993207 0.000000
vt 0.784100 0.980642 0.000000
vt 0.779137 0.972023 0.000000
vt 0.323895 0.723946 0.000000
vt 0.315065 0.694578 0.000000
vt 0.290391 0.700933 0.000000
vt 0.308261 0.734610 0.000000
vt 0.776376 0.960929 0.000000
vt 0.749145 0.961694 0.000000
vt 0.345755 0.698578 0.000000
vt 0.338277 0.679605 0.000000
vt 0.719383 0.959501 0.000000
vt 0.721275 0.976854 0.000000
vt 0.291655 0.910737 0.000000
vt 0.299196 0.896577 0.000000
vt 0.282702 0.922184 0.000000
vt 0.803877 0.985035 0.000000
vt 0.810865 0.986140 0.000000
vt 0.788130 0.988509 0.000000
vt 0.823387 0.962845 0.000000
vt 0.802523 0.969576 0.000000
vt 0.962877 0.999833 0.000000
vt 0.967592 0.997941 0.000000
vt 0.959733 0.990315 0.000000
vt 0.959062 0.994697 0.000000
vt 0.280072 0.936494 0.000000
vt 0.289668 0.926928 0.000000
vt 0.275661 0.933219 0.000000
vt 0.283939 0.941362 0.000000
vt 0.295593 0.932176 0.000000
vt 0.749754 0.791648 0.000000
vt 0.772023 0.811361 0.000000
vt 0.784606 0.797893 0.000000
vt 0.770572 0.780444 0.000000
vt 0.742394 0.821776 0.000000
vt 0.764522 0.835825 0.000000
vt 0.718164 0.776860 0.000000
vt 0.714150 0.807831 0.000000
vt 0.285526 0.946542 0.000000
vt 0.299838 0.938526 0.000000
vt 0.675350 0.873350 0.000000
vt 0.712567 0.881502 0.000000
vt 0.711659 0.844722 0.000000
vt 0.678764 0.835137 0.000000
vt 0.688149 0.911401 0.000000
vt 0.715523 0.914635 0.000000
vt 0.647666 0.831184 0.000000
vt 0.642995 0.860608 0.000000
vt 0.654095 0.893152 0.000000
vt 0.665916 0.913603 0.000000
vt 0.636480 0.880026 0.000000
vt 0.633878 0.743673 0.000000
vt 0.644799 0.792803 0.000000
vt 0.681724 0.795956 0.000000
vt 0.688424 0.762523 0.000000
vt 0.676205 0.694176 0.000000
vt 0.648153 0.665592 0.000000
vt 0.596805 0.698290 0.000000
vt 0.700821 0.714252 0.000000
vt 0.589722 0.783595 0.000000
vt 0.618396 0.797493 0.000000
vt 0.559962 0.743561 0.000000
vt 0.077220 0.245281 0.000000
vt 0.115111 0.254786 0.000000
vt 0.113164 0.208304 0.000000
vt 0.077220 0.205279 0.000000
vt 0.617722 0.829587 0.000000
vt 0.151939 0.230189 0.000000
vt 0.143626 0.207276 0.000000
vt 0.552454 0.789834 0.000000
vt 0.559580 0.801145 0.000000
vt 0.688160 0.662822 0.000000
vt 0.706106 0.670851 0.000000
vt 0.684257 0.655145 0.000000
vt 0.170154 0.230851 0.000000
vt 0.170134 0.209689 0.000000
vt 0.153946 0.133705 0.000000
vt 0.116166 0.133152 0.000000
vt 0.117032 0.141999 0.000000
vt 0.152296 0.147840 0.000000
vt 0.146593 0.121355 0.000000
vt 0.113205 0.122904 0.000000
vt 0.174811 0.152381 0.000000
vt 0.177497 0.141351 0.000000
vt 0.168661 0.115724 0.000000
vt 0.170747 0.110780 0.000000
vt 0.183537 0.129389 0.000000
vt 0.189304 0.122355 0.000000
vt 0.312754 0.578654 0.000000
vt 0.312785 0.590929 0.000000
vt 0.330989 0.587051 0.000000
vt 0.322993 0.565363 0.000000
vt 0.304908 0.548508 0.000000
vt 0.376948 0.473577 0.000000
vt 0.363772 0.499621 0.000000
vt 0.389796 0.524294 0.000000
vt 0.403594 0.496099 0.000000
vt 0.332579 0.454322 0.000000
vt 0.327318 0.471478 0.000000
vt 0.373817 0.449905 0.000000
vt 0.335998 0.434813 0.000000
vt 0.415608 0.460035 0.000000
vt 0.409822 0.447499 0.000000
vt 0.426533 0.470593 0.000000
vt 0.529478 0.482165 0.000000
vt 0.525781 0.486523 0.000000
vt 0.545716 0.500145 0.000000
vt 0.543701 0.484953 0.000000
vt 0.527875 0.474060 0.000000
vt 0.520024 0.476009 0.000000
vt 0.539182 0.470882 0.000000
vt 0.562753 0.522918 0.000000
vt 0.580877 0.519256 0.000000
vt 0.565961 0.498937 0.000000
vt 0.527633 0.508021 0.000000
vt 0.541525 0.530454 0.000000
vt 0.557481 0.483378 0.000000
vt 0.517040 0.466190 0.000000
vt 0.522038 0.463024 0.000000
vt 0.514202 0.455070 0.000000
vt 0.510653 0.462859 0.000000
vt 0.510546 0.476664 0.000000
vt 0.436704 0.477108 0.000000
vt 0.420098 0.507600 0.000000
vt 0.433446 0.515450 0.000000
vt 0.443808 0.486241 0.000000
vt 0.451503 0.467881 0.000000
vt 0.453558 0.457625 0.000000
vt 0.444404 0.450983 0.000000
vt 0.465766 0.458326 0.000000
vt 0.458935 0.474698 0.000000
vt 0.470485 0.481915 0.000000
vt 0.476227 0.462553 0.000000
vt 0.467648 0.445097 0.000000
vt 0.464602 0.439072 0.000000
vt 0.459556 0.432696 0.000000
vt 0.575014 0.626376 0.000000
vt 0.538074 0.629751 0.000000
vt 0.537285 0.673728 0.000000
vt 0.608087 0.619827 0.000000
vt 0.534759 0.706005 0.000000
vt 0.657913 0.636212 0.000000
vt 0.632310 0.608491 0.000000
vt 0.682995 0.646804 0.000000
vt 0.505778 0.669976 0.000000
vt 0.512452 0.709256 0.000000
vt 0.530384 0.750949 0.000000
vt 0.537376 0.789359 0.000000
vt 0.543950 0.808736 0.000000
vt 0.558536 0.801173 0.000000
vt 0.478251 0.413999 0.000000
vt 0.476441 0.426369 0.000000
vt 0.478994 0.433294 0.000000
vt 0.484641 0.417657 0.000000
vt 0.482832 0.402729 0.000000
vt 0.479298 0.399905 0.000000
vt 0.472383 0.411611 0.000000
vt 0.483106 0.410969 0.000000
vt 0.485731 0.404782 0.000000
vt 0.468727 0.720199 0.000000
vt 0.491890 0.765054 0.000000
vt 0.507098 0.758942 0.000000
vt 0.487502 0.715080 0.000000
vt 0.461778 0.740723 0.000000
vt 0.482751 0.771579 0.000000
vt 0.479204 0.672491 0.000000
vt 0.456290 0.675593 0.000000
vt 0.435691 0.676058 0.000000
vt 0.443029 0.710685 0.000000
vt 0.444151 0.730848 0.000000
vt 0.491364 0.413595 0.000000
vt 0.488152 0.407791 0.000000
vt 0.484305 0.410947 0.000000
vt 0.490885 0.428633 0.000000
vt 0.496339 0.422206 0.000000
vt 0.907954 0.924644 0.000000
vt 0.901232 0.924225 0.000000
vt 0.898642 0.929543 0.000000
vt 0.902973 0.931627 0.000000
vt 0.908215 0.934275 0.000000
vt 0.915361 0.927625 0.000000
vt 0.921818 0.920263 0.000000
vt 0.915494 0.916382 0.000000
vt 0.905535 0.915430 0.000000
vt 0.901600 0.917397 0.000000
vt 0.914173 0.897826 0.000000
vt 0.919111 0.897425 0.000000
vt 0.914284 0.887553 0.000000
vt 0.909911 0.891461 0.000000
vt 0.910594 0.901151 0.000000
vt 0.915717 0.904895 0.000000
vt 0.905843 0.894931 0.000000
vt 0.225390 0.929082 0.000000
vt 0.253307 0.936060 0.000000
vt 0.221047 0.897004 0.000000
vt 0.207274 0.914340 0.000000
vt 0.206238 0.944180 0.000000
vt 0.194891 0.931947 0.000000
vt 0.253729 0.952528 0.000000
vt 0.843261 0.751591 0.000000
vt 0.835448 0.764621 0.000000
vt 0.844078 0.779463 0.000000
vt 0.858029 0.792411 0.000000
vt 0.864409 0.789249 0.000000
vt 0.852097 0.796324 0.000000
vt 0.676397 0.520483 0.000000
vt 0.691247 0.517007 0.000000
vt 0.684283 0.491670 0.000000
vt 0.668376 0.488267 0.000000
vt 0.647610 0.481905 0.000000
vt 0.651995 0.505630 0.000000
vt 0.698184 0.555885 0.000000
vt 0.699867 0.543869 0.000000
vt 0.670618 0.535324 0.000000
vt 0.691536 0.562846 0.000000
vt 0.647259 0.518694 0.000000
vt 0.909216 0.864282 0.000000
vt 0.913249 0.861410 0.000000
vt 0.903195 0.853640 0.000000
vt 0.900074 0.858698 0.000000
vt 0.915421 0.869397 0.000000
vt 0.920709 0.865464 0.000000
vt 0.607558 0.960239 0.000000
vt 0.596417 0.956658 0.000000
vt 0.592555 0.964609 0.000000
vt 0.606183 0.968935 0.000000
vt 0.703076 0.582253 0.000000
vt 0.707846 0.577911 0.000000
vt 0.712738 0.558698 0.000000
vt 0.708670 0.550745 0.000000
vt 0.717393 0.565376 0.000000
vt 0.747986 0.699438 0.000000
vt 0.764566 0.720256 0.000000
vt 0.770667 0.712102 0.000000
vt 0.756521 0.696545 0.000000
vt 0.736331 0.711110 0.000000
vt 0.756116 0.732335 0.000000
vt 0.697102 0.588172 0.000000
vt 0.686785 0.574366 0.000000
vt 0.738737 0.681744 0.000000
vt 0.727114 0.692317 0.000000
vt 0.762824 0.694366 0.000000
vt 0.775971 0.706437 0.000000
vt 0.733324 0.670676 0.000000
vt 0.721025 0.670619 0.000000
vt 0.193927 0.251356 0.000000
vt 0.198336 0.254786 0.000000
vt 0.217647 0.235019 0.000000
vt 0.210405 0.228631 0.000000
vt 0.200287 0.219714 0.000000
vt 0.195958 0.241200 0.000000
vt 0.219531 0.212934 0.000000
vt 0.227068 0.223221 0.000000
vt 0.202104 0.202323 0.000000
vt 0.231181 0.216758 0.000000
vt 0.227463 0.205898 0.000000
vt 0.561956 0.873326 0.000000
vt 0.564118 0.867254 0.000000
vt 0.559271 0.863595 0.000000
vt 0.557377 0.868901 0.000000
vt 0.243146 0.210159 0.000000
vt 0.243146 0.199766 0.000000
vt 0.235969 0.202227 0.000000
vt 0.236762 0.213013 0.000000
vt 0.551149 0.873010 0.000000
vt 0.553818 0.877997 0.000000
vt 0.553878 0.866000 0.000000
vt 0.553767 0.861190 0.000000
vt 0.546908 0.860079 0.000000
vt 0.548712 0.866975 0.000000
vt 0.059737 0.660856 0.000000
vt 0.059737 0.657127 0.000000
vt 0.056698 0.658938 0.000000
vt 0.058322 0.663831 0.000000
vt 0.249432 0.466020 0.000000
vt 0.249478 0.471800 0.000000
vt 0.257427 0.469987 0.000000
vt 0.257427 0.462071 0.000000
vt 0.253508 0.454013 0.000000
vt 0.248153 0.459862 0.000000
vt 0.244167 0.465261 0.000000
vt 0.242177 0.470503 0.000000
vt 0.350141 0.232620 0.000000
vt 0.371004 0.242074 0.000000
vt 0.376450 0.229145 0.000000
vt 0.348143 0.247083 0.000000
vt 0.366543 0.256417 0.000000
vt 0.329610 0.235104 0.000000
vt 0.328542 0.246594 0.000000
vt 0.343991 0.221768 0.000000
vt 0.329618 0.225089 0.000000
vt 0.768021 0.425297 0.000000
vt 0.786144 0.425297 0.000000
vt 0.784756 0.401957 0.000000
vt 0.769449 0.403754 0.000000
vt 0.376823 0.193782 0.000000
vt 0.378661 0.214865 0.000000
vt 0.755403 0.404213 0.000000
vt 0.752499 0.416550 0.000000
vt 0.646170 0.443577 0.000000
vt 0.647737 0.463508 0.000000
vt 0.663275 0.466502 0.000000
vt 0.661642 0.445679 0.000000
vt 0.392107 0.216831 0.000000
vt 0.392407 0.200565 0.000000
vt 0.404806 0.242542 0.000000
vt 0.390961 0.236445 0.000000
vt 0.387270 0.251739 0.000000
vt 0.399791 0.260414 0.000000
vt 0.411045 0.270927 0.000000
vt 0.415873 0.260145 0.000000
vt 0.415209 0.234469 0.000000
vt 0.412794 0.219416 0.000000
vt 0.403705 0.218540 0.000000
vt 0.421491 0.253239 0.000000
vt 0.436912 0.339013 0.000000
vt 0.423889 0.334942 0.000000
vt 0.425601 0.356482 0.000000
vt 0.441705 0.353212 0.000000
vt 0.442433 0.331645 0.000000
vt 0.427168 0.318020 0.000000
vt 0.451440 0.347043 0.000000
vt 0.545635 0.838764 0.000000
vt 0.531175 0.843368 0.000000
vt 0.535249 0.852782 0.000000
vt 0.545909 0.851449 0.000000
vt 0.553495 0.853440 0.000000
vt 0.555066 0.844152 0.000000
vt 0.561876 0.833070 0.000000
vt 0.555897 0.828046 0.000000
vt 0.549883 0.820003 0.000000
vt 0.537495 0.826598 0.000000
vt 0.524704 0.831948 0.000000
vt 0.406788 0.201890 0.000000
vt 0.416232 0.213640 0.000000
vt 0.108404 0.720689 0.000000
vt 0.098799 0.732741 0.000000
vt 0.167234 0.664809 0.000000
vt 0.205446 0.617832 0.000000
vt 0.200835 0.557195 0.000000
vt 0.185223 0.552837 0.000000
vt 0.188030 0.603469 0.000000
vt 0.181501 0.640274 0.000000
vt 0.192485 0.653565 0.000000
vt 0.234551 0.642958 0.000000
vt 0.223450 0.605834 0.000000
vt 0.194880 0.509990 0.000000
vt 0.222897 0.561068 0.000000
vt 0.232177 0.523183 0.000000
vt 0.177276 0.509446 0.000000
vt 0.175866 0.478333 0.000000
vt 0.166189 0.480402 0.000000
vt 0.229111 0.493217 0.000000
vt 0.198402 0.485725 0.000000
vt 0.181950 0.467085 0.000000
vt 0.822191 0.292916 0.000000
vt 0.250901 0.539871 0.000000
vt 0.277149 0.524131 0.000000
vt 0.240638 0.567309 0.000000
vt 0.698636 0.400690 0.000000
vt 0.692107 0.388470 0.000000
vt 0.676680 0.389293 0.000000
vt 0.680725 0.401199 0.000000
vt 0.683472 0.410741 0.000000
vt 0.696593 0.409454 0.000000
vt 0.709343 0.411801 0.000000
vt 0.713714 0.407806 0.000000
vt 0.296050 0.253914 0.000000
vt 0.310178 0.260653 0.000000
vt 0.310926 0.246882 0.000000
vt 0.297172 0.242008 0.000000
vt 0.265072 0.370060 0.000000
vt 0.279824 0.380543 0.000000
vt 0.271242 0.362893 0.000000
vt 0.287713 0.410637 0.000000
vt 0.292471 0.397160 0.000000
vt 0.283848 0.422834 0.000000
vt 0.304648 0.525050 0.000000
vt 0.317627 0.483895 0.000000
vt 0.289751 0.456485 0.000000
vt 0.640698 0.407586 0.000000
vt 0.654139 0.405846 0.000000
vt 0.629761 0.403648 0.000000
vt 0.076989 0.791768 0.000000
vt 0.073730 0.786197 0.000000
vt 0.896150 0.416350 0.000000
vt 0.880098 0.418177 0.000000
vt 0.891227 0.425297 0.000000
vt 0.908074 0.425297 0.000000
vt 0.477921 0.947445 0.000000
vt 0.468963 0.949957 0.000000
vt 0.484353 0.972290 0.000000
vt 0.494087 0.969723 0.000000
vt 0.883091 0.425297 0.000000
vt 0.874814 0.425297 0.000000
vt 0.133312 0.974385 0.000000
vt 0.138008 0.983238 0.000000
vt 0.138455 0.969719 0.000000
vt 0.135791 0.957006 0.000000
vt 0.129795 0.964577 0.000000
vt 0.143105 0.964432 0.000000
vt 0.950632 0.203294 0.000000
vt 0.947634 0.225688 0.000000
vt 0.362662 0.773801 0.000000
vt 0.338174 0.773780 0.000000
vt 0.384174 0.783757 0.000000
vt 0.383538 0.771444 0.000000
vt 0.917157 0.960716 0.000000
vt 0.915547 0.969989 0.000000
vt 0.928897 0.975537 0.000000
vt 0.926924 0.963317 0.000000
vt 0.912437 0.954063 0.000000
vt 0.907687 0.965353 0.000000
vt 0.923541 0.951871 0.000000
vt 0.257121 0.674042 0.000000
vt 0.278066 0.717627 0.000000
vt 0.299882 0.741620 0.000000
vt 0.289590 0.672865 0.000000
vt 0.265256 0.656523 0.000000
vt 0.310122 0.671079 0.000000
vt 0.320084 0.817010 0.000000
vt 0.303236 0.807154 0.000000
vt 0.314170 0.825986 0.000000
vt 0.289039 0.771229 0.000000
vt 0.284561 0.789187 0.000000
vt 0.292916 0.753541 0.000000
vt 0.961088 0.981950 0.000000
vt 0.942000 0.970435 0.000000
vt 0.944731 0.981884 0.000000
vt 0.956166 0.967221 0.000000
vt 0.938667 0.956963 0.000000
vt 0.973652 0.995416 0.000000
vt 0.271964 0.947582 0.000000
vt 0.271476 0.964093 0.000000
vt 0.364401 0.661664 0.000000
vt 0.369777 0.620299 0.000000
vt 0.351122 0.614445 0.000000
vt 0.344870 0.642086 0.000000
vt 0.330469 0.659570 0.000000
vt 0.399441 0.676324 0.000000
vt 0.392961 0.623937 0.000000
vt 0.370203 0.692561 0.000000
vt 0.395826 0.704756 0.000000
vt 0.416659 0.708937 0.000000
vt 0.427796 0.707285 0.000000
vt 0.418435 0.676480 0.000000
vt 0.408960 0.720035 0.000000
vt 0.410444 0.628664 0.000000
vt 0.725409 0.740170 0.000000
vt 0.383714 0.561284 0.000000
vt 0.353618 0.518401 0.000000
vt 0.341798 0.531402 0.000000
vt 0.364873 0.572448 0.000000
vt 0.404633 0.576071 0.000000
vt 0.407250 0.538394 0.000000
vt 0.485194 0.441846 0.000000
vt 0.934771 0.943743 0.000000
vt 0.939250 0.936029 0.000000
vt 0.929321 0.926096 0.000000
vt 0.923145 0.932255 0.000000
vt 0.919646 0.944541 0.000000
vt 0.913914 0.938101 0.000000
vt 0.953495 0.956152 0.000000
vt 0.954007 0.949080 0.000000
vt 0.852662 0.735861 0.000000
vt 0.818462 0.726252 0.000000
vt 0.797105 0.714392 0.000000
vt 0.793224 0.722237 0.000000
vt 0.810476 0.737503 0.000000
vt 0.823709 0.750845 0.000000
vt 0.832103 0.739153 0.000000
vt 0.722801 0.519364 0.000000
vt 0.711132 0.517251 0.000000
vt 0.711187 0.539095 0.000000
vt 0.718005 0.541563 0.000000
vt 0.188049 0.213824 0.000000
vt 0.184590 0.234494 0.000000
vt 0.420263 0.226448 0.000000
vt 0.425728 0.222256 0.000000
vt 0.427092 0.215428 0.000000
vt 0.429848 0.244353 0.000000
vt 0.434052 0.243022 0.000000
vt 0.631264 0.494213 0.000000
vt 0.606182 0.478583 0.000000
vt 0.603225 0.483033 0.000000
vt 0.625916 0.502458 0.000000
vt 0.599097 0.486964 0.000000
vt 0.620905 0.507457 0.000000
vt 0.640703 0.527639 0.000000
vt 0.614770 0.511262 0.000000
vt 0.632940 0.533409 0.000000
vt 0.652517 0.557618 0.000000
vt 0.662935 0.546607 0.000000
vt 0.669559 0.584037 0.000000
vt 0.641109 0.564089 0.000000
vt 0.658595 0.591310 0.000000
vt 0.673337 0.612075 0.000000
vt 0.680977 0.602711 0.000000
vt 0.689422 0.629878 0.000000
vt 0.692861 0.621838 0.000000
vt 0.693097 0.611617 0.000000
vt 0.582249 0.819245 0.000000
vt 0.575218 0.818350 0.000000
vt 0.567534 0.837017 0.000000
vt 0.572368 0.841721 0.000000
vt 0.585632 0.822953 0.000000
vt 0.560739 0.848295 0.000000
vt 0.565607 0.853463 0.000000
vt 0.559318 0.856396 0.000000
vt 0.564493 0.860988 0.000000
vt 0.569638 0.814754 0.000000
vt 0.665617 0.622856 0.000000
vt 0.685908 0.637461 0.000000
vt 0.564402 0.809220 0.000000
vt 0.646750 0.599504 0.000000
vt 0.628887 0.570814 0.000000
vt 0.613920 0.576555 0.000000
vt 0.598302 0.545684 0.000000
vt 0.577452 0.549352 0.000000
vt 0.590045 0.580892 0.000000
vt 0.611635 0.542421 0.000000
vt 0.595943 0.517181 0.000000
vt 0.623437 0.538066 0.000000
vt 0.606818 0.515205 0.000000
vt 0.587106 0.493700 0.000000
vt 0.578441 0.496889 0.000000
vt 0.593239 0.490807 0.000000
vt 0.581969 0.469074 0.000000
vt 0.577604 0.472045 0.000000
vt 0.572753 0.475637 0.000000
vt 0.564654 0.450600 0.000000
vt 0.559835 0.454587 0.000000
vt 0.554726 0.459165 0.000000
vt 0.566410 0.479442 0.000000
vt 0.547925 0.464947 0.000000
vt 0.542552 0.438540 0.000000
vt 0.536461 0.447273 0.000000
vt 0.529556 0.456432 0.000000
vt 0.526321 0.437055 0.000000
vt 0.520074 0.447544 0.000000
vt 0.516855 0.430852 0.000000
vt 0.511459 0.439259 0.000000
vt 0.506305 0.447263 0.000000
vt 0.502952 0.430856 0.000000
vt 0.498171 0.437845 0.000000
vt 0.492518 0.449116 0.000000
vt 0.501158 0.457229 0.000000
vt 0.486187 0.467307 0.000000
vt 0.497607 0.472985 0.000000
vt 0.484061 0.488271 0.000000
vt 0.500050 0.491421 0.000000
vt 0.515245 0.490838 0.000000
vt 0.507989 0.511995 0.000000
vt 0.486531 0.510072 0.000000
vt 0.490630 0.534256 0.000000
vt 0.518297 0.534328 0.000000
vt 0.494419 0.562640 0.000000
vt 0.526988 0.560758 0.000000
vt 0.553037 0.555335 0.000000
vt 0.532439 0.591435 0.000000
vt 0.563332 0.585904 0.000000
vt 0.498820 0.594303 0.000000
vt 0.503357 0.631076 0.000000
vt 0.470978 0.592380 0.000000
vt 0.474650 0.631020 0.000000
vt 0.446742 0.588408 0.000000
vt 0.450312 0.631386 0.000000
vt 0.424948 0.583444 0.000000
vt 0.429266 0.630761 0.000000
vt 0.425520 0.548439 0.000000
vt 0.446517 0.554207 0.000000
vt 0.448819 0.522900 0.000000
vt 0.468586 0.558956 0.000000
vt 0.467225 0.529386 0.000000
vt 0.468163 0.503761 0.000000
vt 0.453585 0.495480 0.000000
vt 0.507791 0.424385 0.000000
vt 0.501616 0.416566 0.000000
vt 0.506832 0.409404 0.000000
vt 0.502451 0.403803 0.000000
vt 0.497402 0.409438 0.000000
vt 0.512477 0.414702 0.000000
vt 0.517172 0.405259 0.000000
vt 0.511392 0.401485 0.000000
vt 0.520712 0.419643 0.000000
vt 0.525156 0.409531 0.000000
vt 0.529399 0.401747 0.000000
vt 0.521185 0.397701 0.000000
vt 0.531103 0.426296 0.000000
vt 0.536093 0.416671 0.000000
vt 0.540583 0.410235 0.000000
vt 0.545326 0.404611 0.000000
vt 0.532936 0.394944 0.000000
vt 0.548155 0.432187 0.000000
vt 0.553423 0.427525 0.000000
vt 0.558687 0.423835 0.000000
vt 0.564087 0.420383 0.000000
vt 0.549994 0.399252 0.000000
vt 0.569310 0.447210 0.000000
vt 0.574736 0.444761 0.000000
vt 0.579204 0.442999 0.000000
vt 0.568891 0.417605 0.000000
vt 0.585661 0.465572 0.000000
vt 0.588370 0.463221 0.000000
vt 0.442009 0.264928 0.000000
vt 0.438538 0.267734 0.000000
vt 0.451292 0.284921 0.000000
vt 0.453747 0.280948 0.000000
vt 0.448229 0.288873 0.000000
vt 0.464722 0.305928 0.000000
vt 0.468080 0.301176 0.000000
vt 0.471081 0.296416 0.000000
vt 0.435501 0.270265 0.000000
vt 0.431819 0.273387 0.000000
vt 0.445197 0.292624 0.000000
vt 0.426208 0.248551 0.000000
vt 0.441837 0.296540 0.000000
vt 0.457684 0.314352 0.000000
vt 0.461311 0.310178 0.000000
vt 0.427836 0.277625 0.000000
vt 0.423190 0.284501 0.000000
vt 0.437687 0.300904 0.000000
vt 0.432763 0.307469 0.000000
vt 0.448114 0.324560 0.000000
vt 0.453259 0.319443 0.000000
vt 0.417762 0.294484 0.000000
vt 0.405609 0.284764 0.000000
vt 0.398291 0.302753 0.000000
vt 0.411864 0.309954 0.000000
vt 0.391959 0.325386 0.000000
vt 0.407428 0.330976 0.000000
vt 0.390232 0.349778 0.000000
vt 0.407854 0.354951 0.000000
vt 0.391760 0.378698 0.000000
vt 0.412637 0.381644 0.000000
vt 0.431784 0.379054 0.000000
vt 0.420875 0.406242 0.000000
vt 0.440248 0.396829 0.000000
vt 0.454604 0.384624 0.000000
vt 0.447742 0.370784 0.000000
vt 0.464034 0.374869 0.000000
vt 0.458530 0.362471 0.000000
vt 0.471634 0.367314 0.000000
vt 0.466357 0.355587 0.000000
vt 0.458994 0.340814 0.000000
vt 0.472565 0.349691 0.000000
vt 0.464912 0.335452 0.000000
vt 0.477945 0.344933 0.000000
vt 0.470016 0.330774 0.000000
vt 0.483056 0.340993 0.000000
vt 0.474562 0.326505 0.000000
vt 0.488066 0.337549 0.000000
vt 0.478989 0.322259 0.000000
vt 0.493228 0.334622 0.000000
vt 0.483598 0.318430 0.000000
vt 0.498686 0.332396 0.000000
vt 0.487311 0.315093 0.000000
vt 0.554962 0.393756 0.000000
vt 0.539263 0.380723 0.000000
vt 0.536193 0.387643 0.000000
vt 0.527565 0.377180 0.000000
vt 0.526615 0.383583 0.000000
vt 0.524140 0.390814 0.000000
vt 0.519370 0.381392 0.000000
vt 0.517522 0.387932 0.000000
vt 0.514866 0.394367 0.000000
vt 0.512541 0.385369 0.000000
vt 0.510109 0.391303 0.000000
vt 0.506962 0.397535 0.000000
vt 0.506226 0.388218 0.000000
vt 0.503111 0.393290 0.000000
vt 0.498983 0.398662 0.000000
vt 0.499323 0.388932 0.000000
vt 0.495511 0.394171 0.000000
vt 0.491036 0.399517 0.000000
vt 0.493913 0.403737 0.000000
vt 0.492867 0.390247 0.000000
vt 0.487846 0.395700 0.000000
vt 0.490001 0.385904 0.000000
vt 0.484743 0.391976 0.000000
vt 0.487364 0.381474 0.000000
vt 0.481968 0.387827 0.000000
vt 0.475954 0.396111 0.000000
vt 0.468351 0.407479 0.000000
vt 0.479058 0.382671 0.000000
vt 0.472486 0.390920 0.000000
vt 0.464164 0.401604 0.000000
vt 0.451015 0.417199 0.000000
vt 0.455195 0.425119 0.000000
vt 0.468701 0.384168 0.000000
vt 0.459841 0.394314 0.000000
vt 0.446226 0.408365 0.000000
vt 0.428438 0.422838 0.000000
vt 0.433652 0.433980 0.000000
vt 0.438653 0.443206 0.000000
vt 0.403830 0.430799 0.000000
vt 0.371152 0.425972 0.000000
vt 0.398055 0.407757 0.000000
vt 0.369641 0.399546 0.000000
vt 0.344613 0.386816 0.000000
vt 0.340213 0.412197 0.000000
vt 0.369915 0.369892 0.000000
vt 0.349503 0.358922 0.000000
vt 0.332811 0.346406 0.000000
vt 0.324428 0.373482 0.000000
vt 0.371898 0.341543 0.000000
vt 0.355331 0.329829 0.000000
vt 0.341669 0.317944 0.000000
vt 0.328922 0.308873 0.000000
vt 0.318725 0.333993 0.000000
vt 0.363372 0.305536 0.000000
vt 0.350821 0.293120 0.000000
vt 0.337826 0.285541 0.000000
vt 0.360887 0.273143 0.000000
vt 0.343949 0.263259 0.000000
vt 0.326061 0.262893 0.000000
vt 0.373944 0.285219 0.000000
vt 0.382325 0.267145 0.000000
vt 0.386166 0.294873 0.000000
vt 0.394274 0.275982 0.000000
vt 0.377010 0.316947 0.000000
vt 0.295147 0.346712 0.000000
vt 0.308273 0.359791 0.000000
vt 0.286867 0.366043 0.000000
vt 0.299371 0.381038 0.000000
vt 0.317049 0.396259 0.000000
vt 0.310605 0.415572 0.000000
vt 0.304548 0.432510 0.000000
vt 0.297236 0.446493 0.000000
vt 0.277263 0.431329 0.000000
vt 0.271199 0.415775 0.000000
vt 0.277131 0.350634 0.000000
vt 0.284526 0.334872 0.000000
vt 0.275689 0.323692 0.000000
vt 0.269515 0.336502 0.000000
vt 0.262235 0.322055 0.000000
vt 0.257458 0.331013 0.000000
vt 0.263680 0.346250 0.000000
vt 0.267734 0.311688 0.000000
vt 0.258738 0.297628 0.000000
vt 0.253488 0.305496 0.000000
vt 0.273286 0.299482 0.000000
vt 0.265324 0.287830 0.000000
vt 0.260060 0.274848 0.000000
vt 0.251662 0.281503 0.000000
vt 0.273338 0.278935 0.000000
vt 0.269327 0.268019 0.000000
vt 0.670203 0.414134 0.000000
vt 0.667261 0.402467 0.000000
vt 0.656030 0.419841 0.000000
vt 0.674862 0.425297 0.000000
vt 0.686637 0.420181 0.000000
vt 0.280957 0.272011 0.000000
vt 0.285822 0.266951 0.000000
vt 0.694824 0.417447 0.000000
vt 0.643102 0.425297 0.000000
vt 0.632864 0.425297 0.000000
vt 0.245061 0.285068 0.000000
vt 0.621174 0.399628 0.000000
vt 0.624651 0.425297 0.000000
vt 0.239262 0.286804 0.000000
vt 0.248469 0.311296 0.000000
vt 0.234214 0.287190 0.000000
vt 0.244263 0.315501 0.000000
vt 0.252875 0.337009 0.000000
vt 0.240710 0.319005 0.000000
vt 0.258442 0.352665 0.000000
vt 0.229337 0.288686 0.000000
vt 0.225522 0.291754 0.000000
vt 0.604981 0.425297 0.000000
vt 0.596941 0.394925 0.000000
vt 0.588410 0.394076 0.000000
vt 0.597125 0.425297 0.000000
vt 0.220639 0.295681 0.000000
vt 0.611194 0.425297 0.000000
vt 0.604787 0.395675 0.000000
vt 0.597758 0.371472 0.000000
vt 0.617946 0.425297 0.000000
vt 0.613579 0.397223 0.000000
vt 0.604159 0.356532 0.000000
vt 0.595961 0.354177 0.000000
vt 0.589076 0.369108 0.000000
vt 0.586988 0.350732 0.000000
vt 0.580273 0.366308 0.000000
vt 0.579174 0.391656 0.000000
vt 0.579174 0.260784 0.000000
vt 0.579174 0.284878 0.000000
vt 0.587365 0.284934 0.000000
vt 0.587927 0.263001 0.000000
vt 0.591843 0.237958 0.000000
vt 0.583243 0.234215 0.000000
vt 0.202369 0.268715 0.000000
vt 0.215678 0.299603 0.000000
vt 0.207946 0.265132 0.000000
vt 0.598745 0.210777 0.000000
vt 0.590512 0.207018 0.000000
vt 0.600767 0.241968 0.000000
vt 0.607532 0.215437 0.000000
vt 0.616342 0.187436 0.000000
vt 0.618065 0.220812 0.000000
vt 0.628989 0.195905 0.000000
vt 0.646382 0.178135 0.000000
vt 0.629611 0.165468 0.000000
vt 0.672228 0.167086 0.000000
vt 0.653058 0.150501 0.000000
vt 0.701251 0.156588 0.000000
vt 0.682335 0.137252 0.000000
vt 0.733543 0.148703 0.000000
vt 0.718547 0.126927 0.000000
vt 0.703738 0.108693 0.000000
vt 0.742396 0.107520 0.000000
vt 0.737152 0.094389 0.000000
vt 0.692712 0.094389 0.000000
vt 0.771285 0.105705 0.000000
vt 0.764022 0.094389 0.000000
vt 0.783527 0.105091 0.000000
vt 0.777212 0.094389 0.000000
vt 0.175023 0.455912 0.000000
vt 0.171874 0.446304 0.000000
vt 0.165124 0.448294 0.000000
vt 0.167935 0.459637 0.000000
vt 0.791730 0.103206 0.000000
vt 0.787432 0.096080 0.000000
vt 0.799191 0.100080 0.000000
vt 0.795710 0.094389 0.000000
vt 0.801601 0.113138 0.000000
vt 0.808475 0.109425 0.000000
vt 0.817274 0.124690 0.000000
vt 0.822099 0.117733 0.000000
vt 0.826297 0.110991 0.000000
vt 0.814494 0.104016 0.000000
vt 0.806171 0.099074 0.000000
vt 0.828318 0.104824 0.000000
vt 0.817283 0.099421 0.000000
vt 0.810295 0.096997 0.000000
vt 0.154572 0.424719 0.000000
vt 0.146501 0.420242 0.000000
vt 0.145949 0.428711 0.000000
vt 0.154882 0.431373 0.000000
vt 0.161276 0.432348 0.000000
vt 0.159402 0.428094 0.000000
vt 0.146224 0.437102 0.000000
vt 0.155691 0.439234 0.000000
vt 0.163088 0.439331 0.000000
vt 0.157178 0.448470 0.000000
vt 0.168370 0.437716 0.000000
vt 0.164767 0.433472 0.000000
vt 0.147067 0.446958 0.000000
vt 0.159938 0.460871 0.000000
vt 0.132645 0.430672 0.000000
vt 0.132535 0.441017 0.000000
vt 0.113271 0.414722 0.000000
vt 0.111046 0.422649 0.000000
vt 0.093576 0.392998 0.000000
vt 0.089518 0.399408 0.000000
vt 0.085291 0.407318 0.000000
vt 0.073114 0.383239 0.000000
vt 0.068953 0.393413 0.000000
vt 0.064196 0.407256 0.000000
vt 0.080751 0.418686 0.000000
vt 0.059480 0.424177 0.000000
vt 0.075952 0.433902 0.000000
vt 0.051487 0.400238 0.000000
vt 0.046514 0.417196 0.000000
vt 0.042310 0.437952 0.000000
vt 0.035242 0.412888 0.000000
vt 0.031817 0.434655 0.000000
vt 0.029917 0.467036 0.000000
vt 0.039058 0.466859 0.000000
vt 0.335802 0.752431 0.000000
vt 0.335802 0.763571 0.000000
vt 0.362456 0.762229 0.000000
vt 0.361869 0.750824 0.000000
vt 0.384174 0.759092 0.000000
vt 0.384174 0.747728 0.000000
vt 0.384174 0.735609 0.000000
vt 0.036196 0.978210 0.000000
vt 0.024832 0.978210 0.000000
vt 0.030795 0.998993 0.000000
vt 0.041861 0.999833 0.000000
vt 0.053469 0.999833 0.000000
vt 0.048316 0.978210 0.000000
vt 0.451372 0.998013 0.000000
vt 0.462980 0.997335 0.000000
vt 0.454776 0.975511 0.000000
vt 0.434394 0.999833 0.000000
vt 0.070447 0.999833 0.000000
vt 0.063477 0.978210 0.000000
vt 0.059607 0.545854 0.000000
vt 0.074477 0.557126 0.000000
vt 0.091811 0.589997 0.000000
vt 0.093339 0.566372 0.000000
vt 0.115026 0.600389 0.000000
vt 0.115854 0.573867 0.000000
vt 0.115923 0.545595 0.000000
vt 0.135597 0.581116 0.000000
vt 0.134846 0.548441 0.000000
vt 0.153696 0.588074 0.000000
vt 0.152610 0.549636 0.000000
vt 0.171328 0.595290 0.000000
vt 0.169325 0.550411 0.000000
vt 0.150365 0.619196 0.000000
vt 0.166620 0.628838 0.000000
vt 0.144813 0.644750 0.000000
vt 0.157245 0.654188 0.000000
vt 0.138798 0.665291 0.000000
vt 0.131036 0.635399 0.000000
vt 0.127599 0.656572 0.000000
vt 0.123610 0.675843 0.000000
vt 0.131825 0.683553 0.000000
vt 0.116014 0.694808 0.000000
vt 0.121670 0.701102 0.000000
vt 0.104706 0.713372 0.000000
vt 0.107941 0.686730 0.000000
vt 0.099447 0.706189 0.000000
vt 0.091602 0.718555 0.000000
vt 0.095869 0.725987 0.000000
vt 0.086529 0.726671 0.000000
vt 0.090424 0.733695 0.000000
vt 0.092876 0.739897 0.000000
vt 0.086100 0.742128 0.000000
vt 0.088709 0.747068 0.000000
vt 0.090853 0.751813 0.000000
vt 0.094849 0.745764 0.000000
vt 0.092699 0.755994 0.000000
vt 0.096611 0.750958 0.000000
vt 0.094591 0.760053 0.000000
vt 0.098301 0.755564 0.000000
vt 0.095854 0.763444 0.000000
vt 0.099607 0.759328 0.000000
vt 0.103569 0.754860 0.000000
vt 0.101275 0.763382 0.000000
vt 0.105412 0.758499 0.000000
vt 0.102723 0.767434 0.000000
vt 0.107311 0.762459 0.000000
vt 0.104057 0.771759 0.000000
vt 0.109118 0.766874 0.000000
vt 0.114356 0.761086 0.000000
vt 0.111090 0.772514 0.000000
vt 0.117087 0.766753 0.000000
vt 0.124708 0.759842 0.000000
vt 0.120925 0.753968 0.000000
vt 0.137224 0.750027 0.000000
vt 0.132873 0.742483 0.000000
vt 0.153357 0.740044 0.000000
vt 0.149200 0.730134 0.000000
vt 0.174115 0.734188 0.000000
vt 0.169442 0.721537 0.000000
vt 0.201001 0.737377 0.000000
vt 0.178753 0.750494 0.000000
vt 0.203756 0.759371 0.000000
vt 0.230239 0.773371 0.000000
vt 0.229969 0.749485 0.000000
vt 0.256518 0.792093 0.000000
vt 0.260843 0.771292 0.000000
vt 0.264983 0.751525 0.000000
vt 0.267916 0.732961 0.000000
vt 0.278388 0.808616 0.000000
vt 0.250910 0.815747 0.000000
vt 0.270924 0.832354 0.000000
vt 0.287743 0.844704 0.000000
vt 0.295994 0.823814 0.000000
vt 0.300793 0.856096 0.000000
vt 0.307837 0.839813 0.000000
vt 0.311656 0.867569 0.000000
vt 0.317745 0.855390 0.000000
vt 0.322824 0.845437 0.000000
vt 0.328970 0.872936 0.000000
vt 0.333683 0.866935 0.000000
vt 0.338265 0.862948 0.000000
vt 0.328733 0.839005 0.000000
vt 0.847481 0.987657 0.000000
vt 0.857135 0.972032 0.000000
vt 0.345521 0.893103 0.000000
vt 0.349751 0.891183 0.000000
vt 0.875091 0.962587 0.000000
vt 0.871684 0.957604 0.000000
vt 0.890150 0.950356 0.000000
vt 0.885241 0.945290 0.000000
vt 0.880849 0.941318 0.000000
vt 0.868165 0.953127 0.000000
vt 0.877762 0.937417 0.000000
vt 0.864902 0.948180 0.000000
vt 0.874480 0.933011 0.000000
vt 0.861527 0.942504 0.000000
vt 0.843675 0.953606 0.000000
vt 0.857880 0.936685 0.000000
vt 0.840302 0.946341 0.000000
vt 0.820013 0.955629 0.000000
vt 0.799061 0.960988 0.000000
vt 0.836881 0.938292 0.000000
vt 0.816542 0.946280 0.000000
vt 0.794936 0.949454 0.000000
vt 0.771114 0.944348 0.000000
vt 0.812454 0.933300 0.000000
vt 0.790921 0.931041 0.000000
vt 0.767263 0.922841 0.000000
vt 0.742062 0.919291 0.000000
vt 0.745701 0.942585 0.000000
vt 0.787100 0.905831 0.000000
vt 0.764011 0.896449 0.000000
vt 0.739550 0.889903 0.000000
vt 0.762656 0.866274 0.000000
vt 0.738705 0.856298 0.000000
vt 0.784152 0.876056 0.000000
vt 0.784959 0.849155 0.000000
vt 0.803421 0.885492 0.000000
vt 0.803566 0.859566 0.000000
vt 0.806284 0.838592 0.000000
vt 0.789273 0.827245 0.000000
vt 0.811862 0.822130 0.000000
vt 0.798373 0.810920 0.000000
vt 0.820096 0.808748 0.000000
vt 0.809172 0.797171 0.000000
vt 0.797963 0.784992 0.000000
vt 0.785857 0.770176 0.000000
vt 0.818910 0.785317 0.000000
vt 0.808354 0.772855 0.000000
vt 0.795467 0.759290 0.000000
vt 0.780751 0.739662 0.000000
vt 0.772512 0.750781 0.000000
vt 0.816223 0.761577 0.000000
vt 0.803591 0.747939 0.000000
vt 0.787575 0.730822 0.000000
vt 0.827535 0.774766 0.000000
vt 0.828648 0.797449 0.000000
vt 0.836396 0.787652 0.000000
vt 0.838666 0.811567 0.000000
vt 0.845335 0.803101 0.000000
vt 0.852318 0.831799 0.000000
vt 0.857613 0.825772 0.000000
vt 0.862846 0.820769 0.000000
vt 0.872623 0.845753 0.000000
vt 0.876543 0.840178 0.000000
vt 0.880871 0.834744 0.000000
vt 0.867830 0.816786 0.000000
vt 0.884458 0.829491 0.000000
vt 0.871887 0.813288 0.000000
vt 0.254972 0.990009 0.000000
vt 0.268650 0.999833 0.000000
vt 0.270074 0.992201 0.000000
vt 0.255100 0.982899 0.000000
vt 0.235877 0.980030 0.000000
vt 0.237267 0.987262 0.000000
vt 0.255200 0.975090 0.000000
vt 0.271078 0.984769 0.000000
vt 0.271799 0.976520 0.000000
vt 0.254398 0.964934 0.000000
vt 0.955472 0.943057 0.000000
vt 0.958393 0.937600 0.000000
vt 0.948148 0.926409 0.000000
vt 0.943461 0.930967 0.000000
vt 0.939461 0.915720 0.000000
vt 0.934465 0.920635 0.000000
vt 0.926964 0.913263 0.000000
vt 0.931644 0.906650 0.000000
vt 0.924661 0.900148 0.000000
vt 0.921134 0.908679 0.000000
vt 0.915771 0.854607 0.000000
vt 0.906811 0.848073 0.000000
vt 0.923365 0.858299 0.000000
vt 0.910730 0.910531 0.000000
vt 0.905016 0.904072 0.000000
vt 0.901453 0.907689 0.000000
vt 0.896210 0.901951 0.000000
vt 0.894145 0.906022 0.000000
vt 0.898903 0.910479 0.000000
vt 0.900076 0.897672 0.000000
vt 0.893278 0.892324 0.000000
vt 0.890291 0.897636 0.000000
vt 0.897404 0.887568 0.000000
vt 0.887965 0.881029 0.000000
vt 0.884907 0.886786 0.000000
vt 0.900954 0.883714 0.000000
vt 0.890936 0.875700 0.000000
vt 0.879584 0.867771 0.000000
vt 0.876776 0.873430 0.000000
vt 0.905805 0.878395 0.000000
vt 0.894026 0.870476 0.000000
vt 0.882496 0.862559 0.000000
vt 0.868773 0.851151 0.000000
vt 0.865422 0.856432 0.000000
vt 0.896904 0.865127 0.000000
vt 0.885460 0.857143 0.000000
vt 0.888771 0.851316 0.000000
vt 0.892710 0.845222 0.000000
vt 0.896353 0.839206 0.000000
vt 0.847892 0.839289 0.000000
vt 0.844051 0.848014 0.000000
vt 0.862412 0.862773 0.000000
vt 0.841253 0.859888 0.000000
vt 0.859750 0.871469 0.000000
vt 0.874105 0.880050 0.000000
vt 0.858099 0.883089 0.000000
vt 0.872121 0.888936 0.000000
vt 0.882477 0.893360 0.000000
vt 0.871847 0.898261 0.000000
vt 0.881283 0.900528 0.000000
vt 0.888560 0.902974 0.000000
vt 0.881403 0.906859 0.000000
vt 0.888022 0.907903 0.000000
vt 0.893173 0.909733 0.000000
vt 0.888243 0.911990 0.000000
vt 0.892813 0.912850 0.000000
vt 0.895507 0.914599 0.000000
vt 0.896932 0.912916 0.000000
vt 0.896222 0.918187 0.000000
vt 0.898498 0.918182 0.000000
vt 0.897545 0.923138 0.000000
vt 0.894704 0.922104 0.000000
vt 0.891887 0.925796 0.000000
vt 0.894783 0.927707 0.000000
vt 0.894700 0.918106 0.000000
vt 0.892519 0.920462 0.000000
vt 0.889053 0.923174 0.000000
vt 0.883299 0.926982 0.000000
vt 0.886202 0.930428 0.000000
vt 0.890538 0.918263 0.000000
vt 0.886532 0.920093 0.000000
vt 0.880501 0.923425 0.000000
vt 0.871309 0.928587 0.000000
vt 0.884326 0.916589 0.000000
vt 0.877857 0.919105 0.000000
vt 0.868177 0.923433 0.000000
vt 0.854417 0.930073 0.000000
vt 0.875247 0.913772 0.000000
vt 0.865024 0.916917 0.000000
vt 0.850656 0.922206 0.000000
vt 0.832953 0.928797 0.000000
vt 0.861469 0.908474 0.000000
vt 0.846457 0.911025 0.000000
vt 0.827200 0.912856 0.000000
vt 0.807424 0.912687 0.000000
vt 0.841788 0.894379 0.000000
vt 0.822823 0.891337 0.000000
vt 0.839745 0.875883 0.000000
vt 0.821220 0.868086 0.000000
vt 0.823048 0.848591 0.000000
vt 0.826788 0.833957 0.000000
vt 0.832249 0.821909 0.000000
vt 0.858001 0.896197 0.000000
vt 0.872927 0.906943 0.000000
vt 0.882541 0.912188 0.000000
vt 0.889088 0.915393 0.000000
vt 0.892932 0.917240 0.000000
vt 0.892989 0.915239 0.000000
vt 0.889042 0.933037 0.000000
vt 0.893309 0.935983 0.000000
vt 0.897442 0.938717 0.000000
vt 0.894192 0.953496 0.000000
vt 0.901346 0.941538 0.000000
vt 0.898078 0.957001 0.000000
vt 0.905327 0.945081 0.000000
vt 0.901980 0.960549 0.000000
vt 0.909134 0.949514 0.000000
vt 0.341746 0.921107 0.000000
vt 0.335253 0.898559 0.000000
vt 0.328108 0.903976 0.000000
vt 0.334962 0.921556 0.000000
vt 0.346689 0.921167 0.000000
vt 0.340440 0.895376 0.000000
vt 0.323044 0.880599 0.000000
vt 0.351700 0.920973 0.000000
vt 0.305388 0.881569 0.000000
vt 0.317524 0.891064 0.000000
vt 0.310724 0.902412 0.000000
vt 0.320184 0.911600 0.000000
vt 0.300804 0.915171 0.000000
vt 0.308707 0.922334 0.000000
vt 0.314438 0.931251 0.000000
vt 0.326797 0.924372 0.000000
vt 0.356659 0.920133 0.000000
vt 0.894584 0.915656 0.000000
vt 0.908298 0.871923 0.000000
vt 0.917327 0.882083 0.000000
vt 0.911384 0.874622 0.000000
vt 0.926423 0.867233 0.000000
vt 0.928635 0.858537 0.000000
vt 0.747734 0.754641 0.000000
vt 0.761778 0.762738 0.000000
vt 0.717906 0.939160 0.000000
vt 0.692887 0.935204 0.000000
vt 0.695023 0.954131 0.000000
vt 0.671853 0.943942 0.000000
vt 0.671623 0.953868 0.000000
vt 0.694778 0.972397 0.000000
vt 0.670559 0.930422 0.000000
vt 0.653662 0.930202 0.000000
vt 0.654813 0.939620 0.000000
vt 0.651011 0.918157 0.000000
vt 0.642204 0.922619 0.000000
vt 0.645022 0.932110 0.000000
vt 0.644314 0.904129 0.000000
vt 0.637048 0.911451 0.000000
vt 0.630721 0.917332 0.000000
vt 0.635514 0.926442 0.000000
vt 0.630898 0.891685 0.000000
vt 0.626730 0.899880 0.000000
vt 0.622225 0.907224 0.000000
vt 0.617656 0.913690 0.000000
vt 0.625312 0.922049 0.000000
vt 0.608003 0.890452 0.000000
vt 0.605796 0.897980 0.000000
vt 0.604328 0.905288 0.000000
vt 0.603665 0.911564 0.000000
vt 0.614003 0.918896 0.000000
vt 0.078198 0.114849 0.000000
vt 0.078388 0.123152 0.000000
vt 0.109648 0.114130 0.000000
vt 0.077220 0.107622 0.000000
vt 0.456149 0.798938 0.000000
vt 0.460674 0.793597 0.000000
vt 0.447710 0.775921 0.000000
vt 0.443959 0.781882 0.000000
vt 0.141864 0.113059 0.000000
vt 0.466687 0.819408 0.000000
vt 0.471559 0.815683 0.000000
vt 0.476848 0.812140 0.000000
vt 0.465475 0.788071 0.000000
vt 0.475711 0.838423 0.000000
vt 0.479764 0.835822 0.000000
vt 0.484402 0.833285 0.000000
vt 0.490559 0.830532 0.000000
vt 0.482535 0.809633 0.000000
vt 0.487342 0.849864 0.000000
vt 0.492462 0.847153 0.000000
vt 0.498201 0.843754 0.000000
vt 0.504934 0.840565 0.000000
vt 0.497414 0.827427 0.000000
vt 0.500401 0.856644 0.000000
vt 0.505717 0.853807 0.000000
vt 0.512165 0.850681 0.000000
vt 0.520205 0.847232 0.000000
vt 0.513470 0.836818 0.000000
vt 0.512485 0.861407 0.000000
vt 0.518440 0.858535 0.000000
vt 0.525893 0.855691 0.000000
vt 0.523516 0.865176 0.000000
vt 0.530079 0.862391 0.000000
vt 0.538179 0.860538 0.000000
vt 0.533314 0.868381 0.000000
vt 0.540863 0.867449 0.000000
vt 0.535575 0.874578 0.000000
vt 0.543006 0.874160 0.000000
vt 0.537040 0.881130 0.000000
vt 0.544598 0.879869 0.000000
vt 0.243146 0.188172 0.000000
vt 0.242853 0.179247 0.000000
vt 0.234055 0.179924 0.000000
vt 0.235338 0.190070 0.000000
vt 0.224973 0.179712 0.000000
vt 0.225550 0.191633 0.000000
vt 0.215264 0.177273 0.000000
vt 0.215235 0.191686 0.000000
vt 0.204440 0.173377 0.000000
vt 0.202803 0.185896 0.000000
vt 0.189669 0.167996 0.000000
vt 0.187975 0.180016 0.000000
vt 0.187095 0.194475 0.000000
vt 0.170822 0.174630 0.000000
vt 0.169174 0.189384 0.000000
vt 0.147235 0.169035 0.000000
vt 0.144076 0.184046 0.000000
vt 0.115901 0.162376 0.000000
vt 0.114586 0.178653 0.000000
vt 0.077220 0.152872 0.000000
vt 0.077220 0.173149 0.000000
vt 0.614807 0.855566 0.000000
vt 0.612364 0.872314 0.000000
vt 0.610020 0.882538 0.000000
vt 0.117156 0.151333 0.000000
vt 0.077220 0.140815 0.000000
vt 0.077564 0.131665 0.000000
vt 0.149207 0.157738 0.000000
vt 0.172082 0.162980 0.000000
vt 0.191797 0.157106 0.000000
vt 0.194555 0.147664 0.000000
vt 0.205731 0.162719 0.000000
vt 0.208252 0.154238 0.000000
vt 0.212465 0.146968 0.000000
vt 0.199285 0.139213 0.000000
vt 0.216685 0.167328 0.000000
vt 0.218862 0.159669 0.000000
vt 0.222375 0.153074 0.000000
vt 0.227573 0.146552 0.000000
vt 0.218708 0.140438 0.000000
vt 0.227158 0.163524 0.000000
vt 0.229742 0.157616 0.000000
vt 0.233940 0.151707 0.000000
vt 0.238445 0.147548 0.000000
vt 0.233877 0.141497 0.000000
vt 0.236400 0.161429 0.000000
vt 0.239148 0.156434 0.000000
vt 0.242237 0.154019 0.000000
vt 0.234796 0.166645 0.000000
vt 0.243146 0.168923 0.000000
vt 0.243146 0.164772 0.000000
vt 0.243146 0.159810 0.000000
vt 0.233838 0.172780 0.000000
vt 0.242662 0.173188 0.000000
vt 0.528980 0.885208 0.000000
vt 0.532320 0.883716 0.000000
vt 0.530072 0.876651 0.000000
vt 0.526251 0.878736 0.000000
vt 0.522861 0.881034 0.000000
vt 0.525751 0.886570 0.000000
vt 0.527163 0.870693 0.000000
vt 0.522582 0.873458 0.000000
vt 0.518488 0.876165 0.000000
vt 0.518196 0.867929 0.000000
vt 0.513527 0.870722 0.000000
vt 0.507549 0.864230 0.000000
vt 0.502822 0.868140 0.000000
vt 0.508515 0.874025 0.000000
vt 0.513242 0.879230 0.000000
vt 0.498479 0.872518 0.000000
vt 0.503894 0.878237 0.000000
vt 0.507705 0.883698 0.000000
vt 0.495472 0.860198 0.000000
vt 0.490779 0.863829 0.000000
vt 0.486262 0.867827 0.000000
vt 0.493373 0.876896 0.000000
vt 0.225870 0.135272 0.000000
vt 0.482776 0.852976 0.000000
vt 0.478556 0.855756 0.000000
vt 0.205870 0.132257 0.000000
vt 0.473785 0.840312 0.000000
vt 0.225676 0.170724 0.000000
vt 0.517130 0.818627 0.000000
vt 0.505960 0.823429 0.000000
vt 0.507616 0.798521 0.000000
vt 0.497159 0.803985 0.000000
vt 0.489107 0.807342 0.000000
vt 0.476357 0.777599 0.000000
vt 0.470930 0.782880 0.000000
vt 0.458384 0.752329 0.000000
vt 0.454868 0.761466 0.000000
vt 0.451436 0.769162 0.000000
vt 0.442288 0.751684 0.000000
vt 0.440414 0.759779 0.000000
vt 0.437939 0.766733 0.000000
vt 0.432133 0.754823 0.000000
vt 0.430539 0.761346 0.000000
vt 0.428401 0.766172 0.000000
vt 0.435318 0.772510 0.000000
vt 0.424941 0.756948 0.000000
vt 0.423175 0.760220 0.000000
vt 0.620284 0.925896 0.000000
vt 0.624165 0.932820 0.000000
vt 0.629683 0.929910 0.000000
vt 0.626957 0.937892 0.000000
vt 0.631816 0.936811 0.000000
vt 0.638479 0.935104 0.000000
vt 0.633631 0.943149 0.000000
vt 0.640308 0.941606 0.000000
vt 0.646725 0.939882 0.000000
vt 0.408996 0.731765 0.000000
vt 0.411739 0.739207 0.000000
vt 0.416970 0.737649 0.000000
vt 0.414650 0.729011 0.000000
vt 0.645081 0.947672 0.000000
vt 0.654604 0.947684 0.000000
vt 0.424636 0.737653 0.000000
vt 0.422798 0.726658 0.000000
vt 0.432967 0.739071 0.000000
vt 0.432042 0.727062 0.000000
vt 0.443669 0.742513 0.000000
vt 0.432895 0.747537 0.000000
vt 0.425592 0.745741 0.000000
vt 0.425810 0.752123 0.000000
vt 0.419534 0.745678 0.000000
vt 0.421170 0.751106 0.000000
vt 0.422555 0.754442 0.000000
vt 0.414204 0.747280 0.000000
vt 0.417721 0.751909 0.000000
vt 0.628940 0.941207 0.000000
vt 0.419792 0.755324 0.000000
vt 0.520945 0.793262 0.000000
vt 0.530065 0.813018 0.000000
vt 0.168342 0.107622 0.000000
vt 0.243414 0.843393 0.000000
vt 0.224915 0.828092 0.000000
vt 0.218840 0.857561 0.000000
vt 0.233120 0.872856 0.000000
vt 0.228796 0.799638 0.000000
vt 0.205607 0.785404 0.000000
vt 0.205864 0.814047 0.000000
vt 0.187042 0.803200 0.000000
vt 0.186518 0.831486 0.000000
vt 0.202532 0.842831 0.000000
vt 0.183750 0.773980 0.000000
vt 0.164389 0.769912 0.000000
vt 0.169948 0.795828 0.000000
vt 0.158718 0.751748 0.000000
vt 0.141800 0.759239 0.000000
vt 0.147230 0.771671 0.000000
vt 0.133433 0.777770 0.000000
vt 0.139333 0.793087 0.000000
vt 0.153489 0.792758 0.000000
vt 0.128721 0.767484 0.000000
vt 0.120087 0.773847 0.000000
vt 0.123752 0.783518 0.000000
vt 0.115777 0.788551 0.000000
vt 0.118951 0.800850 0.000000
vt 0.127947 0.796649 0.000000
vt 0.113282 0.779256 0.000000
vt 0.107008 0.783802 0.000000
vt 0.108801 0.792616 0.000000
vt 0.105527 0.777159 0.000000
vt 0.100292 0.780780 0.000000
vt 0.101275 0.787194 0.000000
vt 0.099338 0.775598 0.000000
vt 0.094954 0.778025 0.000000
vt 0.095256 0.783067 0.000000
vt 0.098322 0.771168 0.000000
vt 0.094519 0.773914 0.000000
vt 0.091114 0.775194 0.000000
vt 0.097234 0.767330 0.000000
vt 0.093739 0.770325 0.000000
vt 0.091058 0.772318 0.000000
vt 0.088931 0.772670 0.000000
vt 0.088330 0.774822 0.000000
vt 0.092760 0.766938 0.000000
vt 0.090495 0.769566 0.000000
vt 0.089358 0.771178 0.000000
vt 0.091674 0.764222 0.000000
vt 0.089538 0.767568 0.000000
vt 0.088324 0.770411 0.000000
vt 0.089648 0.760867 0.000000
vt 0.087608 0.765215 0.000000
vt 0.086635 0.769414 0.000000
vt 0.085501 0.763250 0.000000
vt 0.084530 0.768491 0.000000
vt 0.086848 0.772619 0.000000
vt 0.087817 0.771851 0.000000
vt 0.082919 0.761211 0.000000
vt 0.081781 0.767281 0.000000
vt 0.079736 0.758934 0.000000
vt 0.078222 0.765592 0.000000
vt 0.075693 0.756297 0.000000
vt 0.073585 0.763238 0.000000
vt 0.071932 0.770358 0.000000
vt 0.067022 0.759787 0.000000
vt 0.064462 0.766271 0.000000
vt 0.058307 0.753741 0.000000
vt 0.054589 0.758987 0.000000
vt 0.046982 0.741663 0.000000
vt 0.042835 0.746497 0.000000
vt 0.037938 0.751285 0.000000
vt 0.030481 0.725832 0.000000
vt 0.025563 0.728630 0.000000
vt 0.020008 0.730704 0.000000
vt 0.033605 0.754753 0.000000
vt 0.093189 0.852140 0.000000
vt 0.107131 0.873557 0.000000
vt 0.110983 0.869000 0.000000
vt 0.098664 0.848333 0.000000
vt 0.115617 0.865707 0.000000
vt 0.104154 0.845231 0.000000
vt 0.096785 0.828331 0.000000
vt 0.109675 0.842363 0.000000
vt 0.102675 0.825347 0.000000
vt 0.098639 0.810676 0.000000
vt 0.092547 0.813143 0.000000
vt 0.096421 0.798119 0.000000
vt 0.090176 0.800280 0.000000
vt 0.095602 0.789390 0.000000
vt 0.102512 0.795875 0.000000
vt 0.104773 0.807941 0.000000
vt 0.111302 0.804731 0.000000
vt 0.108744 0.822555 0.000000
vt 0.115303 0.819508 0.000000
vt 0.115258 0.839578 0.000000
vt 0.121751 0.836446 0.000000
vt 0.125689 0.859378 0.000000
vt 0.131700 0.855213 0.000000
vt 0.137355 0.879612 0.000000
vt 0.143959 0.872333 0.000000
vt 0.151512 0.859944 0.000000
vt 0.154298 0.885735 0.000000
vt 0.162788 0.869513 0.000000
vt 0.170005 0.848031 0.000000
vt 0.157125 0.840316 0.000000
vt 0.172012 0.823249 0.000000
vt 0.157582 0.816788 0.000000
vt 0.182841 0.856281 0.000000
vt 0.173694 0.879058 0.000000
vt 0.183919 0.888880 0.000000
vt 0.195849 0.867367 0.000000
vt 0.194552 0.900576 0.000000
vt 0.208581 0.881641 0.000000
vt 0.172819 0.908020 0.000000
vt 0.183278 0.919139 0.000000
vt 0.187900 0.947986 0.000000
vt 0.198204 0.959584 0.000000
vt 0.163540 0.897190 0.000000
vt 0.147293 0.897196 0.000000
vt 0.141008 0.905065 0.000000
vt 0.131768 0.884454 0.000000
vt 0.126969 0.887386 0.000000
vt 0.135512 0.909525 0.000000
vt 0.120450 0.862688 0.000000
vt 0.130497 0.912363 0.000000
vt 0.134243 0.935771 0.000000
vt 0.122774 0.889988 0.000000
vt 0.118765 0.892109 0.000000
vt 0.126038 0.914575 0.000000
vt 0.929796 0.425297 0.000000
vt 0.927117 0.419804 0.000000
vt 0.127857 0.942960 0.000000
vt 0.947901 0.425297 0.000000
vt 0.946481 0.419355 0.000000
vt 0.439606 0.911256 0.000000
vt 0.435178 0.913676 0.000000
vt 0.448354 0.929157 0.000000
vt 0.453180 0.926576 0.000000
vt 0.965986 0.425297 0.000000
vt 0.964451 0.417901 0.000000
vt 0.433318 0.892876 0.000000
vt 0.426997 0.894753 0.000000
vt 0.442372 0.932596 0.000000
vt 0.461793 0.952195 0.000000
vt 0.430341 0.916039 0.000000
vt 0.424695 0.919164 0.000000
vt 0.436434 0.935188 0.000000
vt 0.421228 0.897334 0.000000
vt 0.415831 0.900663 0.000000
vt 0.409321 0.905004 0.000000
vt 0.418357 0.922509 0.000000
vt 0.038329 0.717043 0.000000
vt 0.034673 0.721924 0.000000
vt 0.050898 0.736084 0.000000
vt 0.054770 0.727604 0.000000
vt 0.042534 0.710505 0.000000
vt 0.058732 0.717523 0.000000
vt 0.047094 0.702690 0.000000
vt 0.061633 0.746821 0.000000
vt 0.065036 0.737780 0.000000
vt 0.068346 0.726706 0.000000
vt 0.072515 0.713314 0.000000
vt 0.064391 0.705434 0.000000
vt 0.072889 0.743495 0.000000
vt 0.075975 0.732027 0.000000
vt 0.079788 0.719397 0.000000
vt 0.085769 0.709772 0.000000
vt 0.079582 0.701532 0.000000
vt 0.082105 0.736702 0.000000
vt 0.078604 0.747622 0.000000
vt 0.082327 0.751105 0.000000
vt 0.085171 0.754437 0.000000
vt 0.087541 0.757630 0.000000
vt 0.069517 0.752663 0.000000
vt 0.085473 0.688817 0.000000
vt 0.093354 0.697220 0.000000
vt 0.098707 0.679293 0.000000
vt 0.087110 0.671195 0.000000
vt 0.084438 0.654004 0.000000
vt 0.099087 0.659411 0.000000
vt 0.095650 0.638786 0.000000
vt 0.112419 0.667447 0.000000
vt 0.113505 0.646815 0.000000
vt 0.113768 0.625008 0.000000
vt 0.092611 0.615043 0.000000
vt 0.134083 0.610070 0.000000
vt 0.053114 0.692985 0.000000
vt 0.392513 0.916038 0.000000
vt 0.399406 0.929749 0.000000
vt 0.410057 0.926530 0.000000
vt 0.401933 0.910052 0.000000
vt 0.428471 0.937983 0.000000
vt 0.442382 0.955179 0.000000
vt 0.453418 0.954429 0.000000
vt 0.465395 0.974914 0.000000
vt 0.475177 0.974046 0.000000
vt 0.485352 0.993985 0.000000
vt 0.495156 0.990496 0.000000
vt 0.474046 0.995833 0.000000
vt 0.859785 0.385851 0.000000
vt 0.849826 0.364853 0.000000
vt 0.505802 0.985723 0.000000
vt 0.009686 0.999833 0.000000
vt 0.019490 0.998446 0.000000
vt 0.012480 0.978210 0.000000
vt 0.000167 0.979458 0.000000
vt 0.022652 0.433587 0.000000
vt 0.021539 0.470049 0.000000
vt 0.024908 0.410125 0.000000
vt 0.040287 0.395224 0.000000
vt 0.030382 0.391886 0.000000
vt 0.044856 0.381050 0.000000
vt 0.035536 0.377907 0.000000
vt 0.028149 0.375458 0.000000
vt 0.039202 0.367796 0.000000
vt 0.032006 0.364966 0.000000
vt 0.026049 0.361814 0.000000
vt 0.020746 0.373275 0.000000
vt 0.021276 0.357993 0.000000
vt 0.017432 0.368037 0.000000
vt 0.007427 0.380354 0.000000
vt 0.016269 0.352639 0.000000
vt 0.013451 0.362077 0.000000
vt 0.009074 0.371400 0.000000
vt 0.999500 0.153549 0.000000
vt 0.999500 0.141559 0.000000
vt 0.990698 0.140434 0.000000
vt 0.991011 0.152841 0.000000
vt 0.992385 0.168823 0.000000
vt 0.999500 0.167139 0.000000
vt 0.982588 0.150515 0.000000
vt 0.984755 0.166678 0.000000
vt 0.982754 0.137716 0.000000
vt 0.973739 0.134499 0.000000
vt 0.973448 0.146672 0.000000
vt 0.991274 0.130489 0.000000
vt 0.983782 0.127013 0.000000
vt 0.975203 0.123764 0.000000
vt 0.964158 0.120009 0.000000
vt 0.962380 0.130728 0.000000
vt 0.986153 0.118025 0.000000
vt 0.978026 0.114005 0.000000
vt 0.967611 0.109882 0.000000
vt 0.953913 0.105860 0.000000
vt 0.950456 0.115928 0.000000
vt 0.981605 0.107253 0.000000
vt 0.972007 0.102007 0.000000
vt 0.958025 0.097737 0.000000
vt 0.940299 0.094389 0.000000
vt 0.055246 0.344139 0.000000
vt 0.044725 0.342400 0.000000
vt 0.043864 0.350999 0.000000
vt 0.053775 0.353229 0.000000
vt 0.066183 0.357361 0.000000
vt 0.068913 0.349627 0.000000
vt 0.080457 0.367789 0.000000
vt 0.083351 0.361700 0.000000
vt 0.051444 0.361614 0.000000
vt 0.063095 0.365550 0.000000
vt 0.077024 0.374975 0.000000
vt 0.096824 0.386062 0.000000
vt 0.059904 0.374870 0.000000
vt 0.048504 0.370401 0.000000
vt 0.055937 0.385714 0.000000
vt 0.042043 0.359008 0.000000
vt 0.036147 0.348995 0.000000
vt 0.034466 0.356412 0.000000
vt 0.029820 0.345969 0.000000
vt 0.028303 0.352902 0.000000
vt 0.024381 0.341896 0.000000
vt 0.023172 0.349486 0.000000
vt 0.021078 0.342042 0.000000
vt 0.019198 0.346845 0.000000
vt 0.997936 0.133113 0.000000
vt 0.998505 0.126465 0.000000
vt 0.993517 0.123056 0.000000
vt 0.036981 0.340876 0.000000
vt 0.030748 0.339144 0.000000
vt 0.026011 0.338599 0.000000
vt 0.988995 0.112176 0.000000
vt 0.994459 0.116287 0.000000
vt 0.115440 0.406311 0.000000
vt 0.117635 0.397838 0.000000
vt 0.099663 0.379202 0.000000
vt 0.899029 0.102705 0.000000
vt 0.871885 0.109035 0.000000
vt 0.920892 0.094389 0.000000
vt 0.845808 0.109002 0.000000
vt 0.845855 0.117466 0.000000
vt 0.133429 0.421441 0.000000
vt 0.134417 0.412874 0.000000
vt 0.845239 0.125195 0.000000
vt 0.844065 0.133442 0.000000
vt 0.879694 0.144320 0.000000
vt 0.879632 0.154160 0.000000
vt 0.909590 0.157616 0.000000
vt 0.910375 0.146479 0.000000
vt 0.932129 0.162125 0.000000
vt 0.931561 0.149566 0.000000
vt 0.948605 0.165937 0.000000
vt 0.947787 0.151743 0.000000
vt 0.948456 0.138857 0.000000
vt 0.962238 0.155931 0.000000
vt 0.962244 0.142326 0.000000
vt 0.948500 0.127262 0.000000
vt 0.974903 0.161806 0.000000
vt 0.930648 0.177790 0.000000
vt 0.948258 0.181853 0.000000
vt 0.907876 0.171789 0.000000
vt 0.881215 0.167732 0.000000
vt 0.801676 0.094389 0.000000
vt 0.719038 0.180412 0.000000
vt 0.748751 0.173505 0.000000
vt 0.739550 0.208918 0.000000
vt 0.766617 0.203718 0.000000
vt 0.794724 0.198288 0.000000
vt 0.714338 0.214373 0.000000
vt 0.692670 0.188537 0.000000
vt 0.667557 0.197959 0.000000
vt 0.691064 0.220930 0.000000
vt 0.671167 0.230192 0.000000
vt 0.692726 0.252944 0.000000
vt 0.712059 0.246409 0.000000
vt 0.647654 0.209631 0.000000
vt 0.633561 0.229416 0.000000
vt 0.654076 0.243086 0.000000
vt 0.640790 0.260486 0.000000
vt 0.659563 0.273777 0.000000
vt 0.675476 0.261943 0.000000
vt 0.623195 0.251505 0.000000
vt 0.617244 0.272607 0.000000
vt 0.631297 0.277859 0.000000
vt 0.610750 0.246207 0.000000
vt 0.606160 0.268521 0.000000
vt 0.604359 0.286670 0.000000
vt 0.614323 0.289790 0.000000
vt 0.596369 0.265292 0.000000
vt 0.595187 0.284938 0.000000
vt 0.596851 0.300346 0.000000
vt 0.604573 0.300727 0.000000
vt 0.589479 0.301370 0.000000
vt 0.593626 0.314682 0.000000
vt 0.599447 0.312848 0.000000
vt 0.582670 0.303746 0.000000
vt 0.588618 0.317645 0.000000
vt 0.596762 0.328521 0.000000
vt 0.597570 0.323186 0.000000
vt 0.593993 0.340651 0.000000
vt 0.601570 0.344463 0.000000
vt 0.606423 0.336187 0.000000
vt 0.601221 0.334135 0.000000
vt 0.609065 0.330875 0.000000
vt 0.605257 0.329049 0.000000
vt 0.608656 0.346303 0.000000
vt 0.612232 0.338507 0.000000
vt 0.613690 0.331177 0.000000
vt 0.617934 0.339866 0.000000
vt 0.619284 0.331809 0.000000
vt 0.619416 0.324361 0.000000
vt 0.613262 0.323265 0.000000
vt 0.607683 0.323199 0.000000
vt 0.612775 0.313944 0.000000
vt 0.605896 0.312609 0.000000
vt 0.602538 0.323847 0.000000
vt 0.612997 0.302872 0.000000
vt 0.619996 0.316242 0.000000
vt 0.621549 0.305861 0.000000
vt 0.624729 0.293922 0.000000
vt 0.630287 0.310079 0.000000
vt 0.635919 0.300187 0.000000
vt 0.645789 0.287505 0.000000
vt 0.645039 0.307384 0.000000
vt 0.657086 0.298352 0.000000
vt 0.674498 0.288350 0.000000
vt 0.664864 0.307774 0.000000
vt 0.684418 0.301631 0.000000
vt 0.703302 0.296531 0.000000
vt 0.692232 0.280536 0.000000
vt 0.719998 0.292308 0.000000
vt 0.708918 0.273887 0.000000
vt 0.735768 0.289785 0.000000
vt 0.727688 0.269212 0.000000
vt 0.726940 0.310479 0.000000
vt 0.740694 0.309367 0.000000
vt 0.756282 0.309181 0.000000
vt 0.746839 0.326774 0.000000
vt 0.762070 0.326106 0.000000
vt 0.779873 0.326643 0.000000
vt 0.768375 0.340505 0.000000
vt 0.786615 0.340192 0.000000
vt 0.803482 0.339071 0.000000
vt 0.799413 0.327275 0.000000
vt 0.751515 0.341332 0.000000
vt 0.756555 0.354810 0.000000
vt 0.761922 0.368428 0.000000
vt 0.736803 0.341206 0.000000
vt 0.721137 0.339476 0.000000
vt 0.732401 0.327377 0.000000
vt 0.716789 0.325844 0.000000
vt 0.695157 0.323462 0.000000
vt 0.697987 0.333547 0.000000
vt 0.710908 0.311522 0.000000
vt 0.690849 0.312543 0.000000
vt 0.669432 0.315451 0.000000
vt 0.672620 0.322326 0.000000
vt 0.658273 0.325603 0.000000
vt 0.660840 0.330808 0.000000
vt 0.674675 0.329074 0.000000
vt 0.655363 0.320243 0.000000
vt 0.647648 0.325340 0.000000
vt 0.651358 0.314451 0.000000
vt 0.643510 0.320486 0.000000
vt 0.638763 0.325841 0.000000
vt 0.642786 0.329770 0.000000
vt 0.637943 0.315276 0.000000
vt 0.633569 0.321881 0.000000
vt 0.630914 0.327809 0.000000
vt 0.635745 0.330484 0.000000
vt 0.627144 0.318525 0.000000
vt 0.625245 0.325527 0.000000
vt 0.624343 0.332617 0.000000
vt 0.629209 0.333444 0.000000
vt 0.628921 0.340625 0.000000
vt 0.633373 0.339832 0.000000
vt 0.633679 0.334849 0.000000
vt 0.623097 0.340762 0.000000
vt 0.636991 0.340168 0.000000
vt 0.637326 0.336813 0.000000
vt 0.639516 0.333399 0.000000
vt 0.639964 0.338491 0.000000
vt 0.638922 0.340312 0.000000
vt 0.638653 0.343199 0.000000
vt 0.640510 0.341741 0.000000
vt 0.635237 0.345098 0.000000
vt 0.638415 0.348862 0.000000
vt 0.641440 0.345381 0.000000
vt 0.642608 0.352146 0.000000
vt 0.644826 0.346914 0.000000
vt 0.648799 0.355516 0.000000
vt 0.649671 0.348685 0.000000
vt 0.656630 0.358538 0.000000
vt 0.656759 0.350984 0.000000
vt 0.667440 0.360242 0.000000
vt 0.665856 0.352514 0.000000
vt 0.664846 0.344447 0.000000
vt 0.678701 0.352800 0.000000
vt 0.677571 0.345242 0.000000
vt 0.676299 0.336278 0.000000
vt 0.663162 0.336828 0.000000
vt 0.680401 0.360371 0.000000
vt 0.296471 0.206213 0.000000
vt 0.296350 0.213723 0.000000
vt 0.310798 0.218249 0.000000
vt 0.310637 0.209867 0.000000
vt 0.296727 0.222342 0.000000
vt 0.310768 0.226415 0.000000
vt 0.297404 0.230950 0.000000
vt 0.310901 0.235462 0.000000
vt 0.686631 0.377273 0.000000
vt 0.672357 0.377645 0.000000
vt 0.682860 0.368988 0.000000
vt 0.669364 0.368500 0.000000
vt 0.766445 0.384101 0.000000
vt 0.475664 0.376256 0.000000
vt 0.484647 0.376358 0.000000
vt 0.481492 0.369945 0.000000
vt 0.477816 0.361489 0.000000
vt 0.486550 0.364954 0.000000
vt 0.483074 0.356446 0.000000
vt 0.491133 0.361180 0.000000
vt 0.487791 0.352422 0.000000
vt 0.495178 0.358352 0.000000
vt 0.492439 0.349354 0.000000
vt 0.499472 0.356731 0.000000
vt 0.497657 0.347344 0.000000
vt 0.503545 0.355794 0.000000
vt 0.502386 0.346621 0.000000
vt 0.501332 0.362670 0.000000
vt 0.505469 0.361232 0.000000
vt 0.520252 0.375510 0.000000
vt 0.515887 0.373425 0.000000
vt 0.514466 0.379657 0.000000
vt 0.511847 0.373449 0.000000
vt 0.510524 0.377853 0.000000
vt 0.508605 0.382781 0.000000
vt 0.507002 0.375752 0.000000
vt 0.505031 0.380094 0.000000
vt 0.502477 0.384430 0.000000
vt 0.503229 0.377694 0.000000
vt 0.500277 0.381505 0.000000
vt 0.497137 0.385711 0.000000
vt 0.498014 0.377604 0.000000
vt 0.494321 0.381317 0.000000
vt 0.495829 0.373262 0.000000
vt 0.491972 0.376868 0.000000
vt 0.493553 0.367648 0.000000
vt 0.489270 0.371447 0.000000
vt 0.499326 0.370071 0.000000
vt 0.497440 0.364940 0.000000
vt 0.503012 0.367431 0.000000
vt 0.501479 0.374283 0.000000
vt 0.504714 0.372007 0.000000
vt 0.507150 0.370313 0.000000
vt 0.506875 0.366327 0.000000
vt 0.504773 0.375052 0.000000
vt 0.508689 0.373334 0.000000
vt 0.419230 0.193782 0.000000
vt 0.703977 0.534176 0.000000
vt 0.700775 0.515040 0.000000
vt 0.697626 0.492934 0.000000
vt 0.692598 0.468677 0.000000
vt 0.679078 0.468230 0.000000
vt 0.688324 0.444111 0.000000
vt 0.675740 0.445463 0.000000
vt 0.802356 0.425297 0.000000
vt 0.817207 0.425297 0.000000
vt 0.814051 0.401337 0.000000
vt 0.800872 0.401637 0.000000
vt 0.699507 0.442201 0.000000
vt 0.780565 0.701251 0.000000
vt 0.333132 0.547536 0.000000
vt 0.349677 0.579947 0.000000
vt 0.332060 0.607731 0.000000
vt 0.312483 0.600625 0.000000
vt 0.310609 0.610208 0.000000
vt 0.327639 0.624877 0.000000
vt 0.297845 0.602164 0.000000
vt 0.287445 0.595025 0.000000
vt 0.274719 0.586127 0.000000
vt 0.266085 0.557906 0.000000
vt 0.258054 0.576108 0.000000
vt 0.239193 0.601084 0.000000
vt 0.247893 0.631974 0.000000
vt 0.284311 0.545981 0.000000
vt 0.771849 0.999833 0.000000
vt 0.147284 0.999833 0.000000
vt 0.641215 0.339664 0.000000
vt 0.711826 0.439551 0.000000
vt 0.722968 0.431910 0.000000
vt 0.731950 0.448688 0.000000
vt 0.295569 0.265199 0.000000
vt 0.806460 0.094389 0.000000
vt 0.286519 0.258755 0.000000
vt 0.996845 0.117249 0.000000
vt 0.999500 0.121127 0.000000
vt 0.604148 0.329177 0.000000
vt 0.600208 0.818359 0.000000
vt 0.588591 0.826187 0.000000
vt 0.507895 0.372540 0.000000
vt 0.368416 0.791449 0.000000
vt 0.244991 0.462006 0.000000
vt 0.405515 0.766768 0.000000
vt 0.405515 0.768007 0.000000
vt 0.405614 0.768450 0.000000
vt 0.405740 0.766692 0.000000
vt 0.115830 0.929963 0.000000
vt 0.120535 0.920259 0.000000
vt 0.104893 0.913500 0.000000
vt 0.104893 0.929152 0.000000
vt 0.406167 0.765142 0.000000
vt 0.405814 0.765891 0.000000
vt 0.962937 0.322237 0.000000
vt 0.962486 0.321809 0.000000
vt 0.961687 0.322652 0.000000
vt 0.962496 0.322730 0.000000
vt 0.408055 0.762452 0.000000
vt 0.407534 0.762828 0.000000
vt 0.407959 0.762807 0.000000
vt 0.408580 0.762452 0.000000
vt 0.963019 0.321634 0.000000
vt 0.962819 0.320755 0.000000
vt 0.022920 0.674746 0.000000
vt 0.015232 0.683273 0.000000
vt 0.028132 0.688813 0.000000
vt 0.032731 0.676317 0.000000
vt 0.452883 0.858023 0.000000
vt 0.441855 0.857123 0.000000
vt 0.440259 0.873236 0.000000
vt 0.455447 0.868460 0.000000
vt 0.033283 0.663067 0.000000
vt 0.019001 0.663608 0.000000
vt 0.406587 0.771938 0.000000
vt 0.406056 0.772233 0.000000
vt 0.406641 0.773461 0.000000
vt 0.407279 0.772473 0.000000
vt 0.406681 0.770859 0.000000
vt 0.405959 0.770661 0.000000
vt 0.407743 0.771137 0.000000
vt 0.408388 0.764399 0.000000
vt 0.407912 0.763963 0.000000
vt 0.407501 0.765128 0.000000
vt 0.408329 0.765394 0.000000
vt 0.409440 0.766013 0.000000
vt 0.409075 0.764277 0.000000
vt 0.408540 0.763267 0.000000
vt 0.961909 0.318305 0.000000
vt 0.961392 0.317745 0.000000
vt 0.960186 0.318196 0.000000
vt 0.961321 0.318994 0.000000
vt 0.962167 0.319819 0.000000
vt 0.962319 0.318648 0.000000
vt 0.961861 0.317821 0.000000
vt 0.961244 0.317340 0.000000
vt 0.960549 0.317223 0.000000
vt 0.431765 0.795471 0.000000
vt 0.432495 0.794759 0.000000
vt 0.432066 0.793349 0.000000
vt 0.431715 0.794800 0.000000
vt 0.431715 0.796102 0.000000
vt 0.432763 0.795885 0.000000
vt 0.433593 0.784258 0.000000
vt 0.433173 0.784470 0.000000
vt 0.432583 0.785815 0.000000
vt 0.433460 0.785103 0.000000
vt 0.308276 0.941800 0.000000
vt 0.305381 0.950962 0.000000
vt 0.316763 0.950962 0.000000
vt 0.317050 0.939050 0.000000
vt 0.434888 0.784861 0.000000
vt 0.434615 0.783927 0.000000
vt 0.433572 0.790250 0.000000
vt 0.432971 0.791338 0.000000
vt 0.434130 0.792717 0.000000
vt 0.434536 0.790492 0.000000
vt 0.433496 0.788903 0.000000
vt 0.432532 0.789789 0.000000
vt 0.434774 0.788553 0.000000
vt 0.434677 0.795114 0.000000
vt 0.436682 0.794438 0.000000
vt 0.436682 0.792713 0.000000
vt 0.436682 0.790698 0.000000
vt 0.436682 0.788497 0.000000
vt 0.409440 0.767938 0.000000
vt 0.408206 0.767257 0.000000
vt 0.408000 0.769310 0.000000
vt 0.409440 0.769959 0.000000
vt 0.409440 0.771769 0.000000
vt 0.407179 0.766918 0.000000
vt 0.406898 0.769014 0.000000
vt 0.406112 0.768754 0.000000
vt 0.406367 0.766744 0.000000
vt 0.406774 0.764973 0.000000
vt 0.407324 0.763681 0.000000
vt 0.406785 0.763846 0.000000
vt 0.070085 0.272647 0.000000
vt 0.070085 0.285838 0.000000
vt 0.089344 0.285838 0.000000
vt 0.089344 0.271174 0.000000
vt 0.085057 0.258851 0.000000
vt 0.069123 0.260070 0.000000
vt 0.960568 0.323348 0.000000
vt 0.960381 0.321968 0.000000
vt 0.959180 0.322766 0.000000
vt 0.563963 0.889032 0.000000
vt 0.578878 0.902461 0.000000
vt 0.586645 0.884988 0.000000
vt 0.571753 0.877346 0.000000
vt 0.958805 0.320982 0.000000
vt 0.957409 0.321835 0.000000
vt 0.956240 0.322400 0.000000
vt 0.957997 0.323348 0.000000
vt 0.955529 0.320528 0.000000
vt 0.954357 0.321153 0.000000
vt 0.000167 0.633287 0.000000
vt 0.000167 0.649820 0.000000
vt 0.017822 0.649820 0.000000
vt 0.017822 0.634999 0.000000
vt 0.090043 0.910767 0.000000
vt 0.090043 0.929152 0.000000
vt 0.033283 0.649820 0.000000
vt 0.033283 0.636297 0.000000
vt 0.405515 0.770041 0.000000
vt 0.405515 0.770445 0.000000
vt 0.405599 0.772407 0.000000
vt 0.406144 0.773938 0.000000
vt 0.003635 0.664150 0.000000
vt 0.953773 0.319234 0.000000
vt 0.952674 0.319878 0.000000
vt 0.955296 0.318461 0.000000
vt 0.953791 0.317488 0.000000
vt 0.952362 0.318152 0.000000
vt 0.951536 0.318861 0.000000
vt 0.957039 0.319791 0.000000
vt 0.958651 0.318970 0.000000
vt 0.957061 0.317932 0.000000
vt 0.960163 0.319998 0.000000
vt 0.961467 0.320964 0.000000
vt 0.958896 0.317455 0.000000
vt 0.957580 0.316948 0.000000
vt 0.955621 0.316948 0.000000
vt 0.431715 0.789227 0.000000
vt 0.431715 0.791406 0.000000
vt 0.432396 0.787736 0.000000
vt 0.432073 0.787103 0.000000
vt 0.433420 0.786855 0.000000
vt 0.434871 0.786499 0.000000
vt 0.436682 0.786491 0.000000
vt 0.436682 0.784910 0.000000
vt 0.436285 0.783927 0.000000
vt 0.408709 0.773158 0.000000
vt 0.407874 0.774247 0.000000
vt 0.407141 0.774752 0.000000
vt 0.408626 0.774752 0.000000
vt 0.409440 0.774752 0.000000
vt 0.959385 0.316948 0.000000
vt 0.952759 0.316948 0.000000
vt 0.951641 0.317467 0.000000
vt 0.951179 0.318209 0.000000
vt 0.433198 0.796515 0.000000
vt 0.434988 0.796155 0.000000
vt 0.436682 0.795415 0.000000
vt 0.433903 0.796515 0.000000
vt 0.435373 0.796515 0.000000
vt 0.409440 0.762994 0.000000
vt 0.431924 0.796515 0.000000
vt 0.962645 0.319462 0.000000
vt 0.122853 0.389332 0.000000
vt 0.123369 0.390265 0.000000
vt 0.124129 0.390242 0.000000
vt 0.123287 0.388889 0.000000
vt 0.513954 0.325787 0.000000
vt 0.513898 0.326336 0.000000
vt 0.514007 0.327252 0.000000
vt 0.514215 0.326334 0.000000
vt 0.514519 0.325428 0.000000
vt 0.514064 0.324991 0.000000
vt 0.440345 0.853330 0.000000
vt 0.440954 0.854303 0.000000
vt 0.441646 0.854014 0.000000
vt 0.440648 0.852644 0.000000
vt 0.093093 0.995982 0.000000
vt 0.101870 0.999833 0.000000
vt 0.107453 0.987066 0.000000
vt 0.091693 0.987066 0.000000
vt 0.440259 0.851202 0.000000
vt 0.440259 0.852551 0.000000
vt 0.339206 0.812821 0.000000
vt 0.349360 0.812821 0.000000
vt 0.349822 0.797515 0.000000
vt 0.335802 0.803692 0.000000
vt 0.515499 0.322068 0.000000
vt 0.514989 0.322655 0.000000
vt 0.515613 0.323144 0.000000
vt 0.516187 0.322306 0.000000
vt 0.516686 0.321969 0.000000
vt 0.515608 0.322010 0.000000
vt 0.086600 0.963579 0.000000
vt 0.102072 0.958453 0.000000
vt 0.092323 0.948828 0.000000
vt 0.077220 0.959457 0.000000
vt 0.088569 0.972979 0.000000
vt 0.107453 0.972979 0.000000
vt 0.443291 0.856122 0.000000
vt 0.444294 0.856122 0.000000
vt 0.443012 0.855293 0.000000
vt 0.442217 0.855500 0.000000
vt 0.135114 0.385071 0.000000
vt 0.134240 0.385562 0.000000
vt 0.135265 0.386673 0.000000
vt 0.135935 0.385643 0.000000
vt 0.527101 0.275663 0.000000
vt 0.532231 0.285102 0.000000
vt 0.544421 0.276727 0.000000
vt 0.534375 0.267666 0.000000
vt 0.134504 0.384742 0.000000
vt 0.132999 0.384978 0.000000
vt 0.514582 0.331986 0.000000
vt 0.514443 0.331360 0.000000
vt 0.514080 0.330982 0.000000
vt 0.514459 0.331896 0.000000
vt 0.586737 0.984772 0.000000
vt 0.575604 0.991164 0.000000
vt 0.586497 0.999833 0.000000
vt 0.595557 0.988017 0.000000
vt 0.515125 0.332041 0.000000
vt 0.515146 0.331221 0.000000
vt 0.514188 0.327817 0.000000
vt 0.513898 0.328344 0.000000
vt 0.514226 0.328729 0.000000
vt 0.514905 0.328514 0.000000
vt 0.514557 0.327299 0.000000
vt 0.440630 0.848004 0.000000
vt 0.440259 0.848474 0.000000
vt 0.440709 0.849841 0.000000
vt 0.441309 0.848788 0.000000
vt 0.442376 0.847907 0.000000
vt 0.441100 0.847268 0.000000
vt 0.440465 0.847365 0.000000
vt 0.057118 0.895414 0.000000
vt 0.053373 0.907158 0.000000
vt 0.067368 0.911620 0.000000
vt 0.071431 0.898877 0.000000
vt 0.071431 0.884520 0.000000
vt 0.057118 0.884520 0.000000
vt 0.442206 0.846456 0.000000
vt 0.441228 0.846443 0.000000
vt 0.443687 0.845985 0.000000
vt 0.442367 0.845985 0.000000
vt 0.443838 0.847095 0.000000
vt 0.445503 0.846545 0.000000
vt 0.516146 0.331719 0.000000
vt 0.515148 0.332291 0.000000
vt 0.516096 0.332173 0.000000
vt 0.517296 0.331030 0.000000
vt 0.517296 0.329962 0.000000
vt 0.516142 0.330759 0.000000
vt 0.517296 0.328489 0.000000
vt 0.516073 0.329407 0.000000
vt 0.515064 0.329965 0.000000
vt 0.514306 0.330111 0.000000
vt 0.515763 0.327833 0.000000
vt 0.516596 0.326855 0.000000
vt 0.515786 0.325336 0.000000
vt 0.515146 0.326407 0.000000
vt 0.515025 0.324255 0.000000
vt 0.516544 0.324244 0.000000
vt 0.514437 0.323769 0.000000
vt 0.514773 0.322766 0.000000
vt 0.514179 0.323953 0.000000
vt 0.513898 0.325218 0.000000
vt 0.125344 0.391801 0.000000
vt 0.126732 0.393286 0.000000
vt 0.128404 0.393061 0.000000
vt 0.126984 0.391421 0.000000
vt 0.125723 0.389665 0.000000
vt 0.124745 0.388140 0.000000
vt 0.129127 0.390701 0.000000
vt 0.127773 0.388862 0.000000
vt 0.126649 0.387275 0.000000
vt 0.125962 0.386079 0.000000
vt 0.124191 0.387028 0.000000
vt 0.130121 0.387905 0.000000
vt 0.128892 0.386356 0.000000
vt 0.127946 0.385247 0.000000
vt 0.132376 0.386750 0.000000
vt 0.131020 0.385663 0.000000
vt 0.129739 0.384742 0.000000
vt 0.131513 0.384742 0.000000
vt 0.131511 0.389588 0.000000
vt 0.133686 0.388089 0.000000
vt 0.132843 0.391128 0.000000
vt 0.134806 0.389570 0.000000
vt 0.136168 0.388052 0.000000
vt 0.135684 0.391038 0.000000
vt 0.136820 0.389611 0.000000
vt 0.089042 0.901708 0.000000
vt 0.089042 0.884520 0.000000
vt 0.136775 0.386797 0.000000
vt 0.176640 0.269056 0.000000
vt 0.191252 0.277811 0.000000
vt 0.196906 0.261315 0.000000
vt 0.183898 0.255957 0.000000
vt 0.085079 0.871203 0.000000
vt 0.071431 0.871203 0.000000
vt 0.133932 0.392453 0.000000
vt 0.134734 0.393380 0.000000
vt 0.136154 0.392207 0.000000
vt 0.130522 0.392377 0.000000
vt 0.131853 0.393603 0.000000
vt 0.133046 0.394295 0.000000
vt 0.129814 0.394295 0.000000
vt 0.119924 0.950960 0.000000
vt 0.107834 0.939021 0.000000
vt 0.128057 0.394295 0.000000
vt 0.096379 0.930963 0.000000
vt 0.083103 0.939357 0.000000
vt 0.513898 0.329695 0.000000
vt 0.513898 0.327424 0.000000
vt 0.517296 0.325740 0.000000
vt 0.449792 0.853870 0.000000
vt 0.447985 0.852399 0.000000
vt 0.446053 0.853466 0.000000
vt 0.447898 0.854792 0.000000
vt 0.517296 0.323290 0.000000
vt 0.444244 0.854689 0.000000
vt 0.445895 0.855498 0.000000
vt 0.448084 0.856122 0.000000
vt 0.449792 0.855753 0.000000
vt 0.446094 0.856122 0.000000
vt 0.444300 0.852065 0.000000
vt 0.442757 0.853190 0.000000
vt 0.442739 0.850352 0.000000
vt 0.441553 0.851531 0.000000
vt 0.444193 0.849240 0.000000
vt 0.446098 0.850762 0.000000
vt 0.447837 0.849751 0.000000
vt 0.445800 0.848239 0.000000
vt 0.449792 0.851388 0.000000
vt 0.133208 0.384742 0.000000
vt 0.440259 0.849617 0.000000
vt 0.363849 0.961455 0.000000
vt 0.364034 0.961143 0.000000
vt 0.363907 0.959518 0.000000
vt 0.363578 0.960416 0.000000
vt 0.363552 0.962117 0.000000
vt 0.363772 0.962238 0.000000
vt 0.363046 0.961153 0.000000
vt 0.363859 0.955164 0.000000
vt 0.364026 0.956348 0.000000
vt 0.364034 0.955088 0.000000
vt 0.363988 0.954004 0.000000
vt 0.363429 0.953706 0.000000
vt 0.363464 0.955490 0.000000
vt 0.363664 0.957428 0.000000
vt 0.480055 0.936187 0.000000
vt 0.479451 0.936199 0.000000
vt 0.479626 0.937113 0.000000
vt 0.480294 0.936583 0.000000
vt 0.480318 0.935288 0.000000
vt 0.479949 0.935207 0.000000
vt 0.479242 0.934929 0.000000
vt 0.362363 0.963214 0.000000
vt 0.362273 0.963343 0.000000
vt 0.363111 0.963081 0.000000
vt 0.362903 0.962886 0.000000
vt 0.362360 0.961933 0.000000
vt 0.361752 0.962524 0.000000
vt 0.361297 0.962703 0.000000
vt 0.480174 0.930348 0.000000
vt 0.479846 0.930014 0.000000
vt 0.480200 0.931621 0.000000
vt 0.480362 0.931557 0.000000
vt 0.363063 0.885253 0.000000
vt 0.361906 0.875894 0.000000
vt 0.351013 0.879392 0.000000
vt 0.356930 0.890326 0.000000
vt 0.394458 0.720285 0.000000
vt 0.394602 0.719550 0.000000
vt 0.394126 0.720008 0.000000
vt 0.393959 0.720779 0.000000
vt 0.392699 0.714598 0.000000
vt 0.392311 0.715371 0.000000
vt 0.392713 0.716347 0.000000
vt 0.393072 0.714995 0.000000
vt 0.392793 0.713597 0.000000
vt 0.392121 0.714107 0.000000
vt 0.393450 0.713824 0.000000
vt 0.478435 0.931287 0.000000
vt 0.477681 0.930306 0.000000
vt 0.477308 0.931427 0.000000
vt 0.478339 0.932501 0.000000
vt 0.479173 0.933178 0.000000
vt 0.478988 0.931360 0.000000
vt 0.478363 0.929841 0.000000
vt 0.393857 0.716021 0.000000
vt 0.393575 0.715577 0.000000
vt 0.393214 0.717044 0.000000
vt 0.393732 0.717284 0.000000
vt 0.394208 0.717112 0.000000
vt 0.394182 0.715557 0.000000
vt 0.393951 0.714538 0.000000
vt 0.394355 0.713573 0.000000
vt 0.393832 0.712709 0.000000
vt 0.394602 0.714855 0.000000
vt 0.394602 0.716539 0.000000
vt 0.361259 0.952511 0.000000
vt 0.360031 0.953565 0.000000
vt 0.360196 0.955568 0.000000
vt 0.361311 0.954573 0.000000
vt 0.362486 0.953915 0.000000
vt 0.362425 0.952013 0.000000
vt 0.361728 0.956947 0.000000
vt 0.362710 0.956098 0.000000
vt 0.363400 0.951962 0.000000
vt 0.362365 0.959327 0.000000
vt 0.363073 0.958402 0.000000
vt 0.360725 0.957910 0.000000
vt 0.361504 0.960199 0.000000
vt 0.359919 0.958718 0.000000
vt 0.360781 0.960865 0.000000
vt 0.359372 0.959250 0.000000
vt 0.360229 0.961198 0.000000
vt 0.359109 0.959518 0.000000
vt 0.359915 0.961277 0.000000
vt 0.360966 0.962619 0.000000
vt 0.480362 0.936914 0.000000
vt 0.480362 0.935356 0.000000
vt 0.479740 0.937714 0.000000
vt 0.254732 0.254786 0.000000
vt 0.266290 0.239476 0.000000
vt 0.252940 0.235145 0.000000
vt 0.244146 0.246794 0.000000
vt 0.478337 0.936922 0.000000
vt 0.478519 0.937714 0.000000
vt 0.271850 0.222338 0.000000
vt 0.257095 0.222338 0.000000
vt 0.287831 0.222338 0.000000
vt 0.287831 0.203731 0.000000
vt 0.271850 0.205901 0.000000
vt 0.257095 0.208978 0.000000
vt 0.058712 0.850840 0.000000
vt 0.055467 0.870203 0.000000
vt 0.075184 0.870203 0.000000
vt 0.075184 0.850840 0.000000
vt 0.075184 0.834360 0.000000
vt 0.062983 0.834360 0.000000
vt 0.385174 0.791675 0.000000
vt 0.403369 0.796515 0.000000
vt 0.403369 0.775753 0.000000
vt 0.385174 0.775753 0.000000
vt 0.364034 0.960219 0.000000
vt 0.364034 0.958350 0.000000
vt 0.364034 0.956889 0.000000
vt 0.424481 0.796515 0.000000
vt 0.423135 0.775753 0.000000
vt 0.392095 0.712055 0.000000
vt 0.391646 0.713585 0.000000
vt 0.392235 0.712679 0.000000
vt 0.392748 0.711316 0.000000
vt 0.391631 0.715224 0.000000
vt 0.393053 0.712363 0.000000
vt 0.393570 0.711117 0.000000
vt 0.364034 0.952374 0.000000
vt 0.391434 0.714898 0.000000
vt 0.391434 0.716668 0.000000
vt 0.391434 0.718278 0.000000
vt 0.391899 0.716785 0.000000
vt 0.391823 0.719463 0.000000
vt 0.392240 0.717986 0.000000
vt 0.392548 0.720091 0.000000
vt 0.392856 0.718670 0.000000
vt 0.393370 0.720219 0.000000
vt 0.393557 0.718885 0.000000
vt 0.394184 0.718725 0.000000
vt 0.394602 0.718206 0.000000
vt 0.359111 0.954730 0.000000
vt 0.358574 0.955735 0.000000
vt 0.358811 0.957269 0.000000
vt 0.359356 0.956534 0.000000
vt 0.478138 0.928370 0.000000
vt 0.477139 0.928370 0.000000
vt 0.479136 0.929790 0.000000
vt 0.479094 0.928855 0.000000
vt 0.479660 0.931516 0.000000
vt 0.479831 0.933511 0.000000
vt 0.480280 0.933549 0.000000
vt 0.480362 0.933472 0.000000
vt 0.476247 0.928868 0.000000
vt 0.475785 0.929948 0.000000
vt 0.475785 0.931475 0.000000
vt 0.477071 0.933030 0.000000
vt 0.476887 0.934641 0.000000
vt 0.478174 0.935690 0.000000
vt 0.478199 0.934218 0.000000
vt 0.475785 0.933100 0.000000
vt 0.476919 0.936052 0.000000
vt 0.475785 0.934639 0.000000
vt 0.358574 0.957643 0.000000
vt 0.518331 0.347825 0.000000
vt 0.518331 0.363293 0.000000
vt 0.534184 0.363293 0.000000
vt 0.530151 0.345552 0.000000
vt 0.077220 0.300951 0.000000
vt 0.077220 0.330134 0.000000
vt 0.097245 0.318153 0.000000
vt 0.097907 0.296312 0.000000
vt 0.532072 0.326538 0.000000
vt 0.518331 0.329684 0.000000
vt 0.552931 0.338912 0.000000
vt 0.542939 0.342454 0.000000
vt 0.550488 0.360550 0.000000
vt 0.563760 0.348422 0.000000
vt 0.554820 0.327286 0.000000
vt 0.542693 0.326062 0.000000
vt 0.572366 0.331514 0.000000
vt 0.140715 0.274228 0.000000
vt 0.143791 0.256361 0.000000
vt 0.119655 0.256361 0.000000
vt 0.129435 0.278779 0.000000
vt 0.135018 0.289736 0.000000
vt 0.146562 0.284576 0.000000
vt 0.165618 0.271830 0.000000
vt 0.556556 0.295101 0.000000
vt 0.557086 0.309958 0.000000
vt 0.577354 0.310816 0.000000
vt 0.577354 0.286103 0.000000
vt 0.175640 0.347792 0.000000
vt 0.165628 0.320452 0.000000
vt 0.147456 0.324606 0.000000
vt 0.156276 0.347792 0.000000
vt 0.543550 0.289324 0.000000
vt 0.543835 0.309546 0.000000
vt 0.150925 0.308076 0.000000
vt 0.175640 0.298532 0.000000
vt 0.150453 0.296353 0.000000
vt 0.138778 0.298303 0.000000
vt 0.142185 0.309856 0.000000
vt 0.527387 0.286103 0.000000
vt 0.532648 0.309924 0.000000
vt 0.518331 0.295763 0.000000
vt 0.518331 0.311115 0.000000
vt 0.132741 0.347792 0.000000
vt 0.134714 0.323857 0.000000
vt 0.124369 0.320770 0.000000
vt 0.123548 0.332556 0.000000
vt 0.132523 0.301360 0.000000
vt 0.127750 0.296625 0.000000
vt 0.124239 0.307543 0.000000
vt 0.132958 0.310525 0.000000
vt 0.099544 0.331488 0.000000
vt 0.091739 0.347792 0.000000
vt 0.112036 0.332164 0.000000
vt 0.111583 0.318344 0.000000
vt 0.113658 0.347792 0.000000
vt 0.112715 0.302491 0.000000
vt 0.119142 0.287766 0.000000
vt 0.103177 0.273726 0.000000
vt 0.841625 0.557780 0.000000
vt 0.864349 0.552063 0.000000
vt 0.853622 0.527691 0.000000
vt 0.830259 0.532455 0.000000
vt 0.241177 0.459169 0.000000
vt 0.227332 0.456646 0.000000
vt 0.224888 0.471800 0.000000
vt 0.241177 0.471800 0.000000
vt 0.241177 0.444169 0.000000
vt 0.226062 0.443183 0.000000
vt 0.884063 0.525534 0.000000
vt 0.878286 0.533787 0.000000
vt 0.894670 0.537461 0.000000
vt 0.892474 0.523102 0.000000
vt 0.879242 0.516551 0.000000
vt 0.869330 0.522028 0.000000
vt 0.887815 0.512128 0.000000
vt 0.838090 0.489095 0.000000
vt 0.830259 0.506997 0.000000
vt 0.851883 0.508519 0.000000
vt 0.855785 0.492168 0.000000
vt 0.241177 0.416191 0.000000
vt 0.226541 0.416191 0.000000
vt 0.226527 0.429699 0.000000
vt 0.241177 0.428358 0.000000
vt 0.862061 0.478466 0.000000
vt 0.845838 0.470203 0.000000
vt 0.875666 0.506263 0.000000
vt 0.866430 0.507492 0.000000
vt 0.880289 0.501298 0.000000
vt 0.869741 0.495756 0.000000
vt 0.198906 0.467700 0.000000
vt 0.206265 0.471800 0.000000
vt 0.210368 0.453923 0.000000
vt 0.198906 0.450395 0.000000
vt 0.216756 0.389618 0.000000
vt 0.236641 0.391390 0.000000
vt 0.238090 0.381234 0.000000
vt 0.219539 0.382062 0.000000
vt 0.225320 0.404605 0.000000
vt 0.238090 0.404119 0.000000
vt 0.923490 0.538962 0.000000
vt 0.907984 0.529634 0.000000
vt 0.896159 0.557780 0.000000
vt 0.923490 0.508212 0.000000
vt 0.904853 0.515987 0.000000
vt 0.198906 0.440573 0.000000
vt 0.211459 0.441446 0.000000
vt 0.211886 0.428976 0.000000
vt 0.198906 0.430019 0.000000
vt 0.227700 0.414143 0.000000
vt 0.238075 0.415190 0.000000
vt 0.196519 0.303289 0.000000
vt 0.197721 0.315022 0.000000
vt 0.210654 0.314242 0.000000
vt 0.207441 0.303460 0.000000
vt 0.198906 0.419026 0.000000
vt 0.210302 0.416191 0.000000
vt 0.869458 0.441106 0.000000
vt 0.858364 0.453314 0.000000
vt 0.871763 0.464020 0.000000
vt 0.885243 0.450489 0.000000
vt 0.896375 0.484566 0.000000
vt 0.909891 0.486281 0.000000
vt 0.900682 0.465629 0.000000
vt 0.885731 0.474486 0.000000
vt 0.888216 0.494230 0.000000
vt 0.898295 0.504835 0.000000
vt 0.875907 0.485345 0.000000
vt 0.926692 0.843823 0.000000
vt 0.940100 0.843823 0.000000
vt 0.940572 0.829580 0.000000
vt 0.930319 0.829580 0.000000
vt 0.917519 0.829580 0.000000
vt 0.913809 0.843823 0.000000
vt 0.945508 0.826542 0.000000
vt 0.945827 0.814666 0.000000
vt 0.929060 0.814236 0.000000
vt 0.932105 0.828322 0.000000
vt 0.076064 0.965677 0.000000
vt 0.076040 0.965667 0.000000
vt 0.075970 0.965677 0.000000
vt 0.076025 0.965677 0.000000
vt 0.076132 0.965676 0.000000
vt 0.076134 0.965663 0.000000
vt 0.915551 0.814236 0.000000
vt 0.929060 0.797602 0.000000
vt 0.911911 0.797602 0.000000
vt 0.076168 0.965677 0.000000
vt 0.076200 0.965677 0.000000
vt 0.076109 0.965677 0.000000
vt 0.898598 0.800558 0.000000
vt 0.902229 0.817151 0.000000
vt 0.844610 0.459076 0.000000
vt 0.851078 0.447594 0.000000
vt 0.834779 0.441106 0.000000
vt 0.830259 0.456326 0.000000
vt 0.442338 0.875441 0.000000
vt 0.440259 0.888890 0.000000
vt 0.455411 0.891876 0.000000
vt 0.455411 0.874236 0.000000
vt 0.244146 0.153370 0.000000
vt 0.244146 0.168027 0.000000
vt 0.262871 0.169512 0.000000
vt 0.259444 0.153370 0.000000
vt 0.957943 0.801414 0.000000
vt 0.945827 0.799651 0.000000
vt 0.960368 0.815965 0.000000
vt 0.075934 0.965677 0.000000
vt 0.075926 0.965654 0.000000
vt 0.075904 0.965659 0.000000
vt 0.211654 0.312865 0.000000
vt 0.211666 0.312867 0.000000
vt 0.211692 0.312863 0.000000
vt 0.211681 0.312862 0.000000
vt 0.075911 0.965632 0.000000
vt 0.075998 0.965650 0.000000
vt 0.075964 0.965632 0.000000
vt 0.211720 0.312867 0.000000
vt 0.211784 0.312867 0.000000
vt 0.211773 0.312867 0.000000
vt 0.211701 0.312867 0.000000
vt 0.211692 0.312867 0.000000
vt 0.211920 0.312867 0.000000
vt 0.211926 0.312867 0.000000
vt 0.211778 0.312865 0.000000
vt 0.211712 0.312865 0.000000
vt 0.211920 0.312862 0.000000
vt 0.194227 0.348102 0.000000
vt 0.194227 0.333585 0.000000
vt 0.176640 0.333585 0.000000
vt 0.181221 0.348102 0.000000
vt 0.273593 0.153370 0.000000
vt 0.280241 0.167078 0.000000
vt 0.208862 0.348102 0.000000
vt 0.209920 0.333175 0.000000
vt 0.210979 0.319522 0.000000
vt 0.194227 0.316022 0.000000
vt 0.212009 0.312867 0.000000
vt 0.212021 0.312865 0.000000
vt 0.211771 0.312863 0.000000
vt 0.263412 0.202731 0.000000
vt 0.263599 0.185714 0.000000
vt 0.244146 0.186029 0.000000
vt 0.244146 0.202731 0.000000
vt 0.211762 0.312862 0.000000
vt 0.286257 0.202731 0.000000
vt 0.286257 0.183281 0.000000
vt 0.176640 0.316022 0.000000
vt 0.076107 0.965644 0.000000
vt 0.076081 0.965632 0.000000
vt 0.076218 0.965658 0.000000
vt 0.076203 0.965632 0.000000
vt 0.335802 0.923329 0.000000
vt 0.335802 0.937993 0.000000
vt 0.347166 0.936104 0.000000
vt 0.344955 0.923329 0.000000
vt 0.592627 0.954357 0.000000
vt 0.592584 0.954417 0.000000
vt 0.592689 0.954571 0.000000
vt 0.592717 0.954475 0.000000
vt 0.567208 0.140772 0.000000
vt 0.575587 0.140772 0.000000
vt 0.575446 0.130530 0.000000
vt 0.564160 0.130730 0.000000
vt 0.578038 0.379461 0.000000
vt 0.578038 0.367921 0.000000
vt 0.563963 0.368052 0.000000
vt 0.566413 0.379162 0.000000
vt 0.592763 0.954623 0.000000
vt 0.592747 0.954758 0.000000
vt 0.592763 0.954933 0.000000
vt 0.592763 0.954706 0.000000
vt 0.364989 0.933429 0.000000
vt 0.353352 0.923329 0.000000
vt 0.000333 0.784779 0.000000
vt 0.000245 0.784539 0.000000
vt 0.000217 0.784812 0.000000
vt 0.000278 0.784936 0.000000
vt 0.000358 0.784242 0.000000
vt 0.000295 0.784129 0.000000
vt 0.348524 0.950962 0.000000
vt 0.364989 0.950962 0.000000
vt 0.000395 0.784588 0.000000
vt 0.000395 0.784345 0.000000
vt 0.170979 0.254398 0.000000
vt 0.170979 0.239624 0.000000
vt 0.158906 0.239624 0.000000
vt 0.159914 0.254398 0.000000
vt 0.000167 0.784814 0.000000
vt 0.000214 0.784944 0.000000
vt 0.000167 0.784657 0.000000
vt 0.586539 0.112143 0.000000
vt 0.577399 0.108639 0.000000
vt 0.575019 0.120337 0.000000
vt 0.586539 0.121972 0.000000
vt 0.586986 0.108631 0.000000
vt 0.593732 0.102400 0.000000
vt 0.580743 0.094836 0.000000
vt 0.592591 0.955149 0.000000
vt 0.592612 0.955349 0.000000
vt 0.592674 0.955205 0.000000
vt 0.592615 0.954998 0.000000
vt 0.592555 0.955069 0.000000
vt 0.592555 0.955366 0.000000
vt 0.592555 0.954812 0.000000
vt 0.000167 0.784013 0.000000
vt 0.000213 0.784040 0.000000
vt 0.000268 0.783837 0.000000
vt 0.000195 0.783904 0.000000
vt 0.000167 0.784203 0.000000
vt 0.000191 0.784349 0.000000
vt 0.610015 0.468286 0.000000
vt 0.624730 0.471800 0.000000
vt 0.628752 0.456885 0.000000
vt 0.609595 0.456885 0.000000
vt 0.870823 0.795566 0.000000
vt 0.883030 0.796602 0.000000
vt 0.881470 0.783870 0.000000
vt 0.868177 0.785366 0.000000
vt 0.592724 0.955658 0.000000
vt 0.592668 0.955569 0.000000
vt 0.592591 0.955564 0.000000
vt 0.592668 0.955625 0.000000
vt 0.592763 0.955581 0.000000
vt 0.592715 0.955431 0.000000
vt 0.085886 0.927865 0.000000
vt 0.088940 0.917385 0.000000
vt 0.075904 0.916618 0.000000
vt 0.076814 0.929963 0.000000
vt 0.576512 0.383464 0.000000
vt 0.564600 0.380461 0.000000
vt 0.563963 0.394295 0.000000
vt 0.577851 0.394295 0.000000
vt 0.000395 0.784004 0.000000
vt 0.000356 0.783901 0.000000
vt 0.145798 0.255361 0.000000
vt 0.144591 0.240600 0.000000
vt 0.592763 0.955392 0.000000
vt 0.592763 0.955215 0.000000
vt 0.592713 0.954987 0.000000
vt 0.592650 0.954763 0.000000
vt 0.592555 0.954584 0.000000
vt 0.561880 0.120337 0.000000
vt 0.561880 0.108639 0.000000
vt 0.000167 0.784522 0.000000
vt 0.628752 0.438352 0.000000
vt 0.609595 0.441725 0.000000
vt 0.561880 0.094836 0.000000
vt 0.586343 0.131673 0.000000
vt 0.000291 0.785049 0.000000
vt 0.000323 0.785093 0.000000
vt 0.000395 0.785109 0.000000
vt 0.000345 0.785055 0.000000
vt 0.407611 0.824151 0.000000
vt 0.396219 0.819241 0.000000
vt 0.394909 0.831179 0.000000
vt 0.406339 0.834014 0.000000
vt 0.426623 0.837290 0.000000
vt 0.422111 0.815321 0.000000
vt 0.403385 0.797515 0.000000
vt 0.157064 0.383079 0.000000
vt 0.158077 0.394609 0.000000
vt 0.174494 0.386850 0.000000
vt 0.167553 0.374771 0.000000
vt 0.144181 0.376370 0.000000
vt 0.138063 0.394598 0.000000
vt 0.158620 0.358886 0.000000
vt 0.424375 0.864915 0.000000
vt 0.413269 0.853793 0.000000
vt 0.403239 0.865602 0.000000
vt 0.416990 0.881907 0.000000
vt 0.439027 0.861259 0.000000
vt 0.439259 0.890326 0.000000
vt 0.394396 0.873571 0.000000
vt 0.393215 0.854427 0.000000
vt 0.385298 0.864385 0.000000
vt 0.373091 0.878949 0.000000
vt 0.394999 0.890326 0.000000
vt 0.394583 0.839167 0.000000
vt 0.402062 0.844205 0.000000
vt 0.386849 0.843047 0.000000
vt 0.383162 0.831962 0.000000
vt 0.369731 0.821178 0.000000
vt 0.381305 0.818069 0.000000
vt 0.376086 0.797515 0.000000
vt 0.354574 0.815032 0.000000
vt 0.370645 0.835471 0.000000
vt 0.351013 0.841668 0.000000
vt 0.183558 0.378919 0.000000
vt 0.182151 0.367898 0.000000
vt 0.182486 0.400289 0.000000
vt 0.192972 0.383596 0.000000
vt 0.198176 0.367656 0.000000
vt 0.363348 0.861862 0.000000
vt 0.376331 0.851081 0.000000
vt 0.215756 0.355246 0.000000
vt 0.199641 0.349103 0.000000
vt 0.215756 0.371518 0.000000
vt 0.179637 0.349103 0.000000
vt 0.209440 0.391505 0.000000
vt 0.200359 0.409796 0.000000
vt 0.160209 0.409796 0.000000
vt 0.138063 0.409796 0.000000
vt 0.880667 0.975698 0.000000
vt 0.883841 0.975698 0.000000
vt 0.883841 0.972687 0.000000
vt 0.880667 0.972687 0.000000
vt 0.880667 0.978291 0.000000
vt 0.883841 0.978291 0.000000
vt 0.878073 0.972687 0.000000
vt 0.878073 0.975698 0.000000
vt 0.880667 0.981302 0.000000
vt 0.883841 0.981302 0.000000
vt 0.886435 0.975698 0.000000
vt 0.886435 0.972687 0.000000
vt 0.883841 0.970093 0.000000
vt 0.880667 0.970093 0.000000
vt 0.550114 0.941635 0.000000
vt 0.546284 0.936210 0.000000
vt 0.538277 0.948175 0.000000
vt 0.547325 0.950137 0.000000
vt 0.560244 0.939868 0.000000
vt 0.559645 0.927870 0.000000
vt 0.558990 0.951325 0.000000
vt 0.020377 0.868553 0.000000
vt 0.008130 0.854618 0.000000
vt 0.000167 0.878206 0.000000
vt 0.019792 0.880191 0.000000
vt 0.035270 0.879108 0.000000
vt 0.034410 0.863961 0.000000
vt 0.031259 0.844271 0.000000
vt 0.555644 0.918520 0.000000
vt 0.540202 0.927036 0.000000
vt 0.561999 0.903461 0.000000
vt 0.531199 0.903461 0.000000
vt 0.575684 0.921852 0.000000
vt 0.569194 0.951221 0.000000
vt 0.573827 0.939783 0.000000
vt 0.558169 0.961999 0.000000
vt 0.576875 0.961365 0.000000
vt 0.591554 0.944162 0.000000
vt 0.023789 0.906503 0.000000
vt 0.020723 0.894315 0.000000
vt 0.006287 0.898056 0.000000
vt 0.014210 0.911620 0.000000
vt 0.035638 0.909079 0.000000
vt 0.035854 0.893071 0.000000
vt 0.591554 0.925547 0.000000
vt 0.524166 0.961146 0.000000
vt 0.527718 0.943256 0.000000
vt 0.506802 0.934165 0.000000
vt 0.506802 0.969619 0.000000
vt 0.534434 0.962554 0.000000
vt 0.531777 0.979702 0.000000
vt 0.531799 0.999833 0.000000
vt 0.551176 0.999833 0.000000
vt 0.546054 0.977246 0.000000
vt 0.050987 0.867026 0.000000
vt 0.052373 0.879547 0.000000
vt 0.506802 0.999833 0.000000
vt 0.558300 0.972330 0.000000
vt 0.546016 0.962772 0.000000
vt 0.570221 0.983886 0.000000
vt 0.052327 0.896044 0.000000
vt 0.050031 0.911620 0.000000
vt 0.894211 0.622689 0.000000
vt 0.893300 0.632541 0.000000
vt 0.907812 0.631485 0.000000
vt 0.902519 0.615448 0.000000
vt 0.892716 0.610671 0.000000
vt 0.888053 0.620740 0.000000
vt 0.885072 0.631222 0.000000
vt 0.878695 0.628998 0.000000
vt 0.879641 0.619532 0.000000
vt 0.868614 0.620797 0.000000
vt 0.871415 0.630924 0.000000
vt 0.876807 0.638765 0.000000
vt 0.898959 0.600621 0.000000
vt 0.907812 0.599907 0.000000
vt 0.897486 0.582644 0.000000
vt 0.885607 0.596981 0.000000
vt 0.881008 0.608703 0.000000
vt 0.871649 0.582008 0.000000
vt 0.867261 0.596614 0.000000
vt 0.890791 0.571369 0.000000
vt 0.875595 0.567325 0.000000
vt 0.070235 0.950430 0.000000
vt 0.071162 0.931441 0.000000
vt 0.058611 0.926976 0.000000
vt 0.055169 0.938580 0.000000
vt 0.049314 0.947224 0.000000
vt 0.058615 0.957016 0.000000
vt 0.039970 0.953306 0.000000
vt 0.045850 0.967831 0.000000
vt 0.030834 0.955367 0.000000
vt 0.034674 0.943581 0.000000
vt 0.025316 0.948826 0.000000
vt 0.028392 0.967831 0.000000
vt 0.015265 0.959441 0.000000
vt 0.859214 0.635305 0.000000
vt 0.849994 0.629966 0.000000
vt 0.863457 0.645373 0.000000
vt 0.846589 0.651091 0.000000
vt 0.867214 0.673312 0.000000
vt 0.882424 0.665570 0.000000
vt 0.872228 0.655919 0.000000
vt 0.854700 0.667594 0.000000
vt 0.012893 0.916559 0.000000
vt 0.001779 0.912621 0.000000
vt 0.000167 0.929050 0.000000
vt 0.014752 0.926900 0.000000
vt 0.028855 0.924504 0.000000
vt 0.025174 0.912621 0.000000
vt 0.960011 0.888637 0.000000
vt 0.953027 0.877427 0.000000
vt 0.944230 0.894769 0.000000
vt 0.956169 0.901979 0.000000
vt 0.969937 0.905827 0.000000
vt 0.970651 0.889169 0.000000
vt 0.967380 0.871988 0.000000
vt 0.041514 0.941369 0.000000
vt 0.042303 0.934816 0.000000
vt 0.031208 0.934350 0.000000
vt 0.043739 0.925104 0.000000
vt 0.019032 0.938513 0.000000
vt 0.005509 0.945519 0.000000
vt 0.061474 0.912621 0.000000
vt 0.043266 0.912621 0.000000
vt 0.900551 0.652732 0.000000
vt 0.886208 0.645343 0.000000
vt 0.983751 0.889167 0.000000
vt 0.982093 0.871988 0.000000
vt 0.846589 0.595965 0.000000
vt 0.846589 0.614543 0.000000
vt 0.866040 0.609199 0.000000
vt 0.854042 0.579192 0.000000
vt 0.997769 0.889350 0.000000
vt 0.995276 0.871988 0.000000
vt 0.984057 0.905827 0.000000
vt 0.997769 0.905827 0.000000
vt 0.859597 0.562437 0.000000
vt 0.074904 0.915093 0.000000
vt 0.079119 0.861691 0.000000
vt 0.078776 0.862223 0.000000
vt 0.079947 0.862425 0.000000
vt 0.079992 0.861756 0.000000
vt 0.058493 0.673312 0.000000
vt 0.058775 0.672972 0.000000
vt 0.057775 0.672931 0.000000
vt 0.057685 0.673312 0.000000
vt 0.933204 0.237766 0.000000
vt 0.922662 0.240642 0.000000
vt 0.930436 0.253941 0.000000
vt 0.942916 0.245808 0.000000
vt 0.059094 0.671566 0.000000
vt 0.059022 0.672231 0.000000
vt 0.059677 0.671549 0.000000
vt 0.059480 0.670710 0.000000
vt 0.059017 0.669739 0.000000
vt 0.058603 0.671131 0.000000
vt 0.058164 0.672118 0.000000
vt 0.077851 0.869991 0.000000
vt 0.077832 0.869045 0.000000
vt 0.076763 0.868715 0.000000
vt 0.077237 0.869820 0.000000
vt 0.078917 0.870203 0.000000
vt 0.079265 0.869251 0.000000
vt 0.383765 0.722279 0.000000
vt 0.390434 0.713548 0.000000
vt 0.375096 0.706411 0.000000
vt 0.372794 0.720972 0.000000
vt 0.059925 0.665176 0.000000
vt 0.059845 0.665774 0.000000
vt 0.059992 0.666411 0.000000
vt 0.059992 0.665363 0.000000
vt 0.599717 0.972290 0.000000
vt 0.592555 0.983772 0.000000
vt 0.611075 0.983772 0.000000
vt 0.610938 0.969936 0.000000
vt 0.059532 0.664923 0.000000
vt 0.059396 0.665412 0.000000
vt 0.948206 0.246686 0.000000
vt 0.947303 0.246794 0.000000
vt 0.947594 0.247640 0.000000
vt 0.948721 0.247410 0.000000
vt 0.474236 0.918653 0.000000
vt 0.476406 0.908794 0.000000
vt 0.460276 0.908794 0.000000
vt 0.465643 0.922435 0.000000
vt 0.949775 0.247533 0.000000
vt 0.948754 0.246686 0.000000
vt 0.058790 0.665880 0.000000
vt 0.058807 0.665429 0.000000
vt 0.058125 0.665923 0.000000
vt 0.058397 0.666466 0.000000
vt 0.058853 0.667239 0.000000
vt 0.059131 0.666179 0.000000
vt 0.944200 0.248615 0.000000
vt 0.944085 0.249027 0.000000
vt 0.943916 0.250243 0.000000
vt 0.944334 0.249368 0.000000
vt 0.489717 0.280919 0.000000
vt 0.489572 0.271571 0.000000
vt 0.472699 0.271571 0.000000
vt 0.477996 0.285102 0.000000
vt 0.945194 0.248722 0.000000
vt 0.944810 0.248004 0.000000
vt 0.948207 0.251655 0.000000
vt 0.947748 0.250798 0.000000
vt 0.946816 0.251246 0.000000
vt 0.947765 0.252247 0.000000
vt 0.949047 0.251862 0.000000
vt 0.948811 0.250572 0.000000
vt 0.948949 0.252973 0.000000
vt 0.950403 0.253554 0.000000
vt 0.950401 0.252197 0.000000
vt 0.947019 0.253112 0.000000
vt 0.948442 0.253941 0.000000
vt 0.056698 0.668146 0.000000
vt 0.057207 0.669045 0.000000
vt 0.057865 0.667603 0.000000
vt 0.057402 0.666890 0.000000
vt 0.057926 0.670163 0.000000
vt 0.058384 0.668646 0.000000
vt 0.059345 0.668247 0.000000
vt 0.059760 0.669274 0.000000
vt 0.059992 0.667801 0.000000
vt 0.059629 0.666880 0.000000
vt 0.059992 0.670228 0.000000
vt 0.059992 0.668679 0.000000
vt 0.083110 0.866628 0.000000
vt 0.081466 0.866116 0.000000
vt 0.081353 0.867891 0.000000
vt 0.083110 0.868210 0.000000
vt 0.079709 0.865730 0.000000
vt 0.079545 0.867599 0.000000
vt 0.081064 0.869384 0.000000
vt 0.082918 0.869410 0.000000
vt 0.080601 0.870203 0.000000
vt 0.082516 0.869961 0.000000
vt 0.951591 0.249565 0.000000
vt 0.950774 0.248202 0.000000
vt 0.950539 0.247836 0.000000
vt 0.951335 0.249168 0.000000
vt 0.951591 0.250896 0.000000
vt 0.951591 0.251271 0.000000
vt 0.950586 0.248937 0.000000
vt 0.951200 0.250665 0.000000
vt 0.951563 0.252500 0.000000
vt 0.951591 0.252733 0.000000
vt 0.058720 0.664832 0.000000
vt 0.058792 0.664987 0.000000
vt 0.059513 0.664832 0.000000
vt 0.057938 0.665497 0.000000
vt 0.950070 0.250543 0.000000
vt 0.951591 0.253941 0.000000
vt 0.949470 0.248855 0.000000
vt 0.948215 0.249006 0.000000
vt 0.946352 0.248125 0.000000
vt 0.946988 0.249384 0.000000
vt 0.945884 0.249929 0.000000
vt 0.944931 0.250657 0.000000
vt 0.945842 0.251990 0.000000
vt 0.944274 0.251585 0.000000
vt 0.945030 0.252858 0.000000
vt 0.946180 0.253941 0.000000
vt 0.057322 0.671420 0.000000
vt 0.056854 0.672348 0.000000
vt 0.056698 0.670260 0.000000
vt 0.056698 0.672799 0.000000
vt 0.943916 0.251269 0.000000
vt 0.943916 0.252416 0.000000
vt 0.946005 0.247287 0.000000
vt 0.489572 0.259990 0.000000
vt 0.472699 0.255826 0.000000
vt 0.947546 0.246686 0.000000
vt 0.946176 0.247189 0.000000
vt 0.076184 0.866948 0.000000
vt 0.076822 0.867133 0.000000
vt 0.076893 0.865353 0.000000
vt 0.076184 0.865335 0.000000
vt 0.076184 0.868370 0.000000
vt 0.078089 0.865477 0.000000
vt 0.078371 0.863642 0.000000
vt 0.077239 0.863729 0.000000
vt 0.076473 0.864062 0.000000
vt 0.077964 0.867354 0.000000
vt 0.077916 0.862489 0.000000
vt 0.351013 0.722279 0.000000
vt 0.369357 0.722279 0.000000
vt 0.371794 0.706559 0.000000
vt 0.356539 0.706559 0.000000
vt 0.079819 0.863852 0.000000
vt 0.081430 0.864339 0.000000
vt 0.081313 0.862862 0.000000
vt 0.949547 0.247008 0.000000
vt 0.480402 0.895664 0.000000
vt 0.460276 0.895664 0.000000
vt 0.059508 0.672306 0.000000
vt 0.877073 0.978097 0.000000
vt 0.877073 0.976956 0.000000
vt 0.876294 0.978212 0.000000
vt 0.876527 0.979197 0.000000
vt 0.380557 0.792302 0.000000
vt 0.379413 0.792141 0.000000
vt 0.379007 0.792627 0.000000
vt 0.380605 0.792760 0.000000
vt 0.381996 0.793046 0.000000
vt 0.381288 0.792424 0.000000
vt 0.376289 0.792578 0.000000
vt 0.376187 0.792408 0.000000
vt 0.374560 0.793213 0.000000
vt 0.375342 0.793324 0.000000
vt 0.377286 0.792544 0.000000
vt 0.377699 0.792141 0.000000
vt 0.376602 0.793516 0.000000
vt 0.380841 0.893450 0.000000
vt 0.366224 0.892876 0.000000
vt 0.371587 0.907888 0.000000
vt 0.386933 0.902488 0.000000
vt 0.055467 0.795629 0.000000
vt 0.055780 0.796386 0.000000
vt 0.055738 0.795348 0.000000
vt 0.055467 0.794598 0.000000
vt 0.907680 0.347145 0.000000
vt 0.898436 0.341465 0.000000
vt 0.891527 0.358629 0.000000
vt 0.906773 0.361743 0.000000
vt 0.496832 0.283312 0.000000
vt 0.507992 0.277819 0.000000
vt 0.502808 0.261661 0.000000
vt 0.490717 0.273262 0.000000
vt 0.058312 0.798321 0.000000
vt 0.059563 0.798321 0.000000
vt 0.059918 0.798039 0.000000
vt 0.058215 0.797915 0.000000
vt 0.056744 0.797287 0.000000
vt 0.057381 0.797832 0.000000
vt 0.870472 0.980919 0.000000
vt 0.871422 0.980450 0.000000
vt 0.870526 0.979231 0.000000
vt 0.869776 0.980316 0.000000
vt 0.869693 0.980827 0.000000
vt 0.870748 0.981302 0.000000
vt 0.872217 0.981243 0.000000
vt 0.056814 0.786538 0.000000
vt 0.056248 0.787027 0.000000
vt 0.055759 0.788028 0.000000
vt 0.056705 0.787203 0.000000
vt 0.486251 0.935741 0.000000
vt 0.494072 0.937714 0.000000
vt 0.494072 0.920332 0.000000
vt 0.481402 0.922514 0.000000
vt 0.058009 0.787016 0.000000
vt 0.057800 0.786301 0.000000
vt 0.877073 0.971924 0.000000
vt 0.876477 0.971301 0.000000
vt 0.876146 0.971119 0.000000
vt 0.876898 0.972219 0.000000
vt 0.384174 0.794375 0.000000
vt 0.383574 0.794210 0.000000
vt 0.383346 0.795109 0.000000
vt 0.384126 0.794960 0.000000
vt 0.383942 0.794028 0.000000
vt 0.383209 0.793481 0.000000
vt 0.055958 0.790339 0.000000
vt 0.056706 0.790293 0.000000
vt 0.056659 0.788617 0.000000
vt 0.055746 0.789380 0.000000
vt 0.055898 0.791711 0.000000
vt 0.056839 0.792293 0.000000
vt 0.055467 0.790852 0.000000
vt 0.055467 0.789559 0.000000
vt 0.055467 0.833360 0.000000
vt 0.071945 0.833360 0.000000
vt 0.074835 0.816834 0.000000
vt 0.055467 0.816834 0.000000
vt 0.055467 0.792762 0.000000
vt 0.055850 0.793667 0.000000
vt 0.056654 0.796184 0.000000
vt 0.056837 0.794397 0.000000
vt 0.058171 0.796833 0.000000
vt 0.058242 0.795038 0.000000
vt 0.058253 0.792751 0.000000
vt 0.058142 0.790447 0.000000
vt 0.059918 0.795328 0.000000
vt 0.059918 0.793061 0.000000
vt 0.059918 0.790704 0.000000
vt 0.059918 0.788627 0.000000
vt 0.058064 0.788468 0.000000
vt 0.376637 0.796515 0.000000
vt 0.378938 0.796515 0.000000
vt 0.379791 0.795170 0.000000
vt 0.377567 0.795109 0.000000
vt 0.375591 0.794945 0.000000
vt 0.374586 0.796342 0.000000
vt 0.374049 0.794687 0.000000
vt 0.373070 0.796053 0.000000
vt 0.378406 0.793680 0.000000
vt 0.380374 0.793820 0.000000
vt 0.381811 0.795174 0.000000
vt 0.382173 0.794000 0.000000
vt 0.381121 0.796373 0.000000
vt 0.382749 0.796158 0.000000
vt 0.059918 0.797054 0.000000
vt 0.383651 0.795908 0.000000
vt 0.059918 0.787123 0.000000
vt 0.059709 0.786301 0.000000
vt 0.373103 0.794429 0.000000
vt 0.372226 0.795655 0.000000
vt 0.372695 0.794176 0.000000
vt 0.372078 0.795129 0.000000
vt 0.374148 0.793188 0.000000
vt 0.505411 0.937714 0.000000
vt 0.505411 0.922729 0.000000
vt 0.074835 0.799321 0.000000
vt 0.055467 0.802226 0.000000
vt 0.195518 0.315022 0.000000
vt 0.195518 0.296924 0.000000
vt 0.179489 0.296924 0.000000
vt 0.176640 0.315022 0.000000
vt 0.868177 0.974978 0.000000
vt 0.868670 0.976285 0.000000
vt 0.869556 0.974614 0.000000
vt 0.868855 0.973320 0.000000
vt 0.869545 0.977786 0.000000
vt 0.870605 0.976166 0.000000
vt 0.871935 0.974513 0.000000
vt 0.870746 0.973058 0.000000
vt 0.869777 0.972034 0.000000
vt 0.873492 0.973022 0.000000
vt 0.872237 0.971745 0.000000
vt 0.871074 0.971041 0.000000
vt 0.875055 0.971811 0.000000
vt 0.873818 0.970731 0.000000
vt 0.872622 0.970277 0.000000
vt 0.874665 0.974670 0.000000
vt 0.875941 0.973295 0.000000
vt 0.874869 0.970277 0.000000
vt 0.875686 0.976575 0.000000
vt 0.876656 0.975119 0.000000
vt 0.877073 0.973869 0.000000
vt 0.382160 0.792845 0.000000
vt 0.874338 0.978069 0.000000
vt 0.875149 0.979539 0.000000
vt 0.873217 0.976300 0.000000
vt 0.871797 0.977833 0.000000
vt 0.872874 0.979408 0.000000
vt 0.873808 0.980589 0.000000
vt 0.376121 0.792423 0.000000
vt 0.874484 0.981302 0.000000
vt 0.875523 0.980482 0.000000
vt 0.378050 0.792096 0.000000
vt 0.379888 0.792112 0.000000
vt 0.868910 0.979185 0.000000
vt 0.868177 0.977850 0.000000
vt 0.034283 0.656690 0.000000
vt 0.053598 0.656690 0.000000
vt 0.055697 0.644363 0.000000
vt 0.038891 0.644363 0.000000
vt 0.034283 0.673312 0.000000
vt 0.053598 0.669591 0.000000
vt 0.195518 0.278811 0.000000
vt 0.183205 0.278811 0.000000
vt 0.512898 0.292921 0.000000
vt 0.501251 0.284312 0.000000
vt 0.490717 0.292114 0.000000
vt 0.502343 0.301289 0.000000
vt 0.092431 0.348814 0.000000
vt 0.095886 0.363293 0.000000
vt 0.111931 0.363293 0.000000
vt 0.107076 0.348814 0.000000
vt 0.907095 0.281933 0.000000
vt 0.913260 0.294003 0.000000
vt 0.920351 0.281217 0.000000
vt 0.912419 0.271301 0.000000
vt 0.922127 0.403919 0.000000
vt 0.932938 0.404960 0.000000
vt 0.932650 0.389932 0.000000
vt 0.920547 0.392249 0.000000
vt 0.907174 0.394548 0.000000
vt 0.910814 0.408539 0.000000
vt 0.925373 0.273213 0.000000
vt 0.932694 0.291562 0.000000
vt 0.936358 0.278059 0.000000
vt 0.938254 0.264136 0.000000
vt 0.921859 0.263163 0.000000
vt 0.958765 0.391513 0.000000
vt 0.945573 0.390570 0.000000
vt 0.945288 0.403257 0.000000
vt 0.963019 0.401504 0.000000
vt 0.963019 0.380019 0.000000
vt 0.945434 0.376358 0.000000
vt 0.941492 0.254941 0.000000
vt 0.951034 0.268903 0.000000
vt 0.951867 0.254941 0.000000
vt 0.929615 0.445969 0.000000
vt 0.927546 0.456169 0.000000
vt 0.942179 0.458675 0.000000
vt 0.942179 0.444301 0.000000
vt 0.935576 0.427849 0.000000
vt 0.915827 0.436212 0.000000
vt 0.908952 0.449242 0.000000
vt 0.908952 0.460906 0.000000
vt 0.924717 0.469579 0.000000
vt 0.964251 0.315948 0.000000
vt 0.964760 0.301375 0.000000
vt 0.947225 0.297249 0.000000
vt 0.944613 0.315948 0.000000
vt 0.928481 0.316948 0.000000
vt 0.918510 0.328126 0.000000
vt 0.936239 0.333911 0.000000
vt 0.946773 0.316948 0.000000
vt 0.950065 0.335604 0.000000
vt 0.963019 0.328728 0.000000
vt 0.930186 0.346938 0.000000
vt 0.945495 0.349393 0.000000
vt 0.963019 0.351075 0.000000
vt 0.963302 0.254941 0.000000
vt 0.964760 0.268098 0.000000
vt 0.959097 0.365994 0.000000
vt 0.944506 0.363478 0.000000
vt 0.907177 0.383729 0.000000
vt 0.896696 0.376834 0.000000
vt 0.891527 0.391731 0.000000
vt 0.917466 0.378979 0.000000
vt 0.910460 0.363648 0.000000
vt 0.931459 0.376161 0.000000
vt 0.928653 0.361960 0.000000
vt 0.910262 0.343893 0.000000
vt 0.949654 0.283754 0.000000
vt 0.963488 0.285750 0.000000
vt 0.925680 0.308828 0.000000
vt 0.891527 0.408539 0.000000
vt 0.942179 0.473441 0.000000
vt 0.507862 0.896692 0.000000
vt 0.505268 0.896692 0.000000
vt 0.505268 0.899867 0.000000
vt 0.507862 0.899867 0.000000
vt 0.510873 0.896692 0.000000
vt 0.510873 0.894099 0.000000
vt 0.507862 0.894099 0.000000
vt 0.510873 0.899867 0.000000
vt 0.502257 0.896692 0.000000
vt 0.502257 0.899867 0.000000
vt 0.507862 0.902461 0.000000
vt 0.510873 0.902461 0.000000
vt 0.513467 0.899867 0.000000
vt 0.513467 0.896692 0.000000
vt 0.211773 0.313904 0.000000
vt 0.211717 0.313905 0.000000
vt 0.211758 0.313926 0.000000
vt 0.211824 0.313918 0.000000
vt 0.211899 0.313902 0.000000
vt 0.211803 0.313890 0.000000
vt 0.211714 0.313880 0.000000
vt 0.211952 0.313944 0.000000
vt 0.211903 0.313934 0.000000
vt 0.211834 0.313944 0.000000
vt 0.211918 0.313944 0.000000
vt 0.493237 0.919332 0.000000
vt 0.501257 0.911174 0.000000
vt 0.487467 0.899774 0.000000
vt 0.481402 0.913195 0.000000
vt 0.211999 0.313929 0.000000
vt 0.211969 0.313915 0.000000
vt 0.212004 0.313891 0.000000
vt 0.212022 0.313891 0.000000
vt 0.211960 0.313881 0.000000
vt 0.211985 0.313868 0.000000
vt 0.211667 0.313876 0.000000
vt 0.211664 0.313902 0.000000
vt 0.426427 0.799642 0.000000
vt 0.422610 0.810273 0.000000
vt 0.437495 0.811983 0.000000
vt 0.437495 0.797515 0.000000
vt 0.211750 0.313868 0.000000
vt 0.211679 0.313868 0.000000
vt 0.211949 0.315022 0.000000
vt 0.211896 0.315006 0.000000
vt 0.211821 0.315022 0.000000
vt 0.211913 0.315022 0.000000
vt 0.211993 0.315010 0.000000
vt 0.211961 0.314986 0.000000
vt 0.211727 0.313944 0.000000
vt 0.211763 0.313944 0.000000
vt 0.211702 0.313936 0.000000
vt 0.211683 0.313933 0.000000
vt 0.211996 0.314964 0.000000
vt 0.212022 0.314971 0.000000
vt 0.211997 0.314944 0.000000
vt 0.211956 0.314949 0.000000
vt 0.211891 0.314967 0.000000
vt 0.247739 0.450170 0.000000
vt 0.257555 0.453013 0.000000
vt 0.257289 0.439580 0.000000
vt 0.242177 0.438315 0.000000
vt 0.211743 0.314944 0.000000
vt 0.211694 0.314947 0.000000
vt 0.211739 0.314968 0.000000
vt 0.211806 0.314952 0.000000
vt 0.211871 0.314944 0.000000
vt 0.211764 0.314944 0.000000
vt 0.211702 0.314977 0.000000
vt 0.211740 0.314998 0.000000
vt 0.211813 0.314988 0.000000
vt 0.211665 0.314966 0.000000
vt 0.211690 0.314997 0.000000
vt 0.211691 0.314944 0.000000
vt 0.211654 0.314959 0.000000
vt 0.211677 0.314993 0.000000
vt 0.211758 0.315022 0.000000
vt 0.211926 0.314944 0.000000
vt 0.211805 0.313868 0.000000
vt 0.211865 0.313874 0.000000
vt 0.211912 0.313868 0.000000
vt 0.211654 0.313895 0.000000
vt 0.334636 0.766318 0.000000
vt 0.334636 0.745919 0.000000
vt 0.320592 0.749866 0.000000
vt 0.320592 0.766318 0.000000
vt 0.075954 0.967418 0.000000
vt 0.075982 0.967565 0.000000
vt 0.076048 0.967423 0.000000
vt 0.075979 0.967273 0.000000
vt 0.075904 0.967378 0.000000
vt 0.075904 0.967605 0.000000
vt 0.075904 0.967148 0.000000
vt 0.873430 0.982303 0.000000
vt 0.868177 0.993030 0.000000
vt 0.882864 0.999833 0.000000
vt 0.884944 0.983171 0.000000
vt 0.952592 0.253238 0.000000
vt 0.952592 0.253416 0.000000
vt 0.952652 0.253594 0.000000
vt 0.952680 0.253291 0.000000
vt 0.952713 0.253087 0.000000
vt 0.952592 0.253124 0.000000
vt 0.049547 0.260607 0.000000
vt 0.045908 0.270565 0.000000
vt 0.057516 0.272704 0.000000
vt 0.059743 0.260607 0.000000
vt 0.907314 0.985904 0.000000
vt 0.898273 0.983171 0.000000
vt 0.898273 0.999833 0.000000
vt 0.910495 0.995719 0.000000
vt 0.952592 0.253808 0.000000
vt 0.952626 0.253941 0.000000
vt 0.952628 0.253821 0.000000
vt 0.952592 0.253669 0.000000
vt 0.979670 0.843892 0.000000
vt 0.983693 0.832184 0.000000
vt 0.968466 0.831079 0.000000
vt 0.968466 0.845616 0.000000
vt 0.076128 0.967670 0.000000
vt 0.076103 0.967587 0.000000
vt 0.076038 0.967731 0.000000
vt 0.076081 0.967776 0.000000
vt 0.076128 0.967528 0.000000
vt 0.076128 0.967380 0.000000
vt 0.075927 0.966677 0.000000
vt 0.075904 0.966746 0.000000
vt 0.076042 0.966853 0.000000
vt 0.076052 0.966761 0.000000
vt 0.579174 0.847495 0.000000
vt 0.579174 0.862606 0.000000
vt 0.590294 0.861334 0.000000
vt 0.588202 0.847495 0.000000
vt 0.034858 0.679321 0.000000
vt 0.034283 0.688813 0.000000
vt 0.044635 0.687861 0.000000
vt 0.044635 0.676951 0.000000
vt 0.076128 0.966869 0.000000
vt 0.076128 0.966991 0.000000
vt 0.950085 0.870901 0.000000
vt 0.959562 0.870988 0.000000
vt 0.958544 0.859195 0.000000
vt 0.946774 0.860539 0.000000
vt 0.168550 0.988937 0.000000
vt 0.168485 0.999833 0.000000
vt 0.181436 0.999833 0.000000
vt 0.179717 0.988961 0.000000
vt 0.607594 0.859080 0.000000
vt 0.590961 0.874825 0.000000
vt 0.607594 0.874825 0.000000
vt 0.596244 0.847495 0.000000
vt 0.952763 0.253856 0.000000
vt 0.952854 0.253734 0.000000
vt 0.952854 0.253541 0.000000
vt 0.952796 0.253443 0.000000
vt 0.358574 0.995037 0.000000
vt 0.380360 0.999833 0.000000
vt 0.380360 0.987278 0.000000
vt 0.367850 0.986610 0.000000
vt 0.944230 0.845632 0.000000
vt 0.954837 0.845616 0.000000
vt 0.394829 0.754105 0.000000
vt 0.385174 0.760309 0.000000
vt 0.395839 0.774752 0.000000
vt 0.404515 0.762307 0.000000
vt 0.076001 0.967831 0.000000
vt 0.075946 0.967789 0.000000
vt 0.952757 0.253002 0.000000
vt 0.952668 0.253050 0.000000
vt 0.000167 0.282969 0.000000
vt 0.016388 0.285838 0.000000
vt 0.016388 0.268355 0.000000
vt 0.000167 0.268355 0.000000
vt 0.953145 0.831079 0.000000
vt 0.952854 0.253178 0.000000
vt 0.971173 0.859195 0.000000
vt 0.368488 0.978382 0.000000
vt 0.380360 0.976845 0.000000
vt 0.380360 0.964344 0.000000
vt 0.369489 0.967384 0.000000
vt 0.358574 0.971268 0.000000
vt 0.358574 0.979639 0.000000
vt 0.076128 0.967126 0.000000
vt 0.076086 0.967208 0.000000
vt 0.076013 0.967041 0.000000
vt 0.075904 0.966921 0.000000
vt 0.057516 0.285838 0.000000
vt 0.068123 0.283577 0.000000
vt 0.068123 0.272704 0.000000
vt 0.045908 0.285838 0.000000
vt 0.032543 0.269492 0.000000
vt 0.032543 0.285838 0.000000
vt 0.394558 0.735041 0.000000
vt 0.385174 0.745011 0.000000
vt 0.386362 0.753105 0.000000
vt 0.394558 0.750542 0.000000
vt 0.493646 0.173540 0.000000
vt 0.489010 0.181324 0.000000
vt 0.487491 0.192719 0.000000
vt 0.496367 0.188944 0.000000
vt 0.504732 0.190114 0.000000
vt 0.507442 0.181188 0.000000
vt 0.509602 0.173453 0.000000
vt 0.502362 0.160370 0.000000
vt 0.470945 0.165266 0.000000
vt 0.469721 0.181706 0.000000
vt 0.483099 0.133000 0.000000
vt 0.469482 0.200410 0.000000
vt 0.515454 0.186755 0.000000
vt 0.516943 0.177134 0.000000
vt 0.520026 0.159142 0.000000
vt 0.496297 0.195550 0.000000
vt 0.491541 0.202285 0.000000
vt 0.502064 0.197928 0.000000
vt 0.500208 0.207571 0.000000
vt 0.523241 0.181926 0.000000
vt 0.523831 0.190869 0.000000
vt 0.542253 0.191066 0.000000
vt 0.535168 0.172065 0.000000
vt 0.507069 0.200897 0.000000
vt 0.511525 0.194557 0.000000
vt 0.510897 0.207895 0.000000
vt 0.520749 0.200998 0.000000
vt 0.340544 0.996524 0.000000
vt 0.351623 0.999833 0.000000
vt 0.357574 0.980648 0.000000
vt 0.339480 0.983931 0.000000
vt 0.459428 0.125628 0.000000
vt 0.442277 0.158299 0.000000
vt 0.321669 0.986247 0.000000
vt 0.322463 0.999833 0.000000
vt 0.442277 0.186226 0.000000
vt 0.308474 0.999833 0.000000
vt 0.305381 0.987213 0.000000
vt 0.442277 0.212617 0.000000
vt 0.577823 0.189443 0.000000
vt 0.559221 0.146886 0.000000
vt 0.353906 0.951962 0.000000
vt 0.336337 0.951962 0.000000
vt 0.338143 0.969388 0.000000
vt 0.357574 0.964742 0.000000
vt 0.538953 0.211659 0.000000
vt 0.577823 0.234008 0.000000
vt 0.497619 0.254786 0.000000
vt 0.536511 0.254786 0.000000
vt 0.520462 0.224722 0.000000
vt 0.499204 0.224369 0.000000
vt 0.479815 0.215728 0.000000
vt 0.458896 0.239381 0.000000
vt 0.305381 0.957284 0.000000
vt 0.305381 0.971943 0.000000
vt 0.320985 0.971101 0.000000
vt 0.316340 0.951962 0.000000
vt 0.522530 0.125628 0.000000
vt 0.789239 0.657811 0.000000
vt 0.789192 0.637213 0.000000
vt 0.774668 0.633552 0.000000
vt 0.766659 0.657811 0.000000
vt 0.818681 0.657811 0.000000
vt 0.807040 0.634815 0.000000
vt 0.000167 0.828391 0.000000
vt 0.009358 0.835582 0.000000
vt 0.016164 0.820434 0.000000
vt 0.004792 0.814205 0.000000
vt 0.823758 0.601778 0.000000
vt 0.818865 0.621381 0.000000
vt 0.845589 0.633350 0.000000
vt 0.845589 0.592673 0.000000
vt 0.808482 0.603593 0.000000
vt 0.805398 0.616217 0.000000
vt 0.816630 0.583740 0.000000
vt 0.806057 0.591745 0.000000
vt 0.800944 0.624407 0.000000
vt 0.794501 0.612141 0.000000
vt 0.791257 0.622085 0.000000
vt 0.798621 0.596255 0.000000
vt 0.792312 0.581848 0.000000
vt 0.788610 0.591481 0.000000
vt 0.797559 0.602896 0.000000
vt 0.785978 0.600470 0.000000
vt 0.031602 0.814935 0.000000
vt 0.025392 0.808464 0.000000
vt 0.028143 0.825453 0.000000
vt 0.040202 0.828854 0.000000
vt 0.041371 0.813373 0.000000
vt 0.036342 0.800699 0.000000
vt 0.775433 0.591816 0.000000
vt 0.772414 0.582665 0.000000
vt 0.757931 0.594445 0.000000
vt 0.772669 0.599133 0.000000
vt 0.772778 0.616735 0.000000
vt 0.781047 0.619371 0.000000
vt 0.783780 0.609092 0.000000
vt 0.772531 0.608373 0.000000
vt 0.755740 0.609721 0.000000
vt 0.762384 0.624560 0.000000
vt 0.053261 0.830795 0.000000
vt 0.039587 0.843270 0.000000
vt 0.054467 0.841751 0.000000
vt 0.054467 0.812265 0.000000
vt 0.731281 0.561420 0.000000
vt 0.740130 0.582079 0.000000
vt 0.769758 0.565932 0.000000
vt 0.769350 0.542275 0.000000
vt 0.799009 0.569054 0.000000
vt 0.815238 0.542275 0.000000
vt 0.048247 0.794317 0.000000
vt 0.037658 0.786109 0.000000
vt 0.027615 0.791096 0.000000
vt 0.830579 0.570606 0.000000
vt 0.731281 0.610806 0.000000
vt 0.743052 0.640023 0.000000
vt 0.023357 0.842023 0.000000
vt 0.014760 0.799197 0.000000
# 4241 texture coordinates

o Volume_Mesher_remesh_31
usemtl default
f 11/4/4 10/3/3 9/2/2 1/1/1
f 9/2/2 13/6/6 12/5/5 1/1/1
f 12/5/5 14/7/7 11/4/4 1/1/1
f 17/11/11 16/10/10 15/9/9 2/8/8
f 19/15/13 18/14/12 17/13/11 2/12/8
f 15/9/9 10/3/3 19/16/13 2/8/8
f 22/20/17 21/19/16 20/18/15 3/17/14
f 20/24/15 24/23/19 23/22/18 3/21/14
f 23/26/18 25/25/20 22/20/17 3/17/14
f 28/30/24 27/29/23 26/28/22 4/27/21
f 26/34/22 30/33/26 29/32/25 4/31/21
f 29/36/25 31/35/27 28/30/24 4/27/21
f 34/40/31 33/39/30 32/38/29 5/37/28
f 32/38/29 36/42/33 35/41/32 5/37/28
f 35/41/32 37/43/34 34/40/31 5/37/28
f 40/47/38 39/46/37 38/45/36 6/44/35
f 42/49/40 41/48/39 40/47/38 6/44/35
f 38/45/36 43/50/41 42/49/40 6/44/35
f 46/54/45 45/53/44 44/52/43 7/51/42
f 44/52/43 48/56/47 47/55/46 7/51/42
f 47/55/46 49/57/48 46/54/45 7/51/42
f 52/61/52 51/60/51 50/59/50 8/58/49
f 50/59/50 54/63/54 53/62/53 8/58/49
f 53/62/53 55/64/55 52/61/52 8/58/49
f 53/62/53 57/66/57 56/65/56 55/64/55
f 27/29/23 58/69/58 52/68/52 55/67/55
f 56/65/56 26/71/22 27/70/23 55/64/55
f 61/74/61 60/73/60 59/72/59 58/69/58
f 27/29/23 28/30/24 61/74/61 58/69/58
f 59/72/59 51/75/51 52/68/52 58/69/58
f 63/77/63 62/76/62 60/73/60 61/74/61
f 28/30/24 31/35/27 63/77/63 61/74/61
f 38/79/36 39/78/37 62/76/62 63/77/63
f 31/35/27 43/80/41 38/79/36 63/77/63
f 39/78/37 65/82/65 64/81/64 62/76/62
f 64/81/64 66/83/66 60/73/60 62/76/62
f 64/81/64 68/85/68 67/84/67 66/83/66
f 69/86/69 59/72/59 60/73/60 66/83/66
f 67/84/67 70/87/70 69/86/69 66/83/66
f 67/84/67 72/89/72 71/88/71 70/87/70
f 14/91/7 73/90/73 69/86/69 70/87/70
f 71/88/71 11/92/4 14/91/7 70/87/70
f 51/75/51 59/72/59 69/86/69 73/90/73
f 74/94/74 50/59/50 51/60/51 73/93/73
f 14/7/7 12/5/5 74/94/74 73/93/73
f 12/5/5 13/6/6 75/95/75 74/94/74
f 75/95/75 54/63/54 50/59/50 74/94/74
f 13/6/6 77/97/77 76/96/76 75/95/75
f 76/96/76 78/98/78 54/63/54 75/95/75
f 76/96/76 80/100/80 79/99/79 78/98/78
f 57/66/57 53/62/53 54/63/54 78/98/78
f 79/99/79 81/101/81 57/66/57 78/98/78
f 79/104/79 82/103/82 48/56/47 81/102/81
f 83/105/83 56/65/56 57/66/57 81/101/81
f 48/56/47 44/52/43 83/106/83 81/102/81
f 30/107/26 26/71/22 56/65/56 83/105/83
f 44/52/43 45/53/44 30/108/26 83/106/83
f 86/111/86 85/110/85 84/109/84 82/103/82
f 79/104/79 80/112/80 86/111/86 82/103/82
f 84/109/84 47/55/46 48/56/47 82/103/82
f 88/114/88 87/113/87 85/110/85 86/111/86
f 80/112/80 89/115/89 88/114/88 86/111/86
f 91/117/91 90/116/90 88/114/88 89/115/89
f 77/97/77 92/120/92 91/119/91 89/118/89
f 80/100/80 76/96/76 77/97/77 89/118/89
f 15/9/9 16/10/10 91/119/91 92/120/92
f 9/2/2 10/3/3 15/9/9 92/120/92
f 77/97/77 13/6/6 9/2/2 92/120/92
f 16/122/10 24/121/19 90/116/90 91/117/91
f 24/121/19 20/124/15 93/123/93 90/116/90
f 93/123/93 87/113/87 88/114/88 90/116/90
f 20/18/15 21/19/16 36/42/33 93/125/93
f 36/127/33 32/126/29 87/113/87 93/123/93
f 32/126/29 33/128/30 85/110/85 87/113/87
f 33/128/30 94/129/94 84/109/84 85/110/85
f 33/39/30 34/40/31 95/131/95 94/130/94
f 49/57/48 47/55/46 84/109/84 94/129/94
f 95/131/95 96/133/96 49/132/48 94/130/94
f 97/135/97 46/134/45 49/132/48 96/133/96
f 41/48/39 42/49/40 97/135/97 96/133/96
f 95/131/95 98/136/98 41/48/39 96/133/96
f 95/131/95 34/40/31 37/43/34 98/136/98
f 99/137/99 40/47/38 41/48/39 98/136/98
f 37/43/34 100/138/100 99/137/99 98/136/98
f 37/43/34 35/41/32 101/139/101 100/138/100
f 102/141/102 65/140/65 99/137/99 100/138/100
f 101/139/101 103/142/103 102/141/102 100/138/100
f 101/139/101 21/19/16 22/20/17 103/142/103
f 104/145/104 68/85/68 102/144/102 103/143/103
f 22/147/17 25/146/20 104/145/104 103/143/103
f 72/89/72 67/84/67 68/85/68 104/145/104
f 25/146/20 18/14/12 72/89/72 104/145/104
f 68/85/68 64/81/64 65/82/65 102/144/102
f 35/41/32 36/42/33 21/19/16 101/139/101
f 65/140/65 39/46/37 40/47/38 99/137/99
f 105/149/105 45/148/44 46/134/45 97/135/97
f 42/49/40 43/50/41 105/149/105 97/135/97
f 29/151/25 30/150/26 45/148/44 105/149/105
f 43/50/41 31/152/27 29/151/25 105/149/105
f 18/14/12 19/15/13 71/88/71 72/89/72
f 19/15/13 10/153/3 11/92/4 71/88/71
f 23/154/18 17/13/11 18/14/12 25/146/20
f 16/158/10 17/157/11 23/156/18 24/155/19
f 258/162/109 262/161/108 261/160/107 106/159/106
f 220/165/112 263/164/111 219/163/110 106/159/106
f 261/160/107 264/166/113 220/165/112 106/159/106
f 267/170/117 266/169/116 265/168/115 107/167/114
f 269/172/119 268/171/118 267/170/117 107/167/114
f 265/168/115 271/174/121 270/173/120 107/167/114
f 270/173/120 273/176/123 272/175/122 107/167/114
f 272/175/122 274/177/124 269/172/119 107/167/114
f 275/181/128 259/180/127 260/179/126 108/178/125
f 219/163/110 263/164/111 276/182/129 108/178/125
f 276/182/129 278/184/131 277/183/130 108/178/125
f 277/183/130 279/185/132 275/181/128 108/178/125
f 280/189/136 113/188/135 110/187/134 109/186/133
f 282/191/138 281/190/137 280/189/136 109/186/133
f 110/187/134 283/192/139 282/191/138 109/186/133
f 111/194/141 284/193/140 283/192/139 110/187/134
f 125/198/143 126/197/142 111/196/141 110/195/134
f 113/200/135 127/199/144 125/198/143 110/195/134
f 286/202/146 285/201/145 284/193/140 111/194/141
f 114/206/148 287/205/147 286/204/146 111/203/141
f 126/210/142 288/209/149 114/208/148 111/207/141
f 115/214/153 290/213/152 289/212/151 112/211/150
f 289/212/151 292/216/155 291/215/154 112/211/150
f 291/215/154 294/218/157 293/217/156 112/211/150
f 293/217/156 221/219/158 115/214/153 112/211/150
f 280/189/136 296/221/160 295/220/159 113/188/135
f 295/220/159 297/223/161 114/222/148 113/188/135
f 297/227/161 298/226/162 287/225/147 114/224/148
f 300/229/164 299/228/163 290/213/152 115/214/153
f 302/231/166 301/230/165 300/229/164 115/214/153
f 221/219/158 303/232/167 302/231/166 115/214/153
f 306/236/171 305/235/170 304/234/169 116/233/168
f 304/234/169 308/238/173 307/237/172 116/233/168
f 307/242/172 309/241/174 306/240/171 116/239/168
f 312/246/178 311/245/177 310/244/176 117/243/175
f 314/250/180 313/249/179 312/248/178 117/247/175
f 317/253/183 316/252/182 315/251/181 117/243/175
f 315/255/181 318/254/184 314/250/180 117/247/175
f 310/244/176 319/256/185 317/253/183 117/243/175
f 320/258/187 305/235/170 306/236/171 118/257/186
f 311/245/177 312/246/178 320/260/187 118/259/186
f 306/240/171 309/241/174 311/245/177 118/259/186
f 301/230/165 302/231/166 321/262/189 119/261/188
f 323/264/191 322/263/190 301/230/165 119/261/188
f 321/262/189 325/266/193 324/265/192 119/261/188
f 328/270/197 327/269/196 326/268/195 120/267/194
f 326/268/195 330/272/199 329/271/198 120/267/194
f 329/271/198 331/273/200 328/270/197 120/267/194
f 122/277/204 333/276/203 332/275/202 121/274/201
f 332/275/202 335/279/206 334/278/205 121/274/201
f 121/274/201 334/278/205 336/280/207 122/277/204
f 336/280/207 338/282/209 337/281/208 122/277/204
f 340/284/211 339/283/210 333/276/203 122/277/204
f 337/281/208 341/285/212 340/284/211 122/277/204
f 348/289/216 347/288/215 346/287/214 123/286/213
f 346/287/214 350/291/218 349/290/217 123/286/213
f 352/293/220 351/292/219 348/289/216 123/286/213
f 354/295/222 353/294/221 352/293/220 123/286/213
f 349/290/217 355/296/223 354/295/222 123/286/213
f 357/299/226 356/298/225 125/198/143 124/297/224
f 125/198/143 127/199/144 358/300/227 124/297/224
f 358/300/227 359/301/228 357/299/226 124/297/224
f 356/298/225 360/302/229 126/197/142 125/198/143
f 361/304/231 224/303/230 288/209/149 126/210/142
f 360/302/229 362/306/232 361/305/231 126/197/142
f 364/308/234 363/307/233 358/300/227 127/199/144
f 288/209/149 224/303/230 364/308/234 127/199/144
f 367/312/238 366/311/237 365/310/236 128/309/235
f 369/316/240 368/315/239 367/314/238 128/313/235
f 370/318/242 132/317/241 369/316/240 128/313/235
f 365/310/236 372/320/244 371/319/243 128/309/235
f 371/322/243 136/321/245 370/318/242 128/313/235
f 375/326/249 374/325/248 373/324/247 129/323/246
f 377/328/251 376/327/250 375/326/249 129/323/246
f 379/330/253 378/329/252 377/328/251 129/323/246
f 380/332/255 130/331/254 379/330/253 129/323/246
f 386/334/257 385/333/256 379/330/253 130/331/254
f 380/332/255 387/335/258 386/334/257 130/331/254
f 389/339/262 229/338/261 388/337/260 131/336/259
f 390/341/263 366/311/237 367/312/238 131/340/259
f 367/314/238 368/315/239 389/339/262 131/336/259
f 393/344/266 227/343/265 392/342/264 132/317/241
f 370/318/242 228/345/267 393/344/266 132/317/241
f 395/349/271 134/348/270 394/347/269 133/346/268
f 394/347/269 397/351/273 396/350/272 133/346/268
f 396/350/272 382/352/274 395/349/271 133/346/268
f 400/355/277 399/354/276 398/353/275 134/348/270
f 395/349/271 401/356/278 400/355/277 134/348/270
f 403/358/280 402/357/279 394/347/269 134/348/270
f 398/353/275 404/359/281 403/358/280 134/348/270
f 407/363/285 406/362/284 405/361/283 135/360/282
f 405/361/283 409/365/287 408/364/286 135/360/282
f 408/364/286 410/366/288 407/363/285 135/360/282
f 371/322/243 412/368/290 411/367/289 136/321/245
f 411/367/289 414/370/292 413/369/291 136/321/245
f 413/369/291 137/372/294 415/371/293 136/321/245
f 417/374/296 416/373/295 415/371/293 137/372/294
f 413/369/291 418/375/297 417/374/296 137/372/294
f 425/379/301 424/378/300 423/377/299 138/376/298
f 423/377/299 427/381/303 426/380/302 138/376/298
f 426/380/302 429/383/305 428/382/304 138/376/298
f 431/385/307 430/384/306 425/379/301 138/376/298
f 428/389/304 231/388/308 431/387/307 138/386/298
f 434/393/312 433/392/311 432/391/310 139/390/309
f 432/397/310 436/396/314 435/395/313 139/394/309
f 435/395/313 438/399/316 437/398/315 139/394/309
f 437/401/315 439/400/317 434/393/312 139/390/309
f 442/405/321 441/404/320 440/403/319 140/402/318
f 440/403/319 444/407/323 443/406/322 140/402/318
f 443/406/322 445/408/324 442/405/321 140/402/318
f 448/412/328 447/411/327 446/410/326 141/409/325
f 446/410/326 450/414/330 449/413/329 141/409/325
f 452/416/332 451/415/331 448/412/328 141/409/325
f 449/413/329 142/418/334 453/417/333 141/409/325
f 455/420/336 454/419/335 453/417/333 142/418/334
f 456/424/338 144/423/337 455/422/336 142/421/334
f 449/413/329 458/426/340 457/425/339 142/418/334
f 457/428/339 459/427/341 456/424/338 142/421/334
f 462/432/345 461/431/344 460/430/343 143/429/342
f 464/434/347 463/433/346 462/432/345 143/429/342
f 460/430/343 465/435/348 464/434/347 143/429/342
f 456/424/338 467/437/350 466/436/349 144/423/337
f 466/441/349 469/440/352 468/439/351 144/438/337
f 472/445/356 471/444/355 470/443/354 145/442/353
f 470/443/354 473/447/358 198/446/357 145/442/353
f 198/451/357 199/450/360 474/449/359 145/448/353
f 474/449/359 252/453/361 472/452/356 145/448/353
f 481/457/365 480/456/364 479/455/363 146/454/362
f 479/455/363 483/459/367 482/458/366 146/454/362
f 482/458/366 484/461/369 147/460/368 146/454/362
f 486/465/371 485/464/370 481/463/365 146/462/362
f 147/467/368 487/466/372 486/465/371 146/462/362
f 484/461/369 489/469/374 488/468/373 147/460/368
f 493/473/378 492/472/377 235/471/376 148/470/375
f 149/475/380 494/474/379 493/473/378 148/470/375
f 495/479/382 236/478/381 149/477/380 148/476/375
f 481/463/365 485/464/370 495/481/382 148/480/375
f 235/483/376 480/456/364 481/457/365 148/482/375
f 496/484/383 387/335/258 494/474/379 149/475/380
f 498/486/385 497/485/384 496/484/383 149/475/380
f 500/488/387 499/487/386 498/486/385 149/475/380
f 501/490/389 497/485/384 498/486/385 150/489/388
f 237/492/391 502/491/390 501/490/389 150/489/388
f 498/486/385 499/487/386 237/492/391 150/489/388
f 152/495/394 503/494/393 502/491/390 151/493/392
f 502/491/390 237/492/391 504/496/395 151/493/392
f 504/496/395 505/497/396 152/495/394 151/493/392
f 505/497/396 155/498/397 503/494/393 152/495/394
f 507/502/401 506/501/400 156/500/399 153/499/398
f 510/505/404 509/504/403 508/503/402 153/499/398
f 508/503/402 511/506/405 507/502/401 153/499/398
f 513/508/407 512/507/406 510/505/404 153/499/398
f 156/500/399 514/509/408 513/508/407 153/499/398
f 517/513/412 516/512/411 515/511/410 154/510/409
f 515/511/410 519/515/414 518/514/413 154/510/409
f 521/517/416 520/516/415 517/513/412 154/510/409
f 518/514/413 523/519/418 522/518/417 154/510/409
f 522/518/417 524/520/419 521/517/416 154/510/409
f 527/523/422 526/522/421 525/521/420 155/498/397
f 505/497/396 528/524/423 527/523/422 155/498/397
f 530/526/425 529/525/424 503/494/393 155/498/397
f 525/521/420 531/527/426 530/526/425 155/498/397
f 506/501/400 532/528/427 514/509/408 156/500/399
f 535/532/431 534/531/430 533/530/429 157/529/428
f 537/534/433 536/533/432 535/532/431 157/529/428
f 539/536/435 538/535/434 537/534/433 157/529/428
f 533/530/429 541/538/437 540/537/436 157/529/428
f 540/537/436 158/539/438 539/536/435 157/529/428
f 540/537/436 238/541/440 214/540/439 158/539/438
f 543/545/442 542/544/441 539/543/435 158/542/438
f 545/547/444 544/546/443 543/545/442 158/542/438
f 214/549/439 546/548/445 545/547/444 158/542/438
f 553/553/449 552/552/448 551/551/447 159/550/446
f 555/555/451 554/554/450 553/553/449 159/550/446
f 558/558/454 557/557/453 556/556/452 159/550/446
f 556/556/452 559/559/455 555/555/451 159/550/446
f 551/551/447 230/560/456 558/558/454 159/550/446
f 562/564/460 561/563/459 560/562/458 160/561/457
f 556/556/452 557/557/453 562/564/460 160/561/457
f 563/565/461 559/559/455 556/556/452 160/561/457
f 565/567/463 564/566/462 563/565/461 160/561/457
f 560/562/458 566/568/464 565/567/463 160/561/457
f 573/572/468 572/571/467 571/570/466 161/569/465
f 571/576/466 575/575/470 574/574/469 161/573/465
f 577/578/472 576/577/471 573/572/468 161/569/465
f 574/580/469 167/579/473 577/578/472 161/569/465
f 580/584/477 579/583/476 578/582/475 162/581/474
f 582/586/479 581/585/478 580/584/477 162/581/474
f 578/582/475 583/587/480 582/586/479 162/581/474
f 586/591/484 585/590/483 584/589/482 163/588/481
f 588/593/486 587/592/485 586/591/484 163/588/481
f 590/595/488 589/594/487 588/593/486 163/588/481
f 584/589/482 592/597/490 591/596/489 163/588/481
f 591/596/489 166/598/491 590/595/488 163/588/481
f 594/602/495 242/601/494 593/600/493 164/599/492
f 593/600/493 596/604/497 595/603/496 164/599/492
f 595/603/496 239/605/498 594/602/495 164/599/492
f 599/609/502 598/608/501 597/607/500 165/606/499
f 597/613/500 241/612/504 600/611/503 165/610/499
f 602/615/506 601/614/505 599/609/502 165/606/499
f 600/611/503 604/617/508 603/616/507 165/610/499
f 603/619/507 605/618/509 602/615/506 165/606/499
f 591/596/489 607/621/511 606/620/510 166/598/491
f 606/620/510 608/622/512 590/595/488 166/598/491
f 574/580/469 239/624/498 595/623/496 167/579/473
f 595/623/496 596/625/497 598/608/501 167/579/473
f 610/627/514 609/626/513 577/578/472 167/579/473
f 598/608/501 599/609/502 610/627/514 167/579/473
f 170/631/518 612/630/517 611/629/516 168/628/515
f 611/634/516 608/622/512 613/633/519 168/632/515
f 613/633/519 614/636/520 170/635/518 168/632/515
f 617/640/524 616/639/523 615/638/522 169/637/521
f 615/638/522 619/642/526 618/641/525 169/637/521
f 618/641/525 621/644/528 620/643/527 169/637/521
f 614/636/520 622/646/529 612/645/517 170/635/518
f 625/650/533 624/649/532 623/648/531 171/647/530
f 623/648/531 627/652/535 626/651/534 171/647/530
f 629/654/537 628/653/536 625/650/533 171/647/530
f 626/651/534 631/656/539 630/655/538 171/647/530
f 630/655/538 632/657/540 629/654/537 171/647/530
f 635/661/544 634/660/543 633/659/542 172/658/541
f 186/664/547 187/663/546 636/662/545 172/658/541
f 636/662/545 246/665/548 635/661/544 172/658/541
f 633/659/542 173/667/550 174/666/549 172/658/541
f 174/666/549 189/668/551 186/664/547 172/658/541
f 638/672/553 637/671/552 174/670/549 173/669/550
f 633/659/542 628/653/536 638/673/553 173/667/550
f 637/671/552 639/675/555 175/674/554 174/670/549
f 175/677/554 190/676/556 189/668/551 174/666/549
f 640/679/557 246/665/548 636/662/545 175/678/554
f 636/662/545 187/663/546 190/680/556 175/678/554
f 639/675/555 641/682/558 640/681/557 175/674/554
f 648/686/562 647/685/561 646/684/560 176/683/559
f 646/684/560 650/688/564 649/687/563 176/683/559
f 652/690/566 651/689/565 648/686/562 176/683/559
f 649/687/563 653/692/568 177/691/567 176/683/559
f 177/691/567 654/693/569 652/690/566 176/683/559
f 653/692/568 655/694/570 654/693/569 177/691/567
f 658/698/574 657/697/573 656/696/572 178/695/571
f 656/696/572 407/363/285 410/366/288 178/695/571
f 410/366/288 659/699/575 658/698/574 178/695/571
f 662/703/579 661/702/578 660/701/577 179/700/576
f 660/701/577 664/705/581 663/704/580 179/700/576
f 663/704/580 666/707/583 665/706/582 179/700/576
f 665/706/582 668/709/585 667/708/584 179/700/576
f 667/708/584 669/710/586 662/703/579 179/700/576
f 671/714/590 181/713/589 670/712/588 180/711/587
f 670/712/588 673/716/592 672/715/591 180/711/587
f 672/715/591 674/717/593 671/714/590 180/711/587
f 677/720/596 676/719/595 675/718/594 181/713/589
f 675/718/594 679/722/598 678/721/597 181/713/589
f 671/714/590 680/723/599 677/720/596 181/713/589
f 683/727/603 682/726/602 681/725/601 182/724/600
f 681/725/601 672/715/591 673/716/592 182/724/600
f 673/716/592 684/728/604 683/727/603 182/724/600
f 687/732/608 686/731/607 685/730/606 183/729/605
f 185/734/610 248/733/609 687/732/608 183/729/605
f 685/730/606 662/703/579 669/710/586 183/729/605
f 669/710/586 688/735/611 185/734/610 183/729/605
f 691/739/615 690/738/614 689/737/613 184/736/612
f 689/737/613 248/733/609 185/734/610 184/736/612
f 185/734/610 692/741/617 249/740/616 184/736/612
f 688/735/611 693/742/618 692/741/617 185/734/610
f 696/745/621 695/744/620 694/743/619 186/664/547
f 694/743/619 697/746/622 187/663/546 186/664/547
f 189/668/551 188/747/623 696/745/621 186/664/547
f 697/746/622 699/749/625 698/748/624 187/663/546
f 698/748/624 700/750/626 190/680/556 187/663/546
f 702/752/628 701/751/627 696/745/621 188/747/623
f 189/668/551 703/753/629 702/752/628 188/747/623
f 190/676/556 704/754/630 703/753/629 189/668/551
f 700/756/626 705/755/631 704/754/630 190/676/556
f 193/760/635 706/759/634 250/758/633 191/757/632
f 709/763/638 708/762/637 707/761/636 191/757/632
f 707/761/636 711/765/640 710/764/639 191/757/632
f 714/769/644 713/768/643 712/767/642 192/766/641
f 712/767/642 716/771/646 715/770/645 192/766/641
f 718/773/648 717/772/647 714/769/644 192/766/641
f 720/775/650 719/774/649 718/773/648 192/766/641
f 715/770/645 721/776/651 720/775/650 192/766/641
f 194/779/654 723/778/653 722/777/652 193/760/635
f 722/777/652 725/781/656 724/780/655 193/760/635
f 710/764/639 711/765/640 723/778/653 194/779/654
f 728/785/660 727/784/659 726/783/658 195/782/657
f 730/787/662 729/786/661 728/785/660 195/782/657
f 732/789/664 731/788/663 730/787/662 195/782/657
f 726/783/658 734/791/666 733/790/665 195/782/657
f 737/795/670 736/794/669 735/793/668 196/792/667
f 735/793/668 739/797/672 738/796/671 196/792/667
f 738/796/671 740/798/673 737/795/670 196/792/667
f 587/592/485 588/593/486 745/800/675 197/799/674
f 747/802/677 746/801/676 587/592/485 197/799/674
f 461/431/344 462/432/345 748/803/678 197/799/674
f 748/803/678 749/804/679 747/802/677 197/799/674
f 745/800/675 750/805/680 461/431/344 197/799/674
f 753/808/683 752/807/682 751/806/681 199/450/360
f 198/451/357 755/810/685 754/809/684 199/450/360
f 754/809/684 756/811/686 753/808/683 199/450/360
f 759/815/690 758/814/689 757/813/688 200/812/687
f 760/817/692 218/816/691 759/815/690 200/812/687
f 757/813/688 761/819/694 202/818/693 200/812/687
f 202/818/693 763/821/696 762/820/695 200/812/687
f 762/820/695 764/822/697 760/817/692 200/812/687
f 767/826/701 766/825/700 765/824/699 201/823/698
f 765/824/699 769/828/703 768/827/702 201/823/698
f 768/832/702 770/831/704 767/830/701 201/829/698
f 204/834/706 771/833/705 763/821/696 202/818/693
f 761/819/694 773/836/708 772/835/707 202/818/693
f 772/835/707 774/837/709 204/834/706 202/818/693
f 771/841/705 776/840/712 775/839/711 203/838/710
f 775/839/711 778/843/714 777/842/713 203/838/710
f 779/845/715 763/821/696 771/833/705 203/844/710
f 777/842/713 780/847/717 205/846/716 203/838/710
f 774/849/709 776/840/712 771/841/705 204/848/706
f 780/847/717 782/851/719 254/850/718 205/846/716
f 784/855/722 783/854/721 781/853/720 205/852/716
f 254/857/718 785/856/723 784/855/722 205/852/716
f 786/859/725 783/854/721 784/855/722 206/858/724
f 784/855/722 785/856/723 787/860/726 206/858/724
f 789/862/728 788/861/727 786/859/725 206/858/724
f 792/866/732 791/865/731 790/864/730 207/863/729
f 790/870/730 794/869/734 793/868/733 207/867/729
f 793/872/733 795/871/735 792/866/732 207/863/729
f 796/874/737 791/865/731 792/866/732 208/873/736
f 798/876/739 797/875/738 796/874/737 208/873/736
f 792/866/732 795/871/735 798/876/739 208/873/736
f 799/880/743 801/879/742 800/878/741 209/877/740
f 804/884/747 803/883/746 802/882/745 210/881/744
f 800/886/749 805/885/748 804/884/747 210/881/744
f 802/882/745 806/888/751 799/887/750 210/881/744
f 544/546/443 808/891/754 807/890/753 211/889/752
f 807/890/753 810/893/756 809/892/755 211/889/752
f 809/892/755 812/895/758 811/894/757 211/889/752
f 213/896/759 543/545/442 544/546/443 211/889/752
f 811/894/757 813/897/760 213/896/759 211/889/752
f 816/901/764 815/900/763 814/899/762 212/898/761
f 817/903/765 545/547/444 546/548/445 212/902/761
f 546/905/445 818/904/766 816/901/764 212/898/761
f 814/909/762 820/908/768 819/907/767 212/906/761
f 819/911/767 821/910/769 817/903/765 212/902/761
f 813/897/760 542/544/441 543/545/442 213/896/759
f 238/541/440 818/904/766 546/905/445 214/540/439
f 824/915/773 823/914/772 822/913/771 215/912/770
f 826/917/775 825/916/774 824/915/773 215/912/770
f 828/920/778 255/919/777 827/918/776 215/912/770
f 822/913/771 821/910/769 828/920/778 215/912/770
f 827/918/776 829/921/779 826/917/775 215/912/770
f 832/925/783 831/924/782 830/923/781 216/922/780
f 830/923/781 834/927/785 833/926/784 216/922/780
f 833/926/784 835/928/786 832/925/783 216/922/780
f 838/932/790 837/931/789 836/930/788 217/929/787
f 840/934/792 839/933/791 838/932/790 217/929/787
f 842/936/794 841/935/793 840/934/792 217/929/787
f 844/938/796 843/937/795 842/936/794 217/929/787
f 836/930/788 845/939/797 844/938/796 217/929/787
f 850/941/798 255/919/777 828/920/778 218/940/691
f 828/920/778 821/910/769 819/911/767 218/940/691
f 819/907/767 820/908/768 759/815/690 218/816/691
f 264/166/113 852/943/800 851/942/799 220/165/112
f 293/217/156 853/944/801 303/232/167 221/219/158
f 856/948/805 855/947/804 854/946/803 222/945/802
f 858/950/807 857/949/806 856/948/805 222/945/802
f 325/266/193 321/262/189 858/950/807 222/945/802
f 860/952/809 859/951/808 325/266/193 222/945/802
f 225/955/812 861/954/811 854/946/803 223/953/810
f 854/946/803 855/947/804 862/956/813 223/953/810
f 862/956/813 864/958/815 863/957/814 223/953/810
f 866/960/817 865/959/816 225/955/812 223/953/810
f 863/957/814 867/961/818 866/960/817 223/953/810
f 868/962/819 373/324/247 364/308/234 224/303/230
f 493/473/378 494/474/379 868/962/819 224/303/230
f 865/959/816 131/336/259 388/337/260 225/955/812
f 388/337/260 870/964/821 869/963/820 225/955/812
f 869/963/820 871/965/822 861/954/811 225/955/812
f 874/969/826 873/968/825 872/967/824 226/966/823
f 384/971/828 875/970/827 874/969/826 226/966/823
f 401/973/278 383/972/829 384/971/828 226/966/823
f 876/975/830 400/355/277 401/356/278 226/974/823
f 872/977/824 877/976/831 876/975/830 226/974/823
f 393/344/266 416/373/295 878/978/832 227/343/265
f 878/978/832 880/980/834 879/979/833 227/343/265
f 879/979/833 882/982/836 881/981/835 227/343/265
f 881/981/835 883/983/837 392/342/264 227/343/265
f 415/371/293 416/373/295 393/344/266 228/345/267
f 884/984/838 870/964/821 388/337/260 229/338/261
f 389/339/262 886/986/840 885/985/839 229/338/261
f 551/551/447 888/988/842 887/987/841 230/560/456
f 887/987/841 889/989/843 558/558/454 230/560/456
f 428/382/304 436/396/314 432/397/310 231/990/308
f 432/391/310 433/392/311 431/385/307 231/991/308
f 890/993/845 518/514/413 519/515/414 232/992/844
f 892/995/847 891/994/846 890/993/845 232/992/844
f 519/999/414 894/998/849 893/997/848 232/996/844
f 895/1001/851 890/993/845 891/994/846 233/1000/850
f 896/1004/852 454/419/335 895/1003/851 233/1002/850
f 891/1006/846 897/1005/853 896/1004/852 233/1002/850
f 452/416/332 141/409/325 453/417/333 234/1007/854
f 896/1004/852 897/1005/853 452/416/332 234/1007/854
f 453/417/333 454/419/335 896/1004/852 234/1007/854
f 492/1009/377 898/1008/855 480/456/364 235/483/376
f 495/479/382 900/1011/857 899/1010/856 236/478/381
f 899/1010/856 902/1013/859 901/1012/858 236/478/381
f 540/537/436 541/538/437 818/904/766 238/541/440
f 574/574/469 575/575/470 594/602/495 239/605/498
f 905/1017/863 904/1016/862 903/1015/861 240/1014/860
f 903/1015/861 907/1019/865 906/1018/864 240/1014/860
f 906/1018/864 908/1020/866 905/1017/863 240/1014/860
f 910/1022/868 324/265/192 909/1021/867 241/612/504
f 597/613/500 911/1023/869 910/1022/868 241/612/504
f 909/1021/867 913/1025/871 912/1024/870 241/612/504
f 912/1024/870 914/1026/872 600/611/503 241/612/504
f 594/602/495 575/575/470 915/1027/873 242/601/494
f 915/1027/873 917/1029/875 916/1028/874 242/601/494
f 916/1028/874 919/1031/877 918/1030/876 242/601/494
f 918/1030/876 920/1032/878 593/600/493 242/601/494
f 612/630/517 622/1035/529 921/1034/880 243/1033/879
f 921/1034/880 923/1037/882 922/1036/881 243/1033/879
f 589/1038/487 611/629/516 612/630/517 243/1033/879
f 922/1040/881 750/805/680 745/800/675 243/1039/879
f 745/800/675 588/593/486 589/594/487 243/1039/879
f 926/1044/886 925/1043/885 924/1042/884 244/1041/883
f 604/617/508 927/1045/887 926/1044/886 244/1041/883
f 924/1042/884 928/1047/889 245/1046/888 244/1041/883
f 929/1048/890 603/616/507 604/617/508 244/1041/883
f 245/1046/888 930/1049/891 929/1048/890 244/1041/883
f 933/1052/894 932/1051/893 931/1050/892 245/1046/888
f 931/1050/892 934/1053/895 930/1049/891 245/1046/888
f 928/1047/889 935/1054/896 933/1052/894 245/1046/888
f 936/1055/897 620/643/527 635/661/544 246/665/548
f 780/847/717 777/842/713 936/1055/897 246/665/548
f 937/1057/899 660/701/577 661/702/578 247/1056/898
f 939/1059/901 938/1058/900 937/1057/899 247/1056/898
f 940/1060/902 935/1054/896 928/1047/889 247/1056/898
f 928/1047/889 924/1042/884 939/1059/901 247/1056/898
f 661/702/578 941/1061/903 940/1060/902 247/1056/898
f 724/780/655 942/1062/904 706/759/634 193/760/635
f 945/1066/908 944/1065/907 943/1064/906 251/1063/905
f 923/1037/882 908/1020/866 946/1067/909 251/1063/905
f 946/1067/909 947/1068/910 945/1066/908 251/1063/905
f 948/1069/911 922/1036/881 923/1037/882 251/1063/905
f 943/1064/906 949/1070/912 948/1069/911 251/1063/905
f 474/449/359 950/1071/913 459/427/341 252/453/361
f 459/427/341 457/428/339 472/452/356 252/453/361
f 953/1075/917 952/1074/916 951/1073/915 253/1072/914
f 955/1077/919 954/1076/918 953/1075/917 253/1072/914
f 466/436/349 467/437/350 955/1077/919 253/1072/914
f 956/1079/920 469/440/352 466/441/349 253/1078/914
f 951/1081/915 957/1080/921 956/1079/920 253/1078/914
f 782/1083/719 959/1082/922 785/856/723 254/857/718
f 850/941/798 960/1084/923 827/918/776 255/919/777
f 960/1084/923 850/941/798 257/1086/925 256/1085/924
f 962/1088/927 961/1087/926 256/1085/924 257/1086/925
f 964/1092/929 963/1091/928 962/1090/927 257/1089/925
f 760/817/692 764/822/697 964/1092/929 257/1089/925
f 966/1094/931 965/1093/930 963/1091/928 964/1092/929
f 764/822/697 967/1095/932 966/1094/931 964/1092/929
f 969/1097/934 968/1096/933 966/1094/931 967/1095/932
f 971/1099/936 970/1098/935 969/1097/934 967/1095/932
f 764/822/697 762/820/695 971/1099/936 967/1095/932
f 779/845/715 972/1100/937 970/1098/935 971/1099/936
f 762/820/695 763/821/696 779/845/715 971/1099/936
f 974/1102/939 973/1101/938 970/1098/935 972/1100/937
f 976/1104/941 975/1103/940 974/1102/939 972/1100/937
f 978/1106/943 977/1105/942 975/1103/940 976/1104/941
f 203/844/710 979/1107/944 978/1106/943 976/1104/941
f 980/1110/945 841/935/793 978/1109/943 979/1108/944
f 781/1112/720 783/1111/721 980/1110/945 979/1108/944
f 981/1113/946 840/934/792 841/935/793 980/1110/945
f 783/1111/721 786/1114/725 981/1113/946 980/1110/945
f 982/1115/947 839/933/791 840/934/792 981/1113/946
f 786/1114/725 788/1116/727 982/1115/947 981/1113/946
f 791/865/731 796/874/737 839/933/791 982/1115/947
f 788/1116/727 790/864/730 791/865/731 982/1115/947
f 841/935/793 842/936/794 977/1117/942 978/1109/943
f 984/1119/949 983/1118/948 975/1103/940 977/1105/942
f 842/936/794 843/937/795 984/1120/949 977/1117/942
f 700/750/626 698/748/624 983/1118/948 984/1119/949
f 843/937/795 705/755/631 700/756/626 984/1120/949
f 698/748/624 699/749/625 985/1121/950 983/1118/948
f 985/1121/950 974/1102/939 975/1103/940 983/1118/948
f 699/749/625 987/1123/952 986/1122/951 985/1121/950
f 986/1122/951 973/1101/938 974/1102/939 985/1121/950
f 990/1126/955 989/1125/954 988/1124/953 987/1123/952
f 699/749/625 697/746/622 990/1126/955 987/1123/952
f 988/1124/953 991/1127/956 986/1122/951 987/1123/952
f 988/1124/953 676/719/595 992/1128/957 991/1127/956
f 993/1129/958 973/1101/938 986/1122/951 991/1127/956
f 992/1128/957 994/1130/959 993/1129/958 991/1127/956
f 992/1128/957 996/1132/961 995/1131/960 994/1130/959
f 968/1096/933 969/1097/934 993/1129/958 994/1130/959
f 995/1131/960 997/1133/962 968/1096/933 994/1130/959
f 999/1135/964 998/1134/963 965/1093/930 997/1133/962
f 995/1131/960 1000/1136/965 999/1135/964 997/1133/962
f 965/1093/930 966/1094/931 968/1096/933 997/1133/962
f 1002/1138/967 1001/1137/966 999/1135/964 1000/1136/965
f 1004/1140/969 1003/1139/968 1002/1138/967 1000/1136/965
f 995/1131/960 996/1132/961 1004/1140/969 1000/1136/965
f 680/723/599 1005/1141/970 1003/1139/968 1004/1140/969
f 996/1132/961 677/720/596 680/723/599 1004/1140/969
f 1007/1143/972 1006/1142/971 1003/1139/968 1005/1141/970
f 674/717/593 1008/1144/973 1007/1143/972 1005/1141/970
f 680/723/599 671/714/590 674/717/593 1005/1141/970
f 1010/1146/975 1009/1145/974 1007/1143/972 1008/1144/973
f 681/725/601 682/726/602 1010/1146/975 1008/1144/973
f 674/717/593 672/715/591 681/725/601 1008/1144/973
f 1012/1148/977 1011/1147/976 1009/1145/974 1010/1146/975
f 682/726/602 1013/1149/978 1012/1148/977 1010/1146/975
f 1015/1151/980 1014/1150/979 1012/1148/977 1013/1149/978
f 1017/1153/982 1016/1152/981 1015/1151/980 1013/1149/978
f 682/726/602 683/727/603 1017/1153/982 1013/1149/978
f 1019/1155/984 1018/1154/983 1016/1152/981 1017/1153/982
f 683/727/603 684/728/604 1019/1155/984 1017/1153/982
f 1021/1157/986 1020/1156/985 1018/1154/983 1019/1155/984
f 684/728/604 1022/1158/987 1021/1157/986 1019/1155/984
f 678/721/597 1023/1159/988 1021/1157/986 1022/1158/987
f 670/712/588 181/713/589 678/721/597 1022/1158/987
f 684/728/604 673/716/592 670/712/588 1022/1158/987
f 1024/1160/989 1020/1156/985 1021/1157/986 1023/1159/988
f 1026/1162/991 1025/1161/990 1024/1160/989 1023/1159/988
f 678/721/597 679/722/598 1026/1162/991 1023/1159/988
f 1028/1164/993 1027/1163/992 1025/1161/990 1026/1162/991
f 679/722/598 1029/1165/994 1028/1164/993 1026/1162/991
f 1031/1167/996 1030/1166/995 1028/1164/993 1029/1165/994
f 989/1125/954 990/1126/955 1031/1167/996 1029/1165/994
f 679/722/598 675/718/594 989/1125/954 1029/1165/994
f 694/743/619 695/744/620 1030/1166/995 1031/1167/996
f 990/1126/955 697/746/622 694/743/619 1031/1167/996
f 1032/1168/997 1027/1163/992 1028/1164/993 1030/1166/995
f 695/744/620 1033/1169/998 1032/1168/997 1030/1166/995
f 1035/1171/1000 1034/1170/999 1032/1168/997 1033/1169/998
f 701/751/627 717/772/647 1035/1171/1000 1033/1169/998
f 695/744/620 696/745/621 701/751/627 1033/1169/998
f 1037/1173/1002 1036/1172/1001 1034/1170/999 1035/1171/1000
f 717/772/647 718/773/648 1037/1173/1002 1035/1171/1000
f 1039/1175/1004 1038/1174/1003 1036/1172/1001 1037/1173/1002
f 718/773/648 719/774/649 1039/1175/1004 1037/1173/1002
f 935/1054/896 940/1060/902 1038/1174/1003 1039/1175/1004
f 719/774/649 933/1052/894 935/1054/896 1039/1175/1004
f 940/1060/902 941/1061/903 1040/1176/1005 1038/1174/1003
f 1040/1176/1005 1041/1177/1006 1036/1172/1001 1038/1174/1003
f 1040/1176/1005 686/731/607 1042/1178/1007 1041/1177/1006
f 1043/1179/1008 1034/1170/999 1036/1172/1001 1041/1177/1006
f 1042/1178/1007 1044/1180/1009 1043/1179/1008 1041/1177/1006
f 1042/1178/1007 1046/1182/1011 1045/1181/1010 1044/1180/1009
f 1025/1161/990 1027/1163/992 1043/1179/1008 1044/1180/1009
f 1045/1181/1010 1024/1160/989 1025/1161/990 1044/1180/1009
f 687/732/608 248/733/609 689/737/613 1046/1182/1011
f 1042/1178/1007 686/731/607 687/732/608 1046/1182/1011
f 689/737/613 690/738/614 1045/1181/1010 1046/1182/1011
f 690/738/614 1020/1156/985 1024/1160/989 1045/1181/1010
f 1027/1163/992 1032/1168/997 1034/1170/999 1043/1179/1008
f 941/1061/903 685/730/606 686/731/607 1040/1176/1005
f 690/738/614 691/739/615 1018/1154/983 1020/1156/985
f 691/739/615 942/1062/904 1016/1152/981 1018/1154/983
f 942/1062/904 724/780/655 1015/1151/980 1016/1152/981
f 724/780/655 725/781/656 1014/1150/979 1015/1151/980
f 725/781/656 1048/1184/1013 1047/1183/1012 1014/1150/979
f 1047/1183/1012 1011/1147/976 1012/1148/977 1014/1150/979
f 1051/1187/1016 1050/1186/1015 1049/1185/1014 1048/1184/1013
f 725/781/656 722/777/652 1051/1187/1016 1048/1184/1013
f 1049/1185/1014 1052/1188/1017 1047/1183/1012 1048/1184/1013
f 1049/1185/1014 1054/1190/1019 1053/1189/1018 1052/1188/1017
f 1055/1191/1020 1011/1147/976 1047/1183/1012 1052/1188/1017
f 1053/1189/1018 1056/1192/1021 1055/1191/1020 1052/1188/1017
f 1053/1189/1018 1058/1194/1023 1057/1193/1022 1056/1192/1021
f 1060/1196/1025 1059/1195/1024 1055/1191/1020 1056/1192/1021
f 1057/1193/1022 1061/1197/1026 1060/1196/1025 1056/1192/1021
f 1057/1193/1022 1063/1199/1028 1062/1198/1027 1061/1197/1026
f 1065/1201/1030 1064/1200/1029 1060/1196/1025 1061/1197/1026
f 1062/1198/1027 1066/1202/1031 1065/1201/1030 1061/1197/1026
f 1062/1198/1027 1068/1204/1033 1067/1203/1032 1066/1202/1031
f 1069/1205/1034 1001/1137/966 1065/1201/1030 1066/1202/1031
f 1067/1203/1032 1070/1206/1035 1069/1205/1034 1066/1202/1031
f 1067/1203/1032 1072/1208/1037 1071/1207/1036 1070/1206/1035
f 1073/1209/1038 998/1134/963 1069/1205/1034 1070/1206/1035
f 1071/1207/1036 1074/1210/1039 1073/1209/1038 1070/1206/1035
f 1071/1214/1036 1076/1213/1041 1075/1212/1040 1074/1211/1039
f 962/1090/927 963/1091/928 1073/1209/1038 1074/1210/1039
f 1075/1212/1040 961/1087/926 962/1088/927 1074/1211/1039
f 1079/1217/1044 1078/1216/1043 1077/1215/1042 1076/1213/1041
f 1071/1214/1036 1072/1218/1037 1079/1217/1044 1076/1213/1041
f 1077/1215/1042 1080/1219/1045 1075/1212/1040 1076/1213/1041
f 1077/1215/1042 1082/1221/1047 1081/1220/1046 1080/1219/1045
f 1083/1222/1048 961/1087/926 1075/1212/1040 1080/1219/1045
f 1081/1220/1046 829/921/779 1083/1222/1048 1080/1219/1045
f 960/1084/923 256/1085/924 961/1087/926 1083/1222/1048
f 829/921/779 827/918/776 960/1084/923 1083/1222/1048
f 1086/1225/1051 1085/1224/1050 1084/1223/1049 1082/1221/1047
f 1077/1215/1042 1078/1216/1043 1086/1225/1051 1082/1221/1047
f 1084/1223/1049 1087/1226/1052 1081/1220/1046 1082/1221/1047
f 1084/1223/1049 1089/1228/1054 1088/1227/1053 1087/1226/1052
f 826/917/775 829/921/779 1081/1220/1046 1087/1226/1052
f 1088/1227/1053 825/916/774 826/917/775 1087/1226/1052
f 1092/1231/1057 1091/1230/1056 1090/1229/1055 1089/1228/1054
f 1084/1223/1049 1085/1224/1050 1092/1231/1057 1089/1228/1054
f 1090/1229/1055 1093/1232/1058 1088/1227/1053 1089/1228/1054
f 1096/1235/1061 1095/1234/1060 1094/1233/1059 1093/1232/1058
f 1090/1229/1055 834/927/785 1096/1235/1061 1093/1232/1058
f 1094/1233/1059 825/916/774 1088/1227/1053 1093/1232/1058
f 1098/1237/1063 1097/1236/1062 1095/1234/1060 1096/1235/1061
f 834/927/785 830/923/781 1098/1237/1063 1096/1235/1061
f 1100/1239/1065 1099/1238/1064 1097/1236/1062 1098/1237/1063
f 830/923/781 831/924/782 1100/1239/1065 1098/1237/1063
f 1102/1241/1067 1101/1240/1066 1099/1238/1064 1100/1239/1065
f 831/924/782 1103/1242/1068 1102/1241/1067 1100/1239/1065
f 1105/1244/1070 1104/1243/1069 1102/1241/1067 1103/1242/1068
f 1107/1246/1072 1106/1245/1071 1105/1244/1070 1103/1242/1068
f 831/924/782 832/925/783 1107/1246/1072 1103/1242/1068
f 1109/1248/1074 1108/1247/1073 1106/1245/1071 1107/1246/1072
f 832/925/783 835/928/786 1109/1248/1074 1107/1246/1072
f 1111/1250/1076 1110/1249/1075 1108/1247/1073 1109/1248/1074
f 835/928/786 1112/1251/1077 1111/1250/1076 1109/1248/1074
f 1114/1253/1079 1113/1252/1078 1111/1250/1076 1112/1251/1077
f 1091/1230/1056 1092/1231/1057 1114/1253/1079 1112/1251/1077
f 835/928/786 833/926/784 1091/1230/1056 1112/1251/1077
f 1116/1255/1081 1115/1254/1080 1113/1252/1078 1114/1253/1079
f 1092/1231/1057 1085/1224/1050 1116/1255/1081 1114/1253/1079
f 1118/1257/1083 1117/1256/1082 1115/1254/1080 1116/1255/1081
f 1085/1224/1050 1086/1225/1051 1118/1257/1083 1116/1255/1081
f 1120/1259/1085 1119/1258/1084 1117/1256/1082 1118/1257/1083
f 1086/1225/1051 1078/1216/1043 1120/1259/1085 1118/1257/1083
f 1122/1261/1087 1121/1260/1086 1119/1258/1084 1120/1259/1085
f 1078/1216/1043 1079/1217/1044 1122/1261/1087 1120/1259/1085
f 1124/1263/1089 1123/1262/1088 1121/1260/1086 1122/1261/1087
f 1079/1217/1044 1072/1218/1037 1124/1263/1089 1122/1261/1087
f 1068/1204/1033 1125/1266/1090 1123/1265/1088 1124/1264/1089
f 1072/1208/1037 1067/1203/1032 1068/1204/1033 1124/1264/1089
f 1127/1268/1092 1126/1267/1091 1123/1265/1088 1125/1266/1090
f 1063/1199/1028 1128/1269/1093 1127/1268/1092 1125/1266/1090
f 1068/1204/1033 1062/1198/1027 1063/1199/1028 1125/1266/1090
f 1130/1271/1095 1129/1270/1094 1127/1268/1092 1128/1269/1093
f 1058/1194/1023 1131/1272/1096 1130/1271/1095 1128/1269/1093
f 1063/1199/1028 1057/1193/1022 1058/1194/1023 1128/1269/1093
f 1133/1274/1098 1132/1273/1097 1130/1271/1095 1131/1272/1096
f 1054/1190/1019 1134/1275/1099 1133/1274/1098 1131/1272/1096
f 1058/1194/1023 1053/1189/1018 1054/1190/1019 1131/1272/1096
f 1136/1277/1101 1135/1276/1100 1133/1274/1098 1134/1275/1099
f 1050/1186/1015 1137/1278/1102 1136/1277/1101 1134/1275/1099
f 1054/1190/1019 1049/1185/1014 1050/1186/1015 1134/1275/1099
f 1139/1280/1104 1138/1279/1103 1136/1277/1101 1137/1278/1102
f 1141/1282/1106 1140/1281/1105 1139/1280/1104 1137/1278/1102
f 1050/1186/1015 1051/1187/1016 1141/1282/1106 1137/1278/1102
f 723/778/653 711/765/640 1140/1281/1105 1141/1282/1106
f 1051/1187/1016 722/777/652 723/778/653 1141/1282/1106
f 1143/1284/1108 1142/1283/1107 1139/1280/1104 1140/1281/1105
f 711/765/640 707/761/636 1143/1284/1108 1140/1281/1105
f 1145/1286/1110 1144/1285/1109 1142/1283/1107 1143/1284/1108
f 707/761/636 708/762/637 1145/1286/1110 1143/1284/1108
f 1147/1288/1112 1146/1287/1111 1144/1285/1109 1145/1286/1110
f 708/762/637 1148/1289/1113 1147/1288/1112 1145/1286/1110
f 708/762/637 709/763/638 1149/1290/1114 1148/1289/1113
f 1151/1292/1116 1150/1291/1115 1147/1288/1112 1148/1289/1113
f 1149/1290/1114 1152/1293/1117 1151/1292/1116 1148/1289/1113
f 1149/1290/1114 1154/1295/1119 1153/1294/1118 1152/1293/1117
f 1156/1297/1121 1155/1296/1120 1151/1292/1116 1152/1293/1117
f 1153/1294/1118 1157/1298/1122 1156/1297/1121 1152/1293/1117
f 1153/1294/1118 1159/1300/1124 1158/1299/1123 1157/1298/1122
f 1105/1244/1070 1106/1245/1071 1156/1297/1121 1157/1298/1122
f 1158/1299/1123 1104/1243/1069 1105/1244/1070 1157/1298/1122
f 1160/1301/1125 667/708/584 668/709/585 1159/1300/1124
f 1153/1294/1118 1154/1295/1119 1160/1301/1125 1159/1300/1124
f 668/709/585 1161/1302/1126 1158/1299/1123 1159/1300/1124
f 668/709/585 665/706/582 1162/1303/1127 1161/1302/1126
f 1163/1304/1128 1104/1243/1069 1158/1299/1123 1161/1302/1126
f 1162/1303/1127 1164/1305/1129 1163/1304/1128 1161/1302/1126
f 1162/1303/1127 1166/1307/1131 1165/1306/1130 1164/1305/1129
f 1167/1308/1132 1101/1240/1066 1163/1304/1128 1164/1305/1129
f 1165/1306/1130 1168/1309/1133 1167/1308/1132 1164/1305/1129
f 1165/1306/1130 1170/1311/1135 1169/1310/1134 1168/1309/1133
f 1172/1313/1137 1171/1312/1136 1167/1308/1132 1168/1309/1133
f 1169/1310/1134 1173/1314/1138 1172/1313/1137 1168/1309/1133
f 1169/1310/1134 1175/1316/1140 1174/1315/1139 1173/1314/1138
f 1177/1318/1142 1176/1317/1141 1172/1313/1137 1173/1314/1138
f 1174/1315/1139 1178/1319/1143 1177/1318/1142 1173/1314/1138
f 1174/1315/1139 398/353/275 399/354/276 1178/1319/1143
f 1180/1321/1145 1179/1320/1144 1177/1318/1142 1178/1319/1143
f 399/354/276 1181/1322/1146 1180/1321/1145 1178/1319/1143
f 399/354/276 400/355/277 876/975/830 1181/1322/1146
f 812/895/758 809/892/755 1180/1321/1145 1181/1322/1146
f 876/975/830 877/976/831 812/895/758 1181/1322/1146
f 809/892/755 810/893/756 1179/1320/1144 1180/1321/1145
f 1182/1323/1147 1176/1317/1141 1177/1318/1142 1179/1320/1144
f 810/893/756 1183/1324/1148 1182/1323/1147 1179/1320/1144
f 1185/1326/1150 1184/1325/1149 1182/1323/1147 1183/1324/1148
f 823/914/772 824/915/773 1185/1326/1150 1183/1324/1148
f 810/893/756 807/890/753 823/914/772 1183/1324/1148
f 1094/1233/1059 1095/1234/1060 1184/1325/1149 1185/1326/1150
f 824/915/773 825/916/774 1094/1233/1059 1185/1326/1150
f 1186/1327/1151 1176/1317/1141 1182/1323/1147 1184/1325/1149
f 1095/1234/1060 1097/1236/1062 1186/1327/1151 1184/1325/1149
f 1171/1312/1136 1172/1313/1137 1176/1317/1141 1186/1327/1151
f 1097/1236/1062 1099/1238/1064 1171/1312/1136 1186/1327/1151
f 1188/1329/1153 1187/1328/1152 404/359/281 1175/1316/1140
f 1169/1310/1134 1170/1311/1135 1188/1329/1153 1175/1316/1140
f 404/359/281 398/353/275 1174/1315/1139 1175/1316/1140
f 1190/1331/1155 1189/1330/1154 1187/1328/1152 1188/1329/1153
f 1170/1311/1135 1191/1332/1156 1190/1331/1155 1188/1329/1153
f 1192/1333/1157 882/982/836 1190/1331/1155 1191/1332/1156
f 1166/1307/1131 666/707/583 1192/1333/1157 1191/1332/1156
f 1170/1311/1135 1165/1306/1130 1166/1307/1131 1191/1332/1156
f 1193/1334/1158 881/981/835 882/982/836 1192/1333/1157
f 666/707/583 663/704/580 1193/1334/1158 1192/1333/1157
f 1194/1335/1159 883/983/837 881/981/835 1193/1334/1158
f 663/704/580 664/705/581 1194/1335/1159 1193/1334/1158
f 886/986/840 1195/1336/1160 883/983/837 1194/1335/1159
f 664/705/581 885/985/839 886/986/840 1194/1335/1159
f 368/315/239 369/316/240 391/1337/1161 1195/1336/1160
f 886/986/840 389/339/262 368/315/239 1195/1336/1160
f 391/1337/1161 392/342/264 883/983/837 1195/1336/1160
f 882/982/836 879/979/833 1189/1330/1154 1190/1331/1155
f 879/979/833 880/980/834 1196/1338/1162 1189/1330/1154
f 1196/1338/1162 1197/1339/1163 1187/1328/1152 1189/1330/1154
f 1196/1338/1162 1199/1341/1165 1198/1340/1164 1197/1339/1163
f 403/358/280 404/359/281 1187/1328/1152 1197/1339/1163
f 1198/1340/1164 402/357/279 403/358/280 1197/1339/1163
f 1202/1344/1168 1201/1343/1167 1200/1342/1166 1199/1341/1165
f 1196/1338/1162 880/980/834 1202/1344/1168 1199/1341/1165
f 1200/1342/1166 1203/1345/1169 1198/1340/1164 1199/1341/1165
f 1200/1342/1166 1205/1347/1171 1204/1346/1170 1203/1345/1169
f 1206/1348/1172 402/357/279 1198/1340/1164 1203/1345/1169
f 1204/1346/1170 1207/1349/1173 1206/1348/1172 1203/1345/1169
f 1204/1346/1170 1209/1351/1175 1208/1350/1174 1207/1349/1173
f 1210/1352/1176 397/351/273 1206/1348/1172 1207/1349/1173
f 1208/1350/1174 1211/1353/1177 1210/1352/1176 1207/1349/1173
f 1208/1356/1174 888/988/842 1212/1355/1178 1211/1354/1177
f 875/970/827 1213/1358/1179 1210/1357/1176 1211/1354/1177
f 1212/1355/1178 874/969/826 875/970/827 1211/1354/1177
f 396/350/272 397/351/273 1210/1352/1176 1213/1359/1179
f 381/1360/1180 382/352/274 396/350/272 1213/1359/1179
f 875/970/827 384/971/828 381/1361/1180 1213/1358/1179
f 888/988/842 551/551/447 552/552/448 1212/1355/1178
f 552/552/448 873/968/825 874/969/826 1212/1355/1178
f 1214/1363/1181 889/989/843 887/987/841 1209/1362/1175
f 1204/1346/1170 1205/1347/1171 1214/1364/1181 1209/1351/1175
f 887/987/841 888/988/842 1208/1356/1174 1209/1362/1175
f 1216/1366/1183 1215/1365/1182 889/989/843 1214/1363/1181
f 1205/1347/1171 1217/1368/1184 1216/1367/1183 1214/1364/1181
f 1219/1370/1186 1218/1369/1185 1216/1367/1183 1217/1368/1184
f 1201/1343/1167 1220/1371/1187 1219/1370/1186 1217/1368/1184
f 1205/1347/1171 1200/1342/1166 1201/1343/1167 1217/1368/1184
f 418/375/297 1221/1372/1188 1219/1370/1186 1220/1371/1187
f 1222/1373/1189 417/374/296 418/375/297 1220/1371/1187
f 1201/1343/1167 1202/1344/1168 1222/1373/1189 1220/1371/1187
f 878/978/832 416/373/295 417/374/296 1222/1373/1189
f 1202/1344/1168 880/980/834 878/978/832 1222/1373/1189
f 414/370/292 1224/1375/1191 1223/1374/1190 1221/1372/1188
f 418/375/297 413/369/291 414/370/292 1221/1372/1188
f 1223/1374/1190 1218/1369/1185 1219/1370/1186 1221/1372/1188
f 1227/1379/1194 1226/1378/1193 1225/1377/1192 1224/1376/1191
f 414/370/292 411/367/289 1227/1380/1194 1224/1375/1191
f 1225/1377/1192 1228/1382/1195 1223/1381/1190 1224/1376/1191
f 1225/1377/1192 1229/1383/1196 561/563/459 1228/1382/1195
f 1230/1385/1197 1218/1384/1185 1223/1381/1190 1228/1382/1195
f 561/563/459 562/564/460 1230/1385/1197 1228/1382/1195
f 1215/1365/1182 1216/1366/1183 1218/1384/1185 1230/1385/1197
f 562/564/460 557/557/453 1215/1365/1182 1230/1385/1197
f 1233/1388/1200 1232/1387/1199 1231/1386/1198 1229/1383/1196
f 1225/1377/1192 1226/1378/1193 1233/1388/1200 1229/1383/1196
f 1231/1386/1198 560/562/458 561/563/459 1229/1383/1196
f 1235/1390/1202 1234/1389/1201 1232/1387/1199 1233/1388/1200
f 1226/1378/1193 1236/1391/1203 1235/1390/1202 1233/1388/1200
f 1238/1395/1205 1237/1394/1204 1235/1393/1202 1236/1392/1203
f 1240/1397/1207 1239/1396/1206 1238/1395/1205 1236/1392/1203
f 1226/1400/1193 1227/1380/1194 1240/1399/1207 1236/1398/1203
f 412/1402/290 1241/1401/1208 1239/1396/1206 1240/1397/1207
f 1227/1380/1194 411/367/289 412/368/290 1240/1399/1207
f 1243/1404/1210 1242/1403/1209 1239/1396/1206 1241/1401/1208
f 372/320/244 1244/1405/1211 1243/1404/1210 1241/1401/1208
f 412/1402/290 371/319/243 372/320/244 1241/1401/1208
f 1246/1407/1213 1245/1406/1212 1243/1404/1210 1244/1405/1211
f 1248/1409/1215 1247/1408/1214 1246/1407/1213 1244/1405/1211
f 372/320/244 365/310/236 1248/1409/1215 1244/1405/1211
f 1250/1411/1217 1249/1410/1216 1247/1408/1214 1248/1409/1215
f 365/310/236 366/311/237 1250/1411/1217 1248/1409/1215
f 1252/1413/1219 1251/1412/1218 1249/1410/1216 1250/1411/1217
f 366/311/237 390/341/263 1252/1413/1219 1250/1411/1217
f 1254/1415/1221 1253/1414/1220 1251/1412/1218 1252/1413/1219
f 390/341/263 1255/1416/1222 1254/1415/1221 1252/1413/1219
f 1256/1417/1223 351/292/219 1254/1415/1221 1255/1416/1222
f 865/1419/816 866/1418/817 1256/1417/1223 1255/1416/1222
f 390/341/263 131/340/259 865/1419/816 1255/1416/1222
f 1257/1420/1224 348/289/216 351/292/219 1256/1417/1223
f 866/1418/817 867/1421/818 1257/1420/1224 1256/1417/1223
f 867/1421/818 1259/1423/1226 1258/1422/1225 1257/1420/1224
f 1258/1422/1225 347/288/215 348/289/216 1257/1420/1224
f 1262/1427/1229 1261/1426/1228 1260/1425/1227 1259/1424/1226
f 867/961/818 863/957/814 1262/1427/1229 1259/1424/1226
f 1260/1429/1227 1263/1428/1230 1258/1422/1225 1259/1423/1226
f 1260/1429/1227 1265/1431/1232 1264/1430/1231 1263/1428/1230
f 1266/1432/1233 347/288/215 1258/1422/1225 1263/1428/1230
f 1264/1430/1231 1267/1433/1234 1266/1432/1233 1263/1428/1230
f 1269/1435/1236 1268/1434/1235 1266/1432/1233 1267/1433/1234
f 1271/1437/1238 1270/1436/1237 1269/1435/1236 1267/1433/1234
f 1264/1430/1231 345/1438/1239 1271/1437/1238 1267/1433/1234
f 1273/1440/1241 1272/1439/1240 1270/1436/1237 1271/1437/1238
f 345/1438/1239 342/1441/1242 1273/1440/1241 1271/1437/1238
f 1275/1445/1244 1274/1444/1243 1272/1443/1240 1273/1442/1241
f 342/1447/1242 343/1446/1245 1275/1445/1244 1273/1442/1241
f 1277/1449/1247 1276/1448/1246 1274/1444/1243 1275/1445/1244
f 343/1446/1245 1278/1450/1248 1277/1449/1247 1275/1445/1244
f 1261/1426/1228 1279/1451/1249 1277/1449/1247 1278/1450/1248
f 1265/1452/1232 1260/1425/1227 1261/1426/1228 1278/1450/1248
f 343/1446/1245 344/1453/1250 1265/1452/1232 1278/1450/1248
f 1280/1454/1251 1276/1448/1246 1277/1449/1247 1279/1451/1249
f 1281/1455/1252 268/171/118 1280/1454/1251 1279/1451/1249
f 1261/1426/1228 1262/1427/1229 1281/1455/1252 1279/1451/1249
f 864/958/815 267/170/117 268/171/118 1281/1455/1252
f 1262/1427/1229 863/957/814 864/958/815 1281/1455/1252
f 1283/1457/1254 1282/1456/1253 1276/1448/1246 1280/1454/1251
f 268/171/118 269/172/119 1283/1457/1254 1280/1454/1251
f 1285/1459/1256 1284/1458/1255 1282/1456/1253 1283/1457/1254
f 269/172/119 274/177/124 1285/1459/1256 1283/1457/1254
f 1287/1461/1258 1286/1460/1257 1284/1458/1255 1285/1459/1256
f 274/177/124 1288/1462/1259 1287/1461/1258 1285/1459/1256
f 1290/1464/1261 1289/1463/1260 1287/1461/1258 1288/1462/1259
f 1292/1466/1263 1291/1465/1262 1290/1464/1261 1288/1462/1259
f 274/177/124 272/175/122 1292/1466/1263 1288/1462/1259
f 1294/1468/1265 1293/1467/1264 1291/1465/1262 1292/1466/1263
f 272/175/122 273/176/123 1294/1468/1265 1292/1466/1263
f 284/193/140 285/201/145 1293/1467/1264 1294/1468/1265
f 273/176/123 283/192/139 284/193/140 1294/1468/1265
f 1296/1470/1267 1295/1469/1266 1291/1465/1262 1293/1467/1264
f 285/201/145 1297/1471/1268 1296/1470/1267 1293/1467/1264
f 1299/1473/1270 1298/1472/1269 1296/1470/1267 1297/1471/1268
f 1301/1475/1272 1300/1474/1271 1299/1473/1270 1297/1471/1268
f 285/201/145 286/202/146 1301/1475/1272 1297/1471/1268
f 1303/1479/1274 1302/1478/1273 1300/1477/1271 1301/1476/1272
f 286/204/146 287/205/147 1303/1479/1274 1301/1476/1272
f 1305/1481/1276 1304/1480/1275 1302/1478/1273 1303/1479/1274
f 287/205/147 298/1482/162 1305/1481/1276 1303/1479/1274
f 1307/1486/1278 1306/1485/1277 1304/1484/1275 1305/1483/1276
f 298/1488/162 1308/1487/1279 1307/1486/1278 1305/1483/1276
f 316/252/182 1309/1491/1280 1307/1490/1278 1308/1489/1279
f 1310/1492/1281 315/251/181 316/252/182 1308/1489/1279
f 298/1488/162 297/1494/161 1310/1493/1281 1308/1487/1279
f 1311/1496/1282 318/254/184 315/255/181 1310/1495/1281
f 297/223/161 295/220/159 1311/1496/1282 1310/1495/1281
f 1313/1498/1284 1312/1497/1283 318/254/184 1311/1496/1282
f 295/220/159 296/221/160 1313/1498/1284 1311/1496/1282
f 1315/1500/1286 1314/1499/1285 1312/1497/1283 1313/1498/1284
f 296/221/160 1316/1501/1287 1315/1500/1286 1313/1498/1284
f 296/221/160 280/189/136 281/190/137 1316/1501/1287
f 1318/1503/1289 1317/1502/1288 1315/1500/1286 1316/1501/1287
f 281/190/137 271/174/121 1318/1503/1289 1316/1501/1287
f 1320/1505/1291 1319/1504/1290 1317/1502/1288 1318/1503/1289
f 271/174/121 265/168/115 1320/1505/1291 1318/1503/1289
f 1322/1507/1293 1321/1506/1292 1319/1504/1290 1320/1505/1291
f 265/168/115 266/169/116 1322/1507/1293 1320/1505/1291
f 855/947/804 856/948/805 1321/1506/1292 1322/1507/1293
f 266/169/116 862/956/813 855/947/804 1322/1507/1293
f 1324/1509/1295 1323/1508/1294 1319/1504/1290 1321/1506/1292
f 856/948/805 857/949/806 1324/1509/1295 1321/1506/1292
f 1326/1511/1297 1325/1510/1296 1323/1508/1294 1324/1509/1295
f 857/949/806 853/944/801 1326/1511/1297 1324/1509/1295
f 294/218/157 1327/1512/1298 1325/1510/1296 1326/1511/1297
f 853/944/801 293/217/156 294/218/157 1326/1511/1297
f 1329/1514/1300 1328/1513/1299 1325/1510/1296 1327/1512/1298
f 1331/1516/1302 1330/1515/1301 1329/1514/1300 1327/1512/1298
f 294/218/157 291/215/154 1331/1516/1302 1327/1512/1298
f 1333/1518/1304 1332/1517/1303 1330/1515/1301 1331/1516/1302
f 291/215/154 292/216/155 1333/1518/1304 1331/1516/1302
f 851/942/799 1334/1519/1305 1332/1517/1303 1333/1518/1304
f 292/216/155 220/165/112 851/942/799 1333/1518/1304
f 1336/1521/1307 1335/1520/1306 1332/1517/1303 1334/1519/1305
f 1338/1523/1309 1337/1522/1308 1336/1521/1307 1334/1519/1305
f 851/942/799 852/943/800 1338/1523/1309 1334/1519/1305
f 1340/1525/1311 1339/1524/1310 1337/1522/1308 1338/1523/1309
f 852/943/800 1341/1526/1312 1340/1525/1311 1338/1523/1309
f 1343/1528/1314 1342/1527/1313 1340/1525/1311 1341/1526/1312
f 1345/1530/1316 1344/1529/1315 1343/1528/1314 1341/1526/1312
f 852/943/800 264/166/113 1345/1530/1316 1341/1526/1312
f 1347/1532/1318 1346/1531/1317 1344/1529/1315 1345/1530/1316
f 264/166/113 261/160/107 1347/1532/1318 1345/1530/1316
f 1349/1534/1320 1348/1533/1319 1346/1531/1317 1347/1532/1318
f 261/160/107 262/161/108 1349/1534/1320 1347/1532/1318
f 1351/1536/1322 1350/1535/1321 1348/1533/1319 1349/1534/1320
f 262/161/108 1352/1537/1323 1351/1536/1322 1349/1534/1320
f 1354/1539/1325 1353/1538/1324 1351/1536/1322 1352/1537/1323
f 259/180/127 275/181/128 1354/1539/1325 1352/1537/1323
f 262/161/108 258/162/109 259/180/127 1352/1537/1323
f 1356/1541/1327 1355/1540/1326 1353/1538/1324 1354/1539/1325
f 275/181/128 279/185/132 1356/1541/1327 1354/1539/1325
f 1358/1543/1329 1357/1542/1328 1355/1540/1326 1356/1541/1327
f 279/185/132 1359/1544/1330 1358/1543/1329 1356/1541/1327
f 1361/1546/1332 1360/1545/1331 1358/1543/1329 1359/1544/1330
f 1363/1548/1334 1362/1547/1333 1361/1546/1332 1359/1544/1330
f 279/185/132 277/183/130 1363/1548/1334 1359/1544/1330
f 1365/1550/1336 1364/1549/1335 1362/1547/1333 1363/1548/1334
f 277/183/130 278/184/131 1365/1550/1336 1363/1548/1334
f 1367/1552/1338 1366/1551/1337 1364/1549/1335 1365/1550/1336
f 278/184/131 299/228/163 1367/1552/1338 1365/1550/1336
f 1369/1554/1340 1368/1553/1339 1366/1551/1337 1367/1552/1338
f 299/228/163 300/229/164 1369/1554/1340 1367/1552/1338
f 322/263/190 1370/1555/1341 1368/1553/1339 1369/1554/1340
f 300/229/164 301/230/165 322/263/190 1369/1554/1340
f 1372/1557/1343 1371/1556/1342 1368/1553/1339 1370/1555/1341
f 1374/1559/1345 1373/1558/1344 1372/1557/1343 1370/1555/1341
f 322/263/190 323/264/191 1374/1559/1345 1370/1555/1341
f 1376/1561/1347 1375/1560/1346 1373/1558/1344 1374/1559/1345
f 323/264/191 1377/1562/1348 1376/1561/1347 1374/1559/1345
f 918/1030/876 919/1031/877 1376/1561/1347 1377/1562/1348
f 1378/1563/1349 920/1032/878 918/1030/876 1377/1562/1348
f 323/264/191 119/261/188 1378/1563/1349 1377/1562/1348
f 910/1022/868 911/1023/869 920/1032/878 1378/1563/1349
f 119/261/188 324/265/192 910/1022/868 1378/1563/1349
f 919/1031/877 1379/1564/1350 1375/1560/1346 1376/1561/1347
f 1381/1566/1352 1380/1565/1351 1375/1560/1346 1379/1564/1350
f 1383/1568/1354 1382/1567/1353 1381/1566/1352 1379/1564/1350
f 919/1031/877 916/1028/874 1383/1568/1354 1379/1564/1350
f 1385/1570/1356 1384/1569/1355 1382/1567/1353 1383/1568/1354
f 916/1028/874 917/1029/875 1385/1570/1356 1383/1568/1354
f 1387/1572/1358 1386/1571/1357 1384/1569/1355 1385/1570/1356
f 917/1029/875 1388/1573/1359 1387/1572/1358 1385/1570/1356
f 1390/1575/1361 1389/1574/1360 1387/1572/1358 1388/1573/1359
f 1392/1577/1363 1391/1576/1362 1390/1575/1361 1388/1573/1359
f 917/1029/875 915/1027/873 1392/1577/1363 1388/1573/1359
f 571/570/466 572/571/467 1391/1579/1362 1392/1578/1363
f 915/1027/873 575/575/470 571/576/466 1392/1577/1363
f 1394/1581/1365 1393/1580/1364 1390/1575/1361 1391/1576/1362
f 572/571/467 1395/1583/1366 1394/1582/1365 1391/1579/1362
f 1397/1585/1368 1396/1584/1367 1394/1582/1365 1395/1583/1366
f 1399/1587/1370 1398/1586/1369 1397/1585/1368 1395/1583/1366
f 572/571/467 573/572/468 1399/1587/1370 1395/1583/1366
f 1401/1589/1372 1400/1588/1371 1398/1586/1369 1399/1587/1370
f 573/572/468 576/577/471 1401/1589/1372 1399/1587/1370
f 1403/1591/1374 1402/1590/1373 1400/1588/1371 1401/1589/1372
f 576/577/471 1404/1592/1375 1403/1591/1374 1401/1589/1372
f 576/577/471 577/578/472 609/626/513 1404/1592/1375
f 1406/1594/1377 1405/1593/1376 1403/1591/1374 1404/1592/1375
f 609/626/513 1407/1595/1378 1406/1594/1377 1404/1592/1375
f 609/626/513 610/627/514 1408/1596/1379 1407/1595/1378
f 1410/1598/1381 1409/1597/1380 1406/1594/1377 1407/1595/1378
f 1408/1596/1379 1411/1599/1382 1410/1598/1381 1407/1595/1378
f 1408/1596/1379 601/614/505 1412/1600/1383 1411/1599/1382
f 1414/1602/1385 1413/1601/1384 1410/1598/1381 1411/1599/1382
f 1412/1600/1383 1415/1603/1386 1414/1602/1385 1411/1599/1382
f 1412/1600/1383 1417/1605/1388 1416/1604/1387 1415/1603/1386
f 1419/1607/1390 1418/1606/1389 1414/1602/1385 1415/1603/1386
f 1416/1604/1387 1420/1608/1391 1419/1607/1390 1415/1603/1386
f 1416/1604/1387 627/652/535 623/648/531 1420/1608/1391
f 1422/1610/1393 1421/1609/1392 1419/1607/1390 1420/1608/1391
f 623/648/531 624/649/532 1422/1610/1393 1420/1608/1391
f 618/641/525 619/642/526 1421/1609/1392 1422/1610/1393
f 624/649/532 621/644/528 618/641/525 1422/1610/1393
f 1423/1611/1394 1418/1606/1389 1419/1607/1390 1421/1609/1392
f 619/642/526 1424/1612/1395 1423/1611/1394 1421/1609/1392
f 1426/1614/1397 1425/1613/1396 1423/1611/1394 1424/1612/1395
f 1428/1616/1399 1427/1615/1398 1426/1614/1397 1424/1612/1395
f 619/642/526 615/638/522 1428/1616/1399 1424/1612/1395
f 1430/1618/1401 1429/1617/1400 1427/1615/1398 1428/1616/1399
f 615/638/522 616/639/523 1430/1618/1401 1428/1616/1399
f 1432/1620/1403 1431/1619/1402 1429/1617/1400 1430/1618/1401
f 616/639/523 1433/1621/1404 1432/1620/1403 1430/1618/1401
f 616/639/523 617/640/524 1434/1622/1405 1433/1621/1404
f 1436/1624/1407 1435/1623/1406 1432/1620/1403 1433/1621/1404
f 1434/1622/1405 1437/1625/1408 1436/1624/1407 1433/1621/1404
f 1434/1622/1405 1439/1627/1410 1438/1626/1409 1437/1625/1408
f 1441/1629/1412 1440/1628/1411 1436/1624/1407 1437/1625/1408
f 1438/1626/1409 1442/1630/1413 1441/1629/1412 1437/1625/1408
f 1438/1626/1409 775/839/711 776/840/712 1442/1630/1413
f 952/1074/916 953/1075/917 1441/1629/1412 1442/1630/1413
f 776/840/712 774/849/709 952/1074/916 1442/1630/1413
f 953/1075/917 954/1076/918 1440/1628/1411 1441/1629/1412
f 1443/1631/1414 1435/1623/1406 1436/1624/1407 1440/1628/1411
f 954/1076/918 752/807/682 1443/1631/1414 1440/1628/1411
f 1445/1633/1416 1444/1632/1415 1435/1623/1406 1443/1631/1414
f 752/807/682 753/808/683 1445/1633/1416 1443/1631/1414
f 1447/1635/1418 1446/1634/1417 1444/1632/1415 1445/1633/1416
f 753/808/683 756/811/686 1447/1635/1418 1445/1633/1416
f 1449/1637/1420 1448/1636/1419 1446/1634/1417 1447/1635/1418
f 756/811/686 1450/1638/1421 1449/1637/1420 1447/1635/1418
f 1452/1640/1423 1451/1639/1422 1449/1637/1420 1450/1638/1421
f 1454/1642/1425 1453/1641/1424 1452/1640/1423 1450/1638/1421
f 756/811/686 754/809/684 1454/1642/1425 1450/1638/1421
f 1456/1644/1427 1455/1643/1426 1453/1641/1424 1454/1642/1425
f 754/809/684 755/810/685 1456/1644/1427 1454/1642/1425
f 1458/1648/1429 1457/1647/1428 1455/1646/1426 1456/1645/1427
f 755/1650/685 1459/1649/1430 1458/1648/1429 1456/1645/1427
f 755/1650/685 198/446/357 473/447/358 1459/1649/1430
f 465/435/348 1460/1651/1431 1458/1648/1429 1459/1649/1430
f 473/447/358 464/434/347 465/435/348 1459/1649/1430
f 949/1652/912 1457/1647/1428 1458/1648/1429 1460/1651/1431
f 1461/1654/1432 948/1653/911 949/1652/912 1460/1651/1431
f 465/435/348 460/430/343 1461/1654/1432 1460/1651/1431
f 750/805/680 922/1040/881 948/1653/911 1461/1654/1432
f 460/430/343 461/431/344 750/805/680 1461/1654/1432
f 1463/1658/1434 1462/1657/1433 1455/1656/1426 1457/1655/1428
f 949/1070/912 943/1064/906 1463/1658/1434 1457/1655/1428
f 1465/1660/1436 1464/1659/1435 1462/1657/1433 1463/1658/1434
f 943/1064/906 944/1065/907 1465/1660/1436 1463/1658/1434
f 944/1065/907 731/788/663 1466/1661/1437 1465/1660/1436
f 1466/1661/1437 1467/1662/1438 1464/1659/1435 1465/1660/1436
f 1466/1661/1437 1469/1664/1440 1468/1663/1439 1467/1662/1438
f 765/824/699 766/825/700 1464/1666/1435 1467/1665/1438
f 1468/1667/1439 769/828/703 765/824/699 1467/1665/1438
f 732/789/664 1470/1668/1441 739/797/672 1469/1664/1440
f 1466/1661/1437 731/788/663 732/789/664 1469/1664/1440
f 739/797/672 735/793/668 1468/1663/1439 1469/1664/1440
f 733/790/665 1472/1670/1443 1471/1669/1442 1470/1668/1441
f 732/789/664 195/782/657 733/790/665 1470/1668/1441
f 1471/1669/1442 738/796/671 739/797/672 1470/1668/1441
f 1475/1673/1446 1474/1672/1445 1473/1671/1444 1472/1670/1443
f 733/790/665 734/791/666 1475/1673/1446 1472/1670/1443
f 1473/1671/1444 1476/1674/1447 1471/1669/1442 1472/1670/1443
f 1473/1671/1444 1478/1676/1449 1477/1675/1448 1476/1674/1447
f 740/798/673 738/796/671 1471/1669/1442 1476/1674/1447
f 1477/1675/1448 1479/1677/1450 740/798/673 1476/1674/1447
f 1477/1675/1448 1481/1679/1452 1480/1678/1451 1479/1677/1450
f 1482/1680/1453 737/795/670 740/798/673 1479/1677/1450
f 1480/1678/1451 1483/1681/1454 1482/1680/1453 1479/1677/1450
f 1480/1678/1451 1485/1683/1456 1484/1682/1455 1483/1681/1454
f 1487/1685/1458 1486/1684/1457 1482/1680/1453 1483/1681/1454
f 1484/1682/1455 1488/1686/1459 1487/1685/1458 1483/1681/1454
f 1484/1682/1455 1490/1688/1461 1489/1687/1460 1488/1686/1459
f 1491/1690/1462 770/1689/704 1487/1685/1458 1488/1686/1459
f 1489/1687/1460 1451/1639/1422 1491/1690/1462 1488/1686/1459
f 1492/1691/1463 767/826/701 770/1689/704 1491/1690/1462
f 1451/1639/1422 1452/1640/1423 1492/1691/1463 1491/1690/1462
f 1493/1692/1464 766/825/700 767/826/701 1492/1691/1463
f 1452/1640/1423 1453/1641/1424 1493/1692/1464 1492/1691/1463
f 1462/1693/1433 1464/1666/1435 766/825/700 1493/1692/1464
f 1453/1641/1424 1455/1643/1426 1462/1693/1433 1493/1692/1464
f 1496/1696/1467 1495/1695/1466 1494/1694/1465 1490/1688/1461
f 1484/1682/1455 1485/1683/1456 1496/1696/1467 1490/1688/1461
f 1494/1694/1465 1448/1636/1419 1489/1687/1460 1490/1688/1461
f 1498/1698/1469 1497/1697/1468 1495/1695/1466 1496/1696/1467
f 1485/1683/1456 1499/1699/1470 1498/1698/1469 1496/1696/1467
f 1501/1701/1472 1500/1700/1471 1498/1698/1469 1499/1699/1470
f 1481/1679/1452 1502/1702/1473 1501/1701/1472 1499/1699/1470
f 1485/1683/1456 1480/1678/1451 1481/1679/1452 1499/1699/1470
f 1504/1704/1475 1503/1703/1474 1501/1701/1472 1502/1702/1473
f 1478/1676/1449 1505/1705/1476 1504/1704/1475 1502/1702/1473
f 1481/1679/1452 1477/1675/1448 1478/1676/1449 1502/1702/1473
f 1507/1707/1478 1506/1706/1477 1504/1704/1475 1505/1705/1476
f 1474/1672/1445 1508/1708/1479 1507/1707/1478 1505/1705/1476
f 1478/1676/1449 1473/1671/1444 1474/1672/1445 1505/1705/1476
f 1510/1710/1481 1509/1709/1480 1507/1707/1478 1508/1708/1479
f 1512/1712/1483 1511/1711/1482 1510/1710/1481 1508/1708/1479
f 1474/1672/1445 1475/1673/1446 1512/1712/1483 1508/1708/1479
f 1514/1714/1485 1513/1713/1484 1511/1711/1482 1512/1712/1483
f 1475/1673/1446 734/791/666 1514/1714/1485 1512/1712/1483
f 734/791/666 726/783/658 1515/1715/1486 1514/1714/1485
f 1515/1715/1486 1516/1716/1487 1513/1713/1484 1514/1714/1485
f 1515/1715/1486 1518/1718/1489 1517/1717/1488 1516/1716/1487
f 1519/1720/1491 742/1719/1490 1513/1713/1484 1516/1716/1487
f 1517/1717/1488 1520/1721/1492 1519/1720/1491 1516/1716/1487
f 1517/1717/1488 1522/1723/1494 1521/1722/1493 1520/1721/1492
f 1524/1725/1496 1523/1724/1495 1519/1720/1491 1520/1721/1492
f 1521/1722/1493 1525/1726/1497 1524/1725/1496 1520/1721/1492
f 1521/1722/1493 1402/1590/1373 1526/1727/1498 1525/1726/1497
f 1528/1729/1500 1527/1728/1499 1524/1725/1496 1525/1726/1497
f 1526/1727/1498 1529/1730/1501 1528/1729/1500 1525/1726/1497
f 1526/1727/1498 1405/1593/1376 1530/1731/1502 1529/1730/1501
f 1532/1733/1504 1531/1732/1503 1528/1729/1500 1529/1730/1501
f 1530/1731/1502 1533/1734/1505 1532/1733/1504 1529/1730/1501
f 1530/1731/1502 1409/1597/1380 1534/1735/1506 1533/1734/1505
f 1536/1737/1508 1535/1736/1507 1532/1733/1504 1533/1734/1505
f 1534/1735/1506 1537/1738/1509 1536/1737/1508 1533/1734/1505
f 1534/1735/1506 1413/1601/1384 1538/1739/1510 1537/1738/1509
f 1540/1741/1512 1539/1740/1511 1536/1737/1508 1537/1738/1509
f 1538/1739/1510 1425/1613/1396 1540/1741/1512 1537/1738/1509
f 1542/1743/1514 1541/1742/1513 1539/1740/1511 1540/1741/1512
f 1425/1613/1396 1426/1614/1397 1542/1743/1514 1540/1741/1512
f 1543/1744/1515 1497/1697/1468 1541/1742/1513 1542/1743/1514
f 1426/1614/1397 1427/1615/1398 1543/1744/1515 1542/1743/1514
f 1544/1745/1516 1495/1695/1466 1497/1697/1468 1543/1744/1515
f 1427/1615/1398 1429/1617/1400 1544/1745/1516 1543/1744/1515
f 1545/1746/1517 1494/1694/1465 1495/1695/1466 1544/1745/1516
f 1429/1617/1400 1431/1619/1402 1545/1746/1517 1544/1745/1516
f 1446/1634/1417 1448/1636/1419 1494/1694/1465 1545/1746/1517
f 1431/1619/1402 1444/1632/1415 1446/1634/1417 1545/1746/1517
f 1500/1700/1471 1546/1747/1518 1539/1740/1511 1541/1742/1513
f 1497/1697/1468 1498/1698/1469 1500/1700/1471 1541/1742/1513
f 1535/1736/1507 1536/1737/1508 1539/1740/1511 1546/1747/1518
f 1503/1703/1474 1547/1748/1519 1535/1736/1507 1546/1747/1518
f 1500/1700/1471 1501/1701/1472 1503/1703/1474 1546/1747/1518
f 1531/1732/1503 1532/1733/1504 1535/1736/1507 1547/1748/1519
f 1506/1706/1477 1548/1749/1520 1531/1732/1503 1547/1748/1519
f 1503/1703/1474 1504/1704/1475 1506/1706/1477 1547/1748/1519
f 1527/1728/1499 1528/1729/1500 1531/1732/1503 1548/1749/1520
f 1509/1709/1480 1549/1750/1521 1527/1728/1499 1548/1749/1520
f 1506/1706/1477 1507/1707/1478 1509/1709/1480 1548/1749/1520
f 1523/1724/1495 1524/1725/1496 1527/1728/1499 1549/1750/1521
f 744/1752/1523 741/1751/1522 1523/1724/1495 1549/1750/1521
f 1509/1709/1480 1510/1710/1481 744/1752/1523 1549/1750/1521
f 1413/1601/1384 1414/1602/1385 1418/1606/1389 1538/1739/1510
f 1418/1606/1389 1423/1611/1394 1425/1613/1396 1538/1739/1510
f 1409/1597/1380 1410/1598/1381 1413/1601/1384 1534/1735/1506
f 1405/1593/1376 1406/1594/1377 1409/1597/1380 1530/1731/1502
f 1402/1590/1373 1403/1591/1374 1405/1593/1376 1526/1727/1498
f 741/1751/1522 742/1719/1490 1519/1720/1491 1523/1724/1495
f 1550/1753/1524 1398/1586/1369 1400/1588/1371 1522/1723/1494
f 1517/1717/1488 1518/1718/1489 1550/1753/1524 1522/1723/1494
f 1400/1588/1371 1402/1590/1373 1521/1722/1493 1522/1723/1494
f 1551/1754/1525 1397/1585/1368 1398/1586/1369 1550/1753/1524
f 1518/1718/1489 727/784/659 1551/1754/1525 1550/1753/1524
f 1552/1755/1526 1396/1584/1367 1397/1585/1368 1551/1754/1525
f 727/784/659 728/785/660 1552/1755/1526 1551/1754/1525
f 1554/1757/1528 1553/1756/1527 1396/1584/1367 1552/1755/1526
f 728/785/660 729/786/661 1554/1757/1528 1552/1755/1526
f 1556/1759/1530 1555/1758/1529 1553/1756/1527 1554/1757/1528
f 729/786/661 947/1068/910 1556/1759/1530 1554/1757/1528
f 1558/1761/1532 1557/1760/1531 1555/1758/1529 1556/1759/1530
f 947/1068/910 946/1067/909 1558/1761/1532 1556/1759/1530
f 906/1018/864 907/1019/865 1557/1760/1531 1558/1761/1532
f 946/1067/909 908/1020/866 906/1018/864 1558/1761/1532
f 907/1765/865 1560/1764/1534 1559/1763/1533 1557/1762/1531
f 1559/1763/1533 1561/1767/1535 1555/1766/1529 1557/1762/1531
f 1559/1763/1533 1562/1768/1536 1389/1574/1360 1561/1767/1535
f 1393/1580/1364 1553/1769/1527 1555/1766/1529 1561/1767/1535
f 1389/1574/1360 1390/1575/1361 1393/1580/1364 1561/1767/1535
f 1564/1771/1538 1563/1770/1537 1386/1571/1357 1562/1768/1536
f 1559/1763/1533 1560/1764/1534 1564/1771/1538 1562/1768/1536
f 1386/1571/1357 1387/1572/1358 1389/1574/1360 1562/1768/1536
f 1565/1772/1539 607/621/511 1563/1770/1537 1564/1771/1538
f 1560/1764/1534 1566/1773/1540 1565/1772/1539 1564/1771/1538
f 1568/1775/1542 1567/1774/1541 1565/1772/1539 1566/1773/1540
f 903/1777/861 904/1776/862 1568/1775/1542 1566/1773/1540
f 1560/1764/1534 907/1765/865 903/1777/861 1566/1773/1540
f 614/636/520 613/633/519 1567/1774/1541 1568/1775/1542
f 904/1776/862 622/646/529 614/636/520 1568/1775/1542
f 613/633/519 608/622/512 606/620/510 1567/1774/1541
f 606/620/510 607/621/511 1565/1772/1539 1567/1774/1541
f 607/621/511 591/596/489 592/597/490 1563/1770/1537
f 592/597/490 1384/1569/1355 1386/1571/1357 1563/1770/1537
f 1393/1580/1364 1394/1581/1365 1396/1778/1367 1553/1769/1527
f 1515/1715/1486 726/783/658 727/784/659 1518/1718/1489
f 742/1719/1490 743/1779/1543 1511/1711/1482 1513/1713/1484
f 743/1779/1543 744/1752/1523 1510/1710/1481 1511/1711/1482
f 1448/1636/1419 1449/1637/1420 1451/1639/1422 1489/1687/1460
f 770/1689/704 768/1780/702 1486/1684/1457 1487/1685/1458
f 736/794/669 737/795/670 1482/1680/1453 1486/1684/1457
f 768/1782/702 769/1781/703 736/794/669 1486/1684/1457
f 735/1784/668 736/1783/669 769/828/703 1468/1667/1439
f 1431/1619/1402 1432/1620/1403 1435/1623/1406 1444/1632/1415
f 1570/1786/1545 1569/1785/1544 778/843/714 1439/1627/1410
f 1434/1622/1405 617/640/524 1570/1786/1545 1439/1627/1410
f 778/843/714 775/839/711 1438/1626/1409 1439/1627/1410
f 602/615/506 605/618/509 1571/1787/1546 1417/1605/1388
f 1412/1600/1383 601/614/505 602/615/506 1417/1605/1388
f 1571/1787/1546 627/652/535 1416/1604/1387 1417/1605/1388
f 605/618/509 1573/1789/1548 1572/1788/1547 1571/1787/1546
f 1572/1788/1547 626/651/534 627/652/535 1571/1787/1546
f 929/1792/890 930/1791/891 1574/1790/1549 1573/1789/1548
f 605/618/509 603/619/507 929/1792/890 1573/1789/1548
f 1574/1790/1549 1575/1793/1550 1572/1788/1547 1573/1789/1548
f 1574/1790/1549 1577/1795/1552 1576/1794/1551 1575/1793/1550
f 631/656/539 626/651/534 1572/1788/1547 1575/1793/1550
f 1576/1794/1551 1578/1796/1553 631/656/539 1575/1793/1550
f 1576/1794/1551 1580/1798/1555 1579/1797/1554 1578/1796/1553
f 1581/1799/1556 630/655/538 631/656/539 1578/1796/1553
f 1579/1797/1554 1582/1800/1557 1581/1799/1556 1578/1796/1553
f 1579/1797/1554 1584/1802/1559 1583/1801/1558 1582/1800/1557
f 1586/1804/1561 1585/1803/1560 1581/1799/1556 1582/1800/1557
f 1583/1801/1558 1587/1805/1562 1586/1804/1561 1582/1800/1557
f 1583/1801/1558 1589/1807/1564 1588/1806/1563 1587/1805/1562
f 1591/1809/1566 1590/1808/1565 1586/1804/1561 1587/1805/1562
f 1588/1806/1563 1592/1810/1567 1591/1809/1566 1587/1805/1562
f 1588/1806/1563 1594/1812/1569 1593/1811/1568 1592/1810/1567
f 650/688/564 646/684/560 1591/1814/1566 1592/1813/1567
f 1593/1816/1568 1595/1815/1570 650/688/564 1592/1813/1567
f 1593/1820/1568 1597/1819/1572 1596/1818/1571 1595/1817/1570
f 1598/1821/1573 649/687/563 650/688/564 1595/1815/1570
f 1596/1818/1571 1599/1823/1574 1598/1822/1573 1595/1817/1570
f 1596/1818/1571 1601/1825/1576 1600/1824/1575 1599/1823/1574
f 1603/1827/1578 1602/1826/1577 1598/1822/1573 1599/1823/1574
f 1600/1824/1575 1604/1828/1579 1603/1827/1578 1599/1823/1574
f 1600/1824/1575 1606/1830/1581 1605/1829/1580 1604/1828/1579
f 1608/1832/1583 1607/1831/1582 1603/1827/1578 1604/1828/1579
f 1605/1829/1580 1609/1833/1584 1608/1832/1583 1604/1828/1579
f 1605/1829/1580 1611/1835/1586 1610/1834/1585 1609/1833/1584
f 1613/1837/1588 1612/1836/1587 1608/1832/1583 1609/1833/1584
f 1610/1834/1585 1614/1838/1589 1613/1837/1588 1609/1833/1584
f 1610/1834/1585 1616/1840/1591 1615/1839/1590 1614/1838/1589
f 1618/1842/1593 1617/1841/1592 1613/1837/1588 1614/1838/1589
f 1615/1839/1590 1619/1843/1594 1618/1842/1593 1614/1838/1589
f 1615/1839/1590 836/930/788 837/931/789 1619/1843/1594
f 1621/1845/1596 1620/1844/1595 1618/1842/1593 1619/1843/1594
f 837/931/789 1622/1846/1597 1621/1845/1596 1619/1843/1594
f 837/931/789 838/932/790 797/875/738 1622/1846/1597
f 1624/1848/1599 1623/1847/1598 1621/1845/1596 1622/1846/1597
f 797/875/738 798/876/739 1624/1848/1599 1622/1846/1597
f 1626/1850/1601 1625/1849/1600 1623/1847/1598 1624/1848/1599
f 798/876/739 795/871/735 1626/1850/1601 1624/1848/1599
f 1628/1852/1603 1627/1851/1602 1625/1849/1600 1626/1850/1601
f 795/871/735 793/872/733 1628/1852/1603 1626/1850/1601
f 1630/1856/1605 1629/1855/1604 1627/1854/1602 1628/1853/1603
f 793/868/733 794/869/734 1630/1856/1605 1628/1853/1603
f 1632/1858/1607 1631/1857/1606 1629/1855/1604 1630/1856/1605
f 794/869/734 789/862/728 1632/1858/1607 1630/1856/1605
f 1634/1860/1609 1633/1859/1608 1631/1857/1606 1632/1858/1607
f 789/862/728 206/858/724 1634/1860/1609 1632/1858/1607
f 1636/1862/1611 1635/1861/1610 1633/1859/1608 1634/1860/1609
f 206/858/724 787/860/726 1636/1862/1611 1634/1860/1609
f 1638/1864/1613 1637/1863/1612 1635/1861/1610 1636/1862/1611
f 787/860/726 1639/1865/1614 1638/1864/1613 1636/1862/1611
f 1641/1867/1616 1640/1866/1615 1638/1864/1613 1639/1865/1614
f 959/1082/922 641/682/558 1641/1867/1616 1639/1865/1614
f 787/860/726 785/856/723 959/1082/922 1639/1865/1614
f 1643/1869/1618 1642/1868/1617 1640/1866/1615 1641/1867/1616
f 641/682/558 639/675/555 1643/1869/1618 1641/1867/1616
f 1645/1871/1620 1644/1870/1619 1642/1868/1617 1643/1869/1618
f 639/675/555 637/671/552 1645/1871/1620 1643/1869/1618
f 1647/1873/1622 1646/1872/1621 1644/1870/1619 1645/1871/1620
f 637/671/552 638/672/553 1647/1873/1622 1645/1871/1620
f 629/654/537 632/657/540 1646/1875/1621 1647/1874/1622
f 638/673/553 628/653/536 629/654/537 1647/1874/1622
f 632/657/540 1585/1803/1560 1648/1876/1623 1646/1875/1621
f 1648/1878/1623 1649/1877/1624 1644/1870/1619 1646/1872/1621
f 1648/1878/1623 1590/1879/1565 647/685/561 1649/1877/1624
f 1650/1880/1625 1642/1868/1617 1644/1870/1619 1649/1877/1624
f 647/685/561 648/686/562 1650/1880/1625 1649/1877/1624
f 1651/1881/1626 1640/1866/1615 1642/1868/1617 1650/1880/1625
f 648/686/562 651/689/565 1651/1881/1626 1650/1880/1625
f 1637/1863/1612 1638/1864/1613 1640/1866/1615 1651/1881/1626
f 651/689/565 1652/1882/1627 1637/1863/1612 1651/1881/1626
f 651/689/565 652/690/566 1653/1883/1628 1652/1882/1627
f 1654/1884/1629 1635/1861/1610 1637/1863/1612 1652/1882/1627
f 1653/1883/1628 1655/1885/1630 1654/1884/1629 1652/1882/1627
f 1653/1883/1628 1657/1887/1632 1656/1886/1631 1655/1885/1630
f 1659/1889/1634 1658/1888/1633 1654/1884/1629 1655/1885/1630
f 1656/1886/1631 1660/1890/1635 1659/1889/1634 1655/1885/1630
f 1656/1886/1631 1662/1892/1637 1661/1891/1636 1660/1890/1635
f 1664/1894/1639 1663/1893/1638 1659/1889/1634 1660/1890/1635
f 1661/1891/1636 1665/1895/1640 1664/1894/1639 1660/1890/1635
f 1661/1891/1636 1666/1897/1641 805/1896/748 1665/1895/1640
f 801/1899/742 1667/1898/1642 1664/1894/1639 1665/1895/1640
f 805/1896/748 800/1900/741 801/1899/742 1665/1895/1640
f 1668/1901/1643 1663/1893/1638 1664/1894/1639 1667/1898/1642
f 806/1903/1645 1669/1902/1644 1668/1901/1643 1667/1898/1642
f 801/1899/742 799/1904/743 806/1903/1645 1667/1898/1642
f 1671/1906/1647 1670/1905/1646 1668/1901/1643 1669/1902/1644
f 1673/1910/1649 1672/1909/1648 1671/1908/1647 1669/1907/1644
f 806/1912/751 802/1911/745 1673/1910/1649 1669/1907/1644
f 1675/1914/1651 1674/1913/1650 1672/1909/1648 1673/1910/1649
f 802/1911/745 803/1915/746 1675/1914/1651 1673/1910/1649
f 1676/1916/1652 1620/1844/1595 1674/1913/1650 1675/1914/1651
f 803/1915/746 1677/1917/1653 1676/1916/1652 1675/1914/1651
f 1678/1918/1654 1617/1841/1592 1676/1916/1652 1677/1917/1653
f 1680/1920/1656 1679/1919/1655 1678/1918/1654 1677/1917/1653
f 803/1915/746 804/1921/747 1680/1920/1656 1677/1917/1653
f 1666/1923/1641 1681/1922/1657 1679/1919/1655 1680/1920/1656
f 804/1921/747 805/1924/748 1666/1923/1641 1680/1920/1656
f 1683/1926/1659 1682/1925/1658 1679/1919/1655 1681/1922/1657
f 1662/1928/1637 1684/1927/1660 1683/1926/1659 1681/1922/1657
f 1666/1897/1641 1661/1891/1636 1662/1892/1637 1681/1929/1657
f 655/1931/570 1685/1930/1661 1683/1926/1659 1684/1927/1660
f 1657/1887/1632 654/693/569 655/694/570 1684/1932/1660
f 1662/1892/1637 1656/1886/1631 1657/1887/1632 1684/1932/1660
f 1602/1826/1577 1603/1827/1578 1607/1831/1582 1685/1930/1661
f 655/1931/570 653/1933/568 1602/1826/1577 1685/1930/1661
f 1607/1831/1582 1682/1925/1658 1683/1926/1659 1685/1930/1661
f 1607/1831/1582 1608/1832/1583 1612/1836/1587 1682/1925/1658
f 1612/1836/1587 1678/1918/1654 1679/1919/1655 1682/1925/1658
f 1612/1836/1587 1613/1837/1588 1617/1841/1592 1678/1918/1654
f 1617/1841/1592 1618/1842/1593 1620/1844/1595 1676/1916/1652
f 1620/1844/1595 1621/1845/1596 1623/1847/1598 1674/1913/1650
f 1623/1847/1598 1625/1849/1600 1672/1909/1648 1674/1913/1650
f 1625/1849/1600 1627/1851/1602 1671/1908/1647 1672/1909/1648
f 1627/1854/1602 1629/1855/1604 1670/1905/1646 1671/1906/1647
f 1686/1934/1662 1663/1893/1638 1668/1901/1643 1670/1905/1646
f 1629/1855/1604 1631/1857/1606 1686/1934/1662 1670/1905/1646
f 1658/1888/1633 1659/1889/1634 1663/1893/1638 1686/1934/1662
f 1631/1857/1606 1633/1859/1608 1658/1888/1633 1686/1934/1662
f 1633/1859/1608 1635/1861/1610 1654/1884/1629 1658/1888/1633
f 1653/1883/1628 652/690/566 654/693/569 1657/1887/1632
f 1585/1803/1560 1586/1804/1561 1590/1808/1565 1648/1876/1623
f 1688/1936/1664 1687/1935/1663 845/939/797 1616/1840/1591
f 1610/1834/1585 1611/1835/1586 1688/1936/1664 1616/1840/1591
f 845/939/797 836/930/788 1615/1839/1590 1616/1840/1591
f 1690/1938/1666 1689/1937/1665 1687/1935/1663 1688/1936/1664
f 1611/1835/1586 1691/1939/1667 1690/1938/1666 1688/1936/1664
f 1692/1940/1668 716/771/646 1690/1938/1666 1691/1939/1667
f 1606/1830/1581 1693/1941/1669 1692/1940/1668 1691/1939/1667
f 1611/1835/1586 1605/1829/1580 1606/1830/1581 1691/1939/1667
f 1695/1943/1671 1694/1942/1670 1692/1940/1668 1693/1941/1669
f 1601/1825/1576 1696/1944/1672 1695/1943/1671 1693/1941/1669
f 1606/1830/1581 1600/1824/1575 1601/1825/1576 1693/1941/1669
f 1698/1946/1674 1697/1945/1673 1695/1943/1671 1696/1944/1672
f 1597/1819/1572 1699/1947/1675 1698/1946/1674 1696/1944/1672
f 1601/1825/1576 1596/1818/1571 1597/1819/1572 1696/1944/1672
f 1701/1949/1677 1700/1948/1676 1698/1946/1674 1699/1947/1675
f 1594/1951/1569 1702/1950/1678 1701/1949/1677 1699/1947/1675
f 1597/1819/1572 1593/1820/1568 1594/1951/1569 1699/1947/1675
f 1704/1953/1680 1703/1952/1679 1701/1949/1677 1702/1950/1678
f 1589/1807/1564 1705/1956/1681 1704/1955/1680 1702/1954/1678
f 1594/1812/1569 1588/1806/1563 1589/1807/1564 1702/1954/1678
f 1706/1958/1683 643/1957/1682 1704/1955/1680 1705/1956/1681
f 1584/1802/1559 1707/1959/1684 1706/1958/1683 1705/1956/1681
f 1589/1807/1564 1583/1801/1558 1584/1802/1559 1705/1956/1681
f 1709/1961/1686 1708/1960/1685 1706/1958/1683 1707/1959/1684
f 1580/1798/1555 1710/1962/1687 1709/1961/1686 1707/1959/1684
f 1584/1802/1559 1579/1797/1554 1580/1798/1555 1707/1959/1684
f 1712/1966/1689 1711/1965/1688 1709/1964/1686 1710/1963/1687
f 1577/1795/1552 934/1968/895 1712/1967/1689 1710/1962/1687
f 1580/1798/1555 1576/1794/1551 1577/1795/1552 1710/1962/1687
f 1714/1970/1691 1713/1969/1690 1711/1965/1688 1712/1966/1689
f 934/1053/895 931/1050/892 1714/1970/1691 1712/1966/1689
f 1716/1972/1693 1715/1971/1692 1713/1969/1690 1714/1970/1691
f 931/1050/892 932/1051/893 1716/1972/1693 1714/1970/1691
f 721/776/651 1717/1973/1694 1715/1971/1692 1716/1972/1693
f 932/1051/893 720/775/650 721/776/651 1716/1972/1693
f 1697/1945/1673 1718/1974/1695 1715/1971/1692 1717/1973/1694
f 1694/1942/1670 1695/1943/1671 1697/1945/1673 1717/1973/1694
f 721/776/651 715/770/645 1694/1942/1670 1717/1973/1694
f 1719/1975/1696 1713/1969/1690 1715/1971/1692 1718/1974/1695
f 1700/1948/1676 1720/1976/1697 1719/1975/1696 1718/1974/1695
f 1697/1945/1673 1698/1946/1674 1700/1948/1676 1718/1974/1695
f 645/1978/1699 1721/1977/1698 1719/1975/1696 1720/1976/1697
f 1703/1952/1679 644/1979/1700 645/1978/1699 1720/1976/1697
f 1700/1948/1676 1701/1949/1677 1703/1952/1679 1720/1976/1697
f 1711/1965/1688 1713/1969/1690 1719/1975/1696 1721/1977/1698
f 1708/1980/1685 1709/1964/1686 1711/1965/1688 1721/1977/1698
f 645/1978/1699 642/1981/1701 1708/1980/1685 1721/1977/1698
f 642/1982/1701 643/1957/1682 1706/1958/1683 1708/1960/1685
f 643/1983/1682 644/1979/1700 1703/1952/1679 1704/1953/1680
f 715/770/645 716/771/646 1692/1940/1668 1694/1942/1670
f 716/771/646 712/767/642 1689/1937/1665 1690/1938/1666
f 712/767/642 713/768/643 1722/1984/1702 1689/1937/1665
f 1722/1984/1702 1723/1985/1703 1687/1935/1663 1689/1937/1665
f 1722/1984/1702 704/754/630 705/755/631 1723/1985/1703
f 844/938/796 845/939/797 1687/1935/1663 1723/1985/1703
f 705/755/631 843/937/795 844/938/796 1723/1985/1703
f 713/768/643 703/753/629 704/754/630 1722/1984/1702
f 653/692/568 649/687/563 1598/1821/1573 1602/1986/1577
f 646/684/560 647/685/561 1590/1879/1565 1591/1814/1566
f 632/657/540 630/655/538 1581/1799/1556 1585/1803/1560
f 1574/1790/1549 930/1791/891 934/1968/895 1577/1795/1552
f 610/627/514 599/609/502 601/614/505 1408/1596/1379
f 592/597/490 584/589/482 1382/1567/1353 1384/1569/1355
f 584/589/482 585/590/483 1381/1566/1352 1382/1567/1353
f 585/590/483 1724/1987/1704 1380/1565/1351 1381/1566/1352
f 1727/1990/1707 1726/1989/1706 1725/1988/1705 1724/1987/1704
f 585/590/483 586/591/484 1727/1990/1707 1724/1987/1704
f 1725/1988/1705 1728/1991/1708 1380/1565/1351 1724/1987/1704
f 1725/1988/1705 1730/1993/1710 1729/1992/1709 1728/1991/1708
f 1373/1558/1344 1375/1560/1346 1380/1565/1351 1728/1991/1708
f 1729/1992/1709 1372/1557/1343 1373/1558/1344 1728/1991/1708
f 1733/1996/1713 1732/1995/1712 1731/1994/1711 1730/1993/1710
f 1725/1988/1705 1726/1989/1706 1733/1996/1713 1730/1993/1710
f 1731/1994/1711 1734/1997/1714 1729/1992/1709 1730/1993/1710
f 1731/1994/1711 1736/1999/1716 1735/1998/1715 1734/1997/1714
f 1371/1556/1342 1372/1557/1343 1729/1992/1709 1734/1997/1714
f 1735/1998/1715 1737/2000/1717 1371/1556/1342 1734/1997/1714
f 1735/1998/1715 1739/2002/1719 1738/2001/1718 1737/2000/1717
f 1366/1551/1337 1368/1553/1339 1371/1556/1342 1737/2000/1717
f 1738/2001/1718 1364/1549/1335 1366/1551/1337 1737/2000/1717
f 1742/2005/1722 1741/2004/1721 1740/2003/1720 1739/2002/1719
f 1735/1998/1715 1736/1999/1716 1742/2005/1722 1739/2002/1719
f 1740/2003/1720 1743/2006/1723 1738/2001/1718 1739/2002/1719
f 1740/2003/1720 1745/2008/1725 1744/2007/1724 1743/2006/1723
f 1362/1547/1333 1364/1549/1335 1738/2001/1718 1743/2006/1723
f 1744/2007/1724 1361/1546/1332 1362/1547/1333 1743/2006/1723
f 1748/2011/1728 1747/2010/1727 1746/2009/1726 1745/2008/1725
f 1740/2003/1720 1741/2004/1721 1748/2011/1728 1745/2008/1725
f 1746/2009/1726 1749/2012/1729 1744/2007/1724 1745/2008/1725
f 1746/2009/1726 1751/2014/1731 1750/2013/1730 1749/2012/1729
f 1360/1545/1331 1361/1546/1332 1744/2007/1724 1749/2012/1729
f 1750/2013/1730 1752/2015/1732 1360/1545/1331 1749/2012/1729
f 1750/2013/1730 1754/2017/1734 1753/2016/1733 1752/2015/1732
f 1357/1542/1328 1358/1543/1329 1360/1545/1331 1752/2015/1732
f 1753/2016/1733 1755/2018/1735 1357/1542/1328 1752/2015/1732
f 1753/2016/1733 1757/2020/1737 1756/2019/1736 1755/2018/1735
f 1758/2021/1738 1355/1540/1326 1357/1542/1328 1755/2018/1735
f 1756/2019/1736 1759/2022/1739 1758/2021/1738 1755/2018/1735
f 1756/2019/1736 427/381/303 1760/2023/1740 1759/2022/1739
f 1762/2025/1742 1761/2024/1741 1758/2021/1738 1759/2022/1739
f 1760/2023/1740 1763/2026/1743 1762/2025/1742 1759/2022/1739
f 1760/2023/1740 1764/2028/1745 420/2027/1744 1763/2026/1743
f 1766/2030/1747 1765/2029/1746 1762/2025/1742 1763/2026/1743
f 420/2027/1744 421/2031/1748 1766/2030/1747 1763/2026/1743
f 1768/2033/1750 1767/2032/1749 1765/2029/1746 1766/2030/1747
f 421/2031/1748 422/2034/1751 1768/2033/1750 1766/2030/1747
f 1770/2036/1753 1769/2035/1752 1767/2032/1749 1768/2033/1750
f 422/2034/1751 1771/2037/1754 1770/2036/1753 1768/2033/1750
f 1773/2039/1756 1772/2038/1755 1770/2036/1753 1771/2037/1754
f 1774/2040/1757 424/378/300 1773/2039/1756 1771/2037/1754
f 422/2034/1751 419/2041/1758 1774/2040/1757 1771/2037/1754
f 1764/2028/1745 423/377/299 424/378/300 1774/2040/1757
f 419/2041/1758 420/2027/1744 1764/2028/1745 1774/2040/1757
f 1776/2043/1760 1775/2042/1759 1772/2038/1755 1773/2039/1756
f 424/378/300 425/379/301 1776/2043/1760 1773/2039/1756
f 1778/2045/1762 1777/2044/1761 1775/2042/1759 1776/2043/1760
f 425/379/301 430/384/306 1778/2045/1762 1776/2043/1760
f 1780/2047/1764 1779/2046/1763 1777/2044/1761 1778/2045/1762
f 430/384/306 1781/2048/1765 1780/2047/1764 1778/2045/1762
f 1783/2050/1767 1782/2049/1766 1780/2047/1764 1781/2048/1765
f 433/392/311 434/393/312 1783/2050/1767 1781/2048/1765
f 430/384/306 431/385/307 433/392/311 1781/2048/1765
f 1785/2052/1769 1784/2051/1768 1782/2049/1766 1783/2050/1767
f 434/393/312 439/400/317 1785/2052/1769 1783/2050/1767
f 1787/2054/1771 1786/2053/1770 1784/2051/1768 1785/2052/1769
f 439/400/317 1788/2055/1772 1787/2054/1771 1785/2052/1769
f 1790/2057/1774 1789/2056/1773 1787/2054/1771 1788/2055/1772
f 1792/2059/1776 1791/2058/1775 1790/2057/1774 1788/2055/1772
f 439/400/317 437/401/315 1792/2059/1776 1788/2055/1772
f 1794/2063/1778 1793/2062/1777 1791/2061/1775 1792/2060/1776
f 437/398/315 438/399/316 1794/2063/1778 1792/2060/1776
f 1796/2065/1780 1795/2064/1779 1793/2062/1777 1794/2063/1778
f 438/399/316 1797/2066/1781 1796/2065/1780 1794/2063/1778
f 1799/2068/1783 1798/2067/1782 1796/2065/1780 1797/2066/1781
f 1801/2070/1785 1800/2069/1784 1799/2068/1783 1797/2066/1781
f 438/399/316 435/395/313 1801/2070/1785 1797/2066/1781
f 1803/2072/1787 1802/2071/1786 1800/2069/1784 1801/2070/1785
f 435/395/313 436/396/314 1803/2072/1787 1801/2070/1785
f 429/383/305 1804/2073/1788 1802/2071/1786 1803/2072/1787
f 436/396/314 428/382/304 429/383/305 1803/2072/1787
f 1754/2017/1734 1805/2074/1789 1802/2071/1786 1804/2073/1788
f 1757/2020/1737 1753/2016/1733 1754/2017/1734 1804/2073/1788
f 429/383/305 426/380/302 1757/2020/1737 1804/2073/1788
f 1806/2075/1790 1800/2069/1784 1802/2071/1786 1805/2074/1789
f 1751/2014/1731 1807/2076/1791 1806/2075/1790 1805/2074/1789
f 1754/2017/1734 1750/2013/1730 1751/2014/1731 1805/2074/1789
f 1809/2078/1793 1808/2077/1792 1806/2075/1790 1807/2076/1791
f 1747/2010/1727 441/404/320 1809/2078/1793 1807/2076/1791
f 1751/2014/1731 1746/2009/1726 1747/2010/1727 1807/2076/1791
f 1811/2080/1795 1810/2079/1794 1808/2077/1792 1809/2078/1793
f 441/404/320 442/405/321 1811/2080/1795 1809/2078/1793
f 1813/2082/1797 1812/2081/1796 1810/2079/1794 1811/2080/1795
f 442/405/321 445/408/324 1813/2082/1797 1811/2080/1795
f 1815/2084/1799 1814/2083/1798 1812/2081/1796 1813/2082/1797
f 445/408/324 1816/2085/1800 1815/2084/1799 1813/2082/1797
f 1818/2087/1802 1817/2086/1801 1815/2084/1799 1816/2085/1800
f 1820/2089/1804 1819/2088/1803 1818/2087/1802 1816/2085/1800
f 445/408/324 443/406/322 1820/2089/1804 1816/2085/1800
f 1822/2091/1806 1821/2090/1805 1819/2088/1803 1820/2089/1804
f 443/406/322 444/407/323 1822/2091/1806 1820/2089/1804
f 1742/2005/1722 1736/1999/1716 1821/2090/1805 1822/2091/1806
f 444/407/323 1741/2004/1721 1742/2005/1722 1822/2091/1806
f 1732/1995/1712 1823/2092/1807 1819/2088/1803 1821/2090/1805
f 1736/1999/1716 1731/1994/1711 1732/1995/1712 1821/2090/1805
f 1824/2093/1808 1818/2087/1802 1819/2088/1803 1823/2092/1807
f 1826/2095/1810 1825/2094/1809 1824/2093/1808 1823/2092/1807
f 1732/1995/1712 1733/1996/1713 1826/2095/1810 1823/2092/1807
f 1828/2097/1812 1827/2096/1811 1825/2094/1809 1826/2095/1810
f 1733/1996/1713 1726/1989/1706 1828/2097/1812 1826/2095/1810
f 746/801/676 747/802/677 1827/2096/1811 1828/2097/1812
f 1726/1989/1706 1727/1990/1707 746/801/676 1828/2097/1812
f 1830/2099/1814 1829/2098/1813 1825/2094/1809 1827/2096/1811
f 747/802/677 749/804/679 1830/2099/1814 1827/2096/1811
f 450/414/330 446/410/326 1829/2098/1813 1830/2099/1814
f 749/804/679 1831/2100/1815 450/414/330 1830/2099/1814
f 458/426/340 449/413/329 450/414/330 1831/2100/1815
f 1832/2101/1816 471/444/355 458/426/340 1831/2100/1815
f 749/804/679 748/803/678 1832/2101/1816 1831/2100/1815
f 463/433/346 470/443/354 471/444/355 1832/2101/1816
f 748/803/678 462/432/345 463/433/346 1832/2101/1816
f 446/410/326 447/411/327 1833/2102/1817 1829/2098/1813
f 1833/2102/1817 1824/2093/1808 1825/2094/1809 1829/2098/1813
f 447/411/327 1834/2103/1818 1817/2086/1801 1833/2102/1817
f 1817/2086/1801 1818/2087/1802 1824/2093/1808 1833/2102/1817
f 447/411/327 448/412/328 1835/2104/1819 1834/2103/1818
f 1814/2083/1798 1815/2084/1799 1817/2086/1801 1834/2103/1818
f 1835/2104/1819 1836/2105/1820 1814/2083/1798 1834/2103/1818
f 1835/2104/1819 1838/2107/1822 1837/2106/1821 1836/2105/1820
f 1839/2108/1823 1812/2081/1796 1814/2083/1798 1836/2105/1820
f 1837/2106/1821 1795/2064/1779 1839/2108/1823 1836/2105/1820
f 1798/2067/1782 1810/2079/1794 1812/2081/1796 1839/2108/1823
f 1795/2064/1779 1796/2065/1780 1798/2067/1782 1839/2108/1823
f 451/415/331 1841/2110/1825 1840/2109/1824 1838/2107/1822
f 1835/2104/1819 448/412/328 451/415/331 1838/2107/1822
f 1840/2109/1824 1842/2111/1826 1837/2106/1821 1838/2107/1822
f 1840/2109/1824 1844/2113/1828 1843/2112/1827 1842/2111/1826
f 1793/2062/1777 1795/2064/1779 1837/2106/1821 1842/2111/1826
f 1843/2112/1827 1791/2061/1775 1793/2062/1777 1842/2111/1826
f 892/995/847 232/992/844 1845/2115/1829 1844/2114/1828
f 1840/2109/1824 1841/2110/1825 892/2116/847 1844/2113/1828
f 1845/2115/1829 1846/2118/1830 1843/2117/1827 1844/2114/1828
f 1845/2122/1829 1848/2121/1832 1847/2120/1831 1846/2119/1830
f 1790/2124/1774 1791/2123/1775 1843/2117/1827 1846/2118/1830
f 1847/2120/1831 1789/2126/1773 1790/2125/1774 1846/2119/1830
f 893/997/848 1850/2128/1834 1849/2127/1833 1848/2121/1832
f 1845/2122/1829 232/996/844 893/997/848 1848/2121/1832
f 1849/2127/1833 1851/2129/1835 1847/2120/1831 1848/2121/1832
f 1849/2127/1833 1853/2131/1837 1852/2130/1836 1851/2129/1835
f 1854/2132/1838 1789/2126/1773 1847/2120/1831 1851/2129/1835
f 1852/2130/1836 1855/2133/1839 1854/2132/1838 1851/2129/1835
f 1852/2130/1836 1857/2135/1841 1856/2134/1840 1855/2133/1839
f 1858/2138/1842 1786/2053/1770 1854/2137/1838 1855/2136/1839
f 1856/2140/1840 1859/2139/1843 1858/2138/1842 1855/2136/1839
f 1856/2140/1840 1861/2142/1845 1860/2141/1844 1859/2139/1843
f 1863/2144/1847 1862/2143/1846 1858/2138/1842 1859/2139/1843
f 1860/2141/1844 1864/2145/1848 1863/2144/1847 1859/2139/1843
f 1860/2141/1844 1866/2147/1850 1865/2146/1849 1864/2145/1848
f 1868/2149/1852 1867/2148/1851 1863/2144/1847 1864/2145/1848
f 1865/2146/1849 1869/2150/1853 1868/2149/1852 1864/2145/1848
f 1865/2146/1849 1871/2152/1855 1870/2151/1854 1869/2150/1853
f 1339/1524/1310 1872/2153/1856 1868/2149/1852 1869/2150/1853
f 1870/2151/1854 1337/1522/1308 1339/1524/1310 1869/2150/1853
f 1873/2154/1857 1867/2148/1851 1868/2149/1852 1872/2153/1856
f 1342/1527/1313 1874/2155/1858 1873/2154/1857 1872/2153/1856
f 1339/1524/1310 1340/1525/1311 1342/1527/1313 1872/2153/1856
f 1777/2044/1761 1779/2046/1763 1873/2154/1857 1874/2155/1858
f 1875/2156/1859 1775/2042/1759 1777/2044/1761 1874/2155/1858
f 1342/1527/1313 1343/1528/1314 1875/2156/1859 1874/2155/1858
f 1876/2157/1860 1772/2038/1755 1775/2042/1759 1875/2156/1859
f 1343/1528/1314 1344/1529/1315 1876/2157/1860 1875/2156/1859
f 1769/2035/1752 1770/2036/1753 1772/2038/1755 1876/2157/1860
f 1344/1529/1315 1346/1531/1317 1769/2035/1752 1876/2157/1860
f 1779/2046/1763 1877/2158/1861 1867/2148/1851 1873/2154/1857
f 1862/2143/1846 1863/2144/1847 1867/2148/1851 1877/2158/1861
f 1782/2049/1766 1784/2051/1768 1862/2143/1846 1877/2158/1861
f 1779/2046/1763 1780/2047/1764 1782/2049/1766 1877/2158/1861
f 308/238/173 304/234/169 1878/2159/1862 1871/2152/1855
f 1865/2146/1849 1866/2147/1850 308/238/173 1871/2152/1855
f 1878/2159/1862 1879/2160/1863 1870/2151/1854 1871/2152/1855
f 1878/2159/1862 1881/2162/1865 1880/2161/1864 1879/2160/1863
f 1336/1521/1307 1337/1522/1308 1870/2151/1854 1879/2160/1863
f 1880/2161/1864 1335/1520/1306 1336/1521/1307 1879/2160/1863
f 305/235/170 320/258/187 1882/2163/1866 1881/2162/1865
f 1878/2159/1862 304/234/169 305/235/170 1881/2162/1865
f 1882/2163/1866 1883/2164/1867 1880/2161/1864 1881/2162/1865
f 1882/2163/1866 313/249/179 1884/2165/1868 1883/2164/1867
f 1885/2166/1869 1335/1520/1306 1880/2161/1864 1883/2164/1867
f 1884/2165/1868 1886/2167/1870 1885/2166/1869 1883/2164/1867
f 1884/2165/1868 1888/2169/1872 1887/2168/1871 1886/2167/1870
f 1329/1514/1300 1330/1515/1301 1885/2166/1869 1886/2167/1870
f 1887/2168/1871 1328/1513/1299 1329/1514/1300 1886/2167/1870
f 314/250/180 318/254/184 1312/1497/1283 1888/2169/1872
f 1884/2165/1868 313/249/179 314/250/180 1888/2169/1872
f 1312/1497/1283 1314/1499/1285 1887/2168/1871 1888/2169/1872
f 1314/1499/1285 1889/2170/1873 1328/1513/1299 1887/2168/1871
f 1314/1499/1285 1315/1500/1286 1317/1502/1288 1889/2170/1873
f 1323/1508/1294 1325/1510/1296 1328/1513/1299 1889/2170/1873
f 1317/1502/1288 1319/1504/1290 1323/1508/1294 1889/2170/1873
f 1330/1515/1301 1332/1517/1303 1335/1520/1306 1885/2166/1869
f 320/258/187 312/248/178 313/249/179 1882/2163/1866
f 1890/2171/1874 307/237/172 308/238/173 1866/2147/1850
f 1860/2141/1844 1861/2142/1845 1890/2171/1874 1866/2147/1850
f 1891/2173/1875 309/241/174 307/242/172 1890/2172/1874
f 1861/2175/1845 1892/2174/1876 1891/2173/1875 1890/2172/1874
f 319/256/185 310/244/176 1891/2173/1875 1892/2174/1876
f 1857/2135/1841 1893/2176/1877 319/256/185 1892/2174/1876
f 1861/2175/1845 1856/2134/1840 1857/2135/1841 1892/2174/1876
f 1894/2177/1878 317/253/183 319/256/185 1893/2176/1877
f 1853/2131/1837 1895/2178/1879 1894/2177/1878 1893/2176/1877
f 1857/2135/1841 1852/2130/1836 1853/2131/1837 1893/2176/1877
f 1850/2128/1834 1897/2180/1881 1896/2179/1880 1895/2178/1879
f 1853/2131/1837 1849/2127/1833 1850/2128/1834 1895/2178/1879
f 1896/2179/1880 1309/1491/1280 1894/2177/1878 1895/2178/1879
f 894/998/849 1899/2182/1883 1898/2181/1882 1897/2180/1881
f 1850/2128/1834 893/997/848 894/998/849 1897/2180/1881
f 1898/2181/1882 1306/2183/1277 1896/2179/1880 1897/2180/1881
f 515/511/410 516/512/411 901/2185/858 1899/2184/1883
f 894/998/849 519/999/414 515/2186/410 1899/2182/1883
f 901/2190/858 902/2189/859 1898/2188/1882 1899/2187/1883
f 902/2189/859 1304/1484/1275 1306/1485/1277 1898/2188/1882
f 1306/2183/1277 1307/1490/1278 1309/1491/1280 1896/2179/1880
f 1309/1491/1280 316/252/182 317/253/183 1894/2177/1878
f 310/244/176 311/245/177 309/241/174 1891/2173/1875
f 1784/2051/1768 1786/2053/1770 1858/2138/1842 1862/2143/1846
f 1786/2053/1770 1787/2054/1771 1789/2056/1773 1854/2137/1838
f 897/1005/853 891/1006/846 892/2116/847 1841/2110/1825
f 451/415/331 452/416/332 897/1005/853 1841/2110/1825
f 1798/2067/1782 1799/2068/1783 1808/2077/1792 1810/2079/1794
f 1799/2068/1783 1800/2069/1784 1806/2075/1790 1808/2077/1792
f 1346/1531/1317 1348/1533/1319 1767/2032/1749 1769/2035/1752
f 1348/1533/1319 1350/1535/1321 1765/2029/1746 1767/2032/1749
f 1350/1535/1321 1761/2024/1741 1762/2025/1742 1765/2029/1746
f 1760/2023/1740 427/381/303 423/377/299 1764/2028/1745
f 1353/1538/1324 1355/1540/1326 1758/2021/1738 1761/2024/1741
f 1350/1535/1321 1351/1536/1322 1353/1538/1324 1761/2024/1741
f 426/380/302 427/381/303 1756/2019/1736 1757/2020/1737
f 440/403/319 441/404/320 1747/2010/1727 1748/2011/1728
f 1741/2004/1721 444/407/323 440/403/319 1748/2011/1728
f 586/591/484 587/592/485 746/801/676 1727/1990/1707
f 902/1013/859 899/1010/856 1302/1478/1273 1304/1480/1275
f 899/1010/856 900/1011/857 1300/1477/1271 1302/1478/1273
f 900/2192/857 1900/2191/1884 1299/1473/1270 1300/1474/1271
f 1901/2193/1885 1298/1472/1269 1299/1473/1270 1900/2191/1884
f 485/464/370 486/465/371 1901/2193/1885 1900/2191/1884
f 900/2192/857 495/481/382 485/464/370 1900/2191/1884
f 1903/2195/1887 1902/2194/1886 1298/1472/1269 1901/2193/1885
f 486/465/371 487/466/372 1903/2195/1887 1901/2193/1885
f 1905/2197/1889 1904/2196/1888 1902/2194/1886 1903/2195/1887
f 487/466/372 1906/2198/1890 1905/2197/1889 1903/2195/1887
f 1908/2200/1892 1907/2199/1891 1905/2197/1889 1906/2198/1890
f 1910/2202/1894 1909/2201/1893 1908/2200/1892 1906/2198/1890
f 487/466/372 147/467/368 1910/2202/1894 1906/2198/1890
f 1912/2204/1896 1911/2203/1895 1909/2201/1893 1910/2202/1894
f 147/467/368 488/2205/373 1912/2204/1896 1910/2202/1894
f 1914/2207/1898 1913/2206/1897 1911/2203/1895 1912/2204/1896
f 488/2205/373 490/2208/1899 1914/2207/1898 1912/2204/1896
f 1916/2212/1903 1915/2211/1902 1913/2210/1901 1914/2209/1900
f 490/2214/1899 491/2213/1904 1916/2212/1903 1914/2209/1900
f 491/2213/1904 1918/2216/1906 1917/2215/1905 1916/2212/1903
f 1917/2215/1905 1919/2217/1907 1915/2211/1902 1916/2212/1903
f 1917/2215/1905 1921/2219/1909 1920/2218/1908 1919/2217/1907
f 1923/2221/1911 1922/2220/1910 1915/2211/1902 1919/2217/1907
f 1920/2218/1908 1924/2222/1912 1923/2221/1911 1919/2217/1907
f 1920/2218/1908 1926/2224/1914 1925/2223/1913 1924/2222/1912
f 1928/2226/1916 1927/2225/1915 1923/2221/1911 1924/2222/1912
f 1925/2223/1913 1929/2227/1917 1928/2226/1916 1924/2222/1912
f 1925/2223/1913 1931/2229/1919 1930/2228/1918 1929/2227/1917
f 1933/2231/1921 1932/2230/1920 1928/2226/1916 1929/2227/1917
f 1930/2228/1918 1934/2232/1922 1933/2231/1921 1929/2227/1917
f 1930/2228/1918 335/279/206 1935/2233/1923 1934/2232/1922
f 1937/2237/1925 1936/2236/1924 1933/2235/1921 1934/2234/1922
f 1935/2239/1923 1938/2238/1926 1937/2237/1925 1934/2234/1922
f 1935/2239/1923 1940/2241/1928 1939/2240/1927 1938/2238/1926
f 1942/2243/1930 1941/2242/1929 1937/2237/1925 1938/2238/1926
f 1939/2240/1927 1943/2244/1931 1942/2243/1930 1938/2238/1926
f 1939/2240/1927 1944/2245/1932 1286/1460/1257 1943/2244/1931
f 1289/1463/1260 1945/2246/1933 1942/2243/1930 1943/2244/1931
f 1286/1460/1257 1287/1461/1258 1289/1463/1260 1943/2244/1931
f 1946/2247/1934 1941/2242/1929 1942/2243/1930 1945/2246/1933
f 1947/2248/1935 1904/2196/1888 1946/2247/1934 1945/2246/1933
f 1289/1463/1260 1290/1464/1261 1947/2248/1935 1945/2246/1933
f 1295/1469/1266 1902/2194/1886 1904/2196/1888 1947/2248/1935
f 1290/1464/1261 1291/1465/1262 1295/1469/1266 1947/2248/1935
f 1907/2199/1891 1948/2249/1936 1941/2242/1929 1946/2247/1934
f 1904/2196/1888 1905/2197/1889 1907/2199/1891 1946/2247/1934
f 1936/2236/1924 1937/2237/1925 1941/2242/1929 1948/2249/1936
f 1950/2251/1938 1949/2250/1937 1936/2236/1924 1948/2249/1936
f 1907/2199/1891 1908/2200/1892 1950/2251/1938 1948/2249/1936
f 1952/2253/1940 1951/2252/1939 1949/2250/1937 1950/2251/1938
f 1908/2200/1892 1909/2201/1893 1952/2253/1940 1950/2251/1938
f 1953/2255/1942 478/2254/1941 1951/2252/1939 1952/2253/1940
f 1909/2201/1893 1911/2203/1895 1953/2255/1942 1952/2253/1940
f 1954/2257/1944 477/2256/1943 478/2254/1941 1953/2255/1942
f 1911/2203/1895 1913/2206/1897 1954/2257/1944 1953/2255/1942
f 1922/2220/1910 476/2260/1947 477/2259/1946 1954/2258/1945
f 1913/2210/1901 1915/2211/1902 1922/2220/1910 1954/2258/1945
f 1955/2262/1948 1932/2261/1920 1949/2250/1937 1951/2252/1939
f 478/2254/1941 475/2263/1949 1955/2262/1948 1951/2252/1939
f 1927/2225/1915 1928/2226/1916 1932/2230/1920 1955/2264/1948
f 475/2265/1949 476/2260/1947 1927/2225/1915 1955/2264/1948
f 1932/2261/1920 1933/2235/1921 1936/2236/1924 1949/2250/1937
f 1958/2268/1952 1957/2267/1951 1956/2266/1950 1944/2245/1932
f 1939/2240/1927 1940/2241/1928 1958/2268/1952 1944/2245/1932
f 1956/2266/1950 1284/1458/1255 1286/1460/1257 1944/2245/1932
f 333/276/203 339/283/210 1957/2270/1951 1958/2269/1952
f 1940/2271/1928 332/275/202 333/276/203 1958/2269/1952
f 339/283/210 1960/2273/1954 1959/2272/1953 1957/2270/1951
f 1959/2275/1953 1961/2274/1955 1956/2266/1950 1957/2267/1951
f 1959/2275/1953 1272/1443/1240 1274/1444/1243 1961/2274/1955
f 1282/1456/1253 1284/1458/1255 1956/2266/1950 1961/2274/1955
f 1274/1444/1243 1276/1448/1246 1282/1456/1253 1961/2274/1955
f 1962/2276/1956 1269/1435/1236 1270/1436/1237 1960/2273/1954
f 339/283/210 340/284/211 1962/2276/1956 1960/2273/1954
f 1270/1436/1237 1272/1439/1240 1959/2272/1953 1960/2273/1954
f 1963/2277/1957 1268/1434/1235 1269/1435/1236 1962/2276/1956
f 340/284/211 341/285/212 1963/2277/1957 1962/2276/1956
f 350/291/218 346/287/214 1268/1434/1235 1963/2277/1957
f 341/285/212 1964/2278/1958 350/291/218 1963/2277/1957
f 1965/2279/1959 349/290/217 350/291/218 1964/2278/1958
f 1967/2281/1961 1966/2280/1960 1965/2279/1959 1964/2278/1958
f 341/285/212 337/281/208 1967/2281/1961 1964/2278/1958
f 1969/2283/1963 1968/2282/1962 1966/2280/1960 1967/2281/1961
f 337/281/208 338/282/209 1969/2283/1963 1967/2281/1961
f 1971/2285/1965 1970/2284/1964 1968/2282/1962 1969/2283/1963
f 338/282/209 1972/2286/1966 1971/2285/1965 1969/2283/1963
f 1974/2288/1968 1973/2287/1967 1971/2285/1965 1972/2286/1966
f 1975/2289/1969 1926/2224/1914 1974/2288/1968 1972/2286/1966
f 338/282/209 336/280/207 1975/2289/1969 1972/2286/1966
f 1931/2229/1919 1925/2223/1913 1926/2224/1914 1975/2289/1969
f 336/280/207 334/278/205 1931/2229/1919 1975/2289/1969
f 1921/2219/1909 1976/2290/1970 1973/2287/1967 1974/2288/1968
f 1926/2224/1914 1920/2218/1908 1921/2219/1909 1974/2288/1968
f 482/458/366 483/459/367 1973/2287/1967 1976/2290/1970
f 1918/2216/1906 484/461/369 482/458/366 1976/2290/1970
f 1921/2219/1909 1917/2215/1905 1918/2216/1906 1976/2290/1970
f 483/459/367 1970/2284/1964 1971/2285/1965 1973/2287/1967
f 1978/2292/1972 1977/2291/1971 1968/2282/1962 1970/2284/1964
f 483/459/367 479/455/363 1978/2292/1972 1970/2284/1964
f 898/1008/855 362/306/232 1977/2291/1971 1978/2292/1972
f 479/455/363 480/456/364 898/1008/855 1978/2292/1972
f 362/306/232 360/302/229 1979/2293/1973 1977/2291/1971
f 1979/2293/1973 1966/2280/1960 1968/2282/1962 1977/2291/1971
f 360/302/229 356/298/225 1980/2294/1974 1979/2293/1973
f 1980/2294/1974 1965/2279/1959 1966/2280/1960 1979/2293/1973
f 356/298/225 357/299/226 355/296/223 1980/2294/1974
f 355/296/223 349/290/217 1965/2279/1959 1980/2294/1974
f 1935/2233/1923 335/279/206 332/275/202 1940/2271/1928
f 334/278/205 335/279/206 1930/2228/1918 1931/2229/1919
f 476/2260/1947 1922/2220/1910 1923/2221/1911 1927/2225/1915
f 491/2213/1904 489/469/374 484/461/369 1918/2216/1906
f 1295/1469/1266 1296/1470/1267 1298/1472/1269 1902/2194/1886
f 346/287/214 347/288/215 1266/1432/1233 1268/1434/1235
f 344/2295/1250 345/1438/1239 1264/1430/1231 1265/1431/1232
f 351/292/219 352/293/220 1253/1414/1220 1254/1415/1221
f 1982/2297/1976 1981/2296/1975 1251/1412/1218 1253/1414/1220
f 352/293/220 353/294/221 1982/2297/1976 1253/1414/1220
f 1984/2299/1978 1983/2298/1977 1981/2296/1975 1982/2297/1976
f 353/294/221 1985/2300/1979 1984/2299/1978 1982/2297/1976
f 363/307/233 374/325/248 1984/2299/1978 1985/2300/1979
f 359/301/228 358/300/227 363/307/233 1985/2300/1979
f 353/294/221 354/295/222 359/301/228 1985/2300/1979
f 374/325/248 375/326/249 1983/2298/1977 1984/2299/1978
f 375/326/249 376/327/250 1986/2301/1980 1983/2298/1977
f 1986/2301/1980 1987/2302/1981 1981/2296/1975 1983/2298/1977
f 1986/2301/1980 1989/2304/1983 1988/2303/1982 1987/2302/1981
f 1249/1410/1216 1251/1412/1218 1981/2296/1975 1987/2302/1981
f 1988/2303/1982 1247/1408/1214 1249/1410/1216 1987/2302/1981
f 1992/2307/1986 1991/2306/1985 1990/2305/1984 1989/2304/1983
f 1986/2301/1980 376/327/250 1992/2307/1986 1989/2304/1983
f 1990/2305/1984 1993/2308/1987 1988/2303/1982 1989/2304/1983
f 1990/2305/1984 1995/2310/1989 1994/2309/1988 1993/2308/1987
f 1246/1407/1213 1247/1408/1214 1988/2303/1982 1993/2308/1987
f 1994/2309/1988 1245/1406/1212 1246/1407/1213 1993/2308/1987
f 1998/2313/1992 1997/2312/1991 1996/2311/1990 1995/2310/1989
f 1990/2305/1984 1991/2306/1985 1998/2313/1992 1995/2310/1989
f 1996/2311/1990 1999/2314/1993 1994/2309/1988 1995/2310/1989
f 1996/2311/1990 2001/2316/1995 2000/2315/1994 1999/2314/1993
f 2002/2317/1996 1245/1406/1212 1994/2309/1988 1999/2314/1993
f 2000/2315/1994 2003/2318/1997 2002/2317/1996 1999/2314/1993
f 2000/2315/1994 2005/2320/1999 2004/2319/1998 2003/2318/1997
f 2006/2321/2000 1242/1403/1209 2002/2317/1996 2003/2318/1997
f 2004/2319/1998 2007/2322/2001 2006/2321/2000 2003/2318/1997
f 2004/2319/1998 2009/2324/2003 2008/2323/2002 2007/2322/2001
f 1237/1394/1204 1238/1395/1205 2006/2321/2000 2007/2322/2001
f 2008/2323/2002 2010/2325/2004 1237/1394/1204 2007/2322/2001
f 2008/2323/2002 2012/2327/2006 2011/2326/2005 2010/2325/2004
f 1234/2328/1201 1235/1393/1202 1237/1394/1204 2010/2325/2004
f 2011/2326/2005 2013/2329/2007 1234/2328/1201 2010/2325/2004
f 2011/2326/2005 549/2331/2009 550/2330/2008 2013/2329/2007
f 2014/2333/2010 1232/1387/1199 1234/1389/1201 2013/2332/2007
f 550/2335/2008 2015/2334/2011 2014/2333/2010 2013/2332/2007
f 550/2335/2008 547/2337/2013 2016/2336/2012 2015/2334/2011
f 2018/2339/2015 2017/2338/2014 2014/2333/2010 2015/2334/2011
f 2016/2336/2012 2019/2340/2016 2018/2339/2015 2015/2334/2011
f 2021/2342/2018 2020/2341/2017 2018/2339/2015 2019/2340/2016
f 2023/2344/2020 2022/2343/2019 2021/2342/2018 2019/2340/2016
f 2016/2336/2022 2024/2345/2021 2023/2344/2020 2019/2340/2016
f 2026/2347/2024 2025/2346/2023 2023/2344/2020 2024/2345/2021
f 548/2348/2025 2012/2327/2006 2026/2347/2024 2024/2345/2021
f 2016/2336/2022 547/2337/2013 548/2348/2025 2024/2345/2021
f 2009/2324/2003 2027/2349/2026 2025/2346/2023 2026/2347/2024
f 2012/2327/2006 2008/2323/2002 2009/2324/2003 2026/2347/2024
f 2029/2351/2028 2028/2350/2027 2025/2346/2023 2027/2349/2026
f 2005/2320/1999 2030/2352/2029 2029/2351/2028 2027/2349/2026
f 2009/2324/2003 2004/2319/1998 2005/2320/1999 2027/2349/2026
f 2032/2354/2031 2031/2353/2030 2029/2351/2028 2030/2352/2029
f 2001/2316/1995 2033/2355/2032 2032/2354/2031 2030/2352/2029
f 2005/2320/1999 2000/2315/1994 2001/2316/1995 2030/2352/2029
f 2035/2357/2034 2034/2356/2033 2032/2354/2031 2033/2355/2032
f 1997/2312/1991 2036/2358/2035 2035/2357/2034 2033/2355/2032
f 2001/2316/1995 1996/2311/1990 1997/2312/1991 2033/2355/2032
f 2038/2360/2037 2037/2359/2036 2035/2357/2034 2036/2358/2035
f 2040/2362/2039 2039/2361/2038 2038/2360/2037 2036/2358/2035
f 1997/2312/1991 1998/2313/1992 2040/2362/2039 2036/2358/2035
f 2042/2364/2041 2041/2363/2040 2039/2361/2038 2040/2362/2039
f 1998/2313/1992 1991/2306/1985 2042/2364/2041 2040/2362/2039
f 2044/2366/2043 2043/2365/2042 2041/2363/2040 2042/2364/2041
f 1991/2306/1985 1992/2307/1986 2044/2366/2043 2042/2364/2041
f 377/328/251 378/329/252 2043/2365/2042 2044/2366/2043
f 1992/2307/1986 376/327/250 377/328/251 2044/2366/2043
f 2046/2368/2045 2045/2367/2044 2041/2363/2040 2043/2365/2042
f 378/329/252 2047/2369/2046 2046/2368/2045 2043/2365/2042
f 2049/2371/2048 2048/2370/2047 2046/2368/2045 2047/2369/2046
f 385/333/256 2050/2372/2049 2049/2371/2048 2047/2369/2046
f 378/329/252 379/330/253 385/333/256 2047/2369/2046
f 2052/2374/2051 2051/2373/2050 2049/2371/2048 2050/2372/2049
f 2054/2376/2053 2053/2375/2052 2052/2374/2051 2050/2372/2049
f 385/333/256 386/334/257 2054/2376/2053 2050/2372/2049
f 496/484/383 497/485/384 2053/2375/2052 2054/2376/2053
f 386/334/257 387/335/258 496/484/383 2054/2376/2053
f 529/525/424 530/526/425 2052/2374/2051 2053/2375/2052
f 497/485/384 501/490/389 529/525/424 2053/2375/2052
f 530/526/425 531/527/426 2051/2373/2050 2052/2374/2051
f 531/527/426 2056/2378/2055 2055/2377/2054 2051/2373/2050
f 2055/2377/2054 2048/2370/2047 2049/2371/2048 2051/2373/2050
f 2057/2379/2056 533/530/429 534/531/430 2056/2378/2055
f 531/527/426 525/521/420 2057/2379/2056 2056/2378/2055
f 534/531/430 2058/2380/2057 2055/2377/2054 2056/2378/2055
f 534/531/430 535/532/431 2059/2381/2058 2058/2380/2057
f 2060/2382/2059 2048/2370/2047 2055/2377/2054 2058/2380/2057
f 2059/2381/2058 2061/2383/2060 2060/2382/2059 2058/2380/2057
f 2059/2381/2058 2063/2385/2062 2062/2384/2061 2061/2383/2060
f 2064/2386/2063 2045/2367/2044 2060/2382/2059 2061/2383/2060
f 2062/2384/2061 2065/2387/2064 2064/2386/2063 2061/2383/2060
f 2062/2384/2061 2067/2389/2066 2066/2388/2065 2065/2387/2064
f 2038/2360/2037 2039/2361/2038 2064/2386/2063 2065/2387/2064
f 2066/2388/2065 2037/2359/2036 2038/2360/2037 2065/2387/2064
f 2070/2392/2069 2069/2391/2068 2068/2390/2067 2067/2389/2066
f 2062/2384/2061 2063/2385/2062 2070/2392/2069 2067/2389/2066
f 2068/2390/2067 2071/2393/2070 2066/2388/2065 2067/2389/2066
f 2068/2390/2067 511/506/405 2072/2394/2071 2071/2393/2070
f 2073/2395/2072 2037/2359/2036 2066/2388/2065 2071/2393/2070
f 2072/2394/2071 2074/2396/2073 2073/2395/2072 2071/2393/2070
f 2072/2394/2071 2076/2398/2075 2075/2397/2074 2074/2396/2073
f 2077/2399/2076 2034/2356/2033 2073/2395/2072 2074/2396/2073
f 2075/2397/2074 2078/2400/2077 2077/2399/2076 2074/2396/2073
f 2075/2397/2074 2080/2402/2079 2079/2401/2078 2078/2400/2077
f 2081/2403/2080 2031/2353/2030 2077/2399/2076 2078/2400/2077
f 2079/2401/2078 2082/2404/2081 2081/2403/2080 2078/2400/2077
f 2079/2401/2078 2084/2406/2083 2083/2405/2082 2082/2404/2081
f 2022/2343/2019 2028/2350/2027 2081/2403/2080 2082/2404/2081
f 2083/2405/2082 2021/2342/2018 2022/2343/2019 2082/2404/2081
f 2087/2409/2086 2086/2408/2085 2085/2407/2084 2084/2406/2083
f 2079/2401/2078 2080/2402/2079 2087/2409/2086 2084/2406/2083
f 2085/2407/2084 2088/2410/2087 2083/2405/2082 2084/2406/2083
f 2085/2407/2084 564/566/462 565/567/463 2088/2410/2087
f 2020/2341/2017 2021/2342/2018 2083/2405/2082 2088/2410/2087
f 565/567/463 566/568/464 2020/2341/2017 2088/2410/2087
f 2090/2412/2089 2089/2411/2088 2086/2408/2085 2087/2409/2086
f 2080/2402/2079 2091/2413/2090 2090/2412/2089 2087/2409/2086
f 509/504/403 568/2414/2091 2090/2412/2089 2091/2413/2090
f 2076/2398/2075 508/503/402 509/504/403 2091/2413/2090
f 2080/2402/2079 2075/2397/2074 2076/2398/2075 2091/2413/2090
f 568/2414/2091 569/2415/2092 2089/2411/2088 2090/2412/2089
f 569/2415/2092 570/2417/2094 2092/2416/2093 2089/2411/2088
f 2092/2416/2093 2093/2418/2095 2086/2408/2085 2089/2411/2088
f 2092/2416/2093 2095/2420/2097 2094/2419/2096 2093/2418/2095
f 564/566/462 2085/2407/2084 2086/2408/2085 2093/2418/2095
f 2094/2419/2096 563/565/461 564/566/462 2093/2418/2095
f 2097/2422/2099 2096/2421/2098 2094/2419/2096 2095/2420/2097
f 512/507/406 513/508/407 2097/2422/2099 2095/2420/2097
f 2092/2416/2093 570/2417/2094 512/507/406 2095/2420/2097
f 2099/2424/2101 2098/2423/2100 2096/2421/2098 2097/2422/2099
f 513/508/407 514/509/408 2099/2424/2101 2097/2422/2099
f 2101/2426/2103 2100/2425/2102 2098/2423/2100 2099/2424/2101
f 514/509/408 532/528/427 2101/2426/2103 2099/2424/2101
f 2103/2428/2105 2102/2427/2104 2100/2425/2102 2101/2426/2103
f 532/528/427 2104/2429/2106 2103/2428/2105 2101/2426/2103
f 2106/2431/2108 2105/2430/2107 2103/2428/2105 2104/2429/2106
f 2108/2433/2110 2107/2432/2109 2106/2431/2108 2104/2429/2106
f 532/528/427 506/501/400 2108/2433/2110 2104/2429/2106
f 2069/2391/2068 2070/2392/2069 2107/2432/2109 2108/2433/2110
f 506/501/400 507/502/401 2069/2391/2068 2108/2433/2110
f 536/533/432 537/534/433 2106/2431/2108 2107/2432/2109
f 2070/2392/2069 2063/2385/2062 536/533/432 2107/2432/2109
f 537/534/433 538/535/434 2105/2430/2107 2106/2431/2108
f 2109/2434/2111 2102/2427/2104 2103/2428/2105 2105/2430/2107
f 538/2438/434 2110/2437/2112 2109/2436/2111 2105/2435/2107
f 2112/2440/2114 2111/2439/2113 2109/2436/2111 2110/2437/2112
f 542/544/441 813/897/760 2112/2440/2114 2110/2437/2112
f 538/2438/434 539/543/435 542/544/441 2110/2437/2112
f 2114/2442/2116 2113/2441/2115 2111/2439/2113 2112/2440/2114
f 813/897/760 811/894/757 2114/2442/2116 2112/2440/2114
f 877/976/831 872/977/824 2113/2441/2115 2114/2442/2116
f 811/894/757 812/895/758 877/976/831 2114/2442/2116
f 872/967/824 873/968/825 2115/2444/2117 2113/2443/2115
f 2115/2444/2117 2116/2446/2118 2111/2445/2113 2113/2443/2115
f 2115/2444/2117 553/553/449 554/554/450 2116/2446/2118
f 2102/2427/2104 2109/2434/2111 2111/2445/2113 2116/2446/2118
f 554/554/450 2100/2425/2102 2102/2427/2104 2116/2446/2118
f 873/968/825 552/552/448 553/553/449 2115/2444/2117
f 554/554/450 555/555/451 2098/2423/2100 2100/2425/2102
f 555/555/451 559/559/455 2096/2421/2098 2098/2423/2100
f 559/559/455 563/565/461 2094/2419/2096 2096/2421/2098
f 2028/2350/2027 2029/2351/2028 2031/2353/2030 2081/2403/2080
f 2031/2353/2030 2032/2354/2031 2034/2356/2033 2077/2399/2076
f 2072/2394/2071 511/506/405 508/503/402 2076/2398/2075
f 2034/2356/2033 2035/2357/2034 2037/2359/2036 2073/2395/2072
f 507/502/401 511/506/405 2068/2390/2067 2069/2391/2068
f 2039/2361/2038 2041/2363/2040 2045/2367/2044 2064/2386/2063
f 2059/2381/2058 535/532/431 536/533/432 2063/2385/2062
f 2045/2367/2044 2046/2368/2045 2048/2370/2047 2060/2382/2059
f 2117/2447/2119 541/538/437 533/530/429 2057/2379/2056
f 525/521/420 526/522/421 2117/2447/2119 2057/2379/2056
f 816/901/764 818/904/766 541/538/437 2117/2447/2119
f 526/522/421 815/900/763 816/901/764 2117/2447/2119
f 2022/2343/2019 2023/2344/2020 2025/2346/2023 2028/2350/2027
f 566/568/464 2017/2338/2014 2018/2339/2015 2020/2341/2017
f 1231/1386/1198 1232/1387/1199 2014/2333/2010 2017/2338/2014
f 566/568/464 560/562/458 1231/1386/1198 2017/2338/2014
f 548/2348/2025 549/2331/2009 2011/2326/2005 2012/2327/2006
f 1238/1395/1205 1239/1396/1206 1242/1403/1209 2006/2321/2000
f 1242/1403/1209 1243/1404/1210 1245/1406/1212 2002/2317/1996
f 557/557/453 558/558/454 889/989/843 1215/1365/1182
f 397/351/273 394/347/269 402/357/279 1206/1348/1172
f 1099/1238/1064 1101/1240/1066 1167/1308/1132 1171/1312/1136
f 1162/1303/1127 665/706/582 666/707/583 1166/1307/1131
f 1101/1240/1066 1102/1241/1067 1104/1243/1069 1163/1304/1128
f 688/735/611 669/710/586 667/708/584 1160/1301/1125
f 1154/1295/1119 693/742/618 688/735/611 1160/1301/1125
f 1106/1245/1071 1108/1247/1073 1155/1296/1120 1156/1297/1121
f 2118/2448/2120 1150/1291/1115 1151/1292/1116 1155/1296/1120
f 1108/1247/1073 1110/1249/1075 2118/2448/2120 1155/1296/1120
f 2120/2450/2122 2119/2449/2121 1150/1291/1115 2118/2448/2120
f 1110/1249/1075 2121/2451/2123 2120/2450/2122 2118/2448/2120
f 2123/2453/2125 2122/2452/2124 2120/2450/2122 2121/2451/2123
f 1113/1252/1078 1115/1254/1080 2123/2453/2125 2121/2451/2123
f 1110/1249/1075 1111/1250/1076 1113/1252/1078 2121/2451/2123
f 2125/2455/2127 2124/2454/2126 2122/2452/2124 2123/2453/2125
f 1115/1254/1080 1117/1256/1082 2125/2455/2127 2123/2453/2125
f 2127/2457/2129 2126/2456/2128 2124/2454/2126 2125/2455/2127
f 1117/1256/1082 1119/1258/1084 2127/2457/2129 2125/2455/2127
f 2129/2459/2131 2128/2458/2130 2126/2456/2128 2127/2457/2129
f 1119/1258/1084 1121/1260/1086 2129/2459/2131 2127/2457/2129
f 1126/2461/1091 2130/2460/2132 2128/2458/2130 2129/2459/2131
f 1121/1260/1086 1123/1262/1088 1126/2461/1091 2129/2459/2131
f 2132/2463/2134 2131/2462/2133 2128/2458/2130 2130/2460/2132
f 1129/1270/1094 2133/2466/2135 2132/2465/2134 2130/2464/2132
f 1126/1267/1091 1127/1268/1092 1129/1270/1094 2130/2464/2132
f 2135/2468/2137 2134/2467/2136 2132/2465/2134 2133/2466/2135
f 1132/1273/1097 2136/2469/2138 2135/2468/2137 2133/2466/2135
f 1129/1270/1094 1130/1271/1095 1132/1273/1097 2133/2466/2135
f 2137/2471/2140 849/2470/2139 2135/2468/2137 2136/2469/2138
f 1135/1276/1100 2138/2472/2141 2137/2471/2140 2136/2469/2138
f 1132/1273/1097 1133/1274/1098 1135/1276/1100 2136/2469/2138
f 2140/2474/2143 2139/2473/2142 2137/2471/2140 2138/2472/2141
f 1138/1279/1103 2141/2475/2144 2140/2474/2143 2138/2472/2141
f 1135/1276/1100 1136/1277/1101 1138/1279/1103 2138/2472/2141
f 1138/1279/1103 1139/1280/1104 1142/1283/1107 2141/2475/2144
f 2143/2477/2146 2142/2476/2145 2140/2474/2143 2141/2475/2144
f 1142/1283/1107 1144/1285/1109 2143/2477/2146 2141/2475/2144
f 2145/2479/2148 2144/2478/2147 2142/2476/2145 2143/2477/2146
f 1144/1285/1109 1146/1287/1111 2145/2479/2148 2143/2477/2146
f 2147/2481/2150 2146/2480/2149 2144/2478/2147 2145/2479/2148
f 1146/1287/1111 2119/2449/2121 2147/2481/2150 2145/2479/2148
f 2122/2452/2124 2124/2454/2126 2146/2480/2149 2147/2481/2150
f 2119/2449/2121 2120/2450/2122 2122/2452/2124 2147/2481/2150
f 2149/2483/2152 2148/2482/2151 2144/2478/2147 2146/2480/2149
f 2124/2454/2126 2126/2456/2128 2149/2483/2152 2146/2480/2149
f 2131/2462/2133 2150/2484/2153 2148/2482/2151 2149/2483/2152
f 2126/2456/2128 2128/2458/2130 2131/2462/2133 2149/2483/2152
f 847/2486/2155 2151/2485/2154 2148/2482/2151 2150/2484/2153
f 2134/2488/2136 846/2487/2156 847/2486/2155 2150/2484/2153
f 2131/2462/2133 2132/2463/2134 2134/2488/2136 2150/2484/2153
f 2139/2473/2142 2140/2474/2143 2142/2476/2145 2151/2485/2154
f 847/2486/2155 848/2489/2157 2139/2473/2142 2151/2485/2154
f 2142/2476/2145 2144/2478/2147 2148/2482/2151 2151/2485/2154
f 848/2489/2157 849/2470/2139 2137/2471/2140 2139/2473/2142
f 849/2470/2139 846/2490/2156 2134/2467/2136 2135/2468/2137
f 1146/1287/1111 1147/1288/1112 1150/1291/1115 2119/2449/2121
f 1149/1290/1114 709/763/638 693/742/618 1154/1295/1119
f 833/926/784 834/927/785 1090/1229/1055 1091/1230/1056
f 963/1091/928 965/1093/930 998/1134/963 1073/1209/1038
f 998/1134/963 999/1135/964 1001/1137/966 1069/1205/1034
f 1001/1137/966 1002/1138/967 1064/1200/1029 1065/1201/1030
f 1006/1142/971 1059/1195/1024 1060/1196/1025 1064/1200/1029
f 1002/1138/967 1003/1139/968 1006/1142/971 1064/1200/1029
f 1009/1145/974 1011/1147/976 1055/1191/1020 1059/1195/1024
f 1006/1142/971 1007/1143/972 1009/1145/974 1059/1195/1024
f 992/1128/957 676/719/595 677/720/596 996/1132/961
f 969/1097/934 970/1098/935 973/1101/938 993/1129/958
f 675/718/594 676/719/595 988/1124/953 989/1125/954
f 850/941/798 218/940/691 760/2491/692 257/1086/925
f 782/1083/719 640/681/557 641/682/558 959/1082/922
f 2152/2493/2159 956/1079/920 957/1080/921 958/2492/2158
f 761/819/694 757/813/688 2152/2493/2159 958/2492/2158
f 2153/2494/2160 469/440/352 956/1079/920 2152/2493/2159
f 757/813/688 758/814/689 2153/2494/2160 2152/2493/2159
f 2154/2495/2161 468/439/351 469/440/352 2153/2494/2160
f 758/814/689 2155/2496/2162 2154/2495/2161 2153/2494/2160
f 758/814/689 759/815/690 820/908/768 2155/2496/2162
f 2157/2498/2164 2156/2497/2163 2154/2495/2161 2155/2496/2162
f 820/908/768 814/909/762 2157/2498/2164 2155/2496/2162
f 2159/2502/2166 2158/2501/2165 2156/2500/2163 2157/2499/2164
f 814/899/762 815/900/763 2159/2502/2166 2157/2499/2164
f 527/523/422 528/524/423 2158/2501/2165 2159/2502/2166
f 815/900/763 526/522/421 527/523/422 2159/2502/2166
f 521/517/416 524/520/419 2156/2500/2163 2158/2501/2165
f 528/524/423 520/516/415 521/517/416 2158/2501/2165
f 524/2503/419 468/439/351 2154/2495/2161 2156/2497/2163
f 951/1081/915 772/835/707 773/836/708 957/1080/921
f 751/806/681 752/807/682 954/1076/918 955/1077/919
f 467/437/350 950/1071/913 751/806/681 955/1077/919
f 774/849/709 772/2504/707 951/1073/915 952/1074/916
f 474/449/359 199/450/360 751/806/681 950/1071/913
f 467/437/350 456/424/338 459/427/341 950/1071/913
f 729/786/661 730/787/662 945/1066/908 947/1068/910
f 730/787/662 731/788/663 944/1065/907 945/1066/908
f 691/739/615 184/736/612 706/759/634 942/1062/904
f 661/702/578 662/703/579 685/730/606 941/1061/903
f 2161/2506/2168 2160/2505/2167 938/1058/900 939/1059/901
f 924/1042/884 925/1043/885 2161/2506/2168 939/1059/901
f 657/697/573 658/698/574 2160/2505/2167 2161/2506/2168
f 925/1043/885 2162/2507/2169 657/697/573 2161/2506/2168
f 2163/2508/2170 656/696/572 657/697/573 2162/2507/2169
f 2165/2510/2172 2164/2509/2171 2163/2508/2170 2162/2507/2169
f 925/1043/885 926/1044/886 2165/2510/2172 2162/2507/2169
f 581/585/478 582/586/479 2164/2509/2171 2165/2510/2172
f 926/1044/886 927/1045/887 581/585/478 2165/2510/2172
f 2166/2511/2173 406/362/284 2163/2508/2170 2164/2509/2171
f 582/586/479 583/587/480 2166/2511/2173 2164/2509/2171
f 2167/2512/2174 405/361/283 406/362/284 2166/2511/2173
f 583/587/480 330/272/199 2167/2512/2174 2166/2511/2173
f 2168/2513/2175 409/365/287 405/361/283 2167/2512/2174
f 330/272/199 326/268/195 2168/2513/2175 2167/2512/2174
f 2170/2515/2177 2169/2514/2176 409/365/287 2168/2513/2175
f 326/268/195 327/269/196 2170/2515/2177 2168/2513/2175
f 871/965/822 869/963/820 2169/2514/2176 2170/2515/2177
f 327/269/196 2171/2516/2178 871/965/822 2170/2515/2177
f 860/952/809 861/954/811 871/965/822 2171/2516/2178
f 2172/2517/2179 859/951/808 860/952/809 2171/2516/2178
f 327/269/196 328/270/197 2172/2517/2179 2171/2516/2178
f 913/1025/871 909/1021/867 859/951/808 2172/2517/2179
f 328/270/197 331/273/200 913/1025/871 2172/2517/2179
f 869/963/820 870/964/821 2173/2518/2180 2169/2514/2176
f 2173/2518/2180 408/364/286 409/365/287 2169/2514/2176
f 870/964/821 884/984/838 659/699/575 2173/2518/2180
f 659/699/575 410/366/288 408/364/286 2173/2518/2180
f 406/362/284 407/363/285 656/696/572 2163/2508/2170
f 658/698/574 659/699/575 884/984/838 2160/2505/2167
f 884/984/838 229/338/261 938/1058/900 2160/2505/2167
f 229/338/261 885/985/839 937/1057/899 938/1058/900
f 885/985/839 664/705/581 660/701/577 937/1057/899
f 1569/1785/1544 169/637/521 620/643/527 936/1055/897
f 777/842/713 778/843/714 1569/1785/1544 936/1055/897
f 719/774/649 720/775/650 932/1051/893 933/1052/894
f 914/1026/872 580/584/477 581/585/478 927/1045/887
f 604/617/508 600/611/503 914/1026/872 927/1045/887
f 921/1034/880 905/1017/863 908/1020/866 923/1037/882
f 622/1035/529 904/1016/862 905/1017/863 921/1034/880
f 911/1023/869 596/604/497 593/600/493 920/1032/878
f 912/1024/870 579/583/476 580/584/477 914/1026/872
f 331/273/200 579/583/476 912/1024/870 913/1025/871
f 597/607/500 598/608/501 596/625/497 911/2519/869
f 324/265/192 325/266/193 859/951/808 909/1021/867
f 492/1009/377 361/305/231 362/306/232 898/1008/855
f 454/419/335 455/420/336 523/2520/418 895/1003/851
f 523/519/418 518/514/413 890/993/845 895/1001/851
f 494/474/379 387/335/258 380/332/255 868/962/819
f 380/332/255 129/323/246 373/324/247 868/962/819
f 862/956/813 266/169/116 267/170/117 864/958/815
f 860/952/809 222/945/802 854/946/803 861/954/811
f 303/232/167 853/944/801 857/949/806 858/950/807
f 321/262/189 302/231/166 303/232/167 858/950/807
f 796/874/737 797/875/738 838/932/790 839/933/791
f 807/890/753 808/891/754 822/913/771 823/914/772
f 808/891/754 817/903/765 821/910/769 822/913/771
f 808/891/754 544/546/443 545/547/444 817/903/765
f 790/870/730 788/861/727 789/862/728 794/869/734
f 780/847/717 246/665/548 640/679/557 782/851/719
f 701/751/627 702/752/628 714/769/644 717/772/647
f 702/752/628 703/753/629 713/768/643 714/769/644
f 191/757/632 692/741/617 693/742/618 709/763/638
f 184/736/612 249/740/616 250/758/633 706/759/634
f 249/740/616 692/741/617 191/757/632 250/758/633
f 620/643/527 621/644/528 634/660/543 635/661/544
f 625/650/533 628/653/536 633/659/542 634/660/543
f 621/644/528 624/649/532 625/650/533 634/660/543
f 617/640/524 169/637/521 1569/1785/1544 1570/1786/1545
f 589/594/487 590/595/488 608/622/512 611/634/516
f 578/582/475 329/271/198 330/272/199 583/587/480
f 331/273/200 329/271/198 578/582/475 579/583/476
f 567/2521/2181 510/505/404 512/507/406 570/2417/2094
f 509/504/403 510/505/404 567/2521/2181 568/2414/2091
f 501/490/389 502/491/390 503/494/393 529/525/424
f 505/497/396 504/496/395 520/516/415 528/524/423
f 522/2522/417 144/438/337 468/439/351 524/2503/419
f 455/2524/336 144/438/337 522/2522/417 523/2523/418
f 504/496/395 237/492/391 517/513/412 520/516/415
f 237/492/391 499/487/386 516/512/411 517/513/412
f 224/303/230 361/304/231 492/472/377 493/473/378
f 470/443/354 463/433/346 464/434/347 473/447/358
f 457/425/339 458/426/340 471/444/355 472/445/356
f 395/349/271 382/352/274 383/2525/829 401/356/278
f 363/307/233 364/308/234 373/324/247 374/325/248
f 354/295/222 355/296/223 357/299/226 359/301/228
f 278/184/131 276/182/129 290/213/152 299/228/163
f 289/212/151 263/164/111 220/165/112 292/216/155
f 276/182/129 263/164/111 289/212/151 290/213/152
f 273/176/123 270/173/120 282/191/138 283/192/139
f 270/173/120 271/174/121 281/190/137 282/191/138
f 260/179/126 259/180/127 258/162/109 106/159/106
f 345/1438/1239 344/2295/1250 343/2526/1245 342/1441/1242
f 384/2527/828 383/2525/829 382/352/274 381/1360/1180
f 392/342/264 391/1337/1161 369/316/240 132/317/241
f 422/2034/1751 421/2031/1748 420/2027/1744 419/2041/1758
f 478/2529/1941 477/2259/1943 476/2260/1947 475/2528/1949
f 489/469/374 491/2213/1904 490/2214/1899 488/468/373
f 550/2330/2008 549/2331/2009 548/2348/2025 547/2530/2013
f 570/2417/2094 569/2415/2092 568/2414/2091 567/2521/2181
f 645/1978/1699 644/1979/1700 643/1983/1682 642/1981/1701
f 744/1752/1523 743/1779/1543 742/1719/1490 741/1751/1522
f 205/2532/716 781/1112/720 979/1108/944 203/2531/710
f 849/2470/2139 848/2489/2157 847/2486/2155 846/2533/2156
f 958/2492/2158 957/1080/921 773/836/708 761/819/694
f 106/159/106 219/163/110 108/178/125 260/179/126
f 127/199/144 113/200/135 114/208/148 288/209/149
f 370/318/242 136/321/245 415/371/293 228/345/267
f 193/760/635 191/757/632 710/764/639 194/779/654
f 779/845/715 203/844/710 976/1104/941 972/1100/937
f 149/477/380 236/478/381 901/1012/858 500/2534/387
f 901/2185/858 516/512/411 499/487/386 500/488/387
f 800/886/749 210/881/744 799/887/750 209/2535/2182
f 2186/2539/2186 2185/2538/2185 2184/2537/2184 2174/2536/2183
f 2184/2543/2184 2188/2542/2188 2187/2541/2187 2174/2540/2183
f 2187/2545/2187 2189/2544/2189 2186/2539/2186 2174/2536/2183
f 2192/2549/2193 2191/2548/2192 2190/2547/2191 2175/2546/2190
f 2194/2553/2195 2193/2552/2194 2192/2551/2193 2175/2550/2190
f 2190/2547/2191 2195/2555/2196 2194/2554/2195 2175/2546/2190
f 2198/2559/2200 2197/2558/2199 2196/2557/2198 2176/2556/2197
f 2196/2563/2198 2200/2562/2202 2199/2561/2201 2176/2560/2197
f 2199/2565/2201 2201/2564/2203 2198/2559/2200 2176/2556/2197
f 2204/2569/2207 2203/2568/2206 2202/2567/2205 2177/2566/2204
f 2202/2567/2205 2206/2571/2209 2205/2570/2208 2177/2566/2204
f 2205/2570/2208 2207/2572/2210 2204/2569/2207 2177/2566/2204
f 2210/2576/2214 2209/2575/2213 2208/2574/2212 2178/2573/2211
f 2212/2578/2216 2211/2577/2215 2210/2576/2214 2178/2573/2211
f 2208/2574/2212 2213/2579/2217 2212/2578/2216 2178/2573/2211
f 2216/2583/2221 2215/2582/2220 2214/2581/2219 2179/2580/2218
f 2218/2585/2223 2217/2584/2222 2216/2583/2221 2179/2580/2218
f 2214/2581/2219 2219/2586/2224 2218/2585/2223 2179/2580/2218
f 2219/2586/2224 2214/2581/2219 2220/2588/2226 2180/2587/2225
f 2220/2592/2226 2222/2591/2228 2221/2590/2227 2180/2589/2225
f 2221/2590/2227 2223/2594/2229 2219/2593/2224 2180/2589/2225
f 2226/2598/2233 2225/2597/2232 2224/2596/2231 2181/2595/2230
f 2224/2602/2231 2197/2601/2199 2227/2600/2234 2181/2599/2230
f 2227/2604/2234 2228/2603/2235 2226/2598/2233 2181/2595/2230
f 2230/2608/2239 2183/2607/2238 2229/2606/2237 2182/2605/2236
f 2229/2606/2237 2232/2610/2241 2231/2609/2240 2182/2605/2236
f 2231/2609/2240 2233/2611/2242 2230/2608/2239 2182/2605/2236
f 2234/2612/2243 2223/2594/2229 2221/2590/2227 2183/2607/2238
f 2211/2614/2215 2212/2613/2216 2234/2612/2243 2183/2607/2238
f 2230/2608/2239 2235/2615/2244 2211/2614/2215 2183/2607/2238
f 2221/2590/2227 2222/2591/2228 2229/2606/2237 2183/2607/2238
f 2230/2608/2239 2233/2611/2242 2236/2616/2245 2235/2615/2244
f 2237/2618/2246 2210/2576/2214 2211/2577/2215 2235/2617/2244
f 2236/2620/2245 2238/2619/2247 2237/2618/2246 2235/2617/2244
f 2236/2620/2245 2239/2621/2248 2207/2572/2210 2238/2619/2247
f 2241/2623/2250 2240/2622/2249 2237/2618/2246 2238/2619/2247
f 2207/2572/2210 2205/2570/2208 2241/2623/2250 2238/2619/2247
f 2205/2570/2208 2206/2571/2209 2242/2624/2251 2241/2623/2250
f 2242/2624/2251 2243/2625/2252 2240/2622/2249 2241/2623/2250
f 2242/2624/2251 2185/2538/2185 2186/2539/2186 2243/2625/2252
f 2244/2626/2253 2209/2575/2213 2240/2622/2249 2243/2625/2252
f 2186/2539/2186 2189/2544/2189 2244/2626/2253 2243/2625/2252
f 2245/2627/2254 2208/2574/2212 2209/2575/2213 2244/2626/2253
f 2189/2544/2189 2246/2628/2255 2245/2627/2254 2244/2626/2253
f 2247/2632/2256 2191/2631/2192 2192/2630/2193 2246/2629/2255
f 2189/2634/2189 2187/2633/2187 2247/2632/2256 2246/2629/2255
f 2192/2551/2193 2193/2552/2194 2245/2627/2254 2246/2628/2255
f 2249/2637/2258 2248/2636/2257 2191/2548/2192 2247/2635/2256
f 2187/2641/2187 2188/2640/2188 2249/2639/2258 2247/2638/2256
f 2251/2643/2260 2250/2642/2259 2248/2636/2257 2249/2637/2258
f 2188/2645/2188 2252/2644/2261 2251/2643/2260 2249/2637/2258
f 2254/2647/2263 2253/2646/2262 2251/2643/2260 2252/2644/2261
f 2256/2651/2265 2255/2650/2264 2254/2649/2263 2252/2648/2261
f 2188/2542/2188 2184/2543/2184 2256/2653/2265 2252/2652/2261
f 2258/2655/2267 2257/2654/2266 2255/2650/2264 2256/2651/2265
f 2184/2537/2184 2185/2538/2185 2258/2657/2267 2256/2656/2265
f 2206/2571/2209 2202/2567/2205 2257/2658/2266 2258/2657/2267
f 2185/2538/2185 2242/2624/2251 2206/2571/2209 2258/2657/2267
f 2201/2564/2203 2199/2565/2201 2255/2650/2264 2257/2654/2266
f 2202/2567/2205 2203/2568/2206 2201/2659/2203 2257/2658/2266
f 2199/2565/2201 2200/2660/2202 2254/2649/2263 2255/2650/2264
f 2200/2662/2202 2259/2661/2268 2253/2646/2262 2254/2647/2263
f 2262/2665/2271 2261/2664/2270 2260/2663/2269 2259/2661/2268
f 2200/2662/2202 2196/2666/2198 2262/2665/2271 2259/2661/2268
f 2260/2663/2269 2263/2667/2272 2253/2646/2262 2259/2661/2268
f 2260/2663/2269 2265/2669/2274 2264/2668/2273 2263/2667/2272
f 2250/2642/2259 2251/2643/2260 2253/2646/2262 2263/2667/2272
f 2264/2668/2273 2266/2670/2275 2250/2642/2259 2263/2667/2272
f 2264/2668/2273 2215/2582/2220 2216/2583/2221 2266/2670/2275
f 2267/2671/2276 2248/2636/2257 2250/2642/2259 2266/2670/2275
f 2216/2583/2221 2217/2584/2222 2267/2671/2276 2266/2670/2275
f 2190/2547/2191 2191/2548/2192 2248/2636/2257 2267/2671/2276
f 2217/2584/2222 2195/2555/2196 2190/2547/2191 2267/2671/2276
f 2270/2674/2279 2269/2673/2278 2268/2672/2277 2265/2669/2274
f 2260/2663/2269 2261/2664/2270 2270/2674/2279 2265/2669/2274
f 2268/2672/2277 2215/2582/2220 2264/2668/2273 2265/2669/2274
f 2271/2677/2280 2232/2610/2241 2269/2676/2278 2270/2675/2279
f 2261/2678/2270 2225/2597/2232 2271/2677/2280 2270/2675/2279
f 2272/2679/2281 2231/2609/2240 2232/2610/2241 2271/2677/2280
f 2225/2597/2232 2226/2598/2233 2272/2679/2281 2271/2677/2280
f 2273/2680/2282 2233/2611/2242 2231/2609/2240 2272/2679/2281
f 2226/2598/2233 2228/2603/2235 2273/2680/2282 2272/2679/2281
f 2239/2681/2248 2236/2616/2245 2233/2611/2242 2273/2680/2282
f 2228/2603/2235 2274/2682/2283 2239/2681/2248 2273/2680/2282
f 2228/2603/2235 2227/2604/2234 2275/2683/2284 2274/2682/2283
f 2204/2569/2207 2207/2572/2210 2239/2621/2248 2274/2684/2283
f 2275/2685/2284 2203/2568/2206 2204/2569/2207 2274/2684/2283
f 2227/2688/2234 2197/2687/2199 2198/2686/2200 2275/2685/2284
f 2198/2686/2200 2201/2659/2203 2203/2568/2206 2275/2685/2284
f 2232/2610/2241 2229/2606/2237 2222/2591/2228 2269/2676/2278
f 2222/2689/2228 2220/2588/2226 2268/2672/2277 2269/2673/2278
f 2220/2588/2226 2214/2581/2219 2215/2582/2220 2268/2672/2277
f 2224/2691/2231 2225/2690/2232 2261/2664/2270 2262/2665/2271
f 2196/2666/2198 2197/2692/2199 2224/2691/2231 2262/2665/2271
f 2193/2552/2194 2213/2579/2217 2208/2574/2212 2245/2627/2254
f 2209/2575/2213 2210/2576/2214 2237/2618/2246 2240/2622/2249
f 2277/2694/2286 2276/2693/2285 2223/2594/2229 2234/2612/2243
f 2212/2613/2216 2213/2695/2217 2277/2694/2286 2234/2612/2243
f 2194/2697/2195 2195/2696/2196 2276/2693/2285 2277/2694/2286
f 2213/2579/2217 2193/2552/2194 2194/2553/2195 2277/2698/2286
f 2218/2699/2223 2219/2593/2224 2223/2594/2229 2276/2693/2285
f 2195/2555/2196 2217/2584/2222 2218/2585/2223 2276/2700/2285
f 2288/2704/2290 2287/2703/2289 2286/2702/2288 2278/2701/2287
f 2290/2708/2292 2289/2707/2291 2288/2706/2290 2278/2705/2287
f 2286/2710/2288 2291/2709/2293 2290/2708/2292 2278/2705/2287
f 2294/2714/2297 2293/2713/2296 2292/2712/2295 2279/2711/2294
f 2292/2718/2295 2296/2717/2299 2295/2716/2298 2279/2715/2294
f 2295/2720/2298 2297/2719/2300 2294/2714/2297 2279/2711/2294
f 2300/2724/2304 2299/2723/2303 2298/2722/2302 2280/2721/2301
f 2302/2728/2306 2301/2727/2305 2300/2726/2304 2280/2725/2301
f 2298/2730/2302 2303/2729/2307 2302/2728/2306 2280/2725/2301
f 2306/2734/2311 2305/2733/2310 2304/2732/2309 2281/2731/2308
f 2304/2732/2309 2308/2736/2313 2307/2735/2312 2281/2731/2308
f 2307/2740/2312 2309/2739/2314 2306/2738/2311 2281/2737/2308
f 2312/2744/2318 2311/2743/2317 2310/2742/2316 2282/2741/2315
f 2314/2748/2320 2313/2747/2319 2312/2746/2318 2282/2745/2315
f 2310/2742/2316 2315/2750/2321 2314/2749/2320 2282/2741/2315
f 2318/2754/2325 2317/2753/2324 2316/2752/2323 2283/2751/2322
f 2320/2758/2327 2319/2757/2326 2318/2756/2325 2283/2755/2322
f 2316/2752/2323 2321/2760/2328 2320/2759/2327 2283/2751/2322
f 2323/2763/2331 2322/2762/2330 2289/2707/2291 2284/2761/2329
f 2325/2765/2333 2324/2764/2332 2323/2763/2331 2284/2761/2329
f 2289/2707/2291 2290/2708/2292 2325/2765/2333 2284/2761/2329
f 2328/2769/2337 2327/2768/2336 2326/2767/2335 2285/2766/2334
f 2330/2771/2339 2329/2770/2338 2328/2769/2337 2285/2766/2334
f 2326/2767/2335 2331/2772/2340 2330/2771/2339 2285/2766/2334
f 2332/2776/2341 2312/2775/2318 2313/2774/2319 2331/2773/2340
f 2326/2778/2335 2333/2777/2342 2332/2776/2341 2331/2773/2340
f 2313/2780/2319 2334/2779/2343 2330/2771/2339 2331/2772/2340
f 2313/2780/2319 2314/2782/2320 2335/2781/2344 2334/2779/2343
f 2336/2783/2345 2329/2770/2338 2330/2771/2339 2334/2779/2343
f 2335/2781/2344 2337/2784/2346 2336/2783/2345 2334/2779/2343
f 2335/2787/2344 2319/2786/2326 2320/2759/2327 2337/2785/2346
f 2339/2790/2348 2338/2789/2347 2336/2788/2345 2337/2785/2346
f 2320/2759/2327 2321/2760/2328 2339/2790/2348 2337/2785/2346
f 2341/2792/2350 2340/2791/2349 2338/2789/2347 2339/2790/2348
f 2321/2760/2328 2342/2793/2351 2341/2792/2350 2339/2790/2348
f 2321/2760/2328 2316/2752/2323 2343/2794/2352 2342/2793/2351
f 2324/2764/2332 2344/2795/2353 2341/2792/2350 2342/2793/2351
f 2343/2794/2352 2323/2763/2331 2324/2764/2332 2342/2793/2351
f 2345/2796/2354 2340/2791/2349 2341/2792/2350 2344/2795/2353
f 2347/2798/2356 2346/2797/2355 2345/2796/2354 2344/2795/2353
f 2324/2764/2332 2325/2765/2333 2347/2798/2356 2344/2795/2353
f 2291/2709/2293 2348/2799/2357 2346/2797/2355 2347/2798/2356
f 2325/2765/2333 2290/2708/2292 2291/2709/2293 2347/2798/2356
f 2301/2727/2305 2349/2800/2358 2346/2797/2355 2348/2799/2357
f 2350/2801/2359 2300/2726/2304 2301/2727/2305 2348/2799/2357
f 2291/2709/2293 2286/2710/2288 2350/2801/2359 2348/2799/2357
f 2351/2803/2360 2299/2802/2303 2300/2726/2304 2350/2801/2359
f 2286/2710/2288 2287/2804/2289 2351/2803/2360 2350/2801/2359
f 2353/2808/2362 2352/2807/2361 2299/2806/2303 2351/2805/2360
f 2287/2703/2289 2354/2809/2363 2353/2808/2362 2351/2805/2360
f 2287/2703/2289 2288/2704/2290 2355/2810/2364 2354/2809/2363
f 2357/2812/2366 2356/2811/2365 2353/2808/2362 2354/2809/2363
f 2355/2810/2364 2358/2813/2367 2357/2812/2366 2354/2809/2363
f 2355/2810/2364 2322/2815/2330 2359/2814/2368 2358/2813/2367
f 2361/2817/2370 2360/2816/2369 2357/2812/2366 2358/2813/2367
f 2359/2814/2368 2317/2818/2324 2361/2817/2370 2358/2813/2367
f 2363/2820/2372 2362/2819/2371 2360/2816/2369 2361/2817/2370
f 2317/2818/2324 2318/2821/2325 2363/2820/2372 2361/2817/2370
f 2315/2750/2321 2310/2742/2316 2362/2819/2371 2363/2820/2372
f 2318/2821/2325 2319/2822/2326 2315/2750/2321 2363/2820/2372
f 2365/2824/2374 2364/2823/2373 2360/2816/2369 2362/2819/2371
f 2310/2742/2316 2311/2743/2317 2365/2824/2374 2362/2819/2371
f 2367/2826/2376 2366/2825/2375 2364/2823/2373 2365/2824/2374
f 2311/2743/2317 2368/2827/2377 2367/2826/2376 2365/2824/2374
f 2370/2829/2379 2369/2828/2378 2367/2826/2376 2368/2827/2377
f 2332/2776/2341 2333/2777/2342 2370/2831/2379 2368/2830/2377
f 2311/2743/2317 2312/2744/2318 2332/2832/2341 2368/2827/2377
f 2295/2836/2298 2296/2835/2299 2369/2834/2378 2370/2833/2379
f 2333/2777/2342 2297/2838/2300 2295/2837/2298 2370/2831/2379
f 2371/2839/2380 2366/2825/2375 2367/2826/2376 2369/2828/2378
f 2296/2841/2299 2308/2840/2313 2371/2839/2380 2369/2828/2378
f 2373/2843/2382 2372/2842/2381 2366/2825/2375 2371/2839/2380
f 2308/2840/2313 2304/2844/2309 2373/2843/2382 2371/2839/2380
f 2374/2845/2383 2352/2807/2361 2372/2842/2381 2373/2843/2382
f 2304/2732/2309 2305/2733/2310 2374/2847/2383 2373/2846/2382
f 2298/2848/2302 2299/2806/2303 2352/2807/2361 2374/2845/2383
f 2305/2733/2310 2303/2850/2307 2298/2849/2302 2374/2847/2383
f 2352/2807/2361 2353/2808/2362 2356/2811/2365 2372/2842/2381
f 2356/2811/2365 2364/2823/2373 2366/2825/2375 2372/2842/2381
f 2356/2811/2365 2357/2812/2366 2360/2816/2369 2364/2823/2373
f 2322/2762/2330 2323/2763/2331 2343/2794/2352 2359/2851/2368
f 2343/2794/2352 2316/2752/2323 2317/2753/2324 2359/2851/2368
f 2288/2706/2290 2289/2707/2291 2322/2762/2330 2355/2852/2364
f 2375/2853/2384 2345/2796/2354 2346/2797/2355 2349/2800/2358
f 2377/2857/2386 2376/2856/2385 2375/2855/2384 2349/2854/2358
f 2301/2727/2305 2302/2728/2306 2377/2858/2386 2349/2800/2358
f 2379/2860/2388 2378/2859/2387 2376/2856/2385 2377/2857/2386
f 2302/2862/2306 2303/2861/2307 2379/2860/2388 2377/2857/2386
f 2306/2738/2311 2309/2739/2314 2378/2859/2387 2379/2860/2388
f 2303/2861/2307 2305/2863/2310 2306/2738/2311 2379/2860/2388
f 2381/2865/2390 2380/2864/2389 2376/2856/2385 2378/2859/2387
f 2309/2739/2314 2293/2713/2296 2381/2865/2390 2378/2859/2387
f 2383/2867/2392 2382/2866/2391 2380/2864/2389 2381/2865/2390
f 2293/2713/2296 2294/2714/2297 2383/2867/2392 2381/2865/2390
f 2327/2768/2336 2328/2769/2337 2382/2866/2391 2383/2867/2392
f 2294/2714/2297 2297/2719/2300 2327/2768/2336 2383/2867/2392
f 2328/2769/2337 2329/2770/2338 2384/2868/2393 2382/2866/2391
f 2384/2868/2393 2385/2869/2394 2380/2864/2389 2382/2866/2391
f 2384/2868/2393 2338/2871/2347 2340/2870/2349 2385/2869/2394
f 2375/2855/2384 2376/2856/2385 2380/2864/2389 2385/2869/2394
f 2340/2870/2349 2345/2872/2354 2375/2855/2384 2385/2869/2394
f 2329/2770/2338 2336/2783/2345 2338/2871/2347 2384/2868/2393
f 2314/2749/2320 2315/2750/2321 2319/2822/2326 2335/2873/2344
f 2326/2767/2335 2327/2768/2336 2297/2719/2300 2333/2874/2342
f 2307/2740/2312 2292/2712/2295 2293/2713/2296 2309/2739/2314
f 2296/2717/2299 2292/2718/2295 2307/2735/2312 2308/2736/2313
f 2396/2878/2398 2395/2877/2397 2394/2876/2396 2386/2875/2395
f 2394/2876/2396 2398/2880/2400 2397/2879/2399 2386/2875/2395
f 2397/2879/2399 2399/2881/2401 2396/2878/2398 2386/2875/2395
f 2402/2885/2405 2401/2884/2404 2400/2883/2403 2387/2882/2402
f 2404/2887/2407 2403/2886/2406 2402/2885/2405 2387/2882/2402
f 2400/2883/2403 2405/2888/2408 2404/2887/2407 2387/2882/2402
f 2408/2892/2412 2407/2891/2411 2406/2890/2410 2388/2889/2409
f 2410/2894/2414 2409/2893/2413 2408/2892/2412 2388/2889/2409
f 2406/2890/2410 2411/2895/2415 2410/2894/2414 2388/2889/2409
f 2414/2899/2419 2413/2898/2418 2412/2897/2417 2389/2896/2416
f 2416/2901/2421 2415/2900/2420 2414/2899/2419 2389/2896/2416
f 2412/2897/2417 2417/2902/2422 2416/2901/2421 2389/2896/2416
f 2420/2906/2426 2419/2905/2425 2418/2904/2424 2390/2903/2423
f 2422/2910/2428 2421/2909/2427 2420/2908/2426 2390/2907/2423
f 2418/2914/2424 2423/2913/2429 2422/2912/2428 2390/2911/2423
f 2426/2918/2433 2425/2917/2432 2424/2916/2431 2391/2915/2430
f 2424/2916/2431 2428/2920/2435 2427/2919/2434 2391/2915/2430
f 2427/2919/2434 2429/2921/2436 2426/2918/2433 2391/2915/2430
f 2432/2925/2440 2431/2924/2439 2430/2923/2438 2392/2922/2437
f 2434/2927/2442 2433/2926/2441 2432/2925/2440 2392/2922/2437
f 2430/2923/2438 2435/2928/2443 2434/2927/2442 2392/2922/2437
f 2438/2932/2447 2437/2931/2446 2436/2930/2445 2393/2929/2444
f 2440/2934/2449 2439/2933/2448 2438/2932/2447 2393/2929/2444
f 2436/2930/2445 2441/2935/2450 2440/2934/2449 2393/2929/2444
f 2429/2921/2436 2443/2937/2452 2442/2936/2451 2441/2935/2450
f 2436/2930/2445 2426/2918/2433 2429/2921/2436 2441/2935/2450
f 2442/2936/2451 2444/2938/2453 2440/2934/2449 2441/2935/2450
f 2445/2939/2454 2439/2933/2448 2440/2934/2449 2444/2938/2453
f 2447/2943/2456 2446/2942/2455 2445/2941/2454 2444/2940/2453
f 2442/2945/2451 2448/2944/2457 2447/2943/2456 2444/2940/2453
f 2450/2947/2459 2449/2946/2458 2447/2943/2456 2448/2944/2457
f 2403/2886/2406 2404/2887/2407 2450/2947/2459 2448/2944/2457
f 2442/2945/2451 2443/2948/2452 2403/2886/2406 2448/2944/2457
f 2452/2950/2461 2451/2949/2460 2449/2946/2458 2450/2947/2459
f 2404/2887/2407 2405/2888/2408 2452/2950/2461 2450/2947/2459
f 2396/2878/2398 2399/2881/2401 2451/2949/2460 2452/2950/2461
f 2405/2888/2408 2395/2877/2397 2396/2878/2398 2452/2950/2461
f 2454/2952/2463 2453/2951/2462 2449/2946/2458 2451/2949/2460
f 2399/2881/2401 2415/2900/2420 2454/2952/2463 2451/2949/2460
f 2456/2954/2465 2455/2953/2464 2453/2951/2462 2454/2952/2463
f 2415/2900/2420 2416/2901/2421 2456/2954/2465 2454/2952/2463
f 2458/2956/2467 2457/2955/2466 2455/2953/2464 2456/2954/2465
f 2416/2901/2421 2417/2902/2422 2458/2956/2467 2456/2954/2465
f 2460/2958/2469 2459/2957/2468 2457/2955/2466 2458/2956/2467
f 2417/2902/2422 2461/2959/2470 2460/2958/2469 2458/2956/2467
f 2408/2892/2412 2409/2893/2413 2460/2961/2469 2461/2960/2470
f 2462/2962/2471 2407/2891/2411 2408/2892/2412 2461/2960/2470
f 2417/2966/2422 2412/2965/2417 2462/2964/2471 2461/2963/2470
f 2464/2968/2473 2463/2967/2472 2407/2891/2411 2462/2962/2471
f 2412/2965/2417 2413/2970/2418 2464/2969/2473 2462/2964/2471
f 2466/2973/2475 2465/2972/2474 2463/2971/2472 2464/2969/2473
f 2413/2970/2418 2398/2974/2400 2466/2973/2475 2464/2969/2473
f 2468/2978/2477 2467/2977/2476 2465/2976/2474 2466/2975/2475
f 2398/2980/2400 2394/2979/2396 2468/2978/2477 2466/2975/2475
f 2470/2984/2479 2469/2983/2478 2467/2982/2476 2468/2981/2477
f 2394/2876/2396 2395/2877/2397 2470/2986/2479 2468/2985/2477
f 2400/2883/2403 2401/2884/2404 2469/2987/2478 2470/2986/2479
f 2395/2877/2397 2405/2888/2408 2400/2883/2403 2470/2986/2479
f 2472/2989/2481 2471/2988/2480 2467/2982/2476 2469/2983/2478
f 2401/2993/2404 2473/2992/2482 2472/2991/2481 2469/2990/2478
f 2428/2920/2435 2474/2994/2483 2472/2991/2481 2473/2992/2482
f 2475/2995/2484 2427/2919/2434 2428/2920/2435 2473/2992/2482
f 2401/2993/2404 2402/2996/2405 2475/2995/2484 2473/2992/2482
f 2443/2937/2452 2429/2921/2436 2427/2919/2434 2475/2995/2484
f 2402/2885/2405 2403/2886/2406 2443/2948/2452 2475/2997/2484
f 2476/2999/2485 2471/2998/2480 2472/2991/2481 2474/2994/2483
f 2478/3001/2487 2477/3000/2486 2476/2999/2485 2474/2994/2483
f 2428/2920/2435 2424/2916/2431 2478/3001/2487 2474/2994/2483
f 2480/3003/2489 2479/3002/2488 2477/3000/2486 2478/3001/2487
f 2424/2916/2431 2425/2917/2432 2480/3003/2489 2478/3001/2487
f 2482/3005/2491 2481/3004/2490 2479/3002/2488 2480/3003/2489
f 2425/2917/2432 2437/2931/2446 2482/3005/2491 2480/3003/2489
f 2484/3007/2493 2483/3006/2492 2481/3004/2490 2482/3005/2491
f 2437/2931/2446 2438/2932/2447 2484/3007/2493 2482/3005/2491
f 2485/3008/2494 2423/2913/2429 2483/3006/2492 2484/3007/2493
f 2438/2932/2447 2439/2933/2448 2485/3008/2494 2484/3007/2493
f 2486/3009/2495 2422/2912/2428 2423/2913/2429 2485/3008/2494
f 2439/2933/2448 2445/2939/2454 2486/3009/2495 2485/3008/2494
f 2487/3013/2496 2421/3012/2427 2422/3011/2428 2486/3010/2495
f 2445/2941/2454 2446/2942/2455 2487/3013/2496 2486/3010/2495
f 2455/2953/2464 2457/2955/2466 2421/3012/2427 2487/3013/2496
f 2446/2942/2455 2453/2951/2462 2455/2953/2464 2487/3013/2496
f 2488/3016/2497 2435/2928/2443 2481/3015/2490 2483/3014/2492
f 2423/3017/2429 2418/2904/2424 2488/3016/2497 2483/3014/2492
f 2489/3018/2498 2434/2927/2442 2435/2928/2443 2488/3016/2497
f 2418/2904/2424 2419/2905/2425 2489/3018/2498 2488/3016/2497
f 2490/3019/2499 2433/2926/2441 2434/2927/2442 2489/3018/2498
f 2419/2905/2425 2491/3020/2500 2490/3019/2499 2489/3018/2498
f 2409/2893/2413 2410/2894/2414 2490/3019/2499 2491/3020/2500
f 2459/3021/2468 2460/2961/2469 2409/2893/2413 2491/3020/2500
f 2419/2905/2425 2420/2906/2426 2459/3021/2468 2491/3020/2500
f 2410/2894/2414 2411/2895/2415 2433/2926/2441 2490/3019/2499
f 2435/2928/2443 2430/2923/2438 2479/3022/2488 2481/3015/2490
f 2430/2923/2438 2431/2924/2439 2477/3023/2486 2479/3022/2488
f 2431/2924/2439 2492/3025/2501 2476/3024/2485 2477/3023/2486
f 2495/3028/2504 2494/3027/2503 2493/3026/2502 2492/3025/2501
f 2431/2924/2439 2432/2925/2440 2495/3028/2504 2492/3025/2501
f 2493/3026/2502 2471/3029/2480 2476/3024/2485 2492/3025/2501
f 2411/2895/2415 2406/2890/2410 2494/3027/2503 2495/3028/2504
f 2432/2925/2440 2433/2926/2441 2411/2895/2415 2495/3028/2504
f 2406/2890/2410 2407/2891/2411 2463/2967/2472 2494/3027/2503
f 2463/2967/2472 2465/3030/2474 2493/3026/2502 2494/3027/2503
f 2465/3030/2474 2467/3031/2476 2471/3029/2480 2493/3026/2502
f 2420/3032/2426 2421/3012/2427 2457/2955/2466 2459/2957/2468
f 2446/2942/2455 2447/2943/2456 2449/2946/2458 2453/2951/2462
f 2425/2917/2432 2426/2918/2433 2436/2930/2445 2437/2931/2446
f 2399/2881/2401 2397/2879/2399 2414/2899/2419 2415/2900/2420
f 2397/2879/2399 2398/2880/2400 2413/2898/2418 2414/2899/2419
f 2506/3036/2508 2505/3035/2507 2504/3034/2506 2496/3033/2505
f 2504/3040/2506 2508/3039/2510 2507/3038/2509 2496/3037/2505
f 2507/3042/2509 2509/3041/2511 2506/3036/2508 2496/3033/2505
f 2512/3046/2515 2511/3045/2514 2510/3044/2513 2497/3043/2512
f 2510/3044/2513 2514/3048/2517 2513/3047/2516 2497/3043/2512
f 2513/3047/2516 2515/3049/2519 2512/3046/2518 2497/3043/2512
f 2516/3053/2521 2511/3052/2514 2512/3051/2515 2498/3050/2520
f 2518/3055/2524 2517/3054/2523 2516/3053/2521 2498/3050/2522
f 2512/3051/2525 2515/3056/2525 2518/3055/2525 2498/3050/2525
f 2521/3060/2529 2520/3059/2528 2519/3058/2527 2499/3057/2526
f 2523/3064/2531 2522/3063/2530 2521/3062/2529 2499/3061/2526
f 2519/3058/2527 2524/3066/2532 2523/3065/2531 2499/3057/2526
f 2525/3069/2525 2520/3068/2525 2521/3062/2525 2500/3067/2525
f 2527/3071/2536 2526/3070/2535 2525/3069/2534 2500/3067/2533
f 2521/3062/2529 2522/3063/2530 2527/3071/2536 2500/3067/2533
f 2523/3065/2531 2524/3066/2532 2531/3073/2538 2501/3072/2537
f 2531/3073/2538 2532/3075/2539 2528/3074/2539 2501/3072/2537
f 2533/3077/2541 2522/3063/2530 2523/3064/2531 2501/3076/2540
f 2529/3079/2543 2534/3078/2542 2533/3077/2541 2501/3076/2540
f 2537/3083/2547 2536/3082/2546 2535/3081/2545 2502/3080/2544
f 2526/3070/2535 2527/3071/2536 2537/3083/2547 2502/3080/2544
f 2535/3081/2545 2517/3054/2523 2526/3070/2535 2502/3080/2544
f 2532/3085/2549 2507/3038/2509 2508/3039/2510 2503/3084/2548
f 2508/3039/2553 2538/3087/2552 2530/3086/2551 2503/3084/2550
f 2530/3086/2554 2528/3088/2539 2532/3085/2539 2503/3084/2554
f 2539/3089/2555 2536/3082/2546 2534/3078/2542 2538/3087/2552
f 2508/3039/2553 2504/3040/2506 2539/3089/2555 2538/3087/2552
f 2534/3078/2542 2529/3079/2543 2530/3086/2551 2538/3087/2552
f 2540/3090/2556 2535/3081/2545 2536/3082/2546 2539/3089/2555
f 2504/3040/2506 2505/3091/2507 2540/3090/2556 2539/3089/2555
f 2516/3053/2521 2517/3054/2523 2535/3081/2545 2540/3090/2556
f 2505/3091/2507 2511/3052/2514 2516/3053/2521 2540/3090/2556
f 2533/3077/2541 2534/3078/2542 2536/3082/2546 2537/3083/2547
f 2527/3071/2536 2522/3063/2530 2533/3077/2541 2537/3083/2547
f 2531/3073/2538 2509/3041/2511 2507/3042/2509 2532/3075/2549
f 2524/3066/2532 2514/3048/2517 2509/3041/2511 2531/3073/2538
f 2517/3054/2523 2518/3055/2524 2525/3069/2534 2526/3070/2535
f 2518/3055/2525 2515/3056/2525 2520/3068/2525 2525/3069/2525
f 2519/3058/2527 2513/3047/2516 2514/3048/2517 2524/3066/2532
f 2515/3049/2519 2513/3047/2516 2519/3058/2527 2520/3059/2528
f 2510/3044/2513 2506/3036/2508 2509/3041/2511 2514/3048/2517
f 2505/3035/2507 2506/3036/2508 2510/3044/2513 2511/3045/2514
f 2528/3088/2557 2530/3086/2551 2529/3079/2543 2501/3076/2540
f 2553/3095/2561 2552/3094/2560 2551/3093/2559 2541/3092/2558
f 2551/3099/2559 2555/3098/2563 2554/3097/2562 2541/3096/2558
f 2554/3097/2562 2556/3101/2564 2553/3100/2561 2541/3096/2558
f 2559/3105/2568 2558/3104/2567 2557/3103/2566 2542/3102/2565
f 2557/3103/2566 2561/3107/2570 2560/3106/2569 2542/3102/2565
f 2560/3106/2572 2562/3108/2571 2559/3105/2568 2542/3102/2565
f 2565/3112/2576 2564/3111/2575 2563/3110/2574 2543/3109/2573
f 2563/3116/2574 2567/3115/2578 2566/3114/2577 2543/3113/2573
f 2566/3118/2577 2568/3117/2579 2565/3112/2576 2543/3109/2573
f 2560/3106/2569 2561/3107/2570 2569/3120/2581 2544/3119/2580
f 2570/3121/2582 2562/3108/2571 2560/3106/2572 2544/3119/2580
f 2569/3120/2581 2571/3122/2583 2570/3121/2582 2544/3119/2580
f 2573/3126/2587 2572/3125/2586 2546/3124/2585 2545/3123/2584
f 2546/3130/2585 2575/3129/2589 2574/3128/2588 2545/3127/2584
f 2574/3128/2588 2576/3132/2590 2573/3131/2587 2545/3127/2584
f 2572/3125/2586 2554/3097/2562 2555/3098/2563 2546/3124/2585
f 2555/3135/2563 2558/3104/2567 2550/3134/2591 2546/3133/2585
f 2550/3134/2591 2577/3137/2592 2575/3136/2589 2546/3133/2585
f 2578/3139/2594 2572/3125/2586 2573/3126/2587 2547/3138/2593
f 2580/3141/2596 2579/3140/2595 2578/3139/2594 2547/3138/2593
f 2573/3131/2587 2576/3132/2590 2580/3143/2597 2547/3142/2593
f 2580/3147/2597 2576/3146/2590 2581/3145/2599 2548/3144/2598
f 2582/3149/2600 2579/3140/2595 2580/3141/2596 2548/3148/2598
f 2581/3153/2599 2583/3152/2601 2582/3151/2600 2548/3150/2598
f 2586/3157/2605 2585/3156/2604 2584/3155/2603 2549/3154/2602
f 2584/3155/2603 2588/3159/2607 2587/3158/2606 2549/3154/2602
f 2587/3158/2606 2589/3160/2608 2586/3157/2605 2549/3154/2602
f 2558/3104/2567 2559/3105/2568 2577/3137/2592 2550/3134/2591
f 2568/3117/2579 2583/3152/2601 2586/3157/2605 2589/3160/2608
f 2571/3122/2583 2565/3112/2576 2568/3117/2579 2589/3160/2608
f 2587/3158/2606 2570/3121/2582 2571/3122/2583 2589/3160/2608
f 2562/3108/2571 2570/3121/2582 2587/3158/2606 2588/3159/2607
f 2577/3137/2592 2559/3105/2568 2562/3108/2571 2588/3159/2607
f 2584/3155/2603 2575/3136/2589 2577/3137/2592 2588/3159/2607
f 2583/3152/2601 2581/3153/2599 2585/3156/2604 2586/3157/2605
f 2574/3164/2588 2575/3163/2589 2584/3162/2603 2585/3161/2604
f 2581/3166/2599 2576/3165/2590 2574/3164/2588 2585/3161/2604
f 2568/3117/2579 2566/3118/2577 2582/3151/2600 2583/3152/2601
f 2566/3114/2577 2567/3115/2578 2579/3140/2595 2582/3149/2600
f 2567/3115/2578 2556/3101/2564 2578/3139/2594 2579/3140/2595
f 2556/3101/2564 2554/3097/2562 2572/3125/2586 2578/3139/2594
f 2569/3120/2581 2564/3111/2575 2565/3112/2576 2571/3122/2583
f 2561/3107/2570 2552/3094/2560 2564/3111/2575 2569/3120/2581
f 2563/3116/2574 2553/3100/2561 2556/3101/2564 2567/3115/2578
f 2552/3094/2560 2553/3095/2561 2563/3110/2574 2564/3111/2575
f 2557/3103/2566 2551/3093/2559 2552/3094/2560 2561/3107/2570
f 2555/3135/2563 2551/3093/2559 2557/3103/2566 2558/3104/2567
f 2601/3170/2612 2600/3169/2611 2599/3168/2610 2590/3167/2609
f 2599/3174/2616 2603/3173/2615 2602/3172/2614 2590/3171/2613
f 2602/3172/2614 2604/3176/2618 2601/3175/2617 2590/3171/2613
f 2606/3179/2621 2605/3178/2620 2600/3169/2611 2591/3177/2619
f 2600/3182/2611 2601/3175/2612 2607/3181/2622 2591/3180/2619
f 2607/3184/2622 2608/3183/2623 2606/3179/2621 2591/3177/2619
f 2608/3188/2623 2607/3187/2622 2609/3186/2624 2592/3185/2624
f 2609/3192/2627 2611/3191/2626 2610/3190/2625 2592/3189/2625
f 2610/3196/2628 2612/3195/2629 2608/3194/2623 2592/3193/2628
f 2603/3199/2632 2599/3168/2610 2613/3198/2631 2593/3197/2630
f 2615/3202/2633 2614/3201/2633 2603/3173/2633 2593/3200/2633
f 2613/3206/2631 2616/3205/2635 2615/3204/2634 2593/3203/2630
f 2618/3209/2639 2617/3208/2638 2614/3201/2637 2594/3207/2636
f 2619/3213/2641 2595/3212/2640 2618/3211/2639 2594/3210/2636
f 2614/3214/2637 2615/3204/2642 2619/3213/2641 2594/3210/2636
f 2621/3216/2644 2620/3215/2643 2618/3211/2639 2595/3212/2640
f 2619/3213/2641 2598/3218/2646 2622/3217/2645 2595/3212/2640
f 2622/3217/2645 2623/3219/2647 2621/3216/2644 2595/3212/2640
f 2610/3223/2650 2611/3222/2626 2624/3221/2649 2596/3220/2648
f 2625/3225/2652 2612/3195/2629 2610/3196/2651 2596/3224/2651
f 2624/3221/2649 2597/3227/2654 2625/3226/2653 2596/3220/2648
f 2624/3221/2649 2620/3229/2643 2621/3228/2644 2597/3227/2654
f 2621/3216/2644 2623/3219/2647 2625/3231/2653 2597/3230/2654
f 2619/3213/2656 2615/3204/2634 2616/3205/2635 2598/3218/2655
f 2616/3205/2635 2626/3232/2658 2622/3217/2657 2598/3218/2655
f 2605/3236/2620 2606/3235/2621 2627/3234/2659 2626/3233/2658
f 2616/3205/2635 2613/3206/2631 2605/3237/2620 2626/3232/2658
f 2627/3234/2659 2623/3239/2660 2622/3238/2657 2626/3233/2658
f 2606/3235/2621 2608/3194/2623 2612/3195/2629 2627/3234/2659
f 2612/3195/2629 2625/3225/2652 2623/3239/2660 2627/3234/2659
f 2611/3222/2626 2628/3240/2661 2620/3229/2643 2624/3221/2649
f 2617/3208/2638 2618/3209/2639 2620/3242/2643 2628/3241/2661
f 2604/3176/2618 2602/3172/2614 2617/3208/2638 2628/3241/2661
f 2611/3244/2626 2609/3243/2627 2604/3176/2618 2628/3241/2661
f 2602/3172/2614 2603/3173/2615 2614/3201/2637 2617/3208/2638
f 2599/3168/2610 2600/3169/2611 2605/3178/2620 2613/3198/2631
f 2607/3181/2662 2601/3175/2617 2604/3176/2618 2609/3243/2627
f 2640/3248/2666 2639/3247/2665 2638/3246/2664 2629/3245/2663
f 2638/3252/2670 2642/3251/2669 2641/3250/2668 2629/3249/2667
f 2641/3256/2668 2643/3255/2672 2640/3254/2666 2629/3253/2671
f 2638/3260/2664 2639/3259/2665 2647/3258/2674 2630/3257/2673
f 2648/3262/2676 2642/3251/2669 2638/3252/2670 2630/3261/2675
f 2647/3264/2674 2649/3263/2677 2648/3262/2676 2630/3261/2673
f 2639/3247/2665 2640/3248/2666 2644/3266/2679 2631/3265/2678
f 2645/3270/2682 2651/3269/2681 2650/3268/2680 2631/3267/2678
f 2650/3268/2680 2653/3272/2684 2652/3271/2683 2631/3267/2678
f 2632/3274/2685 2647/3273/2674 2639/3247/2665 2631/3265/2678
f 2652/3271/2683 2654/3276/2686 2632/3275/2685 2631/3267/2678
f 2654/3280/2686 2649/3279/2677 2647/3278/2674 2632/3277/2685
f 2656/3283/2689 2651/3269/2681 2655/3282/2688 2633/3281/2687
f 2655/3287/2688 2658/3286/2691 2657/3285/2690 2633/3284/2687
f 2657/3285/2690 2659/3290/2692 2656/3289/2689 2633/3288/2687
f 2662/3294/2696 2661/3293/2695 2660/3292/2694 2634/3291/2693
f 2660/3292/2694 2664/3296/2698 2663/3295/2697 2634/3291/2693
f 2663/3295/2697 2665/3297/2699 2662/3294/2696 2634/3291/2693
f 2668/3301/2703 2667/3300/2702 2666/3299/2701 2635/3298/2700
f 2666/3299/2701 2670/3303/2705 2669/3302/2704 2635/3298/2700
f 2669/3307/2704 2664/3306/2698 2668/3305/2703 2635/3304/2700
f 2672/3311/2709 2671/3310/2708 2667/3309/2707 2636/3308/2706
f 2667/3315/2702 2668/3314/2703 2673/3313/2711 2636/3312/2710
f 2673/3313/2711 2674/3317/2712 2672/3316/2709 2636/3312/2710
f 2671/3321/2708 2672/3320/2709 2675/3319/2714 2637/3318/2713
f 2675/3325/2714 2654/3324/2686 2652/3323/2683 2637/3322/2713
f 2652/3271/2683 2653/3272/2684 2671/3327/2708 2637/3326/2713
f 2676/3329/2715 2649/3279/2677 2654/3280/2686 2675/3328/2714
f 2672/3316/2709 2674/3317/2712 2676/3331/2715 2675/3330/2714
f 2677/3332/2716 2648/3262/2676 2649/3263/2677 2676/3331/2715
f 2674/3317/2712 2661/3293/2695 2677/3332/2716 2676/3331/2715
f 2678/3333/2717 2642/3251/2669 2648/3262/2676 2677/3332/2716
f 2661/3293/2695 2662/3294/2696 2678/3333/2717 2677/3332/2716
f 2679/3334/2718 2641/3250/2668 2642/3251/2669 2678/3333/2717
f 2662/3294/2696 2665/3297/2699 2679/3334/2718 2678/3333/2717
f 2658/3286/2691 2643/3255/2672 2641/3256/2668 2679/3335/2718
f 2665/3336/2699 2657/3285/2690 2658/3286/2691 2679/3335/2718
f 2673/3313/2711 2660/3292/2694 2661/3293/2695 2674/3317/2712
f 2668/3314/2703 2664/3296/2698 2660/3292/2694 2673/3313/2711
f 2653/3272/2684 2666/3299/2701 2667/3300/2707 2671/3327/2708
f 2666/3299/2701 2653/3272/2684 2650/3268/2680 2670/3303/2705
f 2656/3283/2689 2659/3337/2692 2669/3302/2704 2670/3303/2705
f 2650/3268/2680 2651/3269/2681 2656/3283/2689 2670/3303/2705
f 2659/3339/2692 2663/3338/2697 2664/3306/2698 2669/3307/2704
f 2663/3340/2697 2659/3290/2692 2657/3285/2690 2665/3336/2699
f 2655/3287/2688 2646/3341/2719 2643/3255/2672 2658/3286/2691
f 2651/3269/2681 2645/3270/2682 2646/3342/2719 2655/3282/2688
f 2644/3345/2679 2640/3344/2666 2643/3343/2672 2646/3342/2719
f 2644/3345/2679 2646/3342/2719 2645/3270/2682 2631/3267/2678
f 2690/3349/2525 2689/3348/2525 2688/3347/2525 2680/3346/2525
f 2692/3351/2525 2691/3350/2525 2690/3349/2525 2680/3346/2525
f 2688/3347/2525 2693/3352/2525 2692/3351/2525 2680/3346/2525
f 2696/3356/2525 2695/3355/2525 2694/3354/2525 2681/3353/2525
f 2694/3354/2525 2692/3358/2525 2693/3357/2525 2681/3353/2525
f 2693/3357/2525 2697/3359/2525 2696/3356/2525 2681/3353/2525
f 2700/3363/2525 2699/3362/2525 2698/3361/2525 2682/3360/2525
f 2698/3361/2525 2691/3350/2525 2701/3364/2525 2682/3360/2525
f 2701/3364/2525 2702/3365/2525 2700/3363/2525 2682/3360/2525
f 2704/3368/2525 2703/3367/2525 2699/3362/2525 2683/3366/2525
f 2706/3370/2525 2705/3369/2525 2704/3368/2525 2683/3366/2525
f 2699/3362/2525 2700/3363/2525 2706/3370/2525 2683/3366/2525
f 2689/3348/2525 2690/3349/2525 2707/3372/2525 2684/3371/2525
f 2707/3372/2525 2703/3367/2525 2708/3373/2525 2684/3371/2525
f 2708/3373/2525 2709/3374/2525 2689/3348/2525 2684/3371/2525
f 2711/3378/2525 2697/3377/2525 2710/3376/2525 2685/3375/2525
f 2710/3376/2525 2709/3374/2525 2712/3379/2525 2685/3375/2525
f 2712/3379/2525 2713/3380/2525 2711/3378/2525 2685/3375/2525
f 2695/3355/2525 2696/3356/2525 2714/3382/2525 2686/3381/2525
f 2715/3384/2525 2702/3383/2525 2695/3355/2525 2686/3381/2525
f 2714/3382/2525 2716/3385/2525 2715/3384/2525 2686/3381/2525
f 2713/3380/2525 2712/3379/2525 2717/3387/2525 2687/3386/2525
f 2705/3390/2525 2716/3385/2525 2713/3389/2525 2687/3388/2525
f 2717/3387/2525 2704/3368/2525 2705/3369/2525 2687/3386/2525
f 2708/3373/2525 2703/3367/2525 2704/3368/2525 2717/3387/2525
f 2712/3379/2525 2709/3374/2525 2708/3373/2525 2717/3387/2525
f 2714/3382/2525 2711/3391/2525 2713/3389/2525 2716/3385/2525
f 2705/3390/2525 2706/3392/2525 2715/3384/2525 2716/3385/2525
f 2706/3392/2525 2700/3393/2525 2702/3383/2525 2715/3384/2525
f 2696/3356/2525 2697/3359/2525 2711/3391/2525 2714/3382/2525
f 2688/3347/2525 2689/3348/2525 2709/3374/2525 2710/3376/2525
f 2697/3377/2525 2693/3352/2525 2688/3347/2525 2710/3376/2525
f 2698/3361/2525 2699/3362/2525 2703/3367/2525 2707/3372/2525
f 2690/3349/2525 2691/3350/2525 2698/3361/2525 2707/3372/2525
f 2701/3394/2525 2694/3354/2525 2695/3355/2525 2702/3383/2525
f 2691/3395/2525 2692/3358/2525 2694/3354/2525 2701/3394/2525
f 2722/3399/2525 2724/3398/2525 2720/3397/2525 2718/3396/2525
f 2720/3397/2525 2721/3401/2525 2719/3400/2525 2718/3396/2525
f 2719/3403/2525 2723/3402/2525 2722/3399/2525 2718/3396/2525
f 2721/3401/2525 2725/3405/2525 2723/3404/2525 2719/3400/2525
f 2724/3398/2525 2725/3407/2525 2721/3406/2525 2720/3397/2525
f 2723/3409/2525 2725/3408/2525 2724/3398/2525 2722/3399/2525
f 2736/3413/2723 2735/3412/2722 2734/3411/2721 2726/3410/2720
f 2734/3411/2525 2738/3415/2525 2737/3414/2525 2726/3410/2525
f 2737/3414/2525 2739/3416/2525 2736/3413/2525 2726/3410/2525
f 2742/3420/2726 2741/3419/2725 2740/3418/2724 2727/3417/2724
f 2744/3422/2525 2743/3421/2525 2742/3420/2525 2727/3417/2525
f 2740/3418/2525 2745/3423/2525 2744/3422/2525 2727/3417/2525
f 2738/3415/2525 2734/3411/2525 2746/3425/2525 2728/3424/2525
f 2746/3425/2729 2741/3427/2725 2747/3426/2728 2728/3424/2727
f 2747/3426/2728 2748/3428/2731 2738/3415/2730 2728/3424/2727
f 2739/3416/2525 2737/3414/2525 2749/3430/2525 2729/3429/2525
f 2751/3432/2732 2750/3431/2733 2739/3416/2733 2729/3429/2732
f 2749/3430/2525 2752/3433/2525 2751/3432/2525 2729/3429/2525
f 2748/3437/2731 2747/3436/2728 2753/3435/2735 2730/3434/2734
f 2753/3435/2735 2754/3439/2737 2752/3438/2736 2730/3434/2734
f 2752/3433/2525 2749/3430/2525 2748/3428/2525 2730/3440/2525
f 2745/3444/2525 2740/3443/2525 2755/3442/2525 2731/3441/2525
f 2755/3442/2740 2735/3412/2722 2756/3445/2739 2731/3441/2738
f 2756/3445/2525 2757/3446/2525 2745/3444/2525 2731/3441/2525
f 2757/3446/2744 2759/3449/2743 2758/3448/2742 2732/3447/2741
f 2758/3451/2742 2743/3421/2746 2744/3422/2745 2732/3450/2741
f 2744/3452/2525 2745/3444/2525 2757/3446/2525 2732/3447/2525
f 2759/3449/2525 2760/3454/2525 2750/3431/2525 2733/3453/2525
f 2761/3455/2748 2758/3448/2742 2759/3449/2743 2733/3453/2747
f 2750/3431/2750 2751/3432/2749 2761/3455/2748 2733/3453/2747
f 2754/3439/2737 2743/3421/2746 2758/3451/2742 2761/3456/2748
f 2751/3457/2749 2752/3438/2736 2754/3439/2737 2761/3456/2748
f 2736/3413/2723 2739/3416/2733 2750/3431/2733 2760/3454/2751
f 2756/3445/2739 2735/3412/2722 2736/3413/2723 2760/3454/2751
f 2759/3449/2752 2757/3446/2752 2756/3445/2739 2760/3454/2751
f 2746/3425/2753 2734/3411/2721 2735/3412/2722 2755/3442/2740
f 2740/3443/2525 2741/3427/2525 2746/3425/2525 2755/3442/2525
f 2753/3435/2735 2742/3420/2726 2743/3421/2746 2754/3439/2737
f 2747/3436/2728 2741/3419/2725 2742/3420/2726 2753/3435/2735
f 2737/3414/2525 2738/3415/2525 2748/3428/2525 2749/3430/2525
f 2774/3461/2757 2773/3460/2756 2772/3459/2755 2762/3458/2754
f 2776/3463/2759 2775/3462/2758 2774/3461/2757 2762/3458/2754
f 2772/3459/2755 2777/3464/2760 2776/3463/2759 2762/3458/2754
f 2778/3466/2763 2776/3463/2759 2777/3464/2762 2763/3465/2761
f 2780/3468/2765 2779/3467/2764 2778/3466/2763 2763/3465/2761
f 2777/3464/2760 2781/3469/2768 2780/3468/2767 2763/3465/2766
f 2783/3473/2772 2765/3472/2771 2782/3471/2770 2764/3470/2769
f 2775/3462/2758 2784/3474/2773 2783/3473/2772 2764/3470/2769
f 2782/3471/2770 2774/3461/2757 2775/3462/2758 2764/3470/2769
f 2783/3473/2772 2786/3476/2775 2785/3475/2774 2765/3472/2771
f 2785/3475/2774 2787/3478/2777 2766/3477/2776 2765/3472/2771
f 2789/3482/2779 2788/3481/2778 2782/3480/2770 2765/3479/2771
f 2766/3484/2776 2790/3483/2780 2789/3482/2779 2765/3479/2771
f 2787/3486/2777 2791/3485/2781 2790/3483/2780 2766/3484/2776
f 2793/3489/2784 2792/3488/2783 2791/3485/2781 2767/3487/2782
f 2791/3485/2781 2787/3486/2777 2794/3490/2786 2767/3487/2785
f 2794/3490/2786 2795/3491/2787 2793/3489/2784 2767/3487/2785
f 2796/3493/2789 2779/3467/2764 2780/3468/2765 2768/3492/2788
f 2780/3468/2767 2781/3469/2768 2797/3494/2790 2768/3492/2788
f 2797/3494/2790 2798/3495/2791 2796/3493/2789 2768/3492/2788
f 2801/3499/2795 2800/3498/2794 2799/3497/2793 2769/3496/2792
f 2803/3503/2797 2802/3502/2796 2801/3501/2795 2769/3500/2792
f 2799/3505/2793 2804/3504/2798 2803/3503/2797 2769/3500/2792
f 2795/3509/2787 2794/3508/2786 2805/3507/2800 2770/3506/2799
f 2807/3511/2802 2806/3510/2801 2795/3509/2787 2770/3506/2799
f 2805/3507/2800 2808/3512/2803 2807/3511/2802 2770/3506/2799
f 2809/3514/2805 2789/3482/2779 2790/3483/2780 2771/3513/2804
f 2792/3488/2783 2810/3515/2806 2809/3514/2805 2771/3513/2804
f 2790/3483/2780 2791/3485/2781 2792/3488/2783 2771/3513/2804
f 2804/3504/2798 2811/3516/2807 2809/3514/2805 2810/3515/2806
f 2812/3517/2808 2803/3503/2797 2804/3504/2798 2810/3515/2806
f 2792/3488/2783 2793/3489/2784 2812/3517/2808 2810/3515/2806
f 2806/3518/2801 2802/3502/2796 2803/3503/2797 2812/3517/2808
f 2793/3489/2784 2795/3491/2787 2806/3518/2801 2812/3517/2808
f 2788/3481/2778 2789/3482/2779 2809/3514/2805 2811/3516/2807
f 2813/3520/2809 2773/3519/2756 2788/3481/2778 2811/3516/2807
f 2804/3504/2798 2799/3505/2793 2813/3520/2809 2811/3516/2807
f 2814/3522/2810 2772/3459/2755 2773/3460/2756 2813/3521/2809
f 2799/3497/2793 2800/3498/2794 2814/3522/2810 2813/3521/2809
f 2781/3469/2768 2777/3464/2760 2772/3459/2755 2814/3522/2810
f 2800/3498/2794 2797/3494/2790 2781/3469/2768 2814/3522/2810
f 2816/3524/2812 2815/3523/2811 2807/3511/2802 2808/3512/2803
f 2786/3476/2775 2817/3527/2813 2816/3526/2812 2808/3525/2803
f 2805/3528/2800 2785/3475/2774 2786/3476/2775 2808/3525/2803
f 2779/3467/2764 2796/3493/2789 2816/3526/2812 2817/3527/2813
f 2784/3474/2773 2778/3466/2763 2779/3467/2764 2817/3527/2813
f 2786/3476/2775 2783/3473/2772 2784/3474/2773 2817/3527/2813
f 2796/3530/2789 2798/3529/2791 2815/3523/2811 2816/3524/2812
f 2798/3529/2791 2801/3532/2795 2802/3531/2796 2815/3523/2811
f 2802/3531/2796 2806/3510/2801 2807/3511/2802 2815/3523/2811
f 2794/3533/2786 2787/3478/2777 2785/3475/2774 2805/3528/2800
f 2798/3495/2791 2797/3494/2790 2800/3498/2794 2801/3499/2795
f 2773/3519/2756 2774/3534/2757 2782/3480/2770 2788/3481/2778
f 2775/3462/2758 2776/3463/2759 2778/3466/2763 2784/3474/2773
f 2828/3538/2817 2827/3537/2816 2826/3536/2815 2818/3535/2814
f 2830/3542/2819 2829/3541/2818 2828/3540/2817 2818/3539/2814
f 2826/3546/2815 2831/3545/2820 2830/3544/2819 2818/3543/2814
f 2834/3550/2824 2833/3549/2823 2832/3548/2822 2819/3547/2821
f 2836/3552/2826 2835/3551/2825 2834/3550/2824 2819/3547/2821
f 2832/3548/2822 2837/3553/2827 2836/3552/2826 2819/3547/2821
f 2840/3557/2831 2839/3556/2830 2838/3555/2829 2820/3554/2828
f 2838/3555/2829 2842/3559/2833 2841/3558/2832 2820/3554/2828
f 2841/3563/2832 2843/3562/2834 2840/3561/2831 2820/3560/2828
f 2846/3567/2838 2845/3566/2837 2844/3565/2836 2821/3564/2835
f 2848/3571/2840 2847/3570/2839 2846/3569/2838 2821/3568/2835
f 2844/3565/2836 2849/3573/2841 2848/3572/2840 2821/3564/2835
f 2852/3577/2845 2851/3576/2844 2850/3575/2843 2822/3574/2842
f 2850/3581/2843 2854/3580/2847 2853/3579/2846 2822/3578/2842
f 2853/3583/2846 2855/3582/2848 2852/3577/2845 2822/3574/2842
f 2858/3587/2852 2857/3586/2851 2856/3585/2850 2823/3584/2849
f 2860/3589/2854 2859/3588/2853 2858/3587/2852 2823/3584/2849
f 2856/3585/2850 2849/3573/2841 2860/3589/2854 2823/3584/2849
f 2863/3593/2858 2862/3592/2857 2861/3591/2856 2824/3590/2855
f 2861/3597/2856 2865/3596/2860 2864/3595/2859 2824/3594/2855
f 2864/3599/2859 2866/3598/2861 2863/3593/2858 2824/3590/2855
f 2869/3603/2865 2868/3602/2864 2867/3601/2863 2825/3600/2862
f 2867/3601/2863 2871/3605/2867 2870/3604/2866 2825/3600/2862
f 2870/3604/2866 2872/3606/2868 2869/3603/2865 2825/3600/2862
f 2870/3604/2866 2874/3608/2870 2873/3607/2869 2872/3606/2868
f 2876/3610/2872 2875/3609/2871 2869/3603/2865 2872/3606/2868
f 2873/3614/2869 2877/3613/2873 2876/3612/2872 2872/3611/2868
f 2879/3616/2875 2878/3615/2874 2876/3612/2872 2877/3613/2873
f 2858/3587/2852 2859/3588/2853 2879/3616/2875 2877/3613/2873
f 2873/3614/2869 2857/3586/2851 2858/3587/2852 2877/3613/2873
f 2835/3551/2825 2836/3552/2826 2878/3615/2874 2879/3616/2875
f 2859/3588/2853 2880/3617/2876 2835/3551/2825 2879/3616/2875
f 2881/3618/2877 2834/3550/2824 2835/3551/2825 2880/3617/2876
f 2883/3620/2879 2882/3619/2878 2881/3618/2877 2880/3617/2876
f 2859/3588/2853 2860/3589/2854 2883/3620/2879 2880/3617/2876
f 2844/3565/2836 2845/3566/2837 2882/3619/2878 2883/3620/2879
f 2860/3589/2854 2849/3573/2841 2844/3565/2836 2883/3620/2879
f 2885/3622/2881 2884/3621/2880 2881/3618/2877 2882/3619/2878
f 2845/3626/2837 2886/3625/2882 2885/3624/2881 2882/3623/2878
f 2888/3628/2884 2887/3627/2883 2885/3624/2881 2886/3625/2882
f 2889/3629/2885 2842/3559/2833 2888/3628/2884 2886/3625/2882
f 2845/3626/2837 2846/3630/2838 2889/3629/2885 2886/3625/2882
f 2890/3631/2886 2841/3558/2832 2842/3559/2833 2889/3629/2885
f 2846/3630/2838 2847/3632/2839 2890/3631/2886 2889/3629/2885
f 2891/3636/2887 2843/3635/2834 2841/3634/2832 2890/3633/2886
f 2847/3638/2839 2892/3637/2888 2891/3636/2887 2890/3633/2886
f 2894/3640/2890 2893/3639/2889 2891/3636/2887 2892/3637/2888
f 2896/3642/2892 2895/3641/2891 2894/3640/2890 2892/3637/2888
f 2847/3645/2839 2848/3572/2840 2896/3644/2892 2892/3643/2888
f 2856/3585/2850 2857/3586/2851 2895/3646/2891 2896/3644/2892
f 2848/3572/2840 2849/3573/2841 2856/3585/2850 2896/3644/2892
f 2874/3608/2870 2897/3647/2893 2894/3640/2890 2895/3641/2891
f 2857/3648/2851 2873/3607/2869 2874/3608/2870 2895/3641/2891
f 2898/3649/2894 2893/3639/2889 2894/3640/2890 2897/3647/2893
f 2871/3605/2867 2899/3650/2895 2898/3649/2894 2897/3647/2893
f 2874/3608/2870 2870/3604/2866 2871/3605/2867 2897/3647/2893
f 2851/3576/2844 2852/3577/2845 2898/3649/2894 2899/3650/2895
f 2901/3652/2897 2900/3651/2896 2851/3576/2844 2899/3650/2895
f 2871/3605/2867 2867/3601/2863 2901/3652/2897 2899/3650/2895
f 2902/3653/2898 2866/3598/2861 2900/3651/2896 2901/3652/2897
f 2867/3601/2863 2868/3602/2864 2902/3653/2898 2901/3652/2897
f 2903/3654/2899 2863/3593/2858 2866/3598/2861 2902/3653/2898
f 2868/3602/2864 2904/3655/2900 2903/3654/2899 2902/3653/2898
f 2906/3657/2902 2905/3656/2901 2903/3654/2899 2904/3655/2900
f 2875/3609/2871 2907/3658/2903 2906/3657/2902 2904/3655/2900
f 2868/3602/2864 2869/3603/2865 2875/3609/2871 2904/3655/2900
f 2837/3553/2827 2829/3541/2818 2906/3660/2902 2907/3659/2903
f 2878/3615/2874 2836/3552/2826 2837/3553/2827 2907/3659/2903
f 2875/3661/2871 2876/3612/2872 2878/3615/2874 2907/3659/2903
f 2829/3541/2818 2830/3542/2819 2905/3662/2901 2906/3660/2902
f 2862/3592/2857 2863/3593/2858 2903/3654/2899 2905/3656/2901
f 2830/3664/2819 2831/3663/2820 2862/3592/2857 2905/3656/2901
f 2908/3665/2904 2850/3575/2843 2851/3576/2844 2900/3651/2896
f 2866/3598/2861 2864/3599/2859 2908/3665/2904 2900/3651/2896
f 2864/3595/2859 2865/3596/2860 2909/3667/2905 2908/3666/2904
f 2909/3669/2905 2854/3668/2847 2850/3575/2843 2908/3665/2904
f 2865/3673/2860 2911/3672/2907 2910/3671/2906 2909/3670/2905
f 2910/3671/2906 2839/3556/2830 2854/3674/2847 2909/3670/2905
f 2914/3677/2910 2913/3676/2909 2912/3675/2908 2911/3672/2907
f 2865/3673/2860 2861/3678/2856 2914/3677/2910 2911/3672/2907
f 2912/3675/2908 2915/3679/2911 2910/3671/2906 2911/3672/2907
f 2912/3675/2908 2887/3627/2883 2888/3628/2884 2915/3679/2911
f 2838/3555/2829 2839/3556/2830 2910/3671/2906 2915/3679/2911
f 2888/3628/2884 2842/3559/2833 2838/3555/2829 2915/3679/2911
f 2831/3680/2820 2826/3536/2815 2913/3676/2909 2914/3677/2910
f 2861/3684/2856 2862/3683/2857 2831/3682/2820 2914/3681/2910
f 2826/3536/2815 2827/3537/2816 2916/3685/2912 2913/3676/2909
f 2916/3685/2912 2887/3627/2883 2912/3675/2908 2913/3676/2909
f 2827/3537/2816 2833/3687/2823 2884/3686/2880 2916/3685/2912
f 2884/3686/2880 2885/3624/2881 2887/3627/2883 2916/3685/2912
f 2852/3577/2845 2855/3582/2848 2893/3639/2889 2898/3649/2894
f 2855/3582/2848 2843/3635/2834 2891/3636/2887 2893/3639/2889
f 2833/3549/2823 2834/3550/2824 2881/3618/2877 2884/3621/2880
f 2853/3583/2846 2840/3688/2831 2843/3635/2834 2855/3582/2848
f 2839/3690/2830 2840/3689/2831 2853/3579/2846 2854/3580/2847
f 2832/3548/2822 2828/3540/2817 2829/3541/2818 2837/3553/2827
f 2827/3691/2816 2828/3540/2817 2832/3548/2822 2833/3549/2823
f 2927/3695/2916 2926/3694/2915 2925/3693/2914 2917/3692/2913
f 2929/3699/2918 2928/3698/2917 2927/3697/2916 2917/3696/2913
f 2925/3701/2914 2930/3700/2919 2929/3699/2918 2917/3696/2913
f 2933/3705/2923 2932/3704/2922 2931/3703/2921 2918/3702/2920
f 2931/3703/2921 2935/3707/2925 2934/3706/2924 2918/3702/2920
f 2934/3706/2924 2936/3708/2926 2933/3705/2923 2918/3702/2920
f 2939/3712/2930 2938/3711/2929 2937/3710/2928 2919/3709/2927
f 2941/3716/2932 2940/3715/2931 2939/3714/2930 2919/3713/2927
f 2937/3720/2928 2942/3719/2933 2941/3718/2932 2919/3717/2927
f 2945/3724/2937 2944/3723/2936 2943/3722/2935 2920/3721/2934
f 2947/3728/2939 2946/3727/2938 2945/3726/2937 2920/3725/2934
f 2943/3730/2935 2948/3729/2940 2947/3728/2939 2920/3725/2934
f 2951/3734/2944 2950/3733/2943 2949/3732/2942 2921/3731/2941
f 2953/3736/2946 2952/3735/2945 2951/3734/2944 2921/3731/2941
f 2949/3732/2942 2954/3737/2947 2953/3736/2946 2921/3731/2941
f 2957/3741/2951 2956/3740/2950 2955/3739/2949 2922/3738/2948
f 2955/3745/2949 2959/3744/2953 2958/3743/2952 2922/3742/2948
f 2958/3747/2952 2960/3746/2954 2957/3741/2951 2922/3738/2948
f 2963/3751/2958 2962/3750/2957 2961/3749/2956 2923/3748/2955
f 2961/3755/2956 2965/3754/2960 2964/3753/2959 2923/3752/2955
f 2964/3753/2959 2966/3757/2961 2963/3756/2958 2923/3752/2955
f 2969/3761/2965 2968/3760/2964 2967/3759/2963 2924/3758/2962
f 2967/3759/2963 2971/3763/2967 2970/3762/2966 2924/3758/2962
f 2970/3762/2966 2972/3764/2968 2969/3761/2965 2924/3758/2962
f 2973/3765/2969 2956/3740/2950 2969/3761/2965 2972/3764/2968
f 2975/3769/2971 2974/3768/2970 2973/3767/2969 2972/3766/2968
f 2970/3762/2966 2976/3771/2972 2975/3770/2971 2972/3764/2968
f 2940/3715/2931 2941/3716/2932 2975/3770/2971 2976/3771/2972
f 2978/3773/2974 2977/3772/2973 2940/3715/2931 2976/3771/2972
f 2970/3762/2966 2971/3763/2967 2978/3773/2974 2976/3771/2972
f 2980/3775/2976 2979/3774/2975 2977/3772/2973 2978/3773/2974
f 2971/3763/2967 2981/3776/2977 2980/3775/2976 2978/3773/2974
f 2971/3763/2967 2967/3759/2963 2982/3777/2978 2981/3776/2977
f 2984/3779/2980 2983/3778/2979 2980/3775/2976 2981/3776/2977
f 2982/3777/2978 2985/3780/2981 2984/3779/2980 2981/3776/2977
f 2982/3777/2978 2987/3782/2983 2986/3781/2982 2985/3780/2981
f 2989/3786/2985 2988/3785/2984 2984/3784/2980 2985/3783/2981
f 2986/3788/2982 2990/3787/2986 2989/3786/2985 2985/3783/2981
f 2986/3788/2982 2992/3790/2988 2991/3789/2987 2990/3787/2986
f 2936/3708/2926 2993/3791/2989 2989/3786/2985 2990/3787/2986
f 2991/3789/2987 2933/3705/2923 2936/3708/2926 2990/3787/2986
f 2994/3792/2990 2988/3785/2984 2989/3786/2985 2993/3791/2989
f 2928/3698/2917 2929/3699/2918 2994/3792/2990 2993/3791/2989
f 2936/3708/2926 2934/3706/2924 2928/3698/2917 2993/3791/2989
f 2996/3794/2992 2995/3793/2991 2988/3785/2984 2994/3792/2990
f 2929/3699/2918 2930/3700/2919 2996/3794/2992 2994/3792/2990
f 2964/3753/2959 2965/3754/2960 2995/3793/2991 2996/3794/2992
f 2930/3700/2919 2966/3757/2961 2964/3753/2959 2996/3794/2992
f 2983/3795/2979 2984/3784/2980 2988/3785/2984 2995/3793/2991
f 2965/3754/2960 2997/3796/2993 2983/3795/2979 2995/3793/2991
f 2979/3774/2975 2980/3775/2976 2983/3778/2979 2997/3797/2993
f 2946/3727/2938 2947/3728/2939 2979/3774/2975 2997/3797/2993
f 2965/3754/2960 2961/3755/2956 2946/3798/2938 2997/3796/2993
f 2960/3746/2954 2958/3747/2952 2998/3800/2994 2992/3799/2988
f 2986/3781/2982 2987/3782/2983 2960/3746/2954 2992/3799/2988
f 2998/3802/2994 2999/3801/2995 2991/3789/2987 2992/3790/2988
f 2998/3802/2994 2952/3804/2945 2953/3803/2946 2999/3801/2995
f 2932/3704/2922 2933/3705/2923 2991/3789/2987 2999/3801/2995
f 2953/3803/2946 2954/3805/2947 2932/3704/2922 2999/3801/2995
f 2958/3743/2952 2959/3744/2953 2952/3807/2945 2998/3806/2994
f 2968/3760/2964 2957/3741/2951 2960/3746/2954 2987/3782/2983
f 2982/3777/2978 2967/3759/2963 2968/3760/2964 2987/3782/2983
f 2947/3728/2939 2948/3729/2940 2977/3772/2973 2979/3774/2975
f 2948/3729/2940 2939/3714/2930 2940/3715/2931 2977/3772/2973
f 2941/3809/2932 2942/3808/2933 2974/3768/2970 2975/3769/2971
f 3001/3813/2997 3000/3812/2996 2973/3811/2969 2974/3810/2970
f 2942/3817/2933 3002/3816/2998 3001/3815/2997 2974/3814/2970
f 3004/3819/3000 3003/3818/2999 3001/3815/2997 3002/3816/2998
f 3006/3821/3002 3005/3820/3001 3004/3819/3000 3002/3816/2998
f 2942/3817/2933 2937/3822/2928 3006/3821/3002 3002/3816/2998
f 3008/3824/3004 3007/3823/3003 3005/3820/3001 3006/3821/3002
f 2937/3822/2928 2938/3825/2929 3008/3824/3004 3006/3821/3002
f 2944/3827/2936 3009/3826/3005 3007/3823/3003 3008/3824/3004
f 2938/3825/2929 2943/3828/2935 2944/3827/2936 3008/3824/3004
f 3011/3830/3007 3010/3829/3006 3007/3823/3003 3009/3826/3005
f 2962/3750/2957 2963/3751/2958 3011/3830/3007 3009/3826/3005
f 2944/3827/2936 2945/3831/2937 2962/3750/2957 3009/3826/3005
f 3013/3833/3009 3012/3832/3008 3010/3829/3006 3011/3830/3007
f 2963/3751/2958 2966/3834/2961 3013/3833/3009 3011/3830/3007
f 2925/3693/2914 2926/3694/2915 3012/3832/3008 3013/3833/3009
f 2966/3757/2961 2930/3700/2919 2925/3701/2914 3013/3835/3009
f 2926/3694/2915 3015/3837/3011 3014/3836/3010 3012/3832/3008
f 3014/3836/3010 3016/3838/3012 3010/3829/3006 3012/3832/3008
f 3014/3836/3010 3018/3840/3014 3017/3839/3013 3016/3838/3012
f 3005/3820/3001 3007/3823/3003 3010/3829/3006 3016/3838/3012
f 3017/3839/3013 3004/3819/3000 3005/3820/3001 3016/3838/3012
f 3019/3841/3015 2954/3737/2947 2949/3732/2942 3018/3840/3014
f 3014/3836/3010 3015/3837/3011 3019/3841/3015 3018/3840/3014
f 2949/3732/2942 2950/3733/2943 3017/3839/3013 3018/3840/3014
f 2931/3703/2921 2932/3704/2922 2954/3805/2947 3019/3842/3015
f 3015/3837/3011 2935/3844/2925 2931/3843/2921 3019/3841/3015
f 2950/3733/2943 3003/3818/2999 3004/3819/3000 3017/3839/3013
f 2926/3846/2915 2927/3697/2916 2935/3707/2925 3015/3845/3011
f 2950/3733/2943 2951/3734/2944 3020/3847/3016 3003/3818/2999
f 3020/3847/3016 3000/3848/2996 3001/3815/2997 3003/3818/2999
f 2951/3852/2944 2952/3851/2945 2959/3850/2953 3020/3849/3016
f 2959/3850/2953 2955/3854/2949 3000/3853/2996 3020/3849/3016
f 2955/3856/2949 2956/3855/2950 2973/3811/2969 3000/3812/2996
f 2956/3740/2950 2957/3741/2951 2968/3760/2964 2969/3761/2965
f 2945/3860/2937 2946/3859/2938 2961/3858/2956 2962/3857/2957
f 2943/3864/2935 2938/3863/2929 2939/3862/2930 2948/3861/2940
f 2927/3697/2916 2928/3698/2917 2934/3706/2924 2935/3707/2925
f 3031/3868/3020 3030/3867/3019 3029/3866/3018 3021/3865/3017
f 3033/3872/3024 3032/3871/3023 3031/3870/3022 3021/3869/3021
f 3029/3874/3026 3034/3873/3025 3033/3872/3024 3021/3869/3021
f 3036/3877/3029 3035/3876/3028 3030/3867/3019 3022/3875/3027
f 3038/3879/3031 3037/3878/3030 3036/3877/3029 3022/3875/3027
f 3030/3867/3019 3031/3868/3020 3038/3879/3031 3022/3875/3027
f 3037/3883/3030 3038/3882/3031 3039/3881/3033 3023/3880/3032
f 3039/3881/3037 3041/3885/3036 3040/3884/3035 3023/3880/3034
f 3040/3888/3039 3042/3887/3038 3037/3878/3030 3023/3886/3032
f 3045/3892/3040 3044/3891/3042 3043/3890/3041 3024/3889/3040
f 3047/3894/3046 3046/3893/3045 3045/3892/3044 3024/3889/3043
f 3043/3890/3048 3048/3895/3047 3047/3894/3046 3024/3889/3043
f 3048/3895/3051 3043/3890/3041 3049/3897/3050 3025/3896/3049
f 3049/3901/3050 3051/3900/3053 3050/3899/3052 3025/3898/3049
f 3050/3905/3052 3052/3904/3054 3048/3903/3051 3025/3902/3049
f 3052/3904/3054 3050/3905/3052 3053/3907/3056 3026/3906/3055
f 3055/3909/3060 3054/3908/3059 3052/3904/3058 3026/3906/3057
f 3053/3907/3056 3056/3910/3062 3055/3909/3061 3026/3906/3055
f 3056/3912/2525 3042/3887/2525 3040/3888/2525 3027/3911/2525
f 3057/3914/3065 3055/3909/3060 3056/3910/3064 3027/3913/3063
f 3040/3884/3035 3041/3885/3036 3057/3914/3065 3027/3913/3063
f 3034/3873/3067 3044/3917/3042 3045/3916/3066 3028/3915/3066
f 3045/3916/3044 3046/3919/3045 3058/3918/3069 3028/3915/3068
f 3058/3918/3069 3033/3872/3024 3034/3873/3025 3028/3915/3068
f 3059/3920/3070 3032/3871/3023 3033/3872/3024 3058/3918/3069
f 3046/3919/3045 3060/3921/3071 3059/3920/3070 3058/3918/3069
f 3057/3914/3065 3041/3885/3036 3059/3920/3070 3060/3921/3071
f 3054/3908/3059 3055/3909/3060 3057/3914/3065 3060/3921/3071
f 3046/3919/3045 3047/3922/3046 3054/3908/3059 3060/3921/3071
f 3041/3885/3036 3039/3881/3037 3032/3871/3023 3059/3920/3070
f 3053/3924/3056 3061/3923/3072 3042/3887/3038 3056/3912/3062
f 3036/3877/3029 3037/3878/3030 3042/3887/3038 3061/3923/3072
f 3051/3900/3053 3035/3876/3028 3036/3877/3029 3061/3923/3072
f 3053/3924/3056 3050/3899/3052 3051/3900/3053 3061/3923/3072
f 3047/3922/3046 3048/3903/3047 3052/3904/3058 3054/3908/3059
f 3049/3901/3050 3062/3925/3073 3035/3876/3028 3051/3900/3053
f 3029/3866/3018 3030/3867/3019 3035/3876/3028 3062/3925/3073
f 3044/3917/3042 3034/3873/3067 3029/3874/3018 3062/3926/3073
f 3049/3897/3050 3043/3890/3041 3044/3891/3042 3062/3927/3073
f 3038/3882/3074 3031/3870/3022 3032/3871/3023 3039/3881/3037
f 3065/3931/2525 3066/3930/2525 3064/3929/2525 3063/3928/2525
f 3064/3934/2525 3068/3933/2525 3067/3932/2525 3063/3928/2525
f 3067/3932/2525 3069/3935/2525 3065/3931/2525 3063/3928/2525
f 3066/3930/2525 3070/3937/2525 3068/3936/2525 3064/3929/2525
f 3069/3935/2525 3070/3939/2525 3066/3938/2525 3065/3931/2525
f 3068/3941/2525 3070/3940/2525 3069/3935/2525 3067/3932/2525
f 3081/3945/3078 3080/3944/3077 3079/3943/3076 3071/3942/3075
f 3083/3947/3081 3082/3946/3080 3081/3945/3079 3071/3942/3075
f 3079/3943/3076 3084/3948/3082 3083/3947/3081 3071/3942/3075
f 3087/3952/3086 3086/3951/3085 3085/3950/3084 3072/3949/3083
f 3089/3956/3088 3088/3955/3087 3087/3954/3086 3072/3953/3083
f 3085/3950/3084 3090/3958/3089 3089/3957/3088 3072/3949/3083
f 3091/3960/2525 3089/3957/2525 3090/3958/2525 3073/3959/2525
f 3090/3958/3092 3082/3946/3080 3092/3961/3091 3073/3959/3090
f 3092/3961/3091 3093/3962/3094 3091/3960/3093 3073/3959/3090
f 3084/3948/3082 3079/3943/3076 3094/3964/3096 3074/3963/3095
f 3094/3968/3096 3096/3967/3098 3095/3966/3097 3074/3965/3095
f 3095/3970/3097 3097/3969/3099 3084/3948/3082 3074/3963/3095
f 3100/3974/3103 3099/3973/3102 3098/3972/3101 3075/3971/3100
f 3098/3972/3101 3102/3976/3105 3101/3975/3104 3075/3971/3100
f 3101/3980/3104 3103/3979/3106 3100/3978/3103 3075/3977/3100
f 3096/3982/2525 3101/3975/2525 3102/3976/2525 3076/3981/2525
f 3104/3984/3108 3095/3983/3097 3096/3982/3098 3076/3981/3107
f 3102/3976/3110 3105/3985/3109 3104/3984/3108 3076/3981/3107
f 3107/3989/3113 3093/3988/3094 3106/3987/3112 3077/3986/3111
f 3109/3993/2525 3108/3992/2525 3107/3991/2525 3077/3990/2525
f 3106/3995/3112 3110/3994/3115 3109/3993/3114 3077/3990/3111
f 3108/3992/3119 3112/3998/3118 3111/3997/3117 3078/3996/3116
f 3111/3997/3117 3088/4000/3087 3113/3999/3120 3078/3996/3116
f 3113/3999/2525 3107/3991/2525 3108/3992/2525 3078/3996/2525
f 3091/4002/3093 3093/4001/3094 3107/3991/3113 3113/3999/3120
f 3088/4000/3087 3089/4003/3088 3091/4002/3093 3113/3999/3120
f 3108/3992/3119 3109/3993/3114 3105/3985/3109 3112/3998/3118
f 3098/3972/3101 3099/3973/3102 3111/3997/3117 3112/3998/3118
f 3105/3985/3121 3102/3976/3105 3098/3972/3101 3112/3998/3118
f 3099/3973/3102 3087/4004/3086 3088/4000/3087 3111/3997/3117
f 3097/4005/3099 3095/3983/3097 3104/3984/3108 3110/3994/3115
f 3106/4008/3112 3114/4007/3122 3097/3969/3099 3110/4006/3115
f 3104/3984/3108 3105/3985/3109 3109/3993/3114 3110/3994/3115
f 3083/3947/3081 3084/3948/3082 3097/3969/3099 3114/4007/3122
f 3092/3961/3091 3082/3946/3080 3083/3947/3081 3114/4007/3122
f 3106/4008/3112 3093/3962/3094 3092/3961/3091 3114/4007/3122
f 3101/3980/3104 3096/4009/3098 3094/3964/3096 3103/3979/3106
f 3080/3944/3077 3086/3951/3085 3100/3978/3103 3103/3979/3106
f 3094/3964/3096 3079/3943/3076 3080/3944/3077 3103/3979/3106
f 3086/4013/3085 3087/4012/3086 3099/4011/3102 3100/4010/3103
f 3085/3950/3084 3081/3945/3078 3082/3946/3123 3090/3958/3089
f 3080/3944/3077 3081/3945/3078 3085/3950/3084 3086/3951/3085
f 3126/4017/3127 3125/4016/3126 3124/4015/3125 3115/4014/3124
f 3124/4015/3125 3128/4019/3129 3127/4018/3128 3115/4014/3124
f 3127/4018/3128 3129/4020/3130 3126/4017/3127 3115/4014/3124
f 3132/4024/3134 3131/4023/3133 3130/4022/3132 3116/4021/3131
f 3134/4028/3136 3133/4027/3135 3132/4026/3134 3116/4025/3131
f 3130/4030/3132 3135/4029/3137 3134/4028/3136 3116/4025/3131
f 3138/4034/3141 3137/4033/3140 3136/4032/3139 3117/4031/3138
f 3136/4038/3139 3140/4037/3143 3139/4036/3142 3117/4035/3138
f 3139/4042/3142 3141/4041/3146 3138/4040/3145 3117/4039/3144
f 3144/4046/3150 3143/4045/3149 3142/4044/3148 3118/4043/3147
f 3142/4050/3154 3146/4049/3153 3145/4048/3152 3118/4047/3151
f 3145/4048/3152 3147/4052/3156 3144/4051/3155 3118/4047/3151
f 3150/4056/3160 3149/4055/3159 3148/4054/3158 3119/4053/3157
f 3152/4060/3164 3151/4059/3163 3150/4058/3162 3119/4057/3161
f 3148/4064/3166 3153/4063/3165 3152/4062/3164 3119/4061/3161
f 3154/4066/3168 3149/4055/3159 3150/4056/3160 3120/4065/3167
f 3156/4070/3172 3155/4069/3171 3154/4068/3170 3120/4067/3169
f 3150/4074/3162 3151/4073/3163 3156/4072/3172 3120/4071/3169
f 3122/4077/3174 3156/4076/3172 3151/4059/3163 3121/4075/3173
f 3151/4059/3163 3152/4060/3164 3157/4078/3175 3121/4075/3173
f 3161/4082/3177 3160/4081/3176 3122/4080/3174 3121/4079/3173
f 3133/4027/3135 3134/4028/3136 3161/4082/3177 3121/4079/3173
f 3158/4086/3178 3141/4085/3146 3133/4084/3135 3121/4083/3173
f 3160/4088/3176 3155/4069/3171 3156/4070/3172 3122/4087/3174
f 3142/4092/3148 3143/4091/3149 3135/4090/3137 3123/4089/3179
f 3162/4094/3181 3146/4049/3153 3142/4050/3154 3123/4093/3180
f 3135/4029/3137 3130/4030/3132 3162/4096/3182 3123/4095/3179
f 3130/4100/3183 3131/4099/3133 3128/4098/3129 3162/4097/3181
f 3128/4019/3129 3124/4015/3125 3146/4049/3153 3162/4094/3181
f 3143/4045/3149 3144/4046/3150 3160/4088/3176 3161/4101/3177
f 3134/4028/3136 3135/4029/3137 3143/4102/3149 3161/4082/3177
f 3144/4046/3150 3147/4103/3156 3155/4069/3171 3160/4088/3176
f 3138/4105/3145 3141/4085/3146 3158/4086/3178 3159/4104/3184
f 3153/4107/3186 3137/4106/3140 3138/4105/3141 3159/4104/3185
f 3157/4109/3175 3152/4108/3164 3153/4107/3165 3159/4104/3184
f 3147/4052/3156 3163/4111/3187 3154/4066/3168 3155/4110/3171
f 3164/4112/3188 3149/4055/3159 3154/4066/3168 3163/4111/3187
f 3125/4016/3126 3126/4017/3127 3164/4112/3188 3163/4111/3187
f 3147/4052/3156 3145/4048/3152 3125/4016/3126 3163/4111/3187
f 3165/4113/3189 3148/4054/3158 3149/4055/3159 3164/4112/3188
f 3126/4017/3127 3129/4020/3130 3165/4113/3189 3164/4112/3188
f 3137/4033/3140 3153/4116/3186 3148/4115/3158 3165/4114/3189
f 3129/4117/3130 3136/4032/3139 3137/4033/3140 3165/4114/3189
f 3124/4015/3125 3125/4016/3126 3145/4048/3152 3146/4049/3153
f 3139/4042/3142 3132/4026/3134 3133/4027/3135 3141/4041/3146
f 3131/4023/3133 3132/4024/3134 3139/4036/3142 3140/4037/3143
f 3127/4119/3128 3128/4098/3129 3131/4099/3133 3140/4118/3143
f 3136/4032/3139 3129/4117/3130 3127/4119/3128 3140/4118/3143
f 3157/4123/3175 3159/4122/3184 3158/4121/3178 3121/4120/3173
f 3177/4127/3193 3176/4126/3192 3167/4125/3191 3166/4124/3190
f 3179/4129/3195 3178/4128/3194 3177/4127/3193 3166/4124/3190
f 3180/4131/3197 3168/4130/3196 3179/4129/3195 3166/4124/3190
f 3167/4125/3191 3182/4133/3199 3181/4132/3198 3166/4124/3190
f 3181/4132/3198 3183/4134/3200 3180/4131/3197 3166/4124/3190
f 3176/4126/3192 3184/4135/3201 3182/4133/3199 3167/4125/3191
f 3186/4137/3203 3185/4136/3202 3179/4129/3195 3168/4130/3196
f 3180/4131/3197 3187/4138/3204 3186/4137/3203 3168/4130/3196
f 3188/4140/3206 3176/4126/3192 3177/4127/3193 3169/4139/3205
f 3177/4127/3193 3178/4128/3194 3189/4141/3207 3169/4139/3205
f 3189/4141/3211 3190/4142/3210 3188/4140/3209 3169/4139/3208
f 3193/4146/3215 3192/4145/3214 3191/4144/3213 3170/4143/3212
f 3186/4137/3203 3187/4138/3204 3193/4146/3215 3170/4143/3212
f 3191/4144/3216 3185/4136/3202 3186/4137/3203 3170/4143/3212
f 3189/4141/3207 3178/4128/3194 3194/4148/3218 3171/4147/3217
f 3195/4149/3220 3190/4142/3210 3189/4141/3211 3171/4147/3219
f 3194/4148/3222 3196/4150/3221 3195/4149/3220 3171/4147/3219
f 3198/4154/3225 3197/4153/3224 3183/4152/3200 3172/4151/3223
f 3183/4134/3200 3181/4132/3198 3199/4156/3226 3172/4155/3223
f 3199/4158/3230 3200/4157/3229 3198/4154/3228 3172/4151/3227
f 3199/4156/3226 3181/4132/3198 3182/4133/3199 3173/4159/3231
f 3201/4161/3233 3200/4157/3229 3199/4158/3230 3173/4160/3232
f 3182/4133/3199 3184/4135/3201 3201/4162/3234 3173/4159/3231
f 3192/4145/3214 3193/4146/3215 3202/4164/3236 3174/4163/3235
f 3202/4168/3236 3204/4167/3238 3203/4166/3237 3174/4165/3235
f 3203/4170/3237 3205/4169/3239 3192/4145/3214 3174/4163/3235
f 3208/4174/3243 3207/4173/3242 3206/4172/3241 3175/4171/3240
f 3210/4176/3245 3209/4175/3244 3208/4174/3243 3175/4171/3240
f 3206/4180/3241 3211/4179/3246 3210/4178/3245 3175/4177/3240
f 3204/4167/3238 3198/4154/3228 3200/4157/3229 3211/4179/3246
f 3206/4180/3241 3203/4166/3237 3204/4167/3238 3211/4179/3246
f 3200/4157/3229 3201/4161/3233 3210/4178/3245 3211/4179/3246
f 3201/4162/3233 3184/4135/3201 3209/4175/3244 3210/4176/3245
f 3188/4140/3209 3190/4142/3210 3208/4174/3243 3209/4175/3244
f 3184/4135/3201 3176/4126/3192 3188/4140/3206 3209/4175/3244
f 3190/4142/3210 3195/4149/3220 3207/4173/3242 3208/4174/3243
f 3205/4169/3239 3203/4170/3237 3206/4172/3241 3207/4173/3242
f 3195/4149/3220 3196/4150/3221 3205/4169/3239 3207/4173/3242
f 3196/4150/3221 3191/4144/3213 3192/4145/3214 3205/4169/3239
f 3202/4168/3236 3197/4153/3224 3198/4154/3228 3204/4167/3238
f 3193/4146/3215 3187/4138/3204 3197/4181/3224 3202/4164/3236
f 3187/4138/3204 3180/4131/3197 3183/4134/3200 3197/4181/3224
f 3194/4148/3222 3185/4136/3247 3191/4144/3213 3196/4150/3221
f 3178/4128/3194 3179/4129/3195 3185/4136/3202 3194/4148/3218
f 3222/4185/3251 3221/4184/3250 3220/4183/3249 3212/4182/3248
f 3220/4183/3249 3224/4187/3253 3223/4186/3252 3212/4182/3248
f 3223/4191/3255 3225/4190/3254 3222/4189/3251 3212/4188/3248
f 3226/4195/3259 3230/4194/3258 3229/4193/3257 3213/4192/3256
f 3229/4193/3257 3232/4197/3261 3231/4196/3260 3213/4192/3256
f 3231/4196/3260 3233/4199/3263 3228/4198/3262 3213/4192/3256
f 3232/4197/3261 3229/4193/3257 3224/4187/3253 3214/4200/3264
f 3235/4202/3266 3234/4201/3265 3232/4197/3261 3214/4200/3264
f 3224/4187/3253 3220/4183/3249 3235/4202/3266 3214/4200/3264
f 3237/4205/3269 3236/4204/3268 3233/4199/3263 3215/4203/3267
f 3233/4199/3263 3231/4196/3260 3238/4206/3270 3215/4203/3267
f 3238/4206/3270 3239/4207/3271 3237/4205/3269 3215/4203/3267
f 3241/4210/3274 3225/4190/3254 3240/4209/3273 3216/4208/3272
f 3243/4212/3276 3242/4211/3275 3241/4210/3274 3216/4208/3272
f 3240/4209/3273 3244/4213/3277 3243/4212/3276 3216/4208/3272
f 3247/4217/3281 3246/4216/3280 3245/4215/3279 3217/4214/3278
f 3245/4215/3279 3236/4204/3268 3237/4205/3269 3217/4214/3278
f 3237/4205/3269 3239/4207/3271 3247/4217/3281 3217/4214/3278
f 3250/4221/3285 3249/4220/3284 3248/4219/3283 3218/4218/3282
f 3252/4223/3287 3251/4222/3286 3250/4221/3285 3218/4218/3282
f 3248/4219/3283 3221/4184/3250 3252/4223/3287 3218/4218/3282
f 3254/4226/3290 3253/4225/3289 3242/4211/3275 3219/4224/3288
f 3242/4211/3275 3243/4212/3276 3255/4227/3291 3219/4224/3288
f 3255/4231/3291 3256/4230/3292 3254/4229/3290 3219/4228/3288
f 3255/4231/3291 3258/4233/3294 3257/4232/3293 3256/4230/3292
f 3245/4215/3279 3246/4216/3280 3254/4229/3290 3256/4230/3292
f 3257/4232/3293 3236/4204/3268 3245/4215/3279 3256/4230/3292
f 3244/4213/3277 3226/4236/3259 3227/4235/3295 3258/4234/3294
f 3255/4227/3291 3243/4212/3276 3244/4213/3277 3258/4234/3294
f 3227/4237/3295 3228/4198/3262 3257/4232/3293 3258/4233/3294
f 3228/4198/3262 3233/4199/3263 3236/4204/3268 3257/4232/3293
f 3246/4216/3280 3251/4222/3286 3253/4238/3289 3254/4229/3290
f 3251/4222/3286 3252/4223/3287 3259/4239/3296 3253/4238/3289
f 3259/4240/3296 3241/4210/3274 3242/4211/3275 3253/4225/3289
f 3252/4223/3287 3221/4184/3250 3222/4185/3251 3259/4239/3296
f 3222/4189/3251 3225/4190/3254 3241/4210/3274 3259/4240/3296
f 3246/4216/3280 3247/4217/3281 3250/4221/3285 3251/4222/3286
f 3247/4217/3281 3239/4207/3271 3249/4220/3284 3250/4221/3285
f 3239/4207/3271 3238/4206/3270 3234/4201/3265 3249/4220/3284
f 3234/4201/3265 3235/4202/3266 3248/4219/3283 3249/4220/3284
f 3235/4202/3266 3220/4183/3249 3221/4184/3250 3248/4219/3283
f 3240/4209/3273 3230/4241/3258 3226/4236/3259 3244/4213/3277
f 3225/4190/3254 3223/4191/3255 3230/4241/3297 3240/4209/3273
f 3231/4196/3260 3232/4197/3261 3234/4201/3265 3238/4206/3270
f 3223/4186/3252 3224/4187/3253 3229/4193/3257 3230/4194/3258
f 3228/4198/3262 3227/4237/3295 3226/4195/3259 3213/4192/3256

