# WaveFront *.obj file (generated by Cinema 4D)

mtllib ./entityCreatorOne_0010.mtl

v -0.382064 -0.048525 -0.129479
v -0.202762 -0.308843 -0.156065
v -0.166643 -0.365135 -0.109731
v -0.156167 -0.059790 -0.106649
v -0.071738 -0.156345 -0.116272
v -0.369628 0.021133 -0.162426
v -0.236131 0.328476 -0.150011
v -0.192977 0.129393 -0.103841
v 0.001240 0.154152 -0.113008
v -0.231017 0.362419 -0.144146
v -0.231405 0.372736 -0.109466
v -0.192154 0.356088 -0.198862
v -0.211336 0.385436 -0.170394
v -0.268845 -0.348760 -0.002552
v -0.268447 -0.345758 0.002586
v -0.156497 -0.232675 0.054023
v -0.168560 -0.122583 0.093321
v -0.122743 -0.166465 0.085834
v -0.438924 0.052532 0.000368
v -0.405721 0.059433 0.017035
v -0.281031 0.014036 0.057516
v -0.155573 0.063981 0.108888
v -0.146990 0.257775 0.050299
v -0.047544 0.031275 0.119304
v -0.139069 0.374832 -0.019259
v 0.192688 -0.382301 -0.196287
v 0.209330 -0.397712 -0.175545
v 0.232145 -0.362365 -0.148039
v 0.236021 -0.376220 -0.117508
v 0.023879 -0.162947 -0.112245
v 0.186446 -0.117770 -0.101469
v 0.242011 -0.333405 -0.128567
v 0.374771 -0.020060 -0.162166
v 0.053691 0.164790 -0.113598
v 0.173549 0.063499 -0.108692
v 0.163133 0.366996 -0.121464
v 0.213910 0.320100 -0.155277
v 0.205140 0.378110 -0.060205
v 0.385818 0.048136 -0.125935
v 0.151602 -0.365763 0.001108
v 0.071113 -0.059944 0.111424
v 0.149935 -0.245223 0.051582
v 0.181424 -0.093811 0.091705
v 0.260934 0.021524 0.061394
v 0.396929 -0.064342 0.024414
v 0.380432 -0.030210 0.024494
v 0.425434 -0.008735 -0.018486
v 0.428362 -0.059223 -0.001046
v 0.116497 0.173049 0.089115
v 0.135564 0.149054 0.093964
v 0.127789 0.256908 0.046491
v -0.432221 0.059598 0.008330
v -0.393612 0.063510 0.012817
v -0.230339 0.039195 0.080327
v 0.150741 -0.380142 -0.007019
v 0.224478 -0.069204 0.079528
v 0.259333 0.331478 -0.002428
v 0.205793 0.336770 -0.005651
v 0.262005 0.348780 -0.020880
v -0.389230 -0.045928 -0.120350
v -0.377788 -0.052495 -0.113275
v -0.371428 -0.052761 -0.126933
v -0.382798 -0.043247 -0.137179
v -0.394955 -0.038084 -0.128581
v -0.367869 -0.047881 -0.138525
v -0.197778 -0.315092 -0.157416
v -0.187009 -0.302299 -0.158906
v -0.197092 -0.297747 -0.155290
v -0.211636 -0.311892 -0.148878
v -0.209369 -0.323376 -0.149541
v -0.208398 -0.297674 -0.146398
v -0.171328 -0.363599 -0.117803
v -0.182364 -0.368789 -0.106699
v -0.172663 -0.367704 -0.099123
v -0.160720 -0.361675 -0.093461
v -0.156914 -0.358964 -0.108793
v -0.158876 -0.355082 -0.121703
v -0.189235 -0.048736 -0.109896
v -0.202584 -0.070438 -0.100073
v -0.180924 -0.084720 -0.096374
v -0.167658 -0.107799 -0.094877
v -0.142381 -0.093901 -0.104126
v -0.110820 -0.083972 -0.109243
v -0.117603 -0.050005 -0.110083
v -0.153538 -0.022231 -0.112831
v -0.183908 -0.021729 -0.116207
v -0.121279 -0.016031 -0.112532
v -0.096110 -0.193572 -0.123416
v -0.077893 -0.211044 -0.120548
v -0.051881 -0.187549 -0.114174
v -0.017596 -0.171962 -0.111341
v -0.029546 -0.137294 -0.113761
v -0.108974 -0.153535 -0.115201
v -0.120794 -0.186175 -0.122389
v -0.073270 -0.111927 -0.113198
v -0.107121 -0.118226 -0.110950
v -0.037529 -0.099804 -0.113430
v -0.372772 0.013450 -0.164163
v -0.357149 0.011561 -0.166305
v -0.357756 0.022387 -0.161804
v -0.376095 0.026913 -0.154695
v -0.384876 0.018834 -0.155793
v -0.362227 0.032177 -0.152340
v -0.237541 0.336859 -0.142350
v -0.238540 0.323267 -0.131833
v -0.235730 0.316774 -0.144847
v -0.229538 0.315005 -0.157836
v -0.231967 0.331053 -0.160013
v -0.232394 0.345532 -0.155270
v -0.214388 0.105207 -0.099469
v -0.202793 0.080967 -0.109713
v -0.178742 0.094649 -0.110878
v -0.214461 0.146192 -0.086493
v -0.227744 0.123061 -0.083830
v -0.193744 0.166793 -0.107207
v -0.210791 0.174780 -0.090874
v -0.152889 0.104285 -0.115158
v -0.164523 0.135538 -0.115351
v -0.172987 0.167408 -0.119670
v -0.034016 0.127219 -0.116444
v -0.018734 0.092092 -0.114958
v 0.015424 0.107518 -0.113629
v -0.034662 0.177769 -0.115234
v -0.056186 0.155341 -0.119831
v 0.039785 0.201905 -0.107339
v 0.006101 0.195745 -0.105655
v -0.023887 0.204937 -0.107278
v -0.225399 0.349859 -0.170490
v -0.223684 0.365229 -0.165314
v -0.219530 0.378790 -0.162057
v -0.223591 0.379020 -0.143805
v -0.225642 0.381056 -0.124016
v -0.231923 0.369373 -0.123039
v -0.237011 0.347897 -0.129610
v -0.236109 0.357098 -0.113191
v -0.232594 0.364805 -0.099247
v -0.225881 0.380074 -0.106049
v -0.226207 0.373213 -0.089439
v -0.198483 0.355464 -0.197648
v -0.195204 0.342688 -0.197617
v -0.186838 0.347115 -0.197843
v -0.189715 0.363072 -0.194859
v -0.198722 0.366621 -0.193675
v -0.181232 0.354682 -0.193153
v -0.213722 0.378288 -0.175019
v -0.206407 0.378348 -0.182179
v -0.204770 0.386307 -0.172548
v -0.205156 0.391699 -0.158419
v -0.213260 0.387512 -0.159317
v -0.266517 -0.348882 0.000314
v -0.262748 -0.352694 -0.007903
v -0.266801 -0.350810 -0.010512
v -0.268812 -0.345805 -0.011455
v -0.269615 -0.345393 -0.001503
v -0.268053 -0.339383 -0.000381
v -0.265710 -0.341994 0.004643
v -0.261950 -0.346208 0.003185
v -0.187869 -0.227290 0.050229
v -0.187280 -0.193314 0.061615
v -0.160264 -0.187032 0.072016
v -0.178668 -0.268025 0.037476
v -0.198405 -0.257658 0.038639
v -0.115930 -0.214865 0.066504
v -0.106578 -0.248055 0.048077
v -0.137679 -0.263457 0.038287
v -0.161753 -0.285786 0.026561
v -0.183645 -0.128845 0.085932
v -0.190319 -0.102923 0.089180
v -0.168364 -0.100815 0.097796
v -0.152065 -0.137873 0.091948
v -0.172759 -0.154301 0.081196
v -0.142385 -0.107562 0.101418
v -0.108365 -0.119809 0.102081
v -0.074889 -0.171318 0.089713
v -0.076244 -0.210309 0.072823
v -0.065799 -0.128450 0.103433
v -0.436210 0.050769 0.004427
v -0.437299 0.043561 -0.004599
v -0.440052 0.048486 -0.008611
v -0.438370 0.053689 -0.010083
v -0.437324 0.056424 0.001224
v -0.434389 0.056195 0.008120
v -0.404668 0.053025 0.019845
v -0.417841 0.053915 0.016604
v -0.416422 0.060048 0.014171
v -0.412014 0.063782 0.007136
v -0.387351 0.053889 0.022215
v -0.299765 -0.017362 0.041202
v -0.331345 -0.005805 0.028988
v -0.325888 0.018271 0.039870
v -0.329378 0.042648 0.040256
v -0.293979 0.049068 0.052224
v -0.252203 -0.020213 0.068469
v -0.273378 -0.039227 0.050761
v -0.218022 -0.004880 0.086367
v -0.257953 0.067862 0.064535
v -0.151486 0.040898 0.110459
v -0.185414 0.038295 0.099718
v -0.177273 0.069872 0.100857
v -0.160004 0.096284 0.102103
v -0.137186 0.079630 0.110871
v -0.119062 0.053021 0.115365
v -0.178225 0.255733 0.034483
v -0.182049 0.288861 0.019194
v -0.160440 0.296725 0.029401
v -0.158407 0.216495 0.062599
v -0.183573 0.221282 0.045523
v -0.140702 0.309941 0.031245
v -0.122866 0.282385 0.047844
v -0.114572 0.233750 0.070763
v -0.130105 0.201566 0.079270
v -0.097078 0.259125 0.063098
v -0.102587 0.015244 0.117201
v -0.084121 0.074530 0.116649
v -0.048941 -0.031290 0.117824
v -0.098278 -0.031070 0.115977
v -0.056386 0.109017 0.114506
v -0.017327 0.082636 0.117688
v 0.030961 0.064739 0.117713
v 0.015848 0.014004 0.118887
v -0.131354 0.366130 -0.011722
v -0.139216 0.364512 -0.004815
v -0.146748 0.376319 -0.018129
v -0.149911 0.383345 -0.034177
v -0.138801 0.377639 -0.030977
v 0.188911 -0.374933 -0.196551
v 0.183687 -0.381278 -0.189894
v 0.190823 -0.388309 -0.190749
v 0.197805 -0.390677 -0.189844
v 0.198318 -0.381918 -0.195647
v 0.195858 -0.370698 -0.197378
v 0.203992 -0.398654 -0.178011
v 0.204186 -0.403864 -0.164666
v 0.211102 -0.399923 -0.165026
v 0.216490 -0.392191 -0.166896
v 0.211408 -0.391035 -0.179287
v 0.205129 -0.391295 -0.186290
v 0.231220 -0.341989 -0.154182
v 0.221700 -0.344785 -0.170502
v 0.222831 -0.363698 -0.169057
v 0.220433 -0.379831 -0.168474
v 0.226666 -0.380901 -0.150428
v 0.230078 -0.383838 -0.131840
v 0.235643 -0.371910 -0.129648
v 0.239849 -0.361269 -0.119497
v 0.239556 -0.350939 -0.132324
v 0.238412 -0.336958 -0.139345
v 0.231610 -0.384357 -0.114774
v 0.232248 -0.378870 -0.098751
v 0.237749 -0.369959 -0.107425
v 0.008043 -0.122969 -0.113652
v 0.056503 -0.138183 -0.115795
v 0.041212 -0.106211 -0.114609
v 0.017071 -0.199283 -0.104687
v 0.043911 -0.209481 -0.107855
v 0.055522 -0.184979 -0.115472
v -0.013126 -0.201975 -0.104385
v 0.076801 -0.164320 -0.119258
v 0.153363 -0.126154 -0.111621
v 0.161086 -0.155701 -0.114449
v 0.185072 -0.152433 -0.103083
v 0.171026 -0.086401 -0.109473
v 0.141480 -0.096940 -0.112574
v 0.205202 -0.157091 -0.087199
v 0.211687 -0.130969 -0.084488
v 0.212250 -0.094867 -0.098914
v 0.198803 -0.072901 -0.109335
v 0.228424 -0.109886 -0.083330
v 0.242755 -0.340691 -0.120060
v 0.242495 -0.327239 -0.110357
v 0.240796 -0.321492 -0.124501
v 0.236052 -0.320750 -0.139036
v 0.362861 -0.021111 -0.161880
v 0.368125 -0.030819 -0.152593
v 0.381626 -0.025956 -0.154457
v 0.389934 -0.018010 -0.154999
v 0.377467 -0.012531 -0.163565
v 0.361649 -0.010295 -0.165967
v 0.054431 0.116674 -0.113170
v 0.090158 0.118322 -0.112320
v 0.092704 0.154849 -0.114999
v 0.105689 0.186736 -0.120580
v 0.081488 0.199003 -0.118732
v 0.066466 0.220405 -0.112332
v 0.133649 0.056578 -0.111094
v 0.137880 0.024742 -0.114348
v 0.172218 0.029116 -0.116181
v 0.157281 0.095539 -0.103677
v 0.125971 0.088602 -0.108920
v 0.205075 0.027527 -0.121718
v 0.209732 0.051930 -0.114418
v 0.222495 0.070996 -0.103621
v 0.197972 0.084912 -0.097604
v 0.181906 0.106736 -0.093771
v 0.154228 0.360343 -0.118973
v 0.155691 0.354534 -0.130546
v 0.167329 0.364667 -0.129192
v 0.177775 0.372104 -0.121070
v 0.169078 0.371797 -0.113090
v 0.158531 0.365689 -0.105940
v 0.209095 0.326128 -0.156956
v 0.199052 0.314305 -0.159818
v 0.208845 0.309553 -0.155160
v 0.219288 0.309230 -0.145271
v 0.222232 0.322653 -0.147182
v 0.219600 0.333814 -0.147984
v 0.198134 0.379285 -0.070499
v 0.208277 0.380926 -0.076416
v 0.214340 0.378048 -0.060787
v 0.201328 0.371926 -0.049945
v 0.189030 0.372916 -0.060867
v 0.214951 0.370908 -0.045090
v 0.386476 0.043120 -0.133882
v 0.398829 0.037770 -0.125356
v 0.393224 0.045365 -0.116775
v 0.375090 0.052481 -0.123212
v 0.371306 0.048002 -0.135241
v 0.381768 0.051795 -0.109449
v 0.137096 -0.365165 -0.000719
v 0.125597 -0.344533 0.010754
v 0.139166 -0.339297 0.016678
v 0.154946 -0.329409 0.018828
v 0.166218 -0.354737 0.002883
v 0.143637 -0.380892 -0.010227
v 0.176016 -0.374876 -0.013597
v 0.164170 -0.382961 -0.013251
v 0.156894 -0.390243 -0.016178
v 0.149168 -0.398943 -0.032883
v 0.144132 -0.392270 -0.026490
v 0.149808 -0.392222 -0.019711
v 0.154667 -0.400456 -0.031138
v 0.007345 -0.042950 0.116645
v 0.072635 0.002788 0.115112
v 0.039902 -0.112066 0.107531
v -0.008031 -0.094396 0.111611
v 0.106652 -0.103600 0.103489
v 0.077876 -0.138629 0.100501
v 0.124138 0.004032 0.108701
v 0.128922 -0.042880 0.106137
v 0.144443 -0.081627 0.100993
v 0.124024 -0.270922 0.049781
v 0.099019 -0.245589 0.064251
v 0.118617 -0.218487 0.071106
v 0.180793 -0.244346 0.035688
v 0.183910 -0.278564 0.021797
v 0.162057 -0.286629 0.032254
v 0.141399 -0.300956 0.034228
v 0.159881 -0.109131 0.094316
v 0.181654 -0.069720 0.093815
v 0.202058 -0.101694 0.082576
v 0.180046 -0.126812 0.083862
v 0.280757 0.047581 0.040166
v 0.312966 0.031221 0.028343
v 0.306915 0.007365 0.043897
v 0.306773 -0.021580 0.051825
v 0.265058 -0.020512 0.066763
v 0.220109 -0.027534 0.083038
v 0.213834 0.013488 0.083310
v 0.385675 -0.063201 0.028410
v 0.391354 -0.054563 0.027317
v 0.403757 -0.059775 0.022234
v 0.398660 -0.068146 0.019079
v 0.384197 -0.070037 0.022818
v 0.409621 -0.064519 0.015397
v 0.375098 -0.006807 0.015961
v 0.399387 -0.008115 0.002419
v 0.405548 -0.024445 0.008782
v 0.344128 -0.025060 0.038346
v 0.343496 -0.001141 0.029521
v 0.415600 -0.037650 0.008745
v 0.401250 -0.044440 0.020530
v 0.371021 -0.048653 0.033353
v 0.416343 -0.008552 -0.009459
v 0.412997 0.003732 -0.020261
v 0.425067 -0.001052 -0.029017
v 0.432752 -0.008767 -0.034610
v 0.430226 -0.016237 -0.018973
v 0.421310 -0.020617 -0.005306
v 0.431466 -0.057396 -0.011636
v 0.424945 -0.063104 -0.010910
v 0.422511 -0.063203 0.001953
v 0.419263 -0.059702 0.010423
v 0.427315 -0.055052 0.002628
v 0.433392 -0.050600 -0.009472
v 0.072602 0.183680 0.091218
v 0.079819 0.218691 0.074125
v 0.120271 0.216061 0.070497
v 0.099063 0.135251 0.102732
v 0.059641 0.147420 0.104203
v 0.130581 0.123487 0.100515
v 0.152969 0.179890 0.079977
v 0.158143 0.150320 0.087668
v 0.155250 0.214180 0.066807
v 0.159693 0.120309 0.093413
v 0.257840 0.321318 0.001717
v 0.253769 0.321871 0.007563
v 0.252311 0.329099 0.004923
v 0.158101 0.287483 0.027160
v 0.181265 0.276442 0.035691
v 0.163830 0.247645 0.050777
v 0.111480 0.281500 0.024288
v 0.139441 0.301172 0.010921
v 0.083390 0.249352 0.053828
v 0.078380 0.270942 0.032634
v -0.432792 0.060052 0.002045
v -0.424720 0.062531 0.003766
v -0.426215 0.060054 0.011195
v -0.428023 0.055273 0.012523
v -0.367146 0.067551 0.016395
v -0.363112 0.056312 0.026867
v -0.409861 0.066422 -0.007422
v -0.391379 0.069560 -0.003672
v -0.368503 0.074572 -0.000029
v -0.181147 0.001459 0.101513
v -0.230839 0.094961 0.071350
v -0.206220 0.078959 0.086784
v 0.175512 -0.033237 0.096871
v 0.246756 -0.092254 0.065725
v 0.221614 -0.115802 0.069412
v 0.269772 -0.053583 0.065676
v 0.258546 0.341305 -0.008338
v 0.263570 0.342073 -0.017126
v 0.263478 0.332226 -0.013198
v 0.249637 0.338615 -0.001684
v 0.261312 0.320116 -0.009295
v 0.211970 0.357894 -0.027289
v 0.230090 0.359218 -0.026236
v 0.230710 0.345254 -0.008968
v 0.236266 0.332314 0.004070
v 0.218669 0.320364 0.010956
v 0.199898 0.300696 0.022385
v 0.182202 0.312582 0.011176
v 0.162774 0.322146 -0.003586
v 0.182120 0.342366 -0.019007
v 0.193878 0.359860 -0.035577
v 0.256931 0.349726 -0.016837
v 0.261625 0.351757 -0.031725
v 0.264521 0.343631 -0.030605
v 0.255099 0.356738 -0.030110
v 0.252134 0.362065 -0.047525
v 0.258962 0.354917 -0.048880
v 0.246579 0.349168 -0.012707
v 0.244684 0.359010 -0.027718
v 0.241982 0.367030 -0.045665
v 0.237391 0.372035 -0.065205
v 0.246954 0.365685 -0.067765
v 0.229275 0.369613 -0.044285
v 0.225954 0.376245 -0.062701
v 0.219355 0.378945 -0.081156
v 0.230053 0.374230 -0.085512
v 0.220386 0.373125 -0.105154
v 0.229598 0.365264 -0.109798
v 0.239469 0.366654 -0.089011
v 0.209918 0.378543 -0.099441
v 0.198807 0.374908 -0.115995
v 0.208805 0.369217 -0.122889
v 0.199132 0.380540 -0.092661
v 0.188512 0.377586 -0.108301
v 0.186734 0.368591 -0.129468
v 0.188318 0.378791 -0.084924
v 0.178094 0.376103 -0.099891
v 0.177263 0.372373 -0.075272
v 0.166691 0.369960 -0.091036
v 0.164728 0.361629 -0.064112
v 0.153681 0.359403 -0.081028
v 0.145723 0.354988 -0.097885
v 0.138711 0.345588 -0.070283
v 0.130924 0.340979 -0.088482
v 0.127017 0.333977 -0.105790
v 0.141698 0.348731 -0.113412
v 0.127311 0.325110 -0.121277
v 0.142221 0.341178 -0.127578
v 0.131565 0.315027 -0.134655
v 0.146790 0.332346 -0.139798
v 0.160978 0.347364 -0.141414
v 0.154477 0.322900 -0.149749
v 0.169015 0.338855 -0.150432
v 0.182830 0.352087 -0.146397
v 0.174277 0.359340 -0.138104
v 0.196206 0.362058 -0.136942
v 0.192257 0.343387 -0.152590
v 0.205401 0.353771 -0.142933
v 0.218117 0.360827 -0.128210
v 0.213674 0.343986 -0.146598
v 0.225671 0.350826 -0.131777
v 0.236970 0.354878 -0.112773
v 0.230875 0.338993 -0.133141
v 0.241505 0.342813 -0.114005
v 0.250879 0.344746 -0.092200
v 0.246521 0.356954 -0.091426
v 0.257974 0.345524 -0.069792
v 0.254035 0.356662 -0.069422
v 0.262679 0.344815 -0.048605
v 0.258962 0.331852 -0.068602
v 0.263227 0.332488 -0.047011
v 0.264860 0.332360 -0.028111
v 0.261130 0.317735 -0.044197
v 0.262465 0.319073 -0.024910
v 0.256500 0.301308 -0.040357
v 0.257847 0.303551 -0.020927
v 0.256357 0.306241 -0.005065
v 0.251338 0.286264 -0.016223
v 0.249546 0.289836 -0.000124
v 0.244926 0.294397 0.011581
v 0.252794 0.309333 0.006264
v 0.238165 0.300305 0.017984
v 0.247686 0.313877 0.011979
v 0.229343 0.308846 0.018012
v 0.242450 0.321568 0.011107
v 0.227043 0.282396 0.025319
v 0.215058 0.290424 0.027079
v 0.216321 0.260681 0.033771
v 0.200993 0.267702 0.037613
v 0.207437 0.236016 0.042775
v 0.189118 0.241166 0.049195
v 0.202059 0.209114 0.051569
v 0.182096 0.211719 0.060811
v 0.200702 0.181015 0.059137
v 0.180033 0.181229 0.070670
v 0.203343 0.152571 0.064645
v 0.182534 0.151323 0.077671
v 0.209461 0.123370 0.067920
v 0.186616 0.120890 0.082265
v 0.219497 0.092932 0.068702
v 0.192956 0.088145 0.084635
v 0.161378 0.086569 0.097174
v 0.164815 0.048862 0.098792
v 0.123901 0.048718 0.108626
v 0.126370 0.088796 0.105861
v 0.202170 0.052581 0.084770
v 0.235261 0.059914 0.066741
v 0.169902 0.008183 0.098461
v 0.256023 0.073112 0.047135
v 0.238464 0.100032 0.050566
v 0.249937 0.107071 0.031035
v 0.267631 0.084543 0.026844
v 0.226409 0.127142 0.051081
v 0.237210 0.130714 0.032493
v 0.242168 0.133378 0.012750
v 0.255068 0.112351 0.010659
v 0.218977 0.153901 0.049099
v 0.229006 0.155102 0.031480
v 0.233687 0.155478 0.012433
v 0.233454 0.154767 -0.007403
v 0.242007 0.134296 -0.007511
v 0.225042 0.179639 0.028379
v 0.229415 0.178343 0.009999
v 0.229103 0.176253 -0.009478
v 0.224560 0.173260 -0.029291
v 0.228836 0.152579 -0.027310
v 0.228995 0.201393 0.005908
v 0.228628 0.198335 -0.013333
v 0.224169 0.194804 -0.033219
v 0.216037 0.190791 -0.052853
v 0.216145 0.169350 -0.048638
v 0.231383 0.220522 -0.018428
v 0.227094 0.216668 -0.038559
v 0.219217 0.212806 -0.058674
v 0.208203 0.209027 -0.077754
v 0.204474 0.186652 -0.071345
v 0.232384 0.238496 -0.044689
v 0.224890 0.234755 -0.065423
v 0.214300 0.231546 -0.085225
v 0.201222 0.229024 -0.102990
v 0.194274 0.206021 -0.094845
v 0.231847 0.256424 -0.072395
v 0.221848 0.253473 -0.092941
v 0.209366 0.251605 -0.111396
v 0.195250 0.250986 -0.126652
v 0.185936 0.228123 -0.117781
v 0.229467 0.274709 -0.100147
v 0.217823 0.272897 -0.119139
v 0.204541 0.272704 -0.134740
v 0.190662 0.274286 -0.146010
v 0.179836 0.252663 -0.137955
v 0.225125 0.292843 -0.125519
v 0.213075 0.292177 -0.141094
v 0.200511 0.293799 -0.152046
v 0.188298 0.297974 -0.157976
v 0.176403 0.278657 -0.152642
v 0.162722 0.285306 -0.154436
v 0.148766 0.263649 -0.146850
v 0.164179 0.256689 -0.144687
v 0.176034 0.304898 -0.159380
v 0.164616 0.313342 -0.156385
v 0.149990 0.294244 -0.151833
v 0.188984 0.321339 -0.160232
v 0.178575 0.330021 -0.157038
v 0.201267 0.334582 -0.156279
v 0.139419 0.304362 -0.144952
v 0.123491 0.284208 -0.137579
v 0.134943 0.272945 -0.144292
v 0.106629 0.262956 -0.128672
v 0.118973 0.250233 -0.135428
v 0.134632 0.239991 -0.137692
v 0.101751 0.225891 -0.126363
v 0.120116 0.214672 -0.128587
v 0.140092 0.207702 -0.126261
v 0.151767 0.233088 -0.135539
v 0.159650 0.204563 -0.119714
v 0.169292 0.229154 -0.128757
v 0.177988 0.204179 -0.109031
v 0.152249 0.178722 -0.111771
v 0.172329 0.179837 -0.101518
v 0.189852 0.182707 -0.087796
v 0.170328 0.155121 -0.096005
v 0.188910 0.159754 -0.082734
v 0.204209 0.164680 -0.066685
v 0.192488 0.137477 -0.080187
v 0.208142 0.143783 -0.064418
v 0.220288 0.148899 -0.046538
v 0.216811 0.124501 -0.064811
v 0.228846 0.130018 -0.046964
v 0.237359 0.133284 -0.027624
v 0.241825 0.113274 -0.049957
v 0.250165 0.115777 -0.030448
v 0.254806 0.115448 -0.010018
v 0.266846 0.100555 -0.035662
v 0.271661 0.098499 -0.014994
v 0.272266 0.093190 0.006032
v 0.291843 0.084019 -0.022203
v 0.293443 0.076362 -0.001112
v 0.290249 0.064658 0.019738
v 0.317306 0.062800 -0.010387
v 0.316970 0.049314 0.009778
v 0.342030 0.051978 -0.021038
v 0.344074 0.038047 -0.001545
v 0.344238 0.020248 0.015760
v 0.369532 0.029476 -0.013329
v 0.372180 0.012792 0.003105
v 0.391505 0.022709 -0.024997
v 0.395438 0.007845 -0.009130
v 0.409291 0.016386 -0.035800
v 0.386685 0.035786 -0.043547
v 0.404131 0.028498 -0.054334
v 0.417528 0.020539 -0.064201
v 0.422399 0.009434 -0.045296
v 0.426761 0.011368 -0.073095
v 0.431361 0.000877 -0.052932
v 0.432133 0.000988 -0.080862
v 0.436681 -0.009091 -0.059571
v 0.437726 -0.018301 -0.039119
v 0.434798 -0.026019 -0.021035
v 0.438563 -0.019765 -0.065078
v 0.439818 -0.028547 -0.043435
v 0.437535 -0.035970 -0.023620
v 0.431798 -0.042180 -0.007026
v 0.427373 -0.032021 -0.005006
v 0.438692 -0.038526 -0.046870
v 0.437379 -0.045304 -0.026527
v 0.434076 -0.047829 -0.049506
v 0.433742 -0.053444 -0.028359
v 0.425724 -0.056019 -0.050450
v 0.426234 -0.060656 -0.028966
v 0.413815 -0.063234 -0.050170
v 0.414979 -0.066837 -0.027984
v 0.414523 -0.068420 -0.009333
v 0.412761 -0.067553 0.005350
v 0.400392 -0.072370 -0.026169
v 0.400748 -0.073004 -0.006805
v 0.400029 -0.071568 0.008338
v 0.383868 -0.077331 -0.003838
v 0.384082 -0.074768 0.011915
v 0.364192 -0.081773 -0.000019
v 0.364644 -0.078296 0.015936
v 0.365045 -0.071729 0.027588
v 0.366502 -0.062084 0.033685
v 0.342281 -0.083036 0.020743
v 0.341565 -0.075087 0.033205
v 0.341167 -0.062972 0.040871
v 0.341890 -0.046336 0.042690
v 0.315213 -0.081228 0.039557
v 0.311571 -0.067253 0.049073
v 0.308246 -0.047431 0.053549
v 0.279404 -0.076345 0.057775
v 0.287383 -0.091512 0.045847
v 0.260328 -0.106781 0.051138
v 0.292968 -0.100905 0.030681
v 0.268986 -0.115624 0.034529
v 0.247677 -0.134399 0.036558
v 0.236789 -0.127244 0.053993
v 0.229704 -0.156872 0.036266
v 0.216798 -0.151144 0.054184
v 0.199842 -0.141146 0.070230
v 0.200257 -0.178552 0.051497
v 0.180543 -0.169499 0.067988
v 0.157830 -0.154037 0.082627
v 0.137376 -0.185177 0.078184
v 0.109173 -0.163526 0.090965
v 0.133418 -0.132932 0.094377
v 0.163921 -0.202917 0.062228
v 0.187790 -0.209589 0.045471
v 0.215565 -0.182489 0.033334
v 0.205751 -0.211060 0.027538
v 0.200916 -0.241458 0.018727
v 0.218046 -0.209143 0.008204
v 0.214438 -0.237004 0.000128
v 0.214812 -0.264786 -0.010203
v 0.201701 -0.271874 0.007196
v 0.217885 -0.291393 -0.022227
v 0.205596 -0.300017 -0.006070
v 0.190075 -0.308876 0.007022
v 0.172400 -0.318252 0.015773
v 0.210741 -0.325318 -0.020613
v 0.196845 -0.334821 -0.008645
v 0.181580 -0.344663 -0.000520
v 0.203159 -0.356760 -0.025425
v 0.189462 -0.365937 -0.017684
v 0.208220 -0.374211 -0.043733
v 0.195647 -0.382885 -0.036375
v 0.183079 -0.390080 -0.031832
v 0.187982 -0.401295 -0.052293
v 0.176513 -0.404991 -0.049397
v 0.171747 -0.396024 -0.029906
v 0.199948 -0.395193 -0.056940
v 0.202757 -0.403636 -0.079068
v 0.191057 -0.408196 -0.074799
v 0.211868 -0.387677 -0.063495
v 0.213928 -0.396602 -0.084573
v 0.214782 -0.401816 -0.106264
v 0.204139 -0.407848 -0.102171
v 0.222692 -0.378572 -0.072031
v 0.224097 -0.388306 -0.091139
v 0.224088 -0.393405 -0.110730
v 0.223031 -0.394813 -0.130489
v 0.214369 -0.403118 -0.127917
v 0.213162 -0.402308 -0.148140
v 0.204463 -0.407192 -0.146514
v 0.204714 -0.409024 -0.125098
v 0.220398 -0.393440 -0.149868
v 0.194954 -0.409181 -0.144791
v 0.194094 -0.411602 -0.122384
v 0.193049 -0.411705 -0.098551
v 0.183272 -0.411430 -0.119581
v 0.181662 -0.412388 -0.095347
v 0.179686 -0.410570 -0.071519
v 0.170613 -0.410354 -0.092201
v 0.168735 -0.409831 -0.068791
v 0.166286 -0.406464 -0.047732
v 0.158548 -0.406326 -0.066024
v 0.157035 -0.404724 -0.046379
v 0.162417 -0.399645 -0.030008
v 0.148689 -0.399415 -0.062318
v 0.148925 -0.400186 -0.044356
v 0.138889 -0.389436 -0.056979
v 0.140784 -0.391529 -0.039101
v 0.128259 -0.376266 -0.050100
v 0.131628 -0.379376 -0.032139
v 0.136674 -0.380593 -0.018509
v 0.120854 -0.364073 -0.024031
v 0.127512 -0.365347 -0.009776
v 0.108061 -0.346918 -0.015347
v 0.115352 -0.346933 -0.000106
v 0.092947 -0.329002 -0.006555
v 0.100353 -0.327609 0.009605
v 0.110649 -0.322532 0.022153
v 0.082534 -0.308699 0.018781
v 0.092411 -0.301206 0.032873
v 0.105890 -0.288790 0.043324
v 0.124288 -0.313826 0.030462
v 0.070829 -0.281801 0.042339
v 0.082976 -0.266612 0.054896
v 0.046284 -0.265453 0.050000
v 0.056743 -0.247535 0.064161
v 0.070779 -0.224106 0.075621
v 0.027542 -0.231933 0.070841
v 0.039681 -0.205445 0.083676
v 0.056151 -0.173893 0.093709
v 0.088566 -0.195467 0.084341
v 0.005081 -0.190032 0.088740
v 0.019503 -0.154147 0.099807
v -0.033100 -0.178663 0.090668
v -0.022210 -0.139208 0.103031
v -0.056233 -0.082664 0.112712
v -0.100826 -0.076268 0.111245
v -0.138684 -0.071591 0.107816
v -0.139459 -0.032668 0.111028
v -0.170369 -0.070255 0.101163
v -0.174814 -0.035410 0.102390
v -0.144012 0.006587 0.111613
v -0.197295 -0.073622 0.090680
v -0.206550 -0.041142 0.089827
v -0.220107 -0.080615 0.076879
v -0.233504 -0.051335 0.074323
v -0.237493 -0.089237 0.060689
v -0.253192 -0.063903 0.057189
v -0.249466 -0.097637 0.042697
v -0.265764 -0.075774 0.038637
v -0.286045 -0.055640 0.032178
v -0.272545 -0.085588 0.018982
v -0.292234 -0.068583 0.012390
v -0.314727 -0.054084 0.004054
v -0.309937 -0.038411 0.023417
v -0.338541 -0.042376 -0.005581
v -0.336382 -0.026045 0.013236
v -0.361989 -0.032782 -0.015538
v -0.361768 -0.016634 0.002918
v -0.359982 0.001784 0.018164
v -0.358273 0.021683 0.028104
v -0.384529 -0.008703 -0.006692
v -0.384266 0.008158 0.008670
v -0.383839 0.025139 0.019440
v -0.384662 0.040949 0.023965
v -0.359727 0.040667 0.031048
v -0.404146 0.014242 0.000543
v -0.403971 0.029179 0.012235
v -0.403968 0.042423 0.018861
v -0.419356 0.033674 0.006116
v -0.418733 0.045049 0.013859
v -0.430506 0.038636 0.000314
v -0.429376 0.047960 0.009220
v -0.419676 0.020698 -0.006934
v -0.430801 0.027394 -0.013468
v -0.437723 0.034431 -0.019350
v -0.429969 0.015060 -0.031633
v -0.436621 0.023627 -0.038195
v -0.439054 0.032477 -0.043712
v -0.440171 0.041416 -0.023820
v -0.437015 0.041082 -0.047535
v -0.438488 0.048497 -0.026863
v -0.430892 0.049356 -0.049896
v -0.432473 0.055049 -0.028198
v -0.433062 0.058749 -0.010604
v -0.422490 0.061051 -0.028252
v -0.423549 0.062894 -0.009571
v -0.408230 0.066259 -0.026615
v -0.420483 0.056742 -0.050375
v -0.406240 0.063550 -0.049383
v -0.388282 0.069788 -0.046703
v -0.390133 0.071435 -0.023901
v -0.367482 0.076422 -0.043044
v -0.368608 0.077249 -0.020130
v -0.344795 0.083852 -0.038388
v -0.345205 0.084681 -0.015867
v -0.343745 0.081560 0.004578
v -0.340381 0.074033 0.021389
v -0.321174 0.094191 -0.011140
v -0.318389 0.091479 0.009391
v -0.313040 0.083965 0.027382
v -0.293832 0.104769 0.014019
v -0.286413 0.098497 0.032894
v -0.275078 0.086672 0.049660
v -0.304804 0.070611 0.041748
v -0.335128 0.061230 0.033743
v -0.262456 0.117287 0.036966
v -0.249140 0.108392 0.054856
v -0.241687 0.139439 0.038687
v -0.227294 0.133143 0.057218
v -0.208238 0.122919 0.074111
v -0.208881 0.160119 0.056497
v -0.188899 0.151756 0.073662
v -0.165233 0.139297 0.088885
v -0.185298 0.109902 0.089376
v -0.139514 0.123545 0.101590
v -0.146843 0.169740 0.085562
v -0.119109 0.153085 0.098465
v -0.089411 0.132974 0.108207
v -0.112660 0.103190 0.110847
v -0.100569 0.183796 0.092769
v -0.069051 0.164484 0.102623
v -0.034728 0.144239 0.109179
v -0.051763 0.194896 0.094393
v -0.017353 0.177295 0.100562
v 0.019952 0.161225 0.103760
v 0.003572 0.124463 0.112478
v 0.045766 0.108461 0.112943
v 0.087869 0.096557 0.110667
v 0.079102 0.053184 0.114709
v -0.003567 0.207153 0.088959
v 0.032939 0.194420 0.091331
v 0.006499 0.233036 0.074346
v 0.041691 0.224202 0.075643
v 0.012904 0.254088 0.057285
v 0.046277 0.249119 0.057156
v 0.015760 0.269334 0.038234
v 0.046195 0.267360 0.037099
v 0.016130 0.278594 0.017921
v 0.043586 0.278522 0.016100
v 0.071692 0.283787 0.011229
v 0.040034 0.283178 -0.005298
v 0.065120 0.289346 -0.010295
v 0.089473 0.300194 -0.018040
v 0.099302 0.294598 0.003167
v 0.112036 0.314767 -0.028061
v 0.124293 0.310564 -0.008002
v 0.132286 0.331144 -0.039649
v 0.146011 0.328510 -0.020770
v 0.149896 0.347356 -0.051863
v 0.164223 0.346201 -0.034523
v 0.178216 0.361548 -0.048340
v 0.121640 0.329936 -0.059140
v 0.102593 0.314131 -0.048546
v 0.096136 0.309259 -0.068501
v 0.114350 0.325204 -0.078512
v 0.093029 0.300828 -0.087320
v 0.110744 0.317505 -0.096678
v 0.093618 0.289647 -0.104013
v 0.111081 0.307532 -0.113130
v 0.098076 0.276648 -0.118111
v 0.115442 0.296072 -0.126887
v 0.074677 0.272879 -0.095360
v 0.079200 0.257809 -0.109316
v 0.087976 0.241474 -0.119914
v 0.058021 0.241052 -0.101971
v 0.054140 0.258739 -0.087970
v 0.031843 0.248960 -0.082917
v 0.034053 0.228571 -0.096838
v 0.008455 0.245314 -0.080602
v 0.007457 0.224115 -0.094801
v -0.014811 0.248330 -0.081365
v -0.018116 0.228707 -0.095877
v -0.036809 0.256939 -0.085026
v -0.041547 0.239410 -0.100038
v -0.048847 0.219559 -0.111946
v -0.062588 0.254123 -0.106846
v -0.070485 0.237096 -0.119306
v -0.081462 0.219879 -0.128288
v -0.060390 0.198870 -0.120474
v -0.096095 0.204140 -0.133612
v -0.077078 0.180241 -0.125561
v -0.113176 0.190643 -0.135364
v -0.096727 0.164899 -0.127436
v -0.079539 0.137965 -0.121694
v -0.117879 0.152550 -0.126347
v -0.103433 0.124503 -0.121283
v -0.089621 0.095373 -0.117983
v -0.062878 0.109208 -0.117966
v -0.077664 0.065173 -0.115866
v -0.049163 0.077599 -0.115742
v -0.067724 0.033985 -0.114415
v -0.038130 0.045264 -0.114399
v -0.007449 0.057202 -0.114036
v 0.025126 0.068839 -0.113425
v -0.028912 0.012727 -0.113602
v 0.001946 0.023653 -0.113554
v 0.033490 0.033970 -0.113315
v 0.066001 0.042855 -0.112949
v 0.059413 0.077595 -0.112766
v 0.010541 -0.009075 -0.113451
v 0.041706 0.001249 -0.113475
v 0.073046 0.010402 -0.113526
v 0.105053 0.018288 -0.113685
v 0.099024 0.050044 -0.112320
v 0.050253 -0.030367 -0.113857
v 0.081001 -0.020422 -0.114060
v 0.111741 -0.011840 -0.114706
v 0.143052 -0.004615 -0.116159
v 0.090024 -0.050255 -0.114477
v 0.120032 -0.040610 -0.114775
v 0.149955 -0.032250 -0.116146
v 0.179922 -0.025067 -0.119204
v 0.174477 0.000709 -0.119398
v 0.129879 -0.068760 -0.114068
v 0.159296 -0.059006 -0.113902
v 0.187954 -0.049489 -0.116015
v 0.216195 -0.041418 -0.120539
v 0.209273 -0.019656 -0.124735
v 0.225458 -0.061744 -0.112714
v 0.236791 -0.079795 -0.100809
v 0.261479 -0.069138 -0.105839
v 0.251935 -0.053190 -0.118546
v 0.243840 -0.035208 -0.127483
v 0.278081 -0.046841 -0.126219
v 0.271097 -0.030532 -0.135739
v 0.266102 -0.012917 -0.141099
v 0.238137 -0.015686 -0.132208
v 0.263809 0.005511 -0.142028
v 0.235129 0.004755 -0.132969
v 0.205454 0.003408 -0.125068
v 0.235616 0.025538 -0.129611
v 0.264352 0.023873 -0.138823
v 0.268100 0.041157 -0.131628
v 0.239921 0.045350 -0.122406
v 0.274650 0.055922 -0.120871
v 0.248558 0.062023 -0.111665
v 0.283040 0.067294 -0.107056
v 0.258854 0.074625 -0.097842
v 0.235995 0.084685 -0.089943
v 0.269350 0.083057 -0.081487
v 0.248311 0.093850 -0.073700
v 0.230385 0.107621 -0.068026
v 0.215933 0.098502 -0.084010
v 0.201353 0.116711 -0.080641
v 0.173153 0.130615 -0.093319
v 0.149644 0.124188 -0.103119
v 0.148339 0.151959 -0.106055
v 0.122755 0.151400 -0.112349
v 0.121709 0.120255 -0.109301
v 0.129810 0.180680 -0.118269
v 0.093288 0.083358 -0.111610
v 0.258840 0.099023 -0.055461
v 0.278898 0.087390 -0.063003
v 0.286719 0.087641 -0.043072
v 0.300920 0.077990 -0.072125
v 0.308602 0.077084 -0.052099
v 0.314368 0.071950 -0.031302
v 0.331262 0.068335 -0.062219
v 0.337597 0.062180 -0.041582
v 0.353200 0.060908 -0.072663
v 0.360123 0.053902 -0.052469
v 0.365584 0.043330 -0.032290
v 0.380426 0.046476 -0.063345
v 0.373113 0.054011 -0.082964
v 0.389732 0.047054 -0.092690
v 0.397499 0.039011 -0.073844
v 0.402106 0.039419 -0.101943
v 0.410569 0.030884 -0.083777
v 0.409973 0.030579 -0.111148
v 0.419451 0.021585 -0.093078
v 0.414034 0.020232 -0.119997
v 0.424481 0.011013 -0.101668
v 0.415003 0.008660 -0.127915
v 0.425910 -0.000467 -0.109071
v 0.433890 -0.010206 -0.087633
v 0.424064 -0.012268 -0.115054
v 0.432060 -0.021514 -0.092882
v 0.436993 -0.030511 -0.069690
v 0.426767 -0.032364 -0.096631
v 0.431801 -0.040603 -0.072707
v 0.417856 -0.042114 -0.098333
v 0.423033 -0.049756 -0.074313
v 0.405466 -0.050576 -0.098247
v 0.410646 -0.057629 -0.074010
v 0.389615 -0.057646 -0.096129
v 0.394979 -0.064455 -0.072258
v 0.398546 -0.069389 -0.048301
v 0.376381 -0.070413 -0.068890
v 0.380418 -0.075053 -0.045415
v 0.382823 -0.077328 -0.023190
v 0.359986 -0.080597 -0.041413
v 0.362791 -0.082566 -0.019589
v 0.338054 -0.086988 -0.036960
v 0.341019 -0.088632 -0.015316
v 0.342279 -0.087492 0.004189
v 0.318420 -0.096603 -0.011040
v 0.319138 -0.095176 0.008693
v 0.317900 -0.090320 0.025790
v 0.295887 -0.105865 0.012776
v 0.296144 -0.107009 -0.007097
v 0.275332 -0.120599 -0.004272
v 0.273911 -0.119902 0.015930
v 0.257126 -0.137395 -0.002981
v 0.254403 -0.137651 0.017401
v 0.242387 -0.157474 -0.003787
v 0.238261 -0.158686 0.016801
v 0.231655 -0.180225 -0.006821
v 0.226036 -0.182792 0.013770
v 0.225137 -0.205152 -0.012244
v 0.232505 -0.175777 -0.027954
v 0.227211 -0.199713 -0.033249
v 0.225772 -0.224763 -0.040670
v 0.222553 -0.231170 -0.019872
v 0.227273 -0.249881 -0.049777
v 0.223348 -0.257409 -0.029449
v 0.230739 -0.274338 -0.060180
v 0.226319 -0.282627 -0.040584
v 0.234885 -0.297161 -0.071444
v 0.230333 -0.306161 -0.052872
v 0.222109 -0.315590 -0.035680
v 0.234154 -0.327021 -0.066118
v 0.226380 -0.337028 -0.050256
v 0.215763 -0.346914 -0.036516
v 0.229723 -0.354825 -0.065926
v 0.219932 -0.364909 -0.053648
v 0.231761 -0.369059 -0.082212
v 0.237006 -0.344959 -0.079932
v 0.238210 -0.359183 -0.094073
v 0.241242 -0.335397 -0.095181
v 0.241811 -0.349882 -0.107278
v 0.238732 -0.317815 -0.083166
v 0.239817 -0.309816 -0.100619
v 0.235697 -0.289493 -0.090454
v 0.232688 -0.283688 -0.109184
v 0.237530 -0.304225 -0.117699
v 0.226209 -0.280443 -0.127115
v 0.231848 -0.301657 -0.134391
v 0.216640 -0.279723 -0.143512
v 0.223246 -0.301735 -0.150447
v 0.228169 -0.322329 -0.154383
v 0.212342 -0.303714 -0.164758
v 0.218148 -0.324891 -0.169257
v 0.200246 -0.307559 -0.176161
v 0.206853 -0.328397 -0.181309
v 0.211459 -0.347830 -0.183791
v 0.195418 -0.333307 -0.189294
v 0.200967 -0.351560 -0.192504
v 0.204481 -0.367657 -0.193137
v 0.213539 -0.365194 -0.183743
v 0.205575 -0.380785 -0.191161
v 0.213367 -0.380063 -0.182293
v 0.191250 -0.356554 -0.196200
v 0.184384 -0.339562 -0.192194
v 0.174692 -0.347292 -0.189835
v 0.182604 -0.362697 -0.194387
v 0.166430 -0.356156 -0.181890
v 0.175760 -0.370424 -0.187039
v 0.160039 -0.365794 -0.168874
v 0.170174 -0.378852 -0.174230
v 0.179695 -0.388939 -0.177723
v 0.166127 -0.387436 -0.156805
v 0.176375 -0.396355 -0.160627
v 0.186354 -0.402187 -0.163034
v 0.188314 -0.395287 -0.179370
v 0.195579 -0.404401 -0.164251
v 0.196701 -0.398402 -0.179466
v 0.184587 -0.407608 -0.142651
v 0.174067 -0.403050 -0.139747
v 0.172132 -0.407753 -0.116379
v 0.163073 -0.394988 -0.135698
v 0.161142 -0.401155 -0.112444
v 0.159660 -0.404908 -0.088583
v 0.149888 -0.391261 -0.107341
v 0.148998 -0.396592 -0.084082
v 0.138485 -0.378783 -0.101010
v 0.138023 -0.385100 -0.078184
v 0.126384 -0.363878 -0.093358
v 0.126582 -0.371222 -0.071111
v 0.113550 -0.347523 -0.084844
v 0.114080 -0.355328 -0.063010
v 0.116534 -0.360927 -0.042287
v 0.100396 -0.338578 -0.054470
v 0.103148 -0.344066 -0.033851
v 0.085159 -0.321838 -0.045904
v 0.088022 -0.327089 -0.025440
v 0.068412 -0.306380 -0.037983
v 0.070964 -0.311008 -0.017547
v 0.075565 -0.311931 0.001704
v 0.052117 -0.297096 -0.010770
v 0.055946 -0.296722 0.008883
v 0.061999 -0.291787 0.026857
v 0.034334 -0.284507 0.014479
v 0.039046 -0.277664 0.033228
v 0.011038 -0.275913 0.017990
v 0.013975 -0.267195 0.037524
v 0.019260 -0.252542 0.055272
v -0.012767 -0.260826 0.039300
v -0.010045 -0.243732 0.057987
v -0.004387 -0.220033 0.074567
v -0.041158 -0.239503 0.057762
v -0.039094 -0.212607 0.075368
v -0.073685 -0.240595 0.054583
v -0.069433 -0.262293 0.034887
v -0.097828 -0.270760 0.028717
v -0.040804 -0.259069 0.038485
v -0.038989 -0.271641 0.017829
v -0.064695 -0.276334 0.014037
v -0.013569 -0.271524 0.019184
v -0.013166 -0.276213 -0.001836
v -0.036592 -0.277774 -0.003546
v 0.009715 -0.279077 -0.002552
v 0.009442 -0.277089 -0.023402
v -0.012209 -0.275380 -0.022972
v 0.031589 -0.286188 -0.005639
v 0.030344 -0.283161 -0.026242
v 0.030227 -0.275808 -0.046486
v 0.009852 -0.270395 -0.043713
v 0.050059 -0.293152 -0.031245
v 0.049600 -0.285365 -0.051573
v 0.050610 -0.274110 -0.070794
v 0.031215 -0.264538 -0.065509
v 0.067622 -0.298283 -0.058521
v 0.068705 -0.287233 -0.078147
v 0.071737 -0.273692 -0.095826
v 0.053394 -0.259868 -0.088081
v 0.084305 -0.313668 -0.066814
v 0.085343 -0.302859 -0.086912
v 0.088574 -0.290032 -0.105204
v 0.094138 -0.275801 -0.120631
v 0.077188 -0.258339 -0.110827
v 0.100720 -0.320011 -0.096516
v 0.103964 -0.307816 -0.115371
v 0.109614 -0.294554 -0.131439
v 0.117691 -0.280949 -0.143711
v 0.102420 -0.261013 -0.132627
v 0.118223 -0.326131 -0.125744
v 0.123748 -0.313711 -0.142262
v 0.131681 -0.301117 -0.155017
v 0.141812 -0.289072 -0.163147
v 0.128333 -0.267842 -0.151852
v 0.136860 -0.332494 -0.152568
v 0.144398 -0.320834 -0.165484
v 0.154124 -0.309775 -0.173802
v 0.165571 -0.299906 -0.176915
v 0.154019 -0.278259 -0.166607
v 0.156068 -0.339437 -0.174690
v 0.165048 -0.329378 -0.182786
v 0.175838 -0.320523 -0.185737
v 0.187724 -0.313165 -0.183310
v 0.178421 -0.291697 -0.175121
v 0.191773 -0.285478 -0.168408
v 0.182035 -0.262466 -0.159001
v 0.167643 -0.269264 -0.165040
v 0.171372 -0.238741 -0.148517
v 0.155839 -0.246158 -0.154230
v 0.141208 -0.256033 -0.155277
v 0.143176 -0.222603 -0.143294
v 0.127300 -0.233525 -0.144160
v 0.113507 -0.246590 -0.140479
v 0.112164 -0.210901 -0.133843
v 0.097091 -0.225680 -0.130200
v 0.085470 -0.241952 -0.122372
v 0.078359 -0.205244 -0.121560
v 0.066291 -0.224471 -0.113959
v 0.058341 -0.243091 -0.102621
v 0.037255 -0.231298 -0.096802
v 0.033370 -0.249650 -0.082484
v 0.013773 -0.224716 -0.093701
v 0.011887 -0.244271 -0.079573
v 0.010647 -0.259403 -0.062674
v -0.010484 -0.244754 -0.079490
v -0.010550 -0.259289 -0.062572
v -0.011233 -0.269607 -0.043470
v -0.031850 -0.264211 -0.065119
v -0.032492 -0.273437 -0.045803
v -0.034245 -0.278188 -0.025007
v -0.053561 -0.281601 -0.050415
v -0.056186 -0.285184 -0.029349
v -0.060077 -0.283726 -0.007604
v -0.077655 -0.295888 -0.035566
v -0.083104 -0.293520 -0.013682
v -0.089924 -0.285498 0.007973
v -0.105127 -0.306451 -0.021259
v -0.113895 -0.298380 0.000173
v -0.124473 -0.284450 0.020236
v -0.135797 -0.313701 -0.008654
v -0.147731 -0.301731 0.010582
v -0.155631 -0.329193 -0.017638
v -0.167940 -0.319141 0.001046
v -0.181536 -0.306474 0.016241
v -0.196166 -0.293250 0.026123
v -0.185828 -0.334560 -0.007713
v -0.198638 -0.323958 0.007342
v -0.211453 -0.312845 0.017523
v -0.223549 -0.302813 0.021541
v -0.210967 -0.282601 0.029202
v -0.213790 -0.337829 -0.000198
v -0.225178 -0.328100 0.010485
v -0.235358 -0.319005 0.015526
v -0.243817 -0.311107 0.014310
v -0.233726 -0.294416 0.019501
v -0.237310 -0.339520 0.004751
v -0.246005 -0.331453 0.010563
v -0.252865 -0.324590 0.010324
v -0.254929 -0.340519 0.006605
v -0.260406 -0.334807 0.007095
v -0.263907 -0.330691 0.001387
v -0.257750 -0.319071 0.003802
v -0.249927 -0.304736 0.007229
v -0.260179 -0.315002 -0.008321
v -0.253429 -0.299614 -0.005383
v -0.245721 -0.281942 -0.001344
v -0.241270 -0.287509 0.011554
v -0.238023 -0.262024 0.003479
v -0.232587 -0.267595 0.017009
v -0.223467 -0.274240 0.025805
v -0.225019 -0.245053 0.023187
v -0.214112 -0.250605 0.033474
v -0.219900 -0.220472 0.029840
v -0.207446 -0.223690 0.041879
v -0.218508 -0.194741 0.035942
v -0.206096 -0.194996 0.050018
v -0.221055 -0.169193 0.040761
v -0.209533 -0.167042 0.056175
v -0.193101 -0.162683 0.069612
v -0.216221 -0.140498 0.060065
v -0.201166 -0.135220 0.074335
v -0.225507 -0.114756 0.061572
v -0.209701 -0.108400 0.076788
v -0.227223 -0.144428 0.043609
v -0.236621 -0.120580 0.044323
v -0.233548 -0.146857 0.025559
v -0.243033 -0.125039 0.025594
v -0.255995 -0.104530 0.023402
v -0.244758 -0.127595 0.005985
v -0.257825 -0.109199 0.003380
v -0.274206 -0.092629 -0.001420
v -0.255386 -0.111197 -0.016844
v -0.271816 -0.096534 -0.021916
v -0.290936 -0.083921 -0.028943
v -0.293603 -0.078056 -0.008135
v -0.312037 -0.073198 -0.037408
v -0.315076 -0.065574 -0.016524
v -0.333918 -0.064033 -0.046952
v -0.337676 -0.055092 -0.025941
v -0.355442 -0.055894 -0.056914
v -0.359830 -0.045980 -0.035979
v -0.375272 -0.048082 -0.067008
v -0.380330 -0.037565 -0.046006
v -0.383397 -0.024166 -0.025509
v -0.398026 -0.029048 -0.055924
v -0.401818 -0.015827 -0.034986
v -0.403715 -0.001036 -0.015763
v -0.416572 -0.007062 -0.044084
v -0.418910 0.006751 -0.023981
v -0.427217 0.002189 -0.052382
v -0.412158 -0.020056 -0.065354
v -0.422336 -0.010181 -0.074338
v -0.428315 0.000378 -0.082380
v -0.433706 0.012092 -0.059911
v -0.430251 0.011542 -0.089309
v -0.435807 0.022179 -0.066072
v -0.428033 0.022601 -0.094506
v -0.433772 0.032315 -0.070819
v -0.421927 0.033298 -0.097898
v -0.427433 0.041802 -0.073633
v -0.411842 0.042889 -0.099061
v -0.417154 0.050616 -0.074701
v -0.398078 0.051506 -0.098268
v -0.402918 0.058342 -0.073715
v -0.380804 0.058941 -0.095382
v -0.385301 0.065544 -0.071170
v -0.360709 0.066022 -0.091004
v -0.364828 0.072398 -0.067035
v -0.338643 0.073100 -0.085311
v -0.342560 0.079904 -0.062079
v -0.315720 0.081219 -0.079240
v -0.319580 0.088517 -0.056586
v -0.321492 0.093058 -0.033590
v -0.297092 0.099156 -0.051545
v -0.298810 0.104463 -0.028993
v -0.297792 0.106546 -0.006924
v -0.277882 0.118656 -0.025566
v -0.276369 0.121921 -0.003647
v -0.271275 0.121643 0.017306
v -0.257763 0.140383 -0.002182
v -0.251872 0.141760 0.018856
v -0.242914 0.161765 -0.002757
v -0.235988 0.164719 0.018003
v -0.224774 0.164371 0.037932
v -0.224326 0.190187 0.014696
v -0.211657 0.191665 0.034254
v -0.194302 0.189451 0.052764
v -0.203037 0.221102 0.027668
v -0.172159 0.182429 0.069888
v -0.216730 0.217451 0.008563
v -0.213548 0.245794 -0.000148
v -0.198969 0.251699 0.017827
v -0.213847 0.273717 -0.011480
v -0.200236 0.281744 0.005182
v -0.216653 0.300132 -0.024658
v -0.203840 0.309185 -0.009472
v -0.188242 0.317686 0.002978
v -0.208349 0.333396 -0.025528
v -0.194140 0.341912 -0.014315
v -0.178918 0.349636 -0.006354
v -0.170686 0.325959 0.011474
v -0.163820 0.356274 -0.002217
v -0.153993 0.335121 0.014796
v -0.150365 0.361445 -0.001774
v -0.139441 0.342896 0.013383
v -0.124911 0.321569 0.027697
v -0.127824 0.348645 0.007698
v -0.112645 0.329918 0.019707
v -0.093855 0.310511 0.030939
v -0.106098 0.298985 0.041247
v -0.071403 0.292090 0.040843
v -0.082558 0.278361 0.053420
v -0.045914 0.276169 0.048847
v -0.055591 0.260274 0.063171
v -0.068365 0.239398 0.075058
v -0.083754 0.213529 0.084643
v -0.025868 0.245170 0.070244
v -0.037245 0.222119 0.083548
v -0.017770 0.263253 0.054392
v -0.039177 0.286886 0.032069
v -0.012730 0.276115 0.036477
v -0.034964 0.292749 0.013346
v -0.010166 0.283484 0.016886
v -0.032684 0.293757 -0.006774
v -0.009390 0.285669 -0.003688
v 0.015011 0.281968 -0.003120
v -0.009736 0.282851 -0.024580
v 0.013197 0.279966 -0.024209
v 0.036486 0.281981 -0.026553
v 0.011323 0.272986 -0.044633
v 0.033598 0.275601 -0.047062
v 0.055487 0.283113 -0.052106
v 0.059529 0.288823 -0.031622
v 0.076442 0.294723 -0.059503
v 0.081752 0.299909 -0.039081
v 0.053493 0.272897 -0.071177
v 0.073946 0.285468 -0.078445
v 0.031935 0.264528 -0.066053
v 0.009640 0.261418 -0.063692
v -0.010890 0.275511 -0.045008
v -0.012484 0.263918 -0.064173
v -0.032380 0.282817 -0.048015
v -0.034025 0.271567 -0.067465
v -0.053031 0.294243 -0.053335
v -0.054358 0.283414 -0.073178
v -0.057538 0.269865 -0.091279
v -0.073688 0.298440 -0.080804
v -0.076646 0.285799 -0.099519
v -0.081978 0.271549 -0.115731
v -0.094697 0.303644 -0.109060
v -0.099627 0.290474 -0.125928
v -0.107175 0.276793 -0.139491
v -0.089571 0.256397 -0.128750
v -0.116916 0.263282 -0.149229
v -0.100163 0.241461 -0.138109
v -0.129279 0.250984 -0.154798
v -0.113283 0.227618 -0.143615
v -0.143349 0.240351 -0.156203
v -0.128841 0.215860 -0.145136
v -0.158992 0.232178 -0.153394
v -0.145779 0.206451 -0.142850
v -0.132135 0.179988 -0.133572
v -0.163731 0.200050 -0.136737
v -0.152129 0.172049 -0.128409
v -0.140367 0.143046 -0.122366
v -0.127760 0.113551 -0.118963
v -0.141939 0.074478 -0.115522
v -0.115799 0.084231 -0.116957
v -0.132896 0.045314 -0.115395
v -0.105388 0.054421 -0.115557
v -0.126044 0.015399 -0.114448
v -0.096867 0.024021 -0.114275
v -0.089990 -0.007632 -0.112975
v -0.059349 0.002185 -0.113387
v -0.083974 -0.040595 -0.111873
v -0.051926 -0.030556 -0.112814
v -0.020488 -0.019838 -0.113244
v -0.044659 -0.064283 -0.112821
v -0.012197 -0.052948 -0.113328
v 0.019431 -0.041333 -0.113609
v -0.003048 -0.087000 -0.113590
v 0.029220 -0.073706 -0.114056
v 0.060068 -0.061237 -0.114284
v 0.071452 -0.091651 -0.115081
v 0.100787 -0.079329 -0.114662
v 0.085130 -0.121049 -0.116505
v 0.112899 -0.107931 -0.115369
v 0.100517 -0.148301 -0.119851
v 0.125859 -0.135875 -0.117228
v 0.115620 -0.173940 -0.125433
v 0.137627 -0.163149 -0.121909
v 0.129771 -0.198593 -0.133539
v 0.149028 -0.189235 -0.129015
v 0.168901 -0.183215 -0.120708
v 0.188174 -0.181012 -0.108351
v 0.160276 -0.214353 -0.138307
v 0.177598 -0.209165 -0.129054
v 0.193913 -0.207291 -0.116243
v 0.207782 -0.208746 -0.100070
v 0.204634 -0.183238 -0.092644
v 0.186873 -0.234075 -0.138828
v 0.201180 -0.232378 -0.125328
v 0.213209 -0.233582 -0.108993
v 0.221927 -0.237303 -0.090337
v 0.218115 -0.212732 -0.081619
v 0.209070 -0.256541 -0.134863
v 0.219665 -0.257579 -0.118256
v 0.227194 -0.261165 -0.099830
v 0.230956 -0.266913 -0.080194
v 0.226776 -0.242985 -0.070369
v 0.224196 -0.218325 -0.061485
v 0.224459 -0.193749 -0.054212
v 0.216873 -0.187918 -0.074213
v 0.228507 -0.169956 -0.048843
v 0.219537 -0.163516 -0.068929
v 0.237173 -0.147991 -0.045830
v 0.227413 -0.140463 -0.065825
v 0.250667 -0.128754 -0.044985
v 0.241478 -0.120787 -0.065115
v 0.268139 -0.112889 -0.046460
v 0.259849 -0.104913 -0.066676
v 0.248976 -0.094098 -0.085233
v 0.280953 -0.092636 -0.070482
v 0.271644 -0.082275 -0.089440
v 0.303670 -0.083135 -0.075621
v 0.295351 -0.073456 -0.095470
v 0.286519 -0.061251 -0.112524
v 0.319298 -0.066565 -0.102127
v 0.311251 -0.055262 -0.120107
v 0.303693 -0.041978 -0.134360
v 0.334967 -0.050250 -0.127306
v 0.327899 -0.038099 -0.142149
v 0.322234 -0.024556 -0.152427
v 0.297392 -0.027125 -0.144521
v 0.318581 -0.009927 -0.158101
v 0.293150 -0.011008 -0.150081
v 0.317177 0.005467 -0.159130
v 0.291204 0.005746 -0.151234
v 0.317876 0.020821 -0.155929
v 0.291865 0.022456 -0.148028
v 0.320585 0.035263 -0.148855
v 0.294972 0.038033 -0.140884
v 0.325020 0.047634 -0.138414
v 0.300363 0.051452 -0.130226
v 0.330879 0.057014 -0.125194
v 0.307361 0.061693 -0.116507
v 0.337845 0.062567 -0.109556
v 0.315341 0.068129 -0.100309
v 0.292081 0.074729 -0.090596
v 0.323555 0.070384 -0.081989
v 0.345522 0.063860 -0.091959
v 0.358272 0.057446 -0.117528
v 0.365409 0.057842 -0.101216
v 0.352553 0.052573 -0.131814
v 0.347950 0.043844 -0.144202
v 0.368503 0.039513 -0.146192
v 0.366009 0.028261 -0.155490
v 0.385015 0.023156 -0.151790
v 0.386169 0.034366 -0.143231
v 0.344437 0.032142 -0.154145
v 0.342060 0.018636 -0.161100
v 0.363899 0.015384 -0.162284
v 0.362281 0.002178 -0.165922
v 0.380426 -0.001633 -0.162465
v 0.382995 0.010759 -0.158428
v 0.341062 0.004360 -0.164475
v 0.341746 -0.009596 -0.163737
v 0.344520 -0.022634 -0.158560
v 0.349790 -0.034553 -0.148385
v 0.356644 -0.045557 -0.133483
v 0.375297 -0.040355 -0.137784
v 0.382847 -0.049496 -0.118582
v 0.398403 -0.042422 -0.120774
v 0.390147 -0.033942 -0.140134
v 0.363961 -0.055384 -0.114384
v 0.370785 -0.063817 -0.092468
v 0.342482 -0.060855 -0.108778
v 0.349577 -0.069561 -0.087356
v 0.355551 -0.076264 -0.064533
v 0.326877 -0.075772 -0.081591
v 0.333291 -0.082577 -0.059380
v 0.310579 -0.090345 -0.054277
v 0.315586 -0.094828 -0.032309
v 0.288499 -0.100170 -0.049666
v 0.293644 -0.105069 -0.028278
v 0.273385 -0.118084 -0.025284
v 0.255876 -0.134369 -0.024074
v 0.242049 -0.153687 -0.024844
v 0.410411 -0.033805 -0.121044
v 0.400912 -0.025444 -0.140379
v 0.418868 -0.023579 -0.119041
v 0.408450 -0.015061 -0.138472
v 0.395595 -0.007487 -0.153222
v 0.413056 -0.003379 -0.134189
v 0.399392 0.004429 -0.149007
v 0.401279 0.016656 -0.142482
v 0.401269 0.028048 -0.134301
v 0.196155 -0.258184 -0.148615
v 0.204887 -0.281447 -0.157682
v 0.095442 -0.188052 -0.125450
v -0.077901 -0.074969 -0.111828
v -0.160217 0.037350 -0.116272
v -0.155243 0.008827 -0.115708
v -0.187057 0.030692 -0.119145
v -0.183594 0.004858 -0.119244
v -0.213347 0.025033 -0.124459
v -0.210946 0.002222 -0.125132
v -0.211913 -0.020719 -0.122340
v -0.237577 0.000092 -0.133099
v -0.238737 -0.020061 -0.130443
v -0.242968 -0.039085 -0.124172
v -0.216885 -0.042649 -0.115963
v -0.250089 -0.055672 -0.114385
v -0.225994 -0.061504 -0.106300
v -0.236816 -0.076308 -0.093582
v -0.216565 -0.086626 -0.087522
v -0.258924 -0.069006 -0.101614
v -0.268383 -0.078590 -0.086131
v -0.247742 -0.087107 -0.078376
v -0.274531 -0.051715 -0.123659
v -0.282076 -0.063662 -0.110725
v -0.290437 -0.072046 -0.095194
v -0.298808 -0.076485 -0.077399
v -0.277464 -0.084299 -0.068552
v -0.305482 -0.059492 -0.120125
v -0.312959 -0.066735 -0.104639
v -0.320733 -0.069979 -0.086987
v -0.328024 -0.069062 -0.067516
v -0.306288 -0.076870 -0.057979
v -0.334858 -0.062037 -0.113700
v -0.342098 -0.064156 -0.096505
v -0.349250 -0.062043 -0.077421
v -0.361595 -0.058456 -0.105427
v -0.368743 -0.055229 -0.087094
v -0.385260 -0.048035 -0.096374
v -0.392328 -0.040055 -0.076807
v -0.397759 -0.040081 -0.105220
v -0.405760 -0.031242 -0.086357
v -0.405843 -0.030832 -0.114163
v -0.415091 -0.021462 -0.095464
v -0.410070 -0.020192 -0.122720
v -0.420463 -0.010527 -0.103979
v -0.410997 -0.008340 -0.130326
v -0.421933 0.001062 -0.111251
v -0.408803 0.003820 -0.136174
v -0.419778 0.012958 -0.116956
v -0.403673 0.015681 -0.139951
v -0.413957 0.024232 -0.120506
v -0.395495 0.026144 -0.141253
v -0.404604 0.034580 -0.121920
v -0.383978 0.034932 -0.140388
v -0.391598 0.043334 -0.120960
v -0.368513 0.041680 -0.137384
v -0.375035 0.050902 -0.118059
v -0.349410 0.047583 -0.132509
v -0.355360 0.057489 -0.113182
v -0.327685 0.053161 -0.125868
v -0.333459 0.064141 -0.107061
v -0.304429 0.059421 -0.118422
v -0.310441 0.071351 -0.100132
v -0.280809 0.066875 -0.110894
v -0.287381 0.080106 -0.093506
v -0.293105 0.090913 -0.073327
v -0.265354 0.091047 -0.087922
v -0.271870 0.103026 -0.068635
v -0.276286 0.112262 -0.047460
v -0.253108 0.118126 -0.065740
v -0.258136 0.128314 -0.045231
v -0.259844 0.135804 -0.023702
v -0.243678 0.147535 -0.045155
v -0.245358 0.155877 -0.024092
v -0.233489 0.169694 -0.047683
v -0.235182 0.178672 -0.026777
v -0.232015 0.185598 -0.005873
v -0.229181 0.203407 -0.032049
v -0.225504 0.211396 -0.011393
v -0.227259 0.229319 -0.039537
v -0.222700 0.238094 -0.019529
v -0.228062 0.255178 -0.049302
v -0.223298 0.264816 -0.029765
v -0.230895 0.280235 -0.060628
v -0.225579 0.290292 -0.042057
v -0.233885 0.303451 -0.073431
v -0.228825 0.313812 -0.055661
v -0.219972 0.323878 -0.039575
v -0.231300 0.334437 -0.070407
v -0.223249 0.344441 -0.055604
v -0.212126 0.353656 -0.043056
v -0.225192 0.361015 -0.072503
v -0.215085 0.369784 -0.061697
v -0.202669 0.377092 -0.052847
v -0.199206 0.361829 -0.032851
v -0.189311 0.382599 -0.045889
v -0.184980 0.368370 -0.025324
v -0.175470 0.385578 -0.040708
v -0.170934 0.373248 -0.020538
v -0.162262 0.386003 -0.037065
v -0.157777 0.375831 -0.018263
v -0.178333 0.393658 -0.062902
v -0.164636 0.391903 -0.058356
v -0.151438 0.387011 -0.054015
v -0.166112 0.394107 -0.081697
v -0.152105 0.387149 -0.076413
v -0.138158 0.377015 -0.070443
v -0.138285 0.378568 -0.048907
v -0.123469 0.363755 -0.063297
v -0.124823 0.366825 -0.042395
v -0.127161 0.367280 -0.024566
v -0.109875 0.352198 -0.034666
v -0.113527 0.353359 -0.016545
v -0.119165 0.351947 -0.002158
v -0.097344 0.337198 -0.007917
v -0.103653 0.335185 0.007722
v -0.078831 0.320793 0.000366
v -0.084940 0.317553 0.017163
v -0.057912 0.305454 0.007660
v -0.063371 0.301100 0.025486
v -0.074856 0.320164 -0.018775
v -0.054647 0.305653 -0.011976
v -0.072853 0.316103 -0.039398
v -0.053020 0.301744 -0.032609
v -0.031981 0.290378 -0.027505
v -0.072344 0.308671 -0.060410
v -0.091067 0.332059 -0.047199
v -0.090605 0.325046 -0.068650
v -0.091600 0.315338 -0.089620
v -0.107435 0.341906 -0.077277
v -0.108649 0.333018 -0.098963
v -0.111334 0.322081 -0.119068
v -0.124444 0.350062 -0.108024
v -0.127286 0.340152 -0.128850
v -0.131593 0.328850 -0.146910
v -0.116307 0.309990 -0.136610
v -0.138239 0.317235 -0.161396
v -0.123140 0.297294 -0.150675
v -0.146565 0.305786 -0.171627
v -0.132542 0.285039 -0.160694
v -0.157207 0.295566 -0.177266
v -0.143749 0.273710 -0.166371
v -0.169111 0.286777 -0.178296
v -0.157020 0.264220 -0.167539
v -0.182435 0.280165 -0.174806
v -0.171152 0.256718 -0.164453
v -0.195665 0.275627 -0.167357
v -0.185946 0.251914 -0.157240
v -0.174972 0.226565 -0.146749
v -0.199894 0.249770 -0.146574
v -0.190830 0.224212 -0.136362
v -0.181560 0.196754 -0.127108
v -0.205029 0.225118 -0.122885
v -0.198472 0.197534 -0.113914
v -0.216794 0.229677 -0.106576
v -0.212241 0.202798 -0.097818
v -0.224680 0.236751 -0.088485
v -0.221967 0.210820 -0.079425
v -0.222070 0.184427 -0.072474
v -0.226854 0.219898 -0.059853
v -0.228205 0.194293 -0.052538
v -0.226974 0.159055 -0.067700
v -0.237709 0.136685 -0.065416
v -0.245163 0.105023 -0.084489
v -0.257632 0.076359 -0.104540
v -0.235529 0.088707 -0.100281
v -0.250102 0.059211 -0.117525
v -0.226271 0.068867 -0.112194
v -0.243732 0.040343 -0.126698
v -0.218676 0.047417 -0.120147
v -0.193557 0.055880 -0.116074
v -0.168105 0.065430 -0.114683
v -0.239410 0.020467 -0.131830
v -0.268912 0.034734 -0.134811
v -0.265220 0.016825 -0.140642
v -0.263848 -0.001580 -0.142195
v -0.290673 0.014066 -0.149671
v -0.289558 -0.002728 -0.151477
v -0.290675 -0.019411 -0.149013
v -0.264937 -0.019742 -0.139765
v -0.293860 -0.035028 -0.142749
v -0.268618 -0.036790 -0.133425
v -0.298949 -0.048699 -0.132932
v -0.318376 -0.033233 -0.150728
v -0.322692 -0.045909 -0.141138
v -0.328271 -0.055798 -0.128634
v -0.345015 -0.042844 -0.146887
v -0.349428 -0.052016 -0.135202
v -0.354868 -0.057457 -0.121390
v -0.365147 -0.038999 -0.148970
v -0.362648 -0.027464 -0.157604
v -0.381331 -0.022683 -0.154100
v -0.382573 -0.034200 -0.146045
v -0.341505 -0.030815 -0.156151
v -0.338965 -0.017134 -0.162348
v -0.360308 -0.014350 -0.163781
v -0.315518 -0.018637 -0.157045
v -0.314389 -0.003233 -0.159494
v -0.337540 -0.002724 -0.165079
v -0.337619 0.011272 -0.163739
v -0.358345 -0.001043 -0.166768
v -0.315059 0.012245 -0.157859
v -0.317724 0.026968 -0.151674
v -0.339539 0.024428 -0.158133
v -0.293773 0.030383 -0.143589
v -0.298619 0.045590 -0.133025
v -0.322117 0.040753 -0.141020
v -0.274313 0.051609 -0.124884
v -0.343801 0.036398 -0.147630
v -0.376156 0.002486 -0.163611
v -0.379128 -0.010103 -0.160128
v -0.391094 0.008105 -0.154561
v -0.395266 -0.003925 -0.150922
v -0.397420 -0.016401 -0.144886
v -0.397444 -0.028029 -0.137176
v -0.228686 0.245636 -0.069013
v -0.229172 0.261726 -0.098743
v -0.231868 0.270381 -0.079927
v -0.233507 0.284856 -0.109916
v -0.235678 0.293598 -0.091704
v -0.237209 0.305712 -0.120980
v -0.238236 0.314418 -0.104212
v -0.236556 0.324332 -0.086829
v -0.239278 0.332575 -0.116717
v -0.237255 0.342192 -0.100504
v -0.232907 0.351718 -0.085280
v -0.232689 0.299242 -0.136804
v -0.228244 0.278365 -0.126965
v -0.219486 0.274544 -0.142741
v -0.225599 0.296187 -0.151424
v -0.222375 0.254886 -0.116700
v -0.212562 0.250863 -0.132746
v -0.208574 0.273794 -0.156343
v -0.204253 0.297843 -0.175788
v -0.215568 0.295752 -0.164809
v -0.210498 0.317925 -0.181749
v -0.221132 0.315776 -0.170573
v -0.214967 0.336194 -0.184332
v -0.224116 0.333471 -0.172754
v -0.216543 0.352289 -0.183389
v -0.207571 0.354319 -0.192556
v -0.207462 0.367245 -0.188781
v -0.216290 0.366790 -0.179698
v -0.204620 0.339022 -0.192941
v -0.199603 0.321671 -0.189849
v -0.188529 0.326544 -0.194042
v -0.179124 0.333221 -0.193696
v -0.191794 0.301801 -0.183618
v -0.179992 0.307882 -0.187376
v -0.168818 0.315535 -0.186649
v -0.159656 0.325030 -0.181121
v -0.170940 0.341485 -0.188450
v -0.164789 0.351256 -0.178357
v -0.176219 0.363528 -0.183434
v -0.151853 0.335399 -0.170825
v -0.146280 0.346312 -0.156149
v -0.159701 0.361109 -0.163645
v -0.156464 0.370610 -0.145087
v -0.169820 0.381286 -0.150754
v -0.172707 0.372939 -0.169172
v -0.142060 0.356526 -0.137633
v -0.139741 0.365611 -0.116373
v -0.154097 0.378438 -0.123436
v -0.152986 0.384280 -0.100144
v -0.166963 0.392590 -0.105720
v -0.168256 0.388250 -0.129284
v -0.138362 0.372505 -0.093413
v -0.123444 0.358187 -0.085764
v -0.108017 0.348470 -0.055429
v -0.093366 0.336241 -0.026592
v -0.180853 0.397512 -0.110566
v -0.181508 0.394200 -0.133722
v -0.182846 0.388594 -0.154800
v -0.194326 0.396594 -0.137191
v -0.194507 0.391846 -0.157141
v -0.195627 0.385304 -0.173507
v -0.184429 0.380818 -0.172382
v -0.196978 0.376522 -0.185557
v -0.187182 0.372169 -0.185938
v -0.205592 0.394872 -0.139756
v -0.206195 0.396118 -0.118479
v -0.216702 0.390058 -0.121759
v -0.215648 0.389409 -0.141962
v -0.193861 0.398516 -0.114683
v -0.193364 0.397385 -0.091270
v -0.205861 0.393965 -0.096167
v -0.179788 0.397382 -0.086458
v -0.191833 0.392100 -0.068002
v -0.204974 0.387878 -0.074099
v -0.216523 0.381206 -0.081225
v -0.217181 0.387985 -0.101257
v -0.285298 -0.086037 -0.049249
v -0.266038 -0.097055 -0.042007
v -0.257768 -0.093942 -0.060966
v -0.249458 -0.110173 -0.036572
v -0.240607 -0.105954 -0.055325
v -0.229464 -0.098195 -0.072419
v -0.226827 -0.120518 -0.051862
v -0.214568 -0.112506 -0.068862
v -0.199472 -0.100948 -0.083755
v -0.204104 -0.130041 -0.067782
v -0.187833 -0.120123 -0.082650
v -0.198400 -0.150163 -0.069391
v -0.181777 -0.142075 -0.084281
v -0.161444 -0.133343 -0.096529
v -0.180840 -0.165641 -0.088635
v -0.161072 -0.159703 -0.101006
v -0.137515 -0.155226 -0.110046
v -0.136709 -0.124805 -0.105499
v -0.165635 -0.186056 -0.107946
v -0.144398 -0.184360 -0.117127
v -0.173381 -0.211671 -0.116436
v -0.154520 -0.211645 -0.125967
v -0.134603 -0.214923 -0.131229
v -0.165934 -0.237007 -0.135329
v -0.148667 -0.240801 -0.140685
v -0.132112 -0.247969 -0.141396
v -0.115213 -0.222515 -0.132207
v -0.117689 -0.258187 -0.137738
v -0.099092 -0.234995 -0.128784
v -0.106239 -0.270082 -0.129707
v -0.087048 -0.249389 -0.121223
v -0.065738 -0.229701 -0.113322
v -0.078904 -0.263628 -0.109624
v -0.058162 -0.246971 -0.102217
v -0.035567 -0.233767 -0.096570
v -0.041329 -0.212807 -0.107435
v -0.011202 -0.225870 -0.093652
v -0.032690 -0.250879 -0.082306
v -0.054054 -0.261834 -0.087551
v -0.052676 -0.273553 -0.070106
v -0.074262 -0.276292 -0.094698
v -0.072787 -0.286485 -0.076835
v -0.074052 -0.293227 -0.056924
v -0.091994 -0.301696 -0.084691
v -0.093766 -0.307421 -0.064548
v -0.098297 -0.309180 -0.043163
v -0.112509 -0.322706 -0.072695
v -0.117845 -0.323979 -0.051387
v -0.125775 -0.321032 -0.029711
v -0.136145 -0.338595 -0.059734
v -0.144859 -0.335837 -0.038359
v -0.153032 -0.351806 -0.067643
v -0.162399 -0.349110 -0.046821
v -0.173568 -0.343300 -0.026321
v -0.178390 -0.359845 -0.054890
v -0.189823 -0.354645 -0.034489
v -0.201852 -0.347073 -0.015721
v -0.204531 -0.362675 -0.042194
v -0.216179 -0.356057 -0.022932
v -0.227296 -0.348023 -0.006830
v -0.228921 -0.361405 -0.029544
v -0.239024 -0.354549 -0.012563
v -0.247827 -0.347271 -0.000205
v -0.248986 -0.357503 -0.017647
v -0.256306 -0.351640 -0.004343
v -0.256777 -0.357122 -0.021856
v -0.239837 -0.363083 -0.035410
v -0.248893 -0.361307 -0.040489
v -0.255638 -0.356318 -0.044421
v -0.262425 -0.353541 -0.025135
v -0.260006 -0.348368 -0.047052
v -0.265558 -0.347054 -0.027007
v -0.261616 -0.337761 -0.048170
v -0.266225 -0.337782 -0.027700
v -0.268250 -0.338186 -0.011312
v -0.264245 -0.326049 -0.027109
v -0.265344 -0.327826 -0.010341
v -0.260031 -0.311881 -0.025379
v -0.260589 -0.324686 -0.047838
v -0.257034 -0.309415 -0.045976
v -0.251529 -0.292117 -0.042791
v -0.253986 -0.295580 -0.022402
v -0.244817 -0.273120 -0.038388
v -0.246923 -0.277226 -0.018442
v -0.237837 -0.252698 -0.033212
v -0.239755 -0.257203 -0.013579
v -0.231688 -0.231331 -0.027624
v -0.233500 -0.235776 -0.008334
v -0.231385 -0.240290 0.008997
v -0.229232 -0.213534 -0.003075
v -0.226894 -0.217133 0.014545
v -0.227774 -0.190983 0.001479
v -0.225522 -0.193372 0.019634
v -0.229737 -0.168839 0.004825
v -0.227719 -0.169729 0.023445
v -0.235391 -0.147553 0.006426
v -0.227488 -0.166420 -0.014505
v -0.232987 -0.146377 -0.013139
v -0.242346 -0.127844 -0.013864
v -0.226765 -0.143101 -0.032448
v -0.236198 -0.125583 -0.033381
v -0.217072 -0.137716 -0.050902
v -0.221335 -0.162507 -0.033807
v -0.211560 -0.157016 -0.052316
v -0.219749 -0.183239 -0.037133
v -0.210168 -0.177955 -0.055975
v -0.197140 -0.171918 -0.073371
v -0.212304 -0.199827 -0.061369
v -0.199756 -0.194670 -0.079380
v -0.184106 -0.189815 -0.095131
v -0.205198 -0.217703 -0.086688
v -0.190475 -0.213986 -0.103159
v -0.198543 -0.237576 -0.111747
v -0.182854 -0.236143 -0.125594
v -0.207111 -0.260030 -0.120023
v -0.192641 -0.259074 -0.134241
v -0.177504 -0.260240 -0.144140
v -0.201587 -0.279778 -0.141464
v -0.188215 -0.280901 -0.151080
v -0.175210 -0.284966 -0.155841
v -0.162330 -0.264269 -0.149281
v -0.162617 -0.291782 -0.155878
v -0.147809 -0.271056 -0.149831
v -0.150899 -0.300367 -0.151683
v -0.134792 -0.280204 -0.145775
v -0.140841 -0.309909 -0.143382
v -0.124012 -0.290552 -0.137651
v -0.133134 -0.319215 -0.131719
v -0.116108 -0.301054 -0.125624
v -0.098090 -0.282074 -0.117920
v -0.111438 -0.310476 -0.110501
v -0.093376 -0.293002 -0.102629
v -0.110265 -0.318033 -0.092567
v -0.128521 -0.327539 -0.116924
v -0.127446 -0.333899 -0.099791
v -0.130123 -0.337873 -0.080460
v -0.143255 -0.348099 -0.105304
v -0.146337 -0.351234 -0.087508
v -0.168327 -0.362076 -0.075144
v -0.181896 -0.368692 -0.082411
v -0.192822 -0.366966 -0.062703
v -0.193847 -0.370933 -0.090212
v -0.205821 -0.370304 -0.070359
v -0.217656 -0.366894 -0.049426
v -0.217408 -0.369718 -0.077692
v -0.229261 -0.367451 -0.056111
v -0.227588 -0.365704 -0.084236
v -0.239014 -0.364429 -0.061932
v -0.235869 -0.358464 -0.089516
v -0.246768 -0.358230 -0.066594
v -0.241927 -0.348534 -0.093102
v -0.252006 -0.349094 -0.069725
v -0.245197 -0.336072 -0.094718
v -0.254577 -0.337382 -0.071176
v -0.245510 -0.321428 -0.094270
v -0.254246 -0.323294 -0.070806
v -0.242876 -0.304623 -0.091786
v -0.251254 -0.307086 -0.068710
v -0.237792 -0.285964 -0.087478
v -0.246065 -0.288977 -0.064978
v -0.231127 -0.265682 -0.081682
v -0.239460 -0.269286 -0.059973
v -0.223863 -0.244248 -0.074950
v -0.232481 -0.248400 -0.054070
v -0.217244 -0.222128 -0.067937
v -0.226147 -0.226742 -0.047888
v -0.221618 -0.204864 -0.042020
v -0.227336 -0.209434 -0.022276
v -0.225739 -0.187640 -0.017699
v -0.212431 -0.240483 -0.094563
v -0.220133 -0.262477 -0.102133
v -0.227184 -0.283110 -0.108655
v -0.214830 -0.280877 -0.127040
v -0.232381 -0.302030 -0.113495
v -0.220550 -0.299437 -0.132177
v -0.234842 -0.318787 -0.116286
v -0.223117 -0.315563 -0.135032
v -0.234039 -0.333496 -0.116840
v -0.221758 -0.329249 -0.135665
v -0.230057 -0.346029 -0.115100
v -0.217092 -0.341347 -0.133798
v -0.203580 -0.333932 -0.147747
v -0.209920 -0.351651 -0.129524
v -0.195774 -0.343868 -0.143142
v -0.181195 -0.332644 -0.151308
v -0.190119 -0.323608 -0.155908
v -0.166329 -0.318119 -0.153829
v -0.176622 -0.309434 -0.158378
v -0.172292 -0.341486 -0.143606
v -0.156876 -0.327079 -0.145844
v -0.164433 -0.349088 -0.133584
v -0.149291 -0.335606 -0.134652
v -0.144433 -0.342713 -0.121103
v -0.187039 -0.352439 -0.136147
v -0.178576 -0.359302 -0.127238
v -0.191846 -0.365922 -0.115168
v -0.201267 -0.360097 -0.123049
v -0.214826 -0.364347 -0.105277
v -0.204855 -0.369404 -0.098040
v -0.223475 -0.356485 -0.111120
v 0.148848 -0.350060 -0.161511
v 0.131345 -0.343991 -0.135464
v 0.143694 -0.360673 -0.144166
v 0.155145 -0.375280 -0.151278
v 0.140213 -0.370391 -0.123484
v 0.151946 -0.384098 -0.130354
v 0.127988 -0.354715 -0.115369
v 0.114818 -0.337580 -0.106157
v 0.099527 -0.330397 -0.075763
v 0.423223 -0.047659 0.006460
v 0.412969 -0.053554 0.016070
v 0.230509 0.310417 -0.130006
v 0.236306 0.294376 -0.106193
v 0.240989 0.312586 -0.110646
v 0.243002 0.328537 -0.113244
v 0.232539 0.325929 -0.132527
v 0.250126 0.314497 -0.088713
v 0.251964 0.330755 -0.091327
v 0.256872 0.316413 -0.066001
v 0.245500 0.296694 -0.084517
v 0.252447 0.298894 -0.062038
v 0.239170 0.277071 -0.078947
v 0.246134 0.280019 -0.056936
v 0.250314 0.282952 -0.035568
v 0.239162 0.259655 -0.051009
v 0.243256 0.263275 -0.030065
v 0.244180 0.266976 -0.010846
v 0.236642 0.242262 -0.024199
v 0.237261 0.246225 -0.005075
v 0.234243 0.250347 0.011594
v 0.241674 0.271214 0.005474
v 0.227266 0.255084 0.024827
v 0.236011 0.276109 0.017863
v 0.228276 0.227831 0.017824
v 0.220292 0.231661 0.032106
v 0.224980 0.204069 0.023620
v 0.216133 0.206567 0.039060
v 0.215592 0.180491 0.044929
v 0.231910 0.224171 0.000682
# 2072 vertices

vn -0.432748 -0.841489 -0.323459
vn -0.564629 -0.811191 -0.152197
vn -0.393699 -0.917866 -0.050233
vn -0.264837 -0.919174 -0.291514
vn -0.451366 -0.720375 -0.526621
vn -0.678663 -0.643798 -0.353470
vn -0.188736 -0.806298 -0.560591
vn -0.479316 0.105988 -0.871219
vn -0.276905 -0.130613 -0.951979
vn -0.091552 0.104171 -0.990337
vn -0.408880 0.306872 -0.859446
vn -0.685311 0.091832 -0.722438
vn -0.554566 -0.244315 -0.795466
vn -0.660272 0.352818 -0.662993
vn 0.393860 -0.899642 -0.188466
vn 0.264802 -0.880649 -0.392858
vn 0.084212 -0.974909 -0.206059
vn 0.306592 -0.951768 -0.011792
vn 0.500456 -0.862190 0.078559
vn 0.562054 -0.809538 -0.169539
vn 0.502304 -0.738586 -0.449646
vn -0.067365 -0.190603 -0.979353
vn 0.064228 -0.330535 -0.941606
vn -0.054276 -0.483518 -0.873650
vn -0.213254 -0.327063 -0.920626
vn -0.360290 -0.135874 -0.922892
vn -0.212184 -0.065076 -0.975060
vn -0.103990 -0.012581 -0.994499
vn -0.047916 -0.070739 -0.996343
vn 0.053574 -0.124200 -0.990810
vn 0.142923 -0.176543 -0.973861
vn 0.004819 -0.075038 -0.997169
vn 0.048910 0.073333 -0.996107
vn 0.129604 0.157362 -0.978999
vn 0.309040 -0.014920 -0.950932
vn 0.197448 -0.073804 -0.977531
vn 0.069794 -0.121679 -0.990113
vn 0.023745 -0.007234 -0.999692
vn -0.108629 0.177730 -0.978065
vn -0.080187 0.278450 -0.957098
vn -0.036162 0.048712 -0.998158
vn -0.125566 0.072093 -0.989462
vn -0.007859 0.020311 -0.999763
vn -0.191386 0.509229 -0.839081
vn -0.285409 0.245588 -0.926406
vn 0.010592 0.205807 -0.978535
vn 0.009352 0.540940 -0.841009
vn -0.304136 0.657274 -0.689560
vn -0.513804 0.403091 -0.757313
vn -0.084253 0.753627 -0.651881
vn -0.951874 -0.056167 -0.301300
vn -0.979187 0.082680 -0.185357
vn -0.993063 -0.070858 -0.093835
vn -0.941317 -0.198363 -0.273084
vn -0.841329 -0.269251 -0.468689
vn -0.894527 -0.059135 -0.443085
vn -0.930637 0.162237 -0.328015
vn -0.443986 0.042903 -0.895006
vn -0.341830 0.324524 -0.881951
vn -0.128217 0.254798 -0.958456
vn -0.183406 0.088034 -0.979087
vn -0.698689 0.138252 -0.701941
vn -0.552679 0.393114 -0.734852
vn -0.608494 -0.185412 -0.771594
vn -0.797836 -0.094274 -0.595458
vn -0.160498 -0.041379 -0.986169
vn -0.286165 -0.135689 -0.948524
vn -0.395843 -0.268680 -0.878134
vn 0.053966 0.078897 -0.995421
vn 0.084796 -0.011131 -0.996336
vn 0.044793 -0.012916 -0.998913
vn 0.027878 0.000153 -0.999611
vn 0.205618 0.100909 -0.973416
vn 0.156260 -0.028518 -0.987304
vn -0.085704 0.021560 -0.996087
vn -0.201155 0.224547 -0.953475
vn 0.025284 0.273056 -0.961666
vn 0.236318 0.277999 -0.931059
vn -0.928523 0.309740 -0.204709
vn -0.874967 0.124922 -0.467789
vn -0.885962 0.294286 -0.358424
vn -0.836435 0.472882 -0.277055
vn -0.832999 0.526363 -0.170456
vn -0.802707 0.592983 -0.063503
vn -0.922360 0.380014 -0.069585
vn -0.981400 0.170879 -0.087487
vn -0.976269 0.215620 0.020169
vn -0.897999 0.434267 0.070775
vn -0.930277 0.323674 0.172684
vn -0.792550 0.598120 0.118811
vn -0.822695 0.491742 0.285243
vn 0.114877 0.204239 -0.972157
vn -0.279481 0.133826 -0.950779
vn -0.176127 -0.163847 -0.970636
vn 0.274181 0.015274 -0.961557
vn 0.306315 0.459194 -0.833853
vn -0.161402 0.492199 -0.855389
vn 0.568700 0.281558 -0.772855
vn -0.545063 0.731686 -0.409319
vn -0.704624 0.510673 -0.492664
vn -0.360898 0.640749 -0.677638
vn -0.194088 0.854039 -0.482647
vn -0.197396 0.944960 -0.260934
vn -0.606378 0.758461 -0.238836
vn -0.776385 -0.610658 0.155960
vn -0.364764 -0.770072 0.523390
vn -0.266153 -0.926012 0.267702
vn -0.742183 -0.670042 -0.014428
vn -0.981962 -0.147242 -0.118623
vn -0.978642 -0.108035 0.174894
vn -0.704924 -0.311064 0.637433
vn -0.920932 0.267030 0.283864
vn -0.553177 -0.089320 0.828262
vn -0.027787 -0.624292 0.780697
vn -0.098996 -0.401166 0.910640
vn -0.308462 -0.280481 0.908945
vn -0.381463 -0.302420 0.873515
vn -0.205072 -0.351462 0.913466
vn -0.025472 -0.406200 0.913429
vn -0.253663 -0.256750 0.932596
vn -0.119825 -0.338659 0.933248
vn -0.086415 -0.440476 0.893596
vn -0.006016 -0.573248 0.819360
vn 0.054684 -0.549381 0.833780
vn 0.126354 -0.547646 0.827115
vn -0.264300 -0.245169 0.932758
vn -0.379392 -0.260735 0.887738
vn -0.416888 -0.181698 0.890612
vn -0.265678 -0.171441 0.948695
vn -0.176878 -0.293489 0.939456
vn -0.292106 -0.325014 0.899466
vn -0.138459 -0.205385 0.968837
vn -0.089760 -0.236385 0.967505
vn -0.090842 -0.340489 0.935850
vn -0.085513 -0.456445 0.885633
vn -0.065159 -0.239084 0.968810
vn -0.959912 0.036813 0.277873
vn -0.793198 -0.265715 0.547935
vn -0.827122 -0.425610 0.367048
vn -0.994087 -0.012921 0.107818
vn -0.848472 0.520229 -0.097252
vn -0.856417 0.490288 0.161767
vn -0.743019 0.224468 0.630505
vn -0.130107 0.635532 0.761033
vn -0.200832 0.197054 0.959602
vn -0.317727 0.084829 0.944380
vn -0.197014 0.693778 0.692718
vn -0.141442 0.949011 0.281730
vn -0.150382 0.821046 0.550698
vn -0.182855 0.340607 0.922253
vn -0.413578 -0.090982 0.905912
vn -0.486832 -0.317188 0.813871
vn -0.428936 -0.393447 0.813150
vn -0.364033 -0.187431 0.912332
vn -0.325266 0.081812 0.942077
vn -0.372873 0.135275 0.917969
vn -0.481284 -0.125838 0.867485
vn -0.558739 -0.282430 0.779772
vn -0.404849 0.049150 0.913061
vn -0.409612 -0.036003 0.911549
vn -0.422048 0.191379 0.886143
vn -0.252390 0.080952 0.964233
vn -0.226147 0.017023 0.973944
vn -0.348668 0.029391 0.936785
vn -0.342557 0.116522 0.932243
vn -0.293121 0.196398 0.935686
vn -0.185779 0.126364 0.974432
vn -0.111808 0.042636 0.992815
vn -0.355896 0.352755 0.865391
vn -0.554525 0.311927 0.771494
vn -0.576403 0.291014 0.763591
vn -0.411367 0.343033 0.844456
vn -0.401990 0.354508 0.844232
vn -0.560382 0.347466 0.751824
vn -0.234973 0.418605 0.877244
vn -0.182633 0.415460 0.891088
vn -0.219314 0.370818 0.902439
vn -0.273443 0.341782 0.899118
vn -0.115599 0.431232 0.894805
vn -0.017216 0.009759 0.999804
vn -0.086305 -0.009909 0.996219
vn -0.061347 0.080458 0.994868
vn -0.017598 -0.063292 0.997840
vn -0.076678 -0.061903 0.995132
vn -0.039818 0.132583 0.990372
vn 0.005111 0.080222 0.996764
vn 0.046633 0.051522 0.997583
vn 0.035707 -0.015355 0.999244
vn 0.404606 0.836961 0.368497
vn 0.475560 0.770062 0.425260
vn 0.169820 0.734828 0.656649
vn 0.148805 0.852750 0.500674
vn 0.262275 0.929244 0.260226
vn 0.512617 0.841168 0.172222
vn -0.190821 -0.394770 -0.898746
vn -0.358383 -0.178205 -0.916409
vn -0.634216 -0.417258 -0.650896
vn -0.366418 -0.626240 -0.688158
vn 0.094004 -0.686838 -0.720706
vn 0.257354 -0.322736 -0.910830
vn 0.175771 0.010318 -0.984377
vn 0.588784 -0.695315 -0.412154
vn 0.289809 -0.827305 -0.481225
vn 0.257790 -0.928558 -0.267068
vn 0.620529 -0.741441 -0.255360
vn 0.833894 -0.460942 -0.303568
vn 0.744551 -0.450007 -0.493091
vn 0.481420 -0.561412 -0.673091
vn 0.922811 -0.167033 -0.347161
vn 0.884635 0.037793 -0.464750
vn 0.820669 0.094007 -0.563617
vn 0.878885 -0.070686 -0.471769
vn 0.889793 -0.242756 -0.386444
vn 0.896374 -0.344081 -0.279503
vn 0.869576 -0.465919 -0.163574
vn 0.934978 -0.304041 -0.182688
vn 0.976135 -0.201824 -0.080172
vn 0.961723 -0.133354 -0.239384
vn 0.933589 0.031057 -0.356998
vn 0.922824 -0.384279 -0.026930
vn 0.852257 -0.522526 0.024997
vn 0.864990 -0.458769 0.203282
vn 0.946776 -0.308902 0.090528
vn -0.074140 -0.095722 -0.992643
vn -0.018964 -0.017325 -0.999670
vn -0.073659 0.017875 -0.997123
vn -0.032378 0.004510 -0.999466
vn -0.100800 -0.295286 -0.950077
vn -0.307275 -0.251603 -0.917757
vn -0.233501 -0.069139 -0.969895
vn 0.113944 -0.302475 -0.946322
vn -0.140916 0.066768 -0.987768
vn 0.363921 -0.109463 -0.924975
vn 0.219218 0.078948 -0.972476
vn 0.305175 0.217590 -0.927105
vn 0.515512 0.128668 -0.847167
vn 0.139549 -0.134925 -0.980980
vn 0.120082 -0.009268 -0.992721
vn 0.710376 0.022250 -0.703471
vn 0.597651 -0.232606 -0.767273
vn 0.270592 -0.388070 -0.881012
vn 0.091029 -0.295236 -0.951078
vn 0.447858 -0.484360 -0.751544
vn 0.976491 0.057702 -0.207691
vn 0.996113 -0.041342 -0.077776
vn 0.996246 0.084997 0.016389
vn 0.966271 0.183689 -0.180498
vn 0.896847 0.219420 -0.384084
vn 0.206758 -0.479980 -0.852566
vn -0.003481 -0.525169 -0.850991
vn 0.082963 -0.747903 -0.658603
vn 0.319549 -0.634319 -0.703938
vn 0.537742 -0.355367 -0.764557
vn 0.306036 -0.197634 -0.931280
vn 0.005023 -0.169892 -0.985450
vn 0.008025 -0.013790 -0.999873
vn 0.048123 -0.036787 -0.998164
vn 0.009419 -0.108608 -0.994040
vn -0.051118 -0.188556 -0.980731
vn -0.228857 -0.037627 -0.972733
vn -0.375925 0.161778 -0.912419
vn 0.038532 0.264474 -0.963623
vn 0.026446 0.108393 -0.993756
vn -0.038838 0.086789 -0.995469
vn -0.096498 0.152407 -0.983595
vn 0.204947 0.149417 -0.967301
vn 0.101328 0.059185 -0.993091
vn -0.180496 0.216037 -0.959557
vn -0.089619 0.407219 -0.908923
vn 0.036919 0.584300 -0.810697
vn 0.186833 0.445311 -0.875666
vn 0.347672 0.260639 -0.900662
vn -0.497292 0.808800 -0.313916
vn -0.648218 0.715479 -0.260582
vn -0.589540 0.608846 -0.530800
vn -0.376706 0.764901 -0.522512
vn -0.186435 0.906000 -0.380008
vn -0.407082 0.899688 -0.157626
vn -0.588971 0.807855 -0.022001
vn 0.559561 -0.078956 -0.825019
vn 0.375885 0.155465 -0.913532
vn 0.195922 -0.091811 -0.976312
vn 0.488564 -0.289244 -0.823190
vn 0.712932 -0.331144 -0.618119
vn 0.741430 -0.062255 -0.668136
vn 0.621373 0.270835 -0.735217
vn -0.122669 0.935671 0.330866
vn -0.204580 0.956987 0.205725
vn 0.042004 0.997619 0.054706
vn 0.066399 0.959872 0.272464
vn -0.209495 0.856603 0.471532
vn -0.356668 0.863138 0.357464
vn -0.022312 0.871583 0.489739
vn 0.433450 0.848954 -0.302322
vn 0.453147 0.737288 -0.501064
vn 0.668470 0.658814 -0.345127
vn 0.556802 0.817947 -0.144684
vn 0.277991 0.922978 -0.266145
vn 0.207464 0.823843 -0.527485
vn 0.395574 0.917656 -0.037800
vn 0.091662 -0.509725 0.855441
vn -0.374429 -0.587066 0.717744
vn -0.323335 -0.601985 0.730115
vn 0.007327 -0.492971 0.870015
vn 0.268084 -0.391951 0.880060
vn 0.349509 -0.431467 0.831673
vn -0.038903 -0.592604 0.804554
vn -0.402590 -0.644597 0.649935
vn 0.445232 -0.513161 0.733781
vn 0.350061 -0.573310 0.740793
vn 0.113179 -0.703954 0.701170
vn -0.526189 -0.816329 0.238187
vn -0.627615 -0.716593 0.304293
vn -0.309409 -0.774611 0.551583
vn -0.230891 -0.896907 0.377157
vn 0.083203 -0.086229 0.992795
vn 0.029077 -0.072935 0.996913
vn 0.092499 -0.027044 0.995345
vn 0.044797 -0.158691 0.986311
vn 0.007516 -0.145298 0.989359
vn 0.117293 -0.143400 0.982690
vn 0.086518 -0.198081 0.976360
vn 0.169871 -0.016036 0.985336
vn 0.160955 -0.051721 0.985606
vn 0.170163 -0.099085 0.980422
vn 0.348188 -0.326138 0.878863
vn 0.169082 -0.377800 0.910318
vn 0.110800 -0.389107 0.914505
vn 0.208287 -0.334310 0.919159
vn 0.562073 -0.294819 0.772759
vn 0.584687 -0.253240 0.770721
vn 0.403983 -0.301884 0.863518
vn 0.212818 -0.372664 0.903233
vn 0.281400 -0.152841 0.947340
vn 0.226835 -0.188052 0.955606
vn 0.264723 -0.077620 0.961196
vn 0.338350 -0.119112 0.933451
vn 0.351265 -0.217256 0.910721
vn 0.321829 -0.276887 0.905406
vn 0.434061 0.216936 0.874374
vn 0.540818 0.411735 0.733478
vn 0.480551 0.486083 0.729927
vn 0.411554 0.324628 0.851610
vn 0.349105 0.163414 0.922725
vn 0.345055 0.082815 0.934922
vn 0.325817 0.018401 0.945254
vn 0.358903 0.076534 0.930232
vn 0.365047 -0.467349 0.805187
vn 0.275326 -0.379288 0.883367
vn 0.353849 0.074441 0.932335
vn 0.484839 -0.179600 0.855964
vn 0.338747 -0.776610 0.531157
vn 0.228139 -0.788051 0.571777
vn 0.517841 -0.619647 0.589813
vn 0.394361 0.330686 0.857395
vn 0.432264 0.467910 0.770849
vn 0.475878 0.522088 0.707789
vn 0.495781 0.417496 0.761511
vn 0.361870 0.247040 0.898900
vn 0.415602 0.401709 0.816030
vn 0.577504 0.334404 0.744757
vn 0.448956 0.276113 0.849824
vn 0.313805 0.081617 0.945973
vn 0.684039 0.536354 0.494383
vn 0.567771 0.547390 0.614817
vn 0.548509 0.669317 0.501151
vn 0.692155 0.614539 0.378501
vn 0.847336 0.461330 0.263051
vn 0.789322 0.411080 0.456053
vn 0.639670 0.411855 0.648997
vn 0.792184 -0.513527 0.329749
vn 0.827271 -0.551632 0.106423
vn 0.558437 -0.829503 0.008520
vn 0.601683 -0.739435 0.302014
vn 0.660988 -0.367459 0.654270
vn 0.823248 -0.148539 0.547904
vn 0.943463 -0.126237 0.306499
vn 0.141352 0.326605 0.934531
vn 0.111473 0.358387 0.926894
vn 0.100160 0.478794 0.872195
vn 0.101529 0.436820 0.893801
vn 0.117037 0.218018 0.968902
vn 0.093317 0.246181 0.964721
vn 0.190769 0.256997 0.947396
vn 0.187856 0.178943 0.965759
vn 0.237519 0.315336 0.918775
vn 0.290765 0.243751 0.925225
vn 0.167472 0.372114 0.912954
vn 0.310114 0.158424 0.937407
vn -0.003109 0.567038 0.823686
vn -0.103786 0.597859 0.794854
vn 0.018960 0.470300 0.882303
vn 0.091700 0.427317 0.899439
vn -0.130683 0.733843 0.666631
vn -0.212595 0.711884 0.669346
vn 0.047913 0.625731 0.778566
vn -0.041883 0.778989 0.625637
vn -0.537763 0.708181 0.457482
vn -0.515724 0.853530 0.074261
vn -0.234726 0.961865 0.140427
vn -0.320459 0.718525 0.617274
vn -0.470699 0.048542 0.880957
vn -0.260543 0.768022 0.585029
vn -0.260097 0.405847 0.876150
vn -0.208771 0.975534 0.068900
vn -0.208840 0.960847 0.182093
vn -0.273915 0.926756 0.257086
vn -0.322323 -0.016071 0.946493
vn -0.452747 0.256755 0.853872
vn -0.404092 0.161605 0.900330
vn 0.258187 -0.020742 0.965872
vn 0.401536 -0.314359 0.860202
vn 0.433821 -0.330229 0.838301
vn 0.323266 -0.086636 0.942334
vn 0.788028 0.264422 0.555961
vn 0.583882 0.542630 0.603849
vn 0.908965 0.300308 0.289132
vn 0.970932 0.025460 0.237999
vn 0.392155 0.448301 0.803269
vn 0.188955 0.653106 0.733313
vn 0.959457 -0.178967 0.217744
vn 0.862121 -0.039432 0.505167
vn -0.163562 0.693621 0.701525
vn -0.131909 0.782171 0.608940
vn -0.005387 0.825694 0.564093
vn -0.074547 0.734543 0.674454
vn -0.030830 0.622000 0.782410
vn -0.076588 0.571921 0.816725
vn -0.041918 0.522556 0.851574
vn -0.152846 0.638797 0.754040
vn -0.250625 0.721653 0.645293
vn -0.266316 0.742162 0.615038
vn -0.259013 0.783455 0.564899
vn 0.754367 0.580916 0.305722
vn 0.427843 0.755997 0.495397
vn 0.815180 0.571889 0.091786
vn 0.983991 0.178206 -0.001949
vn 0.461970 0.840851 0.282052
vn 0.587498 0.805461 0.077962
vn 0.843462 0.531475 -0.078141
vn 0.108482 0.783585 0.611740
vn 0.183852 0.872286 0.453117
vn 0.334877 0.907135 0.254878
vn 0.439339 0.897673 0.034115
vn 0.649781 0.752816 -0.105134
vn 0.138640 0.905871 0.400221
vn 0.251635 0.953073 0.168320
vn 0.260186 0.963906 -0.056462
vn 0.453441 0.875505 -0.166980
vn 0.394158 0.854886 -0.337356
vn 0.575084 0.704643 -0.415640
vn 0.641826 0.718929 -0.266834
vn 0.197879 0.953323 -0.228076
vn 0.106110 0.916789 -0.385019
vn 0.281972 0.819892 -0.498267
vn -0.033499 0.995961 -0.083308
vn -0.102295 0.970908 -0.216502
vn -0.028478 0.832886 -0.552712
vn -0.272098 0.958081 0.089682
vn -0.331963 0.943057 -0.021056
vn -0.428175 0.873283 0.232471
vn -0.500089 0.858453 0.113880
vn -0.488250 0.816015 0.309405
vn -0.578487 0.798828 0.165007
vn -0.667076 0.744984 -0.003005
vn -0.604180 0.778079 0.171930
vn -0.693044 0.720774 -0.013260
vn -0.747611 0.624222 -0.226769
vn -0.723843 0.651490 -0.227185
vn -0.741300 0.495728 -0.452470
vn -0.699764 0.533189 -0.475436
vn -0.670448 0.346565 -0.656043
vn -0.605005 0.410626 -0.682170
vn -0.462985 0.522299 -0.716135
vn -0.475392 0.276331 -0.835251
vn -0.330642 0.422170 -0.844067
vn -0.113837 0.598429 -0.793047
vn -0.240467 0.685741 -0.686975
vn 0.111504 0.741656 -0.661448
vn 0.021036 0.494934 -0.868676
vn 0.260322 0.633303 -0.728807
vn 0.451049 0.688986 -0.567321
vn 0.431588 0.489034 -0.758009
vn 0.625306 0.504173 -0.595652
vn 0.742716 0.488739 -0.457719
vn 0.778510 0.244181 -0.578185
vn 0.862863 0.215733 -0.457085
vn 0.914477 0.198988 -0.352330
vn 0.810143 0.481683 -0.334141
vn 0.948912 0.189857 -0.252034
vn 0.842481 0.495337 -0.211818
vn 0.972379 0.183267 -0.144541
vn 0.968223 -0.061939 -0.242299
vn 0.987733 -0.071677 -0.138728
vn 0.997717 -0.067513 0.001700
vn 0.966721 -0.229715 -0.112613
vn 0.974232 -0.224455 0.022184
vn 0.945002 -0.315845 -0.084929
vn 0.949614 -0.308411 0.055827
vn 0.925019 -0.283431 0.252997
vn 0.939862 -0.329204 0.091015
vn 0.906048 -0.291654 0.306620
vn 0.775051 -0.178026 0.606303
vn 0.817557 -0.194088 0.542153
vn 0.468132 0.082661 0.879784
vn 0.504677 0.095959 0.857958
vn 0.609388 0.164680 0.775582
vn 0.119484 0.377337 0.918336
vn 0.133675 0.431516 0.892146
vn 0.473040 0.099633 0.875390
vn 0.159586 0.342568 0.925840
vn 0.495372 0.121762 0.860105
vn 0.212561 0.313559 0.925472
vn 0.525553 0.151517 0.837160
vn 0.271551 0.297514 0.915284
vn 0.557010 0.180688 0.810612
vn 0.333213 0.280484 0.900165
vn 0.581425 0.202732 0.787937
vn 0.387758 0.256767 0.885276
vn 0.591198 0.213222 0.777831
vn 0.426372 0.219929 0.877404
vn 0.581047 0.213366 0.785404
vn 0.437363 0.172956 0.882496
vn 0.551909 0.208272 0.807477
vn 0.423489 0.133327 0.896036
vn 0.302625 0.097663 0.948093
vn 0.288481 0.050569 0.956149
vn 0.183230 0.032220 0.982542
vn 0.191140 0.096796 0.976778
vn 0.396402 0.102341 0.912355
vn 0.509383 0.204988 0.835768
vn 0.269770 0.015588 0.962798
vn 0.618029 0.353862 0.702013
vn 0.677851 0.320364 0.661729
vn 0.770234 0.448133 0.453780
vn 0.689288 0.514995 0.509570
vn 0.727281 0.279870 0.626686
vn 0.840659 0.359964 0.404621
vn 0.890000 0.431118 0.148453
vn 0.801359 0.560717 0.208376
vn 0.761706 0.226959 0.606872
vn 0.893280 0.252644 0.371782
vn 0.954875 0.275017 0.112158
vn 0.950269 0.282864 -0.130300
vn 0.873679 0.476208 -0.099552
vn 0.923536 0.134248 0.359249
vn 0.988403 0.113422 0.100970
vn 0.987653 0.090188 -0.128094
vn 0.946122 0.058746 -0.318436
vn 0.901332 0.271910 -0.337143
vn 0.993623 -0.033703 0.107598
vn 0.991584 -0.074647 -0.105779
vn 0.953389 -0.115817 -0.278631
vn 0.891295 -0.161048 -0.423858
vn 0.878376 0.017649 -0.477644
vn 0.976610 -0.199956 -0.079057
vn 0.941127 -0.241329 -0.236726
vn 0.884281 -0.284482 -0.370294
vn 0.804910 -0.329420 -0.493560
vn 0.805832 -0.209321 -0.553913
vn 0.924613 -0.321271 -0.204638
vn 0.873675 -0.358892 -0.328463
vn 0.801389 -0.399222 -0.445418
vn 0.698855 -0.437871 -0.565571
vn 0.695318 -0.371533 -0.615220
vn 0.868916 -0.392222 -0.301904
vn 0.804304 -0.427873 -0.412336
vn 0.710032 -0.464238 -0.529469
vn 0.570141 -0.488652 -0.660423
vn 0.553116 -0.463387 -0.692341
vn 0.818398 -0.418819 -0.393466
vn 0.733152 -0.454823 -0.505593
vn 0.600040 -0.480980 -0.639226
vn 0.395329 -0.462658 -0.793512
vn 0.369165 -0.475893 -0.798275
vn 0.770912 -0.403618 -0.492734
vn 0.646747 -0.437330 -0.624869
vn 0.432892 -0.412126 -0.801722
vn 0.149541 -0.273547 -0.950163
vn 0.127088 -0.363310 -0.922960
vn -0.146307 -0.193551 -0.970120
vn -0.154123 -0.253426 -0.954998
vn 0.113954 -0.398270 -0.910162
vn -0.112261 -0.071685 -0.991090
vn -0.316340 0.118000 -0.941278
vn -0.374187 -0.001275 -0.927352
vn -0.022194 0.128627 -0.991445
vn -0.189468 0.296090 -0.936180
vn 0.177508 0.358972 -0.916313
vn -0.547001 0.181120 -0.817303
vn -0.566249 0.128040 -0.814229
vn -0.388205 -0.067544 -0.919095
vn -0.544883 0.109489 -0.831333
vn -0.368763 -0.091097 -0.925049
vn -0.141818 -0.267972 -0.952932
vn -0.316474 -0.078783 -0.945324
vn -0.107327 -0.244802 -0.963615
vn 0.120345 -0.351924 -0.928260
vn 0.111144 -0.393467 -0.912596
vn 0.348428 -0.400351 -0.847536
vn 0.354274 -0.455906 -0.816480
vn 0.544833 -0.400731 -0.736595
vn 0.346381 -0.302899 -0.887847
vn 0.537000 -0.292123 -0.791388
vn 0.690512 -0.256019 -0.676497
vn 0.514873 -0.132024 -0.847039
vn 0.667211 -0.084317 -0.740082
vn 0.786977 -0.031495 -0.616178
vn 0.603158 0.133501 -0.786370
vn 0.725691 0.195049 -0.659795
vn 0.824714 0.242245 -0.511042
vn 0.610879 0.434296 -0.661977
vn 0.720566 0.477615 -0.502662
vn 0.811198 0.491434 -0.316939
vn 0.583472 0.678269 -0.446667
vn 0.690010 0.677208 -0.255490
vn 0.768885 0.638391 -0.035676
vn 0.567055 0.806339 -0.168123
vn 0.656902 0.752582 0.045827
vn 0.702806 0.654282 0.279247
vn 0.556900 0.821097 0.125152
vn 0.606125 0.718728 0.340651
vn 0.600598 0.577249 0.553232
vn 0.528899 0.760051 0.377608
vn 0.527602 0.634650 0.564673
vn 0.484337 0.783327 0.389635
vn 0.489681 0.676030 0.550632
vn 0.462291 0.547243 0.697720
vn 0.478743 0.707397 0.519995
vn 0.461143 0.599268 0.654389
vn 0.499969 0.728901 0.467690
vn 0.484423 0.643863 0.592262
vn 0.567365 0.726886 0.386954
vn 0.498356 0.794372 0.347297
vn 0.570098 0.771182 0.283314
vn 0.689521 0.701266 0.181072
vn 0.694131 0.665701 0.273906
vn 0.825136 0.562931 0.047539
vn 0.840776 0.521357 0.145888
vn 0.927441 0.361799 -0.094628
vn 0.948704 0.315501 0.020476
vn 0.947388 0.273493 0.166303
vn 0.888405 0.267296 0.373216
vn 0.992498 0.065417 -0.103287
vn 0.998019 0.042953 0.045960
vn 0.966128 0.073837 0.247275
vn 0.865666 0.151189 0.477247
vn 0.746560 0.308072 0.589695
vn 0.965124 -0.247557 -0.085149
vn 0.972166 -0.218766 0.083869
vn 0.815339 -0.548598 -0.185102
vn 0.822445 -0.565229 -0.064034
vn 0.602822 -0.766281 -0.222306
vn 0.583635 -0.802320 -0.125110
vn 0.421968 -0.880789 -0.214833
vn 0.405250 -0.906546 -0.118096
vn 0.392607 -0.919573 0.015626
vn 0.427622 -0.868719 0.249934
vn 0.297539 -0.950001 -0.094704
vn 0.289834 -0.956346 0.037390
vn 0.297972 -0.925460 0.233960
vn 0.243258 -0.967316 0.071588
vn 0.233060 -0.933000 0.274214
vn 0.251457 -0.961667 0.109391
vn 0.245949 -0.909129 0.336146
vn 0.243279 -0.725099 0.644241
vn 0.264699 -0.329866 0.906158
vn 0.302267 -0.871237 0.386757
vn 0.294333 -0.669658 0.681855
vn 0.292520 -0.320149 0.901075
vn 0.315199 0.025496 0.948683
vn 0.353658 -0.621309 0.699215
vn 0.321144 -0.321448 0.890807
vn 0.314731 -0.036999 0.948460
vn 0.354846 -0.319184 0.878752
vn 0.417396 -0.571030 0.706898
vn 0.485816 -0.518230 0.703861
vn 0.471256 -0.760112 0.447379
vn 0.565708 -0.681431 0.464356
vn 0.646654 -0.593357 0.479340
vn 0.539781 -0.474086 0.695614
vn 0.702092 -0.502812 0.504228
vn 0.566373 -0.436202 0.699249
vn 0.432759 -0.352260 0.829839
vn 0.571948 -0.393016 0.720009
vn 0.416547 -0.350929 0.838652
vn 0.287535 -0.295674 0.910989
vn 0.255095 -0.312625 0.914982
vn 0.156136 -0.258999 0.953174
vn 0.184828 -0.221932 0.957384
vn 0.391399 -0.343576 0.853676
vn 0.563627 -0.350033 0.748198
vn 0.731228 -0.413186 0.542755
vn 0.739193 -0.331315 0.586365
vn 0.741199 -0.255001 0.620966
vn 0.879233 -0.285278 0.381530
vn 0.880880 -0.191852 0.432715
vn 0.876967 -0.129622 0.462739
vn 0.749607 -0.200997 0.630626
vn 0.875292 -0.106018 0.471831
vn 0.764547 -0.187120 0.616810
vn 0.622718 -0.254902 0.739762
vn 0.459068 -0.317401 0.829767
vn 0.781768 -0.208976 0.587510
vn 0.661270 -0.288136 0.692603
vn 0.519653 -0.360074 0.774795
vn 0.694294 -0.357144 0.624823
vn 0.576996 -0.438345 0.689151
vn 0.709706 -0.461481 0.532308
vn 0.605058 -0.555665 0.570211
vn 0.491840 -0.645492 0.584323
vn 0.450842 -0.791716 0.412223
vn 0.275935 -0.890603 0.361505
vn 0.370143 -0.737962 0.564275
vn 0.584458 -0.690319 0.426460
vn 0.522595 -0.808882 0.269451
vn 0.346167 -0.907597 0.237562
vn 0.696917 -0.585798 0.413699
vn 0.659686 -0.701068 0.270774
vn 0.622171 -0.774368 0.115141
vn 0.446782 -0.887188 0.115249
vn 0.795678 -0.473545 0.377692
vn 0.770238 -0.587363 0.248470
vn 0.751120 -0.655177 0.081005
vn 0.768626 -0.634530 -0.081151
vn 0.609494 -0.792334 -0.026910
vn 0.619040 -0.772732 -0.140267
vn 0.322149 -0.936628 -0.137654
vn 0.380235 -0.924657 -0.020776
vn 0.810413 -0.552112 -0.195966
vn -0.009030 -0.984362 -0.175925
vn 0.099582 -0.993459 -0.055881
vn 0.219652 -0.972387 0.078849
vn -0.194321 -0.974520 -0.112031
vn -0.051538 -0.998580 0.013470
vn 0.113784 -0.978768 0.170488
vn -0.328374 -0.942605 -0.060548
vn -0.170759 -0.982400 0.075706
vn 0.013902 -0.963808 0.266236
vn -0.451892 -0.891978 -0.013029
vn -0.310510 -0.939895 0.142057
vn 0.137264 -0.854547 0.500908
vn -0.657900 -0.751248 -0.052856
vn -0.602092 -0.795796 0.064755
vn -0.761633 -0.646540 -0.043601
vn -0.745470 -0.661860 0.078839
vn -0.793906 -0.607785 -0.017620
vn -0.767946 -0.626576 0.132892
vn -0.667725 -0.647616 0.367065
vn -0.753396 -0.633166 0.177469
vn -0.642225 -0.636198 0.427549
vn -0.714861 -0.667633 0.207944
vn -0.588000 -0.662028 0.464731
vn -0.658443 -0.717804 0.226297
vn -0.529926 -0.695261 0.485583
vn -0.298639 -0.609240 0.734603
vn -0.460225 -0.734408 0.498837
vn -0.261526 -0.626089 0.734586
vn -0.031774 -0.487716 0.872424
vn -0.021979 -0.481849 0.875979
vn -0.221783 -0.644421 0.731802
vn -0.044418 -0.500323 0.864699
vn -0.183754 -0.654698 0.733216
vn -0.062265 -0.503255 0.861892
vn 0.044322 -0.384088 0.922232
vn -0.073566 -0.496282 0.865039
vn -0.004371 -0.367832 0.929882
vn 0.049558 -0.272033 0.961011
vn 0.116036 -0.308272 0.944195
vn -0.037876 -0.352037 0.935219
vn 0.005880 -0.245922 0.969272
vn -0.064801 -0.343386 0.936956
vn -0.029769 -0.237283 0.970984
vn -0.034300 -0.143115 0.989111
vn -0.078304 -0.138902 0.987206
vn -0.153959 -0.119296 0.980849
vn -0.174587 -0.057316 0.982972
vn -0.278804 -0.103904 0.954710
vn -0.298074 -0.054243 0.953000
vn -0.198460 -0.019271 0.979920
vn -0.415964 -0.125367 0.900698
vn -0.413001 -0.080057 0.907205
vn -0.537761 -0.190860 0.821210
vn -0.514106 -0.158752 0.842908
vn -0.648940 -0.291205 0.702906
vn -0.608120 -0.287321 0.740024
vn -0.738530 -0.410684 0.534707
vn -0.679085 -0.439631 0.587851
vn -0.615138 -0.461926 0.638929
vn -0.706581 -0.588655 0.392718
vn -0.631221 -0.626644 0.457031
vn -0.562112 -0.657449 0.501787
vn -0.544151 -0.499572 0.674038
vn -0.514081 -0.684590 0.516776
vn -0.490012 -0.552442 0.674311
vn -0.501002 -0.704165 0.503139
vn -0.475302 -0.599888 0.643601
vn -0.419037 -0.469450 0.777190
vn -0.349705 -0.283241 0.893018
vn -0.495072 -0.635695 0.592280
vn -0.437538 -0.538351 0.720235
vn -0.359947 -0.386048 0.849356
vn -0.269246 -0.112290 0.956503
vn -0.290385 0.004880 0.956897
vn -0.491807 -0.588270 0.641922
vn -0.410042 -0.479635 0.775768
vn -0.308804 -0.253260 0.916788
vn -0.504130 -0.538291 0.675348
vn -0.413033 -0.360948 0.836134
vn -0.640267 -0.539907 0.546406
vn -0.559549 -0.397629 0.727183
vn -0.586865 -0.602247 0.541191
vn -0.720765 -0.558912 0.410018
vn -0.886244 -0.400758 0.232305
vn -0.776726 -0.556371 0.295209
vn -0.917520 -0.377164 0.126111
vn -0.996381 -0.050930 -0.068044
vn -0.999387 -0.034148 0.007717
vn -0.910006 0.353042 -0.217370
vn -0.886651 0.431713 -0.165755
vn -0.694824 0.668050 -0.266327
vn -0.629565 0.749686 -0.204006
vn -0.549035 0.826814 -0.122223
vn -0.413059 0.896844 -0.158282
vn -0.317476 0.946937 -0.050185
vn -0.292079 0.952646 -0.084591
vn -0.485939 0.839748 -0.242251
vn -0.349147 0.916895 -0.193391
vn -0.286268 0.946422 -0.149451
vn -0.258739 0.965839 -0.014496
vn -0.279351 0.952214 -0.123497
vn -0.283851 0.958275 0.033719
vn -0.312592 0.942572 -0.117664
vn -0.341164 0.938230 0.057717
vn -0.352751 0.886937 0.298179
vn -0.345384 0.721422 0.600217
vn -0.425204 0.902927 0.062648
vn -0.447105 0.837832 0.313264
vn -0.436064 0.672507 0.597982
vn -0.549708 0.775515 0.310480
vn -0.525944 0.623016 0.578994
vn -0.470957 0.405893 0.783230
vn -0.398597 0.408033 0.821358
vn -0.324823 0.414028 0.850336
vn -0.602904 0.573532 0.554588
vn -0.525046 0.410853 0.745336
vn -0.662685 0.517494 0.541339
vn -0.559050 0.409638 0.720874
vn -0.460853 0.307676 0.832436
vn -0.575171 0.394202 0.716787
vn -0.452771 0.334217 0.826618
vn -0.346184 0.283134 0.894423
vn -0.380341 0.238789 0.893488
vn -0.242128 0.232712 0.941923
vn -0.311938 0.313136 0.897017
vn -0.205046 0.266470 0.941780
vn -0.110912 0.203076 0.972861
vn -0.138052 0.162116 0.977067
vn -0.169229 0.309313 0.935781
vn -0.082224 0.261326 0.961742
vn -0.015831 0.209142 0.977757
vn -0.041822 0.332862 0.942048
vn 0.017284 0.299325 0.953995
vn 0.059726 0.269606 0.961117
vn 0.029581 0.167630 0.985406
vn 0.067809 0.140405 0.987769
vn 0.113644 0.117162 0.986589
vn 0.102817 0.035095 0.994081
vn 0.057830 0.405587 0.912225
vn 0.087608 0.382504 0.919791
vn 0.096295 0.534739 0.839513
vn 0.098881 0.510960 0.853898
vn 0.120430 0.686841 0.716761
vn 0.081956 0.662166 0.744862
vn 0.120777 0.839526 0.529725
vn 0.033116 0.817234 0.575353
vn 0.095889 0.952302 0.289699
vn -0.041091 0.935173 0.351800
vn -0.156578 0.893912 0.420006
vn -0.125532 0.986851 0.101817
vn -0.274101 0.943940 0.183971
vn -0.383827 0.886495 0.258464
vn -0.256725 0.840703 0.476772
vn -0.454005 0.835548 0.309416
vn -0.331398 0.798527 0.502523
vn -0.489450 0.805127 0.334978
vn -0.369338 0.781109 0.503447
vn -0.501155 0.796692 0.337825
vn -0.387629 0.781419 0.489008
vn -0.389253 0.805387 0.447029
vn -0.599019 0.786417 0.150748
vn -0.565795 0.817792 0.105325
vn -0.653981 0.749766 -0.100796
vn -0.688154 0.724139 -0.045466
vn -0.706435 0.638049 -0.306337
vn -0.741927 0.620588 -0.253801
vn -0.711023 0.488585 -0.505699
vn -0.743565 0.481154 -0.464329
vn -0.658847 0.308158 -0.686264
vn -0.684976 0.314079 -0.657390
vn -0.636375 0.517887 -0.571681
vn -0.589186 0.328641 -0.738143
vn -0.483567 0.123056 -0.866614
vn -0.463950 0.371529 -0.804187
vn -0.503337 0.566545 -0.652440
vn -0.295337 0.620817 -0.726198
vn -0.264369 0.427927 -0.864284
vn -0.028441 0.649423 -0.759896
vn -0.007468 0.467243 -0.884097
vn 0.237519 0.632386 -0.737342
vn 0.241480 0.464089 -0.852237
vn 0.451047 0.582242 -0.676425
vn 0.440323 0.427675 -0.789436
vn 0.404732 0.254018 -0.878446
vn 0.582449 0.381994 -0.717520
vn 0.532476 0.216455 -0.818301
vn 0.441056 0.042572 -0.896469
vn 0.336473 0.077860 -0.938469
vn 0.311148 -0.113900 -0.943511
vn 0.241535 -0.067850 -0.968017
vn 0.152098 -0.230071 -0.961215
vn 0.126259 -0.164003 -0.978346
vn 0.091685 -0.102948 -0.990452
vn -0.008018 -0.211261 -0.977397
vn 0.005495 -0.133224 -0.991071
vn 0.012732 -0.078620 -0.996823
vn 0.057908 -0.060284 -0.996500
vn 0.013651 -0.049191 -0.998696
vn 0.033138 -0.038052 -0.998726
vn 0.008675 -0.035701 -0.999325
vn 0.016530 -0.026240 -0.999519
vn 0.021998 -0.012872 -0.999675
vn 0.019268 -0.002893 -0.999810
vn 0.003498 -0.016265 -0.999862
vn 0.007557 -0.006575 -0.999950
vn 0.008336 0.003121 -0.999960
vn 0.009641 0.015980 -0.999826
vn 0.020890 0.001312 -0.999781
vn -0.003055 0.000683 -0.999995
vn -0.002575 0.008133 -0.999964
vn -0.006240 0.018965 -0.999801
vn -0.016618 0.040537 -0.999040
vn 0.016568 0.043538 -0.998914
vn -0.009146 0.010054 -0.999908
vn -0.013247 0.011929 -0.999841
vn -0.030010 0.013354 -0.999460
vn -0.067569 0.019343 -0.997527
vn -0.005328 0.005664 -0.999970
vn -0.013676 -0.017379 -0.999755
vn -0.048946 -0.054142 -0.997333
vn -0.112474 -0.098148 -0.988796
vn -0.133996 0.029799 -0.990534
vn 0.035045 -0.031406 -0.998892
vn 0.018196 -0.112132 -0.993527
vn -0.037775 -0.211787 -0.976586
vn -0.108282 -0.307756 -0.945284
vn -0.186334 -0.143035 -0.972019
vn 0.013819 -0.443077 -0.896377
vn 0.166418 -0.559942 -0.811647
vn 0.075090 -0.675399 -0.733620
vn -0.055659 -0.551304 -0.832446
vn -0.168730 -0.387205 -0.906423
vn -0.099565 -0.625646 -0.773727
vn -0.205753 -0.447777 -0.870150
vn -0.280292 -0.216237 -0.935242
vn -0.246548 -0.183699 -0.951561
vn -0.306125 0.043307 -0.951006
vn -0.274792 0.041568 -0.960605
vn -0.213204 0.038124 -0.976264
vn -0.247526 0.264824 -0.931987
vn -0.279384 0.296730 -0.913179
vn -0.207901 0.523930 -0.825999
vn -0.168602 0.479372 -0.861264
vn -0.104271 0.709742 -0.696702
vn -0.055078 0.662858 -0.746716
vn 0.018888 0.842614 -0.538187
vn 0.075129 0.793389 -0.604061
vn 0.175973 0.708394 -0.683529
vn 0.213153 0.871717 -0.441221
vn 0.317033 0.785944 -0.530832
vn 0.460304 0.641230 -0.613959
vn 0.325642 0.563446 -0.759267
vn 0.485405 0.360779 -0.796380
vn 0.456663 0.064810 -0.887276
vn 0.293873 0.001024 -0.955844
vn 0.335477 -0.162051 -0.928006
vn 0.155746 -0.158493 -0.974999
vn 0.149313 -0.037938 -0.988062
vn 0.138997 -0.272583 -0.952039
vn 0.047868 0.013635 -0.998761
vn 0.450069 0.817641 -0.359028
vn 0.347341 0.899550 -0.264884
vn 0.465920 0.881483 -0.076854
vn 0.281877 0.942114 -0.181567
vn 0.396367 0.918092 0.001088
vn 0.482480 0.855730 0.186921
vn 0.360966 0.930709 0.059026
vn 0.440653 0.868933 0.225345
vn 0.360901 0.927649 0.096007
vn 0.433893 0.868113 0.241075
vn 0.472653 0.794950 0.380333
vn 0.466733 0.853681 0.231062
vn 0.400843 0.909592 0.109399
vn 0.491364 0.866701 0.085965
vn 0.546609 0.816574 0.185539
vn 0.631396 0.775370 -0.011885
vn 0.670645 0.736425 0.088956
vn 0.757963 0.627062 -0.179682
vn 0.800546 0.596734 -0.055084
vn 0.821400 0.449634 -0.350901
vn 0.889339 0.405476 -0.211342
vn 0.836548 0.253811 -0.485559
vn 0.921114 0.178146 -0.346140
vn 0.967534 0.115301 -0.224910
vn 0.892425 -0.080000 -0.444046
vn 0.930522 -0.163319 -0.327805
vn 0.951176 -0.222099 -0.214329
vn 0.807302 -0.444719 -0.387929
vn 0.812028 -0.507463 -0.288257
vn 0.619917 -0.675064 -0.399990
vn 0.614541 -0.725015 -0.310954
vn 0.427320 -0.819112 -0.382692
vn 0.430208 -0.851493 -0.299803
vn 0.279918 -0.888513 -0.363580
vn 0.298890 -0.911841 -0.281445
vn 0.303343 -0.932710 -0.195026
vn 0.225301 -0.935924 -0.270712
vn 0.242943 -0.953512 -0.178309
vn 0.247641 -0.966318 -0.070028
vn 0.231931 -0.957558 -0.171147
vn 0.247761 -0.967527 -0.050059
vn 0.263472 -0.948440 -0.176194
vn 0.290126 -0.956191 -0.039057
vn 0.302436 -0.942654 0.141194
vn 0.368689 -0.928808 -0.037217
vn 0.385195 -0.908123 0.164129
vn 0.380415 -0.822671 0.422489
vn 0.491086 -0.852000 0.181467
vn 0.478192 -0.877343 -0.040017
vn 0.609396 -0.791928 -0.038552
vn 0.608514 -0.768123 0.199243
vn 0.743963 -0.667891 -0.020994
vn 0.719332 -0.657303 0.224752
vn 0.857453 -0.514112 0.021531
vn 0.805635 -0.529606 0.265462
vn 0.931081 -0.354215 0.087296
vn 0.858315 -0.400363 0.320945
vn 0.963128 -0.214081 0.162955
vn 0.949566 -0.282934 -0.135178
vn 0.991071 -0.124000 -0.049017
vn 0.999383 -0.008796 0.034018
vn 0.966732 -0.107759 0.231984
vn 0.992921 0.061667 0.101519
vn 0.958216 -0.040203 0.283207
vn 0.984505 0.092677 0.148863
vn 0.949254 -0.011487 0.314302
vn 0.980379 0.088671 0.176052
vn 0.945040 -0.018630 0.326424
vn 0.877829 -0.118890 0.463983
vn 0.946260 -0.059733 0.317843
vn 0.883275 -0.166760 0.438196
vn 0.797593 -0.266932 0.540918
vn 0.887280 -0.246464 0.389859
vn 0.804855 -0.358749 0.472766
vn 0.883251 -0.348794 0.313384
vn 0.950749 -0.131136 0.280855
vn 0.953847 -0.219760 0.204650
vn 0.987823 -0.022682 0.153919
vn 0.990742 -0.119979 0.063530
vn 0.982001 0.050762 0.181924
vn 0.986323 0.162880 0.025222
vn 0.980184 0.197862 0.009443
vn 0.938809 0.296196 -0.175801
vn 0.950546 0.262125 -0.166593
vn 0.855158 0.369162 -0.363901
vn 0.874737 0.320399 -0.363564
vn 0.735351 0.417286 -0.533977
vn 0.776218 0.348789 -0.525197
vn 0.826935 0.223466 -0.515987
vn 0.644962 0.376458 -0.665058
vn 0.730846 0.256861 -0.632366
vn 0.448055 0.396136 -0.801451
vn 0.562566 0.299727 -0.770508
vn 0.685059 0.164149 -0.709753
vn 0.280745 0.305456 -0.909879
vn 0.430047 0.201998 -0.879919
vn 0.569961 0.041123 -0.820642
vn 0.778229 0.003720 -0.627970
vn 0.617365 -0.224181 -0.754058
vn 0.809512 -0.192464 -0.554660
vn 0.005468 0.145757 -0.989305
vn -0.118516 0.216026 -0.969168
vn -0.497981 0.022688 -0.866891
vn -0.453026 -0.047565 -0.890228
vn -0.709741 -0.188934 -0.678654
vn -0.692482 -0.275799 -0.666636
vn -0.780149 -0.354809 -0.515247
vn -0.743023 -0.449087 -0.496223
vn -0.651765 -0.587714 -0.479369
vn -0.727056 -0.573980 -0.376743
vn -0.610717 -0.706517 -0.357572
vn -0.400293 -0.852371 -0.336496
vn -0.433911 -0.761328 -0.481768
vn -0.095588 -0.946574 -0.307995
vn -0.088464 -0.863987 -0.495682
vn -0.311773 -0.923810 -0.222200
vn -0.541076 -0.800075 -0.259071
vn -0.448777 -0.878204 -0.165398
vn -0.685851 -0.670329 -0.283316
vn -0.628895 -0.751258 -0.200254
vn -0.554708 -0.824020 -0.115281
vn -0.736942 -0.640604 -0.215738
vn -0.700928 -0.699849 -0.137518
vn -0.793424 -0.567575 -0.219856
vn -0.776674 -0.615018 -0.136125
vn -0.816491 -0.532680 -0.222697
vn -0.805901 -0.578151 -0.127534
vn -0.816446 -0.529196 -0.231013
vn -0.806368 -0.578436 -0.123218
vn -0.790752 -0.612121 0.004358
vn -0.784694 -0.606424 -0.128472
vn -0.763758 -0.645300 0.016153
vn -0.740259 -0.656634 -0.144390
vn -0.714915 -0.698992 0.017507
vn -0.666927 -0.725812 -0.168537
vn -0.640394 -0.767954 0.011926
vn -0.582060 -0.777652 0.237622
vn -0.533622 -0.845696 0.006709
vn -0.482887 -0.839797 0.248115
vn -0.379847 -0.772134 0.509436
vn -0.360995 -0.893816 0.266038
vn -0.291708 -0.800208 0.523998
vn -0.222661 -0.927900 0.299039
vn -0.198871 -0.812893 0.547408
vn -0.144476 -0.654291 0.742314
vn -0.108557 -0.806957 0.580548
vn -0.105461 -0.643805 0.757887
vn -0.078534 -0.484391 0.871319
vn -0.070493 -0.624573 0.777778
vn -0.081410 -0.471215 0.878253
vn -0.039835 -0.599773 0.799178
vn 0.041641 -0.751943 0.657911
vn 0.104798 -0.716115 0.690070
vn -0.027872 -0.784407 0.619620
vn 0.044747 -0.913187 0.405077
vn 0.148000 -0.873933 0.462965
vn -0.082165 -0.934031 0.347613
vn -0.032116 -0.995277 0.091612
vn 0.134159 -0.977623 0.162033
vn -0.216360 -0.975502 0.039809
vn -0.193040 -0.961072 -0.197678
vn 0.026517 -0.988064 -0.151747
vn -0.390340 -0.920586 0.012522
vn -0.395676 -0.894355 -0.208732
vn -0.391560 -0.830167 -0.396867
vn -0.166279 -0.899714 -0.403565
vn -0.554927 -0.808935 -0.194115
vn -0.563546 -0.742615 -0.361855
vn -0.564483 -0.649494 -0.509428
vn -0.384044 -0.733657 -0.560587
vn -0.680116 -0.660536 -0.318016
vn -0.684243 -0.572420 -0.451826
vn -0.674259 -0.457294 -0.579877
vn -0.553839 -0.526717 -0.644850
vn -0.753518 -0.595541 -0.278463
vn -0.758287 -0.513830 -0.401222
vn -0.748857 -0.406644 -0.523310
vn -0.712243 -0.268862 -0.648400
vn -0.638307 -0.311861 -0.703781
vn -0.801061 -0.476398 -0.362418
vn -0.792619 -0.376770 -0.479374
vn -0.757123 -0.246269 -0.605076
vn -0.673232 -0.082707 -0.734791
vn -0.630280 -0.101516 -0.769703
vn -0.815422 -0.367265 -0.447441
vn -0.782570 -0.242682 -0.573315
vn -0.698411 -0.082107 -0.710971
vn -0.534305 0.105784 -0.838647
vn -0.519829 0.102134 -0.848143
vn -0.794159 -0.258093 -0.550181
vn -0.711281 -0.098478 -0.695975
vn -0.535010 0.094001 -0.839600
vn -0.254651 0.280316 -0.925514
vn -0.284720 0.287154 -0.914591
vn -0.714921 -0.132452 -0.686545
vn -0.523257 0.067081 -0.849531
vn -0.201728 0.257543 -0.944975
vn 0.158429 0.370480 -0.915229
vn 0.070051 0.405684 -0.911325
vn 0.357018 0.453404 -0.816678
vn 0.287536 0.476689 -0.830717
vn 0.009311 0.416922 -0.908895
vn 0.234151 0.468797 -0.851706
vn -0.029887 0.404764 -0.913933
vn -0.295523 0.276885 -0.914331
vn -0.051924 0.368631 -0.928124
vn -0.287861 0.247750 -0.925071
vn -0.488079 0.080866 -0.869045
vn -0.260201 0.199184 -0.944786
vn -0.433387 0.041153 -0.900268
vn -0.561463 -0.140034 -0.815567
vn -0.348875 -0.013882 -0.937066
vn -0.456360 -0.194871 -0.868194
vn -0.521809 -0.372446 -0.767463
vn -0.349133 -0.437843 -0.828492
vn -0.371869 -0.602989 -0.705774
vn -0.113677 -0.488055 -0.865378
vn -0.126610 -0.662157 -0.738592
vn -0.143422 -0.799983 -0.582629
vn 0.140523 -0.677356 -0.722110
vn 0.120045 -0.821709 -0.557121
vn 0.080262 -0.926504 -0.367624
vn 0.351515 -0.797377 -0.490537
vn 0.299636 -0.907263 -0.295114
vn 0.223733 -0.971625 -0.076741
vn 0.461778 -0.862497 -0.207026
vn 0.373096 -0.927752 0.008670
vn 0.263782 -0.934869 0.237570
vn 0.471341 -0.877567 0.087828
vn 0.355506 -0.884181 0.303049
vn 0.229061 -0.828365 0.511217
vn 0.415091 -0.839658 0.350247
vn 0.294855 -0.788157 0.540249
vn 0.173644 -0.685308 0.707249
vn 0.341035 -0.765022 0.546294
vn 0.236877 -0.673749 0.699965
vn 0.359925 -0.765974 0.532671
vn 0.275458 -0.686951 0.672474
vn 0.178339 -0.574286 0.798994
vn 0.033009 -0.431209 0.901648
vn 0.287032 -0.721415 0.630217
vn 0.212820 -0.617492 0.757239
vn 0.084764 -0.471900 0.877568
vn -0.154429 -0.264411 0.951966
vn -0.204286 -0.252424 0.945806
vn 0.223190 -0.679902 0.698513
vn 0.126572 -0.532230 0.837085
vn -0.104358 -0.297755 0.948921
vn -0.479970 0.020645 0.877042
vn -0.497801 -0.004705 0.867279
vn 0.149095 -0.617630 0.772207
vn -0.053183 -0.359155 0.931761
vn -0.471002 0.031352 0.881575
vn -0.012270 -0.462287 0.886645
vn -0.480691 0.011617 0.876813
vn -0.846444 0.325831 0.421150
vn -0.802959 0.309135 0.509600
vn -0.783837 0.264938 0.561611
vn -0.917871 0.356874 0.173646
vn -0.906049 0.346965 0.242262
vn -0.908138 0.306450 0.285260
vn -0.781380 0.207291 0.588622
vn -0.920823 0.243628 0.304518
vn -0.790497 0.137967 0.596724
vn -0.521388 -0.043641 0.852203
vn -0.806212 0.056177 0.588954
vn -0.547503 -0.094311 0.831472
vn -0.824886 -0.039216 0.563938
vn -0.581344 -0.159725 0.797826
vn -0.839854 -0.137545 0.525097
vn -0.624416 -0.221323 0.749080
vn -0.841922 -0.226380 0.489816
vn -0.662617 -0.261168 0.701947
vn -0.462253 -0.299054 0.834799
vn -0.682069 -0.282331 0.674589
vn -0.524141 -0.269721 0.807791
vn -0.676583 -0.290913 0.676465
vn -0.547382 -0.228016 0.805222
vn -0.825076 -0.303049 0.476877
vn -0.789212 -0.365832 0.493266
vn -0.915594 -0.325971 0.235437
vn -0.857043 -0.440527 0.267232
vn -0.784136 -0.529441 0.323763
vn -0.864902 -0.501193 0.027367
vn -0.772667 -0.627650 0.095083
vn -0.679433 -0.711984 0.177339
vn -0.708531 -0.694307 -0.126179
vn -0.602766 -0.797192 -0.034039
vn -0.517556 -0.853691 0.057852
vn -0.597349 -0.759728 0.256881
vn -0.459869 -0.877578 0.135564
vn -0.532881 -0.784065 0.318246
vn -0.432043 -0.881505 0.190495
vn -0.494109 -0.794334 0.353398
vn -0.437315 -0.871792 0.220756
vn -0.488680 -0.793865 0.361898
vn -0.479685 -0.848267 0.224379
vn -0.520024 -0.781471 0.344786
vn -0.524526 -0.712124 0.466639
vn -0.590222 -0.750424 0.297494
vn -0.586047 -0.701261 0.405933
vn -0.552473 -0.651403 0.520045
vn -0.684100 -0.657809 0.315110
vn -0.647825 -0.633063 0.423739
vn -0.807896 -0.558476 0.188170
vn -0.695543 -0.686747 0.211184
vn -0.817379 -0.570264 0.081795
vn -0.921203 -0.381129 -0.078264
vn -0.928140 -0.371286 0.026504
vn -0.964638 -0.112726 -0.238257
vn -0.986224 -0.075842 -0.147005
vn -0.910833 0.206502 -0.357407
vn -0.918106 0.280951 -0.279548
vn -0.760181 0.506068 -0.407455
vn -0.737864 0.588031 -0.331324
vn -0.566684 0.721184 -0.398451
vn -0.536428 0.781540 -0.318496
vn -0.395426 0.841677 -0.367720
vn -0.382695 0.879451 -0.283038
vn -0.279446 0.895592 -0.346157
vn -0.292981 0.921742 -0.254076
vn -0.220196 0.912414 -0.344984
vn -0.258788 0.934883 -0.242946
vn -0.207970 0.907704 -0.364448
vn -0.268516 0.929828 -0.251634
vn -0.236501 0.884573 -0.401992
vn -0.316619 0.906998 -0.277683
vn -0.379776 0.916024 -0.129116
vn -0.401705 0.859835 -0.315146
vn -0.477859 0.865432 -0.150589
vn -0.530195 0.846042 0.055738
vn -0.601271 0.780704 -0.170221
vn -0.647410 0.760540 0.049386
vn -0.649976 0.696956 0.302958
vn -0.763547 0.643154 0.057872
vn -0.738672 0.600294 0.306613
vn -0.860774 0.500774 0.091068
vn -0.806764 0.489761 0.330554
vn -0.703255 0.451672 0.549022
vn -0.847214 0.378522 0.372760
vn -0.723044 0.383545 0.574544
vn -0.574683 0.370594 0.729657
vn -0.725288 0.322448 0.608264
vn -0.432880 0.346378 0.832248
vn -0.861908 0.281530 0.421729
vn -0.861838 0.207252 0.462907
vn -0.724106 0.267753 0.635594
vn -0.859505 0.165155 0.483709
vn -0.732661 0.236169 0.638304
vn -0.860873 0.161796 0.482411
vn -0.748132 0.246129 0.616214
vn -0.611135 0.318575 0.724585
vn -0.760923 0.295018 0.577893
vn -0.636981 0.386475 0.667002
vn -0.498910 0.471172 0.727383
vn -0.462104 0.385011 0.798891
vn -0.336048 0.559633 0.757551
vn -0.290455 0.465219 0.836186
vn -0.120221 0.654395 0.746535
vn -0.060824 0.570704 0.818900
vn -0.012850 0.532528 0.846315
vn 0.232065 0.678789 0.696700
vn 0.251540 0.659802 0.708089
vn 0.242467 0.664832 0.706546
vn 0.016152 0.529414 0.848210
vn 0.221759 0.681214 0.697689
vn 0.043685 0.543428 0.838318
vn 0.194804 0.694756 0.692363
vn 0.071421 0.552107 0.830709
vn -0.040642 0.435903 0.899075
vn -0.120405 0.360159 0.925088
vn 0.088220 0.549405 0.830886
vn 0.016375 0.425625 0.904751
vn 0.159439 0.698109 0.698014
vn 0.302180 0.824530 0.478371
vn 0.213525 0.841729 0.495883
vn 0.372680 0.900275 0.224975
vn 0.240146 0.938991 0.246225
vn 0.408658 0.912518 -0.017610
vn 0.243470 0.969882 -0.007144
vn 0.055385 0.997926 0.032805
vn 0.236921 0.942982 -0.233780
vn 0.014028 0.978257 -0.206922
vn -0.202687 0.969034 -0.141036
vn -0.016909 0.908548 -0.417437
vn -0.260460 0.895925 -0.359832
vn -0.453114 0.849143 -0.271373
vn -0.376453 0.924975 -0.052006
vn -0.580751 0.794227 -0.178695
vn -0.495451 0.867895 0.035877
vn -0.497578 0.727970 -0.471673
vn -0.630644 0.675606 -0.381897
vn -0.292938 0.778652 -0.554876
vn -0.031888 0.798425 -0.601250
vn 0.231625 0.873805 -0.427568
vn 0.232145 0.770303 -0.593921
vn 0.437790 0.806450 -0.397464
vn 0.447226 0.708806 -0.545512
vn 0.583774 0.733244 -0.348656
vn 0.596983 0.641637 -0.481573
vn 0.599768 0.525326 -0.603582
vn 0.690999 0.588030 -0.420406
vn 0.693983 0.480630 -0.536081
vn 0.675257 0.347055 -0.650832
vn 0.749063 0.456107 -0.480490
vn 0.732245 0.330169 -0.595656
vn 0.677645 0.175401 -0.714165
vn 0.620415 0.187521 -0.761526
vn 0.566974 -0.002224 -0.823733
vn 0.516414 0.012479 -0.856248
vn 0.391724 -0.180681 -0.902168
vn 0.360898 -0.154552 -0.919710
vn 0.165453 -0.328821 -0.929786
vn 0.165455 -0.287880 -0.943265
vn -0.080782 -0.423842 -0.902127
vn -0.050386 -0.372355 -0.926721
vn -0.026514 -0.297437 -0.954373
vn -0.268414 -0.402256 -0.875297
vn -0.212053 -0.313185 -0.925715
vn -0.148800 -0.205910 -0.967192
vn -0.083454 -0.115004 -0.989853
vn -0.054049 -0.008892 -0.998499
vn -0.030931 -0.062396 -0.997572
vn 0.006683 -0.014756 -0.999869
vn -0.000586 -0.041648 -0.999132
vn 0.026116 -0.043526 -0.998711
vn 0.007689 -0.040405 -0.999154
vn -0.004554 -0.042132 -0.999102
vn -0.002080 -0.026572 -0.999645
vn -0.029429 -0.028313 -0.999166
vn -0.014806 -0.012891 -0.999807
vn -0.006857 -0.005733 -0.999960
vn -0.020251 0.006165 -0.999776
vn -0.012517 0.003843 -0.999914
vn -0.010231 0.006259 -0.999928
vn -0.013233 0.005509 -0.999897
vn -0.016638 0.008285 -0.999827
vn -0.010611 0.012794 -0.999862
vn -0.011278 0.024339 -0.999640
vn 0.017517 0.014519 -0.999741
vn -0.019105 0.062091 -0.997888
vn 0.052687 0.056120 -0.997033
vn -0.034973 0.134704 -0.990269
vn 0.090611 0.143803 -0.985449
vn -0.050838 0.224478 -0.973152
vn 0.124205 0.256224 -0.958604
vn -0.058406 0.307336 -0.949807
vn 0.156736 0.356622 -0.921007
vn 0.372455 0.344719 -0.861653
vn 0.587257 0.283756 -0.758031
vn 0.192070 0.428998 -0.882649
vn 0.423652 0.430635 -0.796914
vn 0.632038 0.384497 -0.672822
vn 0.800468 0.304555 -0.516233
vn 0.769748 0.192875 -0.608512
vn 0.469644 0.474033 -0.744800
vn 0.666827 0.434822 -0.605203
vn 0.819795 0.364789 -0.441435
vn 0.925143 0.273127 -0.263650
vn 0.916976 0.205881 -0.341713
vn 0.700000 0.444361 -0.559055
vn 0.837145 0.383552 -0.389970
vn 0.930838 0.300382 -0.208116
vn 0.979489 0.199890 -0.025405
vn 0.982296 0.168959 -0.080912
vn 0.982648 0.098406 -0.157221
vn 0.968245 -0.021360 -0.249088
vn 0.895322 0.087340 -0.436772
vn 0.919568 -0.193830 -0.341795
vn 0.841294 -0.090257 -0.532990
vn 0.818195 -0.404259 -0.408818
vn 0.732923 -0.325076 -0.597620
vn 0.671963 -0.604807 -0.427404
vn 0.580831 -0.551765 -0.598490
vn 0.516626 -0.754512 -0.404734
vn 0.429119 -0.713300 -0.554130
vn 0.312828 -0.652519 -0.690187
vn 0.301089 -0.815333 -0.494548
vn 0.199118 -0.761045 -0.617383
vn 0.211688 -0.873658 -0.438076
vn 0.122953 -0.825597 -0.550702
vn 0.016399 -0.747797 -0.663725
vn 0.086963 -0.862369 -0.498756
vn -0.006806 -0.793203 -0.608920
vn -0.112456 -0.676943 -0.727394
vn 0.006639 -0.821756 -0.569801
vn -0.093178 -0.713666 -0.694262
vn -0.190289 -0.521776 -0.831589
vn -0.213391 -0.491872 -0.844113
vn -0.249458 -0.242523 -0.937525
vn -0.282922 -0.237528 -0.929266
vn -0.251309 0.064400 -0.965762
vn -0.301307 0.048687 -0.952283
vn -0.211500 0.338501 -0.916889
vn -0.270166 0.319421 -0.908285
vn -0.150253 0.563903 -0.812058
vn -0.202986 0.551074 -0.809391
vn -0.074170 0.745280 -0.662613
vn -0.110366 0.736604 -0.667258
vn 0.020380 0.880242 -0.474087
vn 0.001913 0.869907 -0.493211
vn 0.136196 0.954592 -0.264961
vn 0.127351 0.944393 -0.303158
vn 0.151672 0.919428 -0.362833
vn 0.252519 0.960626 -0.115892
vn 0.257502 0.963802 -0.069129
vn 0.180064 0.951274 -0.250309
vn 0.300377 0.952951 -0.040715
vn 0.079984 0.870288 -0.486006
vn 0.016625 0.730374 -0.682845
vn 0.190158 0.679841 -0.708277
vn 0.167334 0.524041 -0.835093
vn 0.436571 0.448385 -0.779972
vn 0.451106 0.594146 -0.665953
vn -0.033616 0.558861 -0.828579
vn -0.085187 0.353285 -0.931629
vn 0.130077 0.346759 -0.928891
vn 0.074555 0.125440 -0.989296
vn 0.375794 0.080228 -0.923224
vn 0.413396 0.284041 -0.865116
vn -0.136906 0.094970 -0.986021
vn -0.166410 -0.222520 -0.960621
vn -0.130965 -0.536733 -0.833526
vn -0.036023 -0.740537 -0.671050
vn 0.062864 -0.835825 -0.545385
vn 0.179876 -0.821836 -0.540583
vn 0.242432 -0.860751 -0.447588
vn 0.411549 -0.780692 -0.470263
vn 0.380366 -0.728037 -0.570336
vn 0.138819 -0.884215 -0.445974
vn 0.191694 -0.914070 -0.357393
vn 0.090848 -0.881350 -0.463648
vn 0.155456 -0.916893 -0.367614
vn 0.201766 -0.940598 -0.273066
vn 0.163177 -0.904206 -0.394697
vn 0.221552 -0.930945 -0.290270
vn 0.281711 -0.903941 -0.321760
vn 0.333845 -0.922680 -0.192893
vn 0.381424 -0.849972 -0.363406
vn 0.440450 -0.871271 -0.216544
vn 0.576891 -0.781824 -0.236534
vn 0.726140 -0.645316 -0.237251
vn 0.859521 -0.468703 -0.203814
vn 0.617003 -0.609500 -0.497812
vn 0.600609 -0.512233 -0.613910
vn 0.791526 -0.357371 -0.495755
vn 0.746812 -0.233711 -0.622616
vn 0.627273 -0.068967 -0.775740
vn 0.815828 0.028978 -0.577568
vn 0.664073 0.161700 -0.729973
vn 0.681314 0.347037 -0.644497
vn 0.687549 0.507164 -0.519674
vn 0.518334 0.479405 -0.708167
vn 0.575173 0.448139 -0.684359
vn -0.210008 0.134353 -0.968424
vn -0.048242 0.006808 -0.998812
vn 0.050160 0.029557 -0.998304
vn 0.080483 -0.045304 -0.995726
vn 0.122558 0.084345 -0.988871
vn 0.163261 -0.042804 -0.985654
vn 0.199036 0.139103 -0.970070
vn 0.244392 -0.036263 -0.968998
vn 0.232519 -0.220108 -0.947358
vn 0.303247 -0.028243 -0.952493
vn 0.294022 -0.248893 -0.922824
vn 0.235800 -0.459251 -0.856438
vn 0.167448 -0.408413 -0.897307
vn 0.138791 -0.641605 -0.754374
vn 0.062779 -0.580072 -0.812143
vn -0.066658 -0.711583 -0.699433
vn -0.192992 -0.599065 -0.777094
vn 0.015222 -0.781054 -0.624278
vn -0.124568 -0.872035 -0.473326
vn -0.209603 -0.799659 -0.562682
vn 0.170379 -0.681980 -0.711248
vn 0.053051 -0.824515 -0.563347
vn -0.081455 -0.914484 -0.396338
vn -0.221610 -0.949801 -0.220833
vn -0.268463 -0.912839 -0.307656
vn 0.054454 -0.850844 -0.522588
vn -0.074364 -0.938565 -0.336996
vn -0.209822 -0.966067 -0.150632
vn -0.334122 -0.942204 0.024761
vn -0.352407 -0.934840 -0.043403
vn -0.098120 -0.949662 -0.297514
vn -0.230811 -0.968051 -0.097994
vn -0.349172 -0.934291 0.071963
vn -0.286931 -0.955959 -0.061742
vn -0.401847 -0.910680 0.095815
vn -0.500589 -0.861685 0.083123
vn -0.563036 -0.803833 0.191947
vn -0.643574 -0.765359 -0.006163
vn -0.682646 -0.722911 0.106745
vn -0.769382 -0.615283 -0.171690
vn -0.806321 -0.590546 -0.033187
vn -0.830215 -0.434914 -0.348703
vn -0.893410 -0.402974 -0.198571
vn -0.839845 -0.228316 -0.492476
vn -0.922435 -0.162202 -0.350435
vn -0.808482 0.013249 -0.588371
vn -0.880656 0.120777 -0.458103
vn -0.724932 0.286314 -0.626496
vn -0.760149 0.411044 -0.503206
vn -0.571496 0.554720 -0.604713
vn -0.578843 0.651171 -0.490833
vn -0.362899 0.747758 -0.556024
vn -0.388989 0.800552 -0.455856
vn -0.182012 0.826952 -0.531998
vn -0.244222 0.866293 -0.435767
vn -0.078818 0.834421 -0.545463
vn -0.161386 0.882346 -0.442064
vn -0.032180 0.814596 -0.579136
vn -0.129410 0.873132 -0.469994
vn -0.026178 0.778518 -0.627076
vn -0.139182 0.845455 -0.515590
vn -0.057325 0.723094 -0.688367
vn -0.188881 0.795605 -0.575618
vn -0.304968 0.837721 -0.453010
vn -0.280872 0.712586 -0.642909
vn -0.413920 0.755451 -0.507902
vn -0.521708 0.776719 -0.352886
vn -0.556634 0.623130 -0.549425
vn -0.666085 0.645792 -0.373208
vn -0.736658 0.654049 -0.171914
vn -0.808844 0.466664 -0.357765
vn -0.860115 0.490004 -0.141769
vn -0.918305 0.262200 -0.296593
vn -0.946617 0.312636 -0.078577
vn -0.923804 0.353301 0.147527
vn -0.987543 0.157328 0.002711
vn -0.950541 0.225407 0.213691
vn -0.995597 0.047467 0.080836
vn -0.952759 0.132592 0.273258
vn -0.989901 -0.013953 0.141071
vn -0.945912 0.080345 0.314316
vn -0.983416 -0.032344 0.178456
vn -0.940301 0.067861 0.333509
vn -0.981425 -0.013849 0.191344
vn -0.939099 0.090638 0.331477
vn -0.864289 0.195013 0.463653
vn -0.940844 0.143968 0.306733
vn -0.864894 0.262900 0.427601
vn -0.761818 0.383093 0.522373
vn -0.854190 0.363000 0.372278
vn -0.739261 0.506386 0.443922
vn -0.602552 0.637591 0.480009
vn -0.639053 0.495923 0.587939
vn -0.439839 0.756328 0.484261
vn -0.499291 0.600918 0.624185
vn -0.241718 0.858715 0.451864
vn -0.333306 0.702399 0.628922
vn -0.004778 0.927127 0.374717
vn -0.124526 0.795374 0.593188
vn -0.081246 0.963421 0.255380
vn 0.179459 0.969593 0.166383
vn 0.419686 0.904688 0.073504
vn 0.337141 0.941451 0.002352
vn 0.530628 0.845512 -0.059530
vn 0.653441 0.750925 -0.095535
vn 0.595603 0.803106 0.016675
vn 0.713132 0.692424 -0.109502
vn 0.681058 0.732198 0.006770
vn 0.634994 0.754383 0.166400
vn 0.696758 0.717166 0.014167
vn 0.641886 0.741022 0.197151
vn 0.498997 0.739056 0.452546
vn 0.613458 0.760302 0.213567
vn 0.480638 0.742452 0.466640
vn 0.559860 0.799223 0.218630
vn 0.438194 0.764885 0.472161
vn 0.480154 0.849418 0.218954
vn 0.377818 0.795958 0.472975
vn 0.621460 0.783429 0.005090
vn 0.534759 0.844955 -0.009134
vn 0.654473 0.738408 -0.162535
vn 0.564294 0.802088 -0.195517
vn 0.426164 0.876290 -0.224721
vn 0.676385 0.673000 -0.299291
vn 0.706422 0.694606 -0.135979
vn 0.728647 0.634117 -0.258784
vn 0.744393 0.555853 -0.370010
vn 0.749693 0.620707 -0.229530
vn 0.767812 0.547809 -0.332219
vn 0.776008 0.454291 -0.437528
vn 0.765509 0.566664 -0.304774
vn 0.779897 0.476758 -0.405539
vn 0.774849 0.360972 -0.518949
vn 0.763739 0.334327 -0.552203
vn 0.731478 0.210880 -0.648436
vn 0.713006 0.182497 -0.676991
vn 0.618925 0.023750 -0.785091
vn 0.599667 0.000798 -0.800249
vn 0.409750 -0.180028 -0.894256
vn 0.407416 -0.189553 -0.893354
vn 0.123611 -0.350229 -0.928472
vn 0.152440 -0.349715 -0.924371
vn -0.170053 -0.447778 -0.877825
vn -0.119016 -0.449477 -0.885328
vn -0.421111 -0.477798 -0.770957
vn -0.367678 -0.486655 -0.792452
vn -0.319236 -0.460762 -0.828122
vn -0.580005 -0.474108 -0.662432
vn -0.535338 -0.447590 -0.716293
vn -0.478499 -0.379591 -0.791801
vn -0.722374 -0.394355 -0.568031
vn -0.680780 -0.317572 -0.660066
vn -0.864506 -0.312848 -0.393389
vn -0.842798 -0.233376 -0.485003
vn -0.952967 -0.216176 -0.212418
vn -0.943730 -0.140352 -0.299458
vn -0.914271 -0.004164 -0.405083
vn -0.992930 -0.044717 -0.109957
vn -0.975712 0.080438 -0.203756
vn -0.838008 0.204189 -0.506014
vn -0.707924 0.435022 -0.556417
vn -0.410146 0.581348 -0.702720
vn -0.127551 0.637968 -0.759426
vn -0.228473 0.508809 -0.830008
vn 0.029643 0.526255 -0.849810
vn -0.043784 0.410433 -0.910839
vn 0.164582 0.376054 -0.911864
vn 0.101461 0.290896 -0.951360
vn 0.026687 0.187438 -0.981914
vn -0.035052 0.079488 -0.996219
vn 0.259074 0.186935 -0.947595
vn 0.202267 0.441474 -0.874179
vn 0.290753 0.224551 -0.930075
vn 0.330238 -0.021990 -0.943641
vn 0.290634 0.250238 -0.923533
vn 0.321233 -0.021914 -0.946747
vn 0.302709 -0.285145 -0.909428
vn 0.318363 -0.268734 -0.909080
vn 0.247138 -0.516054 -0.820129
vn 0.261840 -0.493353 -0.829483
vn 0.163350 -0.706806 -0.688290
vn 0.185964 -0.527604 -0.828886
vn 0.115714 -0.715746 -0.688708
vn 0.022688 -0.862149 -0.506146
vn 0.014858 -0.701528 -0.712487
vn -0.048626 -0.853164 -0.519372
vn -0.154252 -0.947715 -0.279362
vn -0.170248 -0.651656 -0.739162
vn -0.146523 -0.488123 -0.860388
vn -0.427034 -0.413932 -0.803929
vn -0.445980 -0.567969 -0.691746
vn 0.062693 -0.522375 -0.850408
vn 0.110327 -0.313275 -0.943232
vn -0.108493 -0.305043 -0.946139
vn 0.239279 -0.300839 -0.923169
vn 0.269265 -0.032914 -0.962503
vn 0.155828 -0.058029 -0.986078
vn 0.176560 0.246493 -0.952926
vn -0.054166 -0.080857 -0.995253
vn 0.256645 0.259953 -0.930891
vn 0.187423 0.524693 -0.830403
vn 0.130291 0.544512 -0.828572
vn 0.209447 0.490215 -0.846062
vn 0.095596 0.666267 -0.739561
vn 0.079729 0.709004 -0.700683
vn 0.079072 0.608210 -0.789828
vn 0.026554 0.740624 -0.671395
vn -0.357119 -0.028824 -0.933614
vn -0.399014 -0.240877 -0.884741
vn -0.609880 0.122070 -0.783036
vn -0.656194 -0.118143 -0.745287
vn -0.681441 -0.315685 -0.660289
vn -0.693890 -0.485280 -0.531996
vn -0.992905 -0.114003 -0.033816
vn -0.958482 -0.243161 -0.148948
vn -0.990402 -0.136906 0.018990
vn -0.967049 -0.230364 -0.108390
vn -0.991653 -0.119868 0.047498
vn -0.980299 -0.176655 -0.088350
vn -0.996749 -0.063955 0.049004
vn -0.983803 0.036868 0.175419
vn -0.999344 0.034489 0.011047
vn -0.986053 0.114219 0.121052
vn -0.940994 0.221455 0.255907
vn -0.918946 -0.291280 -0.265883
vn -0.898093 -0.335381 -0.284515
vn -0.781003 -0.415297 -0.466437
vn -0.809518 -0.369815 -0.455979
vn -0.880758 -0.343020 -0.326501
vn -0.753170 -0.423434 -0.503427
vn -0.622282 -0.462855 -0.631293
vn -0.488331 -0.429063 -0.759893
vn -0.669227 -0.410071 -0.619659
vn -0.579611 -0.324664 -0.747425
vn -0.731814 -0.295596 -0.614061
vn -0.689903 -0.148213 -0.708567
vn -0.813104 -0.097323 -0.573925
vn -0.771976 0.078353 -0.630804
vn -0.589541 0.078192 -0.803945
vn -0.544205 0.375268 -0.750343
vn -0.779042 0.294594 -0.553450
vn -0.493104 -0.180990 -0.850935
vn -0.353308 -0.335145 -0.873414
vn -0.022019 -0.277803 -0.960386
vn 0.361573 -0.095682 -0.927421
vn -0.243911 -0.413871 -0.877051
vn 0.071162 -0.328659 -0.941764
vn 0.397242 -0.151282 -0.905159
vn 0.626363 0.069634 -0.776415
vn 0.617897 0.148423 -0.772123
vn 0.711186 0.348524 -0.610529
vn 0.636683 0.474907 -0.607534
vn 0.733425 0.263732 -0.626524
vn 0.765282 0.412899 -0.493819
vn 0.726809 0.495234 -0.475912
vn 0.706831 0.607359 -0.362637
vn 0.604022 0.717966 -0.345952
vn 0.638689 0.611027 -0.467677
vn 0.759629 0.526640 -0.381594
vn 0.734866 0.616211 -0.283297
vn 0.666024 0.698176 -0.262607
vn 0.608505 0.776057 -0.165704
vn 0.455006 0.881457 -0.126503
vn 0.541649 0.806576 -0.236751
vn 0.698784 0.689378 -0.190944
vn 0.741644 0.637388 -0.209046
vn 0.726547 0.676685 -0.119275
vn 0.674417 0.738208 0.014516
vn 0.229455 0.970463 -0.074515
vn 0.342840 0.917399 -0.202090
vn 0.426371 0.842631 -0.328907
vn 0.061364 0.985161 -0.160289
vn 0.158966 0.939484 -0.303479
vn 0.180900 0.851222 -0.492642
vn 0.463605 0.747470 -0.475772
vn 0.061933 0.712814 -0.698613
vn 0.430564 0.631288 -0.645050
vn -0.284322 0.950582 -0.124722
vn -0.351600 0.936126 0.006693
vn -0.613299 0.789799 -0.009064
vn -0.618771 0.775349 -0.126313
vn -0.053258 0.998331 -0.022327
vn -0.182756 0.973562 0.137029
vn -0.430429 0.886959 0.167437
vn 0.086565 0.993400 0.075252
vn -0.322876 0.892825 0.314029
vn -0.525002 0.781806 0.336382
vn -0.688528 0.647403 0.326802
vn -0.633129 0.757456 0.159397
vn -0.403743 -0.905518 -0.130494
vn -0.489631 -0.841181 -0.229513
vn -0.354213 -0.842578 -0.405704
vn -0.605590 -0.725927 -0.326024
vn -0.478581 -0.721286 -0.500705
vn -0.337975 -0.679205 -0.651501
vn -0.623566 -0.536957 -0.568192
vn -0.495541 -0.494688 -0.713949
vn -0.355620 -0.423509 -0.833171
vn -0.637447 -0.263124 -0.724173
vn -0.505307 -0.204607 -0.838332
vn -0.726871 -0.032215 -0.686018
vn -0.598297 0.011138 -0.801197
vn -0.443577 0.048501 -0.894923
vn -0.640771 0.197061 -0.742010
vn -0.480217 0.219894 -0.849140
vn -0.292007 0.217372 -0.931387
vn -0.273387 0.072571 -0.959163
vn -0.493236 0.351902 -0.795539
vn -0.292914 0.338893 -0.894065
vn -0.502438 0.435050 -0.747186
vn -0.294364 0.415771 -0.860514
vn -0.057698 0.339492 -0.938838
vn -0.304250 0.453161 -0.837901
vn -0.047652 0.362382 -0.930811
vn 0.206531 0.205216 -0.956677
vn 0.178211 0.200217 -0.963408
vn 0.417287 0.010513 -0.908714
vn 0.378734 0.015423 -0.925377
vn 0.568946 -0.191816 -0.799692
vn 0.523442 -0.187647 -0.831142
vn 0.435362 -0.214867 -0.874238
vn 0.611410 -0.387874 -0.689734
vn 0.512685 -0.419715 -0.748995
vn 0.353525 -0.466402 -0.810857
vn 0.293949 -0.264647 -0.918453
vn 0.138701 -0.497868 -0.856090
vn 0.371677 -0.648647 -0.664164
vn 0.539272 -0.602436 -0.588436
vn 0.519843 -0.751629 -0.405977
vn 0.643376 -0.565656 -0.515850
vn 0.625126 -0.710005 -0.324208
vn 0.564685 -0.816198 -0.122276
vn 0.682014 -0.684819 -0.256670
vn 0.620692 -0.782359 -0.051533
vn 0.527253 -0.836115 0.151381
vn 0.641803 -0.766866 0.002295
vn 0.549832 -0.811900 0.196219
vn 0.445976 -0.811926 0.376672
vn 0.542124 -0.809804 0.224321
vn 0.447750 -0.807448 0.384119
vn 0.500006 -0.833162 0.236292
vn 0.416329 -0.828931 0.373556
vn 0.347896 -0.791554 0.502405
vn 0.342409 -0.877290 0.336330
vn 0.298301 -0.841378 0.450666
vn 0.265336 -0.777639 0.569977
vn 0.201138 -0.908735 0.365710
vn 0.201224 -0.851806 0.483668
vn 0.197672 -0.762706 0.615797
vn 0.079227 -0.929155 0.361102
vn 0.119624 -0.858867 0.498033
vn 0.131197 -0.730547 0.670140
vn -0.047794 -0.941773 0.332837
vn 0.027475 -0.858746 0.511665
vn -0.349119 -0.930014 0.114849
vn -0.119941 -0.972907 0.197649
vn -0.400088 -0.916474 0.002318
vn -0.700358 -0.692325 -0.173737
vn -0.720620 -0.685553 -0.103556
vn -0.899900 -0.350030 -0.260114
vn -0.941215 -0.271628 -0.200829
vn -0.966229 -0.038650 -0.254771
vn -0.984059 0.055202 -0.169055
vn -0.982703 0.181644 -0.036071
vn -0.966594 0.237707 -0.095873
vn -0.945060 0.317489 0.077863
vn -0.945524 0.324472 -0.026507
vn -0.963090 0.170383 -0.208393
vn -0.944351 0.288353 -0.158284
vn -0.931882 0.342389 -0.119857
vn -0.935804 0.351466 0.027244
vn -0.931012 0.351230 -0.099266
vn -0.939090 0.338261 0.060741
vn -0.940825 0.324382 -0.098108
vn -0.952999 0.294079 0.072872
vn -0.957452 0.264096 -0.116353
vn -0.973051 0.221398 0.064456
vn -0.939531 0.159802 0.302893
vn -0.992099 0.118999 0.039735
vn -0.957438 0.054735 0.283401
vn -0.999873 -0.013570 0.008295
vn -0.964659 -0.067111 0.254811
vn -0.985030 -0.171807 -0.014055
vn -0.952146 -0.197326 0.233410
vn -0.939628 -0.342028 -0.010776
vn -0.963132 -0.144884 -0.226685
vn -0.909094 -0.345313 -0.233038
vn -0.818418 -0.539200 -0.198631
vn -0.842225 -0.333645 -0.423482
vn -0.733562 -0.551366 -0.397344
vn -0.750358 -0.306344 -0.585762
vn -0.907845 -0.112863 -0.403831
vn -0.828955 -0.074839 -0.554285
vn -0.931411 0.073932 -0.356380
vn -0.860321 0.117488 -0.496028
vn -0.765755 0.160095 -0.622888
vn -0.863765 0.255237 -0.434471
vn -0.775314 0.297299 -0.557227
vn -0.654934 0.332882 -0.678418
vn -0.776074 0.381730 -0.501987
vn -0.661791 0.416848 -0.623114
vn -0.673631 0.456974 -0.580858
vn -0.518579 0.476269 -0.710101
vn -0.696659 0.458320 -0.551914
vn -0.547310 0.481549 -0.684516
vn -0.325234 0.454783 -0.829093
vn -0.593586 0.448690 -0.668082
vn -0.358375 0.416720 -0.835411
vn -0.058487 0.269122 -0.961329
vn -0.048741 0.343442 -0.937908
vn 0.203218 0.060556 -0.977259
vn 0.216783 0.163113 -0.962496
vn 0.395946 -0.138074 -0.907834
vn 0.426356 -0.038444 -0.903738
vn 0.538473 -0.309297 -0.783826
vn 0.576237 -0.231330 -0.783861
vn 0.641881 -0.457902 -0.615073
vn 0.672953 -0.405555 -0.618595
vn 0.662020 -0.382814 -0.644347
vn 0.716163 -0.557077 -0.420447
vn 0.698498 -0.549661 -0.458229
vn 0.703338 -0.680155 -0.206651
vn 0.699501 -0.588484 -0.405444
vn 0.695431 -0.697084 -0.174500
vn 0.633259 -0.772830 0.041424
vn 0.656213 -0.737249 -0.160774
vn 0.592401 -0.802708 0.068714
vn 0.408637 -0.885866 0.219677
vn 0.246299 -0.959682 0.135452
vn 0.213777 -0.943516 0.253135
vn 0.041129 -0.998841 -0.024994
vn 0.033904 -0.992823 0.114683
vn 0.047781 -0.970050 0.238161
vn -0.176783 -0.982671 -0.055722
vn -0.162654 -0.983966 0.073178
vn -0.401870 -0.888770 -0.220427
vn -0.416467 -0.903134 -0.104424
vn -0.622025 -0.701673 -0.347477
vn -0.670424 -0.697822 -0.252142
vn -0.799535 -0.435429 -0.413698
vn -0.855432 -0.399655 -0.329410
vn -0.897099 -0.144896 -0.417396
vn -0.937289 -0.101520 -0.333442
vn -0.917313 0.099214 -0.385608
vn -0.946021 0.124726 -0.299144
vn -0.898415 0.262644 -0.351950
vn -0.927949 0.266517 -0.260536
vn -0.874303 0.352971 -0.333174
vn -0.910570 0.340916 -0.233747
vn -0.858897 0.389706 -0.332303
vn -0.903200 0.366233 -0.223835
vn -0.854359 0.385064 -0.348995
vn -0.906462 0.352637 -0.232321
vn -0.858007 0.341732 -0.383461
vn -0.917166 0.302440 -0.259492
vn -0.929098 0.211744 -0.303219
vn -0.974219 0.167688 -0.150927
vn -0.980723 0.031051 -0.192918
vn -0.780327 0.421693 -0.461807
vn -0.793873 0.422057 -0.437759
vn -0.819172 0.379235 -0.430276
vn -0.733991 0.416454 -0.536492
vn -0.852929 0.276910 -0.442531
vn -0.782223 0.309075 -0.540925
vn -0.874189 0.089022 -0.477356
vn -0.807807 0.088205 -0.582810
vn -0.837360 -0.179538 -0.516328
vn -0.738582 -0.216051 -0.638606
vn -0.716151 -0.465501 -0.520036
vn -0.577187 -0.489437 -0.653687
vn -0.348935 -0.472652 -0.809225
vn -0.394291 -0.686647 -0.610778
vn -0.166668 -0.623770 -0.763631
vn 0.098493 -0.480163 -0.871632
vn -0.065247 -0.339286 -0.938418
vn 0.297764 -0.293945 -0.908258
vn 0.132954 -0.119824 -0.983852
vn 0.239250 -0.586014 -0.774175
vn 0.434018 -0.430615 -0.791328
vn 0.372977 -0.670734 -0.641096
vn 0.551753 -0.544660 -0.631597
vn 0.639329 -0.645874 -0.417259
vn -0.014418 -0.732081 -0.681065
vn 0.121701 -0.816432 -0.564471
vn -0.075290 -0.918657 -0.387815
vn -0.226849 -0.823071 -0.520667
vn -0.347743 -0.866762 -0.357489
vn -0.156989 -0.966077 -0.205059
vn -0.538919 -0.701838 -0.465821
vn -0.794065 -0.293818 -0.532101
vn -0.822282 -0.378773 -0.424715
vn -0.814030 -0.413584 -0.407803
vn -0.786424 -0.476559 -0.392974
vn -0.808463 -0.502107 -0.307044
vn -0.767142 -0.568426 -0.297297
vn -0.824516 -0.467820 -0.318305
vn -0.821795 -0.460564 -0.335460
vn -0.796341 -0.551198 -0.249040
vn 0.710955 0.172235 0.681820
vn 0.581172 0.061841 0.811427
vn 0.819808 -0.286227 -0.495973
vn 0.845512 -0.366483 -0.388329
vn 0.881299 -0.253135 -0.399042
vn 0.902450 -0.054618 -0.427317
vn 0.845699 -0.057114 -0.530595
vn 0.921372 -0.235163 -0.309471
vn 0.940687 -0.055715 -0.334670
vn 0.948802 -0.229031 -0.217530
vn 0.893711 -0.339520 -0.293270
vn 0.925620 -0.323725 -0.196037
vn 0.874980 -0.387376 -0.290430
vn 0.912938 -0.363868 -0.184782
vn 0.935762 -0.346843 -0.063635
vn 0.913381 -0.361555 -0.187117
vn 0.940699 -0.334836 -0.054502
vn 0.945441 -0.304827 0.114983
vn 0.956409 -0.285803 -0.059981
vn 0.961515 -0.245314 0.123734
vn 0.913712 -0.180881 0.363886
vn 0.904436 -0.250159 0.345565
vn 0.763574 -0.060708 0.642861
vn 0.761171 -0.124732 0.636444
vn 0.926091 -0.090250 0.366347
vn 0.773335 0.012066 0.633883
vn 0.932339 0.016686 0.361200
vn 0.781087 0.088053 0.618183
vn 0.778974 0.161644 0.605864
vn 0.980798 -0.154553 0.118950
# 2072 normals

vt 0.453356 0.537841 0.000000
vt 0.449405 0.539674 0.000000
vt 0.452892 0.545145 0.000000
vt 0.457371 0.540270 0.000000
vt 0.453699 0.532162 0.000000
vt 0.447764 0.532624 0.000000
vt 0.460121 0.533022 0.000000
vt 0.685560 0.799863 0.000000
vt 0.682718 0.800575 0.000000
vt 0.685039 0.805873 0.000000
vt 0.689603 0.803158 0.000000
vt 0.688058 0.795198 0.000000
vt 0.683163 0.794782 0.000000
vt 0.694749 0.797726 0.000000
vt 0.653449 0.798938 0.000000
vt 0.658627 0.799120 0.000000
vt 0.658102 0.793782 0.000000
vt 0.651877 0.795408 0.000000
vt 0.647474 0.798316 0.000000
vt 0.651695 0.802352 0.000000
vt 0.658148 0.804251 0.000000
vt 0.564444 0.542331 0.000000
vt 0.553396 0.539751 0.000000
vt 0.546581 0.553231 0.000000
vt 0.553911 0.557539 0.000000
vt 0.726626 0.927688 0.000000
vt 0.735615 0.912141 0.000000
vt 0.729003 0.905478 0.000000
vt 0.718897 0.916921 0.000000
vt 0.705775 0.923653 0.000000
vt 0.710678 0.935515 0.000000
vt 0.567750 0.524818 0.000000
vt 0.557552 0.525027 0.000000
vt 0.713869 0.950353 0.000000
vt 0.725875 0.944810 0.000000
vt 0.675491 0.900360 0.000000
vt 0.679039 0.881699 0.000000
vt 0.666054 0.881298 0.000000
vt 0.657926 0.896298 0.000000
vt 0.649871 0.906750 0.000000
vt 0.661565 0.912617 0.000000
vt 0.694305 0.897674 0.000000
vt 0.691926 0.881530 0.000000
vt 0.684631 0.915710 0.000000
vt 0.699538 0.911460 0.000000
vt 0.671812 0.922505 0.000000
vt 0.452889 0.497281 0.000000
vt 0.452879 0.501664 0.000000
vt 0.460927 0.500282 0.000000
vt 0.459126 0.493200 0.000000
vt 0.447228 0.492483 0.000000
vt 0.445313 0.499829 0.000000
vt 0.454205 0.484011 0.000000
vt 0.593053 0.325913 0.000000
vt 0.589904 0.329007 0.000000
vt 0.596024 0.333014 0.000000
vt 0.597631 0.326723 0.000000
vt 0.594873 0.317798 0.000000
vt 0.589290 0.319340 0.000000
vt 0.583656 0.320956 0.000000
vt 0.721294 0.282642 0.000000
vt 0.747924 0.283334 0.000000
vt 0.752438 0.257880 0.000000
vt 0.734563 0.251749 0.000000
vt 0.717811 0.317100 0.000000
vt 0.743252 0.313040 0.000000
vt 0.683817 0.299505 0.000000
vt 0.687447 0.323708 0.000000
vt 0.715741 0.240628 0.000000
vt 0.702236 0.262324 0.000000
vt 0.676217 0.279136 0.000000
vt 0.626610 0.960541 0.000000
vt 0.619804 0.949685 0.000000
vt 0.608577 0.953304 0.000000
vt 0.611751 0.965325 0.000000
vt 0.631787 0.150959 0.000000
vt 0.628606 0.174347 0.000000
vt 0.645247 0.184728 0.000000
vt 0.650070 0.168079 0.000000
vt 0.078568 0.765370 0.000000
vt 0.057201 0.789600 0.000000
vt 0.077933 0.791733 0.000000
vt 0.090998 0.778074 0.000000
vt 0.606654 0.150959 0.000000
vt 0.608830 0.167461 0.000000
vt 0.575551 0.322946 0.000000
vt 0.580030 0.313378 0.000000
vt 0.574638 0.313707 0.000000
vt 0.569512 0.312388 0.000000
vt 0.567830 0.318756 0.000000
vt 0.562260 0.326395 0.000000
vt 0.568990 0.330981 0.000000
vt 0.583738 0.332447 0.000000
vt 0.576240 0.339084 0.000000
vt 0.563665 0.337822 0.000000
vt 0.566479 0.345581 0.000000
vt 0.556678 0.337016 0.000000
vt 0.555711 0.349215 0.000000
vt 0.573638 0.299790 0.000000
vt 0.574748 0.301331 0.000000
vt 0.577966 0.299734 0.000000
vt 0.575931 0.297544 0.000000
vt 0.571947 0.299571 0.000000
vt 0.572356 0.302119 0.000000
vt 0.573096 0.296162 0.000000
vt 0.566609 0.305540 0.000000
vt 0.570017 0.307345 0.000000
vt 0.569911 0.304607 0.000000
vt 0.566325 0.303941 0.000000
vt 0.562942 0.307952 0.000000
vt 0.565502 0.310282 0.000000
vt 0.633627 0.724085 0.000000
vt 0.629569 0.724977 0.000000
vt 0.636864 0.732452 0.000000
vt 0.640138 0.730166 0.000000
vt 0.642218 0.728510 0.000000
vt 0.635032 0.721763 0.000000
vt 0.528782 0.926759 0.000000
vt 0.531664 0.926759 0.000000
vt 0.532671 0.920750 0.000000
vt 0.528782 0.922527 0.000000
vt 0.630551 0.716717 0.000000
vt 0.637279 0.719504 0.000000
vt 0.631054 0.714631 0.000000
vt 0.626628 0.719942 0.000000
vt 0.624369 0.719626 0.000000
vt 0.627437 0.726451 0.000000
vt 0.551704 0.747205 0.000000
vt 0.555071 0.728484 0.000000
vt 0.519470 0.728684 0.000000
vt 0.508573 0.745323 0.000000
vt 0.583306 0.742475 0.000000
vt 0.579343 0.728618 0.000000
vt 0.484899 0.768373 0.000000
vt 0.529644 0.771172 0.000000
vt 0.555003 0.780357 0.000000
vt 0.572198 0.765004 0.000000
vt 0.591781 0.756962 0.000000
vt 0.458528 0.744437 0.000000
vt 0.465993 0.734186 0.000000
vt 0.445659 0.725699 0.000000
vt 0.440482 0.741783 0.000000
vt 0.467107 0.753803 0.000000
vt 0.483314 0.741005 0.000000
vt 0.440025 0.759775 0.000000
vt 0.443095 0.779522 0.000000
vt 0.481362 0.791403 0.000000
vt 0.517511 0.791797 0.000000
vt 0.445556 0.798868 0.000000
vt 0.374695 0.574081 0.000000
vt 0.375270 0.576673 0.000000
vt 0.380101 0.569247 0.000000
vt 0.377915 0.567274 0.000000
vt 0.375432 0.565738 0.000000
vt 0.372890 0.574012 0.000000
vt 0.372655 0.578093 0.000000
vt 0.369303 0.587786 0.000000
vt 0.372195 0.587777 0.000000
vt 0.372196 0.583335 0.000000
vt 0.368995 0.583108 0.000000
vt 0.362783 0.578628 0.000000
vt 0.361806 0.588256 0.000000
vt 0.371010 0.593472 0.000000
vt 0.387958 0.645869 0.000000
vt 0.408071 0.628513 0.000000
vt 0.401091 0.607789 0.000000
vt 0.388410 0.614926 0.000000
vt 0.377334 0.616229 0.000000
vt 0.372661 0.638480 0.000000
vt 0.403043 0.662593 0.000000
vt 0.419078 0.646829 0.000000
vt 0.366615 0.687181 0.000000
vt 0.385741 0.691745 0.000000
vt 0.358082 0.668452 0.000000
vt 0.344435 0.725106 0.000000
vt 0.358569 0.731808 0.000000
vt 0.362992 0.711282 0.000000
vt 0.343281 0.713150 0.000000
vt 0.324366 0.727136 0.000000
vt 0.332344 0.740430 0.000000
vt 0.346643 0.754665 0.000000
vt 0.230651 0.716089 0.000000
vt 0.238033 0.694189 0.000000
vt 0.220449 0.684396 0.000000
vt 0.212661 0.696450 0.000000
vt 0.257426 0.715931 0.000000
vt 0.259793 0.697708 0.000000
vt 0.205733 0.704121 0.000000
vt 0.215997 0.723633 0.000000
vt 0.241522 0.744462 0.000000
vt 0.260127 0.739068 0.000000
vt 0.228587 0.748681 0.000000
vt 0.351461 0.796532 0.000000
vt 0.364264 0.766813 0.000000
vt 0.331268 0.774112 0.000000
vt 0.384056 0.801963 0.000000
vt 0.387505 0.774354 0.000000
vt 0.314473 0.789271 0.000000
vt 0.326946 0.811349 0.000000
vt 0.333798 0.840442 0.000000
vt 0.358010 0.834594 0.000000
vt 0.182755 0.664883 0.000000
vt 0.182352 0.677055 0.000000
vt 0.192264 0.674123 0.000000
vt 0.187621 0.658336 0.000000
vt 0.170489 0.653298 0.000000
vt 0.168893 0.663343 0.000000
vt 0.778421 0.556870 0.000000
vt 0.781526 0.554446 0.000000
vt 0.773878 0.549210 0.000000
vt 0.772187 0.555668 0.000000
vt 0.772314 0.559665 0.000000
vt 0.778781 0.559884 0.000000
vt 0.784030 0.559140 0.000000
vt 0.765749 0.564780 0.000000
vt 0.765265 0.562572 0.000000
vt 0.760006 0.568419 0.000000
vt 0.763940 0.571591 0.000000
vt 0.769347 0.574486 0.000000
vt 0.771551 0.567756 0.000000
vt 0.772206 0.563587 0.000000
vt 0.781046 0.589970 0.000000
vt 0.793560 0.588419 0.000000
vt 0.792469 0.578690 0.000000
vt 0.783087 0.578596 0.000000
vt 0.775612 0.576948 0.000000
vt 0.771607 0.585366 0.000000
vt 0.765164 0.593842 0.000000
vt 0.772022 0.598445 0.000000
vt 0.778754 0.605815 0.000000
vt 0.787968 0.599934 0.000000
vt 0.797415 0.597230 0.000000
vt 0.766101 0.605917 0.000000
vt 0.759675 0.605314 0.000000
vt 0.759884 0.615502 0.000000
vt 0.768629 0.612481 0.000000
vt 0.941139 0.553282 0.000000
vt 0.955581 0.558994 0.000000
vt 0.963418 0.549704 0.000000
vt 0.951297 0.543239 0.000000
vt 0.937964 0.568959 0.000000
vt 0.949582 0.571171 0.000000
vt 0.932798 0.539694 0.000000
vt 0.923886 0.542517 0.000000
vt 0.928213 0.555004 0.000000
vt 0.940328 0.535210 0.000000
vt 0.926904 0.568478 0.000000
vt 0.918251 0.631592 0.000000
vt 0.919652 0.611305 0.000000
vt 0.904032 0.606106 0.000000
vt 0.899246 0.621905 0.000000
vt 0.936768 0.626367 0.000000
vt 0.933879 0.612895 0.000000
vt 0.892857 0.636251 0.000000
vt 0.907158 0.647115 0.000000
vt 0.928366 0.646735 0.000000
vt 0.940717 0.638748 0.000000
vt 0.917888 0.656830 0.000000
vt 0.799264 0.603125 0.000000
vt 0.793624 0.606936 0.000000
vt 0.798769 0.612167 0.000000
vt 0.804076 0.605366 0.000000
vt 0.804960 0.597503 0.000000
vt 0.135233 0.260739 0.000000
vt 0.132396 0.256502 0.000000
vt 0.127400 0.260976 0.000000
vt 0.132490 0.264588 0.000000
vt 0.136488 0.266404 0.000000
vt 0.138164 0.260965 0.000000
vt 0.137226 0.254661 0.000000
vt 0.626610 0.978426 0.000000
vt 0.611439 0.978492 0.000000
vt 0.608609 0.989793 0.000000
vt 0.621335 0.990899 0.000000
vt 0.037392 0.795426 0.000000
vt 0.038361 0.811535 0.000000
vt 0.052082 0.810127 0.000000
vt 0.068634 0.809519 0.000000
vt 0.243292 0.048844 0.000000
vt 0.243344 0.000500 0.000000
vt 0.200258 0.000500 0.000000
vt 0.196076 0.041668 0.000000
vt 0.286164 0.039478 0.000000
vt 0.281564 0.000500 0.000000
vt 0.184364 0.086057 0.000000
vt 0.217483 0.096219 0.000000
vt 0.248312 0.118706 0.000000
vt 0.274903 0.094645 0.000000
vt 0.306301 0.084139 0.000000
vt 0.087241 0.915009 0.000000
vt 0.087965 0.909465 0.000000
vt 0.078777 0.909708 0.000000
vt 0.080260 0.917147 0.000000
vt 0.082744 0.923742 0.000000
vt 0.090391 0.918411 0.000000
vt 0.094580 0.912408 0.000000
vt 0.043967 0.935860 0.000000
vt 0.048215 0.933252 0.000000
vt 0.043506 0.925950 0.000000
vt 0.037029 0.933148 0.000000
vt 0.028498 0.952543 0.000000
vt 0.042678 0.948682 0.000000
vt 0.050744 0.944865 0.000000
vt 0.110877 0.949688 0.000000
vt 0.105899 0.942669 0.000000
vt 0.100346 0.947935 0.000000
vt 0.109190 0.954893 0.000000
vt 0.117662 0.948098 0.000000
vt 0.113093 0.937634 0.000000
vt 0.118999 0.956154 0.000000
vt 0.168220 0.269216 0.000000
vt 0.163271 0.266784 0.000000
vt 0.161079 0.273042 0.000000
vt 0.167823 0.274345 0.000000
vt 0.172511 0.266116 0.000000
vt 0.166556 0.260358 0.000000
vt 0.174561 0.273708 0.000000
vt 0.739961 0.676908 0.000000
vt 0.731251 0.682289 0.000000
vt 0.733884 0.692492 0.000000
vt 0.741897 0.689306 0.000000
vt 0.749784 0.685446 0.000000
vt 0.747345 0.672838 0.000000
vt 0.737314 0.673085 0.000000
vt 0.731426 0.675054 0.000000
vt 0.744852 0.661009 0.000000
vt 0.739784 0.663808 0.000000
vt 0.736221 0.665638 0.000000
vt 0.721867 0.658571 0.000000
vt 0.721867 0.666065 0.000000
vt 0.731023 0.666821 0.000000
vt 0.727279 0.655396 0.000000
vt 0.392750 0.865968 0.000000
vt 0.387448 0.832564 0.000000
vt 0.361318 0.865273 0.000000
vt 0.423384 0.851556 0.000000
vt 0.416624 0.827811 0.000000
vt 0.415870 0.885278 0.000000
vt 0.437840 0.872247 0.000000
vt 0.356628 0.896324 0.000000
vt 0.377212 0.897261 0.000000
vt 0.397413 0.904624 0.000000
vt 0.772091 0.718177 0.000000
vt 0.757048 0.717319 0.000000
vt 0.759961 0.743145 0.000000
vt 0.771596 0.747186 0.000000
vt 0.785842 0.703423 0.000000
vt 0.773016 0.689068 0.000000
vt 0.761910 0.696635 0.000000
vt 0.753664 0.700098 0.000000
vt 0.843605 0.783105 0.000000
vt 0.829001 0.782563 0.000000
vt 0.832338 0.800241 0.000000
vt 0.853246 0.791853 0.000000
vt 0.874730 0.772402 0.000000
vt 0.850404 0.771060 0.000000
vt 0.830671 0.766504 0.000000
vt 0.191537 0.461468 0.000000
vt 0.226650 0.404239 0.000000
vt 0.191037 0.384400 0.000000
vt 0.163862 0.403128 0.000000
vt 0.144160 0.409948 0.000000
vt 0.144991 0.461468 0.000000
vt 0.330914 0.995161 0.000000
vt 0.347087 0.999833 0.000000
vt 0.358667 0.961991 0.000000
vt 0.343440 0.959533 0.000000
vt 0.125966 0.356715 0.000000
vt 0.124764 0.359522 0.000000
vt 0.130311 0.357378 0.000000
vt 0.128529 0.353476 0.000000
vt 0.123978 0.353662 0.000000
vt 0.120803 0.356994 0.000000
vt 0.127131 0.350838 0.000000
vt 0.139402 0.357556 0.000000
vt 0.149812 0.354698 0.000000
vt 0.147564 0.344186 0.000000
vt 0.139627 0.346430 0.000000
vt 0.141730 0.378053 0.000000
vt 0.155818 0.373449 0.000000
vt 0.135457 0.346346 0.000000
vt 0.133503 0.352152 0.000000
vt 0.131211 0.364906 0.000000
vt 0.143215 0.331409 0.000000
vt 0.144858 0.336990 0.000000
vt 0.151882 0.329621 0.000000
vt 0.147631 0.324493 0.000000
vt 0.143539 0.321296 0.000000
vt 0.139291 0.330719 0.000000
vt 0.138988 0.339057 0.000000
vt 0.129728 0.346409 0.000000
vt 0.128899 0.338720 0.000000
vt 0.125271 0.338830 0.000000
vt 0.127088 0.345816 0.000000
vt 0.129668 0.348892 0.000000
vt 0.131113 0.345773 0.000000
vt 0.130956 0.338685 0.000000
vt 0.259537 0.894280 0.000000
vt 0.257030 0.870450 0.000000
vt 0.227300 0.876314 0.000000
vt 0.223542 0.900509 0.000000
vt 0.289558 0.880755 0.000000
vt 0.284221 0.860051 0.000000
vt 0.277160 0.907475 0.000000
vt 0.294199 0.902519 0.000000
vt 0.249310 0.913026 0.000000
vt 0.273045 0.918172 0.000000
vt 0.220526 0.916644 0.000000
vt 0.292753 0.920388 0.000000
vt 0.191368 0.907714 0.000000
vt 0.170151 0.928323 0.000000
vt 0.177309 0.936914 0.000000
vt 0.194609 0.926010 0.000000
vt 0.172756 0.897856 0.000000
vt 0.159967 0.917834 0.000000
vt 0.201657 0.876722 0.000000
vt 0.183673 0.871812 0.000000
vt 0.370912 0.577205 0.000000
vt 0.370497 0.573758 0.000000
vt 0.367192 0.575063 0.000000
vt 0.369804 0.579439 0.000000
vt 0.372038 0.580203 0.000000
vt 0.358362 0.598264 0.000000
vt 0.368870 0.602569 0.000000
vt 0.871285 0.460312 0.000000
vt 0.885426 0.461468 0.000000
vt 0.899384 0.446973 0.000000
vt 0.887998 0.442732 0.000000
vt 0.872901 0.436942 0.000000
vt 0.859604 0.451071 0.000000
vt 0.379141 0.714606 0.000000
vt 0.338304 0.689764 0.000000
vt 0.341340 0.702656 0.000000
vt 0.374247 0.962368 0.000000
vt 0.384332 0.929180 0.000000
vt 0.367650 0.928256 0.000000
vt 0.881025 0.755019 0.000000
vt 0.856264 0.757101 0.000000
vt 0.355770 0.999833 0.000000
vt 0.150983 0.981792 0.000000
vt 0.144856 0.979101 0.000000
vt 0.139311 0.985404 0.000000
vt 0.142316 0.988537 0.000000
vt 0.155134 0.974548 0.000000
vt 0.147829 0.972880 0.000000
vt 0.145646 0.993335 0.000000
vt 0.155298 0.985643 0.000000
vt 0.141765 0.953609 0.000000
vt 0.129255 0.955503 0.000000
vt 0.129964 0.963495 0.000000
vt 0.140035 0.964489 0.000000
vt 0.150582 0.966862 0.000000
vt 0.154480 0.958916 0.000000
vt 0.164379 0.948232 0.000000
vt 0.155233 0.942082 0.000000
vt 0.147544 0.932196 0.000000
vt 0.135928 0.941544 0.000000
vt 0.126802 0.944965 0.000000
vt 0.136376 0.982738 0.000000
vt 0.138265 0.977619 0.000000
vt 0.128694 0.981682 0.000000
vt 0.128994 0.987221 0.000000
vt 0.129100 0.976010 0.000000
vt 0.117148 0.973152 0.000000
vt 0.116440 0.978634 0.000000
vt 0.139370 0.971551 0.000000
vt 0.129717 0.970132 0.000000
vt 0.118024 0.967882 0.000000
vt 0.104652 0.965070 0.000000
vt 0.102815 0.970465 0.000000
vt 0.118826 0.962271 0.000000
vt 0.106733 0.959872 0.000000
vt 0.095917 0.953656 0.000000
vt 0.092238 0.959687 0.000000
vt 0.081741 0.951676 0.000000
vt 0.077093 0.958290 0.000000
vt 0.088826 0.965923 0.000000
vt 0.086636 0.945345 0.000000
vt 0.079407 0.936648 0.000000
vt 0.073207 0.942606 0.000000
vt 0.092706 0.939121 0.000000
vt 0.086798 0.930766 0.000000
vt 0.074497 0.928528 0.000000
vt 0.099698 0.933123 0.000000
vt 0.094411 0.924589 0.000000
vt 0.106954 0.926846 0.000000
vt 0.100386 0.918146 0.000000
vt 0.113372 0.920818 0.000000
vt 0.104887 0.911280 0.000000
vt 0.097374 0.905118 0.000000
vt 0.109814 0.903324 0.000000
vt 0.100610 0.895950 0.000000
vt 0.090179 0.891737 0.000000
vt 0.088409 0.901524 0.000000
vt 0.078842 0.890981 0.000000
vt 0.078237 0.901376 0.000000
vt 0.067467 0.892871 0.000000
vt 0.068041 0.903821 0.000000
vt 0.069447 0.912534 0.000000
vt 0.059564 0.906563 0.000000
vt 0.061608 0.915910 0.000000
vt 0.064156 0.924372 0.000000
vt 0.071470 0.920598 0.000000
vt 0.067719 0.933080 0.000000
vt 0.058438 0.927715 0.000000
vt 0.062118 0.937331 0.000000
vt 0.067889 0.948195 0.000000
vt 0.056600 0.941280 0.000000
vt 0.062318 0.953455 0.000000
vt 0.071878 0.965403 0.000000
vt 0.055672 0.959205 0.000000
vt 0.066272 0.972649 0.000000
vt 0.082324 0.980568 0.000000
vt 0.085733 0.972791 0.000000
vt 0.100172 0.982713 0.000000
vt 0.101377 0.976188 0.000000
vt 0.115982 0.984794 0.000000
vt 0.099211 0.990298 0.000000
vt 0.116000 0.991563 0.000000
vt 0.130364 0.993075 0.000000
vt 0.116978 0.999833 0.000000
vt 0.132751 0.999833 0.000000
vt 0.453649 0.909066 0.000000
vt 0.444923 0.919805 0.000000
vt 0.451694 0.922098 0.000000
vt 0.458926 0.911548 0.000000
vt 0.465241 0.902950 0.000000
vt 0.461280 0.900398 0.000000
vt 0.465943 0.914351 0.000000
vt 0.470353 0.906209 0.000000
vt 0.474826 0.898366 0.000000
vt 0.470679 0.895710 0.000000
vt 0.467337 0.893675 0.000000
vt 0.478095 0.890656 0.000000
vt 0.475491 0.888757 0.000000
vt 0.471394 0.888757 0.000000
vt 0.165250 0.973357 0.000000
vt 0.169633 0.969813 0.000000
vt 0.163330 0.964000 0.000000
vt 0.158510 0.969609 0.000000
vt 0.161187 0.978882 0.000000
vt 0.178221 0.962164 0.000000
vt 0.172094 0.954668 0.000000
vt 0.188069 0.954201 0.000000
vt 0.183241 0.945744 0.000000
vt 0.201427 0.945532 0.000000
vt 0.198406 0.936385 0.000000
vt 0.218453 0.940950 0.000000
vt 0.219287 0.929726 0.000000
vt 0.238630 0.939575 0.000000
vt 0.243438 0.926750 0.000000
vt 0.258933 0.941286 0.000000
vt 0.265938 0.929299 0.000000
vt 0.277883 0.947758 0.000000
vt 0.286758 0.934811 0.000000
vt 0.294868 0.958534 0.000000
vt 0.306326 0.941496 0.000000
vt 0.312912 0.921582 0.000000
vt 0.332475 0.924384 0.000000
vt 0.336974 0.896291 0.000000
vt 0.315722 0.897812 0.000000
vt 0.324704 0.949683 0.000000
vt 0.311905 0.973634 0.000000
vt 0.350543 0.927370 0.000000
vt 0.277352 0.461468 0.000000
vt 0.289541 0.410133 0.000000
vt 0.347092 0.461468 0.000000
vt 0.348909 0.413364 0.000000
vt 0.349348 0.364310 0.000000
vt 0.298640 0.365585 0.000000
vt 0.408080 0.461468 0.000000
vt 0.400470 0.413850 0.000000
vt 0.392660 0.364467 0.000000
vt 0.384540 0.319044 0.000000
vt 0.346985 0.321651 0.000000
vt 0.442641 0.398003 0.000000
vt 0.427872 0.354242 0.000000
vt 0.416369 0.312758 0.000000
vt 0.405943 0.274510 0.000000
vt 0.376019 0.279536 0.000000
vt 0.461685 0.335884 0.000000
vt 0.448450 0.302376 0.000000
vt 0.436084 0.267376 0.000000
vt 0.424839 0.230574 0.000000
vt 0.394880 0.236397 0.000000
vt 0.515498 0.932889 0.000000
vt 0.517784 0.921867 0.000000
vt 0.508438 0.920718 0.000000
vt 0.506727 0.931878 0.000000
vt 0.505825 0.944225 0.000000
vt 0.514260 0.944536 0.000000
vt 0.506882 0.957381 0.000000
vt 0.515105 0.956638 0.000000
vt 0.496540 0.930678 0.000000
vt 0.495987 0.943490 0.000000
vt 0.496855 0.957195 0.000000
vt 0.500023 0.971485 0.000000
vt 0.509978 0.970704 0.000000
vt 0.483482 0.941996 0.000000
vt 0.483879 0.956146 0.000000
vt 0.486374 0.971386 0.000000
vt 0.489405 0.985367 0.000000
vt 0.504061 0.985172 0.000000
vt 0.467252 0.954513 0.000000
vt 0.469258 0.970513 0.000000
vt 0.471958 0.985167 0.000000
vt 0.474430 0.996795 0.000000
vt 0.492180 0.997114 0.000000
vt 0.453383 0.969257 0.000000
vt 0.456148 0.985518 0.000000
vt 0.458710 0.998269 0.000000
vt 0.004236 0.921958 0.000000
vt 0.019133 0.912931 0.000000
vt 0.013684 0.891862 0.000000
vt 0.000167 0.896451 0.000000
vt 0.443161 0.985802 0.000000
vt 0.444580 0.999833 0.000000
vt 0.014225 0.940918 0.000000
vt 0.027718 0.926803 0.000000
vt 0.037252 0.918586 0.000000
vt 0.030644 0.906143 0.000000
vt 0.040424 0.901437 0.000000
vt 0.036905 0.883947 0.000000
vt 0.025839 0.887720 0.000000
vt 0.044864 0.913376 0.000000
vt 0.052253 0.909826 0.000000
vt 0.049183 0.897880 0.000000
vt 0.049362 0.922150 0.000000
vt 0.055405 0.918793 0.000000
vt 0.053336 0.930607 0.000000
vt 0.057966 0.895143 0.000000
vt 0.057305 0.878829 0.000000
vt 0.047111 0.881140 0.000000
vt 0.057870 0.856329 0.000000
vt 0.046236 0.858164 0.000000
vt 0.035047 0.859953 0.000000
vt 0.048140 0.832289 0.000000
vt 0.036256 0.833442 0.000000
vt 0.024897 0.834933 0.000000
vt 0.023869 0.862099 0.000000
vt 0.013219 0.837503 0.000000
vt 0.012542 0.864567 0.000000
vt 0.000167 0.842021 0.000000
vt 0.000167 0.867729 0.000000
vt 0.013504 0.816723 0.000000
vt 0.000948 0.822332 0.000000
vt 0.507864 0.997333 0.000000
vt 0.519588 0.995965 0.000000
vt 0.514705 0.983740 0.000000
vt 0.527781 0.993761 0.000000
vt 0.521828 0.981633 0.000000
vt 0.517652 0.969326 0.000000
vt 0.396316 0.153286 0.000000
vt 0.383192 0.114285 0.000000
vt 0.354092 0.118423 0.000000
vt 0.368623 0.158322 0.000000
vt 0.382539 0.198125 0.000000
vt 0.412058 0.192575 0.000000
vt 0.340625 0.164815 0.000000
vt 0.354216 0.203308 0.000000
vt 0.366053 0.241121 0.000000
vt 0.326287 0.209974 0.000000
vt 0.336127 0.246223 0.000000
vt 0.342912 0.283077 0.000000
vt 0.303597 0.253173 0.000000
vt 0.305908 0.288791 0.000000
vt 0.304788 0.326238 0.000000
vt 0.268202 0.293407 0.000000
vt 0.261670 0.327096 0.000000
vt 0.249794 0.364645 0.000000
vt 0.225833 0.326617 0.000000
vt 0.211876 0.356453 0.000000
vt 0.200264 0.322954 0.000000
vt 0.187613 0.344684 0.000000
vt 0.172010 0.362771 0.000000
vt 0.174547 0.333794 0.000000
vt 0.161992 0.347194 0.000000
vt 0.165889 0.325702 0.000000
vt 0.156569 0.336853 0.000000
vt 0.159230 0.319064 0.000000
vt 0.174454 0.311621 0.000000
vt 0.166087 0.307024 0.000000
vt 0.159056 0.302627 0.000000
vt 0.153507 0.314220 0.000000
vt 0.152915 0.299140 0.000000
vt 0.148638 0.310797 0.000000
vt 0.147498 0.296903 0.000000
vt 0.143829 0.308177 0.000000
vt 0.139850 0.318939 0.000000
vt 0.136473 0.329406 0.000000
vt 0.139542 0.306599 0.000000
vt 0.136476 0.317700 0.000000
vt 0.133944 0.328948 0.000000
vt 0.133194 0.338705 0.000000
vt 0.135674 0.338952 0.000000
vt 0.133008 0.317043 0.000000
vt 0.131270 0.328738 0.000000
vt 0.129288 0.316998 0.000000
vt 0.128522 0.328856 0.000000
vt 0.125518 0.317246 0.000000
vt 0.124926 0.329420 0.000000
vt 0.121269 0.317726 0.000000
vt 0.121061 0.330125 0.000000
vt 0.121806 0.340011 0.000000
vt 0.124122 0.347002 0.000000
vt 0.116561 0.331120 0.000000
vt 0.118159 0.341491 0.000000
vt 0.120723 0.348977 0.000000
vt 0.113309 0.343431 0.000000
vt 0.116855 0.351316 0.000000
vt 0.104906 0.347745 0.000000
vt 0.109811 0.355745 0.000000
vt 0.115200 0.363180 0.000000
vt 0.122752 0.366712 0.000000
vt 0.099431 0.366914 0.000000
vt 0.108352 0.374885 0.000000
vt 0.119403 0.380862 0.000000
vt 0.131039 0.381992 0.000000
vt 0.098742 0.397760 0.000000
vt 0.113348 0.405176 0.000000
vt 0.128922 0.410237 0.000000
vt 0.100743 0.447861 0.000000
vt 0.122437 0.461468 0.000000
vt 0.081933 0.434352 0.000000
vt 0.905161 0.747007 0.000000
vt 0.904685 0.739289 0.000000
vt 0.883758 0.742345 0.000000
vt 0.906325 0.755582 0.000000
vt 0.904506 0.731764 0.000000
vt 0.886005 0.731360 0.000000
vt 0.866573 0.730403 0.000000
vt 0.861055 0.744215 0.000000
vt 0.851673 0.724816 0.000000
vt 0.843285 0.739215 0.000000
vt 0.835827 0.752138 0.000000
vt 0.825391 0.728415 0.000000
vt 0.817110 0.742598 0.000000
vt 0.810895 0.759316 0.000000
vt 0.790049 0.753756 0.000000
vt 0.788392 0.777531 0.000000
vt 0.809089 0.779014 0.000000
vt 0.796205 0.731800 0.000000
vt 0.806024 0.716982 0.000000
vt 0.834723 0.715262 0.000000
vt 0.816329 0.704324 0.000000
vt 0.798402 0.692451 0.000000
vt 0.827606 0.692220 0.000000
vt 0.810910 0.680680 0.000000
vt 0.797593 0.669667 0.000000
vt 0.784487 0.680042 0.000000
vt 0.787546 0.659169 0.000000
vt 0.775403 0.667929 0.000000
vt 0.765867 0.675481 0.000000
vt 0.757347 0.681100 0.000000
vt 0.769615 0.657846 0.000000
vt 0.760019 0.663891 0.000000
vt 0.753356 0.668837 0.000000
vt 0.755789 0.653317 0.000000
vt 0.750112 0.657462 0.000000
vt 0.750470 0.642445 0.000000
vt 0.744401 0.645281 0.000000
vt 0.739415 0.647818 0.000000
vt 0.734541 0.632802 0.000000
vt 0.729454 0.633989 0.000000
vt 0.735036 0.650171 0.000000
vt 0.740113 0.631586 0.000000
vt 0.738354 0.615627 0.000000
vt 0.732518 0.615041 0.000000
vt 0.746513 0.630229 0.000000
vt 0.744751 0.616085 0.000000
vt 0.746827 0.601192 0.000000
vt 0.740713 0.598996 0.000000
vt 0.754185 0.628249 0.000000
vt 0.752012 0.616243 0.000000
vt 0.753181 0.603197 0.000000
vt 0.758806 0.590872 0.000000
vt 0.752985 0.587930 0.000000
vt 0.759758 0.578976 0.000000
vt 0.754727 0.575593 0.000000
vt 0.747544 0.585074 0.000000
vt 0.765078 0.581995 0.000000
vt 0.750175 0.571725 0.000000
vt 0.741966 0.581856 0.000000
vt 0.734832 0.596748 0.000000
vt 0.736373 0.578171 0.000000
vt 0.729291 0.594420 0.000000
vt 0.727116 0.614685 0.000000
vt 0.723706 0.592289 0.000000
vt 0.721867 0.614120 0.000000
vt 0.724475 0.635067 0.000000
vt 0.014969 0.649677 0.000000
vt 0.005444 0.666934 0.000000
vt 0.009961 0.666792 0.000000
vt 0.018778 0.650694 0.000000
vt 0.026659 0.638569 0.000000
vt 0.023972 0.636094 0.000000
vt 0.730827 0.652757 0.000000
vt 0.015764 0.667547 0.000000
vt 0.023461 0.652525 0.000000
vt 0.028916 0.643217 0.000000
vt 0.021708 0.668103 0.000000
vt 0.028966 0.653782 0.000000
vt 0.034758 0.642655 0.000000
vt 0.030175 0.668684 0.000000
vt 0.035744 0.655399 0.000000
vt 0.040748 0.644832 0.000000
vt 0.044521 0.656768 0.000000
vt 0.047745 0.647098 0.000000
vt 0.721867 0.674756 0.000000
vt 0.721867 0.684489 0.000000
vt 0.054592 0.657927 0.000000
vt 0.056353 0.648482 0.000000
vt 0.725064 0.695097 0.000000
vt 0.066419 0.657947 0.000000
vt 0.066629 0.648625 0.000000
vt 0.729345 0.707236 0.000000
vt 0.737716 0.704875 0.000000
vt 0.732775 0.720266 0.000000
vt 0.740870 0.719442 0.000000
vt 0.748911 0.718004 0.000000
vt 0.745668 0.702643 0.000000
vt 0.741000 0.737890 0.000000
vt 0.750026 0.740388 0.000000
vt 0.738284 0.758630 0.000000
vt 0.747845 0.764016 0.000000
vt 0.758606 0.769808 0.000000
vt 0.740267 0.786448 0.000000
vt 0.752784 0.795038 0.000000
vt 0.769855 0.800241 0.000000
vt 0.770886 0.774688 0.000000
vt 0.790745 0.800241 0.000000
vt 0.461223 0.861287 0.000000
vt 0.482585 0.856414 0.000000
vt 0.478141 0.833774 0.000000
vt 0.451566 0.840180 0.000000
vt 0.478739 0.812070 0.000000
vt 0.447720 0.819204 0.000000
vt 0.413571 0.803070 0.000000
vt 0.412238 0.779553 0.000000
vt 0.413902 0.755217 0.000000
vt 0.393072 0.746861 0.000000
vt 0.418086 0.732994 0.000000
vt 0.398243 0.722442 0.000000
vt 0.374363 0.739699 0.000000
vt 0.424861 0.712970 0.000000
vt 0.405797 0.700717 0.000000
vt 0.436167 0.695707 0.000000
vt 0.419291 0.679055 0.000000
vt 0.449717 0.681682 0.000000
vt 0.433891 0.664406 0.000000
vt 0.464767 0.667198 0.000000
vt 0.449003 0.652058 0.000000
vt 0.434596 0.635849 0.000000
vt 0.463811 0.640015 0.000000
vt 0.449567 0.625495 0.000000
vt 0.437339 0.609838 0.000000
vt 0.422894 0.618697 0.000000
vt 0.427884 0.593929 0.000000
vt 0.414299 0.601055 0.000000
vt 0.422663 0.581213 0.000000
vt 0.409681 0.586773 0.000000
vt 0.397656 0.592741 0.000000
vt 0.387729 0.598339 0.000000
vt 0.407323 0.575909 0.000000
vt 0.395775 0.581615 0.000000
vt 0.386517 0.587099 0.000000
vt 0.378611 0.591780 0.000000
vt 0.378766 0.602302 0.000000
vt 0.394748 0.573416 0.000000
vt 0.385367 0.580070 0.000000
vt 0.378156 0.585445 0.000000
vt 0.383891 0.574865 0.000000
vt 0.377130 0.580879 0.000000
vt 0.382182 0.571261 0.000000
vt 0.375875 0.578153 0.000000
vt 0.393027 0.566773 0.000000
vt 0.390319 0.561649 0.000000
vt 0.387191 0.558402 0.000000
vt 0.400770 0.553222 0.000000
vt 0.397887 0.548326 0.000000
vt 0.394452 0.544271 0.000000
vt 0.384378 0.556003 0.000000
vt 0.390475 0.541028 0.000000
vt 0.381315 0.554098 0.000000
vt 0.385881 0.538363 0.000000
vt 0.377013 0.552825 0.000000
vt 0.371867 0.564780 0.000000
vt 0.371796 0.551790 0.000000
vt 0.367302 0.565213 0.000000
vt 0.365361 0.551199 0.000000
vt 0.361862 0.566592 0.000000
vt 0.380419 0.535781 0.000000
vt 0.373776 0.533492 0.000000
vt 0.919106 0.428409 0.000000
vt 0.941982 0.401280 0.000000
vt 0.926273 0.397452 0.000000
vt 0.906187 0.423559 0.000000
vt 0.905282 0.392892 0.000000
vt 0.888507 0.418573 0.000000
vt 0.874177 0.389165 0.000000
vt 0.862708 0.413555 0.000000
vt 0.851817 0.431516 0.000000
vt 0.842378 0.445823 0.000000
vt 0.831030 0.411026 0.000000
vt 0.823688 0.429453 0.000000
vt 0.816515 0.444609 0.000000
vt 0.789597 0.432386 0.000000
vt 0.784642 0.450053 0.000000
vt 0.354378 0.627441 0.000000
vt 0.343742 0.646978 0.000000
vt 0.350426 0.656530 0.000000
vt 0.362571 0.633261 0.000000
vt 0.366918 0.614573 0.000000
vt 0.356678 0.610623 0.000000
vt 0.328724 0.665077 0.000000
vt 0.333924 0.677977 0.000000
vt 0.315056 0.673926 0.000000
vt 0.317052 0.688374 0.000000
vt 0.318343 0.701673 0.000000
vt 0.299691 0.692800 0.000000
vt 0.299522 0.707863 0.000000
vt 0.301112 0.724067 0.000000
vt 0.320567 0.714886 0.000000
vt 0.306485 0.740353 0.000000
vt 0.281222 0.731839 0.000000
vt 0.288174 0.752023 0.000000
vt 0.300040 0.770275 0.000000
vt 0.316904 0.756908 0.000000
vt 0.268828 0.764041 0.000000
vt 0.282579 0.784901 0.000000
vt 0.295455 0.803996 0.000000
vt 0.265409 0.795342 0.000000
vt 0.273949 0.817004 0.000000
vt 0.279697 0.838480 0.000000
vt 0.303888 0.825572 0.000000
vt 0.309011 0.849520 0.000000
vt 0.314149 0.872274 0.000000
vt 0.337914 0.867441 0.000000
vt 0.254199 0.825206 0.000000
vt 0.255443 0.848464 0.000000
vt 0.235593 0.828382 0.000000
vt 0.231368 0.852537 0.000000
vt 0.217130 0.827156 0.000000
vt 0.209313 0.850940 0.000000
vt 0.199094 0.824091 0.000000
vt 0.191308 0.847227 0.000000
vt 0.180829 0.822683 0.000000
vt 0.174474 0.843207 0.000000
vt 0.167716 0.864909 0.000000
vt 0.157926 0.838765 0.000000
vt 0.151896 0.857507 0.000000
vt 0.144652 0.876545 0.000000
vt 0.158757 0.887077 0.000000
vt 0.136237 0.892535 0.000000
vt 0.148158 0.905996 0.000000
vt 0.126454 0.905352 0.000000
vt 0.137579 0.919806 0.000000
vt 0.119569 0.914066 0.000000
vt 0.129139 0.927388 0.000000
vt 0.121248 0.932737 0.000000
vt 0.116571 0.893370 0.000000
vt 0.123992 0.879834 0.000000
vt 0.111450 0.868504 0.000000
vt 0.105956 0.883576 0.000000
vt 0.097164 0.860954 0.000000
vt 0.093260 0.877942 0.000000
vt 0.082931 0.857086 0.000000
vt 0.080024 0.876518 0.000000
vt 0.069836 0.855683 0.000000
vt 0.067849 0.877439 0.000000
vt 0.088040 0.836990 0.000000
vt 0.074587 0.832623 0.000000
vt 0.061409 0.831656 0.000000
vt 0.082577 0.814403 0.000000
vt 0.095076 0.822018 0.000000
vt 0.101469 0.811816 0.000000
vt 0.090497 0.801968 0.000000
vt 0.107822 0.803540 0.000000
vt 0.099106 0.792187 0.000000
vt 0.584737 0.150959 0.000000
vt 0.564921 0.150959 0.000000
vt 0.567112 0.161517 0.000000
vt 0.586994 0.163710 0.000000
vt 0.567935 0.175476 0.000000
vt 0.587891 0.178650 0.000000
vt 0.607669 0.183182 0.000000
vt 0.586143 0.197556 0.000000
vt 0.603038 0.203877 0.000000
vt 0.617993 0.212210 0.000000
vt 0.624962 0.190760 0.000000
vt 0.630798 0.221510 0.000000
vt 0.639933 0.200817 0.000000
vt 0.643031 0.231974 0.000000
vt 0.654656 0.213200 0.000000
vt 0.662143 0.197757 0.000000
vt 0.670336 0.228760 0.000000
vt 0.680069 0.213651 0.000000
vt 0.687472 0.198439 0.000000
vt 0.668981 0.183029 0.000000
vt 0.613760 0.939004 0.000000
vt 0.610046 0.927759 0.000000
vt 0.600703 0.927759 0.000000
vt 0.604504 0.940024 0.000000
vt 0.589430 0.927759 0.000000
vt 0.592501 0.940305 0.000000
vt 0.595135 0.953695 0.000000
vt 0.596851 0.966258 0.000000
vt 0.579165 0.940039 0.000000
vt 0.580870 0.953054 0.000000
vt 0.582263 0.965596 0.000000
vt 0.583291 0.977222 0.000000
vt 0.596999 0.978043 0.000000
vt 0.566414 0.953256 0.000000
vt 0.567473 0.965979 0.000000
vt 0.568639 0.977567 0.000000
vt 0.568841 0.988442 0.000000
vt 0.582941 0.988307 0.000000
vt 0.552907 0.966386 0.000000
vt 0.554187 0.978376 0.000000
vt 0.554906 0.989601 0.000000
vt 0.554842 0.999833 0.000000
vt 0.568088 0.998839 0.000000
vt 0.540584 0.977320 0.000000
vt 0.541592 0.987837 0.000000
vt 0.542412 0.997958 0.000000
vt 0.119004 0.000500 0.000000
vt 0.119953 0.039011 0.000000
vt 0.156353 0.039852 0.000000
vt 0.158490 0.000500 0.000000
vt 0.528782 0.988796 0.000000
vt 0.530569 0.999833 0.000000
vt 0.079896 0.000500 0.000000
vt 0.085270 0.040273 0.000000
vt 0.086526 0.082422 0.000000
vt 0.119014 0.082162 0.000000
vt 0.951172 0.633273 0.000000
vt 0.948310 0.622581 0.000000
vt 0.946764 0.650228 0.000000
vt 0.956360 0.644639 0.000000
vt 0.937241 0.657556 0.000000
vt 0.945571 0.668571 0.000000
vt 0.954597 0.662684 0.000000
vt 0.963418 0.657672 0.000000
vt 0.086026 0.131987 0.000000
vt 0.057752 0.149739 0.000000
vt 0.080511 0.192548 0.000000
vt 0.100339 0.183386 0.000000
vt 0.119413 0.179560 0.000000
vt 0.116847 0.130240 0.000000
vt 0.137932 0.177994 0.000000
vt 0.142365 0.129762 0.000000
vt 0.150688 0.081787 0.000000
vt 0.167385 0.132383 0.000000
vt 0.155620 0.179261 0.000000
vt 0.173045 0.182207 0.000000
vt 0.192030 0.140052 0.000000
vt 0.191386 0.189645 0.000000
vt 0.215184 0.154316 0.000000
vt 0.209606 0.201642 0.000000
vt 0.235664 0.174536 0.000000
vt 0.268769 0.150112 0.000000
vt 0.253033 0.199935 0.000000
vt 0.284497 0.183173 0.000000
vt 0.313664 0.172969 0.000000
vt 0.297037 0.135286 0.000000
vt 0.324530 0.125768 0.000000
vt 0.337401 0.078043 0.000000
vt 0.322455 0.035913 0.000000
vt 0.369322 0.074303 0.000000
vt 0.360884 0.037083 0.000000
vt 0.361814 0.003803 0.000000
vt 0.322229 0.000500 0.000000
vt 0.012678 0.800686 0.000000
vt 0.000167 0.808389 0.000000
vt 0.025731 0.813379 0.000000
vt 0.024438 0.796777 0.000000
vt 0.605528 0.999833 0.000000
vt 0.595491 0.988868 0.000000
vt 0.593029 0.999833 0.000000
vt 0.617744 0.999833 0.000000
vt 0.581127 0.999833 0.000000
vt 0.297204 0.218075 0.000000
vt 0.264493 0.229927 0.000000
vt 0.269968 0.261585 0.000000
vt 0.235235 0.244057 0.000000
vt 0.238123 0.271060 0.000000
vt 0.235612 0.298991 0.000000
vt 0.212874 0.278439 0.000000
vt 0.208875 0.300016 0.000000
vt 0.195801 0.281404 0.000000
vt 0.191919 0.298707 0.000000
vt 0.185718 0.317363 0.000000
vt 0.180803 0.296612 0.000000
vt 0.183283 0.282422 0.000000
vt 0.174439 0.283131 0.000000
vt 0.171557 0.294616 0.000000
vt 0.166730 0.282091 0.000000
vt 0.163939 0.291857 0.000000
vt 0.159414 0.280256 0.000000
vt 0.156858 0.288767 0.000000
vt 0.152932 0.278275 0.000000
vt 0.150543 0.286501 0.000000
vt 0.147390 0.276860 0.000000
vt 0.144966 0.285324 0.000000
vt 0.142602 0.295517 0.000000
vt 0.139913 0.284414 0.000000
vt 0.137790 0.294510 0.000000
vt 0.135505 0.305532 0.000000
vt 0.132948 0.293643 0.000000
vt 0.131261 0.305001 0.000000
vt 0.128342 0.292668 0.000000
vt 0.126972 0.304616 0.000000
vt 0.123405 0.291517 0.000000
vt 0.122392 0.304492 0.000000
vt 0.117532 0.290380 0.000000
vt 0.116767 0.304380 0.000000
vt 0.116044 0.318164 0.000000
vt 0.109466 0.303747 0.000000
vt 0.109632 0.318725 0.000000
vt 0.110564 0.332558 0.000000
vt 0.097967 0.320078 0.000000
vt 0.100895 0.335868 0.000000
vt 0.077749 0.324570 0.000000
vt 0.084741 0.343208 0.000000
vt 0.091642 0.357065 0.000000
vt 0.060498 0.356814 0.000000
vt 0.073315 0.374067 0.000000
vt 0.085413 0.387337 0.000000
vt 0.045257 0.403369 0.000000
vt 0.063956 0.420622 0.000000
vt 0.027994 0.379072 0.000000
vt 0.905812 0.723949 0.000000
vt 0.909084 0.715895 0.000000
vt 0.894744 0.709491 0.000000
vt 0.889559 0.720234 0.000000
vt 0.880958 0.702553 0.000000
vt 0.873570 0.715281 0.000000
vt 0.868340 0.696052 0.000000
vt 0.859877 0.710287 0.000000
vt 0.854626 0.688588 0.000000
vt 0.844540 0.702194 0.000000
vt 0.839044 0.680053 0.000000
vt 0.864804 0.675025 0.000000
vt 0.850568 0.666956 0.000000
vt 0.835654 0.658269 0.000000
vt 0.823988 0.669998 0.000000
vt 0.821882 0.648418 0.000000
vt 0.810447 0.658780 0.000000
vt 0.810477 0.638050 0.000000
vt 0.799809 0.648976 0.000000
vt 0.802316 0.630753 0.000000
vt 0.791434 0.641176 0.000000
vt 0.780290 0.650526 0.000000
vt 0.784719 0.634261 0.000000
vt 0.773608 0.641979 0.000000
vt 0.763580 0.648277 0.000000
vt 0.767996 0.633685 0.000000
vt 0.758294 0.638701 0.000000
vt 0.763308 0.625011 0.000000
vt 0.778886 0.627257 0.000000
vt 0.773571 0.619987 0.000000
vt 0.789647 0.619694 0.000000
vt 0.784224 0.613144 0.000000
vt 0.795643 0.625222 0.000000
vt 0.804409 0.616746 0.000000
vt 0.811433 0.621677 0.000000
vt 0.817465 0.612882 0.000000
vt 0.810013 0.608325 0.000000
vt 0.820419 0.602616 0.000000
vt 0.812085 0.599254 0.000000
vt 0.821304 0.591940 0.000000
vt 0.811627 0.589330 0.000000
vt 0.803051 0.588156 0.000000
vt 0.810505 0.580073 0.000000
vt 0.801353 0.578908 0.000000
vt 0.809970 0.571793 0.000000
vt 0.800424 0.570892 0.000000
vt 0.791894 0.570487 0.000000
vt 0.799695 0.563849 0.000000
vt 0.791360 0.563694 0.000000
vt 0.784609 0.564016 0.000000
vt 0.784313 0.570215 0.000000
vt 0.778528 0.564170 0.000000
vt 0.777736 0.569576 0.000000
vt 0.790596 0.557592 0.000000
vt 0.798369 0.556800 0.000000
vt 0.795673 0.548743 0.000000
vt 0.787439 0.551130 0.000000
vt 0.789861 0.538168 0.000000
vt 0.780286 0.543520 0.000000
vt 0.006653 0.753514 0.000000
vt 0.014632 0.753514 0.000000
vt 0.014596 0.743632 0.000000
vt 0.006734 0.744408 0.000000
vt 0.000167 0.744333 0.000000
vt 0.000167 0.752887 0.000000
vt 0.006599 0.734089 0.000000
vt 0.000167 0.734022 0.000000
vt 0.761844 0.549680 0.000000
vt 0.751561 0.554931 0.000000
vt 0.754759 0.560725 0.000000
vt 0.763700 0.556328 0.000000
vt 0.757410 0.565137 0.000000
vt 0.764795 0.560825 0.000000
vt 0.745698 0.567733 0.000000
vt 0.740988 0.562681 0.000000
vt 0.730295 0.574176 0.000000
vt 0.000167 0.705980 0.000000
vt 0.000167 0.721353 0.000000
vt 0.006125 0.721293 0.000000
vt 0.006033 0.704780 0.000000
vt 0.006090 0.686347 0.000000
vt 0.000167 0.687476 0.000000
vt 0.011631 0.703366 0.000000
vt 0.011447 0.685138 0.000000
vt 0.017330 0.702269 0.000000
vt 0.018224 0.684004 0.000000
vt 0.024995 0.699850 0.000000
vt 0.026560 0.683269 0.000000
vt 0.035828 0.698817 0.000000
vt 0.037372 0.683130 0.000000
vt 0.040711 0.669031 0.000000
vt 0.052079 0.682770 0.000000
vt 0.052974 0.668912 0.000000
vt 0.067609 0.682390 0.000000
vt 0.066758 0.668816 0.000000
vt 0.080983 0.682048 0.000000
vt 0.079465 0.667859 0.000000
vt 0.078119 0.656332 0.000000
vt 0.091007 0.666343 0.000000
vt 0.089821 0.653503 0.000000
vt 0.088834 0.642766 0.000000
vt 0.077381 0.646972 0.000000
vt 0.100716 0.650476 0.000000
vt 0.100246 0.636094 0.000000
vt 0.732681 0.735309 0.000000
vt 0.728473 0.751810 0.000000
vt 0.110318 0.649076 0.000000
vt 0.111399 0.636094 0.000000
vt 0.721867 0.765192 0.000000
vt 0.730834 0.776534 0.000000
vt 0.517288 0.854778 0.000000
vt 0.533410 0.857658 0.000000
vt 0.536749 0.843244 0.000000
vt 0.520238 0.836991 0.000000
vt 0.501285 0.832507 0.000000
vt 0.500978 0.854175 0.000000
vt 0.530063 0.818465 0.000000
vt 0.508319 0.812023 0.000000
vt 0.541228 0.799499 0.000000
vt 0.557424 0.809067 0.000000
vt 0.570608 0.792651 0.000000
vt 0.546310 0.826234 0.000000
vt 0.560485 0.834218 0.000000
vt 0.570789 0.819123 0.000000
vt 0.553026 0.848520 0.000000
vt 0.567522 0.854612 0.000000
vt 0.574168 0.842299 0.000000
vt 0.549073 0.861334 0.000000
vt 0.562859 0.865925 0.000000
vt 0.575759 0.872288 0.000000
vt 0.581084 0.861378 0.000000
vt 0.110445 0.664390 0.000000
vt 0.101430 0.664919 0.000000
vt 0.102808 0.680119 0.000000
vt 0.111399 0.679645 0.000000
vt 0.099077 0.695059 0.000000
vt 0.105893 0.694586 0.000000
vt 0.092585 0.681281 0.000000
vt 0.090533 0.696126 0.000000
vt 0.090585 0.711208 0.000000
vt 0.097861 0.709600 0.000000
vt 0.079974 0.697294 0.000000
vt 0.080707 0.712894 0.000000
vt 0.082242 0.727631 0.000000
vt 0.092324 0.725688 0.000000
vt 0.066507 0.698284 0.000000
vt 0.067738 0.713985 0.000000
vt 0.069779 0.728634 0.000000
vt 0.071295 0.741124 0.000000
vt 0.083776 0.741020 0.000000
vt 0.051803 0.714339 0.000000
vt 0.055171 0.729079 0.000000
vt 0.057351 0.740661 0.000000
vt 0.058827 0.751095 0.000000
vt 0.072084 0.752544 0.000000
vt 0.042021 0.729581 0.000000
vt 0.044535 0.741344 0.000000
vt 0.046616 0.752082 0.000000
vt 0.837881 0.535210 0.000000
vt 0.837194 0.545903 0.000000
vt 0.855467 0.545177 0.000000
vt 0.856131 0.535210 0.000000
vt 0.033222 0.742427 0.000000
vt 0.035049 0.753514 0.000000
vt 0.819854 0.535210 0.000000
vt 0.820737 0.546518 0.000000
vt 0.821009 0.556397 0.000000
vt 0.836700 0.556054 0.000000
vt 0.803342 0.535210 0.000000
vt 0.806790 0.546767 0.000000
vt 0.808774 0.555978 0.000000
vt 0.809465 0.564184 0.000000
vt 0.821021 0.565076 0.000000
vt 0.820840 0.573462 0.000000
vt 0.835061 0.574692 0.000000
vt 0.836022 0.565608 0.000000
vt 0.852549 0.575822 0.000000
vt 0.853664 0.565479 0.000000
vt 0.854751 0.555264 0.000000
vt 0.873092 0.565965 0.000000
vt 0.874611 0.555489 0.000000
vt 0.875464 0.545309 0.000000
vt 0.894920 0.561953 0.000000
vt 0.895697 0.551554 0.000000
vt 0.895443 0.541206 0.000000
vt 0.875744 0.535210 0.000000
vt 0.913913 0.554862 0.000000
vt 0.912250 0.543360 0.000000
vt 0.085230 0.753514 0.000000
vt 0.096460 0.752744 0.000000
vt 0.094914 0.739191 0.000000
vt 0.104556 0.751009 0.000000
vt 0.102454 0.736522 0.000000
vt 0.099477 0.723145 0.000000
vt 0.108409 0.732588 0.000000
vt 0.105331 0.720236 0.000000
vt 0.103544 0.708778 0.000000
vt 0.600627 0.884423 0.000000
vt 0.610779 0.890189 0.000000
vt 0.617013 0.882931 0.000000
vt 0.606492 0.875442 0.000000
vt 0.594156 0.868572 0.000000
vt 0.587965 0.879672 0.000000
vt 0.612465 0.866165 0.000000
vt 0.600234 0.858545 0.000000
vt 0.587425 0.850444 0.000000
vt 0.607014 0.848106 0.000000
vt 0.595003 0.838745 0.000000
vt 0.582977 0.829190 0.000000
vt 0.603837 0.827011 0.000000
vt 0.593642 0.816197 0.000000
vt 0.582653 0.804819 0.000000
vt 0.605654 0.804510 0.000000
vt 0.596503 0.792807 0.000000
vt 0.585560 0.779865 0.000000
vt 0.611239 0.783651 0.000000
vt 0.601760 0.770968 0.000000
vt 0.621769 0.778436 0.000000
vt 0.615150 0.766349 0.000000
vt 0.607793 0.753927 0.000000
vt 0.600476 0.741786 0.000000
vt 0.625236 0.762984 0.000000
vt 0.618888 0.751591 0.000000
vt 0.612753 0.741077 0.000000
vt 0.608128 0.730296 0.000000
vt 0.595941 0.729593 0.000000
vt 0.627093 0.749385 0.000000
vt 0.620766 0.739401 0.000000
vt 0.616258 0.730079 0.000000
vt 0.614514 0.721429 0.000000
vt 0.607107 0.719167 0.000000
vt 0.626630 0.737830 0.000000
vt 0.621349 0.729180 0.000000
vt 0.618156 0.721624 0.000000
vt 0.624733 0.727833 0.000000
vt 0.621588 0.719689 0.000000
vt 0.634062 0.709661 0.000000
vt 0.633237 0.713151 0.000000
vt 0.639381 0.716888 0.000000
vt 0.641351 0.713908 0.000000
vt 0.643932 0.709864 0.000000
vt 0.635998 0.706916 0.000000
vt 0.649407 0.719084 0.000000
vt 0.652494 0.713714 0.000000
vt 0.618466 0.712039 0.000000
vt 0.625789 0.703221 0.000000
vt 0.616891 0.697589 0.000000
vt 0.611346 0.708247 0.000000
vt 0.602703 0.692160 0.000000
vt 0.598320 0.703923 0.000000
vt 0.595276 0.716567 0.000000
vt 0.580672 0.701721 0.000000
vt 0.578798 0.715246 0.000000
vt 0.558809 0.699715 0.000000
vt 0.556132 0.714053 0.000000
vt 0.534929 0.696406 0.000000
vt 0.527578 0.712363 0.000000
vt 0.512316 0.693398 0.000000
vt 0.502436 0.710400 0.000000
vt 0.493221 0.726475 0.000000
vt 0.482535 0.706174 0.000000
vt 0.473447 0.720811 0.000000
vt 0.465407 0.696616 0.000000
vt 0.453740 0.711406 0.000000
vt 0.493803 0.689189 0.000000
vt 0.479375 0.680950 0.000000
vt 0.507560 0.670163 0.000000
vt 0.493911 0.663034 0.000000
vt 0.479128 0.652393 0.000000
vt 0.505924 0.645987 0.000000
vt 0.492207 0.637358 0.000000
vt 0.477865 0.627381 0.000000
vt 0.503908 0.622672 0.000000
vt 0.490715 0.614115 0.000000
vt 0.477012 0.604164 0.000000
vt 0.463727 0.615579 0.000000
vt 0.464284 0.593000 0.000000
vt 0.451538 0.601601 0.000000
vt 0.454153 0.580592 0.000000
vt 0.441706 0.587290 0.000000
vt 0.447371 0.569148 0.000000
vt 0.435496 0.575320 0.000000
vt 0.442488 0.560512 0.000000
vt 0.431211 0.565823 0.000000
vt 0.419451 0.570812 0.000000
vt 0.427837 0.557225 0.000000
vt 0.416941 0.561529 0.000000
vt 0.405452 0.567144 0.000000
vt 0.414319 0.553245 0.000000
vt 0.403237 0.559798 0.000000
vt 0.411908 0.546027 0.000000
vt 0.425300 0.548681 0.000000
vt 0.423172 0.540299 0.000000
vt 0.420394 0.533201 0.000000
vt 0.408901 0.540039 0.000000
vt 0.417104 0.527059 0.000000
vt 0.405598 0.534822 0.000000
vt 0.413145 0.520961 0.000000
vt 0.401508 0.529916 0.000000
vt 0.408772 0.514390 0.000000
vt 0.396805 0.525359 0.000000
vt 0.404410 0.507679 0.000000
vt 0.391576 0.521029 0.000000
vt 0.398586 0.498904 0.000000
vt 0.384646 0.516256 0.000000
vt 0.958904 0.367933 0.000000
vt 0.967008 0.330802 0.000000
vt 0.946127 0.330111 0.000000
vt 0.941249 0.365543 0.000000
vt 0.921535 0.330183 0.000000
vt 0.918104 0.362742 0.000000
vt 0.888469 0.330232 0.000000
vt 0.883952 0.360378 0.000000
vt 0.850779 0.329825 0.000000
vt 0.846304 0.359565 0.000000
vt 0.838957 0.387738 0.000000
vt 0.812954 0.360709 0.000000
vt 0.804869 0.388204 0.000000
vt 0.796083 0.412274 0.000000
vt 0.774302 0.390739 0.000000
vt 0.763864 0.416094 0.000000
vt 0.756224 0.438637 0.000000
vt 0.738696 0.417161 0.000000
vt 0.732385 0.439604 0.000000
vt 0.726840 0.461468 0.000000
vt 0.751189 0.461468 0.000000
vt 0.716114 0.416927 0.000000
vt 0.709866 0.440370 0.000000
vt 0.703732 0.461468 0.000000
vt 0.684483 0.434308 0.000000
vt 0.677750 0.452375 0.000000
vt 0.299986 0.678598 0.000000
vt 0.282849 0.681505 0.000000
vt 0.280512 0.696236 0.000000
vt 0.264538 0.682253 0.000000
vt 0.279367 0.712664 0.000000
vt 0.649805 0.444586 0.000000
vt 0.657280 0.426436 0.000000
vt 0.629857 0.418268 0.000000
vt 0.620751 0.436844 0.000000
vt 0.245706 0.678629 0.000000
vt 0.604828 0.407627 0.000000
vt 0.592335 0.425259 0.000000
vt 0.228663 0.670249 0.000000
vt 0.586352 0.395190 0.000000
vt 0.572337 0.407089 0.000000
vt 0.559502 0.416714 0.000000
vt 0.577301 0.437941 0.000000
vt 0.559867 0.392517 0.000000
vt 0.547926 0.399167 0.000000
vt 0.537968 0.404652 0.000000
vt 0.548907 0.423918 0.000000
vt 0.563787 0.447883 0.000000
vt 0.529914 0.408708 0.000000
vt 0.539430 0.429568 0.000000
vt 0.552939 0.453317 0.000000
vt 0.521492 0.411853 0.000000
vt 0.530104 0.433554 0.000000
vt 0.542955 0.457417 0.000000
vt 0.518625 0.437926 0.000000
vt 0.532312 0.461468 0.000000
vt 0.198877 0.709520 0.000000
vt 0.191155 0.713654 0.000000
vt 0.197982 0.733993 0.000000
vt 0.207029 0.729037 0.000000
vt 0.205915 0.757280 0.000000
vt 0.216919 0.753033 0.000000
vt 0.214699 0.781518 0.000000
vt 0.227635 0.778204 0.000000
vt 0.240457 0.774478 0.000000
vt 0.253746 0.770729 0.000000
vt 0.234791 0.804334 0.000000
vt 0.249447 0.800821 0.000000
vt 0.219374 0.805322 0.000000
vt 0.199837 0.784367 0.000000
vt 0.202357 0.804705 0.000000
vt 0.183953 0.786255 0.000000
vt 0.183827 0.804923 0.000000
vt 0.167682 0.789056 0.000000
vt 0.166476 0.805964 0.000000
vt 0.163253 0.821547 0.000000
vt 0.149320 0.806604 0.000000
vt 0.146378 0.819010 0.000000
vt 0.142220 0.832669 0.000000
vt 0.130748 0.815214 0.000000
vt 0.127051 0.826256 0.000000
vt 0.122025 0.839038 0.000000
vt 0.136885 0.847854 0.000000
vt 0.117283 0.852597 0.000000
vt 0.131194 0.863386 0.000000
vt 0.108129 0.830130 0.000000
vt 0.102117 0.843861 0.000000
vt 0.113128 0.820328 0.000000
vt 0.117205 0.811585 0.000000
vt 0.133566 0.804842 0.000000
vt 0.119336 0.802261 0.000000
vt 0.547591 0.150959 0.000000
vt 0.549937 0.161840 0.000000
vt 0.135355 0.795527 0.000000
vt 0.121531 0.794014 0.000000
vt 0.548956 0.171544 0.000000
vt 0.136737 0.773662 0.000000
vt 0.121400 0.775897 0.000000
vt 0.547850 0.193611 0.000000
vt 0.567811 0.194876 0.000000
vt 0.545997 0.217047 0.000000
vt 0.565339 0.218335 0.000000
vt 0.581191 0.220914 0.000000
vt 0.561832 0.242883 0.000000
vt 0.575420 0.244577 0.000000
vt 0.586787 0.248085 0.000000
vt 0.595126 0.226537 0.000000
vt 0.596666 0.252939 0.000000
vt 0.607522 0.234187 0.000000
vt 0.605901 0.259836 0.000000
vt 0.618131 0.242768 0.000000
vt 0.614688 0.267859 0.000000
vt 0.628116 0.251536 0.000000
vt 0.620954 0.276600 0.000000
vt 0.637653 0.261613 0.000000
vt 0.655549 0.244692 0.000000
vt 0.646031 0.273333 0.000000
vt 0.666975 0.260915 0.000000
vt 0.686530 0.246264 0.000000
vt 0.698278 0.228678 0.000000
vt 0.723149 0.218776 0.000000
vt 0.704729 0.209679 0.000000
vt 0.726099 0.991866 0.000000
vt 0.735730 0.983134 0.000000
vt 0.726284 0.975198 0.000000
vt 0.717256 0.982681 0.000000
vt 0.707204 0.991047 0.000000
vt 0.715718 0.999833 0.000000
vt 0.719048 0.963699 0.000000
vt 0.709196 0.970946 0.000000
vt 0.698621 0.979460 0.000000
vt 0.702407 0.957218 0.000000
vt 0.691225 0.965267 0.000000
vt 0.576870 0.927759 0.000000
vt 0.697050 0.942347 0.000000
vt 0.684700 0.949992 0.000000
vt 0.563819 0.927759 0.000000
vt 0.565440 0.940092 0.000000
vt 0.551456 0.927759 0.000000
vt 0.552289 0.939745 0.000000
vt 0.552386 0.952914 0.000000
vt 0.539777 0.938915 0.000000
vt 0.539607 0.951820 0.000000
vt 0.539810 0.965690 0.000000
vt 0.528782 0.952266 0.000000
vt 0.528782 0.965951 0.000000
vt 0.528782 0.977706 0.000000
vt 0.945341 0.598090 0.000000
vt 0.946417 0.585548 0.000000
vt 0.935318 0.583627 0.000000
vt 0.933718 0.598057 0.000000
vt 0.946558 0.610471 0.000000
vt 0.924490 0.581864 0.000000
vt 0.921781 0.596910 0.000000
vt 0.910751 0.578702 0.000000
vt 0.907587 0.592278 0.000000
vt 0.893388 0.572726 0.000000
vt 0.890749 0.583895 0.000000
vt 0.886946 0.596829 0.000000
vt 0.882517 0.610699 0.000000
vt 0.871591 0.577137 0.000000
vt 0.869452 0.589156 0.000000
vt 0.866253 0.602644 0.000000
vt 0.861421 0.617251 0.000000
vt 0.877159 0.624798 0.000000
vt 0.851046 0.586222 0.000000
vt 0.848799 0.598031 0.000000
vt 0.846058 0.611238 0.000000
vt 0.840309 0.625101 0.000000
vt 0.854854 0.631938 0.000000
vt 0.833166 0.594611 0.000000
vt 0.831579 0.606575 0.000000
vt 0.828238 0.618642 0.000000
vt 0.820518 0.629184 0.000000
vt 0.832174 0.637973 0.000000
vt 0.846182 0.645728 0.000000
vt 0.861201 0.653461 0.000000
vt 0.870168 0.639619 0.000000
vt 0.874922 0.661212 0.000000
vt 0.884588 0.649033 0.000000
vt 0.887478 0.670579 0.000000
vt 0.897040 0.659109 0.000000
vt 0.898794 0.679862 0.000000
vt 0.908456 0.668647 0.000000
vt 0.909926 0.688542 0.000000
vt 0.918806 0.677608 0.000000
vt 0.927519 0.666529 0.000000
vt 0.929113 0.686750 0.000000
vt 0.937492 0.676939 0.000000
vt 0.010001 0.210351 0.000000
vt 0.002234 0.254814 0.000000
vt 0.040594 0.265805 0.000000
vt 0.047592 0.233621 0.000000
vt 0.060907 0.208468 0.000000
vt 0.032438 0.174663 0.000000
vt 0.078127 0.253607 0.000000
vt 0.087057 0.236452 0.000000
vt 0.098012 0.224177 0.000000
vt 0.104708 0.253516 0.000000
vt 0.112359 0.244603 0.000000
vt 0.120973 0.238899 0.000000
vt 0.111350 0.217636 0.000000
vt 0.130184 0.235215 0.000000
vt 0.124674 0.214108 0.000000
vt 0.139500 0.233665 0.000000
vt 0.137834 0.212408 0.000000
vt 0.148878 0.233167 0.000000
vt 0.150911 0.212539 0.000000
vt 0.158214 0.234525 0.000000
vt 0.163551 0.214175 0.000000
vt 0.168240 0.236933 0.000000
vt 0.176810 0.218297 0.000000
vt 0.178798 0.242766 0.000000
vt 0.190519 0.226536 0.000000
vt 0.188817 0.252791 0.000000
vt 0.203257 0.239316 0.000000
vt 0.225996 0.219730 0.000000
vt 0.212716 0.256983 0.000000
vt 0.194800 0.266157 0.000000
vt 0.179205 0.260711 0.000000
vt 0.182841 0.271051 0.000000
vt 0.171469 0.253097 0.000000
vt 0.163028 0.248947 0.000000
vt 0.159785 0.257234 0.000000
vt 0.153256 0.255558 0.000000
vt 0.151408 0.262865 0.000000
vt 0.157052 0.264362 0.000000
vt 0.155409 0.246554 0.000000
vt 0.148108 0.245910 0.000000
vt 0.147518 0.254456 0.000000
vt 0.142370 0.254255 0.000000
vt 0.142114 0.261232 0.000000
vt 0.146404 0.261937 0.000000
vt 0.141273 0.245625 0.000000
vt 0.134369 0.246943 0.000000
vt 0.127686 0.250079 0.000000
vt 0.121250 0.255256 0.000000
vt 0.115913 0.262724 0.000000
vt 0.122773 0.267607 0.000000
vt 0.119412 0.277299 0.000000
vt 0.125594 0.279605 0.000000
vt 0.128780 0.270770 0.000000
vt 0.111013 0.273864 0.000000
vt 0.109624 0.288607 0.000000
vt 0.099580 0.267153 0.000000
vt 0.096182 0.285495 0.000000
vt 0.096805 0.302835 0.000000
vt 0.073902 0.277313 0.000000
vt 0.072912 0.302088 0.000000
vt 0.042057 0.300364 0.000000
vt 0.048351 0.333264 0.000000
vt 0.000167 0.302145 0.000000
vt 0.012417 0.345372 0.000000
vt 0.913976 0.706510 0.000000
vt 0.921242 0.697041 0.000000
vt 0.901817 0.698950 0.000000
vt 0.889371 0.690859 0.000000
vt 0.877514 0.682461 0.000000
vt 0.130686 0.281524 0.000000
vt 0.133727 0.272890 0.000000
vt 0.135206 0.283125 0.000000
vt 0.138087 0.274352 0.000000
vt 0.140466 0.267708 0.000000
vt 0.142497 0.275629 0.000000
vt 0.144723 0.268847 0.000000
vt 0.149537 0.269745 0.000000
vt 0.154839 0.271089 0.000000
vt 0.833884 0.584034 0.000000
vt 0.821146 0.582125 0.000000
vt 0.912926 0.566556 0.000000
vt 0.528782 0.939257 0.000000
vt 0.539777 0.927759 0.000000
vt 0.528782 0.927759 0.000000
vt 0.678982 0.935356 0.000000
vt 0.691405 0.928890 0.000000
vt 0.735084 0.967597 0.000000
vt 0.728946 0.957513 0.000000
vt 0.569998 0.511338 0.000000
vt 0.571360 0.499099 0.000000
vt 0.560682 0.500235 0.000000
vt 0.559986 0.512020 0.000000
vt 0.548692 0.501220 0.000000
vt 0.547975 0.511982 0.000000
vt 0.545990 0.523480 0.000000
vt 0.533200 0.510279 0.000000
vt 0.531098 0.520131 0.000000
vt 0.528243 0.530350 0.000000
vt 0.542266 0.536304 0.000000
vt 0.523541 0.541156 0.000000
vt 0.536596 0.548170 0.000000
vt 0.529583 0.560125 0.000000
vt 0.538706 0.565346 0.000000
vt 0.517189 0.553039 0.000000
vt 0.509589 0.565934 0.000000
vt 0.521793 0.573051 0.000000
vt 0.507661 0.535364 0.000000
vt 0.502952 0.546388 0.000000
vt 0.496433 0.558966 0.000000
vt 0.487474 0.571211 0.000000
vt 0.500332 0.579301 0.000000
vt 0.488344 0.541206 0.000000
vt 0.483212 0.552427 0.000000
vt 0.475711 0.564049 0.000000
vt 0.465433 0.573110 0.000000
vt 0.476506 0.583292 0.000000
vt 0.471967 0.547767 0.000000
vt 0.465856 0.556511 0.000000
vt 0.457546 0.563618 0.000000
vt 0.458305 0.550238 0.000000
vt 0.451385 0.555506 0.000000
vt 0.447031 0.548922 0.000000
vt 0.438324 0.553129 0.000000
vt 0.443537 0.542165 0.000000
vt 0.435383 0.545275 0.000000
vt 0.441200 0.534312 0.000000
vt 0.433214 0.536850 0.000000
vt 0.439586 0.526540 0.000000
vt 0.430954 0.528768 0.000000
vt 0.438091 0.519378 0.000000
vt 0.428219 0.521636 0.000000
vt 0.436674 0.512479 0.000000
vt 0.425153 0.514794 0.000000
vt 0.435424 0.505483 0.000000
vt 0.422648 0.507523 0.000000
vt 0.434668 0.497171 0.000000
vt 0.420327 0.498973 0.000000
vt 0.434991 0.483612 0.000000
vt 0.416973 0.487833 0.000000
vt 0.967008 0.294395 0.000000
vt 0.967008 0.264033 0.000000
vt 0.941278 0.265031 0.000000
vt 0.943855 0.295188 0.000000
vt 0.913801 0.267967 0.000000
vt 0.918315 0.296790 0.000000
vt 0.882806 0.273977 0.000000
vt 0.886911 0.298793 0.000000
vt 0.850505 0.279263 0.000000
vt 0.850839 0.301907 0.000000
vt 0.820179 0.280118 0.000000
vt 0.819112 0.304178 0.000000
vt 0.817036 0.331522 0.000000
vt 0.791827 0.306605 0.000000
vt 0.788915 0.334739 0.000000
vt 0.782976 0.363625 0.000000
vt 0.763133 0.338213 0.000000
vt 0.756107 0.366461 0.000000
vt 0.747054 0.393244 0.000000
vt 0.731453 0.367170 0.000000
vt 0.723491 0.392344 0.000000
vt 0.706739 0.370423 0.000000
vt 0.699679 0.394499 0.000000
vt 0.692052 0.415115 0.000000
vt 0.673866 0.388776 0.000000
vt 0.665684 0.408186 0.000000
vt 0.648736 0.382903 0.000000
vt 0.639606 0.400654 0.000000
vt 0.626437 0.374924 0.000000
vt 0.616511 0.391129 0.000000
vt 0.609760 0.365989 0.000000
vt 0.599756 0.381010 0.000000
vt 0.598605 0.359568 0.000000
vt 0.587540 0.371896 0.000000
vt 0.573775 0.383720 0.000000
vt 0.578633 0.363378 0.000000
vt 0.565068 0.372175 0.000000
vt 0.551533 0.378996 0.000000
vt 0.558933 0.360976 0.000000
vt 0.546584 0.365114 0.000000
vt 0.535587 0.367735 0.000000
vt 0.539971 0.383722 0.000000
vt 0.525971 0.369157 0.000000
vt 0.530207 0.387380 0.000000
vt 0.517263 0.370573 0.000000
vt 0.522112 0.389966 0.000000
vt 0.508385 0.371783 0.000000
vt 0.514542 0.392576 0.000000
vt 0.499358 0.373247 0.000000
vt 0.506591 0.395644 0.000000
vt 0.511080 0.415070 0.000000
vt 0.518667 0.347432 0.000000
vt 0.510447 0.345716 0.000000
vt 0.499358 0.344208 0.000000
vt 0.521501 0.321659 0.000000
vt 0.512741 0.316741 0.000000
vt 0.146801 0.652157 0.000000
vt 0.119341 0.660554 0.000000
vt 0.123578 0.671914 0.000000
vt 0.148186 0.663828 0.000000
vt 0.127788 0.684996 0.000000
vt 0.149397 0.678280 0.000000
vt 0.167697 0.677098 0.000000
vt 0.152651 0.697726 0.000000
vt 0.167393 0.695925 0.000000
vt 0.179723 0.695530 0.000000
vt 0.189974 0.693493 0.000000
vt 0.170195 0.719419 0.000000
vt 0.181492 0.716828 0.000000
vt 0.176094 0.742393 0.000000
vt 0.187747 0.738331 0.000000
vt 0.181324 0.764750 0.000000
vt 0.194259 0.761103 0.000000
vt 0.163188 0.746488 0.000000
vt 0.166817 0.768656 0.000000
vt 0.148807 0.750857 0.000000
vt 0.151505 0.771657 0.000000
vt 0.151237 0.792598 0.000000
vt 0.507668 0.189742 0.000000
vt 0.503649 0.213003 0.000000
vt 0.524832 0.215509 0.000000
vt 0.527577 0.191544 0.000000
vt 0.499358 0.240429 0.000000
vt 0.523008 0.242764 0.000000
vt 0.543215 0.242692 0.000000
vt 0.524892 0.268043 0.000000
vt 0.544501 0.265338 0.000000
vt 0.559558 0.262072 0.000000
vt 0.544784 0.279013 0.000000
vt 0.559460 0.275781 0.000000
vt 0.569231 0.275343 0.000000
vt 0.571619 0.262483 0.000000
vt 0.576686 0.276903 0.000000
vt 0.581213 0.264717 0.000000
vt 0.582934 0.279541 0.000000
vt 0.589550 0.268520 0.000000
vt 0.587806 0.283329 0.000000
vt 0.596243 0.273479 0.000000
vt 0.591928 0.287887 0.000000
vt 0.601643 0.279507 0.000000
vt 0.595620 0.292996 0.000000
vt 0.606017 0.286444 0.000000
vt 0.599744 0.298926 0.000000
vt 0.609993 0.294327 0.000000
vt 0.626351 0.285978 0.000000
vt 0.614770 0.303218 0.000000
vt 0.631219 0.296968 0.000000
vt 0.652276 0.288245 0.000000
vt 0.636459 0.310623 0.000000
vt 0.658030 0.305752 0.000000
vt 0.640391 0.326832 0.000000
vt 0.661783 0.325542 0.000000
vt 0.640496 0.344090 0.000000
vt 0.660979 0.345633 0.000000
vt 0.686562 0.347502 0.000000
vt 0.656585 0.365581 0.000000
vt 0.681318 0.369165 0.000000
vt 0.712807 0.344489 0.000000
vt 0.738524 0.341157 0.000000
vt 0.766451 0.309447 0.000000
vt 0.793254 0.281290 0.000000
vt 0.769603 0.282510 0.000000
vt 0.794396 0.259742 0.000000
vt 0.771811 0.259740 0.000000
vt 0.793614 0.240888 0.000000
vt 0.772181 0.239607 0.000000
vt 0.754586 0.236633 0.000000
vt 0.738511 0.230029 0.000000
vt 0.559438 0.489302 0.000000
vt 0.548468 0.490487 0.000000
vt 0.570008 0.487395 0.000000
vt 0.744115 0.974772 0.000000
vt 0.535028 0.490797 0.000000
vt 0.534221 0.500844 0.000000
vt 0.519019 0.488813 0.000000
vt 0.516864 0.498471 0.000000
vt 0.515046 0.507507 0.000000
vt 0.498737 0.496225 0.000000
vt 0.497143 0.505431 0.000000
vt 0.495418 0.514209 0.000000
vt 0.513071 0.516467 0.000000
vt 0.493912 0.522513 0.000000
vt 0.510863 0.525516 0.000000
vt 0.491844 0.531432 0.000000
vt 0.479849 0.520769 0.000000
vt 0.478480 0.528927 0.000000
vt 0.476233 0.537952 0.000000
vt 0.468779 0.527114 0.000000
vt 0.467064 0.535136 0.000000
vt 0.463652 0.543664 0.000000
vt 0.461092 0.525795 0.000000
vt 0.461364 0.518844 0.000000
vt 0.453901 0.518566 0.000000
vt 0.453972 0.525146 0.000000
vt 0.469759 0.519789 0.000000
vt 0.470067 0.512799 0.000000
vt 0.461655 0.512660 0.000000
vt 0.481064 0.513015 0.000000
vt 0.481729 0.505016 0.000000
vt 0.470420 0.505637 0.000000
vt 0.469980 0.497889 0.000000
vt 0.461617 0.506580 0.000000
vt 0.482476 0.496454 0.000000
vt 0.482642 0.486956 0.000000
vt 0.468807 0.488775 0.000000
vt 0.500563 0.486043 0.000000
vt 0.501347 0.475060 0.000000
vt 0.482635 0.475694 0.000000
vt 0.850525 0.243171 0.000000
vt 0.819918 0.241908 0.000000
vt 0.820259 0.260042 0.000000
vt 0.850786 0.260027 0.000000
vt 0.481747 0.462469 0.000000
vt 0.461729 0.462469 0.000000
vt 0.466028 0.477797 0.000000
vt 0.502448 0.462469 0.000000
vt 0.444658 0.469309 0.000000
vt 0.453346 0.507067 0.000000
vt 0.453605 0.512627 0.000000
vt 0.445034 0.506211 0.000000
vt 0.445590 0.512353 0.000000
vt 0.446230 0.518733 0.000000
vt 0.446997 0.525274 0.000000
vt 0.634769 0.360509 0.000000
vt 0.623987 0.341089 0.000000
vt 0.618321 0.353592 0.000000
vt 0.611176 0.337776 0.000000
vt 0.606753 0.348042 0.000000
vt 0.602367 0.335543 0.000000
vt 0.598157 0.343629 0.000000
vt 0.589977 0.353905 0.000000
vt 0.591116 0.339445 0.000000
vt 0.582764 0.346900 0.000000
vt 0.571703 0.354845 0.000000
vt 0.603574 0.326699 0.000000
vt 0.611934 0.327114 0.000000
vt 0.608638 0.315942 0.000000
vt 0.600964 0.316723 0.000000
vt 0.623619 0.327453 0.000000
vt 0.620199 0.314460 0.000000
vt 0.604243 0.306280 0.000000
vt 0.592620 0.302213 0.000000
vt 0.596552 0.308412 0.000000
vt 0.587003 0.304702 0.000000
vt 0.590461 0.310411 0.000000
vt 0.582182 0.306485 0.000000
vt 0.585060 0.312065 0.000000
vt 0.577926 0.307685 0.000000
vt 0.576158 0.303775 0.000000
vt 0.573066 0.304561 0.000000
vt 0.573957 0.308098 0.000000
vt 0.579916 0.302475 0.000000
vt 0.584127 0.300491 0.000000
vt 0.581484 0.297105 0.000000
vt 0.578648 0.294245 0.000000
vt 0.589167 0.297387 0.000000
vt 0.585817 0.293319 0.000000
vt 0.582390 0.289675 0.000000
vt 0.578295 0.286926 0.000000
vt 0.575089 0.291965 0.000000
vt 0.571026 0.290850 0.000000
vt 0.569681 0.295484 0.000000
vt 0.573350 0.285011 0.000000
vt 0.567130 0.284154 0.000000
vt 0.565636 0.290463 0.000000
vt 0.558718 0.291559 0.000000
vt 0.559168 0.297335 0.000000
vt 0.565312 0.295806 0.000000
vt 0.558793 0.284151 0.000000
vt 0.546601 0.287255 0.000000
vt 0.548423 0.294031 0.000000
vt 0.532629 0.300464 0.000000
vt 0.537124 0.306305 0.000000
vt 0.550416 0.299976 0.000000
vt 0.527207 0.293708 0.000000
vt 0.505511 0.305919 0.000000
vt 0.525279 0.284846 0.000000
vt 0.499358 0.292184 0.000000
vt 0.499358 0.269488 0.000000
vt 0.134254 0.703668 0.000000
vt 0.142199 0.727419 0.000000
vt 0.157553 0.721445 0.000000
vt 0.541566 0.311400 0.000000
vt 0.552397 0.305136 0.000000
vt 0.559825 0.301729 0.000000
vt 0.555063 0.309288 0.000000
vt 0.561150 0.305370 0.000000
vt 0.565799 0.302869 0.000000
vt 0.565457 0.299803 0.000000
vt 0.569526 0.302199 0.000000
vt 0.569215 0.299310 0.000000
vt 0.558367 0.313089 0.000000
vt 0.550873 0.320168 0.000000
vt 0.556314 0.323490 0.000000
vt 0.562501 0.316060 0.000000
vt 0.545852 0.316058 0.000000
vt 0.534357 0.328943 0.000000
vt 0.541422 0.332310 0.000000
vt 0.527832 0.325358 0.000000
vt 0.526771 0.348618 0.000000
vt 0.535680 0.349516 0.000000
vt 0.545235 0.350188 0.000000
vt 0.548899 0.334978 0.000000
vt 0.489267 0.592090 0.000000
vt 0.502442 0.600577 0.000000
vt 0.512930 0.587124 0.000000
vt 0.514502 0.607958 0.000000
vt 0.523745 0.593140 0.000000
vt 0.531623 0.578764 0.000000
vt 0.533386 0.598094 0.000000
vt 0.540218 0.582972 0.000000
vt 0.545579 0.569590 0.000000
vt 0.549381 0.586601 0.000000
vt 0.553050 0.572553 0.000000
vt 0.744115 0.900709 0.000000
vt 0.738688 0.895175 0.000000
vt 0.559200 0.589713 0.000000
vt 0.561583 0.574777 0.000000
vt 0.733911 0.888519 0.000000
vt 0.723404 0.898035 0.000000
vt 0.730177 0.880611 0.000000
vt 0.718801 0.888385 0.000000
vt 0.707556 0.894331 0.000000
vt 0.712072 0.906809 0.000000
vt 0.715307 0.875786 0.000000
vt 0.704197 0.879567 0.000000
vt 0.714157 0.858136 0.000000
vt 0.703353 0.860566 0.000000
vt 0.693118 0.861969 0.000000
vt 0.703702 0.839207 0.000000
vt 0.693988 0.840792 0.000000
vt 0.684826 0.841959 0.000000
vt 0.682689 0.862416 0.000000
vt 0.675737 0.842645 0.000000
vt 0.671963 0.862157 0.000000
vt 0.666501 0.843090 0.000000
vt 0.661532 0.861298 0.000000
vt 0.654309 0.878741 0.000000
vt 0.650567 0.859447 0.000000
vt 0.642776 0.873866 0.000000
vt 0.635481 0.883537 0.000000
vt 0.646109 0.891625 0.000000
vt 0.628127 0.891134 0.000000
vt 0.638779 0.900660 0.000000
vt 0.623768 0.875184 0.000000
vt 0.621123 0.897874 0.000000
vt 0.631030 0.908167 0.000000
vt 0.630987 0.866671 0.000000
vt 0.618823 0.858096 0.000000
vt 0.638463 0.854591 0.000000
vt 0.626365 0.847080 0.000000
vt 0.614221 0.837594 0.000000
vt 0.634211 0.834213 0.000000
vt 0.623101 0.825702 0.000000
vt 0.613533 0.815572 0.000000
vt 0.631701 0.815443 0.000000
vt 0.624999 0.805612 0.000000
vt 0.618106 0.795100 0.000000
vt 0.633306 0.799583 0.000000
vt 0.627474 0.789312 0.000000
vt 0.639064 0.795024 0.000000
vt 0.635092 0.785151 0.000000
vt 0.630691 0.774624 0.000000
vt 0.641783 0.782264 0.000000
vt 0.638120 0.771833 0.000000
vt 0.633107 0.760326 0.000000
vt 0.644698 0.769640 0.000000
vt 0.639637 0.758176 0.000000
vt 0.633356 0.747125 0.000000
vt 0.644932 0.756180 0.000000
vt 0.638046 0.744987 0.000000
vt 0.630421 0.735854 0.000000
vt 0.642158 0.742974 0.000000
vt 0.634064 0.734276 0.000000
vt 0.645630 0.740933 0.000000
vt 0.649427 0.754278 0.000000
vt 0.653257 0.752331 0.000000
vt 0.656931 0.750053 0.000000
vt 0.648697 0.739041 0.000000
vt 0.660181 0.747261 0.000000
vt 0.651476 0.736683 0.000000
vt 0.663278 0.743386 0.000000
vt 0.653800 0.733237 0.000000
vt 0.644899 0.726119 0.000000
vt 0.656349 0.730182 0.000000
vt 0.646752 0.722871 0.000000
vt 0.659120 0.725249 0.000000
vt 0.667062 0.739213 0.000000
vt 0.670147 0.733904 0.000000
vt 0.674912 0.726484 0.000000
vt 0.662405 0.718845 0.000000
vt 0.634784 0.692990 0.000000
vt 0.645987 0.678823 0.000000
vt 0.632472 0.672514 0.000000
vt 0.623649 0.687023 0.000000
vt 0.613790 0.665102 0.000000
vt 0.607873 0.680679 0.000000
vt 0.592620 0.658270 0.000000
vt 0.588333 0.674248 0.000000
vt 0.584040 0.688375 0.000000
vt 0.568078 0.668882 0.000000
vt 0.563264 0.684573 0.000000
vt 0.549455 0.663600 0.000000
vt 0.542204 0.680173 0.000000
vt 0.532999 0.658267 0.000000
vt 0.523319 0.675483 0.000000
vt 0.519021 0.652724 0.000000
vt 0.541911 0.641112 0.000000
vt 0.528593 0.635840 0.000000
vt 0.516442 0.629972 0.000000
vt 0.536773 0.619069 0.000000
vt 0.525567 0.613960 0.000000
vt 0.543613 0.602595 0.000000
vt 0.549301 0.623853 0.000000
vt 0.554822 0.606360 0.000000
vt 0.563273 0.628341 0.000000
vt 0.567424 0.609713 0.000000
vt 0.569713 0.592455 0.000000
vt 0.582139 0.613678 0.000000
vt 0.582922 0.594934 0.000000
vt 0.582320 0.578911 0.000000
vt 0.571175 0.576538 0.000000
vt 0.600392 0.598478 0.000000
vt 0.600540 0.581535 0.000000
vt 0.727764 0.870398 0.000000
vt 0.726495 0.854530 0.000000
vt 0.726171 0.833760 0.000000
vt 0.714311 0.836917 0.000000
vt 0.723869 0.811900 0.000000
vt 0.711011 0.817341 0.000000
vt 0.701311 0.821473 0.000000
vt 0.703345 0.804033 0.000000
vt 0.695384 0.809535 0.000000
vt 0.688753 0.812809 0.000000
vt 0.692660 0.824047 0.000000
vt 0.682787 0.814686 0.000000
vt 0.684829 0.825821 0.000000
vt 0.677054 0.816261 0.000000
vt 0.677285 0.827024 0.000000
vt 0.670686 0.817127 0.000000
vt 0.669491 0.827464 0.000000
vt 0.663412 0.817428 0.000000
vt 0.661046 0.827179 0.000000
vt 0.656688 0.842311 0.000000
vt 0.651231 0.826004 0.000000
vt 0.645710 0.839507 0.000000
vt 0.640532 0.822841 0.000000
vt 0.654702 0.816684 0.000000
vt 0.646159 0.813651 0.000000
vt 0.638650 0.808000 0.000000
vt 0.649673 0.807211 0.000000
vt 0.643730 0.802333 0.000000
vt 0.644274 0.791507 0.000000
vt 0.650247 0.789012 0.000000
vt 0.648120 0.780120 0.000000
vt 0.656737 0.787134 0.000000
vt 0.654226 0.778178 0.000000
vt 0.650200 0.767762 0.000000
vt 0.659709 0.776149 0.000000
vt 0.655369 0.765852 0.000000
vt 0.664693 0.773943 0.000000
vt 0.659858 0.763667 0.000000
vt 0.669584 0.771457 0.000000
vt 0.664213 0.761155 0.000000
vt 0.674622 0.768871 0.000000
vt 0.668313 0.758229 0.000000
vt 0.679927 0.766063 0.000000
vt 0.672202 0.754751 0.000000
vt 0.686022 0.762786 0.000000
vt 0.676603 0.750517 0.000000
vt 0.692996 0.758395 0.000000
vt 0.681431 0.745387 0.000000
vt 0.703497 0.751202 0.000000
vt 0.688098 0.737963 0.000000
vt 0.657811 0.659441 0.000000
vt 0.666500 0.635950 0.000000
vt 0.646415 0.630664 0.000000
vt 0.641007 0.653722 0.000000
vt 0.622116 0.624392 0.000000
vt 0.618934 0.646849 0.000000
vt 0.599310 0.618715 0.000000
vt 0.596630 0.639724 0.000000
vt 0.578766 0.633399 0.000000
vt 0.573326 0.652116 0.000000
vt 0.556853 0.646394 0.000000
vt 0.623757 0.602758 0.000000
vt 0.648790 0.606272 0.000000
vt 0.649197 0.586622 0.000000
vt 0.624344 0.584931 0.000000
vt 0.669816 0.608893 0.000000
vt 0.670887 0.586242 0.000000
vt 0.715630 0.792969 0.000000
vt 0.714608 0.771735 0.000000
vt 0.701168 0.774609 0.000000
vt 0.700021 0.788896 0.000000
vt 0.691508 0.776316 0.000000
vt 0.690919 0.787557 0.000000
vt 0.684109 0.777688 0.000000
vt 0.684322 0.787622 0.000000
vt 0.678309 0.779180 0.000000
vt 0.679306 0.788429 0.000000
vt 0.679070 0.795461 0.000000
vt 0.674752 0.789617 0.000000
vt 0.675114 0.796490 0.000000
vt 0.675418 0.802582 0.000000
vt 0.679294 0.801600 0.000000
vt 0.676228 0.808931 0.000000
vt 0.680784 0.807417 0.000000
vt 0.671070 0.803584 0.000000
vt 0.671116 0.809754 0.000000
vt 0.665076 0.804337 0.000000
vt 0.664613 0.810297 0.000000
vt 0.657026 0.809737 0.000000
vt 0.670651 0.797611 0.000000
vt 0.665165 0.798576 0.000000
vt 0.664539 0.792582 0.000000
vt 0.669948 0.791042 0.000000
vt 0.668202 0.783169 0.000000
vt 0.662805 0.785252 0.000000
vt 0.673159 0.780952 0.000000
vt 0.111399 0.747752 0.000000
vt 0.024152 0.753514 0.000000
vt 0.023294 0.742685 0.000000
vt 0.031464 0.730614 0.000000
vt 0.022652 0.731763 0.000000
vt 0.014336 0.733036 0.000000
vt 0.020174 0.718413 0.000000
vt 0.012918 0.720424 0.000000
vt 0.027768 0.716151 0.000000
vt 0.038065 0.714803 0.000000
vt 0.050169 0.698855 0.000000
vt 0.810952 0.800241 0.000000
vt 0.132838 0.345769 0.000000
vt 0.130743 0.350143 0.000000
vt 0.431262 0.985408 0.000000
vt 0.431262 0.999833 0.000000
vt 0.440983 0.968906 0.000000
vt 0.431262 0.968329 0.000000
vt 0.033711 0.976641 0.000000
vt 0.052033 0.992851 0.000000
vt 0.059600 0.981556 0.000000
vt 0.046764 0.966364 0.000000
vt 0.075875 0.999833 0.000000
vt 0.079050 0.989254 0.000000
vt 0.098643 0.999833 0.000000
vt 0.436863 0.932441 0.000000
vt 0.431262 0.949288 0.000000
vt 0.440262 0.950357 0.000000
vt 0.444855 0.934809 0.000000
vt 0.451983 0.952400 0.000000
vt 0.454652 0.937661 0.000000
vt 0.460619 0.924519 0.000000
vt 0.468352 0.940089 0.000000
vt 0.471460 0.927168 0.000000
vt 0.475186 0.917326 0.000000
vt 0.484434 0.929280 0.000000
vt 0.486147 0.918898 0.000000
vt 0.488337 0.909627 0.000000
vt 0.478688 0.908869 0.000000
vt 0.490440 0.901202 0.000000
vt 0.481892 0.900548 0.000000
vt 0.492258 0.892991 0.000000
vt 0.484669 0.892114 0.000000
vt 0.499412 0.910115 0.000000
vt 0.501020 0.901184 0.000000
vt 0.502309 0.892707 0.000000
vt 0.510457 0.910449 0.000000
vt 0.512502 0.900893 0.000000
vt 0.513988 0.892006 0.000000
vt 0.520995 0.911194 0.000000
vt 0.524486 0.900367 0.000000
vt 0.527781 0.888757 0.000000
vt 0.478259 0.367726 0.000000
vt 0.459033 0.437534 0.000000
vt 0.498357 0.398917 0.000000
vt 0.497787 0.919827 0.000000
# 2300 texture coordinates

o Volume_Mesher_remesh_10
usemtl default
f 62/4/4 61/3/3 60/2/2 1/1/1
f 60/2/2 64/6/6 63/5/5 1/1/1
f 63/5/5 65/7/7 62/4/4 1/1/1
f 68/11/11 67/10/10 66/9/9 2/8/8
f 66/9/9 70/13/13 69/12/12 2/8/8
f 69/12/12 71/14/14 68/11/11 2/8/8
f 74/18/18 73/17/17 72/16/16 3/15/15
f 76/20/20 75/19/19 74/18/18 3/15/15
f 72/16/16 77/21/21 76/20/20 3/15/15
f 80/25/25 79/24/24 78/23/23 4/22/22
f 82/29/27 81/28/26 80/27/25 4/26/22
f 84/31/29 83/30/28 82/29/27 4/26/22
f 78/23/23 86/33/31 85/32/30 4/22/22
f 85/35/30 87/34/32 84/31/29 4/26/22
f 90/39/36 89/38/35 88/37/34 5/36/33
f 92/41/38 91/40/37 90/39/36 5/36/33
f 88/37/34 94/43/40 93/42/39 5/36/33
f 93/42/39 96/45/42 95/44/41 5/36/33
f 95/44/41 97/46/43 92/41/38 5/36/33
f 100/50/47 99/49/46 98/48/45 6/47/44
f 98/48/45 102/52/49 101/51/48 6/47/44
f 101/51/48 103/53/50 100/50/47 6/47/44
f 106/57/54 105/56/53 104/55/52 7/54/51
f 108/59/56 107/58/55 106/57/54 7/54/51
f 104/55/52 109/60/57 108/59/56 7/54/51
f 112/64/61 111/63/60 110/62/59 8/61/58
f 110/62/59 114/66/63 113/65/62 8/61/58
f 113/65/62 116/68/65 115/67/64 8/61/58
f 118/70/67 117/69/66 112/64/61 8/61/58
f 115/67/64 119/71/68 118/70/67 8/61/58
f 122/75/72 121/74/71 120/73/70 9/72/69
f 120/79/70 124/78/74 123/77/73 9/76/69
f 126/83/77 125/82/76 34/81/75 9/80/69
f 123/77/73 127/85/78 126/84/77 9/76/69
f 129/88/81 128/87/80 109/60/57 10/86/79
f 131/90/83 130/89/82 129/88/81 10/86/79
f 133/92/85 132/91/84 131/90/83 10/86/79
f 109/60/57 104/55/52 134/93/86 10/86/79
f 134/93/86 135/94/87 133/92/85 10/86/79
f 133/92/85 135/94/87 136/96/89 11/95/88
f 137/97/90 132/91/84 133/92/85 11/95/88
f 136/96/89 138/98/91 137/97/90 11/95/88
f 141/102/95 140/101/94 139/100/93 12/99/92
f 139/100/93 143/104/97 142/103/96 12/99/92
f 142/103/96 144/105/98 141/102/95 12/99/92
f 147/109/102 146/108/101 145/107/100 13/106/99
f 149/111/104 148/110/103 147/109/102 13/106/99
f 152/115/108 151/114/107 150/113/106 14/112/105
f 154/117/110 153/116/109 152/115/108 14/112/105
f 150/121/106 15/120/111 154/119/110 14/118/105
f 156/124/113 155/123/112 154/117/110 15/122/111
f 150/113/106 157/127/114 156/126/113 15/125/111
f 160/131/118 159/130/117 158/129/116 16/128/115
f 158/129/116 162/133/120 161/132/119 16/128/115
f 163/135/122 18/134/121 160/131/118 16/128/115
f 165/137/124 164/136/123 163/135/122 16/128/115
f 161/132/119 166/138/125 165/137/124 16/128/115
f 169/142/129 168/141/128 167/140/127 17/139/126
f 167/140/127 171/144/131 170/143/130 17/139/126
f 170/143/130 172/145/132 169/142/129 17/139/126
f 170/143/130 171/144/131 160/131/118 18/134/121
f 173/146/133 172/145/132 170/143/130 18/134/121
f 163/135/122 175/148/135 174/147/134 18/134/121
f 174/147/134 176/149/136 173/146/133 18/134/121
f 179/153/140 178/152/139 177/151/138 19/150/137
f 181/155/142 180/154/141 179/153/140 19/150/137
f 177/151/138 182/156/143 181/155/142 19/150/137
f 185/160/147 184/159/146 183/158/145 20/157/144
f 53/162/149 186/161/148 185/160/147 20/157/144
f 183/158/145 187/163/150 53/162/149 20/157/144
f 190/167/154 189/166/153 188/165/152 21/164/151
f 192/169/156 191/168/155 190/167/154 21/164/151
f 188/165/152 194/171/158 193/170/157 21/164/151
f 193/170/157 195/173/160 54/172/159 21/164/151
f 54/172/159 196/174/161 192/169/156 21/164/151
f 199/178/165 198/177/164 197/176/163 22/175/162
f 201/180/167 200/179/166 199/178/165 22/175/162
f 197/176/163 202/181/168 201/180/167 22/175/162
f 205/185/172 204/184/171 203/183/170 23/182/169
f 203/183/170 207/187/174 206/186/173 23/182/169
f 209/189/176 208/188/175 205/185/172 23/182/169
f 206/186/173 211/191/178 210/190/177 23/182/169
f 210/190/177 212/192/179 209/189/176 23/182/169
f 214/195/182 202/181/168 213/194/181 24/193/180
f 213/194/181 216/197/184 215/196/183 24/193/180
f 218/199/186 217/198/185 214/195/182 24/193/180
f 220/201/188 219/200/187 218/199/186 24/193/180
f 223/205/192 222/204/191 221/203/190 25/202/189
f 225/207/194 224/206/193 223/205/192 25/202/189
f 228/211/198 227/210/197 226/209/196 26/208/195
f 230/213/200 229/212/199 228/211/198 26/208/195
f 226/209/196 231/214/201 230/213/200 26/208/195
f 234/218/205 233/217/204 232/216/203 27/215/202
f 236/220/207 235/219/206 234/218/205 27/215/202
f 232/216/203 237/221/208 236/220/207 27/215/202
f 240/225/212 239/224/211 238/223/210 28/222/209
f 242/227/214 241/226/213 240/225/212 28/222/209
f 244/229/216 243/228/215 242/227/214 28/222/209
f 246/231/218 245/230/217 244/229/216 28/222/209
f 238/223/210 247/232/219 246/231/218 28/222/209
f 250/236/223 249/235/222 248/234/221 29/233/220
f 248/234/221 243/228/215 244/229/216 29/233/220
f 244/229/216 245/230/217 250/236/223 29/233/220
f 91/240/37 92/239/38 251/238/225 30/237/224
f 251/238/225 253/242/227 252/241/226 30/237/224
f 256/245/230 255/244/229 254/243/228 30/237/224
f 254/243/228 257/246/231 91/240/37 30/237/224
f 252/241/226 258/247/232 256/245/230 30/237/224
f 261/251/236 260/250/235 259/249/234 31/248/233
f 259/249/234 263/253/238 262/252/237 31/248/233
f 265/255/240 264/254/239 261/251/236 31/248/233
f 262/252/237 267/257/242 266/256/241 31/248/233
f 266/256/241 268/258/243 265/255/240 31/248/233
f 269/260/245 246/231/218 247/232/219 32/259/244
f 271/262/247 270/261/246 269/260/245 32/259/244
f 247/232/219 272/263/248 271/262/247 32/259/244
f 275/267/252 274/266/251 273/265/250 33/264/249
f 277/269/254 276/268/253 275/267/252 33/264/249
f 273/265/250 278/270/255 277/269/254 33/264/249
f 279/272/256 122/75/72 9/72/69 34/271/75
f 281/274/258 280/273/257 279/272/256 34/271/75
f 283/277/260 282/276/259 281/275/258 34/81/75
f 125/82/76 284/278/261 283/277/260 34/81/75
f 287/282/265 286/281/264 285/280/263 35/279/262
f 285/280/263 289/284/267 288/283/266 35/279/262
f 291/286/269 290/285/268 287/282/265 35/279/262
f 293/288/271 292/287/270 291/286/269 35/279/262
f 288/283/266 294/289/272 293/288/271 35/279/262
f 297/293/276 296/292/275 295/291/274 36/290/273
f 299/295/278 298/294/277 297/293/276 36/290/273
f 295/291/274 300/296/279 299/295/278 36/290/273
f 303/300/283 302/299/282 301/298/281 37/297/280
f 305/302/285 304/301/284 303/300/283 37/297/280
f 301/298/281 306/303/286 305/302/285 37/297/280
f 309/307/290 308/306/289 307/305/288 38/304/287
f 307/305/288 311/309/292 310/308/291 38/304/287
f 310/308/291 312/310/293 309/307/290 38/304/287
f 315/314/297 314/313/296 313/312/295 39/311/294
f 313/312/295 317/316/299 316/315/298 39/311/294
f 316/315/298 318/317/300 315/314/297 39/311/294
f 321/321/304 320/320/303 319/319/302 40/318/301
f 323/323/306 322/322/305 321/321/304 40/318/301
f 319/319/302 324/325/308 55/324/307 40/318/301
f 326/327/310 325/326/309 323/323/306 40/318/301
f 55/324/307 327/328/311 326/327/310 40/318/301
f 331/332/315 330/331/314 329/330/313 328/329/312
f 333/335/318 220/201/188 332/334/317 41/333/316
f 332/334/317 335/337/320 334/336/319 41/333/316
f 334/336/319 337/339/322 336/338/321 41/333/316
f 339/341/324 338/340/323 333/335/318 41/333/316
f 336/338/321 340/342/325 339/341/324 41/333/316
f 343/346/329 342/345/328 341/344/327 42/343/326
f 346/349/332 345/348/331 344/347/330 42/343/326
f 341/344/327 347/350/333 346/349/332 42/343/326
f 349/354/336 340/353/325 348/352/335 43/351/334
f 350/356/338 56/355/337 349/354/336 43/351/334
f 348/352/335 351/357/339 350/356/338 43/351/334
f 354/361/343 353/360/342 352/359/341 44/358/340
f 356/363/345 355/362/344 354/361/343 44/358/340
f 358/367/347 357/366/346 356/365/345 44/364/340
f 361/371/351 360/370/350 359/369/349 45/368/348
f 359/369/349 363/373/353 362/372/352 45/368/348
f 362/372/352 364/374/354 361/371/351 45/368/348
f 367/378/358 366/377/357 365/376/356 46/375/355
f 365/376/356 369/380/360 368/379/359 46/375/355
f 371/382/362 370/381/361 367/378/358 46/375/355
f 372/383/363 360/370/350 371/382/362 46/375/355
f 375/387/367 374/386/366 373/385/365 47/384/364
f 377/389/369 376/388/368 375/387/367 47/384/364
f 373/385/365 378/390/370 377/389/369 47/384/364
f 381/394/374 380/393/373 379/392/372 48/391/371
f 383/396/376 382/395/375 381/394/374 48/391/371
f 379/392/372 384/397/377 383/396/376 48/391/371
f 387/401/381 386/400/380 385/399/379 49/398/378
f 385/399/379 389/403/383 388/402/382 49/398/378
f 388/402/382 390/405/385 50/404/384 49/398/378
f 50/404/384 392/407/387 391/406/386 49/398/378
f 391/406/386 393/408/388 387/401/381 49/398/378
f 390/405/385 394/409/389 392/407/387 50/404/384
f 400/413/393 399/412/392 398/411/391 51/410/390
f 398/411/391 402/415/395 401/414/394 51/410/390
f 401/414/394 404/417/397 403/416/396 51/410/390
f 387/401/381 393/408/388 400/413/393 51/410/390
f 403/416/396 386/400/380 387/401/381 51/410/390
f 407/421/401 406/420/400 405/419/399 52/418/398
f 182/156/143 408/422/402 407/421/401 52/418/398
f 405/419/399 181/155/142 182/156/143 52/418/398
f 187/163/150 410/424/404 409/423/403 53/162/149
f 412/428/406 411/427/405 186/426/148 53/425/149
f 409/430/403 413/429/407 412/428/406 53/425/149
f 195/173/160 414/431/408 198/177/164 54/172/159
f 416/433/410 415/432/409 196/174/161 54/172/159
f 198/177/164 199/178/165 416/433/410 54/172/159
f 324/325/308 330/331/314 327/328/311 55/324/307
f 357/366/346 417/436/411 349/435/336 56/434/337
f 350/356/338 419/438/413 418/437/412 56/355/337
f 420/439/414 356/365/345 357/366/346 56/434/337
f 423/443/418 422/442/417 421/441/416 57/440/415
f 421/441/416 424/445/420 397/444/419 57/440/415
f 395/447/422 425/446/421 423/443/418 57/440/415
f 428/451/426 427/450/425 426/449/424 58/448/423
f 430/453/428 429/452/427 428/451/426 58/448/423
f 432/455/430 431/454/429 430/453/428 58/448/423
f 434/457/432 433/456/431 432/455/430 58/448/423
f 426/449/424 435/458/433 434/457/432 58/448/423
f 436/460/435 421/441/416 422/442/417 59/459/434
f 422/442/417 438/462/437 437/461/436 59/459/434
f 437/461/436 439/463/438 436/460/435 59/459/434
f 437/461/436 441/465/440 440/464/439 439/463/438
f 443/467/442 442/466/441 436/460/435 439/463/438
f 440/464/439 444/468/443 443/467/442 439/463/438
f 440/464/439 446/470/445 445/469/444 444/468/443
f 447/471/446 427/450/425 443/467/442 444/468/443
f 445/469/444 448/472/447 447/471/446 444/468/443
f 445/469/444 450/474/449 449/473/448 448/472/447
f 309/307/290 312/310/293 447/471/446 448/472/447
f 449/473/448 308/306/289 309/307/290 448/472/447
f 453/477/452 452/476/451 451/475/450 450/474/449
f 445/469/444 446/470/445 453/477/452 450/474/449
f 451/475/450 454/478/453 449/473/448 450/474/449
f 451/475/450 456/480/455 455/479/454 454/478/453
f 457/481/456 308/306/289 449/473/448 454/478/453
f 455/479/454 458/482/457 457/481/456 454/478/453
f 455/479/454 459/483/458 298/294/277 458/482/457
f 461/485/460 460/484/459 457/481/456 458/482/457
f 298/294/277 299/295/278 461/485/460 458/482/457
f 463/487/462 462/486/461 460/484/459 461/485/460
f 299/295/278 300/296/279 463/487/462 461/485/460
f 465/489/464 464/488/463 462/486/461 463/487/462
f 300/296/279 466/490/465 465/489/464 463/487/462
f 468/492/467 467/491/466 465/489/464 466/490/465
f 470/494/469 469/493/468 468/492/467 466/490/465
f 300/296/279 295/291/274 470/494/469 466/490/465
f 472/496/471 471/495/470 469/493/468 470/494/469
f 295/291/274 296/292/275 472/496/471 470/494/469
f 474/498/473 473/497/472 471/495/470 472/496/471
f 296/292/275 475/499/474 474/498/473 472/496/471
f 477/501/476 476/500/475 474/498/473 475/499/474
f 479/503/478 478/502/477 477/501/476 475/499/474
f 296/292/275 297/293/276 479/503/478 475/499/474
f 459/483/458 480/504/479 478/502/477 479/503/478
f 297/293/276 298/294/277 459/483/458 479/503/478
f 482/506/481 481/505/480 478/502/477 480/504/479
f 456/480/455 483/507/482 482/506/481 480/504/479
f 459/483/458 455/479/454 456/480/455 480/504/479
f 485/509/484 484/508/483 482/506/481 483/507/482
f 452/476/451 486/510/485 485/509/484 483/507/482
f 456/480/455 451/475/450 452/476/451 483/507/482
f 488/512/487 487/511/486 485/509/484 486/510/485
f 490/514/489 489/513/488 488/512/487 486/510/485
f 452/476/451 453/477/452 490/514/489 486/510/485
f 492/516/491 491/515/490 489/513/488 490/514/489
f 453/477/452 446/470/445 492/516/491 490/514/489
f 441/465/440 493/517/492 491/515/490 492/516/491
f 446/470/445 440/464/439 441/465/440 492/516/491
f 495/519/494 494/518/493 491/515/490 493/517/492
f 438/462/437 496/520/495 495/519/494 493/517/492
f 441/465/440 437/461/436 438/462/437 493/517/492
f 498/522/497 497/521/496 495/519/494 496/520/495
f 423/443/418 425/446/421 498/522/497 496/520/495
f 438/462/437 422/442/417 423/443/418 496/520/495
f 500/526/499 499/525/498 497/524/496 498/523/497
f 425/528/421 501/527/500 500/526/499 498/523/497
f 503/530/502 502/529/501 500/526/499 501/527/500
f 505/532/504 504/531/503 503/530/502 501/527/500
f 425/528/421 395/533/422 505/532/504 501/527/500
f 507/535/506 506/534/505 504/531/503 505/532/504
f 395/533/422 396/536/507 507/535/506 505/532/504
f 509/540/509 508/539/508 506/538/505 507/537/506
f 396/541/507 397/444/419 509/540/509 507/537/506
f 429/452/427 430/453/428 508/539/508 509/540/509
f 397/444/419 424/445/420 429/452/427 509/540/509
f 511/543/511 510/542/510 506/538/505 508/539/508
f 430/453/428 431/454/429 511/543/511 508/539/508
f 513/545/513 512/544/512 510/542/510 511/543/511
f 431/454/429 399/412/392 513/545/513 511/543/511
f 515/547/515 514/546/514 512/544/512 513/545/513
f 399/412/392 400/413/393 515/547/515 513/545/513
f 517/549/517 516/548/516 514/546/514 515/547/515
f 400/413/393 393/408/388 517/549/517 515/547/515
f 519/551/519 518/550/518 516/548/516 517/549/517
f 393/408/388 391/406/386 519/551/519 517/549/517
f 521/553/521 520/552/520 518/550/518 519/551/519
f 391/406/386 392/407/387 521/553/521 519/551/519
f 523/555/523 522/554/522 520/552/520 521/553/521
f 392/407/387 394/409/389 523/555/523 521/553/521
f 525/557/525 524/556/524 522/554/522 523/555/523
f 394/409/389 526/558/526 525/557/525 523/555/523
f 529/561/529 528/560/528 527/559/527 526/558/526
f 394/409/389 390/405/385 529/561/529 526/558/526
f 527/559/527 530/562/530 525/557/525 526/558/526
f 358/367/347 44/364/340 531/563/531 530/562/530
f 527/559/527 532/564/532 358/367/347 530/562/530
f 531/563/531 524/556/524 525/557/525 530/562/530
f 338/340/323 339/341/324 417/436/411 532/564/532
f 527/559/527 528/560/528 338/340/323 532/564/532
f 417/436/411 357/366/346 358/367/347 532/564/532
f 44/358/340 352/359/341 533/566/533 531/565/531
f 533/566/533 534/568/534 524/567/524 531/565/531
f 533/566/533 536/570/536 535/569/535 534/568/534
f 537/572/537 522/571/522 524/567/524 534/568/534
f 535/569/535 538/573/538 537/572/537 534/568/534
f 535/569/535 540/575/540 539/574/539 538/573/538
f 542/577/542 541/576/541 537/572/537 538/573/538
f 539/574/539 543/578/543 542/577/542 538/573/538
f 539/574/539 545/580/545 544/579/544 543/578/543
f 547/582/547 546/581/546 542/577/542 543/578/543
f 544/579/544 548/583/548 547/582/547 543/578/543
f 544/579/544 550/585/550 549/584/549 548/583/548
f 552/589/552 551/588/551 547/587/547 548/586/548
f 549/591/549 553/590/553 552/589/552 548/586/548
f 549/591/549 555/593/555 554/592/554 553/590/553
f 557/595/557 556/594/556 552/589/552 553/590/553
f 554/592/554 558/596/558 557/595/557 553/590/553
f 554/592/554 560/598/560 559/597/559 558/596/558
f 562/600/562 561/599/561 557/595/557 558/596/558
f 559/597/559 563/601/563 562/600/562 558/596/558
f 559/597/559 565/603/565 564/602/564 563/601/563
f 567/605/567 566/604/566 562/600/562 563/601/563
f 564/602/564 568/606/568 567/605/567 563/601/563
f 564/602/564 570/608/570 569/607/569 568/606/568
f 572/610/572 571/609/571 567/605/567 568/606/568
f 569/607/569 573/611/573 572/610/572 568/606/568
f 569/615/569 575/614/575 574/613/574 573/612/573
f 577/617/577 576/616/576 572/610/572 573/611/573
f 574/613/574 578/619/578 577/618/577 573/612/573
f 574/613/574 580/621/580 579/620/579 578/619/578
f 303/300/283 304/301/284 577/618/577 578/619/578
f 579/620/579 302/299/282 303/300/283 578/619/578
f 583/624/583 582/623/582 581/622/581 580/621/580
f 574/613/574 575/614/575 583/624/583 580/621/580
f 581/622/581 584/625/584 579/620/579 580/621/580
f 581/622/581 586/627/586 585/626/585 584/625/584
f 587/628/587 302/299/282 579/620/579 584/625/584
f 585/626/585 588/629/588 587/628/587 584/625/584
f 585/626/585 476/500/475 477/501/476 588/629/588
f 481/505/480 589/630/589 587/628/587 588/629/588
f 477/501/476 478/502/477 481/505/480 588/629/588
f 301/298/281 302/299/282 587/628/587 589/630/589
f 484/508/483 306/303/286 301/298/281 589/630/589
f 481/505/480 482/506/481 484/508/483 589/630/589
f 592/633/592 591/632/591 590/631/590 586/627/586
f 581/622/581 582/623/582 592/633/592 586/627/586
f 590/631/590 476/500/475 585/626/585 586/627/586
f 594/635/594 593/634/593 591/632/591 592/633/592
f 582/623/582 595/636/595 594/635/594 592/633/592
f 597/638/597 596/637/596 594/635/594 595/636/595
f 599/640/599 598/639/598 597/638/597 595/636/595
f 582/623/582 583/624/583 599/640/599 595/636/595
f 601/642/601 600/641/600 598/639/598 599/640/599
f 583/624/583 575/614/575 601/642/601 599/640/599
f 570/644/570 602/643/602 600/641/600 601/642/601
f 575/614/575 569/615/569 570/644/570 601/642/601
f 604/646/604 603/645/603 600/641/600 602/643/602
f 565/603/565 605/649/605 604/648/604 602/647/602
f 570/608/570 564/602/564 565/603/565 602/647/602
f 607/651/607 606/650/606 604/648/604 605/649/605
f 560/598/560 608/652/608 607/651/607 605/649/605
f 565/603/565 559/597/559 560/598/560 605/649/605
f 610/656/610 609/655/609 607/654/607 608/653/608
f 555/658/555 611/657/611 610/656/610 608/653/608
f 560/598/560 554/592/554 555/593/555 608/652/608
f 613/660/613 612/659/612 610/656/610 611/657/611
f 550/585/550 614/661/614 613/660/613 611/657/611
f 555/658/555 549/584/549 550/585/550 611/657/611
f 616/663/616 615/662/615 613/660/613 614/661/614
f 545/580/545 617/664/617 616/663/616 614/661/614
f 550/585/550 544/579/544 545/580/545 614/661/614
f 619/666/619 618/665/618 616/663/616 617/664/617
f 540/575/540 620/667/620 619/666/619 617/664/617
f 545/580/545 539/574/539 540/575/540 617/664/617
f 622/669/622 621/668/621 619/666/619 620/667/620
f 536/570/536 623/670/623 622/669/622 620/667/620
f 540/575/540 535/569/535 536/570/536 620/667/620
f 625/672/625 624/671/624 622/669/622 623/670/623
f 352/359/341 353/360/342 625/672/625 623/670/623
f 536/570/536 533/566/533 352/359/341 623/670/623
f 627/674/627 626/673/626 624/671/624 625/672/625
f 353/360/342 628/675/628 627/674/627 625/672/625
f 630/677/630 629/676/629 627/674/627 628/675/628
f 369/380/360 365/376/356 630/677/630 628/675/628
f 353/360/342 354/361/343 369/380/360 628/675/628
f 632/679/632 631/678/631 629/676/629 630/677/630
f 365/376/356 366/377/357 632/679/632 630/677/630
f 374/386/366 633/680/633 631/678/631 632/679/632
f 366/377/357 373/385/365 374/386/366 632/679/632
f 635/682/635 634/681/634 631/678/631 633/680/633
f 637/684/637 636/683/636 635/682/635 633/680/633
f 374/386/366 375/387/367 637/684/637 633/680/633
f 639/686/639 638/685/638 636/683/636 637/684/637
f 375/387/367 376/388/368 639/686/639 637/684/637
f 641/688/641 640/687/640 638/685/638 639/686/639
f 376/388/368 642/689/642 641/688/641 639/686/639
f 376/388/368 377/389/369 643/690/643 642/689/642
f 645/692/645 644/691/644 641/688/641 642/689/642
f 643/690/643 646/693/646 645/692/645 642/689/642
f 643/690/643 648/695/648 647/694/647 646/693/646
f 650/697/650 649/696/649 645/692/645 646/693/646
f 647/694/647 384/397/377 650/697/650 646/693/646
f 652/699/652 651/698/651 649/696/649 650/697/650
f 384/397/377 379/392/372 652/699/652 650/697/650
f 654/701/654 653/700/653 651/698/651 652/699/652
f 379/392/372 380/393/373 654/701/654 652/699/652
f 656/703/656 655/702/655 653/700/653 654/701/654
f 380/393/373 657/704/657 656/703/656 654/701/654
f 380/393/373 381/394/374 658/705/658 657/704/657
f 660/707/660 659/706/659 656/703/656 657/704/657
f 658/705/658 661/708/661 660/707/660 657/704/657
f 658/705/658 364/374/354 362/372/352 661/708/661
f 663/710/663 662/709/662 660/707/660 661/708/661
f 362/372/352 363/373/353 663/710/663 661/708/661
f 665/712/665 664/711/664 662/709/662 663/710/663
f 363/373/353 666/713/666 665/712/665 663/710/663
f 363/373/353 359/369/349 667/714/667 666/713/666
f 669/716/669 668/715/668 665/712/665 666/713/666
f 667/714/667 670/717/670 669/716/669 666/713/666
f 667/714/667 372/383/363 671/718/671 670/717/670
f 673/720/673 672/719/672 669/716/669 670/717/670
f 671/718/671 674/721/674 673/720/673 670/717/670
f 671/718/671 368/379/359 355/362/344 674/721/674
f 420/723/414 675/722/675 673/720/673 674/721/674
f 355/362/344 356/363/345 420/723/414 674/721/674
f 676/724/676 672/719/672 673/720/673 675/722/675
f 418/437/412 677/727/677 676/726/676 675/725/675
f 420/728/414 56/355/337 418/437/412 675/725/675
f 679/730/679 678/729/678 676/726/676 677/727/677
f 681/732/681 680/731/680 679/730/679 677/727/677
f 418/437/412 419/438/413 681/732/681 677/727/677
f 683/734/683 682/733/682 680/731/680 681/732/681
f 419/438/413 684/735/684 683/734/683 681/732/681
f 419/438/413 350/356/338 351/357/339 684/735/684
f 686/737/686 685/736/685 683/734/683 684/735/684
f 351/357/339 687/738/687 686/737/686 684/735/684
f 690/741/690 689/740/689 688/739/688 687/738/687
f 351/357/339 348/352/335 690/741/690 687/738/687
f 688/739/688 691/742/691 686/737/686 687/738/687
f 692/743/692 685/736/685 686/737/686 691/742/691
f 42/343/326 344/347/330 692/743/692 691/742/691
f 688/739/688 343/346/329 42/343/326 691/742/691
f 694/745/694 693/744/693 685/736/685 692/743/692
f 344/347/330 695/746/695 694/745/694 692/743/692
f 697/748/697 696/747/696 694/745/694 695/746/695
f 699/750/699 698/749/698 697/748/697 695/746/695
f 344/347/330 345/348/331 699/750/699 695/746/695
f 701/752/701 700/751/700 698/749/698 699/750/699
f 345/348/331 702/753/702 701/752/701 699/750/699
f 345/348/331 346/349/332 703/754/703 702/753/702
f 705/756/705 704/755/704 701/752/701 702/753/702
f 703/754/703 706/757/706 705/756/705 702/753/702
f 703/754/703 322/322/305 323/323/306 706/757/706
f 708/759/708 707/758/707 705/756/705 706/757/706
f 323/323/306 325/326/309 708/759/708 706/757/706
f 710/761/710 709/760/709 707/758/707 708/759/708
f 325/326/309 711/762/711 710/761/710 708/759/708
f 714/765/714 713/764/713 712/763/712 711/762/711
f 325/326/309 326/327/310 714/765/714 711/762/711
f 712/763/712 715/766/715 710/761/710 711/762/711
f 712/763/712 717/768/717 716/767/716 715/766/715
f 718/769/718 709/760/709 710/761/710 715/766/715
f 716/767/716 719/770/719 718/769/718 715/766/715
f 716/767/716 721/772/721 720/771/720 719/770/719
f 723/774/723 722/773/722 718/769/718 719/770/719
f 720/771/720 724/775/724 723/774/723 719/770/719
f 720/771/720 726/777/726 725/776/725 724/775/724
f 248/234/221 249/235/222 723/774/723 724/775/724
f 725/776/725 243/228/215 248/234/221 724/775/724
f 729/780/729 728/779/728 727/778/727 726/777/726
f 720/771/720 721/772/721 729/780/729 726/777/726
f 727/778/727 730/781/730 725/776/725 726/777/726
f 727/778/727 234/218/205 235/219/206 730/781/730
f 242/227/214 243/228/215 725/776/725 730/781/730
f 235/219/206 241/226/213 242/227/214 730/781/730
f 732/783/732 731/782/731 728/779/728 729/780/729
f 721/772/721 733/784/733 732/783/732 729/780/729
f 735/786/735 734/785/734 732/783/732 733/784/733
f 717/768/717 736/787/736 735/786/735 733/784/733
f 721/772/721 716/767/716 717/768/717 733/784/733
f 738/789/738 737/788/737 735/786/735 736/787/736
f 713/764/713 739/790/739 738/789/738 736/787/736
f 717/768/717 712/763/712 713/764/713 736/787/736
f 741/794/741 740/793/740 738/792/738 739/791/739
f 742/796/742 331/795/315 741/794/741 739/791/739
f 713/764/713 714/765/714 742/797/742 739/790/739
f 327/328/311 330/331/314 331/332/315 742/797/742
f 714/765/714 326/327/310 327/328/311 742/797/742
f 744/799/744 743/798/743 740/793/740 741/794/741
f 331/795/315 328/800/312 744/799/744 741/794/741
f 746/802/746 745/801/745 743/798/743 744/799/744
f 328/800/312 329/803/313 746/802/746 744/799/744
f 748/805/748 747/804/747 745/801/745 746/802/746
f 329/803/313 749/806/749 748/805/748 746/802/746
f 751/808/751 750/807/750 748/805/748 749/806/749
f 324/325/308 319/319/302 751/810/751 749/809/749
f 329/330/313 330/331/314 324/325/308 749/809/749
f 753/812/753 752/811/752 750/807/750 751/808/751
f 319/319/302 320/320/303 753/813/753 751/810/751
f 755/815/755 754/814/754 752/811/752 753/812/753
f 320/320/303 756/817/756 755/816/755 753/813/753
f 758/819/758 757/818/757 755/816/755 756/817/756
f 760/821/760 759/820/759 758/819/758 756/817/756
f 320/320/303 321/321/304 760/821/760 756/817/756
f 347/350/333 341/344/327 759/820/759 760/821/760
f 321/321/304 322/322/305 347/350/333 760/821/760
f 762/823/762 761/822/761 758/819/758 759/820/759
f 341/344/327 342/345/328 762/823/762 759/820/759
f 764/825/764 763/824/763 761/822/761 762/823/762
f 342/345/328 765/826/765 764/825/764 762/823/762
f 767/828/767 766/827/766 764/825/764 765/826/765
f 769/830/769 768/829/768 767/828/767 765/826/765
f 342/345/328 343/346/329 769/830/769 765/826/765
f 689/740/689 337/831/322 768/829/768 769/830/769
f 343/346/329 688/739/688 689/740/689 769/830/769
f 771/835/771 770/834/770 767/833/767 768/832/768
f 337/339/322 334/336/319 771/835/771 768/832/768
f 773/837/773 772/836/772 770/834/770 771/835/771
f 334/336/319 335/337/320 773/837/773 771/835/771
f 176/149/136 174/147/134 772/836/772 773/837/773
f 335/337/320 774/838/774 176/149/136 773/837/773
f 775/839/775 173/146/133 176/149/136 774/838/774
f 215/196/183 216/197/184 775/839/775 774/838/774
f 335/337/320 332/334/317 215/196/183 774/838/774
f 776/840/776 172/145/132 173/146/133 775/839/775
f 216/197/184 777/841/777 776/840/776 775/839/775
f 779/843/779 778/842/778 776/840/776 777/841/777
f 780/844/780 414/431/408 779/843/779 777/841/777
f 216/197/184 213/194/181 780/844/780 777/841/777
f 197/176/163 198/177/164 414/431/408 780/844/780
f 213/194/181 202/181/168 197/176/163 780/844/780
f 782/846/782 781/845/781 778/842/778 779/843/779
f 414/431/408 195/173/160 782/846/782 779/843/779
f 784/848/784 783/847/783 781/845/781 782/846/782
f 195/173/160 193/170/157 784/848/784 782/846/782
f 786/850/786 785/849/785 783/847/783 784/848/784
f 193/170/157 194/171/158 786/850/786 784/848/784
f 788/852/788 787/851/787 785/849/785 786/850/786
f 194/171/158 789/853/789 788/852/788 786/850/786
f 791/855/791 790/854/790 788/852/788 789/853/789
f 793/857/793 792/856/792 791/855/791 789/853/789
f 194/171/158 188/165/152 793/857/793 789/853/789
f 795/859/795 794/858/794 792/856/792 793/857/793
f 188/165/152 189/166/153 795/859/795 793/857/793
f 797/861/797 796/860/796 794/858/794 795/859/795
f 189/166/153 798/862/798 797/861/797 795/859/795
f 189/166/153 190/167/154 799/863/799 798/862/798
f 801/865/801 800/864/800 797/861/797 798/862/798
f 799/863/799 802/866/802 801/865/801 798/862/798
f 799/863/799 804/868/804 803/867/803 802/866/802
f 806/870/806 805/869/805 801/865/801 802/866/802
f 803/867/803 807/871/807 806/870/806 802/866/802
f 803/867/803 187/163/150 183/158/145 807/871/807
f 809/873/809 808/872/808 806/870/806 807/871/807
f 183/158/145 184/159/146 809/873/809 807/871/807
f 811/875/811 810/874/810 808/872/808 809/873/809
f 184/159/146 408/422/402 811/875/811 809/873/809
f 177/151/138 178/152/139 810/874/810 811/875/811
f 408/422/402 182/156/143 177/151/138 811/875/811
f 813/877/813 812/876/812 808/872/808 810/874/810
f 178/152/139 814/878/814 813/877/813 810/874/810
f 816/880/816 815/879/815 813/877/813 814/878/814
f 818/882/818 817/881/817 816/880/816 814/878/814
f 178/152/139 179/153/140 818/882/818 814/878/814
f 820/884/820 819/883/819 817/881/817 818/882/818
f 179/153/140 180/154/141 820/884/820 818/882/818
f 822/886/822 821/885/821 819/883/819 820/884/820
f 180/154/141 823/887/823 822/886/822 820/884/820
f 180/154/141 181/155/142 405/419/399 823/887/823
f 825/889/825 824/888/824 822/886/822 823/887/823
f 405/419/399 406/420/400 825/889/825 823/887/823
f 411/891/405 826/890/826 824/888/824 825/889/825
f 406/420/400 186/161/148 411/891/405 825/889/825
f 828/893/828 827/892/827 824/888/824 826/890/826
f 830/897/830 829/896/829 828/895/828 826/894/826
f 411/427/405 412/428/406 830/897/830 826/894/826
f 832/899/832 831/898/831 829/896/829 830/897/830
f 412/428/406 413/429/407 832/899/832 830/897/830
f 834/901/834 833/900/833 831/898/831 832/899/832
f 413/429/407 835/902/835 834/901/834 832/899/832
f 413/429/407 409/430/403 836/903/836 835/902/835
f 838/905/838 837/904/837 834/901/834 835/902/835
f 836/903/836 839/906/839 838/905/838 835/902/835
f 841/908/841 840/907/840 838/905/838 839/906/839
f 843/912/843 842/911/842 841/910/841 839/909/839
f 836/914/836 844/913/844 843/912/843 839/909/839
f 191/168/155 192/169/156 843/912/843 844/913/844
f 410/424/404 804/868/804 191/168/155 844/913/844
f 836/914/836 409/423/403 410/424/404 844/913/844
f 192/169/156 196/174/161 842/911/842 843/912/843
f 846/916/846 845/915/845 841/910/841 842/911/842
f 196/174/161 415/432/409 846/916/846 842/911/842
f 848/918/848 847/917/847 845/915/845 846/916/846
f 415/432/409 849/919/849 848/918/848 846/916/846
f 851/921/851 850/920/850 848/918/848 849/919/849
f 853/923/853 852/922/852 851/921/851 849/919/849
f 415/432/409 416/433/410 853/923/853 849/919/849
f 200/179/166 854/924/854 852/922/852 853/923/853
f 416/433/410 199/178/165 200/179/166 853/923/853
f 856/926/856 855/925/855 852/922/852 854/924/854
f 858/928/858 857/927/857 856/926/856 854/924/854
f 200/179/166 201/180/167 858/928/858 854/924/854
f 214/195/182 217/198/185 857/927/857 858/928/858
f 201/180/167 202/181/168 214/195/182 858/928/858
f 860/930/860 859/929/859 856/926/856 857/927/857
f 217/198/185 861/931/861 860/930/860 857/927/857
f 863/933/863 862/932/862 860/930/860 861/931/861
f 865/935/865 864/934/864 863/933/863 861/931/861
f 217/198/185 218/199/186 865/935/865 861/931/861
f 866/936/866 389/403/383 864/934/864 865/935/865
f 218/199/186 219/200/187 866/936/866 865/935/865
f 867/937/867 388/402/382 389/403/383 866/936/866
f 219/200/187 868/938/868 867/937/867 866/936/866
f 219/200/187 220/201/188 333/335/318 868/938/868
f 528/560/528 529/561/529 867/937/867 868/938/868
f 333/335/318 338/340/323 528/560/528 868/938/868
f 529/561/529 390/405/385 388/402/382 867/937/867
f 870/940/870 869/939/869 863/933/863 864/934/864
f 389/403/383 385/399/379 870/940/870 864/934/864
f 872/942/872 871/941/871 869/939/869 870/940/870
f 385/399/379 386/400/380 872/942/872 870/940/870
f 874/944/874 873/943/873 871/941/871 872/942/872
f 386/400/380 403/416/396 874/944/874 872/942/872
f 876/946/876 875/945/875 873/943/873 874/944/874
f 403/416/396 404/417/397 876/946/876 874/944/874
f 878/948/878 877/947/877 875/945/875 876/946/876
f 404/417/397 879/949/879 878/948/878 876/946/876
f 881/951/881 880/950/880 878/948/878 879/949/879
f 883/953/883 882/952/882 881/951/881 879/949/879
f 404/417/397 401/414/394 883/953/883 879/949/879
f 885/955/885 884/954/884 882/952/882 883/953/883
f 401/414/394 402/415/395 885/955/885 883/953/883
f 887/957/887 886/956/886 884/954/884 885/955/885
f 402/415/395 433/456/431 887/957/887 885/955/885
f 889/959/889 888/958/888 886/956/886 887/957/887
f 433/456/431 434/457/432 889/959/889 887/957/887
f 890/960/890 464/488/463 888/958/888 889/959/889
f 434/457/432 435/458/433 890/960/890 889/959/889
f 311/309/292 462/486/461 464/488/463 890/960/890
f 435/458/433 310/308/291 311/309/292 890/960/890
f 467/491/466 891/961/891 886/956/886 888/958/888
f 464/488/463 465/489/464 467/491/466 888/958/888
f 892/962/892 884/954/884 886/956/886 891/961/891
f 894/964/894 893/963/893 892/962/892 891/961/891
f 467/491/466 468/492/467 894/964/894 891/961/891
f 896/966/896 895/965/895 893/963/893 894/964/894
f 468/492/467 469/493/468 896/966/896 894/964/894
f 898/968/898 897/967/897 895/965/895 896/966/896
f 469/493/468 471/495/470 898/968/898 896/966/896
f 900/970/900 899/969/899 897/967/897 898/968/898
f 471/495/470 473/497/472 900/970/900 898/968/898
f 591/632/591 593/634/593 899/969/899 900/970/900
f 473/497/472 590/631/590 591/632/591 900/970/900
f 902/972/902 901/971/901 897/967/897 899/969/899
f 593/634/593 903/973/903 902/972/902 899/969/899
f 284/278/261 904/974/904 902/972/902 903/973/903
f 596/637/596 283/277/260 284/278/261 903/973/903
f 593/634/593 594/635/594 596/637/596 903/973/903
f 907/977/907 906/976/906 905/975/905 904/974/904
f 284/278/261 125/82/76 907/977/907 904/974/904
f 905/975/905 901/971/901 902/972/902 904/974/904
f 909/979/909 908/978/908 906/976/906 907/977/907
f 125/82/76 126/83/77 909/979/909 907/977/907
f 911/983/911 910/982/910 908/981/908 909/980/909
f 126/84/77 127/85/78 911/983/911 909/980/909
f 913/985/913 912/984/912 910/982/910 911/983/911
f 127/85/78 914/986/914 913/985/913 911/983/911
f 916/988/916 915/987/915 913/985/913 914/986/914
f 918/990/918 917/989/917 916/988/916 914/986/914
f 127/85/78 123/77/73 918/990/918 914/986/914
f 920/992/920 919/991/919 917/989/917 918/990/918
f 123/77/73 124/78/74 920/992/920 918/990/918
f 922/994/922 921/993/921 919/991/919 920/992/920
f 124/78/74 923/995/923 922/994/922 920/992/920
f 925/997/925 924/996/924 922/994/922 923/995/923
f 927/999/927 926/998/926 925/997/925 923/995/923
f 124/78/74 120/79/70 927/999/927 923/995/923
f 929/1003/929 928/1002/928 926/1001/926 927/1000/927
f 120/73/70 121/74/71 929/1003/929 927/1000/927
f 931/1005/931 930/1004/930 928/1002/928 929/1003/929
f 121/74/71 932/1006/932 931/1005/931 929/1003/929
f 121/74/71 122/75/72 933/1007/933 932/1006/932
f 935/1009/935 934/1008/934 931/1005/931 932/1006/932
f 933/1007/933 936/1010/936 935/1009/935 932/1006/932
f 933/1007/933 938/1012/938 937/1011/937 936/1010/936
f 940/1014/940 939/1013/939 935/1009/935 936/1010/936
f 937/1011/937 941/1015/941 940/1014/940 936/1010/936
f 937/1011/937 943/1017/943 942/1016/942 941/1015/941
f 945/1019/945 944/1018/944 940/1014/940 941/1015/941
f 942/1016/942 946/1020/946 945/1019/945 941/1015/941
f 942/1016/942 286/1022/264 947/1021/947 946/1020/946
f 949/1024/949 948/1023/948 945/1019/945 946/1020/946
f 947/1021/947 950/1025/950 949/1024/949 946/1020/946
f 947/1029/947 952/1028/952 951/1027/951 950/1026/950
f 954/1031/954 953/1030/953 949/1024/949 950/1025/950
f 951/1027/951 955/1033/955 954/1032/954 950/1026/950
f 951/1027/951 957/1035/957 956/1034/956 955/1033/955
f 267/257/242 262/252/237 954/1037/954 955/1036/955
f 956/1039/956 958/1038/958 267/257/242 955/1036/955
f 961/1042/961 960/1041/960 959/1040/959 958/1038/958
f 956/1039/956 962/1043/962 961/1042/961 958/1038/958
f 959/1040/959 266/256/241 267/257/242 958/1038/958
f 964/1047/964 963/1046/963 961/1045/961 962/1044/962
f 966/1049/966 965/1048/965 964/1047/964 962/1044/962
f 956/1034/956 957/1035/957 966/1049/966 962/1044/962
f 968/1051/968 967/1050/967 965/1048/965 966/1049/966
f 957/1035/957 969/1052/969 968/1051/968 966/1049/966
f 290/285/268 970/1053/970 968/1051/968 969/1052/969
f 952/1028/952 287/282/265 290/285/268 969/1052/969
f 957/1035/957 951/1027/951 952/1028/952 969/1052/969
f 971/1054/971 967/1050/967 968/1051/968 970/1053/970
f 973/1056/973 972/1055/972 971/1054/971 970/1053/970
f 290/285/268 291/286/269 973/1056/973 970/1053/970
f 975/1058/975 974/1057/974 972/1055/972 973/1056/973
f 291/286/269 292/287/270 975/1058/975 973/1056/973
f 977/1060/977 976/1059/976 974/1057/974 975/1058/975
f 292/287/270 978/1061/978 977/1060/977 975/1058/975
f 980/1063/980 979/1062/979 977/1060/977 978/1061/978
f 982/1065/982 981/1064/981 980/1063/980 978/1061/978
f 292/287/270 293/288/271 982/1065/982 978/1061/978
f 983/1066/983 612/659/612 981/1064/981 982/1065/982
f 293/288/271 294/289/272 983/1066/983 982/1065/982
f 609/655/609 610/656/610 612/659/612 983/1066/983
f 294/289/272 984/1067/984 609/655/609 983/1066/983
f 294/289/272 288/283/266 985/1068/985 984/1067/984
f 606/1069/606 607/654/607 609/655/609 984/1067/984
f 985/1068/985 986/1070/986 606/1069/606 984/1067/984
f 985/1068/985 988/1072/988 987/1071/987 986/1070/986
f 603/645/603 604/646/604 606/1074/606 986/1073/986
f 987/1076/987 989/1075/989 603/645/603 986/1073/986
f 987/1076/987 281/275/258 282/276/259 989/1075/989
f 598/639/598 600/641/600 603/645/603 989/1075/989
f 282/276/259 597/638/597 598/639/598 989/1075/989
f 289/1079/267 990/1078/990 280/273/257 988/1077/988
f 985/1068/985 288/283/266 289/284/267 988/1072/988
f 280/273/257 281/274/258 987/1080/987 988/1077/988
f 938/1012/938 279/272/256 280/273/257 990/1078/990
f 943/1017/943 937/1011/937 938/1012/938 990/1078/990
f 289/1079/267 285/1081/263 943/1017/943 990/1078/990
f 615/662/615 991/1082/991 980/1063/980 981/1064/981
f 612/659/612 613/660/613 615/662/615 981/1064/981
f 992/1083/992 979/1062/979 980/1063/980 991/1082/991
f 618/665/618 993/1084/993 992/1083/992 991/1082/991
f 615/662/615 616/663/616 618/665/618 991/1082/991
f 995/1086/995 994/1085/994 992/1083/992 993/1084/993
f 621/668/621 996/1087/996 995/1086/995 993/1084/993
f 618/665/618 619/666/619 621/668/621 993/1084/993
f 998/1089/998 997/1088/997 995/1086/995 996/1087/996
f 624/671/624 626/673/626 998/1089/998 996/1087/996
f 621/668/621 622/669/622 624/671/624 996/1087/996
f 1000/1091/1000 999/1090/999 997/1088/997 998/1089/998
f 626/673/626 1001/1092/1001 1000/1091/1000 998/1089/998
f 634/681/634 1002/1093/1002 1000/1091/1000 1001/1092/1001
f 629/676/629 631/678/631 634/681/634 1001/1092/1001
f 626/673/626 627/674/627 629/676/629 1001/1092/1001
f 1005/1096/1005 1004/1095/1004 1003/1094/1003 1002/1093/1002
f 634/681/634 635/682/635 1005/1096/1005 1002/1093/1002
f 1003/1094/1003 999/1090/999 1000/1091/1000 1002/1093/1002
f 1007/1098/1007 1006/1097/1006 1004/1095/1004 1005/1096/1005
f 635/682/635 636/683/636 1007/1098/1007 1005/1096/1005
f 1009/1100/1009 1008/1099/1008 1006/1097/1006 1007/1098/1007
f 636/683/636 638/685/638 1009/1100/1009 1007/1098/1007
f 1011/1102/1011 1010/1101/1010 1008/1099/1008 1009/1100/1009
f 638/685/638 640/687/640 1011/1102/1011 1009/1100/1009
f 1013/1104/1013 1012/1103/1012 1010/1101/1010 1011/1102/1011
f 640/687/640 1014/1105/1014 1013/1104/1013 1011/1102/1011
f 640/687/640 641/688/641 644/691/644 1014/1105/1014
f 1016/1107/1016 1015/1106/1015 1013/1104/1013 1014/1105/1014
f 644/691/644 1017/1108/1017 1016/1107/1016 1014/1105/1014
f 644/691/644 645/692/645 649/696/649 1017/1108/1017
f 1019/1110/1019 1018/1109/1018 1016/1107/1016 1017/1108/1017
f 649/696/649 651/698/651 1019/1110/1019 1017/1108/1017
f 1021/1112/1021 1020/1111/1020 1018/1109/1018 1019/1110/1019
f 651/698/651 653/700/653 1021/1112/1021 1019/1110/1019
f 1023/1114/1023 1022/1113/1022 1020/1111/1020 1021/1112/1021
f 653/700/653 655/702/655 1023/1114/1023 1021/1112/1021
f 1025/1116/1025 1024/1115/1024 1022/1113/1022 1023/1114/1023
f 655/702/655 1026/1117/1026 1025/1116/1025 1023/1114/1023
f 655/702/655 656/703/656 659/706/659 1026/1117/1026
f 1028/1119/1028 1027/1118/1027 1025/1116/1025 1026/1117/1026
f 659/706/659 1029/1120/1029 1028/1119/1028 1026/1117/1026
f 659/706/659 660/707/660 662/709/662 1029/1120/1029
f 1031/1122/1031 1030/1121/1030 1028/1119/1028 1029/1120/1029
f 662/709/662 664/711/664 1031/1122/1031 1029/1120/1029
f 1033/1124/1033 1032/1123/1032 1030/1121/1030 1031/1122/1031
f 664/711/664 1034/1125/1034 1033/1124/1033 1031/1122/1031
f 664/711/664 665/712/665 668/715/668 1034/1125/1034
f 1036/1127/1036 1035/1126/1035 1033/1124/1033 1034/1125/1034
f 668/715/668 1037/1128/1037 1036/1127/1036 1034/1125/1034
f 668/715/668 669/716/669 672/719/672 1037/1128/1037
f 678/1130/678 1038/1129/1038 1036/1127/1036 1037/1128/1037
f 672/719/672 676/724/676 678/1130/678 1037/1128/1037
f 1039/1131/1039 1035/1126/1035 1036/1127/1036 1038/1129/1038
f 1041/1135/1041 1040/1134/1040 1039/1133/1039 1038/1132/1038
f 678/729/678 679/730/679 1041/1135/1041 1038/1132/1038
f 1043/1137/1043 1042/1136/1042 1040/1134/1040 1041/1135/1041
f 679/730/679 680/731/680 1043/1137/1043 1041/1135/1041
f 1045/1139/1045 1044/1138/1044 1042/1136/1042 1043/1137/1043
f 680/731/680 682/733/682 1045/1139/1045 1043/1137/1043
f 1047/1141/1047 1046/1140/1046 1044/1138/1044 1045/1139/1045
f 682/733/682 693/744/693 1047/1141/1047 1045/1139/1045
f 696/747/696 1048/1142/1048 1046/1140/1046 1047/1141/1047
f 693/744/693 694/745/694 696/747/696 1047/1141/1047
f 1050/1144/1050 1049/1143/1049 1046/1140/1046 1048/1142/1048
f 1052/1146/1052 1051/1145/1051 1050/1144/1050 1048/1142/1048
f 696/747/696 697/748/697 1052/1146/1052 1048/1142/1048
f 1054/1148/1054 1053/1147/1053 1051/1145/1051 1052/1146/1052
f 697/748/697 698/749/698 1054/1148/1054 1052/1146/1052
f 1056/1150/1056 1055/1149/1055 1053/1147/1053 1054/1148/1054
f 698/749/698 700/751/700 1056/1150/1056 1054/1148/1054
f 1058/1152/1058 1057/1151/1057 1055/1149/1055 1056/1150/1056
f 700/751/700 1059/1153/1059 1058/1152/1058 1056/1150/1056
f 700/751/700 701/752/701 704/755/704 1059/1153/1059
f 1061/1155/1061 1060/1154/1060 1058/1152/1058 1059/1153/1059
f 704/755/704 1062/1156/1062 1061/1155/1061 1059/1153/1059
f 704/755/704 705/756/705 707/758/707 1062/1156/1062
f 1064/1158/1064 1063/1157/1063 1061/1155/1061 1062/1156/1062
f 707/758/707 709/760/709 1064/1158/1064 1062/1156/1062
f 722/773/722 1065/1159/1065 1063/1157/1063 1064/1158/1064
f 709/760/709 718/769/718 722/773/722 1064/1158/1064
f 1067/1161/1067 1066/1160/1066 1063/1157/1063 1065/1159/1065
f 249/235/222 250/236/223 1067/1161/1067 1065/1159/1065
f 722/773/722 723/774/723 249/235/222 1065/1159/1065
f 1069/1163/1069 1068/1162/1068 1066/1160/1066 1067/1161/1067
f 250/236/223 245/230/217 1069/1163/1069 1067/1161/1067
f 269/260/245 270/261/246 1068/1162/1068 1069/1163/1069
f 245/230/217 246/231/218 269/260/245 1069/1163/1069
f 1070/1164/1070 1060/1154/1060 1066/1160/1066 1068/1162/1068
f 270/261/246 1071/1165/1071 1070/1164/1070 1068/1162/1068
f 1072/1166/1072 1057/1151/1057 1070/1164/1070 1071/1165/1071
f 1074/1168/1074 1073/1167/1073 1072/1166/1072 1071/1165/1071
f 270/261/246 271/262/247 1074/1168/1074 1071/1165/1071
f 1076/1170/1076 1075/1169/1075 1073/1167/1073 1074/1168/1074
f 271/262/247 272/263/248 1076/1170/1076 1074/1168/1074
f 1078/1172/1078 1077/1171/1077 1075/1169/1075 1076/1170/1076
f 272/263/248 1079/1173/1079 1078/1172/1078 1076/1170/1076
f 1081/1175/1081 1080/1174/1080 1078/1172/1078 1079/1173/1079
f 238/223/210 239/224/211 1081/1175/1081 1079/1173/1079
f 272/263/248 247/232/219 238/223/210 1079/1173/1079
f 1083/1177/1083 1082/1176/1082 1080/1174/1080 1081/1175/1081
f 239/224/211 1084/1178/1084 1083/1177/1083 1081/1175/1081
f 1086/1180/1086 1085/1179/1085 1083/1177/1083 1084/1178/1084
f 1088/1182/1088 1087/1181/1087 1086/1180/1086 1084/1178/1084
f 239/224/211 240/225/212 1088/1182/1088 1084/1178/1084
f 1090/1184/1090 1089/1183/1089 1087/1181/1087 1088/1182/1088
f 240/225/212 241/226/213 1090/1184/1090 1088/1182/1088
f 236/220/207 237/221/208 1089/1183/1089 1090/1184/1090
f 241/226/213 235/219/206 236/220/207 1090/1184/1090
f 230/213/200 231/214/201 1087/1181/1087 1089/1183/1089
f 237/221/208 229/212/199 230/213/200 1089/1183/1089
f 231/214/201 1091/1185/1091 1086/1180/1086 1087/1181/1087
f 1092/1186/1092 1085/1179/1085 1086/1180/1086 1091/1185/1091
f 1094/1188/1094 1093/1187/1093 1092/1186/1092 1091/1185/1091
f 231/214/201 226/209/196 1094/1188/1094 1091/1185/1091
f 1096/1190/1096 1095/1189/1095 1093/1187/1093 1094/1188/1094
f 226/209/196 227/210/197 1096/1190/1096 1094/1188/1094
f 1098/1194/1098 1097/1193/1097 1095/1192/1095 1096/1191/1096
f 227/1196/197 1099/1195/1099 1098/1194/1098 1096/1191/1096
f 1101/1198/1101 1100/1197/1100 1098/1194/1098 1099/1195/1099
f 1103/1202/1103 1102/1201/1102 1101/1200/1101 1099/1199/1099
f 227/210/197 228/211/198 1103/1202/1103 1099/1199/1099
f 1105/1204/1105 1104/1203/1104 1102/1201/1102 1103/1202/1103
f 228/211/198 229/212/199 1105/1204/1105 1103/1202/1103
f 232/216/203 233/217/204 1104/1203/1104 1105/1204/1105
f 229/212/199 237/221/208 232/216/203 1105/1204/1105
f 731/782/731 1106/1205/1106 1102/1201/1102 1104/1203/1104
f 233/217/204 728/779/728 731/782/731 1104/1203/1104
f 1107/1206/1107 1101/1200/1101 1102/1201/1102 1106/1205/1106
f 734/785/734 1108/1207/1108 1107/1206/1107 1106/1205/1106
f 731/782/731 732/783/732 734/785/734 1106/1205/1106
f 1110/1211/1110 1109/1210/1109 1107/1209/1107 1108/1208/1108
f 737/1213/737 1111/1212/1111 1110/1211/1110 1108/1208/1108
f 734/785/734 735/786/735 737/788/737 1108/1207/1108
f 1113/1215/1113 1112/1214/1112 1110/1211/1110 1111/1212/1111
f 740/793/740 743/798/743 1113/1215/1113 1111/1212/1111
f 737/1213/737 738/792/738 740/793/740 1111/1212/1111
f 1115/1217/1115 1114/1216/1114 1112/1214/1112 1113/1215/1113
f 743/798/743 745/801/745 1115/1217/1115 1113/1215/1113
f 1117/1219/1117 1116/1218/1116 1114/1216/1114 1115/1217/1115
f 745/801/745 747/804/747 1117/1219/1117 1115/1217/1115
f 1119/1221/1119 1118/1220/1118 1116/1218/1116 1117/1219/1117
f 747/804/747 1120/1222/1120 1119/1221/1119 1117/1219/1117
f 1122/1224/1122 1121/1223/1121 1119/1221/1119 1120/1222/1120
f 750/807/750 752/811/752 1122/1224/1122 1120/1222/1120
f 747/804/747 748/805/748 750/807/750 1120/1222/1120
f 1124/1226/1124 1123/1225/1123 1121/1223/1121 1122/1224/1122
f 752/811/752 754/814/754 1124/1226/1124 1122/1224/1122
f 1126/1228/1126 1125/1227/1125 1123/1225/1123 1124/1226/1124
f 754/814/754 1127/1229/1127 1126/1228/1126 1124/1226/1124
f 1129/1231/1129 1128/1230/1128 1126/1228/1126 1127/1229/1127
f 757/1233/757 1130/1232/1130 1129/1231/1129 1127/1229/1127
f 754/814/754 755/815/755 757/1233/757 1127/1229/1127
f 1132/1235/1132 1131/1234/1131 1129/1231/1129 1130/1232/1130
f 761/822/761 763/824/763 1132/1237/1132 1130/1236/1130
f 757/818/757 758/819/758 761/822/761 1130/1236/1130
f 1134/1239/1134 1133/1238/1133 1131/1234/1131 1132/1235/1132
f 763/824/763 1135/1241/1135 1134/1240/1134 1132/1237/1132
f 1137/1245/1137 1136/1244/1136 1134/1243/1134 1135/1242/1135
f 766/1247/766 1138/1246/1138 1137/1245/1137 1135/1242/1135
f 763/824/763 764/825/764 766/827/766 1135/1241/1135
f 1140/1249/1140 1139/1248/1139 1137/1245/1137 1138/1246/1138
f 770/834/770 772/836/772 1140/1249/1140 1138/1246/1138
f 766/1247/766 767/833/767 770/834/770 1138/1246/1138
f 175/148/135 1141/1250/1141 1139/1248/1139 1140/1249/1140
f 772/836/772 174/147/134 175/148/135 1140/1249/1140
f 164/136/123 1143/1252/1143 1142/1251/1142 1141/1250/1141
f 175/148/135 163/135/122 164/136/123 1141/1250/1141
f 1142/1251/1142 1144/1253/1144 1139/1248/1139 1141/1250/1141
f 1142/1251/1142 1146/1255/1146 1145/1254/1145 1144/1253/1144
f 1136/1244/1136 1137/1245/1137 1139/1248/1139 1144/1253/1144
f 1145/1254/1145 1147/1256/1147 1136/1244/1136 1144/1253/1144
f 1145/1254/1145 1149/1258/1149 1148/1257/1148 1147/1256/1147
f 1133/1259/1133 1134/1243/1134 1136/1244/1136 1147/1256/1147
f 1148/1257/1148 1150/1260/1150 1133/1259/1133 1147/1256/1147
f 1148/1257/1148 1152/1262/1152 1151/1261/1151 1150/1260/1150
f 1153/1264/1153 1131/1234/1131 1133/1238/1133 1150/1263/1150
f 1151/1266/1151 1154/1265/1154 1153/1264/1153 1150/1263/1150
f 1151/1266/1151 1156/1268/1156 1155/1267/1155 1154/1265/1154
f 1157/1269/1157 1128/1230/1128 1153/1264/1153 1154/1265/1154
f 1155/1267/1155 1158/1270/1158 1157/1269/1157 1154/1265/1154
f 1155/1267/1155 1160/1272/1160 1159/1271/1159 1158/1270/1158
f 1161/1273/1161 1125/1227/1125 1157/1269/1157 1158/1270/1158
f 1159/1271/1159 1162/1274/1162 1161/1273/1161 1158/1270/1158
f 1159/1271/1159 1164/1276/1164 1163/1275/1163 1162/1274/1162
f 1166/1278/1166 1165/1277/1165 1161/1273/1161 1162/1274/1162
f 1163/1275/1163 1167/1279/1167 1166/1278/1166 1162/1274/1162
f 1163/1275/1163 1169/1281/1169 1168/1280/1168 1167/1279/1167
f 1171/1283/1171 1170/1282/1170 1166/1278/1166 1167/1279/1167
f 1168/1280/1168 1172/1284/1172 1171/1283/1171 1167/1279/1167
f 1168/1280/1168 1174/1286/1174 1173/1285/1173 1172/1284/1172
f 1176/1288/1176 1175/1287/1175 1171/1283/1171 1172/1284/1172
f 1173/1285/1173 1177/1289/1177 1176/1288/1176 1172/1284/1172
f 1173/1293/1173 1179/1292/1179 1178/1291/1178 1177/1290/1177
f 1181/1295/1181 1180/1294/1180 1176/1288/1176 1177/1289/1177
f 1178/1291/1178 1182/1297/1182 1181/1296/1181 1177/1290/1177
f 1178/1291/1178 1184/1299/1184 1183/1298/1183 1182/1297/1182
f 1186/1301/1186 1185/1300/1185 1181/1296/1181 1182/1297/1182
f 1183/1298/1183 1187/1302/1187 1186/1301/1186 1182/1297/1182
f 1183/1298/1183 1189/1304/1189 1188/1303/1188 1187/1302/1187
f 1092/1186/1092 1093/1187/1093 1186/1301/1186 1187/1302/1187
f 1188/1303/1188 1085/1179/1085 1092/1186/1092 1187/1302/1187
f 1192/1307/1192 1191/1306/1191 1190/1305/1190 1189/1304/1189
f 1183/1298/1183 1184/1299/1184 1192/1307/1192 1189/1304/1189
f 1190/1305/1190 1082/1176/1082 1188/1303/1188 1189/1304/1189
f 1194/1309/1194 1193/1308/1193 1191/1306/1191 1192/1307/1192
f 1184/1299/1184 1195/1310/1195 1194/1309/1194 1192/1307/1192
f 1197/1312/1197 1196/1311/1196 1194/1309/1194 1195/1310/1195
f 1179/1292/1179 1198/1313/1198 1197/1312/1197 1195/1310/1195
f 1184/1299/1184 1178/1291/1178 1179/1292/1179 1195/1310/1195
f 1200/1315/1200 1199/1314/1199 1197/1312/1197 1198/1313/1198
f 1174/1317/1174 1201/1316/1201 1200/1315/1200 1198/1313/1198
f 1179/1292/1179 1173/1293/1173 1174/1317/1174 1198/1313/1198
f 1203/1319/1203 1202/1318/1202 1200/1315/1200 1201/1316/1201
f 1169/1281/1169 1204/1322/1204 1203/1321/1203 1201/1320/1201
f 1174/1286/1174 1168/1280/1168 1169/1281/1169 1201/1320/1201
f 1205/1324/1205 255/1323/229 1203/1321/1203 1204/1322/1204
f 1164/1276/1164 1206/1325/1206 1205/1324/1205 1204/1322/1204
f 1169/1281/1169 1163/1275/1163 1164/1276/1164 1204/1322/1204
f 1208/1327/1208 1207/1326/1207 1205/1324/1205 1206/1325/1206
f 1160/1272/1160 1209/1328/1209 1208/1327/1208 1206/1325/1206
f 1164/1276/1164 1159/1271/1159 1160/1272/1160 1206/1325/1206
f 1211/1332/1211 1210/1331/1210 1208/1330/1208 1209/1329/1209
f 1156/1334/1156 1212/1333/1212 1211/1332/1211 1209/1329/1209
f 1160/1272/1160 1155/1267/1155 1156/1268/1156 1209/1328/1209
f 1214/1336/1214 1213/1335/1213 1211/1332/1211 1212/1333/1212
f 1152/1262/1152 1215/1337/1215 1214/1336/1214 1212/1333/1212
f 1156/1334/1156 1151/1261/1151 1152/1262/1152 1212/1333/1212
f 1217/1339/1217 1216/1338/1216 1214/1336/1214 1215/1337/1215
f 1149/1258/1149 1218/1340/1218 1217/1339/1217 1215/1337/1215
f 1152/1262/1152 1148/1257/1148 1149/1258/1149 1215/1337/1215
f 1220/1342/1220 1219/1341/1219 1217/1339/1217 1218/1340/1218
f 1146/1255/1146 1221/1343/1221 1220/1342/1220 1218/1340/1218
f 1149/1258/1149 1145/1254/1145 1146/1255/1146 1218/1340/1218
f 1223/1345/1223 1222/1344/1222 1220/1342/1220 1221/1343/1221
f 1143/1252/1143 1224/1346/1224 1223/1345/1223 1221/1343/1221
f 1146/1255/1146 1142/1251/1142 1143/1252/1143 1221/1343/1221
f 1226/1348/1226 1225/1347/1225 1223/1345/1223 1224/1346/1224
f 165/137/124 166/138/125 1226/1348/1226 1224/1346/1224
f 1143/1252/1143 164/136/123 165/137/124 1224/1346/1224
f 1228/1350/1228 1227/1349/1227 1225/1347/1225 1226/1348/1226
f 166/138/125 1229/1351/1229 1228/1350/1228 1226/1348/1226
f 166/138/125 161/132/119 1230/1352/1230 1229/1351/1229
f 1232/1354/1232 1231/1353/1231 1228/1350/1228 1229/1351/1229
f 1230/1352/1230 1233/1355/1233 1232/1354/1232 1229/1351/1229
f 1230/1352/1230 1235/1357/1235 1234/1356/1234 1233/1355/1233
f 1237/1359/1237 1236/1358/1236 1232/1354/1232 1233/1355/1233
f 1234/1356/1234 1238/1360/1238 1237/1359/1237 1233/1355/1233
f 1234/1356/1234 1240/1362/1240 1239/1361/1239 1238/1360/1238
f 1242/1364/1242 1241/1363/1241 1237/1359/1237 1238/1360/1238
f 1239/1361/1239 1243/1365/1243 1242/1364/1242 1238/1360/1238
f 1245/1367/1245 1244/1366/1244 1242/1364/1242 1243/1365/1243
f 1247/1371/1247 1246/1370/1246 1245/1369/1245 1243/1368/1243
f 1239/1373/1239 1248/1372/1248 1247/1371/1247 1243/1368/1243
f 1250/1375/1250 1249/1374/1249 1247/1371/1247 1248/1372/1248
f 1252/1379/1252 1251/1378/1251 1250/1377/1250 1248/1376/1248
f 1239/1361/1239 1240/1362/1240 1252/1379/1252 1248/1376/1248
f 1254/1381/1254 1253/1380/1253 1251/1378/1251 1252/1379/1252
f 1240/1362/1240 1255/1382/1255 1254/1381/1254 1252/1379/1252
f 1240/1362/1240 1234/1356/1234 1235/1357/1235 1255/1382/1255
f 1257/1384/1257 1256/1383/1256 1254/1381/1254 1255/1382/1255
f 1235/1357/1235 162/133/120 1257/1384/1257 1255/1382/1255
f 1259/1386/1259 1258/1385/1258 1256/1383/1256 1257/1384/1257
f 162/133/120 158/129/116 1259/1386/1259 1257/1384/1257
f 1261/1388/1261 1260/1387/1260 1258/1385/1258 1259/1386/1259
f 158/129/116 159/130/117 1261/1388/1261 1259/1386/1259
f 1263/1390/1263 1262/1389/1262 1260/1387/1260 1261/1388/1261
f 159/130/117 1264/1391/1264 1263/1390/1263 1261/1388/1261
f 159/130/117 160/131/118 171/144/131 1264/1391/1264
f 1266/1393/1266 1265/1392/1265 1263/1390/1263 1264/1391/1264
f 171/144/131 167/140/127 1266/1393/1266 1264/1391/1264
f 1268/1395/1268 1267/1394/1267 1265/1392/1265 1266/1393/1266
f 167/140/127 168/141/128 1268/1395/1268 1266/1393/1266
f 783/847/783 785/849/785 1267/1394/1267 1268/1395/1268
f 168/141/128 781/845/781 783/847/783 1268/1395/1268
f 1270/1397/1270 1269/1396/1269 1265/1392/1265 1267/1394/1267
f 785/849/785 787/851/787 1270/1397/1270 1267/1394/1267
f 1272/1399/1272 1271/1398/1271 1269/1396/1269 1270/1397/1270
f 787/851/787 1273/1400/1273 1272/1399/1272 1270/1397/1270
f 1275/1402/1275 1274/1401/1274 1272/1399/1272 1273/1400/1273
f 790/854/790 1276/1403/1276 1275/1402/1275 1273/1400/1273
f 787/851/787 788/852/788 790/854/790 1273/1400/1273
f 1278/1405/1278 1277/1404/1277 1275/1402/1275 1276/1403/1276
f 1280/1407/1280 1279/1406/1279 1278/1405/1278 1276/1403/1276
f 790/854/790 791/855/791 1280/1407/1280 1276/1403/1276
f 1282/1409/1282 1281/1408/1281 1279/1406/1279 1280/1407/1280
f 791/855/791 792/856/792 1282/1409/1282 1280/1407/1280
f 1284/1411/1284 1283/1410/1283 1281/1408/1281 1282/1409/1282
f 792/856/792 794/858/794 1284/1411/1284 1282/1409/1282
f 1286/1413/1286 1285/1412/1285 1283/1410/1283 1284/1411/1284
f 794/858/794 796/860/796 1286/1413/1286 1284/1411/1284
f 1288/1415/1288 1287/1414/1287 1285/1412/1285 1286/1413/1286
f 796/860/796 1289/1416/1289 1288/1415/1288 1286/1413/1286
f 796/860/796 797/861/797 800/864/800 1289/1416/1289
f 1291/1418/1291 1290/1417/1290 1288/1415/1288 1289/1416/1289
f 800/864/800 1292/1419/1292 1291/1418/1291 1289/1416/1289
f 800/864/800 801/865/801 805/869/805 1292/1419/1292
f 1294/1421/1294 1293/1420/1293 1291/1418/1291 1292/1419/1292
f 805/869/805 812/876/812 1294/1421/1294 1292/1419/1292
f 815/879/815 1295/1422/1295 1293/1420/1293 1294/1421/1294
f 812/876/812 813/877/813 815/879/815 1294/1421/1294
f 1297/1424/1297 1296/1423/1296 1293/1420/1293 1295/1422/1295
f 1299/1426/1299 1298/1425/1298 1297/1424/1297 1295/1422/1295
f 815/879/815 816/880/816 1299/1426/1299 1295/1422/1295
f 1301/1428/1301 1300/1427/1300 1298/1425/1298 1299/1426/1299
f 816/880/816 817/881/817 1301/1428/1301 1299/1426/1299
f 1303/1430/1303 1302/1429/1302 1300/1427/1300 1301/1428/1301
f 817/881/817 819/883/819 1303/1430/1303 1301/1428/1301
f 1305/1432/1305 1304/1431/1304 1302/1429/1302 1303/1430/1303
f 819/883/819 821/885/821 1305/1432/1305 1303/1430/1303
f 1307/1434/1307 1306/1433/1306 1304/1431/1304 1305/1432/1305
f 821/885/821 827/892/827 1307/1434/1307 1305/1432/1305
f 1309/1436/1309 1308/1435/1308 1306/1433/1306 1307/1434/1307
f 827/892/827 828/893/828 1309/1436/1309 1307/1434/1307
f 1311/1440/1311 1310/1439/1310 1308/1438/1308 1309/1437/1309
f 828/895/828 829/896/829 1311/1440/1311 1309/1437/1309
f 1313/1442/1313 1312/1441/1312 1310/1439/1310 1311/1440/1311
f 829/896/829 831/898/831 1313/1442/1313 1311/1440/1311
f 1315/1444/1315 1314/1443/1314 1312/1441/1312 1313/1442/1313
f 831/898/831 833/900/833 1315/1444/1315 1313/1442/1313
f 1317/1446/1317 1316/1445/1316 1314/1443/1314 1315/1444/1315
f 833/900/833 1318/1447/1318 1317/1446/1317 1315/1444/1315
f 833/900/833 834/901/834 837/904/837 1318/1447/1318
f 1320/1449/1320 1319/1448/1319 1317/1446/1317 1318/1447/1318
f 837/904/837 1321/1450/1321 1320/1449/1320 1318/1447/1318
f 1323/1452/1323 1322/1451/1322 1320/1449/1320 1321/1450/1321
f 840/907/840 1324/1453/1324 1323/1452/1323 1321/1450/1321
f 837/904/837 838/905/838 840/907/840 1321/1450/1321
f 1326/1455/1326 1325/1454/1325 1323/1452/1323 1324/1453/1324
f 845/1457/845 847/1456/847 1326/1455/1326 1324/1453/1324
f 840/907/840 841/908/841 845/1457/845 1324/1453/1324
f 1328/1459/1328 1327/1458/1327 1325/1454/1325 1326/1455/1326
f 847/1456/847 1329/1460/1329 1328/1459/1328 1326/1455/1326
f 1331/1462/1331 1330/1461/1330 1328/1459/1328 1329/1460/1329
f 850/920/850 1332/1465/1332 1331/1464/1331 1329/1463/1329
f 847/917/847 848/918/848 850/920/850 1329/1463/1329
f 207/187/174 1333/1466/1333 1331/1464/1331 1332/1465/1332
f 1334/1467/1334 206/186/173 207/187/174 1332/1465/1332
f 850/920/850 851/921/851 1334/1467/1334 1332/1465/1332
f 855/925/855 211/191/178 206/186/173 1334/1467/1334
f 851/921/851 852/922/852 855/925/855 1334/1467/1334
f 1337/1471/1337 1336/1470/1336 1335/1469/1335 1333/1468/1333
f 207/187/174 203/183/170 1337/1472/1337 1333/1466/1333
f 1335/1469/1335 1330/1461/1330 1331/1462/1331 1333/1468/1333
f 1339/1474/1339 1338/1473/1338 1336/1470/1336 1337/1471/1337
f 203/183/170 204/184/171 1339/1475/1339 1337/1472/1337
f 1341/1477/1341 1340/1476/1340 1338/1473/1338 1339/1474/1339
f 204/1479/171 1342/1478/1342 1341/1477/1341 1339/1474/1339
f 1344/1481/1344 1343/1480/1343 1341/1477/1341 1342/1478/1342
f 1346/1483/1346 1345/1482/1345 1344/1481/1344 1342/1478/1342
f 204/1479/171 205/1484/172 1346/1483/1346 1342/1478/1342
f 1348/1486/1348 1347/1485/1347 1345/1482/1345 1346/1483/1346
f 205/1484/172 208/1487/175 1348/1486/1348 1346/1483/1346
f 1350/1489/1350 1349/1488/1349 1347/1485/1347 1348/1486/1348
f 208/1487/175 1351/1490/1351 1350/1489/1350 1348/1486/1348
f 1353/1492/1353 1352/1491/1352 1350/1489/1350 1351/1490/1351
f 1355/1496/1355 1354/1495/1354 1353/1494/1353 1351/1493/1351
f 208/188/175 209/189/176 1355/1496/1355 1351/1493/1351
f 1357/1498/1357 1356/1497/1356 1354/1495/1354 1355/1496/1355
f 209/189/176 212/192/179 1357/1498/1357 1355/1496/1355
f 1359/1500/1359 1358/1499/1358 1356/1497/1356 1357/1498/1357
f 212/192/179 1360/1501/1360 1359/1500/1359 1357/1498/1357
f 212/192/179 210/190/177 1361/1502/1361 1360/1501/1360
f 1363/1504/1363 1362/1503/1362 1359/1500/1359 1360/1501/1360
f 1361/1502/1361 862/932/862 1363/1504/1363 1360/1501/1360
f 869/939/869 871/941/871 1362/1503/1362 1363/1504/1363
f 862/932/862 863/933/863 869/939/869 1363/1504/1363
f 1364/1505/1364 1358/1499/1358 1359/1500/1359 1362/1503/1362
f 871/941/871 873/943/873 1364/1505/1364 1362/1503/1362
f 1366/1507/1366 1365/1506/1365 1358/1499/1358 1364/1505/1364
f 873/943/873 875/945/875 1366/1507/1366 1364/1505/1364
f 1368/1509/1368 1367/1508/1367 1365/1506/1365 1366/1507/1366
f 875/945/875 877/947/877 1368/1509/1368 1366/1507/1366
f 1370/1511/1370 1369/1510/1369 1367/1508/1367 1368/1509/1368
f 877/947/877 1371/1512/1371 1370/1511/1370 1368/1509/1368
f 1373/1514/1373 1372/1513/1372 1370/1511/1370 1371/1512/1371
f 880/950/880 1374/1515/1374 1373/1514/1373 1371/1512/1371
f 877/947/877 878/948/878 880/950/880 1371/1512/1371
f 1376/1517/1376 1375/1516/1375 1373/1514/1373 1374/1515/1374
f 1378/1519/1378 1377/1518/1377 1376/1517/1376 1374/1515/1374
f 880/950/880 881/951/881 1378/1519/1378 1374/1515/1374
f 1380/1521/1380 1379/1520/1379 1377/1518/1377 1378/1519/1378
f 881/951/881 882/952/882 1380/1521/1380 1378/1519/1378
f 892/962/892 893/963/893 1379/1520/1379 1380/1521/1380
f 882/952/882 884/954/884 892/962/892 1380/1521/1380
f 1382/1523/1382 1381/1522/1381 1377/1518/1377 1379/1520/1379
f 893/963/893 895/965/895 1382/1523/1382 1379/1520/1379
f 901/971/901 905/975/905 1381/1522/1381 1382/1523/1382
f 895/965/895 897/967/897 901/971/901 1382/1523/1382
f 1383/1524/1383 1376/1517/1376 1377/1518/1377 1381/1522/1381
f 905/975/905 906/976/906 1383/1524/1383 1381/1522/1381
f 1384/1525/1384 1375/1516/1375 1376/1517/1376 1383/1524/1383
f 906/976/906 908/978/908 1384/1525/1384 1383/1524/1383
f 1386/1527/1386 1385/1526/1385 1375/1516/1375 1384/1525/1384
f 908/981/908 910/982/910 1386/1529/1386 1384/1528/1384
f 1388/1531/1388 1387/1530/1387 1385/1526/1385 1386/1527/1386
f 910/982/910 912/984/912 1388/1532/1388 1386/1529/1386
f 1390/1534/1390 1389/1533/1389 1387/1530/1387 1388/1531/1388
f 912/984/912 1391/1536/1391 1390/1535/1390 1388/1532/1388
f 1393/1538/1393 1392/1537/1392 1390/1535/1390 1391/1536/1391
f 915/987/915 1394/1539/1394 1393/1538/1393 1391/1536/1391
f 912/984/912 913/985/913 915/987/915 1391/1536/1391
f 1396/1541/1396 1395/1540/1395 1393/1538/1393 1394/1539/1394
f 1398/1543/1398 1397/1542/1397 1396/1541/1396 1394/1539/1394
f 915/987/915 916/988/916 1398/1543/1398 1394/1539/1394
f 1400/1545/1400 1399/1544/1399 1397/1542/1397 1398/1543/1398
f 916/988/916 917/989/917 1400/1545/1400 1398/1543/1398
f 1402/1547/1402 1401/1546/1401 1399/1544/1399 1400/1545/1400
f 917/989/917 919/991/919 1402/1547/1402 1400/1545/1400
f 1404/1549/1404 1403/1548/1403 1401/1546/1401 1402/1547/1402
f 919/991/919 921/993/921 1404/1549/1404 1402/1547/1402
f 1406/1551/1406 1405/1550/1405 1403/1548/1403 1404/1549/1404
f 921/993/921 1407/1552/1407 1406/1551/1406 1404/1549/1404
f 1409/1554/1409 1408/1553/1408 1406/1551/1406 1407/1552/1407
f 924/996/924 1410/1555/1410 1409/1554/1409 1407/1552/1407
f 921/993/921 922/994/922 924/996/924 1407/1552/1407
f 118/70/67 119/71/68 1409/1554/1409 1410/1555/1410
f 1411/1556/1411 117/69/66 118/70/67 1410/1555/1410
f 924/996/924 925/997/925 1411/1556/1411 1410/1555/1410
f 1413/1558/1413 1412/1557/1412 117/69/66 1411/1556/1411
f 925/997/925 926/998/926 1413/1558/1413 1411/1556/1411
f 1415/1562/1415 1414/1561/1414 1412/1560/1412 1413/1559/1413
f 926/1564/926 928/1563/928 1415/1562/1415 1413/1559/1413
f 1417/1566/1417 1416/1565/1416 1414/1561/1414 1415/1562/1415
f 928/1563/928 930/1567/930 1417/1566/1417 1415/1562/1415
f 1418/1568/1418 87/34/32 1416/1565/1416 1417/1566/1417
f 930/1567/930 1419/1569/1419 1418/1568/1418 1417/1566/1417
f 930/1004/930 931/1005/931 934/1008/934 1419/1570/1419
f 1421/1572/1421 1420/1571/1420 1418/1568/1418 1419/1569/1419
f 934/1008/934 1422/1574/1422 1421/1573/1421 1419/1570/1419
f 934/1008/934 935/1009/935 939/1013/939 1422/1574/1422
f 1424/1576/1424 1423/1575/1423 1421/1573/1421 1422/1574/1422
f 939/1013/939 1425/1577/1425 1424/1576/1424 1422/1574/1422
f 939/1013/939 940/1014/940 944/1018/944 1425/1577/1425
f 1427/1579/1427 1426/1578/1426 1424/1576/1424 1425/1577/1425
f 944/1018/944 1428/1580/1428 1427/1579/1427 1425/1577/1425
f 944/1018/944 945/1019/945 948/1023/948 1428/1580/1428
f 1429/1582/1429 253/1581/227 1427/1579/1427 1428/1580/1428
f 948/1023/948 1430/1583/1430 1429/1582/1429 1428/1580/1428
f 948/1023/948 949/1024/949 953/1030/953 1430/1583/1430
f 1432/1587/1432 1431/1586/1431 1429/1585/1429 1430/1584/1430
f 953/1588/953 263/253/238 1432/1587/1432 1430/1584/1430
f 1434/1590/1434 1433/1589/1433 1431/1586/1431 1432/1587/1432
f 263/253/238 259/249/234 1434/1590/1434 1432/1587/1432
f 1436/1592/1436 1435/1591/1435 1433/1589/1433 1434/1590/1434
f 259/249/234 260/250/235 1436/1592/1436 1434/1590/1434
f 1438/1594/1438 1437/1593/1437 1435/1591/1435 1436/1592/1436
f 260/250/235 1439/1595/1439 1438/1594/1438 1436/1592/1436
f 260/250/235 261/251/236 1440/1596/1440 1439/1595/1439
f 1442/1598/1442 1441/1597/1441 1438/1594/1438 1439/1595/1439
f 1440/1596/1440 1443/1599/1443 1442/1598/1442 1439/1595/1439
f 1440/1596/1440 1445/1601/1445 1444/1600/1444 1443/1599/1443
f 1447/1603/1447 1446/1602/1446 1442/1598/1442 1443/1599/1443
f 1444/1600/1444 1448/1604/1448 1447/1603/1447 1443/1599/1443
f 1444/1600/1444 1450/1606/1450 1449/1605/1449 1448/1604/1448
f 1452/1608/1452 1451/1607/1451 1447/1603/1447 1448/1604/1448
f 1449/1605/1449 1453/1609/1453 1452/1608/1452 1448/1604/1448
f 1449/1605/1449 1455/1611/1455 1454/1610/1454 1453/1609/1453
f 1073/1167/1073 1075/1169/1075 1452/1608/1452 1453/1609/1453
f 1454/1610/1454 1072/1166/1072 1073/1167/1073 1453/1609/1453
f 1456/1612/1456 1051/1145/1051 1053/1147/1053 1455/1611/1455
f 1449/1605/1449 1450/1606/1450 1456/1612/1456 1455/1611/1455
f 1053/1147/1053 1055/1149/1055 1454/1610/1454 1455/1611/1455
f 1457/1613/1457 1050/1144/1050 1051/1145/1051 1456/1612/1456
f 1450/1606/1450 1458/1614/1458 1457/1613/1457 1456/1612/1456
f 1460/1616/1460 1459/1615/1459 1457/1613/1457 1458/1614/1458
f 1445/1601/1445 264/254/239 1460/1616/1460 1458/1614/1458
f 1450/1606/1450 1444/1600/1444 1445/1601/1445 1458/1614/1458
f 1462/1618/1462 1461/1617/1461 1459/1615/1459 1460/1616/1460
f 264/254/239 265/255/240 1462/1618/1462 1460/1616/1460
f 1464/1620/1464 1463/1619/1463 1461/1617/1461 1462/1618/1462
f 265/255/240 268/258/243 1464/1620/1464 1462/1618/1462
f 1466/1622/1466 1465/1621/1465 1463/1619/1463 1464/1620/1464
f 268/258/243 1467/1623/1467 1466/1622/1466 1464/1620/1464
f 1469/1625/1469 1468/1624/1468 1466/1622/1466 1467/1623/1467
f 959/1040/959 960/1041/960 1469/1625/1469 1467/1623/1467
f 268/258/243 266/256/241 959/1040/959 1467/1623/1467
f 1471/1629/1471 1470/1628/1470 1468/1627/1468 1469/1626/1469
f 960/1631/960 1472/1630/1472 1471/1629/1471 1469/1626/1469
f 1474/1633/1474 1473/1632/1473 1471/1629/1471 1472/1630/1472
f 963/1046/963 1475/1634/1475 1474/1633/1474 1472/1630/1472
f 960/1631/960 961/1045/961 963/1046/963 1472/1630/1472
f 1477/1636/1477 1476/1635/1476 1474/1633/1474 1475/1634/1475
f 1479/1638/1479 1478/1637/1478 1477/1636/1477 1475/1634/1475
f 963/1046/963 964/1047/964 1479/1638/1479 1475/1634/1475
f 1481/1640/1481 1480/1639/1480 1478/1637/1478 1479/1638/1479
f 964/1047/964 965/1048/965 1481/1640/1481 1479/1638/1479
f 1483/1642/1483 1482/1641/1482 1480/1639/1480 1481/1640/1481
f 965/1048/965 967/1050/967 1483/1642/1483 1481/1640/1481
f 1485/1644/1485 1484/1643/1484 1482/1641/1482 1483/1642/1483
f 967/1050/967 971/1054/971 1485/1644/1485 1483/1642/1483
f 1487/1646/1487 1486/1645/1486 1484/1643/1484 1485/1644/1485
f 971/1054/971 972/1055/972 1487/1646/1487 1485/1644/1485
f 1489/1648/1489 1488/1647/1488 1486/1645/1486 1487/1646/1487
f 972/1055/972 974/1057/974 1489/1648/1489 1487/1646/1487
f 1491/1650/1491 1490/1649/1490 1488/1647/1488 1489/1648/1489
f 974/1057/974 976/1059/976 1491/1650/1491 1489/1648/1489
f 1493/1652/1493 1492/1651/1492 1490/1649/1490 1491/1650/1491
f 976/1059/976 1494/1653/1494 1493/1652/1493 1491/1650/1491
f 994/1085/994 1495/1654/1495 1493/1652/1493 1494/1653/1494
f 979/1062/979 992/1083/992 994/1085/994 1494/1653/1494
f 976/1059/976 977/1060/977 979/1062/979 1494/1653/1494
f 1496/1655/1496 1492/1651/1492 1493/1652/1493 1495/1654/1495
f 997/1088/997 999/1090/999 1496/1655/1496 1495/1654/1495
f 994/1085/994 995/1086/995 997/1088/997 1495/1654/1495
f 1498/1657/1498 1497/1656/1497 1492/1651/1492 1496/1655/1496
f 999/1090/999 1003/1094/1003 1498/1657/1498 1496/1655/1496
f 318/317/300 316/315/298 1497/1656/1497 1498/1657/1498
f 1003/1094/1003 1004/1095/1004 318/317/300 1498/1657/1498
f 316/315/298 317/316/299 1499/1658/1499 1497/1656/1497
f 1499/1658/1499 1490/1649/1490 1492/1651/1492 1497/1656/1497
f 317/316/299 1501/1660/1501 1500/1659/1500 1499/1658/1499
f 1500/1659/1500 1488/1647/1488 1490/1649/1490 1499/1658/1499
f 1504/1663/1504 1503/1662/1503 1502/1661/1502 1501/1660/1501
f 317/316/299 313/312/295 1504/1663/1504 1501/1660/1501
f 1502/1661/1502 1505/1664/1505 1500/1659/1500 1501/1660/1501
f 1502/1661/1502 1507/1666/1507 1506/1665/1506 1505/1664/1505
f 1486/1645/1486 1488/1647/1488 1500/1659/1500 1505/1664/1505
f 1506/1665/1506 1484/1643/1484 1486/1645/1486 1505/1664/1505
f 1510/1669/1510 1509/1668/1509 1508/1667/1508 1507/1666/1507
f 1502/1661/1502 1503/1662/1503 1510/1669/1510 1507/1666/1507
f 1508/1667/1508 1511/1670/1511 1506/1665/1506 1507/1666/1507
f 1508/1667/1508 278/270/255 1512/1671/1512 1511/1670/1511
f 1482/1641/1482 1484/1643/1484 1506/1665/1506 1511/1670/1511
f 1512/1671/1512 1480/1639/1480 1482/1641/1482 1511/1670/1511
f 278/270/255 273/265/250 1513/1672/1513 1512/1671/1512
f 1513/1672/1513 1478/1637/1478 1480/1639/1480 1512/1671/1512
f 273/265/250 274/266/251 1514/1673/1514 1513/1672/1513
f 1514/1673/1514 1477/1636/1477 1478/1637/1478 1513/1672/1513
f 274/266/251 1516/1675/1516 1515/1674/1515 1514/1673/1514
f 1515/1674/1515 1476/1635/1476 1477/1636/1477 1514/1673/1514
f 1519/1678/1519 1518/1677/1518 1517/1676/1517 1516/1675/1516
f 274/266/251 275/267/252 1519/1678/1519 1516/1675/1516
f 1517/1676/1517 1520/1679/1520 1515/1674/1515 1516/1675/1516
f 1517/1676/1517 1024/1115/1024 1521/1680/1521 1520/1679/1520
f 1522/1681/1522 1476/1635/1476 1515/1674/1515 1520/1679/1520
f 1521/1680/1521 1523/1682/1523 1522/1681/1522 1520/1679/1520
f 1521/1680/1521 1027/1118/1027 1524/1683/1524 1523/1682/1523
f 1525/1684/1525 1473/1632/1473 1522/1681/1522 1523/1682/1523
f 1524/1683/1524 1526/1685/1526 1525/1684/1525 1523/1682/1523
f 1524/1683/1524 1030/1121/1030 1032/1123/1032 1526/1685/1526
f 1527/1686/1527 1470/1628/1470 1525/1684/1525 1526/1685/1526
f 1032/1123/1032 1528/1687/1528 1527/1686/1527 1526/1685/1526
f 1032/1123/1032 1033/1124/1033 1035/1126/1035 1528/1687/1528
f 1530/1689/1530 1529/1688/1529 1527/1686/1527 1528/1687/1528
f 1035/1126/1035 1039/1131/1039 1530/1689/1530 1528/1687/1528
f 1531/1692/1531 1465/1621/1465 1529/1691/1529 1530/1690/1530
f 1039/1133/1039 1040/1134/1040 1531/1692/1531 1530/1690/1530
f 1532/1693/1532 1463/1619/1463 1465/1621/1465 1531/1692/1531
f 1040/1134/1040 1042/1136/1042 1532/1693/1532 1531/1692/1531
f 1533/1694/1533 1461/1617/1461 1463/1619/1463 1532/1693/1532
f 1042/1136/1042 1044/1138/1044 1533/1694/1533 1532/1693/1532
f 1049/1143/1049 1459/1615/1459 1461/1617/1461 1533/1694/1533
f 1044/1138/1044 1046/1140/1046 1049/1143/1049 1533/1694/1533
f 1468/1627/1468 1470/1628/1470 1527/1686/1527 1529/1688/1529
f 1465/1621/1465 1466/1622/1466 1468/1624/1468 1529/1691/1529
f 1470/1628/1470 1471/1629/1471 1473/1632/1473 1525/1684/1525
f 1027/1118/1027 1028/1119/1028 1030/1121/1030 1524/1683/1524
f 1473/1632/1473 1474/1633/1474 1476/1635/1476 1522/1681/1522
f 1024/1115/1024 1025/1116/1025 1027/1118/1027 1521/1680/1521
f 1535/1696/1535 1534/1695/1534 1518/1677/1518 1519/1678/1519
f 275/267/252 276/268/253 1535/1696/1535 1519/1678/1519
f 1537/1698/1537 1536/1697/1536 1534/1695/1534 1535/1696/1535
f 276/268/253 1538/1699/1538 1537/1698/1537 1535/1696/1535
f 1540/1701/1540 1539/1700/1539 1537/1698/1537 1538/1699/1538
f 1509/1668/1509 1510/1669/1510 1540/1701/1540 1538/1699/1538
f 276/268/253 277/269/254 1509/1668/1509 1538/1699/1538
f 1541/1702/1541 1012/1103/1012 1539/1700/1539 1540/1701/1540
f 1510/1669/1510 1503/1662/1503 1541/1702/1541 1540/1701/1540
f 1542/1703/1542 1010/1101/1010 1012/1103/1012 1541/1702/1541
f 1503/1662/1503 1504/1663/1504 1542/1703/1542 1541/1702/1541
f 314/313/296 1008/1099/1008 1010/1101/1010 1542/1703/1542
f 1504/1663/1504 313/312/295 314/313/296 1542/1703/1542
f 1012/1103/1012 1013/1104/1013 1015/1106/1015 1539/1700/1539
f 1015/1106/1015 1536/1697/1536 1537/1698/1537 1539/1700/1539
f 1015/1106/1015 1016/1107/1016 1018/1109/1018 1536/1697/1536
f 1018/1109/1018 1020/1111/1020 1534/1695/1534 1536/1697/1536
f 1020/1111/1020 1022/1113/1022 1518/1677/1518 1534/1695/1534
f 1022/1113/1022 1024/1115/1024 1517/1676/1517 1518/1677/1518
f 277/269/254 278/270/255 1508/1667/1508 1509/1668/1509
f 1049/1143/1049 1050/1144/1050 1457/1613/1457 1459/1615/1459
f 1055/1149/1055 1057/1151/1057 1072/1166/1072 1454/1610/1454
f 1075/1169/1075 1077/1171/1077 1451/1607/1451 1452/1608/1452
f 1543/1704/1543 1446/1602/1446 1447/1603/1447 1451/1607/1451
f 1077/1171/1077 1544/1705/1544 1543/1704/1543 1451/1607/1451
f 1190/1305/1190 1191/1306/1191 1543/1704/1543 1544/1705/1544
f 1080/1174/1080 1082/1176/1082 1190/1305/1190 1544/1705/1544
f 1077/1171/1077 1078/1172/1078 1080/1174/1080 1544/1705/1544
f 1191/1306/1191 1193/1308/1193 1446/1602/1446 1543/1704/1543
f 1193/1308/1193 1441/1597/1441 1442/1598/1442 1446/1602/1446
f 1440/1596/1440 261/251/236 264/254/239 1445/1601/1445
f 1196/1311/1196 1437/1593/1437 1438/1594/1438 1441/1597/1441
f 1193/1308/1193 1194/1309/1194 1196/1311/1196 1441/1597/1441
f 1199/1314/1199 1545/1706/1545 1435/1591/1435 1437/1593/1437
f 1196/1311/1196 1197/1312/1197 1199/1314/1199 1437/1593/1437
f 258/247/232 1433/1589/1433 1435/1591/1435 1545/1706/1545
f 1202/1318/1202 256/245/230 258/247/232 1545/1706/1545
f 1199/1314/1199 1200/1315/1200 1202/1318/1202 1545/1706/1545
f 258/247/232 252/241/226 1431/1586/1431 1433/1589/1433
f 252/241/226 253/242/227 1429/1585/1429 1431/1586/1431
f 253/1581/227 251/1707/225 1426/1578/1426 1427/1579/1427
f 97/1708/43 1423/1575/1423 1424/1576/1424 1426/1578/1426
f 251/1707/225 92/1709/38 97/1708/43 1426/1578/1426
f 1546/1711/1546 1420/1571/1420 1421/1572/1421 1423/1710/1423
f 97/46/43 95/44/41 1546/1711/1546 1423/1710/1423
f 83/30/28 84/31/29 1420/1571/1420 1546/1711/1546
f 95/44/41 96/45/42 83/30/28 1546/1711/1546
f 84/31/29 87/34/32 1418/1568/1418 1420/1571/1420
f 1548/1713/1548 1547/1712/1547 1414/1561/1414 1416/1565/1416
f 87/34/32 85/35/30 1548/1713/1548 1416/1565/1416
f 1550/1717/1550 1549/1716/1549 1547/1715/1547 1548/1714/1548
f 85/32/30 86/33/31 1550/1717/1550 1548/1714/1548
f 1552/1719/1552 1551/1718/1551 1549/1716/1549 1550/1717/1550
f 86/33/31 1553/1720/1553 1552/1719/1552 1550/1717/1550
f 1555/1722/1555 1554/1721/1554 1552/1719/1552 1553/1720/1553
f 1557/1724/1557 1556/1723/1556 1555/1722/1555 1553/1720/1553
f 86/33/31 78/23/23 1557/1724/1557 1553/1720/1553
f 1559/1726/1559 1558/1725/1558 1556/1723/1556 1557/1724/1557
f 78/23/23 79/24/24 1559/1726/1559 1557/1724/1557
f 79/24/24 1561/1728/1561 1560/1727/1560 1559/1726/1559
f 1560/1727/1560 1562/1729/1562 1558/1725/1558 1559/1726/1559
f 1560/1727/1560 1564/1731/1564 1563/1730/1563 1562/1729/1562
f 1566/1733/1566 1565/1732/1565 1558/1725/1558 1562/1729/1562
f 1563/1730/1563 1567/1734/1567 1566/1733/1566 1562/1729/1562
f 1563/1730/1563 1569/1736/1569 1568/1735/1568 1567/1734/1567
f 1571/1738/1571 1570/1737/1570 1566/1733/1566 1567/1734/1567
f 1568/1735/1568 1572/1739/1572 1571/1738/1571 1567/1734/1567
f 1568/1735/1568 1574/1741/1574 1573/1740/1573 1572/1739/1572
f 1576/1743/1576 1575/1742/1575 1571/1738/1571 1572/1739/1572
f 1573/1740/1573 1577/1744/1577 1576/1743/1576 1572/1739/1572
f 1573/1740/1573 1283/1410/1283 1285/1412/1285 1577/1744/1577
f 1579/1746/1579 1578/1745/1578 1576/1743/1576 1577/1744/1577
f 1285/1412/1285 1287/1414/1287 1579/1746/1579 1577/1744/1577
f 1580/1747/1580 61/3/3 1578/1745/1578 1579/1746/1579
f 1287/1414/1287 1581/1748/1581 1580/1747/1580 1579/1746/1579
f 1287/1414/1287 1288/1415/1288 1290/1417/1290 1581/1748/1581
f 1583/1750/1583 1582/1749/1582 1580/1747/1580 1581/1748/1581
f 1290/1417/1290 1296/1423/1296 1583/1750/1583 1581/1748/1581
f 1585/1752/1585 1584/1751/1584 1582/1749/1582 1583/1750/1583
f 1296/1423/1296 1297/1424/1297 1585/1752/1585 1583/1750/1583
f 1587/1754/1587 1586/1753/1586 1584/1751/1584 1585/1752/1585
f 1297/1424/1297 1298/1425/1298 1587/1754/1587 1585/1752/1585
f 1589/1756/1589 1588/1755/1588 1586/1753/1586 1587/1754/1587
f 1298/1425/1298 1300/1427/1300 1589/1756/1589 1587/1754/1587
f 1591/1758/1591 1590/1757/1590 1588/1755/1588 1589/1756/1589
f 1300/1427/1300 1302/1429/1302 1591/1758/1591 1589/1756/1589
f 1593/1760/1593 1592/1759/1592 1590/1757/1590 1591/1758/1591
f 1302/1429/1302 1304/1431/1304 1593/1760/1593 1591/1758/1591
f 1595/1762/1595 1594/1761/1594 1592/1759/1592 1593/1760/1593
f 1304/1431/1304 1306/1433/1306 1595/1762/1595 1593/1760/1593
f 1597/1764/1597 1596/1763/1596 1594/1761/1594 1595/1762/1595
f 1306/1433/1306 1308/1435/1308 1597/1764/1597 1595/1762/1595
f 1599/1768/1599 1598/1767/1598 1596/1766/1596 1597/1765/1597
f 1308/1438/1308 1310/1439/1310 1599/1768/1599 1597/1765/1597
f 1601/1770/1601 1600/1769/1600 1598/1767/1598 1599/1768/1599
f 1310/1439/1310 1312/1441/1312 1601/1770/1601 1599/1768/1599
f 1603/1772/1603 1602/1771/1602 1600/1769/1600 1601/1770/1601
f 1312/1441/1312 1314/1443/1314 1603/1772/1603 1601/1770/1601
f 1605/1774/1605 1604/1773/1604 1602/1771/1602 1603/1772/1603
f 1314/1443/1314 1316/1445/1316 1605/1774/1605 1603/1772/1603
f 1607/1776/1607 1606/1775/1606 1604/1773/1604 1605/1774/1605
f 1316/1445/1316 1608/1777/1608 1607/1776/1607 1605/1774/1605
f 1316/1445/1316 1317/1446/1317 1319/1448/1319 1608/1777/1608
f 1610/1779/1610 1609/1778/1609 1607/1776/1607 1608/1777/1608
f 1319/1448/1319 1611/1780/1611 1610/1779/1610 1608/1777/1608
f 1613/1782/1613 1612/1781/1612 1610/1779/1610 1611/1780/1611
f 1322/1451/1322 1614/1783/1614 1613/1782/1613 1611/1780/1611
f 1319/1448/1319 1320/1449/1320 1322/1451/1322 1611/1780/1611
f 1616/1785/1616 1615/1784/1615 1613/1782/1613 1614/1783/1614
f 1325/1454/1325 1327/1458/1327 1616/1785/1616 1614/1783/1614
f 1322/1451/1322 1323/1452/1323 1325/1454/1325 1614/1783/1614
f 1618/1787/1618 1617/1786/1617 1615/1784/1615 1616/1785/1616
f 1327/1458/1327 1619/1788/1619 1618/1787/1618 1616/1785/1616
f 1621/1790/1621 1620/1789/1620 1618/1787/1618 1619/1788/1619
f 1330/1461/1330 1335/1469/1335 1621/1790/1621 1619/1788/1619
f 1327/1458/1327 1328/1459/1328 1330/1461/1330 1619/1788/1619
f 1623/1792/1623 1622/1791/1622 1620/1789/1620 1621/1790/1621
f 1335/1469/1335 1336/1470/1336 1623/1792/1623 1621/1790/1621
f 1625/1794/1625 1624/1793/1624 1622/1791/1622 1623/1792/1623
f 1336/1470/1336 1338/1473/1338 1625/1794/1625 1623/1792/1623
f 1627/1796/1627 1626/1795/1626 1624/1793/1624 1625/1794/1625
f 1338/1473/1338 1340/1476/1340 1627/1796/1627 1625/1794/1625
f 1629/1798/1629 1628/1797/1628 1626/1795/1626 1627/1796/1627
f 1340/1476/1340 1630/1799/1630 1629/1798/1629 1627/1796/1627
f 1632/1801/1632 1631/1800/1631 1629/1798/1629 1630/1799/1630
f 1343/1480/1343 1633/1802/1633 1632/1801/1632 1630/1799/1630
f 1340/1476/1340 1341/1477/1341 1343/1480/1343 1630/1799/1630
f 1635/1804/1635 1634/1803/1634 1632/1801/1632 1633/1802/1633
f 1637/1806/1637 1636/1805/1636 1635/1804/1635 1633/1802/1633
f 1343/1480/1343 1344/1481/1344 1637/1806/1637 1633/1802/1633
f 1639/1808/1639 1638/1807/1638 1636/1805/1636 1637/1806/1637
f 1344/1481/1344 1345/1482/1345 1639/1808/1639 1637/1806/1637
f 1641/1810/1641 1640/1809/1640 1638/1807/1638 1639/1808/1639
f 1345/1482/1345 1347/1485/1347 1641/1810/1641 1639/1808/1639
f 1643/1812/1643 1642/1811/1642 1640/1809/1640 1641/1810/1641
f 1347/1485/1347 1349/1488/1349 1643/1812/1643 1641/1810/1641
f 223/1814/192 224/1813/193 1642/1811/1642 1643/1812/1643
f 1349/1488/1349 222/1815/191 223/1814/192 1643/1812/1643
f 1645/1817/1645 1644/1816/1644 1640/1809/1640 1642/1811/1642
f 224/1813/193 1646/1818/1646 1645/1817/1645 1642/1811/1642
f 1648/1820/1648 1647/1819/1647 1645/1817/1645 1646/1818/1646
f 1650/1824/1650 1649/1823/1649 1648/1822/1648 1646/1821/1646
f 224/206/193 225/207/194 1650/1824/1650 1646/1821/1646
f 1652/1826/1652 1651/1825/1651 1649/1823/1649 1650/1824/1650
f 225/207/194 1653/1827/1653 1652/1826/1652 1650/1824/1650
f 225/207/194 25/202/189 221/203/190 1653/1827/1653
f 1655/1829/1655 1654/1828/1654 1652/1826/1652 1653/1827/1653
f 221/203/190 1656/1830/1656 1655/1829/1655 1653/1827/1653
f 221/203/190 222/204/191 1352/1831/1352 1656/1830/1656
f 1658/1833/1658 1657/1832/1657 1655/1829/1655 1656/1830/1656
f 1352/1831/1352 1353/1494/1353 1658/1833/1658 1656/1830/1656
f 1660/1835/1660 1659/1834/1659 1657/1832/1657 1658/1833/1658
f 1353/1494/1353 1354/1495/1354 1660/1835/1660 1658/1833/1658
f 1662/1837/1662 1661/1836/1661 1659/1834/1659 1660/1835/1660
f 1354/1495/1354 1356/1497/1356 1662/1837/1662 1660/1835/1660
f 1365/1506/1365 1367/1508/1367 1661/1836/1661 1662/1837/1662
f 1356/1497/1356 1358/1499/1358 1365/1506/1365 1662/1837/1662
f 1664/1839/1664 1663/1838/1663 1659/1834/1659 1661/1836/1661
f 1367/1508/1367 1369/1510/1369 1664/1839/1664 1661/1836/1661
f 1666/1841/1666 1665/1840/1665 1663/1838/1663 1664/1839/1664
f 1369/1510/1369 1667/1842/1667 1666/1841/1666 1664/1839/1664
f 1387/1530/1387 1389/1533/1389 1666/1841/1666 1667/1842/1667
f 1372/1513/1372 1385/1526/1385 1387/1530/1387 1667/1842/1667
f 1369/1510/1369 1370/1511/1370 1372/1513/1372 1667/1842/1667
f 1389/1846/1389 1668/1845/1668 1665/1844/1665 1666/1843/1666
f 1670/1848/1670 1669/1847/1669 1665/1844/1665 1668/1845/1668
f 1392/1537/1392 1671/1849/1671 1670/1848/1670 1668/1845/1668
f 1389/1846/1389 1390/1535/1390 1392/1537/1392 1668/1845/1668
f 1673/1851/1673 1672/1850/1672 1670/1848/1670 1671/1849/1671
f 1395/1540/1395 1674/1852/1674 1673/1851/1673 1671/1849/1671
f 1392/1537/1392 1393/1538/1393 1395/1540/1395 1671/1849/1671
f 1676/1854/1676 1675/1853/1675 1673/1851/1673 1674/1852/1674
f 1678/1856/1678 1677/1855/1677 1676/1854/1676 1674/1852/1674
f 1395/1540/1395 1396/1541/1396 1678/1856/1678 1674/1852/1674
f 1680/1858/1680 1679/1857/1679 1677/1855/1677 1678/1856/1678
f 1396/1541/1396 1397/1542/1397 1680/1858/1680 1678/1856/1678
f 1682/1860/1682 1681/1859/1681 1679/1857/1679 1680/1858/1680
f 1397/1542/1397 1399/1544/1399 1682/1860/1682 1680/1858/1680
f 1684/1862/1684 1683/1861/1683 1681/1859/1681 1682/1860/1682
f 1399/1544/1399 1401/1546/1401 1684/1862/1684 1682/1860/1682
f 1686/1864/1686 1685/1863/1685 1683/1861/1683 1684/1862/1684
f 1401/1546/1401 1403/1548/1403 1686/1864/1686 1684/1862/1684
f 1688/1866/1688 1687/1865/1687 1685/1863/1685 1686/1864/1686
f 1403/1548/1403 1405/1550/1405 1688/1866/1688 1686/1864/1686
f 1690/1868/1690 1689/1867/1689 1687/1865/1687 1688/1866/1688
f 1405/1550/1405 1691/1869/1691 1690/1868/1690 1688/1866/1688
f 1693/1871/1693 1692/1870/1692 1690/1868/1690 1691/1869/1691
f 1408/1553/1408 1694/1872/1694 1693/1871/1693 1691/1869/1691
f 1405/1550/1405 1406/1551/1406 1408/1553/1408 1691/1869/1691
f 1696/1874/1696 1695/1873/1695 1693/1871/1693 1694/1872/1694
f 119/71/68 115/67/64 1696/1874/1696 1694/1872/1694
f 1408/1553/1408 1409/1554/1409 119/71/68 1694/1872/1694
f 1698/1876/1698 1697/1875/1697 1695/1873/1695 1696/1874/1696
f 115/67/64 116/68/65 1698/1876/1698 1696/1874/1696
f 1700/1878/1700 1699/1877/1699 1697/1875/1697 1698/1876/1698
f 116/68/65 1701/1879/1701 1700/1878/1700 1698/1876/1698
f 1703/1881/1703 1702/1880/1702 1700/1878/1700 1701/1879/1701
f 1704/1882/1704 1617/1786/1617 1703/1881/1703 1701/1879/1701
f 116/68/65 113/65/62 1704/1882/1704 1701/1879/1701
f 1705/1883/1705 1615/1784/1615 1617/1786/1617 1704/1882/1704
f 113/65/62 114/66/63 1705/1883/1705 1704/1882/1704
f 1612/1781/1612 1613/1782/1613 1615/1784/1615 1705/1883/1705
f 114/66/63 1706/1884/1706 1612/1781/1612 1705/1883/1705
f 1609/1778/1609 1610/1779/1610 1612/1781/1612 1706/1884/1706
f 1708/1886/1708 1707/1885/1707 1609/1778/1609 1706/1884/1706
f 114/66/63 110/62/59 1708/1886/1708 1706/1884/1706
f 1710/1888/1710 1709/1887/1709 1707/1885/1707 1708/1886/1708
f 110/62/59 111/63/60 1710/1888/1710 1708/1886/1708
f 1712/1890/1712 1711/1889/1711 1709/1887/1709 1710/1888/1710
f 111/63/60 1713/1891/1713 1712/1890/1712 1710/1888/1710
f 111/63/60 112/64/61 1714/1892/1714 1713/1891/1713
f 1549/1716/1549 1551/1718/1551 1712/1894/1712 1713/1893/1713
f 1714/1895/1714 1547/1715/1547 1549/1716/1549 1713/1893/1713
f 112/64/61 117/69/66 1412/1557/1412 1714/1892/1714
f 1412/1560/1412 1414/1561/1414 1547/1712/1547 1714/1896/1714
f 1551/1718/1551 1715/1898/1715 1711/1897/1711 1712/1894/1712
f 1717/1900/1717 1716/1899/1716 1711/1897/1711 1715/1898/1715
f 1554/1721/1554 1718/1901/1718 1717/1900/1717 1715/1898/1715
f 1551/1718/1551 1552/1719/1552 1554/1721/1554 1715/1898/1715
f 1720/1903/1720 1719/1902/1719 1717/1900/1717 1718/1901/1718
f 1722/1905/1722 1721/1904/1721 1720/1903/1720 1718/1901/1718
f 1554/1721/1554 1555/1722/1555 1722/1905/1722 1718/1901/1718
f 1724/1907/1724 1723/1906/1723 1721/1904/1721 1722/1905/1722
f 1555/1722/1555 1556/1723/1556 1724/1907/1724 1722/1905/1722
f 1565/1732/1565 1725/1908/1725 1723/1906/1723 1724/1907/1724
f 1556/1723/1556 1558/1725/1558 1565/1732/1565 1724/1907/1724
f 1727/1910/1727 1726/1909/1726 1723/1906/1723 1725/1908/1725
f 1570/1737/1570 1728/1911/1728 1727/1910/1727 1725/1908/1725
f 1565/1732/1565 1566/1733/1566 1570/1737/1570 1725/1908/1725
f 1730/1913/1730 1729/1912/1729 1727/1910/1727 1728/1911/1728
f 1575/1742/1575 1731/1914/1731 1730/1913/1730 1728/1911/1728
f 1570/1737/1570 1571/1738/1571 1575/1742/1575 1728/1911/1728
f 1575/1742/1575 1576/1743/1576 1578/1745/1578 1731/1914/1731
f 62/4/4 65/7/7 1730/1913/1730 1731/1914/1731
f 1578/1745/1578 61/3/3 62/4/4 1731/1914/1731
f 65/7/7 1732/1915/1732 1729/1912/1729 1730/1913/1730
f 1735/1918/1735 1734/1917/1734 1733/1916/1733 1732/1915/1732
f 65/7/7 63/5/5 1735/1918/1735 1732/1915/1732
f 1733/1916/1733 1736/1919/1736 1729/1912/1729 1732/1915/1732
f 1733/1916/1733 1738/1921/1738 1737/1920/1737 1736/1919/1736
f 1726/1909/1726 1727/1910/1727 1729/1912/1729 1736/1919/1736
f 1737/1920/1737 1739/1922/1739 1726/1909/1726 1736/1919/1736
f 1737/1920/1737 1741/1924/1741 1740/1923/1740 1739/1922/1739
f 1721/1904/1721 1723/1906/1723 1726/1909/1726 1739/1922/1739
f 1740/1923/1740 1720/1903/1720 1721/1904/1721 1739/1922/1739
f 1743/1926/1743 99/49/46 1742/1925/1742 1741/1924/1741
f 1737/1920/1737 1738/1921/1738 1743/1926/1743 1741/1924/1741
f 1742/1925/1742 1744/1927/1744 1740/1923/1740 1741/1924/1741
f 1742/1925/1742 1746/1929/1746 1745/1928/1745 1744/1927/1744
f 1719/1902/1719 1720/1903/1720 1740/1923/1740 1744/1927/1744
f 1745/1928/1745 1747/1930/1747 1719/1902/1719 1744/1927/1744
f 1745/1928/1745 1749/1932/1749 1748/1931/1748 1747/1930/1747
f 1716/1899/1716 1717/1900/1717 1719/1902/1719 1747/1930/1747
f 1748/1936/1748 1750/1935/1750 1716/1934/1716 1747/1933/1747
f 1748/1936/1748 1604/1773/1604 1606/1775/1606 1750/1935/1750
f 1709/1887/1709 1711/1889/1711 1716/1934/1716 1750/1935/1750
f 1606/1775/1606 1707/1885/1707 1709/1887/1709 1750/1935/1750
f 1751/1939/1751 1600/1938/1600 1602/1937/1602 1749/1932/1749
f 1745/1928/1745 1746/1929/1746 1751/1939/1751 1749/1932/1749
f 1602/1937/1602 1604/1940/1604 1748/1931/1748 1749/1932/1749
f 103/53/50 1598/1941/1598 1600/1938/1600 1751/1939/1751
f 1746/1929/1746 100/50/47 103/53/50 1751/1939/1751
f 1742/1925/1742 99/49/46 100/50/47 1746/1929/1746
f 1752/1942/1752 98/48/45 99/49/46 1743/1926/1743
f 1738/1921/1738 1753/1943/1753 1752/1942/1752 1743/1926/1743
f 1755/1945/1755 1754/1944/1754 1752/1942/1752 1753/1943/1753
f 1734/1917/1734 1756/1946/1756 1755/1945/1755 1753/1943/1753
f 1738/1921/1738 1733/1916/1733 1734/1917/1734 1753/1943/1753
f 1757/1947/1757 1586/1753/1586 1588/1755/1588 1756/1946/1756
f 1734/1917/1734 1735/1918/1735 1757/1947/1757 1756/1946/1756
f 1588/1755/1588 1590/1757/1590 1755/1945/1755 1756/1946/1756
f 64/6/6 1584/1751/1584 1586/1753/1586 1757/1947/1757
f 1735/1918/1735 63/5/5 64/6/6 1757/1947/1757
f 1590/1757/1590 1592/1759/1592 1754/1944/1754 1755/1945/1755
f 102/52/49 98/48/45 1752/1942/1752 1754/1944/1754
f 1592/1759/1592 1594/1761/1594 102/52/49 1754/1944/1754
f 1606/1775/1606 1607/1776/1607 1609/1778/1609 1707/1885/1707
f 1620/1789/1620 1622/1791/1622 1702/1880/1702 1703/1881/1703
f 1617/1786/1617 1618/1787/1618 1620/1789/1620 1703/1881/1703
f 1758/1948/1758 1699/1877/1699 1700/1878/1700 1702/1880/1702
f 1622/1791/1622 1624/1793/1624 1758/1948/1758 1702/1880/1702
f 1760/1950/1760 1759/1949/1759 1699/1877/1699 1758/1948/1758
f 1624/1793/1624 1626/1795/1626 1760/1950/1760 1758/1948/1758
f 1762/1952/1762 1761/1951/1761 1759/1949/1759 1760/1950/1760
f 1626/1795/1626 1628/1797/1628 1762/1952/1762 1760/1950/1760
f 1764/1954/1764 1763/1953/1763 1761/1951/1761 1762/1952/1762
f 1628/1797/1628 1765/1955/1765 1764/1954/1764 1762/1952/1762
f 1767/1957/1767 1766/1956/1766 1764/1954/1764 1765/1955/1765
f 1631/1800/1631 1768/1958/1768 1767/1957/1767 1765/1955/1765
f 1628/1797/1628 1629/1798/1629 1631/1800/1631 1765/1955/1765
f 136/96/89 135/94/87 1767/1957/1767 1768/1958/1768
f 1634/1803/1634 138/98/91 136/96/89 1768/1958/1768
f 1631/1800/1631 1632/1801/1632 1634/1803/1634 1768/1958/1768
f 135/94/87 134/93/86 1766/1956/1766 1767/1957/1767
f 134/93/86 104/55/52 105/56/53 1766/1956/1766
f 105/56/53 1763/1953/1763 1764/1954/1764 1766/1956/1766
f 105/56/53 106/57/54 1769/1959/1769 1763/1953/1763
f 1769/1959/1769 1770/1960/1770 1761/1951/1761 1763/1953/1763
f 1769/1959/1769 1772/1962/1772 1771/1961/1771 1770/1960/1770
f 1773/1963/1773 1759/1949/1759 1761/1951/1761 1770/1960/1770
f 1771/1961/1771 1774/1964/1774 1773/1963/1773 1770/1960/1770
f 1771/1961/1771 1775/1965/1775 1692/1870/1692 1774/1964/1774
f 1695/1873/1695 1697/1875/1697 1773/1963/1773 1774/1964/1774
f 1692/1870/1692 1693/1871/1693 1695/1873/1695 1774/1964/1774
f 1777/1967/1777 1776/1966/1776 1689/1867/1689 1775/1965/1775
f 1771/1961/1771 1772/1962/1772 1777/1967/1777 1775/1965/1775
f 1689/1867/1689 1690/1868/1690 1692/1870/1692 1775/1965/1775
f 1779/1969/1779 1778/1968/1778 1776/1966/1776 1777/1967/1777
f 1772/1962/1772 107/58/55 1779/1969/1779 1777/1967/1777
f 1781/1971/1781 1780/1970/1780 1778/1968/1778 1779/1969/1779
f 107/58/55 108/59/56 1781/1971/1781 1779/1969/1779
f 128/87/80 1782/1972/1782 1780/1970/1780 1781/1971/1781
f 108/59/56 109/60/57 128/87/80 1781/1971/1781
f 1785/1975/1785 1784/1974/1784 1783/1973/1783 1782/1972/1782
f 128/87/80 129/88/81 1785/1975/1785 1782/1972/1782
f 1783/1973/1783 1786/1976/1786 1780/1970/1780 1782/1972/1782
f 1783/1973/1783 139/100/93 140/101/94 1786/1976/1786
f 1787/1977/1787 1778/1968/1778 1780/1970/1780 1786/1976/1786
f 140/101/94 1788/1978/1788 1787/1977/1787 1786/1976/1786
f 140/101/94 141/102/95 1789/1979/1789 1788/1978/1788
f 1791/1981/1791 1790/1980/1790 1787/1977/1787 1788/1978/1788
f 1789/1979/1789 1792/1982/1792 1791/1981/1791 1788/1978/1788
f 1789/1979/1789 1794/1984/1794 1793/1983/1793 1792/1982/1792
f 1683/1861/1683 1685/1863/1685 1791/1981/1791 1792/1982/1792
f 1793/1983/1793 1681/1859/1681 1683/1861/1683 1792/1982/1792
f 144/105/98 1796/1986/1796 1795/1985/1795 1794/1984/1794
f 1789/1979/1789 141/102/95 144/105/98 1794/1984/1794
f 1795/1985/1795 1797/1987/1797 1793/1983/1793 1794/1984/1794
f 1795/1985/1795 1799/1989/1799 1798/1988/1798 1797/1987/1797
f 1679/1857/1679 1681/1859/1681 1793/1983/1793 1797/1987/1797
f 1798/1988/1798 1677/1855/1677 1679/1857/1679 1797/1987/1797
f 1802/1992/1802 1801/1991/1801 1800/1990/1800 1799/1989/1799
f 1795/1985/1795 1796/1986/1796 1802/1992/1802 1799/1989/1799
f 1800/1990/1800 1803/1993/1803 1798/1988/1798 1799/1989/1799
f 1800/1990/1800 1805/1995/1805 1804/1994/1804 1803/1993/1803
f 1676/1854/1676 1677/1855/1677 1798/1988/1798 1803/1993/1803
f 1804/1994/1804 1675/1853/1675 1676/1854/1676 1803/1993/1803
f 1808/1998/1808 1807/1997/1807 1806/1996/1806 1805/1995/1805
f 1800/1990/1800 1801/1991/1801 1808/1998/1808 1805/1995/1805
f 1806/1996/1806 1809/1999/1809 1804/1994/1804 1805/1995/1805
f 1806/1996/1806 1648/1820/1648 1649/2000/1649 1809/1999/1809
f 1810/2001/1810 1675/1853/1675 1804/1994/1804 1809/1999/1809
f 1649/2000/1649 1651/2002/1651 1810/2001/1810 1809/1999/1809
f 1672/1850/1672 1673/1851/1673 1675/1853/1675 1810/2001/1810
f 1651/2002/1651 1811/2003/1811 1672/1850/1672 1810/2001/1810
f 1651/1825/1651 1652/1826/1652 1654/1828/1654 1811/2004/1811
f 1669/1847/1669 1670/1848/1670 1672/1850/1672 1811/2003/1811
f 1654/1828/1654 1812/2006/1812 1669/2005/1669 1811/2004/1811
f 1654/1828/1654 1655/1829/1655 1657/1832/1657 1812/2006/1812
f 1663/1838/1663 1665/1840/1665 1669/2005/1669 1812/2006/1812
f 1657/1832/1657 1659/1834/1659 1663/1838/1663 1812/2006/1812
f 1814/2008/1814 1813/2007/1813 1807/1997/1807 1808/1998/1808
f 1801/1991/1801 1815/2009/1815 1814/2008/1814 1808/1998/1808
f 1817/2011/1817 1816/2010/1816 1814/2008/1814 1815/2009/1815
f 1819/2013/1819 1818/2012/1818 1817/2011/1817 1815/2009/1815
f 1801/1991/1801 1802/1992/1802 1819/2013/1819 1815/2009/1815
f 1821/2015/1821 1820/2014/1820 1818/2012/1818 1819/2013/1819
f 1802/1992/1802 1796/1986/1796 1821/2015/1821 1819/2013/1819
f 142/103/96 143/104/97 1820/2014/1820 1821/2015/1821
f 1796/1986/1796 144/105/98 142/103/96 1821/2015/1821
f 146/108/101 147/109/102 1818/2012/1818 1820/2014/1820
f 143/104/97 1784/1974/1784 146/108/101 1820/2014/1820
f 147/109/102 148/110/103 1817/2011/1817 1818/2012/1818
f 148/110/103 1822/2016/1822 1816/2010/1816 1817/2011/1817
f 1825/2019/1825 1824/2018/1824 1823/2017/1823 1822/2016/1822
f 148/110/103 149/111/104 1825/2019/1825 1822/2016/1822
f 1823/2017/1823 1826/2020/1826 1816/2010/1816 1822/2016/1822
f 1823/2017/1823 1828/2022/1828 1827/2021/1827 1826/2020/1826
f 1813/2007/1813 1814/2008/1814 1816/2010/1816 1826/2020/1826
f 1827/2021/1827 1829/2023/1829 1813/2007/1813 1826/2020/1826
f 1827/2021/1827 1830/2024/1830 1644/1816/1644 1829/2023/1829
f 1647/1819/1647 1807/1997/1807 1813/2007/1813 1829/2023/1829
f 1644/1816/1644 1645/1817/1645 1647/1819/1647 1829/2023/1829
f 1831/2025/1831 1636/1805/1636 1638/1807/1638 1830/2024/1830
f 1827/2021/1827 1828/2022/1828 1831/2025/1831 1830/2024/1830
f 1638/1807/1638 1640/1809/1640 1644/1816/1644 1830/2024/1830
f 1832/2026/1832 1635/1804/1635 1636/1805/1636 1831/2025/1831
f 1828/2022/1828 1833/2027/1833 1832/2026/1832 1831/2025/1831
f 137/97/90 138/98/91 1832/2026/1832 1833/2027/1833
f 1824/2018/1824 132/91/84 137/97/90 1833/2027/1833
f 1828/2022/1828 1823/2017/1823 1824/2018/1824 1833/2027/1833
f 138/98/91 1634/1803/1634 1635/1804/1635 1832/2026/1832
f 131/90/83 132/91/84 1824/2018/1824 1825/2019/1825
f 149/111/104 130/89/82 131/90/83 1825/2019/1825
f 1647/1819/1647 1648/1820/1648 1806/1996/1806 1807/1997/1807
f 1685/1863/1685 1687/1865/1687 1790/1980/1790 1791/1981/1791
f 1776/1966/1776 1778/1968/1778 1787/1977/1787 1790/1980/1790
f 1687/1865/1687 1689/1867/1689 1776/1966/1776 1790/1980/1790
f 145/107/100 146/108/101 1784/1974/1784 1785/1975/1785
f 129/88/81 130/89/82 145/107/100 1785/1975/1785
f 143/104/97 139/100/93 1783/1973/1783 1784/1974/1784
f 1697/1875/1697 1699/1877/1699 1759/1949/1759 1773/1963/1773
f 1769/1959/1769 106/57/54 107/58/55 1772/1962/1772
f 103/53/50 101/51/48 1596/1763/1596 1598/1941/1598
f 101/51/48 102/52/49 1594/1761/1594 1596/1763/1596
f 64/6/6 60/2/2 1582/1749/1582 1584/1751/1584
f 60/2/2 61/3/3 1580/1747/1580 1582/1749/1582
f 1834/2028/1834 1279/1406/1279 1281/1408/1281 1574/1741/1574
f 1568/1735/1568 1569/1736/1569 1834/2028/1834 1574/1741/1574
f 1281/1408/1281 1283/1410/1283 1573/1740/1573 1574/1741/1574
f 1835/2029/1835 1278/1405/1278 1279/1406/1279 1834/2028/1834
f 1569/1736/1569 1836/2030/1836 1835/2029/1835 1834/2028/1834
f 1838/2032/1838 1837/2031/1837 1835/2029/1835 1836/2030/1836
f 1564/1731/1564 1839/2033/1839 1838/2032/1838 1836/2030/1836
f 1569/1736/1569 1563/1730/1563 1564/1731/1564 1836/2030/1836
f 1841/2035/1841 1840/2034/1840 1838/2032/1838 1839/2033/1839
f 1561/1728/1561 1842/2036/1842 1841/2035/1841 1839/2033/1839
f 1564/1731/1564 1560/1727/1560 1561/1728/1561 1839/2033/1839
f 1844/2038/1844 1843/2037/1843 1841/2035/1841 1842/2036/1842
f 80/27/25 81/28/26 1844/2040/1844 1842/2039/1842
f 1561/1728/1561 79/24/24 80/25/25 1842/2036/1842
f 1846/2042/1846 1845/2041/1845 1843/2037/1843 1844/2038/1844
f 81/28/26 1847/2044/1847 1846/2043/1846 1844/2040/1844
f 1849/2046/1849 1848/2045/1848 1846/2043/1846 1847/2044/1847
f 1851/2048/1851 1850/2047/1850 1849/2046/1849 1847/2044/1847
f 81/28/26 82/29/27 1851/2048/1851 1847/2044/1847
f 96/45/42 93/42/39 1850/2047/1850 1851/2048/1851
f 82/29/27 83/30/28 96/45/42 1851/2048/1851
f 1853/2050/1853 1852/2049/1852 1849/2046/1849 1850/2047/1850
f 93/42/39 94/43/40 1853/2050/1853 1850/2047/1850
f 1855/2052/1855 1854/2051/1854 1852/2049/1852 1853/2050/1853
f 94/43/40 1856/2053/1856 1855/2052/1855 1853/2050/1853
f 1858/2055/1858 1857/2054/1857 1855/2052/1855 1856/2053/1856
f 1860/2057/1860 1859/2056/1859 1858/2055/1858 1856/2053/1856
f 94/43/40 88/37/34 1860/2057/1860 1856/2053/1856
f 1862/2059/1862 1861/2058/1861 1859/2056/1859 1860/2057/1860
f 88/37/34 89/38/35 1862/2059/1862 1860/2057/1860
f 1864/2061/1864 1863/2060/1863 1861/2058/1861 1862/2059/1862
f 89/38/35 1865/2062/1865 1864/2061/1864 1862/2059/1862
f 1867/2064/1867 1866/2063/1866 1864/2061/1864 1865/2062/1865
f 1869/2066/1869 1868/2065/1868 1867/2064/1867 1865/2062/1865
f 89/38/35 90/39/36 1869/2066/1869 1865/2062/1865
f 257/2068/231 1870/2067/1870 1868/2065/1868 1869/2066/1869
f 90/39/36 91/40/37 257/2068/231 1869/2066/1869
f 1210/1331/1210 1871/2069/1871 1868/2065/1868 1870/2067/1870
f 1207/2070/1207 1208/1330/1208 1210/1331/1210 1870/2067/1870
f 257/2068/231 254/2071/228 1207/2070/1207 1870/2067/1870
f 1872/2072/1872 1867/2064/1867 1868/2065/1868 1871/2069/1871
f 1213/1335/1213 1873/2073/1873 1872/2072/1872 1871/2069/1871
f 1210/1331/1210 1211/1332/1211 1213/1335/1213 1871/2069/1871
f 1875/2075/1875 1874/2074/1874 1872/2072/1872 1873/2073/1873
f 1216/1338/1216 1876/2076/1876 1875/2075/1875 1873/2073/1873
f 1213/1335/1213 1214/1336/1214 1216/1338/1216 1873/2073/1873
f 1878/2078/1878 1877/2077/1877 1875/2075/1875 1876/2076/1876
f 1219/1341/1219 1879/2079/1879 1878/2078/1878 1876/2076/1876
f 1216/1338/1216 1217/1339/1217 1219/1341/1219 1876/2076/1876
f 1881/2081/1881 1880/2080/1880 1878/2078/1878 1879/2079/1879
f 1222/1344/1222 1882/2082/1882 1881/2081/1881 1879/2079/1879
f 1219/1341/1219 1220/1342/1220 1222/1344/1222 1879/2079/1879
f 1884/2084/1884 1883/2083/1883 1881/2081/1881 1882/2082/1882
f 1225/1347/1225 1227/1349/1227 1884/2084/1884 1882/2082/1882
f 1222/1344/1222 1223/1345/1223 1225/1347/1225 1882/2082/1882
f 1886/2086/1886 1885/2085/1885 1883/2083/1883 1884/2084/1884
f 1227/1349/1227 1887/2087/1887 1886/2086/1886 1884/2084/1884
f 1227/1349/1227 1228/1350/1228 1231/1353/1231 1887/2087/1887
f 1889/2089/1889 1888/2088/1888 1886/2086/1886 1887/2087/1887
f 1231/1353/1231 1890/2090/1890 1889/2089/1889 1887/2087/1887
f 1231/1353/1231 1232/1354/1232 1236/1358/1236 1890/2090/1890
f 1892/2092/1892 1891/2091/1891 1889/2089/1889 1890/2090/1890
f 1236/1358/1236 1893/2093/1893 1892/2092/1892 1890/2090/1890
f 1236/1358/1236 1237/1359/1237 1241/1363/1241 1893/2093/1893
f 1895/2095/1895 1894/2094/1894 1892/2092/1892 1893/2093/1893
f 1241/1363/1241 1896/2096/1896 1895/2095/1895 1893/2093/1893
f 1241/1363/1241 1242/1364/1242 1244/1366/1244 1896/2096/1896
f 1898/2098/1898 1897/2097/1897 1895/2095/1895 1896/2096/1896
f 1244/1366/1244 157/127/114 1898/2098/1898 1896/2096/1896
f 151/114/107 1899/2099/1899 1897/2097/1897 1898/2098/1898
f 157/127/114 150/113/106 151/114/107 1898/2098/1898
f 1901/2101/1901 1900/2100/1900 1897/2097/1897 1899/2099/1899
f 1903/2103/1903 1902/2102/1902 1901/2101/1901 1899/2099/1899
f 151/114/107 152/115/108 1903/2103/1903 1899/2099/1899
f 1905/2105/1905 1904/2104/1904 1902/2102/1902 1903/2103/1903
f 152/115/108 153/116/109 1905/2105/1905 1903/2103/1903
f 1907/2107/1907 1906/2106/1906 1904/2104/1904 1905/2105/1905
f 153/116/109 1908/2108/1908 1907/2107/1907 1905/2105/1905
f 153/116/109 154/117/110 155/123/112 1908/2108/1908
f 1910/2110/1910 1909/2109/1909 1907/2107/1907 1908/2108/1908
f 155/123/112 1246/1370/1246 1910/2110/1910 1908/2108/1908
f 1249/1374/1249 1911/2111/1911 1909/2109/1909 1910/2110/1910
f 1246/1370/1246 1247/1371/1247 1249/1374/1249 1910/2110/1910
f 1913/2113/1913 1912/2112/1912 1909/2109/1909 1911/2111/1911
f 1915/2115/1915 1914/2114/1914 1913/2113/1913 1911/2111/1911
f 1249/1374/1249 1250/1375/1250 1915/2115/1915 1911/2111/1911
f 1917/2119/1917 1916/2118/1916 1914/2117/1914 1915/2116/1915
f 1250/1377/1250 1251/1378/1251 1917/2119/1917 1915/2116/1915
f 1919/2121/1919 1918/2120/1918 1916/2118/1916 1917/2119/1917
f 1251/1378/1251 1253/1380/1253 1919/2121/1919 1917/2119/1917
f 1921/2123/1921 1920/2122/1920 1918/2120/1918 1919/2121/1919
f 1253/1380/1253 1922/2124/1922 1921/2123/1921 1919/2121/1919
f 1253/1380/1253 1254/1381/1254 1256/1383/1256 1922/2124/1922
f 1924/2126/1924 1923/2125/1923 1921/2123/1921 1922/2124/1922
f 1256/1383/1256 1258/1385/1258 1924/2126/1924 1922/2124/1922
f 1926/2128/1926 1925/2127/1925 1923/2125/1923 1924/2126/1924
f 1258/1385/1258 1260/1387/1260 1926/2128/1926 1924/2126/1924
f 1928/2130/1928 1927/2129/1927 1925/2127/1925 1926/2128/1926
f 1260/1387/1260 1262/1389/1262 1928/2130/1928 1926/2128/1926
f 1271/1398/1271 1929/2131/1929 1927/2129/1927 1928/2130/1928
f 1262/1389/1262 1269/1396/1269 1271/1398/1271 1928/2130/1928
f 1931/2133/1931 1930/2132/1930 1927/2129/1927 1929/2131/1929
f 1274/1401/1274 1932/2134/1932 1931/2133/1931 1929/2131/1929
f 1271/1398/1271 1272/1399/1272 1274/1401/1274 1929/2131/1929
f 1934/2136/1934 1933/2135/1933 1931/2133/1931 1932/2134/1932
f 1277/1404/1277 1837/2031/1837 1934/2136/1934 1932/2134/1932
f 1274/1401/1274 1275/1402/1275 1277/1404/1277 1932/2134/1932
f 1840/2034/1840 1935/2137/1935 1933/2135/1933 1934/2136/1934
f 1837/2031/1837 1838/2032/1838 1840/2034/1840 1934/2136/1934
f 1937/2139/1937 1936/2138/1936 1933/2135/1933 1935/2137/1935
f 1843/2037/1843 1845/2041/1845 1937/2139/1937 1935/2137/1935
f 1840/2034/1840 1841/2035/1841 1843/2037/1843 1935/2137/1935
f 1939/2141/1939 1938/2140/1938 1936/2138/1936 1937/2139/1937
f 1845/2041/1845 1940/2142/1940 1939/2141/1939 1937/2139/1937
f 1942/2144/1942 1941/2143/1941 1939/2141/1939 1940/2142/1940
f 1848/2146/1848 1943/2145/1943 1942/2144/1942 1940/2142/1940
f 1845/2041/1845 1846/2042/1846 1848/2146/1848 1940/2142/1940
f 1945/2148/1945 1944/2147/1944 1942/2144/1942 1943/2145/1943
f 1852/2049/1852 1854/2051/1854 1945/2150/1945 1943/2149/1943
f 1848/2045/1848 1849/2046/1849 1852/2049/1852 1943/2149/1943
f 1854/2051/1854 1947/2152/1947 1946/2151/1946 1945/2150/1945
f 1949/2154/1949 1948/2153/1948 1946/2151/1946 1947/2152/1947
f 1857/2054/1857 1950/2155/1950 1949/2154/1949 1947/2152/1947
f 1854/2051/1854 1855/2052/1855 1857/2054/1857 1947/2152/1947
f 1952/2157/1952 1951/2156/1951 1949/2154/1949 1950/2155/1950
f 1954/2159/1954 1953/2158/1953 1952/2157/1952 1950/2155/1950
f 1857/2054/1857 1858/2055/1858 1954/2159/1954 1950/2155/1950
f 1956/2161/1956 1955/2160/1955 1953/2158/1953 1954/2159/1954
f 1858/2055/1858 1859/2056/1859 1956/2161/1956 1954/2159/1954
f 1958/2163/1958 1957/2162/1957 1955/2160/1955 1956/2161/1956
f 1859/2056/1859 1861/2058/1861 1958/2163/1958 1956/2161/1956
f 1960/2165/1960 1959/2164/1959 1957/2162/1957 1958/2163/1958
f 1861/2058/1861 1863/2060/1863 1960/2165/1960 1958/2163/1958
f 1962/2167/1962 1961/2166/1961 1959/2164/1959 1960/2165/1960
f 1863/2060/1863 1963/2168/1963 1962/2167/1962 1960/2165/1960
f 1965/2170/1965 1964/2169/1964 1962/2167/1962 1963/2168/1963
f 1866/2063/1866 1874/2074/1874 1965/2170/1965 1963/2168/1963
f 1863/2060/1863 1864/2061/1864 1866/2063/1866 1963/2168/1963
f 1877/2077/1877 1966/2171/1966 1964/2169/1964 1965/2170/1965
f 1874/2074/1874 1875/2075/1875 1877/2077/1877 1965/2170/1965
f 1968/2173/1968 1967/2172/1967 1964/2169/1964 1966/2171/1966
f 1880/2080/1880 1969/2174/1969 1968/2173/1968 1966/2171/1966
f 1877/2077/1877 1878/2078/1878 1880/2080/1880 1966/2171/1966
f 1971/2176/1971 1970/2175/1970 1968/2173/1968 1969/2174/1969
f 1883/2083/1883 1885/2085/1885 1971/2176/1971 1969/2174/1969
f 1880/2080/1880 1881/2081/1881 1883/2083/1883 1969/2174/1969
f 75/19/19 76/20/20 1970/2175/1970 1971/2176/1971
f 1885/2085/1885 1972/2177/1972 75/19/19 1971/2176/1971
f 1885/2085/1885 1886/2086/1886 1888/2088/1888 1972/2177/1972
f 1973/2178/1973 74/18/18 75/19/19 1972/2177/1972
f 1888/2088/1888 1974/2179/1974 1973/2178/1973 1972/2177/1972
f 1888/2088/1888 1889/2089/1889 1891/2091/1891 1974/2179/1974
f 1976/2181/1976 1975/2180/1975 1973/2178/1973 1974/2179/1974
f 1891/2091/1891 1977/2182/1977 1976/2181/1976 1974/2179/1974
f 1891/2091/1891 1892/2092/1892 1894/2094/1894 1977/2182/1977
f 1979/2184/1979 1978/2183/1978 1976/2181/1976 1977/2182/1977
f 1894/2094/1894 1900/2100/1900 1979/2184/1979 1977/2182/1977
f 1981/2186/1981 1980/2185/1980 1978/2183/1978 1979/2184/1979
f 1900/2100/1900 1901/2101/1901 1981/2186/1981 1979/2184/1979
f 1983/2188/1983 1982/2187/1982 1980/2185/1980 1981/2186/1981
f 1901/2101/1901 1902/2102/1902 1983/2188/1983 1981/2186/1981
f 1985/2190/1985 1984/2189/1984 1982/2187/1982 1983/2188/1983
f 1902/2102/1902 1904/2104/1904 1985/2190/1985 1983/2188/1983
f 1987/2192/1987 1986/2191/1986 1984/2189/1984 1985/2190/1985
f 1904/2104/1904 1906/2106/1906 1987/2192/1987 1985/2190/1985
f 1989/2194/1989 1988/2193/1988 1986/2191/1986 1987/2192/1987
f 1906/2106/1906 1912/2112/1912 1989/2194/1989 1987/2192/1987
f 1991/2196/1991 1990/2195/1990 1988/2193/1988 1989/2194/1989
f 1912/2112/1912 1913/2113/1913 1991/2196/1991 1989/2194/1989
f 1993/2198/1993 1992/2197/1992 1990/2195/1990 1991/2196/1991
f 1913/2113/1913 1914/2114/1914 1993/2198/1993 1991/2196/1991
f 1995/2202/1995 1994/2201/1994 1992/2200/1992 1993/2199/1993
f 1914/2117/1914 1916/2118/1916 1995/2202/1995 1993/2199/1993
f 1997/2204/1997 1996/2203/1996 1994/2201/1994 1995/2202/1995
f 1916/2118/1916 1918/2120/1918 1997/2204/1997 1995/2202/1995
f 1999/2206/1999 1998/2205/1998 1996/2203/1996 1997/2204/1997
f 1918/2120/1918 1920/2122/1920 1999/2206/1999 1997/2204/1997
f 2000/2207/2000 1941/2143/1941 1998/2205/1998 1999/2206/1999
f 1920/2122/1920 2001/2208/2001 2000/2207/2000 1999/2206/1999
f 1920/2122/1920 1921/2123/1921 1923/2125/1923 2001/2208/2001
f 2002/2209/2002 1938/2140/1938 2000/2207/2000 2001/2208/2001
f 1923/2125/1923 1925/2127/1925 2002/2209/2002 2001/2208/2001
f 1930/2132/1930 1936/2138/1936 1938/2140/1938 2002/2209/2002
f 1925/2127/1925 1927/2129/1927 1930/2132/1930 2002/2209/2002
f 1938/2140/1938 1939/2141/1939 1941/2143/1941 2000/2207/2000
f 1944/2147/1944 2003/2210/2003 1996/2203/1996 1998/2205/1998
f 1941/2143/1941 1942/2144/1942 1944/2147/1944 1998/2205/1998
f 2004/2211/2004 1994/2201/1994 1996/2203/1996 2003/2210/2003
f 1946/2213/1946 1948/2212/1948 2004/2211/2004 2003/2210/2003
f 1944/2147/1944 1945/2148/1945 1946/2213/1946 2003/2210/2003
f 2005/2214/2005 1992/2200/1992 1994/2201/1994 2004/2211/2004
f 1948/2212/1948 2006/2215/2006 2005/2214/2005 2004/2211/2004
f 2008/2219/2008 2007/2218/2007 2005/2217/2005 2006/2216/2006
f 1951/2156/1951 71/14/14 2008/2219/2008 2006/2216/2006
f 1948/2153/1948 1949/2154/1949 1951/2156/1951 2006/2216/2006
f 2010/2221/2010 2009/2220/2009 2007/2218/2007 2008/2219/2008
f 71/14/14 69/12/12 2010/2221/2010 2008/2219/2008
f 2012/2223/2012 2011/2222/2011 2009/2220/2009 2010/2221/2010
f 69/12/12 70/13/13 2012/2223/2012 2010/2221/2010
f 2014/2225/2014 2013/2224/2013 2011/2222/2011 2012/2223/2012
f 70/13/13 2015/2226/2015 2014/2225/2014 2012/2223/2012
f 2017/2228/2017 2016/2227/2016 2014/2225/2014 2015/2226/2015
f 2019/2230/2019 2018/2229/2018 2017/2228/2017 2015/2226/2015
f 70/13/13 66/9/9 2019/2230/2019 2015/2226/2015
f 2021/2232/2021 2020/2231/2020 2018/2229/2018 2019/2230/2019
f 66/9/9 67/10/10 2021/2232/2021 2019/2230/2019
f 1955/2160/1955 1957/2162/1957 2020/2231/2020 2021/2232/2021
f 67/10/10 1953/2158/1953 1955/2160/1955 2021/2232/2021
f 2023/2234/2023 2022/2233/2022 2018/2229/2018 2020/2231/2020
f 1957/2162/1957 1959/2164/1959 2023/2234/2023 2020/2231/2020
f 2025/2236/2025 2024/2235/2024 2022/2233/2022 2023/2234/2023
f 1959/2164/1959 1961/2166/1961 2025/2236/2025 2023/2234/2023
f 2026/2237/2026 77/21/21 2024/2235/2024 2025/2236/2025
f 1961/2166/1961 1967/2172/1967 2026/2237/2026 2025/2236/2025
f 1970/2175/1970 76/20/20 77/21/21 2026/2237/2026
f 1967/2172/1967 1968/2173/1968 1970/2175/1970 2026/2237/2026
f 2028/2239/2028 2027/2238/2027 2022/2233/2022 2024/2235/2024
f 77/21/21 72/16/16 2028/2239/2028 2024/2235/2024
f 72/16/16 73/17/17 2029/2240/2029 2028/2239/2028
f 2029/2240/2029 2030/2241/2030 2027/2238/2027 2028/2239/2028
f 2029/2240/2029 2032/2243/2032 2031/2242/2031 2030/2241/2030
f 2016/2227/2016 2017/2228/2017 2027/2238/2027 2030/2241/2030
f 2031/2242/2031 2033/2244/2033 2016/2227/2016 2030/2241/2030
f 2031/2242/2031 1980/2185/1980 1982/2187/1982 2033/2244/2033
f 2013/2224/2013 2014/2225/2014 2016/2227/2016 2033/2244/2033
f 1982/2187/1982 1984/2189/1984 2013/2224/2013 2033/2244/2033
f 1975/2180/1975 1976/2181/1976 1978/2183/1978 2032/2243/2032
f 2029/2240/2029 73/17/17 1975/2180/1975 2032/2243/2032
f 1978/2183/1978 1980/2185/1980 2031/2242/2031 2032/2243/2032
f 2017/2228/2017 2018/2229/2018 2022/2233/2022 2027/2238/2027
f 1984/2189/1984 1986/2191/1986 2011/2222/2011 2013/2224/2013
f 1986/2191/1986 1988/2193/1988 2009/2220/2009 2011/2222/2011
f 1988/2193/1988 1990/2195/1990 2007/2218/2007 2009/2220/2009
f 1990/2195/1990 1992/2197/1992 2005/2217/2005 2007/2218/2007
f 73/17/17 74/18/18 1973/2178/1973 1975/2180/1975
f 1961/2166/1961 1962/2167/1962 1964/2169/1964 1967/2172/1967
f 67/10/10 68/11/11 1952/2157/1952 1953/2158/1953
f 68/11/11 71/14/14 1951/2156/1951 1952/2157/1952
f 1930/2132/1930 1931/2133/1931 1933/2135/1933 1936/2138/1936
f 1906/2106/1906 1907/2107/1907 1909/2109/1909 1912/2112/1912
f 1894/2094/1894 1895/2095/1895 1897/2097/1897 1900/2100/1900
f 1866/2063/1866 1867/2064/1867 1872/2072/1872 1874/2074/1874
f 1277/1404/1277 1278/1405/1278 1835/2029/1835 1837/2031/1837
f 1372/1513/1372 1373/1514/1373 1375/1516/1375 1385/1526/1385
f 210/190/177 211/191/178 859/929/859 1361/1502/1361
f 859/929/859 860/930/860 862/932/862 1361/1502/1361
f 222/1815/191 1349/1488/1349 1350/1489/1350 1352/1491/1352
f 1290/1417/1290 1291/1418/1291 1293/1420/1293 1296/1423/1296
f 1262/1389/1262 1263/1390/1263 1265/1392/1265 1269/1396/1269
f 155/123/112 156/124/113 1245/1369/1245 1246/1370/1246
f 156/126/113 157/127/114 1244/1366/1244 1245/1367/1245
f 1230/1352/1230 161/132/119 162/133/120 1235/1357/1235
f 254/2245/228 255/1323/229 1205/1324/1205 1207/1326/1207
f 255/244/229 256/245/230 1202/1318/1202 1203/1319/1203
f 1082/1176/1082 1083/1177/1083 1085/1179/1085 1188/1303/1188
f 1093/1187/1093 1095/1189/1095 1185/1300/1185 1186/1301/1186
f 2034/2247/2034 1180/1294/1180 1181/1295/1181 1185/2246/1185
f 1095/1192/1095 1097/1193/1097 2034/2247/2034 1185/2246/1185
f 2036/2249/2036 2035/2248/2035 1180/1294/1180 2034/2247/2034
f 1097/1193/1097 2037/2250/2037 2036/2249/2036 2034/2247/2034
f 2039/2252/2039 2038/2251/2038 2036/2249/2036 2037/2250/2037
f 1100/1197/1100 1109/1210/1109 2039/2252/2039 2037/2250/2037
f 1097/1193/1097 1098/1194/1098 1100/1197/1100 2037/2250/2037
f 1112/1214/1112 1114/1216/1114 2038/2251/2038 2039/2252/2039
f 1109/1210/1109 1110/1211/1110 1112/1214/1112 2039/2252/2039
f 2040/2253/2040 2035/2248/2035 2036/2249/2036 2038/2251/2038
f 1114/1216/1114 1116/1218/1116 2040/2253/2040 2038/2251/2038
f 2041/2254/2041 1175/1287/1175 2035/2248/2035 2040/2253/2040
f 1116/1218/1116 1118/1220/1118 2041/2254/2041 2040/2253/2040
f 1170/1282/1170 1171/1283/1171 1175/1287/1175 2041/2254/2041
f 1118/1220/1118 2042/2255/2042 1170/1282/1170 2041/2254/2041
f 1165/1277/1165 1166/1278/1166 1170/1282/1170 2042/2255/2042
f 1121/1223/1121 1123/1225/1123 1165/1277/1165 2042/2255/2042
f 1118/1220/1118 1119/1221/1119 1121/1223/1121 2042/2255/2042
f 1175/1287/1175 1176/1288/1176 1180/1294/1180 2035/2248/2035
f 1123/1225/1123 1125/1227/1125 1161/1273/1161 1165/1277/1165
f 1125/1227/1125 1126/1228/1126 1128/1230/1128 1157/1269/1157
f 1128/1230/1128 1129/1231/1129 1131/1234/1131 1153/1264/1153
f 1100/1197/1100 1101/1198/1101 1107/1209/1107 1109/1210/1109
f 1057/1151/1057 1058/1152/1058 1060/1154/1060 1070/1164/1070
f 1060/1154/1060 1061/1155/1061 1063/1157/1063 1066/1160/1066
f 314/313/296 315/314/297 1006/1097/1006 1008/1099/1008
f 315/314/297 318/317/300 1004/1095/1004 1006/1097/1006
f 262/252/237 263/253/238 953/1588/953 954/1037/954
f 947/1029/947 286/281/264 287/282/265 952/1028/952
f 285/1081/263 286/1022/264 942/1016/942 943/1017/943
f 933/1007/933 122/75/72 279/272/256 938/1012/938
f 211/191/178 855/925/855 856/926/856 859/929/859
f 821/885/821 822/886/822 824/888/824 827/892/827
f 805/869/805 806/870/806 808/872/808 812/876/812
f 799/863/799 190/167/154 191/168/155 804/868/804
f 410/424/404 187/163/150 803/867/803 804/868/804
f 168/141/128 169/142/129 778/842/778 781/845/781
f 169/142/129 172/145/132 776/840/776 778/842/778
f 233/217/204 234/218/205 727/778/727 728/779/728
f 346/349/332 347/350/333 322/322/305 703/754/703
f 682/733/682 683/734/683 685/736/685 693/744/693
f 336/2256/321 337/831/322 689/740/689 690/741/690
f 348/352/335 340/353/325 336/2256/321 690/741/690
f 372/383/363 46/375/355 368/379/359 671/718/671
f 359/369/349 360/370/350 372/383/363 667/714/667
f 381/394/374 382/395/375 364/374/354 658/705/658
f 378/390/370 367/378/358 370/381/361 648/695/648
f 643/690/643 377/389/369 378/390/370 648/695/648
f 370/381/361 2043/2257/2043 647/694/647 648/695/648
f 383/396/376 384/397/377 647/694/647 2043/2257/2043
f 2044/2258/2044 382/395/375 383/396/376 2043/2257/2043
f 370/381/361 371/382/362 2044/2258/2044 2043/2257/2043
f 361/371/351 364/374/354 382/395/375 2044/2258/2044
f 371/382/362 360/370/350 361/371/351 2044/2258/2044
f 282/276/259 283/277/260 596/637/596 597/638/597
f 473/497/472 474/498/473 476/500/475 590/631/590
f 304/2260/284 2045/2259/2045 576/616/576 577/617/577
f 2047/2262/2047 2046/2261/2046 576/616/576 2045/2259/2045
f 2049/2266/2049 2048/2265/2048 2047/2264/2047 2045/2263/2045
f 304/301/284 305/302/285 2049/2266/2049 2045/2263/2045
f 487/511/486 488/512/487 2048/2265/2048 2049/2266/2049
f 305/302/285 306/303/286 487/511/486 2049/2266/2049
f 2051/2268/2051 2050/2267/2050 2047/2264/2047 2048/2265/2048
f 488/512/487 489/513/488 2051/2268/2051 2048/2265/2048
f 494/518/493 2052/2269/2052 2050/2267/2050 2051/2268/2051
f 489/513/488 491/515/490 494/518/493 2051/2268/2051
f 2054/2273/2054 2053/2272/2053 2050/2271/2050 2052/2270/2052
f 497/524/496 499/525/498 2054/2273/2054 2052/2270/2052
f 494/518/493 495/519/494 497/521/496 2052/2269/2052
f 2056/2275/2056 2055/2274/2055 2053/2272/2053 2054/2273/2054
f 499/525/498 2057/2276/2057 2056/2275/2056 2054/2273/2054
f 2059/2278/2059 2058/2277/2058 2056/2275/2056 2057/2276/2057
f 502/529/501 2060/2279/2060 2059/2278/2059 2057/2276/2057
f 499/525/498 500/526/499 502/529/501 2057/2276/2057
f 2062/2281/2062 2061/2280/2061 2059/2278/2059 2060/2279/2060
f 2064/2283/2064 2063/2282/2063 2062/2281/2062 2060/2279/2060
f 502/529/501 503/530/502 2064/2283/2064 2060/2279/2060
f 2066/2285/2066 2065/2284/2065 2063/2282/2063 2064/2283/2064
f 503/530/502 504/531/503 2066/2285/2066 2064/2283/2064
f 510/2287/510 512/2286/512 2065/2284/2065 2066/2285/2066
f 504/531/503 506/534/505 510/2287/510 2066/2285/2066
f 2068/2289/2068 2067/2288/2067 2063/2282/2063 2065/2284/2065
f 512/2286/512 514/2290/514 2068/2289/2068 2065/2284/2065
f 2070/2292/2070 2069/2291/2069 2067/2288/2067 2068/2289/2068
f 514/2290/514 516/2293/516 2070/2292/2070 2068/2289/2068
f 2071/2295/2071 546/2294/546 2069/2291/2069 2070/2292/2070
f 516/2293/516 518/2296/518 2071/2295/2071 2070/2292/2070
f 541/576/541 542/577/542 546/581/546 2071/2297/2071
f 518/2299/518 520/2298/520 541/576/541 2071/2297/2071
f 546/2294/546 547/587/547 551/588/551 2069/2291/2069
f 551/588/551 2072/2300/2072 2067/2288/2067 2069/2291/2069
f 551/588/551 552/589/552 556/594/556 2072/2300/2072
f 2062/2281/2062 2063/2282/2063 2067/2288/2067 2072/2300/2072
f 556/594/556 2061/2280/2061 2062/2281/2062 2072/2300/2072
f 556/594/556 557/595/557 561/599/561 2061/2280/2061
f 561/599/561 2058/2277/2058 2059/2278/2059 2061/2280/2061
f 561/599/561 562/600/562 566/604/566 2058/2277/2058
f 566/604/566 2055/2274/2055 2056/2275/2056 2058/2277/2058
f 566/604/566 567/605/567 571/609/571 2055/2274/2055
f 571/609/571 2046/2261/2046 2053/2272/2053 2055/2274/2055
f 2046/2261/2046 2047/2262/2047 2050/2271/2050 2053/2272/2053
f 571/609/571 572/610/572 576/616/576 2046/2261/2046
f 520/2298/520 522/571/522 537/572/537 541/576/541
f 306/303/286 484/508/483 485/509/484 487/511/486
f 311/309/292 307/305/288 460/484/459 462/486/461
f 307/305/288 308/306/289 457/481/456 460/484/459
f 312/310/293 426/449/424 427/450/425 447/471/446
f 427/450/425 428/451/426 442/466/441 443/467/442
f 424/445/420 421/441/416 436/460/435 442/466/441
f 428/451/426 429/452/427 424/445/420 442/466/441
f 426/449/424 312/310/293 310/308/291 435/458/433
f 402/415/395 398/411/391 432/455/430 433/456/431
f 398/411/391 399/412/392 431/454/429 432/455/430
f 339/341/324 340/342/325 349/435/336 417/436/411
f 184/159/146 185/160/147 407/421/401 408/422/402
f 185/160/147 186/161/148 406/420/400 407/421/401
f 373/385/365 366/377/357 367/378/358 378/390/370
f 354/361/343 355/362/344 368/379/359 369/380/360
f 220/201/188 24/193/180 215/196/183 332/334/317
f 13/106/99 145/107/100 130/89/82 149/111/104
f 397/444/419 396/541/507 395/447/422 57/440/415

